front,group,cell,condition,variant,true_events,predicted_events,matched_events,bounded_matches,precision,recall,f1,split_count,merge_count,split_rate,merge_rate,pitch_accuracy,pitch_availability,mean_pitch_error_available,octave_error_rate,mean_onset_error_s,mean_end_error_s,max_true_end_latency_s,max_inferred_end_latency_s
repaired,ewr-08,detached,intact,0,11,11,11,11,1.0,1.0,1.0,0,0,0.0,0.0,1.0,1.0,0.002531289869243481,0.0,0.006943181818181818,0.008982954545454546,0.0831875,0.08
streaming,ewr-08,detached,intact,0,11,11,11,11,1.0,1.0,1.0,0,0,0.0,0.0,1.0,1.0,0.05474508732729784,0.0,0.006943181818181818,0.008982954545454546,0.0831875,0.08
fixed,ewr-08,detached,intact,0,11,9,8,5,0.5555555555555556,0.45454545454545453,0.5,0,0,0.0,0.0,0.7272727272727273,0.7272727272727273,0.006558375128937373,0.0,0.018125000000000002,0.014875,0.010375,0.0
oracle-boundary,ewr-08,detached,intact,0,11,11,11,11,1.0,1.0,1.0,0,0,0.0,0.0,1.0,1.0,0.020903263908178548,0.0,0.0,0.0,0.0535625,0.0535625
repaired,ewr-08,detached,intact,1,11,11,11,11,1.0,1.0,1.0,0,0,0.0,0.0,1.0,1.0,0.005499359970211109,0.0,0.006943181818181818,0.008982954545454546,0.0831875,0.088
streaming,ewr-08,detached,intact,1,11,11,11,11,1.0,1.0,1.0,0,0,0.0,0.0,1.0,1.0,0.05682746484723969,0.0,0.006943181818181818,0.008982954545454546,0.0831875,0.088
fixed,ewr-08,detached,intact,1,11,9,8,5,0.5555555555555556,0.45454545454545453,0.5,0,0,0.0,0.0,0.7272727272727273,0.7272727272727273,0.006647968853157472,0.0,0.018125000000000002,0.014875,0.010375,0.0
oracle-boundary,ewr-08,detached,intact,1,11,11,11,11,1.0,1.0,1.0,0,0,0.0,0.0,1.0,1.0,0.020903263908178548,0.0,0.0,0.0,0.0535625,0.0535625
repaired,ewr-08,legato,intact,0,11,11,11,11,1.0,1.0,1.0,0,0,0.0,0.0,1.0,1.0,0.0010758781318227766,0.0,0.009488636363636364,0.009778409090909093,0.0831875,0.072
streaming,ewr-08,legato,intact,0,11,11,11,11,1.0,1.0,1.0,0,0,0.0,0.0,0.5454545454545454,0.7272727272727273,4.84765913108505,0.0,0.009488636363636364,0.009778409090909093,0.0831875,0.072
fixed,ewr-08,legato,intact,0,11,9,8,5,0.5555555555555556,0.45454545454545453,0.5,0,0,0.0,0.0,0.7272727272727273,0.7272727272727273,0.030039586312231265,0.0,0.018125000000000002,0.014875,0.010375,0.0
oracle-boundary,ewr-08,legato,intact,0,11,11,11,11,1.0,1.0,1.0,0,0,0.0,0.0,1.0,1.0,0.00010383411897733194,0.0,0.0,0.0,0.0535625,0.0535625
repaired,ewr-08,legato,intact,1,11,11,11,11,1.0,1.0,1.0,0,0,0.0,0.0,1.0,1.0,0.0010702033683770396,0.0,0.009852272727272727,0.009926136363636364,0.0831875,0.08
streaming,ewr-08,legato,intact,1,11,11,11,11,1.0,1.0,1.0,0,0,0.0,0.0,0.45454545454545453,0.6363636363636364,5.507433214097,0.0,0.009852272727272727,0.009926136363636364,0.0831875,0.08
fixed,ewr-08,legato,intact,1,11,9,8,5,0.5555555555555556,0.45454545454545453,0.5,0,0,0.0,0.0,0.7272727272727273,0.7272727272727273,0.03159248295233734,0.0,0.018125000000000002,0.014875,0.010375,0.0
oracle-boundary,ewr-08,legato,intact,1,11,11,11,11,1.0,1.0,1.0,0,0,0.0,0.0,1.0,1.0,0.00010383411897733194,0.0,0.0,0.0,0.0535625,0.0535625
repaired,ewr-08,duration,intact,0,11,11,11,11,1.0,1.0,1.0,0,0,0.0,0.0,1.0,1.0,0.009663442863508898,0.0,0.01052840909090909,0.010795454545454546,0.0945625,0.096
streaming,ewr-08,duration,intact,0,11,11,11,11,1.0,1.0,1.0,0,0,0.0,0.0,0.45454545454545453,0.7272727272727273,4.856704718252965,0.0,0.01052840909090909,0.010795454545454546,0.0945625,0.096
fixed,ewr-08,duration,intact,0,11,10,8,1,0.1,0.09090909090909091,0.09523809523809523,1,0,0.09090909090909091,0.0,0.7272727272727273,0.7272727272727273,0.01748117294605491,0.0,0.0190234375,0.019953125000000002,0.00275,0.0
oracle-boundary,ewr-08,duration,intact,0,11,11,11,11,1.0,1.0,1.0,0,0,0.0,0.0,1.0,1.0,0.00010560022156034134,0.0,0.0,0.0,0.055125,0.055125
repaired,ewr-08,duration,intact,1,11,11,11,11,1.0,1.0,1.0,0,0,0.0,0.0,1.0,1.0,0.0004150375443043714,0.0,0.010164772727272729,0.010545454545454545,0.0945625,0.096
streaming,ewr-08,duration,intact,1,11,11,11,11,1.0,1.0,1.0,0,0,0.0,0.0,0.45454545454545453,0.7272727272727273,4.858265951887189,0.0,0.010164772727272729,0.010545454545454545,0.0945625,0.096
fixed,ewr-08,duration,intact,1,11,10,8,1,0.1,0.09090909090909091,0.09523809523809523,1,0,0.09090909090909091,0.0,0.7272727272727273,0.7272727272727273,0.02114403512998716,0.0,0.0190234375,0.019953125000000002,0.00275,0.0
oracle-boundary,ewr-08,duration,intact,1,11,11,11,11,1.0,1.0,1.0,0,0,0.0,0.0,1.0,1.0,0.00010560022156034134,0.0,0.0,0.0,0.055125,0.055125
repaired,ewr-08,joint,intact,0,11,11,11,11,1.0,1.0,1.0,0,0,0.0,0.0,1.0,1.0,0.009635934205071346,0.0,0.01052840909090909,0.010795454545454546,0.0945625,0.096
streaming,ewr-08,joint,intact,0,11,11,11,11,1.0,1.0,1.0,0,0,0.0,0.0,0.45454545454545453,0.7272727272727273,4.826934190065607,0.0,0.01052840909090909,0.010795454545454546,0.0945625,0.096
fixed,ewr-08,joint,intact,0,11,10,8,1,0.1,0.09090909090909091,0.09523809523809523,1,0,0.09090909090909091,0.0,0.7272727272727273,0.7272727272727273,0.011820165848692795,0.0,0.0190234375,0.019953125000000002,0.00275,0.0
oracle-boundary,ewr-08,joint,intact,0,11,11,11,11,1.0,1.0,1.0,0,0,0.0,0.0,1.0,1.0,0.00011118950762567214,0.0,0.0,0.0,0.055125,0.055125
repaired,ewr-08,joint,intact,1,11,11,11,11,1.0,1.0,1.0,0,0,0.0,0.0,1.0,1.0,0.00038752888586682016,0.0,0.010164772727272729,0.010545454545454545,0.0945625,0.096
streaming,ewr-08,joint,intact,1,11,11,11,11,1.0,1.0,1.0,0,0,0.0,0.0,0.45454545454545453,0.7272727272727273,4.828495423699831,0.0,0.010164772727272729,0.010545454545454545,0.0945625,0.096
fixed,ewr-08,joint,intact,1,11,10,8,1,0.1,0.09090909090909091,0.09523809523809523,1,0,0.09090909090909091,0.0,0.7272727272727273,0.7272727272727273,0.015483028032625043,0.0,0.0190234375,0.019953125000000002,0.00275,0.0
oracle-boundary,ewr-08,joint,intact,1,11,11,11,11,1.0,1.0,1.0,0,0,0.0,0.0,1.0,1.0,0.00011118950762567214,0.0,0.0,0.0,0.055125,0.055125
repaired,ewr-08,joint,reset,0,3,3,3,3,1.0,1.0,1.0,0,0,0.0,0.0,1.0,1.0,0.0003325664326506346,0.0,0.0071874999999999994,0.0072499999999999995,0.0945625,0.096
streaming,ewr-08,joint,reset,0,3,3,3,3,1.0,1.0,1.0,0,0,0.0,0.0,1.0,1.0,0.1015956916569365,0.0,0.0071874999999999994,0.0072499999999999995,0.0945625,0.096
fixed,ewr-08,joint,reset,0,3,4,3,0,0.0,0.0,0.0,1,0,0.3333333333333333,0.0,1.0,1.0,0.025239779430941283,0.0,0.015604166666666669,0.024374999999999997,-0.009875,0.0
oracle-boundary,ewr-08,joint,reset,0,3,3,3,3,1.0,1.0,1.0,0,0,0.0,0.0,1.0,1.0,0.0001132357431439986,0.0,0.0,0.0,0.054125,0.054125
repaired,ewr-08,joint,reset,1,3,3,3,3,1.0,1.0,1.0,0,0,0.0,0.0,1.0,1.0,0.0003325664326506346,0.0,0.0071874999999999994,0.0072499999999999995,0.0945625,0.096
streaming,ewr-08,joint,reset,1,3,3,3,3,1.0,1.0,1.0,0,0,0.0,0.0,1.0,1.0,0.1015956916569365,0.0,0.0071874999999999994,0.0072499999999999995,0.0945625,0.096
fixed,ewr-08,joint,reset,1,3,4,3,0,0.0,0.0,0.0,1,0,0.3333333333333333,0.0,1.0,1.0,0.025239779430941283,0.0,0.015604166666666669,0.024374999999999997,-0.009875,0.0
oracle-boundary,ewr-08,joint,reset,1,3,3,3,3,1.0,1.0,1.0,0,0,0.0,0.0,1.0,1.0,0.0001132357431439986,0.0,0.0,0.0,0.054125,0.054125
repaired,ewr-08,joint,removal,0,9,9,9,9,1.0,1.0,1.0,0,0,0.0,0.0,1.0,1.0,0.0005411300088622268,0.0,0.009298611111111112,0.009458333333333334,0.10075,0.104
streaming,ewr-08,joint,removal,0,9,9,9,9,1.0,1.0,1.0,0,0,0.0,0.0,0.5555555555555556,0.8888888888888888,4.826613403871983,0.0,0.009298611111111112,0.009458333333333334,0.10075,0.104
fixed,ewr-08,joint,removal,0,9,10,6,0,0.0,0.0,0.0,1,0,0.1111111111111111,0.0,0.6666666666666666,0.6666666666666666,0.015057028162327409,0.0,0.01601041666666667,0.02370833333333333,-0.008875,0.0
oracle-boundary,ewr-08,joint,removal,0,9,9,9,9,1.0,1.0,1.0,0,0,0.0,0.0,1.0,1.0,0.00010211194780685736,0.0,0.0,0.0,0.055125,0.055125
repaired,ewr-08,joint,removal,1,9,9,9,9,1.0,1.0,1.0,0,0,0.0,0.0,1.0,1.0,0.0005411300088622268,0.0,0.009298611111111112,0.009458333333333334,0.10075,0.104
streaming,ewr-08,joint,removal,1,9,9,9,9,1.0,1.0,1.0,0,0,0.0,0.0,0.5555555555555556,0.8888888888888888,4.826613403871983,0.0,0.009298611111111112,0.009458333333333334,0.10075,0.104
fixed,ewr-08,joint,removal,1,9,10,6,0,0.0,0.0,0.0,1,0,0.1111111111111111,0.0,0.6666666666666666,0.6666666666666666,0.015057028162327409,0.0,0.01601041666666667,0.02370833333333333,-0.008875,0.0
oracle-boundary,ewr-08,joint,removal,1,9,9,9,9,1.0,1.0,1.0,0,0,0.0,0.0,1.0,1.0,0.00010211194780685736,0.0,0.0,0.0,0.055125,0.055125
repaired,ewr-08,joint,swap,0,11,11,11,11,1.0,1.0,1.0,0,0,0.0,0.0,1.0,1.0,0.00038752888586682016,0.0,0.010164772727272729,0.010545454545454545,0.0945625,0.096
streaming,ewr-08,joint,swap,0,11,11,11,11,1.0,1.0,1.0,0,0,0.0,0.0,0.45454545454545453,0.7272727272727273,4.828495423699831,0.0,0.010164772727272729,0.010545454545454545,0.0945625,0.096
fixed,ewr-08,joint,swap,0,11,10,8,1,0.1,0.09090909090909091,0.09523809523809523,1,0,0.09090909090909091,0.0,0.7272727272727273,0.7272727272727273,0.015483028032625043,0.0,0.0190234375,0.019953125000000002,0.00275,0.0
oracle-boundary,ewr-08,joint,swap,0,11,11,11,11,1.0,1.0,1.0,0,0,0.0,0.0,1.0,1.0,0.00011118950762567214,0.0,0.0,0.0,0.055125,0.055125
repaired,ewr-08,joint,swap,1,11,11,11,11,1.0,1.0,1.0,0,0,0.0,0.0,1.0,1.0,0.009635934205071346,0.0,0.01052840909090909,0.010795454545454546,0.0945625,0.096
streaming,ewr-08,joint,swap,1,11,11,11,11,1.0,1.0,1.0,0,0,0.0,0.0,0.45454545454545453,0.7272727272727273,4.826934190065607,0.0,0.01052840909090909,0.010795454545454546,0.0945625,0.096
fixed,ewr-08,joint,swap,1,11,10,8,1,0.1,0.09090909090909091,0.09523809523809523,1,0,0.09090909090909091,0.0,0.7272727272727273,0.7272727272727273,0.011820165848692795,0.0,0.0190234375,0.019953125000000002,0.00275,0.0
oracle-boundary,ewr-08,joint,swap,1,11,11,11,11,1.0,1.0,1.0,0,0,0.0,0.0,1.0,1.0,0.00011118950762567214,0.0,0.0,0.0,0.055125,0.055125
repaired,ewr-08,joint,shuffle,0,11,11,11,11,1.0,1.0,1.0,0,0,0.0,0.0,1.0,1.0,0.0003498583573822314,0.0,0.009801136363636363,0.010181818181818183,0.0945625,0.096
streaming,ewr-08,joint,shuffle,0,11,11,11,11,1.0,1.0,1.0,0,0,0.0,0.0,0.6363636363636364,0.7272727272727273,2.4726670913656146,0.0,0.009801136363636363,0.010181818181818183,0.0945625,0.096
fixed,ewr-08,joint,shuffle,0,11,11,9,1,0.09090909090909091,0.09090909090909091,0.09090909090909091,1,0,0.09090909090909091,0.0,0.7272727272727273,0.8181818181818182,0.055277190353292566,0.0,0.017895833333333333,0.02076388888888889,0.00275,0.0
oracle-boundary,ewr-08,joint,shuffle,0,11,11,11,11,1.0,1.0,1.0,0,0,0.0,0.0,1.0,1.0,0.00011118950762567212,0.0,0.0,0.0,0.055125,0.055125
repaired,ewr-08,joint,shuffle,1,11,11,11,11,1.0,1.0,1.0,0,0,0.0,0.0,1.0,1.0,0.008296701942942332,0.0,0.010164772727272727,0.010431818181818183,0.0945625,0.096
streaming,ewr-08,joint,shuffle,1,11,11,11,11,1.0,1.0,1.0,0,0,0.0,0.0,0.6363636363636364,0.7272727272727273,2.4711058577313914,0.0,0.010164772727272727,0.010431818181818183,0.0945625,0.096
fixed,ewr-08,joint,shuffle,1,11,11,9,1,0.09090909090909091,0.09090909090909091,0.09090909090909091,1,0,0.09090909090909091,0.0,0.7272727272727273,0.8181818181818182,0.05202131285646391,0.0,0.017895833333333333,0.02076388888888889,0.00275,0.0
oracle-boundary,ewr-08,joint,shuffle,1,11,11,11,11,1.0,1.0,1.0,0,0,0.0,0.0,1.0,1.0,0.00011118950762567212,0.0,0.0,0.0,0.055125,0.055125
repaired,ewr-08,joint,ambiguous,0,11,11,11,11,1.0,1.0,1.0,0,0,0.0,0.0,1.0,1.0,0.008315631487229773,0.0,0.010164772727272727,0.010431818181818183,0.0945625,0.096
streaming,ewr-08,joint,ambiguous,0,11,11,11,11,1.0,1.0,1.0,0,0,0.0,0.0,0.5454545454545454,0.7272727272727273,2.4906649250331676,0.0,0.010164772727272727,0.010431818181818183,0.0945625,0.096
fixed,ewr-08,joint,ambiguous,0,11,11,9,1,0.09090909090909091,0.09090909090909091,0.09090909090909091,1,0,0.09090909090909091,0.0,0.7272727272727273,0.8181818181818182,0.052007680587554055,0.0,0.017895833333333333,0.02076388888888889,0.00275,0.0
oracle-boundary,ewr-08,joint,ambiguous,0,11,11,11,11,1.0,1.0,1.0,0,0,0.0,0.0,1.0,1.0,0.00010617998589243253,0.0,0.0,0.0,0.055125,0.055125
repaired,ewr-08,joint,ambiguous,1,11,11,11,11,1.0,1.0,1.0,0,0,0.0,0.0,1.0,1.0,0.008315631487229773,0.0,0.010164772727272727,0.010431818181818183,0.0945625,0.096
streaming,ewr-08,joint,ambiguous,1,11,11,11,11,1.0,1.0,1.0,0,0,0.0,0.0,0.5454545454545454,0.7272727272727273,2.4906649250331676,0.0,0.010164772727272727,0.010431818181818183,0.0945625,0.096
fixed,ewr-08,joint,ambiguous,1,11,11,9,1,0.09090909090909091,0.09090909090909091,0.09090909090909091,1,0,0.09090909090909091,0.0,0.7272727272727273,0.8181818181818182,0.052007680587554055,0.0,0.017895833333333333,0.02076388888888889,0.00275,0.0
oracle-boundary,ewr-08,joint,ambiguous,1,11,11,11,11,1.0,1.0,1.0,0,0,0.0,0.0,1.0,1.0,0.00010617998589243253,0.0,0.0,0.0,0.055125,0.055125
repaired,ewr-09,detached,intact,0,11,11,11,11,1.0,1.0,1.0,0,0,0.0,0.0,1.0,1.0,0.0004021502532654188,0.0,0.006051136363636364,0.005880681818181818,0.082625,0.076
streaming,ewr-09,detached,intact,0,11,11,11,11,1.0,1.0,1.0,0,0,0.0,0.0,1.0,1.0,0.08205106158047473,0.0,0.006051136363636364,0.005880681818181818,0.082625,0.076
fixed,ewr-09,detached,intact,0,11,12,8,5,0.4166666666666667,0.45454545454545453,0.43478260869565216,1,0,0.09090909090909091,0.0,0.7272727272727273,0.7272727272727273,0.0036298540558987735,0.0,0.017281249999999998,0.0154375,0.008875,0.0
oracle-boundary,ewr-09,detached,intact,0,11,11,11,11,1.0,1.0,1.0,0,0,0.0,0.0,1.0,1.0,0.012353597930712435,0.0,0.0,0.0,0.0524375,0.0524375
repaired,ewr-09,detached,intact,1,11,11,11,11,1.0,1.0,1.0,0,0,0.0,0.0,1.0,1.0,0.0004121285967862482,0.0,0.006051136363636364,0.005880681818181818,0.082625,0.076
streaming,ewr-09,detached,intact,1,11,11,11,11,1.0,1.0,1.0,0,0,0.0,0.0,1.0,1.0,0.08175074812342942,0.0,0.006051136363636364,0.005880681818181818,0.082625,0.076
fixed,ewr-09,detached,intact,1,11,12,8,5,0.4166666666666667,0.45454545454545453,0.43478260869565216,2,1,0.18181818181818182,0.09090909090909091,0.7272727272727273,0.7272727272727273,0.00306764361308165,0.0,0.017281249999999998,0.0154375,0.008875,0.0
oracle-boundary,ewr-09,detached,intact,1,11,11,11,11,1.0,1.0,1.0,0,0,0.0,0.0,1.0,1.0,0.012353597930712435,0.0,0.0,0.0,0.0524375,0.0524375
repaired,ewr-09,legato,intact,0,11,11,11,11,1.0,1.0,1.0,0,0,0.0,0.0,1.0,1.0,0.0004007470954558395,0.0,0.008960227272727272,0.011335227272727273,0.1164375,0.104
streaming,ewr-09,legato,intact,0,11,11,11,11,1.0,1.0,1.0,0,0,0.0,0.0,0.45454545454545453,1.0,5.591649942366722,0.45454545454545453,0.008960227272727272,0.011335227272727273,0.1164375,0.104
fixed,ewr-09,legato,intact,0,11,15,8,5,0.3333333333333333,0.45454545454545453,0.38461538461538464,3,1,0.2727272727272727,0.09090909090909091,0.7272727272727273,0.7272727272727273,0.011015616471483192,0.0,0.017281249999999998,0.0154375,0.008875,0.0
oracle-boundary,ewr-09,legato,intact,0,11,11,11,11,1.0,1.0,1.0,0,0,0.0,0.0,1.0,1.0,0.0003147586428743859,0.0,0.0,0.0,0.0524375,0.0524375
repaired,ewr-09,legato,intact,1,11,11,11,11,1.0,1.0,1.0,0,0,0.0,0.0,1.0,1.0,0.0004007147315025444,0.0,0.008960227272727272,0.011335227272727273,0.1155,0.104
streaming,ewr-09,legato,intact,1,11,11,11,11,1.0,1.0,1.0,0,0,0.0,0.0,0.45454545454545453,1.0,5.591092749771415,0.45454545454545453,0.008960227272727272,0.011335227272727273,0.1155,0.104
fixed,ewr-09,legato,intact,1,11,14,8,5,0.35714285714285715,0.45454545454545453,0.4,2,1,0.18181818181818182,0.09090909090909091,0.7272727272727273,0.7272727272727273,0.01098057253940965,0.0,0.017281249999999998,0.0154375,0.008875,0.0
oracle-boundary,ewr-09,legato,intact,1,11,11,11,11,1.0,1.0,1.0,0,0,0.0,0.0,1.0,1.0,0.0003147586428743859,0.0,0.0,0.0,0.0524375,0.0524375
repaired,ewr-09,duration,intact,0,11,11,11,11,1.0,1.0,1.0,0,0,0.0,0.0,1.0,1.0,0.00027040685299835457,0.0,0.009636363636363636,0.012204545454545456,0.112625,0.1
streaming,ewr-09,duration,intact,0,11,11,11,11,1.0,1.0,1.0,0,0,0.0,0.0,0.2727272727272727,1.0,11.14970157991622,0.45454545454545453,0.009636363636363636,0.012204545454545456,0.112625,0.1
fixed,ewr-09,duration,intact,0,11,15,9,1,0.06666666666666667,0.09090909090909091,0.07692307692307693,5,2,0.45454545454545453,0.18181818181818182,0.6363636363636364,0.8181818181818182,4.21966967679571,0.0,0.017625000000000002,0.02172222222222222,0.00125,0.0
oracle-boundary,ewr-09,duration,intact,0,11,11,11,11,1.0,1.0,1.0,0,0,0.0,0.0,1.0,1.0,0.0003666194718451007,0.0,0.0,0.0,0.054,0.054
repaired,ewr-09,duration,intact,1,11,11,11,11,1.0,1.0,1.0,0,0,0.0,0.0,1.0,1.0,0.0002765372266926101,0.0,0.009636363636363636,0.012204545454545456,0.112625,0.104
streaming,ewr-09,duration,intact,1,11,11,11,11,1.0,1.0,1.0,0,0,0.0,0.0,0.2727272727272727,1.0,9.010802421656992,0.45454545454545453,0.009636363636363636,0.012204545454545456,0.112625,0.104
fixed,ewr-09,duration,intact,1,11,14,9,1,0.07142857142857142,0.09090909090909091,0.08,4,2,0.36363636363636365,0.18181818181818182,0.6363636363636364,0.8181818181818182,4.218843593445273,0.0,0.017625000000000002,0.02172222222222222,0.00125,0.0
oracle-boundary,ewr-09,duration,intact,1,11,11,11,11,1.0,1.0,1.0,0,0,0.0,0.0,1.0,1.0,0.0003666194718451007,0.0,0.0,0.0,0.054,0.054
repaired,ewr-09,joint,intact,0,11,11,11,11,1.0,1.0,1.0,0,0,0.0,0.0,1.0,1.0,0.00027040685299835457,0.0,0.009636363636363636,0.012204545454545456,0.112625,0.1
streaming,ewr-09,joint,intact,0,11,11,11,11,1.0,1.0,1.0,0,0,0.0,0.0,0.2727272727272727,1.0,11.14970157991622,0.45454545454545453,0.009636363636363636,0.012204545454545456,0.112625,0.1
fixed,ewr-09,joint,intact,0,11,15,9,1,0.06666666666666667,0.09090909090909091,0.07692307692307693,5,2,0.45454545454545453,0.18181818181818182,0.6363636363636364,0.8181818181818182,4.21966967679571,0.0,0.017625000000000002,0.02172222222222222,0.00125,0.0
oracle-boundary,ewr-09,joint,intact,0,11,11,11,11,1.0,1.0,1.0,0,0,0.0,0.0,1.0,1.0,0.0003666194718451007,0.0,0.0,0.0,0.054,0.054
repaired,ewr-09,joint,intact,1,11,11,11,11,1.0,1.0,1.0,0,0,0.0,0.0,1.0,1.0,0.0002765372266926101,0.0,0.009636363636363636,0.012204545454545456,0.112625,0.104
streaming,ewr-09,joint,intact,1,11,11,11,11,1.0,1.0,1.0,0,0,0.0,0.0,0.2727272727272727,1.0,9.010802421656992,0.45454545454545453,0.009636363636363636,0.012204545454545456,0.112625,0.104
fixed,ewr-09,joint,intact,1,11,14,9,1,0.07142857142857142,0.09090909090909091,0.08,4,2,0.36363636363636365,0.18181818181818182,0.6363636363636364,0.8181818181818182,4.218843593445273,0.0,0.017625000000000002,0.02172222222222222,0.00125,0.0
oracle-boundary,ewr-09,joint,intact,1,11,11,11,11,1.0,1.0,1.0,0,0,0.0,0.0,1.0,1.0,0.0003666194718451007,0.0,0.0,0.0,0.054,0.054
repaired,ewr-09,joint,reset,0,3,3,3,3,1.0,1.0,1.0,0,0,0.0,0.0,1.0,1.0,0.00034912709138268383,0.0,0.009166666666666667,0.012416666666666668,0.0925,0.08
streaming,ewr-09,joint,reset,0,3,3,3,3,1.0,1.0,1.0,0,0,0.0,0.0,0.3333333333333333,1.0,8.10271754057716,0.6666666666666666,0.009166666666666667,0.012416666666666668,0.0925,0.08
fixed,ewr-09,joint,reset,0,3,4,3,0,0.0,0.0,0.0,1,0,0.3333333333333333,0.0,0.6666666666666666,1.0,6.326580862744251,0.0,0.015166666666666667,0.026249999999999996,-0.01175,0.0
oracle-boundary,ewr-09,joint,reset,0,3,3,3,3,1.0,1.0,1.0,0,0,0.0,0.0,1.0,1.0,0.0003320242782383076,0.0,0.0,0.0,0.05225,0.05225
repaired,ewr-09,joint,reset,1,3,3,3,3,1.0,1.0,1.0,0,0,0.0,0.0,1.0,1.0,0.00034912709138268383,0.0,0.009166666666666667,0.012416666666666668,0.0925,0.08
streaming,ewr-09,joint,reset,1,3,3,3,3,1.0,1.0,1.0,0,0,0.0,0.0,0.3333333333333333,1.0,8.10271754057716,0.6666666666666666,0.009166666666666667,0.012416666666666668,0.0925,0.08
fixed,ewr-09,joint,reset,1,3,4,3,0,0.0,0.0,0.0,1,0,0.3333333333333333,0.0,0.6666666666666666,1.0,6.326580862744251,0.0,0.015166666666666667,0.026249999999999996,-0.01175,0.0
oracle-boundary,ewr-09,joint,reset,1,3,3,3,3,1.0,1.0,1.0,0,0,0.0,0.0,1.0,1.0,0.0003320242782383076,0.0,0.0,0.0,0.05225,0.05225
repaired,ewr-09,joint,removal,0,9,9,9,9,1.0,1.0,1.0,0,0,0.0,0.0,1.0,1.0,0.00021593253928238929,0.0,0.009305555555555556,0.012486111111111111,0.0994375,0.088
streaming,ewr-09,joint,removal,0,9,9,9,9,1.0,1.0,1.0,0,0,0.0,0.0,0.3333333333333333,1.0,8.839948410283048,0.5555555555555556,0.009305555555555556,0.012486111111111111,0.0994375,0.088
fixed,ewr-09,joint,removal,0,9,12,7,0,0.0,0.0,0.0,4,1,0.4444444444444444,0.1111111111111111,0.5555555555555556,0.7777777777777778,5.423995429661531,0.0,0.014910714285714288,0.02555357142857143,-0.01,0.0
oracle-boundary,ewr-09,joint,removal,0,9,9,9,9,1.0,1.0,1.0,0,0,0.0,0.0,1.0,1.0,0.00035620454100400895,0.0,0.0,0.0,0.054,0.054
repaired,ewr-09,joint,removal,1,9,9,9,9,1.0,1.0,1.0,0,0,0.0,0.0,1.0,1.0,0.00021593253928238929,0.0,0.009305555555555556,0.012486111111111111,0.0994375,0.088
streaming,ewr-09,joint,removal,1,9,9,9,9,1.0,1.0,1.0,0,0,0.0,0.0,0.3333333333333333,1.0,8.839948410283048,0.5555555555555556,0.009305555555555556,0.012486111111111111,0.0994375,0.088
fixed,ewr-09,joint,removal,1,9,12,7,0,0.0,0.0,0.0,4,1,0.4444444444444444,0.1111111111111111,0.5555555555555556,0.7777777777777778,5.423995429661531,0.0,0.014910714285714288,0.02555357142857143,-0.01,0.0
oracle-boundary,ewr-09,joint,removal,1,9,9,9,9,1.0,1.0,1.0,0,0,0.0,0.0,1.0,1.0,0.00035620454100400895,0.0,0.0,0.0,0.054,0.054
repaired,ewr-09,joint,swap,0,11,11,11,11,1.0,1.0,1.0,0,0,0.0,0.0,1.0,1.0,0.0002765372266926101,0.0,0.009636363636363636,0.012204545454545456,0.112625,0.104
streaming,ewr-09,joint,swap,0,11,11,11,11,1.0,1.0,1.0,0,0,0.0,0.0,0.2727272727272727,1.0,9.010802421656992,0.45454545454545453,0.009636363636363636,0.012204545454545456,0.112625,0.104
fixed,ewr-09,joint,swap,0,11,14,9,1,0.07142857142857142,0.09090909090909091,0.08,4,2,0.36363636363636365,0.18181818181818182,0.6363636363636364,0.8181818181818182,4.218843593445273,0.0,0.017625000000000002,0.02172222222222222,0.00125,0.0
oracle-boundary,ewr-09,joint,swap,0,11,11,11,11,1.0,1.0,1.0,0,0,0.0,0.0,1.0,1.0,0.0003666194718451007,0.0,0.0,0.0,0.054,0.054
repaired,ewr-09,joint,swap,1,11,11,11,11,1.0,1.0,1.0,0,0,0.0,0.0,1.0,1.0,0.00027040685299835457,0.0,0.009636363636363636,0.012204545454545456,0.112625,0.1
streaming,ewr-09,joint,swap,1,11,11,11,11,1.0,1.0,1.0,0,0,0.0,0.0,0.2727272727272727,1.0,11.14970157991622,0.45454545454545453,0.009636363636363636,0.012204545454545456,0.112625,0.1
fixed,ewr-09,joint,swap,1,11,15,9,1,0.06666666666666667,0.09090909090909091,0.07692307692307693,5,2,0.45454545454545453,0.18181818181818182,0.6363636363636364,0.8181818181818182,4.21966967679571,0.0,0.017625000000000002,0.02172222222222222,0.00125,0.0
oracle-boundary,ewr-09,joint,swap,1,11,11,11,11,1.0,1.0,1.0,0,0,0.0,0.0,1.0,1.0,0.0003666194718451007,0.0,0.0,0.0,0.054,0.054
repaired,ewr-09,joint,shuffle,0,11,11,11,11,1.0,1.0,1.0,0,0,0.0,0.0,1.0,1.0,0.00029244666829834773,0.0,0.009636363636363636,0.012204545454545456,0.112625,0.104
streaming,ewr-09,joint,shuffle,0,11,11,11,11,1.0,1.0,1.0,0,0,0.0,0.0,0.2727272727272727,1.0,9.007836158485581,0.45454545454545453,0.009636363636363636,0.012204545454545456,0.112625,0.104
fixed,ewr-09,joint,shuffle,0,11,14,9,1,0.07142857142857142,0.09090909090909091,0.08,4,2,0.36363636363636365,0.18181818181818182,0.6363636363636364,0.8181818181818182,3.4326590284844887,0.09090909090909091,0.017625000000000002,0.02172222222222222,0.00125,0.0
oracle-boundary,ewr-09,joint,shuffle,0,11,11,11,11,1.0,1.0,1.0,0,0,0.0,0.0,1.0,1.0,0.0003666194718451007,0.0,0.0,0.0,0.054,0.054
repaired,ewr-09,joint,shuffle,1,11,11,11,11,1.0,1.0,1.0,0,0,0.0,0.0,1.0,1.0,0.0002863162946040922,0.0,0.009636363636363636,0.012204545454545456,0.112625,0.1
streaming,ewr-09,joint,shuffle,1,11,11,11,11,1.0,1.0,1.0,0,0,0.0,0.0,0.2727272727272727,1.0,11.14673531674481,0.45454545454545453,0.009636363636363636,0.012204545454545456,0.112625,0.1
fixed,ewr-09,joint,shuffle,1,11,15,9,1,0.06666666666666667,0.09090909090909091,0.07692307692307693,5,2,0.45454545454545453,0.18181818181818182,0.6363636363636364,0.8181818181818182,3.433485111834926,0.09090909090909091,0.017625000000000002,0.02172222222222222,0.00125,0.0
oracle-boundary,ewr-09,joint,shuffle,1,11,11,11,11,1.0,1.0,1.0,0,0,0.0,0.0,1.0,1.0,0.0003666194718451007,0.0,0.0,0.0,0.054,0.054
repaired,ewr-09,joint,ambiguous,0,11,11,11,11,1.0,1.0,1.0,0,0,0.0,0.0,1.0,1.0,0.0002807403822254851,0.0,0.009636363636363636,0.012204545454545456,0.112625,0.1
streaming,ewr-09,joint,ambiguous,0,11,11,11,11,1.0,1.0,1.0,0,0,0.0,0.0,0.2727272727272727,1.0,10.554989965484996,0.5454545454545454,0.009636363636363636,0.012204545454545456,0.112625,0.1
fixed,ewr-09,joint,ambiguous,0,11,15,9,1,0.06666666666666667,0.09090909090909091,0.07692307692307693,5,2,0.45454545454545453,0.18181818181818182,0.6363636363636364,0.8181818181818182,4.219636665359038,0.0,0.017625000000000002,0.02172222222222222,0.00125,0.0
oracle-boundary,ewr-09,joint,ambiguous,0,11,11,11,11,1.0,1.0,1.0,0,0,0.0,0.0,1.0,1.0,0.0003504327888098725,0.0,0.0,0.0,0.054,0.054
repaired,ewr-09,joint,ambiguous,1,11,11,11,11,1.0,1.0,1.0,0,0,0.0,0.0,1.0,1.0,0.0002807403822254851,0.0,0.009636363636363636,0.012204545454545456,0.112625,0.1
streaming,ewr-09,joint,ambiguous,1,11,11,11,11,1.0,1.0,1.0,0,0,0.0,0.0,0.2727272727272727,1.0,10.554989965484996,0.5454545454545454,0.009636363636363636,0.012204545454545456,0.112625,0.1
fixed,ewr-09,joint,ambiguous,1,11,15,9,1,0.06666666666666667,0.09090909090909091,0.07692307692307693,5,2,0.45454545454545453,0.18181818181818182,0.6363636363636364,0.8181818181818182,4.219636665359038,0.0,0.017625000000000002,0.02172222222222222,0.00125,0.0
oracle-boundary,ewr-09,joint,ambiguous,1,11,11,11,11,1.0,1.0,1.0,0,0,0.0,0.0,1.0,1.0,0.0003504327888098725,0.0,0.0,0.0,0.054,0.054
repaired,ewr-10,detached,intact,0,11,11,11,11,1.0,1.0,1.0,0,0,0.0,0.0,1.0,1.0,0.00037408845305558265,0.0,0.005886363636363637,0.0038352272727272723,0.0820625,0.076
streaming,ewr-10,detached,intact,0,11,11,11,11,1.0,1.0,1.0,0,0,0.0,0.0,1.0,1.0,0.0471345189741646,0.0,0.005886363636363637,0.0038352272727272723,0.0820625,0.076
fixed,ewr-10,detached,intact,0,11,12,8,4,0.3333333333333333,0.36363636363636365,0.34782608695652173,2,1,0.18181818181818182,0.09090909090909091,0.7272727272727273,0.7272727272727273,0.002882659418262712,0.0,0.0164375,0.016,0.007375,0.0
oracle-boundary,ewr-10,detached,intact,0,11,11,11,11,1.0,1.0,1.0,0,0,0.0,0.0,1.0,1.0,0.009738796669118215,0.0,0.0,0.0,0.0516875,0.0516875
repaired,ewr-10,detached,intact,1,11,11,11,11,1.0,1.0,1.0,0,0,0.0,0.0,1.0,1.0,0.0003255729181980239,0.0,0.005886363636363637,0.0040852272727272725,0.0820625,0.076
streaming,ewr-10,detached,intact,1,11,11,11,11,1.0,1.0,1.0,0,0,0.0,0.0,1.0,1.0,0.04628633752129248,0.0,0.005886363636363637,0.0040852272727272725,0.0820625,0.076
fixed,ewr-10,detached,intact,1,11,14,8,4,0.2857142857142857,0.36363636363636365,0.32,4,2,0.36363636363636365,0.18181818181818182,0.7272727272727273,0.7272727272727273,0.004270106044662825,0.0,0.0164375,0.016,0.007375,0.0
oracle-boundary,ewr-10,detached,intact,1,11,11,11,11,1.0,1.0,1.0,0,0,0.0,0.0,1.0,1.0,0.009738796669118215,0.0,0.0,0.0,0.0516875,0.0516875
repaired,ewr-10,legato,intact,0,11,11,11,11,1.0,1.0,1.0,0,0,0.0,0.0,1.0,1.0,0.00039427544483462316,0.0,0.010647727272727274,0.0099375,0.1134375,0.104
streaming,ewr-10,legato,intact,0,11,11,11,11,1.0,1.0,1.0,0,0,0.0,0.0,0.7272727272727273,1.0,3.563583044734831,0.0,0.010647727272727274,0.0099375,0.1134375,0.104
fixed,ewr-10,legato,intact,0,11,16,8,4,0.25,0.36363636363636365,0.2962962962962963,4,2,0.36363636363636365,0.18181818181818182,0.7272727272727273,0.7272727272727273,0.0025344562550716487,0.0,0.0164375,0.016,0.007375,0.0
oracle-boundary,ewr-10,legato,intact,0,11,11,11,11,1.0,1.0,1.0,0,0,0.0,0.0,1.0,1.0,0.00038151857935017375,0.0,0.0,0.0,0.0516875,0.0516875
repaired,ewr-10,legato,intact,1,11,11,11,11,1.0,1.0,1.0,0,0,0.0,0.0,1.0,1.0,0.0003867812218442427,0.0,0.01028409090909091,0.010607954545454545,0.1134375,0.104
streaming,ewr-10,legato,intact,1,11,11,11,11,1.0,1.0,1.0,0,0,0.0,0.0,0.7272727272727273,1.0,3.5585605670022846,0.0,0.01028409090909091,0.010607954545454545,0.1134375,0.104
fixed,ewr-10,legato,intact,1,11,16,8,4,0.25,0.36363636363636365,0.2962962962962963,4,2,0.36363636363636365,0.18181818181818182,0.7272727272727273,0.7272727272727273,0.0024284682031029403,0.0,0.0164375,0.016,0.007375,0.0
oracle-boundary,ewr-10,legato,intact,1,11,11,11,11,1.0,1.0,1.0,0,0,0.0,0.0,1.0,1.0,0.00038151857935017375,0.0,0.0,0.0,0.0516875,0.0516875
repaired,ewr-10,duration,intact,0,11,11,11,11,1.0,1.0,1.0,0,0,0.0,0.0,1.0,1.0,0.00031866245708034313,0.0,0.0105625,0.011079545454545455,0.111875,0.1
streaming,ewr-10,duration,intact,0,11,11,11,11,1.0,1.0,1.0,0,0,0.0,0.0,0.6363636363636364,1.0,3.5962662698518773,0.0,0.0105625,0.011079545454545455,0.111875,0.1
fixed,ewr-10,duration,intact,0,11,12,8,1,0.08333333333333333,0.09090909090909091,0.08695652173913043,1,0,0.09090909090909091,0.0,0.7272727272727273,0.7272727272727273,0.02206674396207875,0.0,0.0178828125,0.0208828125,-0.00025,0.0
oracle-boundary,ewr-10,duration,intact,0,11,11,11,11,1.0,1.0,1.0,0,0,0.0,0.0,1.0,1.0,0.00036951084410364774,0.0,0.0,0.0,0.06375,0.06375
repaired,ewr-10,duration,intact,1,11,11,11,11,1.0,1.0,1.0,0,0,0.0,0.0,1.0,1.0,0.00033059597925877426,0.0,0.010562499999999999,0.011079545454545453,0.111875,0.104
streaming,ewr-10,duration,intact,1,11,11,11,11,1.0,1.0,1.0,0,0,0.0,0.0,0.6363636363636364,1.0,3.596268536531618,0.0,0.010562499999999999,0.011079545454545453,0.111875,0.104
fixed,ewr-10,duration,intact,1,11,12,8,1,0.08333333333333333,0.09090909090909091,0.08695652173913043,1,0,0.09090909090909091,0.0,0.7272727272727273,0.7272727272727273,0.02209208674359986,0.0,0.0178828125,0.0208828125,-0.00025,0.0
oracle-boundary,ewr-10,duration,intact,1,11,11,11,11,1.0,1.0,1.0,0,0,0.0,0.0,1.0,1.0,0.00036951084410364774,0.0,0.0,0.0,0.06375,0.06375
repaired,ewr-10,joint,intact,0,11,11,11,11,1.0,1.0,1.0,0,0,0.0,0.0,1.0,1.0,0.00031866245708034313,0.0,0.0105625,0.011079545454545455,0.111875,0.1
streaming,ewr-10,joint,intact,0,11,11,11,11,1.0,1.0,1.0,0,0,0.0,0.0,0.6363636363636364,1.0,3.5962662698518773,0.0,0.0105625,0.011079545454545455,0.111875,0.1
fixed,ewr-10,joint,intact,0,11,12,8,1,0.08333333333333333,0.09090909090909091,0.08695652173913043,1,0,0.09090909090909091,0.0,0.7272727272727273,0.7272727272727273,0.02206674396207875,0.0,0.0178828125,0.0208828125,-0.00025,0.0
oracle-boundary,ewr-10,joint,intact,0,11,11,11,11,1.0,1.0,1.0,0,0,0.0,0.0,1.0,1.0,0.00036951084410364774,0.0,0.0,0.0,0.06375,0.06375
repaired,ewr-10,joint,intact,1,11,11,11,11,1.0,1.0,1.0,0,0,0.0,0.0,1.0,1.0,0.00033059597925877426,0.0,0.010562499999999999,0.011079545454545453,0.111875,0.104
streaming,ewr-10,joint,intact,1,11,11,11,11,1.0,1.0,1.0,0,0,0.0,0.0,0.6363636363636364,1.0,3.596268536531618,0.0,0.010562499999999999,0.011079545454545453,0.111875,0.104
fixed,ewr-10,joint,intact,1,11,12,8,1,0.08333333333333333,0.09090909090909091,0.08695652173913043,1,0,0.09090909090909091,0.0,0.7272727272727273,0.7272727272727273,0.02209208674359986,0.0,0.0178828125,0.0208828125,-0.00025,0.0
oracle-boundary,ewr-10,joint,intact,1,11,11,11,11,1.0,1.0,1.0,0,0,0.0,0.0,1.0,1.0,0.00036951084410364774,0.0,0.0,0.0,0.06375,0.06375
repaired,ewr-10,joint,reset,0,3,3,3,3,1.0,1.0,1.0,0,0,0.0,0.0,1.0,1.0,0.0003238035669645238,0.0,0.0098125,0.010541666666666666,0.0948125,0.08
streaming,ewr-10,joint,reset,0,3,3,3,3,1.0,1.0,1.0,0,0,0.0,0.0,0.6666666666666666,1.0,6.329272778137252,0.0,0.0098125,0.010541666666666666,0.0948125,0.08
fixed,ewr-10,joint,reset,0,3,4,2,0,0.0,0.0,0.0,1,0,0.3333333333333333,0.0,0.6666666666666666,0.6666666666666666,0.005534717011931534,0.0,0.01553125,0.02340625,-0.013625,0.0
oracle-boundary,ewr-10,joint,reset,0,3,3,3,3,1.0,1.0,1.0,0,0,0.0,0.0,1.0,1.0,0.00037839544429256006,0.0,0.0,0.0,0.050375,0.050375
repaired,ewr-10,joint,reset,1,3,3,3,3,1.0,1.0,1.0,0,0,0.0,0.0,1.0,1.0,0.0003238035669645238,0.0,0.0098125,0.010541666666666666,0.0948125,0.08
streaming,ewr-10,joint,reset,1,3,3,3,3,1.0,1.0,1.0,0,0,0.0,0.0,0.6666666666666666,1.0,6.329272778137252,0.0,0.0098125,0.010541666666666666,0.0948125,0.08
fixed,ewr-10,joint,reset,1,3,4,2,0,0.0,0.0,0.0,1,0,0.3333333333333333,0.0,0.6666666666666666,0.6666666666666666,0.005534717011931534,0.0,0.01553125,0.02340625,-0.013625,0.0
oracle-boundary,ewr-10,joint,reset,1,3,3,3,3,1.0,1.0,1.0,0,0,0.0,0.0,1.0,1.0,0.00037839544429256006,0.0,0.0,0.0,0.050375,0.050375
repaired,ewr-10,joint,removal,0,9,9,9,9,1.0,1.0,1.0,0,0,0.0,0.0,1.0,1.0,0.0003618432851912385,0.0,0.009756944444444443,0.010472222222222223,0.098125,0.088
streaming,ewr-10,joint,removal,0,9,9,9,9,1.0,1.0,1.0,0,0,0.0,0.0,0.7777777777777778,1.0,4.294649027114158,0.0,0.009756944444444443,0.010472222222222223,0.098125,0.088
fixed,ewr-10,joint,removal,0,9,11,6,0,0.0,0.0,0.0,2,0,0.2222222222222222,0.0,0.6666666666666666,0.6666666666666666,0.02935021110457973,0.0,0.015114583333333334,0.025114583333333333,-0.011125,0.0
oracle-boundary,ewr-10,joint,removal,0,9,9,9,9,1.0,1.0,1.0,0,0,0.0,0.0,1.0,1.0,0.0004194059425254674,0.0,0.0,0.0,0.052875,0.052875
repaired,ewr-10,joint,removal,1,9,9,9,9,1.0,1.0,1.0,0,0,0.0,0.0,1.0,1.0,0.0003618432851912385,0.0,0.009756944444444443,0.010472222222222223,0.098125,0.088
streaming,ewr-10,joint,removal,1,9,9,9,9,1.0,1.0,1.0,0,0,0.0,0.0,0.7777777777777778,1.0,4.294649027114158,0.0,0.009756944444444443,0.010472222222222223,0.098125,0.088
fixed,ewr-10,joint,removal,1,9,11,6,0,0.0,0.0,0.0,2,0,0.2222222222222222,0.0,0.6666666666666666,0.6666666666666666,0.02935021110457973,0.0,0.015114583333333334,0.025114583333333333,-0.011125,0.0
oracle-boundary,ewr-10,joint,removal,1,9,9,9,9,1.0,1.0,1.0,0,0,0.0,0.0,1.0,1.0,0.0004194059425254674,0.0,0.0,0.0,0.052875,0.052875
repaired,ewr-10,joint,swap,0,11,11,11,11,1.0,1.0,1.0,0,0,0.0,0.0,1.0,1.0,0.00033059597925877426,0.0,0.010562499999999999,0.011079545454545453,0.111875,0.104
streaming,ewr-10,joint,swap,0,11,11,11,11,1.0,1.0,1.0,0,0,0.0,0.0,0.6363636363636364,1.0,3.596268536531618,0.0,0.010562499999999999,0.011079545454545453,0.111875,0.104
fixed,ewr-10,joint,swap,0,11,12,8,1,0.08333333333333333,0.09090909090909091,0.08695652173913043,1,0,0.09090909090909091,0.0,0.7272727272727273,0.7272727272727273,0.02209208674359986,0.0,0.0178828125,0.0208828125,-0.00025,0.0
oracle-boundary,ewr-10,joint,swap,0,11,11,11,11,1.0,1.0,1.0,0,0,0.0,0.0,1.0,1.0,0.00036951084410364774,0.0,0.0,0.0,0.06375,0.06375
repaired,ewr-10,joint,swap,1,11,11,11,11,1.0,1.0,1.0,0,0,0.0,0.0,1.0,1.0,0.00031866245708034313,0.0,0.0105625,0.011079545454545455,0.111875,0.1
streaming,ewr-10,joint,swap,1,11,11,11,11,1.0,1.0,1.0,0,0,0.0,0.0,0.6363636363636364,1.0,3.5962662698518773,0.0,0.0105625,0.011079545454545455,0.111875,0.1
fixed,ewr-10,joint,swap,1,11,12,8,1,0.08333333333333333,0.09090909090909091,0.08695652173913043,1,0,0.09090909090909091,0.0,0.7272727272727273,0.7272727272727273,0.02206674396207875,0.0,0.0178828125,0.0208828125,-0.00025,0.0
oracle-boundary,ewr-10,joint,swap,1,11,11,11,11,1.0,1.0,1.0,0,0,0.0,0.0,1.0,1.0,0.00036951084410364774,0.0,0.0,0.0,0.06375,0.06375
repaired,ewr-10,joint,shuffle,0,11,11,11,11,1.0,1.0,1.0,0,0,0.0,0.0,1.0,1.0,0.0003171215986984454,0.0,0.010562499999999999,0.011079545454545453,0.111875,0.104
streaming,ewr-10,joint,shuffle,0,11,11,11,11,1.0,1.0,1.0,0,0,0.0,0.0,0.6363636363636364,1.0,3.5949799608475175,0.0,0.010562499999999999,0.011079545454545453,0.111875,0.104
fixed,ewr-10,joint,shuffle,0,11,15,8,1,0.06666666666666667,0.09090909090909091,0.07692307692307693,5,2,0.45454545454545453,0.18181818181818182,0.6363636363636364,0.7272727272727273,0.05902569002975899,0.0,0.0178828125,0.0208828125,-0.00025,0.0
oracle-boundary,ewr-10,joint,shuffle,0,11,11,11,11,1.0,1.0,1.0,0,0,0.0,0.0,1.0,1.0,0.00036951084410364774,0.0,0.0,0.0,0.06375,0.06375
repaired,ewr-10,joint,shuffle,1,11,11,11,11,1.0,1.0,1.0,0,0,0.0,0.0,1.0,1.0,0.00030518807652001425,0.0,0.0105625,0.011079545454545455,0.111875,0.1
streaming,ewr-10,joint,shuffle,1,11,11,11,11,1.0,1.0,1.0,0,0,0.0,0.0,0.6363636363636364,1.0,3.596795607995867,0.0,0.0105625,0.011079545454545455,0.111875,0.1
fixed,ewr-10,joint,shuffle,1,11,15,8,1,0.06666666666666667,0.09090909090909091,0.07692307692307693,5,2,0.45454545454545453,0.18181818181818182,0.6363636363636364,0.7272727272727273,0.05900034724823788,0.0,0.0178828125,0.0208828125,-0.00025,0.0
oracle-boundary,ewr-10,joint,shuffle,1,11,11,11,11,1.0,1.0,1.0,0,0,0.0,0.0,1.0,1.0,0.00036951084410364774,0.0,0.0,0.0,0.06375,0.06375
repaired,ewr-10,joint,ambiguous,0,11,11,11,11,1.0,1.0,1.0,0,0,0.0,0.0,1.0,1.0,0.00031979423068334063,0.0,0.011289772727272726,0.01180681818181818,0.111875,0.1
streaming,ewr-10,joint,ambiguous,0,11,11,11,11,1.0,1.0,1.0,0,0,0.0,0.0,0.5454545454545454,1.0,5.302230814070836,0.0,0.011289772727272726,0.01180681818181818,0.111875,0.1
fixed,ewr-10,joint,ambiguous,0,11,14,8,1,0.07142857142857142,0.09090909090909091,0.08,3,1,0.2727272727272727,0.09090909090909091,0.7272727272727273,0.7272727272727273,0.02209358204949452,0.0,0.0178828125,0.0208828125,-0.00025,0.0
oracle-boundary,ewr-10,joint,ambiguous,0,11,11,11,11,1.0,1.0,1.0,0,0,0.0,0.0,1.0,1.0,0.0003694267005680339,0.0,0.0,0.0,0.06375,0.06375
repaired,ewr-10,joint,ambiguous,1,11,11,11,11,1.0,1.0,1.0,0,0,0.0,0.0,1.0,1.0,0.00031979423068334063,0.0,0.011289772727272726,0.01180681818181818,0.111875,0.1
streaming,ewr-10,joint,ambiguous,1,11,11,11,11,1.0,1.0,1.0,0,0,0.0,0.0,0.5454545454545454,1.0,5.302230814070836,0.0,0.011289772727272726,0.01180681818181818,0.111875,0.1
fixed,ewr-10,joint,ambiguous,1,11,14,8,1,0.07142857142857142,0.09090909090909091,0.08,3,1,0.2727272727272727,0.09090909090909091,0.7272727272727273,0.7272727272727273,0.02209358204949452,0.0,0.0178828125,0.0208828125,-0.00025,0.0
oracle-boundary,ewr-10,joint,ambiguous,1,11,11,11,11,1.0,1.0,1.0,0,0,0.0,0.0,1.0,1.0,0.0003694267005680339,0.0,0.0,0.0,0.06375,0.06375
repaired,ewr-11,detached,intact,0,11,11,11,11,1.0,1.0,1.0,0,0,0.0,0.0,1.0,1.0,0.0012539467121415787,0.0,0.004085227272727273,0.003085227272727273,0.111375,0.104
streaming,ewr-11,detached,intact,0,11,11,11,11,1.0,1.0,1.0,0,0,0.0,0.0,1.0,1.0,0.014216383646091528,0.0,0.004085227272727273,0.003085227272727273,0.111375,0.104
fixed,ewr-11,detached,intact,0,11,17,8,4,0.23529411764705882,0.36363636363636365,0.2857142857142857,6,2,0.5454545454545454,0.18181818181818182,0.7272727272727273,0.7272727272727273,0.002611379111436385,0.0,0.01559375,0.0165625,0.005875,0.0
oracle-boundary,ewr-11,detached,intact,0,11,11,11,11,1.0,1.0,1.0,0,0,0.0,0.0,1.0,1.0,0.005963836661235627,0.0,0.0,0.0,0.0509375,0.0509375
repaired,ewr-11,detached,intact,1,11,11,11,11,1.0,1.0,1.0,0,0,0.0,0.0,1.0,1.0,0.0011076425196728094,0.0,0.004085227272727273,0.003448863636363636,0.111375,0.104
streaming,ewr-11,detached,intact,1,11,11,11,11,1.0,1.0,1.0,0,0,0.0,0.0,1.0,1.0,0.011599185523893012,0.0,0.004085227272727273,0.003448863636363636,0.111375,0.104
fixed,ewr-11,detached,intact,1,11,17,8,4,0.23529411764705882,0.36363636363636365,0.2857142857142857,4,1,0.36363636363636365,0.09090909090909091,0.7272727272727273,0.7272727272727273,0.0027787538689159064,0.0,0.01559375,0.0165625,0.005875,0.0
oracle-boundary,ewr-11,detached,intact,1,11,11,11,11,1.0,1.0,1.0,0,0,0.0,0.0,1.0,1.0,0.005963836661235627,0.0,0.0,0.0,0.0509375,0.0509375
repaired,ewr-11,legato,intact,0,11,11,11,11,1.0,1.0,1.0,0,0,0.0,0.0,1.0,1.0,0.0011494138795788574,0.0,0.00622159090909091,0.007403409090909091,0.1149375,0.104
streaming,ewr-11,legato,intact,0,11,11,11,11,1.0,1.0,1.0,0,0,0.0,0.0,1.0,1.0,0.10254442358551975,0.0,0.00622159090909091,0.007403409090909091,0.1149375,0.104
fixed,ewr-11,legato,intact,0,11,18,8,4,0.2222222222222222,0.36363636363636365,0.27586206896551724,8,3,0.7272727272727273,0.2727272727272727,0.7272727272727273,0.7272727272727273,0.0009887013764440233,0.0,0.01559375,0.0165625,0.005875,0.0
oracle-boundary,ewr-11,legato,intact,0,11,11,11,11,1.0,1.0,1.0,0,0,0.0,0.0,1.0,1.0,0.0011402183986759114,0.0,0.0,0.0,0.0509375,0.0509375
repaired,ewr-11,legato,intact,1,11,11,11,11,1.0,1.0,1.0,0,0,0.0,0.0,1.0,1.0,0.001159948231320969,0.0,0.005857954545454546,0.007403409090909091,0.1149375,0.1
streaming,ewr-11,legato,intact,1,11,11,11,11,1.0,1.0,1.0,0,0,0.0,0.0,1.0,1.0,0.09056633518012026,0.0,0.005857954545454546,0.007403409090909091,0.1149375,0.1
fixed,ewr-11,legato,intact,1,11,18,8,4,0.2222222222222222,0.36363636363636365,0.27586206896551724,8,3,0.7272727272727273,0.2727272727272727,0.7272727272727273,0.7272727272727273,0.001183581150661528,0.0,0.01559375,0.0165625,0.005875,0.0
oracle-boundary,ewr-11,legato,intact,1,11,11,11,11,1.0,1.0,1.0,0,0,0.0,0.0,1.0,1.0,0.0011402183986759114,0.0,0.0,0.0,0.0509375,0.0509375
repaired,ewr-11,duration,intact,0,11,11,11,11,1.0,1.0,1.0,0,0,0.0,0.0,1.0,1.0,0.0012995619413464449,0.0,0.004261363636363636,0.005272727272727273,0.111125,0.1
streaming,ewr-11,duration,intact,0,11,11,11,11,1.0,1.0,1.0,0,0,0.0,0.0,1.0,1.0,0.03278135284104264,0.0,0.004261363636363636,0.005272727272727273,0.111125,0.1
fixed,ewr-11,duration,intact,0,11,17,8,1,0.058823529411764705,0.09090909090909091,0.07142857142857142,8,3,0.7272727272727273,0.2727272727272727,0.7272727272727273,0.7272727272727273,0.022487893243725576,0.0,0.017718750000000002,0.022078125,-0.00175,0.0
oracle-boundary,ewr-11,duration,intact,0,11,11,11,11,1.0,1.0,1.0,0,0,0.0,0.0,1.0,1.0,0.0011014876725380677,0.0,0.0,0.0,0.06225,0.06225
repaired,ewr-11,duration,intact,1,11,11,11,11,1.0,1.0,1.0,0,0,0.0,0.0,1.0,1.0,0.0012936020865194177,0.0,0.004318181818181818,0.005693181818181819,0.111125,0.096
streaming,ewr-11,duration,intact,1,11,11,11,11,1.0,1.0,1.0,0,0,0.0,0.0,1.0,1.0,0.028982233801384052,0.0,0.004318181818181818,0.005693181818181819,0.111125,0.096
fixed,ewr-11,duration,intact,1,11,17,8,1,0.058823529411764705,0.09090909090909091,0.07142857142857142,8,3,0.7272727272727273,0.2727272727272727,0.7272727272727273,0.7272727272727273,0.02249619904765332,0.0,0.017718750000000002,0.022078125,-0.00175,0.0
oracle-boundary,ewr-11,duration,intact,1,11,11,11,11,1.0,1.0,1.0,0,0,0.0,0.0,1.0,1.0,0.0011014876725380677,0.0,0.0,0.0,0.06225,0.06225
repaired,ewr-11,joint,intact,0,11,11,11,11,1.0,1.0,1.0,0,0,0.0,0.0,1.0,1.0,0.0028236228712094787,0.0,0.005670454545454545,0.006681818181818181,0.111125,0.1
streaming,ewr-11,joint,intact,0,11,11,11,11,1.0,1.0,1.0,0,0,0.0,0.0,1.0,1.0,0.06831195633212127,0.0,0.005670454545454545,0.006681818181818181,0.111125,0.1
fixed,ewr-11,joint,intact,0,11,16,8,1,0.0625,0.09090909090909091,0.07407407407407407,7,3,0.6363636363636364,0.2727272727272727,0.7272727272727273,0.7272727272727273,0.022495759282821215,0.0,0.017718750000000002,0.022078125,-0.00175,0.0
oracle-boundary,ewr-11,joint,intact,0,11,11,11,11,1.0,1.0,1.0,0,0,0.0,0.0,1.0,1.0,0.0026747993199481746,0.0,0.0,0.0,0.06225,0.06225
repaired,ewr-11,joint,intact,1,11,11,11,11,1.0,1.0,1.0,0,0,0.0,0.0,1.0,1.0,0.0027014606124434433,0.0,0.005670454545454545,0.007045454545454546,0.111125,0.096
streaming,ewr-11,joint,intact,1,11,11,11,11,1.0,1.0,1.0,0,0,0.0,0.0,1.0,1.0,0.07043450223160651,0.0,0.005670454545454545,0.007045454545454546,0.111125,0.096
fixed,ewr-11,joint,intact,1,11,17,8,1,0.058823529411764705,0.09090909090909091,0.07142857142857142,8,3,0.7272727272727273,0.2727272727272727,0.7272727272727273,0.7272727272727273,0.022471869197386418,0.0,0.017718750000000002,0.022078125,-0.00175,0.0
oracle-boundary,ewr-11,joint,intact,1,11,11,11,11,1.0,1.0,1.0,0,0,0.0,0.0,1.0,1.0,0.0026747993199481746,0.0,0.0,0.0,0.06225,0.06225
repaired,ewr-11,joint,reset,0,3,3,3,3,1.0,1.0,1.0,0,0,0.0,0.0,1.0,1.0,0.0014140383923949191,0.0,0.0037916666666666667,0.004666666666666667,0.088375,0.076
streaming,ewr-11,joint,reset,0,3,3,3,3,1.0,1.0,1.0,0,0,0.0,0.0,1.0,1.0,0.0171489306090938,0.0,0.0037916666666666667,0.004666666666666667,0.088375,0.076
fixed,ewr-11,joint,reset,0,3,5,2,0,0.0,0.0,0.0,3,1,1.0,0.3333333333333333,0.6666666666666666,0.6666666666666666,0.0004034535616312951,0.0,0.015437500000000002,0.0251875,-0.0155,0.0
oracle-boundary,ewr-11,joint,reset,0,3,3,3,3,1.0,1.0,1.0,0,0,0.0,0.0,1.0,1.0,0.0011177432456908794,0.0,0.0,0.0,0.0485,0.0485
repaired,ewr-11,joint,reset,1,3,3,3,3,1.0,1.0,1.0,0,0,0.0,0.0,1.0,1.0,0.0014140383923949191,0.0,0.0037916666666666667,0.004666666666666667,0.088375,0.076
streaming,ewr-11,joint,reset,1,3,3,3,3,1.0,1.0,1.0,0,0,0.0,0.0,1.0,1.0,0.0171489306090938,0.0,0.0037916666666666667,0.004666666666666667,0.088375,0.076
fixed,ewr-11,joint,reset,1,3,5,2,0,0.0,0.0,0.0,3,1,1.0,0.3333333333333333,0.6666666666666666,0.6666666666666666,0.0004034535616312951,0.0,0.015437500000000002,0.0251875,-0.0155,0.0
oracle-boundary,ewr-11,joint,reset,1,3,3,3,3,1.0,1.0,1.0,0,0,0.0,0.0,1.0,1.0,0.0011177432456908794,0.0,0.0,0.0,0.0485,0.0485
repaired,ewr-11,joint,removal,0,9,9,9,9,1.0,1.0,1.0,0,0,0.0,0.0,1.0,1.0,0.002350518423472497,0.0,0.005319444444444444,0.006680555555555556,0.0968125,0.084
streaming,ewr-11,joint,removal,0,9,9,9,9,1.0,1.0,1.0,0,0,0.0,0.0,1.0,1.0,0.045080896148887696,0.0,0.005319444444444444,0.006680555555555556,0.0968125,0.084
fixed,ewr-11,joint,removal,0,9,14,6,0,0.0,0.0,0.0,7,2,0.7777777777777778,0.2222222222222222,0.6666666666666666,0.6666666666666666,0.02856426703894736,0.0,0.015208333333333332,0.026333333333333334,-0.01225,0.0
oracle-boundary,ewr-11,joint,removal,0,9,9,9,9,1.0,1.0,1.0,0,0,0.0,0.0,1.0,1.0,0.0023929630351571993,0.0,0.0,0.0,0.05175,0.05175
repaired,ewr-11,joint,removal,1,9,9,9,9,1.0,1.0,1.0,0,0,0.0,0.0,1.0,1.0,0.002350518423472497,0.0,0.005319444444444444,0.006680555555555556,0.0968125,0.084
streaming,ewr-11,joint,removal,1,9,9,9,9,1.0,1.0,1.0,0,0,0.0,0.0,1.0,1.0,0.045080896148887696,0.0,0.005319444444444444,0.006680555555555556,0.0968125,0.084
fixed,ewr-11,joint,removal,1,9,14,6,0,0.0,0.0,0.0,7,2,0.7777777777777778,0.2222222222222222,0.6666666666666666,0.6666666666666666,0.02856426703894736,0.0,0.015208333333333332,0.026333333333333334,-0.01225,0.0
oracle-boundary,ewr-11,joint,removal,1,9,9,9,9,1.0,1.0,1.0,0,0,0.0,0.0,1.0,1.0,0.0023929630351571993,0.0,0.0,0.0,0.05175,0.05175
repaired,ewr-11,joint,swap,0,11,11,11,11,1.0,1.0,1.0,0,0,0.0,0.0,1.0,1.0,0.0027014606124434433,0.0,0.005670454545454545,0.007045454545454546,0.111125,0.096
streaming,ewr-11,joint,swap,0,11,11,11,11,1.0,1.0,1.0,0,0,0.0,0.0,1.0,1.0,0.07043450223160651,0.0,0.005670454545454545,0.007045454545454546,0.111125,0.096
fixed,ewr-11,joint,swap,0,11,17,8,1,0.058823529411764705,0.09090909090909091,0.07142857142857142,8,3,0.7272727272727273,0.2727272727272727,0.7272727272727273,0.7272727272727273,0.022471869197386418,0.0,0.017718750000000002,0.022078125,-0.00175,0.0
oracle-boundary,ewr-11,joint,swap,0,11,11,11,11,1.0,1.0,1.0,0,0,0.0,0.0,1.0,1.0,0.0026747993199481746,0.0,0.0,0.0,0.06225,0.06225
repaired,ewr-11,joint,swap,1,11,11,11,11,1.0,1.0,1.0,0,0,0.0,0.0,1.0,1.0,0.0028236228712094787,0.0,0.005670454545454545,0.006681818181818181,0.111125,0.1
streaming,ewr-11,joint,swap,1,11,11,11,11,1.0,1.0,1.0,0,0,0.0,0.0,1.0,1.0,0.06831195633212127,0.0,0.005670454545454545,0.006681818181818181,0.111125,0.1
fixed,ewr-11,joint,swap,1,11,16,8,1,0.0625,0.09090909090909091,0.07407407407407407,7,3,0.6363636363636364,0.2727272727272727,0.7272727272727273,0.7272727272727273,0.022495759282821215,0.0,0.017718750000000002,0.022078125,-0.00175,0.0
oracle-boundary,ewr-11,joint,swap,1,11,11,11,11,1.0,1.0,1.0,0,0,0.0,0.0,1.0,1.0,0.0026747993199481746,0.0,0.0,0.0,0.06225,0.06225
repaired,ewr-11,joint,shuffle,0,11,11,11,11,1.0,1.0,1.0,0,0,0.0,0.0,1.0,1.0,0.002825809930140366,0.0,0.006034090909090908,0.0074090909090909094,0.111125,0.096
streaming,ewr-11,joint,shuffle,0,11,11,11,11,1.0,1.0,1.0,0,0,0.0,0.0,1.0,1.0,0.0719099690812115,0.0,0.006034090909090908,0.0074090909090909094,0.111125,0.096
fixed,ewr-11,joint,shuffle,0,11,17,8,1,0.058823529411764705,0.09090909090909091,0.07142857142857142,9,4,0.8181818181818182,0.36363636363636365,0.7272727272727273,0.7272727272727273,0.031738086635370255,0.0,0.017718750000000002,0.022078125,-0.00175,0.0
oracle-boundary,ewr-11,joint,shuffle,0,11,11,11,11,1.0,1.0,1.0,0,0,0.0,0.0,1.0,1.0,0.0026747993199481746,0.0,0.0,0.0,0.06225,0.06225
repaired,ewr-11,joint,shuffle,1,11,11,11,11,1.0,1.0,1.0,0,0,0.0,0.0,1.0,1.0,0.002947698298739451,0.0,0.006034090909090908,0.007045454545454546,0.111125,0.1
streaming,ewr-11,joint,shuffle,1,11,11,11,11,1.0,1.0,1.0,0,0,0.0,0.0,1.0,1.0,0.06955549408976515,0.0,0.006034090909090908,0.007045454545454546,0.111125,0.1
fixed,ewr-11,joint,shuffle,1,11,16,8,1,0.0625,0.09090909090909091,0.07407407407407407,8,4,0.7272727272727273,0.36363636363636365,0.7272727272727273,0.7272727272727273,0.03176197672080505,0.0,0.017718750000000002,0.022078125,-0.00175,0.0
oracle-boundary,ewr-11,joint,shuffle,1,11,11,11,11,1.0,1.0,1.0,0,0,0.0,0.0,1.0,1.0,0.0026747993199481746,0.0,0.0,0.0,0.06225,0.06225
repaired,ewr-11,joint,ambiguous,0,11,11,11,11,1.0,1.0,1.0,0,0,0.0,0.0,1.0,1.0,0.002750496918419352,0.0,0.005670454545454545,0.006681818181818181,0.111125,0.1
streaming,ewr-11,joint,ambiguous,0,11,11,11,11,1.0,1.0,1.0,0,0,0.0,0.0,1.0,1.0,0.0651611975745574,0.0,0.005670454545454545,0.006681818181818181,0.111125,0.1
fixed,ewr-11,joint,ambiguous,0,11,17,8,1,0.058823529411764705,0.09090909090909091,0.07142857142857142,9,4,0.8181818181818182,0.36363636363636365,0.7272727272727273,0.7272727272727273,0.03149386121883513,0.0,0.017718750000000002,0.022078125,-0.00175,0.0
oracle-boundary,ewr-11,joint,ambiguous,0,11,11,11,11,1.0,1.0,1.0,0,0,0.0,0.0,1.0,1.0,0.0025563856311204736,0.0,0.0,0.0,0.06225,0.06225
repaired,ewr-11,joint,ambiguous,1,11,11,11,11,1.0,1.0,1.0,0,0,0.0,0.0,1.0,1.0,0.002750496918419352,0.0,0.005670454545454545,0.006681818181818181,0.111125,0.1
streaming,ewr-11,joint,ambiguous,1,11,11,11,11,1.0,1.0,1.0,0,0,0.0,0.0,1.0,1.0,0.0651611975745574,0.0,0.005670454545454545,0.006681818181818181,0.111125,0.1
fixed,ewr-11,joint,ambiguous,1,11,17,8,1,0.058823529411764705,0.09090909090909091,0.07142857142857142,9,4,0.8181818181818182,0.36363636363636365,0.7272727272727273,0.7272727272727273,0.03149386121883513,0.0,0.017718750000000002,0.022078125,-0.00175,0.0
oracle-boundary,ewr-11,joint,ambiguous,1,11,11,11,11,1.0,1.0,1.0,0,0,0.0,0.0,1.0,1.0,0.0025563856311204736,0.0,0.0,0.0,0.06225,0.06225
repaired,ewr-12,detached,intact,0,11,11,11,11,1.0,1.0,1.0,0,0,0.0,0.0,1.0,1.0,0.008205057046229657,0.0,0.007011363636363635,0.008710227272727272,0.0809375,0.084
streaming,ewr-12,detached,intact,0,11,11,11,11,1.0,1.0,1.0,0,0,0.0,0.0,1.0,1.0,0.06262222259615964,0.0,0.007011363636363635,0.008710227272727272,0.0809375,0.084
fixed,ewr-12,detached,intact,0,11,9,8,4,0.4444444444444444,0.36363636363636365,0.4,0,0,0.0,0.0,0.7272727272727273,0.7272727272727273,0.011478687622237804,0.0,0.014875,0.01725,0.004375,0.0
oracle-boundary,ewr-12,detached,intact,0,11,11,11,11,1.0,1.0,1.0,0,0,0.0,0.0,1.0,1.0,0.0048341953224251685,0.0,0.0,0.0,0.0635,0.0635
repaired,ewr-12,detached,intact,1,11,11,11,11,1.0,1.0,1.0,0,0,0.0,0.0,1.0,1.0,0.0033713918990417565,0.0,0.007011363636363636,0.008710227272727274,0.0809375,0.076
streaming,ewr-12,detached,intact,1,11,11,11,11,1.0,1.0,1.0,0,0,0.0,0.0,1.0,1.0,0.057354226682276147,0.0,0.007011363636363636,0.008710227272727274,0.0809375,0.076
fixed,ewr-12,detached,intact,1,11,9,8,4,0.4444444444444444,0.36363636363636365,0.4,0,0,0.0,0.0,0.7272727272727273,0.7272727272727273,0.008269133236244536,0.0,0.014875,0.01725,0.004375,0.0
oracle-boundary,ewr-12,detached,intact,1,11,11,11,11,1.0,1.0,1.0,0,0,0.0,0.0,1.0,1.0,0.0048341953224251685,0.0,0.0,0.0,0.0635,0.0635
repaired,ewr-12,legato,intact,0,11,12,11,11,0.9166666666666666,1.0,0.9565217391304348,0,0,0.0,0.0,1.0,1.0,0.0003693438751097844,0.0,0.006977272727272727,0.006755681818181819,0.0809375,0.08
streaming,ewr-12,legato,intact,0,11,12,11,11,0.9166666666666666,1.0,0.9565217391304348,0,0,0.0,0.0,0.9090909090909091,0.9090909090909091,0.09726212763407974,0.0,0.006977272727272727,0.006755681818181819,0.0809375,0.08
fixed,ewr-12,legato,intact,0,11,11,8,4,0.36363636363636365,0.36363636363636365,0.36363636363636365,3,2,0.2727272727272727,0.18181818181818182,0.7272727272727273,0.7272727272727273,0.010191790695736724,0.0,0.014875,0.01725,0.004375,0.0
oracle-boundary,ewr-12,legato,intact,0,11,11,11,11,1.0,1.0,1.0,0,0,0.0,0.0,1.0,1.0,0.00023137123632462192,0.0,0.0,0.0,0.0635,0.0635
repaired,ewr-12,legato,intact,1,11,12,11,11,0.9166666666666666,1.0,0.9565217391304348,0,0,0.0,0.0,1.0,1.0,0.00036099482746159757,0.0,0.006977272727272727,0.006426136363636364,0.0809375,0.08
streaming,ewr-12,legato,intact,1,11,12,11,11,0.9166666666666666,1.0,0.9565217391304348,0,0,0.0,0.0,0.9090909090909091,0.9090909090909091,0.10023420086246275,0.0,0.006977272727272727,0.006426136363636364,0.0809375,0.08
fixed,ewr-12,legato,intact,1,11,11,8,4,0.36363636363636365,0.36363636363636365,0.36363636363636365,3,2,0.2727272727272727,0.18181818181818182,0.7272727272727273,0.7272727272727273,0.008595019949437177,0.0,0.014875,0.01725,0.004375,0.0
oracle-boundary,ewr-12,legato,intact,1,11,11,11,11,1.0,1.0,1.0,0,0,0.0,0.0,1.0,1.0,0.00023137123632462192,0.0,0.0,0.0,0.0635,0.0635
repaired,ewr-12,duration,intact,0,11,11,11,11,1.0,1.0,1.0,0,0,0.0,0.0,1.0,1.0,0.002421788895417907,0.0,0.00986931818181818,0.010454545454545454,0.09025,0.088
streaming,ewr-12,duration,intact,0,11,11,11,11,1.0,1.0,1.0,0,0,0.0,0.0,0.6363636363636364,0.7272727272727273,2.4851213572424733,0.0,0.00986931818181818,0.010454545454545454,0.09025,0.088
fixed,ewr-12,duration,intact,0,11,10,7,1,0.1,0.09090909090909091,0.09523809523809523,0,0,0.0,0.0,0.6363636363636364,0.6363636363636364,0.010073393629417378,0.0,0.018151785714285714,0.021955357142857145,-0.00325,0.0
oracle-boundary,ewr-12,duration,intact,0,11,11,11,11,1.0,1.0,1.0,0,0,0.0,0.0,1.0,1.0,0.00021652982948704538,0.0,0.0,0.0,0.06075,0.06075
repaired,ewr-12,duration,intact,1,11,11,11,11,1.0,1.0,1.0,0,0,0.0,0.0,1.0,1.0,0.00242731066194017,0.0,0.00986931818181818,0.010159090909090908,0.0955,0.088
streaming,ewr-12,duration,intact,1,11,11,11,11,1.0,1.0,1.0,0,0,0.0,0.0,0.6363636363636364,0.7272727272727273,2.4843960950968085,0.0,0.00986931818181818,0.010159090909090908,0.0955,0.088
fixed,ewr-12,duration,intact,1,11,9,7,1,0.1111111111111111,0.09090909090909091,0.1,0,0,0.0,0.0,0.6363636363636364,0.6363636363636364,0.009952304079456782,0.0,0.018151785714285714,0.021955357142857145,-0.00325,0.0
oracle-boundary,ewr-12,duration,intact,1,11,11,11,11,1.0,1.0,1.0,0,0,0.0,0.0,1.0,1.0,0.00021652982948704538,0.0,0.0,0.0,0.06075,0.06075
repaired,ewr-12,joint,intact,0,11,11,11,11,1.0,1.0,1.0,0,0,0.0,0.0,1.0,1.0,0.0023784916023042294,0.0,0.01059659090909091,0.01118181818181818,0.0914375,0.088
streaming,ewr-12,joint,intact,0,11,11,11,11,1.0,1.0,1.0,0,0,0.0,0.0,0.5454545454545454,0.7272727272727273,3.9742086936267595,0.09090909090909091,0.01059659090909091,0.01118181818181818,0.0914375,0.088
fixed,ewr-12,joint,intact,0,11,10,7,1,0.1,0.09090909090909091,0.09523809523809523,0,0,0.0,0.0,0.6363636363636364,0.6363636363636364,0.0074814473137215,0.0,0.018151785714285714,0.021955357142857145,-0.00325,0.0
oracle-boundary,ewr-12,joint,intact,0,11,11,11,11,1.0,1.0,1.0,0,0,0.0,0.0,1.0,1.0,0.00023404626920090185,0.0,0.0,0.0,0.06075,0.06075
repaired,ewr-12,joint,intact,1,11,11,11,11,1.0,1.0,1.0,0,0,0.0,0.0,1.0,1.0,0.0023840133688264927,0.0,0.01059659090909091,0.010886363636363637,0.0955,0.088
streaming,ewr-12,joint,intact,1,11,11,11,11,1.0,1.0,1.0,0,0,0.0,0.0,0.5454545454545454,0.7272727272727273,3.9734834314810943,0.09090909090909091,0.01059659090909091,0.010886363636363637,0.0955,0.088
fixed,ewr-12,joint,intact,1,11,9,7,1,0.1111111111111111,0.09090909090909091,0.1,0,0,0.0,0.0,0.6363636363636364,0.6363636363636364,0.007360357763760904,0.0,0.018151785714285714,0.021955357142857145,-0.00325,0.0
oracle-boundary,ewr-12,joint,intact,1,11,11,11,11,1.0,1.0,1.0,0,0,0.0,0.0,1.0,1.0,0.00023404626920090185,0.0,0.0,0.0,0.06075,0.06075
repaired,ewr-12,joint,reset,0,3,3,3,3,1.0,1.0,1.0,0,0,0.0,0.0,1.0,1.0,0.0004566516604923206,0.0,0.011104166666666667,0.010583333333333333,0.0914375,0.088
streaming,ewr-12,joint,reset,0,3,3,3,3,1.0,1.0,1.0,0,0,0.0,0.0,0.3333333333333333,1.0,10.334918832037543,0.3333333333333333,0.011104166666666667,0.010583333333333333,0.0914375,0.088
fixed,ewr-12,joint,reset,0,3,3,2,0,0.0,0.0,0.0,0,0,0.0,0.0,0.6666666666666666,0.6666666666666666,0.007243458514712975,0.0,0.01534375,0.02696875,-0.017375,0.0
oracle-boundary,ewr-12,joint,reset,0,3,3,3,3,1.0,1.0,1.0,0,0,0.0,0.0,1.0,1.0,0.0002854639125939122,0.0,0.0,0.0,0.046625,0.046625
repaired,ewr-12,joint,reset,1,3,3,3,3,1.0,1.0,1.0,0,0,0.0,0.0,1.0,1.0,0.0004566516604923206,0.0,0.011104166666666667,0.010583333333333333,0.0914375,0.088
streaming,ewr-12,joint,reset,1,3,3,3,3,1.0,1.0,1.0,0,0,0.0,0.0,0.3333333333333333,1.0,10.334918832037543,0.3333333333333333,0.011104166666666667,0.010583333333333333,0.0914375,0.088
fixed,ewr-12,joint,reset,1,3,3,2,0,0.0,0.0,0.0,0,0,0.0,0.0,0.6666666666666666,0.6666666666666666,0.007243458514712975,0.0,0.01534375,0.02696875,-0.017375,0.0
oracle-boundary,ewr-12,joint,reset,1,3,3,3,3,1.0,1.0,1.0,0,0,0.0,0.0,1.0,1.0,0.0002854639125939122,0.0,0.0,0.0,0.046625,0.046625
repaired,ewr-12,joint,removal,0,9,9,9,9,1.0,1.0,1.0,0,0,0.0,0.0,1.0,1.0,0.0028741990896527575,0.0,0.010215277777777778,0.01023611111111111,0.0955,0.096
streaming,ewr-12,joint,removal,0,9,9,9,9,1.0,1.0,1.0,0,0,0.0,0.0,0.6666666666666666,0.8888888888888888,3.9732252901506087,0.1111111111111111,0.010215277777777778,0.01023611111111111,0.0955,0.096
fixed,ewr-12,joint,removal,0,9,9,5,0,0.0,0.0,0.0,0,0,0.0,0.0,0.5555555555555556,0.5555555555555556,0.010246512546558062,0.0,0.0156875,0.0265625,-0.013375,0.0
oracle-boundary,ewr-12,joint,removal,0,9,9,9,9,1.0,1.0,1.0,0,0,0.0,0.0,1.0,1.0,0.00023062344562579321,0.0,0.0,0.0,0.050625,0.050625
repaired,ewr-12,joint,removal,1,9,9,9,9,1.0,1.0,1.0,0,0,0.0,0.0,1.0,1.0,0.0028741990896527575,0.0,0.010215277777777778,0.01023611111111111,0.0955,0.096
streaming,ewr-12,joint,removal,1,9,9,9,9,1.0,1.0,1.0,0,0,0.0,0.0,0.6666666666666666,0.8888888888888888,3.9732252901506087,0.1111111111111111,0.010215277777777778,0.01023611111111111,0.0955,0.096
fixed,ewr-12,joint,removal,1,9,9,5,0,0.0,0.0,0.0,0,0,0.0,0.0,0.5555555555555556,0.5555555555555556,0.010246512546558062,0.0,0.0156875,0.0265625,-0.013375,0.0
oracle-boundary,ewr-12,joint,removal,1,9,9,9,9,1.0,1.0,1.0,0,0,0.0,0.0,1.0,1.0,0.00023062344562579321,0.0,0.0,0.0,0.050625,0.050625
repaired,ewr-12,joint,swap,0,11,11,11,11,1.0,1.0,1.0,0,0,0.0,0.0,1.0,1.0,0.0023840133688264927,0.0,0.01059659090909091,0.010886363636363637,0.0955,0.088
streaming,ewr-12,joint,swap,0,11,11,11,11,1.0,1.0,1.0,0,0,0.0,0.0,0.5454545454545454,0.7272727272727273,3.9734834314810943,0.09090909090909091,0.01059659090909091,0.010886363636363637,0.0955,0.088
fixed,ewr-12,joint,swap,0,11,9,7,1,0.1111111111111111,0.09090909090909091,0.1,0,0,0.0,0.0,0.6363636363636364,0.6363636363636364,0.007360357763760904,0.0,0.018151785714285714,0.021955357142857145,-0.00325,0.0
oracle-boundary,ewr-12,joint,swap,0,11,11,11,11,1.0,1.0,1.0,0,0,0.0,0.0,1.0,1.0,0.00023404626920090185,0.0,0.0,0.0,0.06075,0.06075
repaired,ewr-12,joint,swap,1,11,11,11,11,1.0,1.0,1.0,0,0,0.0,0.0,1.0,1.0,0.0023784916023042294,0.0,0.01059659090909091,0.01118181818181818,0.0914375,0.088
streaming,ewr-12,joint,swap,1,11,11,11,11,1.0,1.0,1.0,0,0,0.0,0.0,0.5454545454545454,0.7272727272727273,3.9742086936267595,0.09090909090909091,0.01059659090909091,0.01118181818181818,0.0914375,0.088
fixed,ewr-12,joint,swap,1,11,10,7,1,0.1,0.09090909090909091,0.09523809523809523,0,0,0.0,0.0,0.6363636363636364,0.6363636363636364,0.0074814473137215,0.0,0.018151785714285714,0.021955357142857145,-0.00325,0.0
oracle-boundary,ewr-12,joint,swap,1,11,11,11,11,1.0,1.0,1.0,0,0,0.0,0.0,1.0,1.0,0.00023404626920090185,0.0,0.0,0.0,0.06075,0.06075
repaired,ewr-12,joint,shuffle,0,11,11,11,11,1.0,1.0,1.0,0,0,0.0,0.0,1.0,1.0,0.00043680757598239177,0.0,0.010232954545454545,0.010522727272727272,0.0955,0.088
streaming,ewr-12,joint,shuffle,0,11,11,11,11,1.0,1.0,1.0,0,0,0.0,0.0,0.7272727272727273,0.9090909090909091,3.211893788136045,0.09090909090909091,0.010232954545454545,0.010522727272727272,0.0955,0.088
fixed,ewr-12,joint,shuffle,0,11,10,8,1,0.1,0.09090909090909091,0.09523809523809523,1,0,0.09090909090909091,0.0,0.7272727272727273,0.7272727272727273,0.04071977415107819,0.0,0.0208828125,0.0206953125,0.011875,0.0
oracle-boundary,ewr-12,joint,shuffle,0,11,11,11,11,1.0,1.0,1.0,0,0,0.0,0.0,1.0,1.0,0.00023404626920090185,0.0,0.0,0.0,0.06075,0.06075
repaired,ewr-12,joint,shuffle,1,11,11,11,11,1.0,1.0,1.0,0,0,0.0,0.0,1.0,1.0,0.00041760269606193714,0.0,0.010232954545454545,0.010818181818181817,0.0914375,0.088
streaming,ewr-12,joint,shuffle,1,11,11,11,11,1.0,1.0,1.0,0,0,0.0,0.0,0.6363636363636364,0.8181818181818182,3.546971522105122,0.09090909090909091,0.010232954545454545,0.010818181818181817,0.0914375,0.088
fixed,ewr-12,joint,shuffle,1,11,11,8,1,0.09090909090909091,0.09090909090909091,0.09090909090909091,1,0,0.09090909090909091,0.0,0.7272727272727273,0.7272727272727273,0.04082572750729371,0.0,0.0208828125,0.0206953125,0.011875,0.0
oracle-boundary,ewr-12,joint,shuffle,1,11,11,11,11,1.0,1.0,1.0,0,0,0.0,0.0,1.0,1.0,0.00023404626920090185,0.0,0.0,0.0,0.06075,0.06075
repaired,ewr-12,joint,ambiguous,0,11,11,11,11,1.0,1.0,1.0,0,0,0.0,0.0,1.0,1.0,0.00036375425424055183,0.0,0.009869318181818182,0.010454545454545454,0.0914375,0.088
streaming,ewr-12,joint,ambiguous,0,11,11,11,11,1.0,1.0,1.0,0,0,0.0,0.0,0.6363636363636364,0.8181818181818182,3.5589282060390244,0.09090909090909091,0.009869318181818182,0.010454545454545454,0.0914375,0.088
fixed,ewr-12,joint,ambiguous,0,11,11,8,1,0.09090909090909091,0.09090909090909091,0.09090909090909091,1,0,0.09090909090909091,0.0,0.7272727272727273,0.7272727272727273,0.04080235751396502,0.0,0.0208828125,0.0206953125,0.011875,0.0
oracle-boundary,ewr-12,joint,ambiguous,0,11,11,11,11,1.0,1.0,1.0,0,0,0.0,0.0,1.0,1.0,0.0002377246916534363,0.0,0.0,0.0,0.06075,0.06075
repaired,ewr-12,joint,ambiguous,1,11,11,11,11,1.0,1.0,1.0,0,0,0.0,0.0,1.0,1.0,0.00036375425424055183,0.0,0.009869318181818182,0.010454545454545454,0.0914375,0.088
streaming,ewr-12,joint,ambiguous,1,11,11,11,11,1.0,1.0,1.0,0,0,0.0,0.0,0.6363636363636364,0.8181818181818182,3.5589282060390244,0.09090909090909091,0.009869318181818182,0.010454545454545454,0.0914375,0.088
fixed,ewr-12,joint,ambiguous,1,11,11,8,1,0.09090909090909091,0.09090909090909091,0.09090909090909091,1,0,0.09090909090909091,0.0,0.7272727272727273,0.7272727272727273,0.04080235751396502,0.0,0.0208828125,0.0206953125,0.011875,0.0
oracle-boundary,ewr-12,joint,ambiguous,1,11,11,11,11,1.0,1.0,1.0,0,0,0.0,0.0,1.0,1.0,0.0002377246916534363,0.0,0.0,0.0,0.06075,0.06075
repaired,ewr-13,detached,intact,0,11,11,11,11,1.0,1.0,1.0,0,0,0.0,0.0,1.0,1.0,0.0003401344306907881,0.0,0.004664772727272727,0.004653409090909091,0.10725,0.104
streaming,ewr-13,detached,intact,0,11,11,11,11,1.0,1.0,1.0,0,0,0.0,0.0,1.0,1.0,0.05225369526899995,0.0,0.004664772727272727,0.004653409090909091,0.10725,0.104
fixed,ewr-13,detached,intact,0,11,13,9,4,0.3076923076923077,0.36363636363636365,0.3333333333333333,2,0,0.18181818181818182,0.0,0.7272727272727273,0.8181818181818182,1.344900525018148,0.09090909090909091,0.01726388888888889,0.016951388888888887,0.0078125,0.0
oracle-boundary,ewr-13,detached,intact,0,11,11,11,11,1.0,1.0,1.0,0,0,0.0,0.0,1.0,1.0,0.0026252983893332205,0.0,0.0,0.0,0.062375,0.062375
repaired,ewr-13,detached,intact,1,11,11,11,11,1.0,1.0,1.0,0,0,0.0,0.0,1.0,1.0,0.0003375796045313512,0.0,0.005028409090909091,0.005380681818181818,0.10725,0.104
streaming,ewr-13,detached,intact,1,11,11,11,11,1.0,1.0,1.0,0,0,0.0,0.0,1.0,1.0,0.06041479752277056,0.0,0.005028409090909091,0.005380681818181818,0.10725,0.104
fixed,ewr-13,detached,intact,1,11,14,9,4,0.2857142857142857,0.36363636363636365,0.32,2,0,0.18181818181818182,0.0,0.7272727272727273,0.8181818181818182,1.3465826090305797,0.09090909090909091,0.01726388888888889,0.016951388888888887,0.0078125,0.0
oracle-boundary,ewr-13,detached,intact,1,11,11,11,11,1.0,1.0,1.0,0,0,0.0,0.0,1.0,1.0,0.0026252983893332205,0.0,0.0,0.0,0.062375,0.062375
repaired,ewr-13,legato,intact,0,11,11,11,11,1.0,1.0,1.0,0,0,0.0,0.0,1.0,1.0,0.0003408660756870125,0.0,0.007573863636363636,0.010107954545454545,0.1134375,0.104
streaming,ewr-13,legato,intact,0,11,11,11,11,1.0,1.0,1.0,0,0,0.0,0.0,0.6363636363636364,1.0,5.748671524127874,0.18181818181818182,0.007573863636363636,0.010107954545454545,0.1134375,0.104
fixed,ewr-13,legato,intact,0,11,13,9,4,0.3076923076923077,0.36363636363636365,0.3333333333333333,1,0,0.09090909090909091,0.0,0.7272727272727273,0.8181818181818182,1.3530353545130334,0.09090909090909091,0.01726388888888889,0.016951388888888887,0.0078125,0.0
oracle-boundary,ewr-13,legato,intact,0,11,11,11,11,1.0,1.0,1.0,0,0,0.0,0.0,1.0,1.0,0.00028040004369624745,0.0,0.0,0.0,0.062375,0.062375
repaired,ewr-13,legato,intact,1,11,11,11,11,1.0,1.0,1.0,0,0,0.0,0.0,1.0,1.0,0.00038833939585071096,0.0,0.007573863636363636,0.01047159090909091,0.1134375,0.1
streaming,ewr-13,legato,intact,1,11,11,11,11,1.0,1.0,1.0,0,0,0.0,0.0,0.6363636363636364,1.0,5.745678036120893,0.18181818181818182,0.007573863636363636,0.01047159090909091,0.1134375,0.1
fixed,ewr-13,legato,intact,1,11,13,9,4,0.3076923076923077,0.36363636363636365,0.3333333333333333,1,0,0.09090909090909091,0.0,0.7272727272727273,0.8181818181818182,1.3522110286518854,0.09090909090909091,0.01726388888888889,0.016951388888888887,0.0078125,0.0
oracle-boundary,ewr-13,legato,intact,1,11,11,11,11,1.0,1.0,1.0,0,0,0.0,0.0,1.0,1.0,0.00028040004369624745,0.0,0.0,0.0,0.062375,0.062375
repaired,ewr-13,duration,intact,0,11,11,11,11,1.0,1.0,1.0,0,0,0.0,0.0,1.0,1.0,0.00028937180318406257,0.0,0.007159090909090909,0.009886363636363636,0.109625,0.1
streaming,ewr-13,duration,intact,0,11,11,11,11,1.0,1.0,1.0,0,0,0.0,0.0,0.6363636363636364,1.0,5.764779375638866,0.18181818181818182,0.007159090909090909,0.009886363636363636,0.109625,0.1
fixed,ewr-13,duration,intact,0,11,13,8,1,0.07692307692307693,0.09090909090909091,0.08333333333333333,1,0,0.09090909090909091,0.0,0.6363636363636364,0.7272727272727273,3.0088994308136936,0.0,0.017390625,0.02446875,-0.00475,0.0
oracle-boundary,ewr-13,duration,intact,0,11,11,11,11,1.0,1.0,1.0,0,0,0.0,0.0,1.0,1.0,0.00021806706515822586,0.0,0.0,0.0,0.05925,0.05925
repaired,ewr-13,duration,intact,1,11,11,11,11,1.0,1.0,1.0,0,0,0.0,0.0,1.0,1.0,0.00025541784585556763,0.0,0.0067954545454545455,0.009886363636363636,0.109625,0.096
streaming,ewr-13,duration,intact,1,11,11,11,11,1.0,1.0,1.0,0,0,0.0,0.0,0.6363636363636364,1.0,5.74895696048189,0.18181818181818182,0.0067954545454545455,0.009886363636363636,0.109625,0.096
fixed,ewr-13,duration,intact,1,11,13,8,1,0.07692307692307693,0.09090909090909091,0.08333333333333333,1,0,0.09090909090909091,0.0,0.6363636363636364,0.7272727272727273,3.0089394331020047,0.0,0.017390625,0.02446875,-0.00475,0.0
oracle-boundary,ewr-13,duration,intact,1,11,11,11,11,1.0,1.0,1.0,0,0,0.0,0.0,1.0,1.0,0.00021806706515822586,0.0,0.0,0.0,0.05925,0.05925
repaired,ewr-13,joint,intact,0,11,11,11,11,1.0,1.0,1.0,0,0,0.0,0.0,1.0,1.0,0.0007850023020223256,0.0,0.009704545454545454,0.012431818181818183,0.109625,0.1
streaming,ewr-13,joint,intact,0,11,11,11,11,1.0,1.0,1.0,0,0,0.0,0.0,0.36363636363636365,0.9090909090909091,10.043150215502216,0.18181818181818182,0.009704545454545454,0.012431818181818183,0.109625,0.1
fixed,ewr-13,joint,intact,0,11,12,8,1,0.08333333333333333,0.09090909090909091,0.08695652173913043,1,0,0.09090909090909091,0.0,0.6363636363636364,0.7272727272727273,1.5073647090528572,0.09090909090909091,0.017390625,0.02446875,-0.00475,0.0
oracle-boundary,ewr-13,joint,intact,0,11,11,11,11,1.0,1.0,1.0,0,0,0.0,0.0,1.0,1.0,0.0007955965271668349,0.0,0.0,0.0,0.05925,0.05925
repaired,ewr-13,joint,intact,1,11,11,11,11,1.0,1.0,1.0,0,0,0.0,0.0,1.0,1.0,0.0008665723069762068,0.0,0.009704545454545454,0.012795454545454544,0.109625,0.096
streaming,ewr-13,joint,intact,1,11,11,11,11,1.0,1.0,1.0,0,0,0.0,0.0,0.36363636363636365,1.0,10.85543687490433,0.18181818181818182,0.009704545454545454,0.012795454545454544,0.109625,0.096
fixed,ewr-13,joint,intact,1,11,12,8,1,0.08333333333333333,0.09090909090909091,0.08695652173913043,1,0,0.09090909090909091,0.0,0.6363636363636364,0.7272727272727273,1.507340789405509,0.09090909090909091,0.017390625,0.02446875,-0.00475,0.0
oracle-boundary,ewr-13,joint,intact,1,11,11,11,11,1.0,1.0,1.0,0,0,0.0,0.0,1.0,1.0,0.0007955965271668349,0.0,0.0,0.0,0.05925,0.05925
repaired,ewr-13,joint,reset,0,3,3,3,3,1.0,1.0,1.0,0,0,0.0,0.0,1.0,1.0,4.512101285906548e-05,0.0,0.009083333333333334,0.012916666666666667,0.08975,0.076
streaming,ewr-13,joint,reset,0,3,3,3,3,1.0,1.0,1.0,0,0,0.0,0.0,0.3333333333333333,1.0,10.417312193998663,0.3333333333333333,0.009083333333333334,0.012916666666666667,0.08975,0.076
fixed,ewr-13,joint,reset,0,3,4,2,0,0.0,0.0,0.0,1,0,0.3333333333333333,0.0,0.6666666666666666,0.6666666666666666,0.016705778294644702,0.0,0.01525,0.028749999999999998,-0.01925,0.0
oracle-boundary,ewr-13,joint,reset,0,3,3,3,3,1.0,1.0,1.0,0,0,0.0,0.0,1.0,1.0,9.86853923142424e-05,0.0,0.0,0.0,0.04475,0.04475
repaired,ewr-13,joint,reset,1,3,3,3,3,1.0,1.0,1.0,0,0,0.0,0.0,1.0,1.0,4.512101285906548e-05,0.0,0.009083333333333334,0.012916666666666667,0.08975,0.076
streaming,ewr-13,joint,reset,1,3,3,3,3,1.0,1.0,1.0,0,0,0.0,0.0,0.3333333333333333,1.0,10.417312193998663,0.3333333333333333,0.009083333333333334,0.012916666666666667,0.08975,0.076
fixed,ewr-13,joint,reset,1,3,4,2,0,0.0,0.0,0.0,1,0,0.3333333333333333,0.0,0.6666666666666666,0.6666666666666666,0.016705778294644702,0.0,0.01525,0.028749999999999998,-0.01925,0.0
oracle-boundary,ewr-13,joint,reset,1,3,3,3,3,1.0,1.0,1.0,0,0,0.0,0.0,1.0,1.0,9.86853923142424e-05,0.0,0.0,0.0,0.04475,0.04475
repaired,ewr-13,joint,removal,0,9,9,9,9,1.0,1.0,1.0,0,0,0.0,0.0,1.0,1.0,0.000500499937062039,0.0,0.008888888888888889,0.012430555555555556,0.0941875,0.084
streaming,ewr-13,joint,removal,0,9,9,9,9,1.0,1.0,1.0,0,0,0.0,0.0,0.4444444444444444,1.0,9.04670497500976,0.2222222222222222,0.008888888888888889,0.012430555555555556,0.0941875,0.084
fixed,ewr-13,joint,removal,0,9,11,6,0,0.0,0.0,0.0,2,0,0.2222222222222222,0.0,0.5555555555555556,0.6666666666666666,2.0091415101851284,0.1111111111111111,0.015395833333333333,0.028770833333333332,-0.0145,0.0
oracle-boundary,ewr-13,joint,removal,0,9,9,9,9,1.0,1.0,1.0,0,0,0.0,0.0,1.0,1.0,0.0003939592112885353,0.0,0.0,0.0,0.0495,0.0495
repaired,ewr-13,joint,removal,1,9,9,9,9,1.0,1.0,1.0,0,0,0.0,0.0,1.0,1.0,0.000500499937062039,0.0,0.008888888888888889,0.012430555555555556,0.0941875,0.084
streaming,ewr-13,joint,removal,1,9,9,9,9,1.0,1.0,1.0,0,0,0.0,0.0,0.4444444444444444,1.0,9.04670497500976,0.2222222222222222,0.008888888888888889,0.012430555555555556,0.0941875,0.084
fixed,ewr-13,joint,removal,1,9,11,6,0,0.0,0.0,0.0,2,0,0.2222222222222222,0.0,0.5555555555555556,0.6666666666666666,2.0091415101851284,0.1111111111111111,0.015395833333333333,0.028770833333333332,-0.0145,0.0
oracle-boundary,ewr-13,joint,removal,1,9,9,9,9,1.0,1.0,1.0,0,0,0.0,0.0,1.0,1.0,0.0003939592112885353,0.0,0.0,0.0,0.0495,0.0495
repaired,ewr-13,joint,swap,0,11,11,11,11,1.0,1.0,1.0,0,0,0.0,0.0,1.0,1.0,0.0008665723069762068,0.0,0.009704545454545454,0.012795454545454544,0.109625,0.096
streaming,ewr-13,joint,swap,0,11,11,11,11,1.0,1.0,1.0,0,0,0.0,0.0,0.36363636363636365,1.0,10.85543687490433,0.18181818181818182,0.009704545454545454,0.012795454545454544,0.109625,0.096
fixed,ewr-13,joint,swap,0,11,12,8,1,0.08333333333333333,0.09090909090909091,0.08695652173913043,1,0,0.09090909090909091,0.0,0.6363636363636364,0.7272727272727273,1.507340789405509,0.09090909090909091,0.017390625,0.02446875,-0.00475,0.0
oracle-boundary,ewr-13,joint,swap,0,11,11,11,11,1.0,1.0,1.0,0,0,0.0,0.0,1.0,1.0,0.0007955965271668349,0.0,0.0,0.0,0.05925,0.05925
repaired,ewr-13,joint,swap,1,11,11,11,11,1.0,1.0,1.0,0,0,0.0,0.0,1.0,1.0,0.0007850023020223256,0.0,0.009704545454545454,0.012431818181818183,0.109625,0.1
streaming,ewr-13,joint,swap,1,11,11,11,11,1.0,1.0,1.0,0,0,0.0,0.0,0.36363636363636365,0.9090909090909091,10.043150215502216,0.18181818181818182,0.009704545454545454,0.012431818181818183,0.109625,0.1
fixed,ewr-13,joint,swap,1,11,12,8,1,0.08333333333333333,0.09090909090909091,0.08695652173913043,1,0,0.09090909090909091,0.0,0.6363636363636364,0.7272727272727273,1.5073647090528572,0.09090909090909091,0.017390625,0.02446875,-0.00475,0.0
oracle-boundary,ewr-13,joint,swap,1,11,11,11,11,1.0,1.0,1.0,0,0,0.0,0.0,1.0,1.0,0.0007955965271668349,0.0,0.0,0.0,0.05925,0.05925
repaired,ewr-13,joint,shuffle,0,11,11,11,11,1.0,1.0,1.0,0,0,0.0,0.0,1.0,1.0,0.0008584892638870463,0.0,0.010068181818181818,0.012431818181818183,0.109625,0.096
streaming,ewr-13,joint,shuffle,0,11,11,11,11,1.0,1.0,1.0,0,0,0.0,0.0,0.45454545454545453,0.9090909090909091,8.154947046902102,0.18181818181818182,0.010068181818181818,0.012431818181818183,0.109625,0.096
fixed,ewr-13,joint,shuffle,0,11,13,8,1,0.07692307692307693,0.09090909090909091,0.08333333333333333,2,1,0.18181818181818182,0.09090909090909091,0.6363636363636364,0.7272727272727273,1.511545052997779,0.09090909090909091,0.017390625,0.02446875,-0.00475,0.0
oracle-boundary,ewr-13,joint,shuffle,0,11,11,11,11,1.0,1.0,1.0,0,0,0.0,0.0,1.0,1.0,0.0007955965271668349,0.0,0.0,0.0,0.05925,0.05925
repaired,ewr-13,joint,shuffle,1,11,11,11,11,1.0,1.0,1.0,0,0,0.0,0.0,1.0,1.0,0.000776919258933165,0.0,0.010068181818181818,0.012068181818181818,0.109625,0.1
streaming,ewr-13,joint,shuffle,1,11,11,11,11,1.0,1.0,1.0,0,0,0.0,0.0,0.45454545454545453,0.9090909090909091,8.155063448026707,0.18181818181818182,0.010068181818181818,0.012068181818181818,0.109625,0.1
fixed,ewr-13,joint,shuffle,1,11,13,8,1,0.07692307692307693,0.09090909090909091,0.08333333333333333,2,1,0.18181818181818182,0.09090909090909091,0.6363636363636364,0.7272727272727273,1.5115689726451271,0.09090909090909091,0.017390625,0.02446875,-0.00475,0.0
oracle-boundary,ewr-13,joint,shuffle,1,11,11,11,11,1.0,1.0,1.0,0,0,0.0,0.0,1.0,1.0,0.0007955965271668349,0.0,0.0,0.0,0.05925,0.05925
repaired,ewr-13,joint,ambiguous,0,11,11,11,11,1.0,1.0,1.0,0,0,0.0,0.0,1.0,1.0,0.0008127436316391497,0.0,0.009704545454545454,0.012431818181818183,0.109625,0.1
streaming,ewr-13,joint,ambiguous,0,11,11,11,11,1.0,1.0,1.0,0,0,0.0,0.0,0.45454545454545453,0.9090909090909091,7.457231710478015,0.2727272727272727,0.009704545454545454,0.012431818181818183,0.109625,0.1
fixed,ewr-13,joint,ambiguous,0,11,12,8,1,0.08333333333333333,0.09090909090909091,0.08695652173913043,1,0,0.09090909090909091,0.0,0.6363636363636364,0.7272727272727273,1.5116163519901507,0.09090909090909091,0.017390625,0.02446875,-0.00475,0.0
oracle-boundary,ewr-13,joint,ambiguous,0,11,11,11,11,1.0,1.0,1.0,0,0,0.0,0.0,1.0,1.0,0.0008129331034845548,0.0,0.0,0.0,0.05925,0.05925
repaired,ewr-13,joint,ambiguous,1,11,11,11,11,1.0,1.0,1.0,0,0,0.0,0.0,1.0,1.0,0.0008127436316391497,0.0,0.009704545454545454,0.012431818181818183,0.109625,0.1
streaming,ewr-13,joint,ambiguous,1,11,11,11,11,1.0,1.0,1.0,0,0,0.0,0.0,0.45454545454545453,0.9090909090909091,7.457231710478015,0.2727272727272727,0.009704545454545454,0.012431818181818183,0.109625,0.1
fixed,ewr-13,joint,ambiguous,1,11,12,8,1,0.08333333333333333,0.09090909090909091,0.08695652173913043,1,0,0.09090909090909091,0.0,0.6363636363636364,0.7272727272727273,1.5116163519901507,0.09090909090909091,0.017390625,0.02446875,-0.00475,0.0
oracle-boundary,ewr-13,joint,ambiguous,1,11,11,11,11,1.0,1.0,1.0,0,0,0.0,0.0,1.0,1.0,0.0008129331034845548,0.0,0.0,0.0,0.05925,0.05925
repaired,ewr-14,detached,intact,0,11,11,11,11,1.0,1.0,1.0,0,0,0.0,0.0,1.0,1.0,0.000283981667495487,0.0,0.006318181818181819,0.004494318181818182,0.1051875,0.104
streaming,ewr-14,detached,intact,0,11,11,11,11,1.0,1.0,1.0,0,0,0.0,0.0,1.0,1.0,0.05206973215572639,0.0,0.006318181818181819,0.004494318181818182,0.1051875,0.104
fixed,ewr-14,detached,intact,0,11,14,9,4,0.2857142857142857,0.36363636363636365,0.32,5,2,0.45454545454545453,0.18181818181818182,0.8181818181818182,0.8181818181818182,0.016170348607564437,0.0,0.01657638888888889,0.017493055555555557,0.0059375,0.0
oracle-boundary,ewr-14,detached,intact,0,11,11,11,11,1.0,1.0,1.0,0,0,0.0,0.0,1.0,1.0,0.010122893707473324,0.0,0.0,0.0,0.06125,0.06125
repaired,ewr-14,detached,intact,1,11,11,11,11,1.0,1.0,1.0,0,0,0.0,0.0,1.0,1.0,0.000902551872249837,0.0,0.006681818181818181,0.005096590909090908,0.1051875,0.104
streaming,ewr-14,detached,intact,1,11,11,11,11,1.0,1.0,1.0,0,0,0.0,0.0,1.0,1.0,0.06497786021519403,0.0,0.006681818181818181,0.005096590909090908,0.1051875,0.104
fixed,ewr-14,detached,intact,1,11,15,9,4,0.26666666666666666,0.36363636363636365,0.3076923076923077,4,1,0.36363636363636365,0.09090909090909091,0.8181818181818182,0.8181818181818182,0.01580746507569941,0.0,0.01657638888888889,0.017493055555555557,0.0059375,0.0
oracle-boundary,ewr-14,detached,intact,1,11,11,11,11,1.0,1.0,1.0,0,0,0.0,0.0,1.0,1.0,0.010122893707473324,0.0,0.0,0.0,0.06125,0.06125
repaired,ewr-14,legato,intact,0,11,11,11,11,1.0,1.0,1.0,0,0,0.0,0.0,1.0,1.0,0.0003648346466065468,0.0,0.00840909090909091,0.008528409090909088,0.1051875,0.096
streaming,ewr-14,legato,intact,0,11,11,11,11,1.0,1.0,1.0,0,0,0.0,0.0,0.8181818181818182,1.0,3.9982159826907093,0.0,0.00840909090909091,0.008528409090909088,0.1051875,0.096
fixed,ewr-14,legato,intact,0,11,16,9,4,0.25,0.36363636363636365,0.2962962962962963,7,3,0.6363636363636364,0.2727272727272727,0.8181818181818182,0.8181818181818182,0.03668107715899627,0.0,0.01657638888888889,0.017493055555555557,0.0059375,0.0
oracle-boundary,ewr-14,legato,intact,0,11,11,11,11,1.0,1.0,1.0,0,0,0.0,0.0,1.0,1.0,0.00041513501238482127,0.0,0.0,0.0,0.06125,0.06125
repaired,ewr-14,legato,intact,1,11,11,11,11,1.0,1.0,1.0,0,0,0.0,0.0,1.0,1.0,0.00038500892347823816,0.0,0.008045454545454547,0.008528409090909092,0.1126875,0.1
streaming,ewr-14,legato,intact,1,11,11,11,11,1.0,1.0,1.0,0,0,0.0,0.0,0.8181818181818182,1.0,3.5391646198503084,0.0,0.008045454545454547,0.008528409090909092,0.1126875,0.1
fixed,ewr-14,legato,intact,1,11,16,9,4,0.25,0.36363636363636365,0.2962962962962963,6,2,0.5454545454545454,0.18181818181818182,0.8181818181818182,0.8181818181818182,0.03623832678868647,0.0,0.01657638888888889,0.017493055555555557,0.0059375,0.0
oracle-boundary,ewr-14,legato,intact,1,11,11,11,11,1.0,1.0,1.0,0,0,0.0,0.0,1.0,1.0,0.00041513501238482127,0.0,0.0,0.0,0.06125,0.06125
repaired,ewr-14,duration,intact,0,11,11,11,11,1.0,1.0,1.0,0,0,0.0,0.0,1.0,1.0,0.00039908280445644095,0.0,0.010267045454545454,0.010579545454545454,0.108875,0.104
streaming,ewr-14,duration,intact,0,11,11,11,11,1.0,1.0,1.0,0,0,0.0,0.0,0.6363636363636364,1.0,5.7361074417579605,0.0,0.010267045454545454,0.010579545454545454,0.108875,0.104
fixed,ewr-14,duration,intact,0,11,14,7,3,0.21428571428571427,0.2727272727272727,0.24,5,2,0.45454545454545453,0.18181818181818182,0.6363636363636364,0.6363636363636364,0.0004153834884142528,0.0,0.017455357142857144,0.024312500000000004,-0.00625,0.0
oracle-boundary,ewr-14,duration,intact,0,11,11,11,11,1.0,1.0,1.0,0,0,0.0,0.0,1.0,1.0,0.0004143969998265233,0.0,0.0,0.0,0.05775,0.05775
repaired,ewr-14,duration,intact,1,11,11,11,11,1.0,1.0,1.0,0,0,0.0,0.0,1.0,1.0,0.00044572891189321626,0.0,0.010267045454545454,0.010943181818181817,0.108875,0.096
streaming,ewr-14,duration,intact,1,11,11,11,11,1.0,1.0,1.0,0,0,0.0,0.0,0.6363636363636364,1.0,5.735865821779186,0.0,0.010267045454545454,0.010943181818181817,0.108875,0.096
fixed,ewr-14,duration,intact,1,11,14,7,3,0.21428571428571427,0.2727272727272727,0.24,3,1,0.2727272727272727,0.09090909090909091,0.6363636363636364,0.6363636363636364,0.0002889191144479497,0.0,0.017455357142857144,0.024312500000000004,-0.00625,0.0
oracle-boundary,ewr-14,duration,intact,1,11,11,11,11,1.0,1.0,1.0,0,0,0.0,0.0,1.0,1.0,0.0004143969998265233,0.0,0.0,0.0,0.05775,0.05775
repaired,ewr-14,joint,intact,0,11,11,11,11,1.0,1.0,1.0,0,0,0.0,0.0,1.0,1.0,0.0006886148885346767,0.0,0.011357954545454544,0.01130681818181818,0.108875,0.104
streaming,ewr-14,joint,intact,0,11,11,11,11,1.0,1.0,1.0,0,0,0.0,0.0,0.45454545454545453,1.0,8.524341648456147,0.09090909090909091,0.011357954545454544,0.01130681818181818,0.108875,0.104
fixed,ewr-14,joint,intact,0,11,13,7,3,0.23076923076923078,0.2727272727272727,0.25,4,2,0.36363636363636365,0.18181818181818182,0.6363636363636364,0.6363636363636364,0.0008227258867389763,0.0,0.017455357142857144,0.024312500000000004,-0.00625,0.0
oracle-boundary,ewr-14,joint,intact,0,11,11,11,11,1.0,1.0,1.0,0,0,0.0,0.0,1.0,1.0,0.0007527928049452338,0.0,0.0,0.0,0.05775,0.05775
repaired,ewr-14,joint,intact,1,11,11,11,11,1.0,1.0,1.0,0,0,0.0,0.0,1.0,1.0,0.000735260995971452,0.0,0.011357954545454544,0.011670454545454545,0.108875,0.096
streaming,ewr-14,joint,intact,1,11,11,11,11,1.0,1.0,1.0,0,0,0.0,0.0,0.45454545454545453,1.0,8.524100028477374,0.09090909090909091,0.011357954545454544,0.011670454545454545,0.108875,0.096
fixed,ewr-14,joint,intact,1,11,13,7,3,0.23076923076923078,0.2727272727272727,0.25,2,1,0.18181818181818182,0.09090909090909091,0.6363636363636364,0.6363636363636364,0.0006962615127726732,0.0,0.017455357142857144,0.024312500000000004,-0.00625,0.0
oracle-boundary,ewr-14,joint,intact,1,11,11,11,11,1.0,1.0,1.0,0,0,0.0,0.0,1.0,1.0,0.0007527928049452338,0.0,0.0,0.0,0.05775,0.05775
repaired,ewr-14,joint,reset,0,3,3,3,3,1.0,1.0,1.0,0,0,0.0,0.0,1.0,1.0,0.0015649784711134391,0.0,0.011062500000000001,0.011041666666666667,0.0880625,0.076
streaming,ewr-14,joint,reset,0,3,3,3,3,1.0,1.0,1.0,0,0,0.0,0.0,0.3333333333333333,1.0,10.322135605981623,0.3333333333333333,0.011062500000000001,0.011041666666666667,0.0880625,0.076
fixed,ewr-14,joint,reset,0,3,3,2,1,0.3333333333333333,0.3333333333333333,0.3333333333333333,0,0,0.0,0.0,0.6666666666666666,0.6666666666666666,0.0016890182059636771,0.0,0.01515625,0.030531250000000003,-0.021125,0.0
oracle-boundary,ewr-14,joint,reset,0,3,3,3,3,1.0,1.0,1.0,0,0,0.0,0.0,1.0,1.0,0.0016110623688293895,0.0,0.0,0.0,0.042875,0.042875
repaired,ewr-14,joint,reset,1,3,3,3,3,1.0,1.0,1.0,0,0,0.0,0.0,1.0,1.0,0.0015649784711134391,0.0,0.011062500000000001,0.011041666666666667,0.0880625,0.076
streaming,ewr-14,joint,reset,1,3,3,3,3,1.0,1.0,1.0,0,0,0.0,0.0,0.3333333333333333,1.0,10.322135605981623,0.3333333333333333,0.011062500000000001,0.011041666666666667,0.0880625,0.076
fixed,ewr-14,joint,reset,1,3,3,2,1,0.3333333333333333,0.3333333333333333,0.3333333333333333,0,0,0.0,0.0,0.6666666666666666,0.6666666666666666,0.0016890182059636771,0.0,0.01515625,0.030531250000000003,-0.021125,0.0
oracle-boundary,ewr-14,joint,reset,1,3,3,3,3,1.0,1.0,1.0,0,0,0.0,0.0,1.0,1.0,0.0016110623688293895,0.0,0.0,0.0,0.042875,0.042875
repaired,ewr-14,joint,removal,0,9,9,9,9,1.0,1.0,1.0,0,0,0.0,0.0,1.0,1.0,0.0008266016534063977,0.0,0.011118055555555555,0.011305555555555555,0.092875,0.084
streaming,ewr-14,joint,removal,0,9,9,9,9,1.0,1.0,1.0,0,0,0.0,0.0,0.5555555555555556,1.0,5.638790702215469,0.1111111111111111,0.011118055555555555,0.011305555555555555,0.092875,0.084
fixed,ewr-14,joint,removal,0,9,11,5,2,0.18181818181818182,0.2222222222222222,0.2,3,1,0.3333333333333333,0.1111111111111111,0.5555555555555556,0.5555555555555556,0.0009383931422693337,0.0,0.0154625,0.028962500000000002,-0.015625,0.0
oracle-boundary,ewr-14,joint,removal,0,9,9,9,9,1.0,1.0,1.0,0,0,0.0,0.0,1.0,1.0,0.0008383210953009584,0.0,0.0,0.0,0.048375,0.048375
repaired,ewr-14,joint,removal,1,9,9,9,9,1.0,1.0,1.0,0,0,0.0,0.0,1.0,1.0,0.0008266016534063977,0.0,0.011118055555555555,0.011305555555555555,0.092875,0.084
streaming,ewr-14,joint,removal,1,9,9,9,9,1.0,1.0,1.0,0,0,0.0,0.0,0.5555555555555556,1.0,5.638790702215469,0.1111111111111111,0.011118055555555555,0.011305555555555555,0.092875,0.084
fixed,ewr-14,joint,removal,1,9,11,5,2,0.18181818181818182,0.2222222222222222,0.2,3,1,0.3333333333333333,0.1111111111111111,0.5555555555555556,0.5555555555555556,0.0009383931422693337,0.0,0.0154625,0.028962500000000002,-0.015625,0.0
oracle-boundary,ewr-14,joint,removal,1,9,9,9,9,1.0,1.0,1.0,0,0,0.0,0.0,1.0,1.0,0.0008383210953009584,0.0,0.0,0.0,0.048375,0.048375
repaired,ewr-14,joint,swap,0,11,11,11,11,1.0,1.0,1.0,0,0,0.0,0.0,1.0,1.0,0.000735260995971452,0.0,0.011357954545454544,0.011670454545454545,0.108875,0.096
streaming,ewr-14,joint,swap,0,11,11,11,11,1.0,1.0,1.0,0,0,0.0,0.0,0.45454545454545453,1.0,8.524100028477374,0.09090909090909091,0.011357954545454544,0.011670454545454545,0.108875,0.096
fixed,ewr-14,joint,swap,0,11,13,7,3,0.23076923076923078,0.2727272727272727,0.25,2,1,0.18181818181818182,0.09090909090909091,0.6363636363636364,0.6363636363636364,0.0006962615127726732,0.0,0.017455357142857144,0.024312500000000004,-0.00625,0.0
oracle-boundary,ewr-14,joint,swap,0,11,11,11,11,1.0,1.0,1.0,0,0,0.0,0.0,1.0,1.0,0.0007527928049452338,0.0,0.0,0.0,0.05775,0.05775
repaired,ewr-14,joint,swap,1,11,11,11,11,1.0,1.0,1.0,0,0,0.0,0.0,1.0,1.0,0.0006886148885346767,0.0,0.011357954545454544,0.01130681818181818,0.108875,0.104
streaming,ewr-14,joint,swap,1,11,11,11,11,1.0,1.0,1.0,0,0,0.0,0.0,0.45454545454545453,1.0,8.524341648456147,0.09090909090909091,0.011357954545454544,0.01130681818181818,0.108875,0.104
fixed,ewr-14,joint,swap,1,11,13,7,3,0.23076923076923078,0.2727272727272727,0.25,4,2,0.36363636363636365,0.18181818181818182,0.6363636363636364,0.6363636363636364,0.0008227258867389763,0.0,0.017455357142857144,0.024312500000000004,-0.00625,0.0
oracle-boundary,ewr-14,joint,swap,1,11,11,11,11,1.0,1.0,1.0,0,0,0.0,0.0,1.0,1.0,0.0007527928049452338,0.0,0.0,0.0,0.05775,0.05775
repaired,ewr-14,joint,shuffle,0,11,11,11,11,1.0,1.0,1.0,0,0,0.0,0.0,1.0,1.0,0.0007024792402110917,0.0,0.011357954545454544,0.011670454545454545,0.108875,0.096
streaming,ewr-14,joint,shuffle,0,11,11,11,11,1.0,1.0,1.0,0,0,0.0,0.0,0.5454545454545454,1.0,8.977197233487646,0.09090909090909091,0.011357954545454544,0.011670454545454545,0.108875,0.096
fixed,ewr-14,joint,shuffle,0,11,14,8,3,0.21428571428571427,0.2727272727272727,0.24,3,1,0.2727272727272727,0.09090909090909091,0.6363636363636364,0.7272727272727273,3.000647100356371,0.0,0.020273437499999998,0.0227109375,0.0115,0.0
oracle-boundary,ewr-14,joint,shuffle,0,11,11,11,11,1.0,1.0,1.0,0,0,0.0,0.0,1.0,1.0,0.0007527928049452338,0.0,0.0,0.0,0.05775,0.05775
repaired,ewr-14,joint,shuffle,1,11,11,11,11,1.0,1.0,1.0,0,0,0.0,0.0,1.0,1.0,0.0006558331327743164,0.0,0.011357954545454544,0.01130681818181818,0.108875,0.104
streaming,ewr-14,joint,shuffle,1,11,11,11,11,1.0,1.0,1.0,0,0,0.0,0.0,0.5454545454545454,1.0,8.977438853466422,0.09090909090909091,0.011357954545454544,0.01130681818181818,0.108875,0.104
fixed,ewr-14,joint,shuffle,1,11,14,8,3,0.21428571428571427,0.2727272727272727,0.24,4,2,0.36363636363636365,0.18181818181818182,0.6363636363636364,0.7272727272727273,3.0007577566835915,0.0,0.020273437499999998,0.0227109375,0.0115,0.0
oracle-boundary,ewr-14,joint,shuffle,1,11,11,11,11,1.0,1.0,1.0,0,0,0.0,0.0,1.0,1.0,0.0007527928049452338,0.0,0.0,0.0,0.05775,0.05775
repaired,ewr-14,joint,ambiguous,0,11,11,11,11,1.0,1.0,1.0,0,0,0.0,0.0,1.0,1.0,0.0006320877110271346,0.0,0.011357954545454544,0.01130681818181818,0.108875,0.104
streaming,ewr-14,joint,ambiguous,0,11,11,11,11,1.0,1.0,1.0,0,0,0.0,0.0,0.5454545454545454,1.0,6.835118684539871,0.09090909090909091,0.011357954545454544,0.01130681818181818,0.108875,0.104
fixed,ewr-14,joint,ambiguous,0,11,12,7,3,0.25,0.2727272727272727,0.2608695652173913,2,1,0.18181818181818182,0.09090909090909091,0.6363636363636364,0.6363636363636364,0.0007466213728631084,0.0,0.017455357142857144,0.024312500000000004,-0.00625,0.0
oracle-boundary,ewr-14,joint,ambiguous,0,11,11,11,11,1.0,1.0,1.0,0,0,0.0,0.0,1.0,1.0,0.0007606520555563504,0.0,0.0,0.0,0.05775,0.05775
repaired,ewr-14,joint,ambiguous,1,11,11,11,11,1.0,1.0,1.0,0,0,0.0,0.0,1.0,1.0,0.0006320877110271346,0.0,0.011357954545454544,0.01130681818181818,0.108875,0.104
streaming,ewr-14,joint,ambiguous,1,11,11,11,11,1.0,1.0,1.0,0,0,0.0,0.0,0.5454545454545454,1.0,6.835118684539871,0.09090909090909091,0.011357954545454544,0.01130681818181818,0.108875,0.104
fixed,ewr-14,joint,ambiguous,1,11,12,7,3,0.25,0.2727272727272727,0.2608695652173913,2,1,0.18181818181818182,0.09090909090909091,0.6363636363636364,0.6363636363636364,0.0007466213728631084,0.0,0.017455357142857144,0.024312500000000004,-0.00625,0.0
oracle-boundary,ewr-14,joint,ambiguous,1,11,11,11,11,1.0,1.0,1.0,0,0,0.0,0.0,1.0,1.0,0.0007606520555563504,0.0,0.0,0.0,0.05775,0.05775
repaired,ewr-15,detached,intact,0,11,11,11,11,1.0,1.0,1.0,0,0,0.0,0.0,1.0,1.0,0.0024725085402488908,0.0,0.0061534090909090905,0.005676136363636363,0.1119375,0.104
streaming,ewr-15,detached,intact,0,11,11,11,11,1.0,1.0,1.0,0,0,0.0,0.0,1.0,1.0,0.08042454271480247,0.0,0.0061534090909090905,0.005676136363636363,0.1119375,0.104
fixed,ewr-15,detached,intact,0,11,18,9,3,0.16666666666666666,0.2727272727272727,0.20689655172413793,10,4,0.9090909090909091,0.36363636363636365,0.8181818181818182,0.8181818181818182,0.016740195586590702,0.0,0.015916666666666666,0.0180625,0.0040625,0.0
oracle-boundary,ewr-15,detached,intact,0,11,11,11,11,1.0,1.0,1.0,0,0,0.0,0.0,1.0,1.0,0.0042459445059321865,0.0,0.0,0.0,0.063875,0.063875
repaired,ewr-15,detached,intact,1,11,11,11,11,1.0,1.0,1.0,0,0,0.0,0.0,1.0,1.0,0.002432630353853488,0.0,0.0061534090909090905,0.005676136363636363,0.103125,0.096
streaming,ewr-15,detached,intact,1,11,11,11,11,1.0,1.0,1.0,0,0,0.0,0.0,1.0,1.0,0.08010466409415429,0.0,0.0061534090909090905,0.005676136363636363,0.103125,0.096
fixed,ewr-15,detached,intact,1,11,18,9,3,0.16666666666666666,0.2727272727272727,0.20689655172413793,10,4,0.9090909090909091,0.36363636363636365,0.8181818181818182,0.8181818181818182,0.016279533954729745,0.0,0.015916666666666666,0.0180625,0.0040625,0.0
oracle-boundary,ewr-15,detached,intact,1,11,11,11,11,1.0,1.0,1.0,0,0,0.0,0.0,1.0,1.0,0.0042459445059321865,0.0,0.0,0.0,0.063875,0.063875
repaired,ewr-15,legato,intact,0,11,11,11,11,1.0,1.0,1.0,0,0,0.0,0.0,1.0,1.0,0.0021879445389029295,0.0,0.009789772727272727,0.010539772727272727,0.1119375,0.096
streaming,ewr-15,legato,intact,0,11,11,11,11,1.0,1.0,1.0,0,0,0.0,0.0,0.5454545454545454,1.0,4.68872680298451,0.09090909090909091,0.009789772727272727,0.010539772727272727,0.1119375,0.096
fixed,ewr-15,legato,intact,0,11,18,9,3,0.16666666666666666,0.2727272727272727,0.20689655172413793,10,4,0.9090909090909091,0.36363636363636365,0.8181818181818182,0.8181818181818182,0.04347796440637492,0.0,0.015916666666666666,0.0180625,0.0040625,0.0
oracle-boundary,ewr-15,legato,intact,0,11,11,11,11,1.0,1.0,1.0,0,0,0.0,0.0,1.0,1.0,0.002280330181753372,0.0,0.0,0.0,0.063875,0.063875
repaired,ewr-15,legato,intact,1,11,11,11,11,1.0,1.0,1.0,0,0,0.0,0.0,1.0,1.0,0.002139460212977698,0.0,0.009789772727272727,0.010551136363636363,0.1119375,0.1
streaming,ewr-15,legato,intact,1,11,11,11,11,1.0,1.0,1.0,0,0,0.0,0.0,0.5454545454545454,1.0,4.687098660593862,0.09090909090909091,0.009789772727272727,0.010551136363636363,0.1119375,0.1
fixed,ewr-15,legato,intact,1,11,18,9,3,0.16666666666666666,0.2727272727272727,0.20689655172413793,10,4,0.9090909090909091,0.36363636363636365,0.8181818181818182,0.8181818181818182,0.04344400873384421,0.0,0.015916666666666666,0.0180625,0.0040625,0.0
oracle-boundary,ewr-15,legato,intact,1,11,11,11,11,1.0,1.0,1.0,0,0,0.0,0.0,1.0,1.0,0.002280330181753372,0.0,0.0,0.0,0.063875,0.063875
repaired,ewr-15,duration,intact,0,11,11,11,11,1.0,1.0,1.0,0,0,0.0,0.0,1.0,1.0,0.002352218346484136,0.0,0.009375,0.01028409090909091,0.108125,0.092
streaming,ewr-15,duration,intact,0,11,11,11,11,1.0,1.0,1.0,0,0,0.0,0.0,0.45454545454545453,1.0,4.686339165694898,0.09090909090909091,0.009375,0.01028409090909091,0.108125,0.092
fixed,ewr-15,duration,intact,0,11,19,7,3,0.15789473684210525,0.2727272727272727,0.2,11,5,1.0,0.45454545454545453,0.5454545454545454,0.6363636363636364,1.764552815442484,0.09090909090909091,0.021125,0.0213125,0.0113125,0.0
oracle-boundary,ewr-15,duration,intact,0,11,11,11,11,1.0,1.0,1.0,0,0,0.0,0.0,1.0,1.0,0.0023832017652832926,0.0,0.0,0.0,0.05625,0.05625
repaired,ewr-15,duration,intact,1,11,11,11,11,1.0,1.0,1.0,0,0,0.0,0.0,1.0,1.0,0.0025656074397136697,0.0,0.009375,0.010261363636363636,0.12025,0.104
streaming,ewr-15,duration,intact,1,11,11,11,11,1.0,1.0,1.0,0,0,0.0,0.0,0.5454545454545454,1.0,4.681646007426471,0.09090909090909091,0.009375,0.010261363636363636,0.12025,0.104
fixed,ewr-15,duration,intact,1,11,19,7,3,0.15789473684210525,0.2727272727272727,0.2,11,5,1.0,0.45454545454545453,0.5454545454545454,0.6363636363636364,1.7645218779780554,0.09090909090909091,0.021125,0.0213125,0.0113125,0.0
oracle-boundary,ewr-15,duration,intact,1,11,11,11,11,1.0,1.0,1.0,0,0,0.0,0.0,1.0,1.0,0.0023832017652832926,0.0,0.0,0.0,0.05625,0.05625
repaired,ewr-15,joint,intact,0,11,11,11,11,1.0,1.0,1.0,0,0,0.0,0.0,1.0,1.0,0.007317046774525241,0.0,0.011920454545454545,0.012363636363636365,0.108125,0.092
streaming,ewr-15,joint,intact,0,11,11,11,11,1.0,1.0,1.0,0,0,0.0,0.0,0.5454545454545454,1.0,7.598859313227925,0.09090909090909091,0.011920454545454545,0.012363636363636365,0.108125,0.092
fixed,ewr-15,joint,intact,0,11,18,7,3,0.16666666666666666,0.2727272727272727,0.20689655172413793,10,5,0.9090909090909091,0.45454545454545453,0.6363636363636364,0.6363636363636364,0.04773092127296356,0.0,0.021125,0.0213125,0.0113125,0.0
oracle-boundary,ewr-15,joint,intact,0,11,11,11,11,1.0,1.0,1.0,0,0,0.0,0.0,1.0,1.0,0.00737485331660892,0.0,0.0,0.0,0.05625,0.05625
repaired,ewr-15,joint,intact,1,11,11,11,11,1.0,1.0,1.0,0,0,0.0,0.0,1.0,1.0,0.007372774855236615,0.0,0.011920454545454545,0.012363636363636365,0.12025,0.104
streaming,ewr-15,joint,intact,1,11,11,11,11,1.0,1.0,1.0,0,0,0.0,0.0,0.5454545454545454,1.0,7.598865691747881,0.09090909090909091,0.011920454545454545,0.012363636363636365,0.12025,0.104
fixed,ewr-15,joint,intact,1,11,17,7,3,0.17647058823529413,0.2727272727272727,0.21428571428571427,9,5,0.8181818181818182,0.45454545454545453,0.6363636363636364,0.6363636363636364,0.04784985042002938,0.0,0.021125,0.0213125,0.0113125,0.0
oracle-boundary,ewr-15,joint,intact,1,11,11,11,11,1.0,1.0,1.0,0,0,0.0,0.0,1.0,1.0,0.00737485331660892,0.0,0.0,0.0,0.05625,0.05625
repaired,ewr-15,joint,reset,0,3,3,3,3,1.0,1.0,1.0,0,0,0.0,0.0,1.0,1.0,0.0028204595860531847,0.0,0.009041666666666668,0.011833333333333335,0.086375,0.076
streaming,ewr-15,joint,reset,0,3,3,3,3,1.0,1.0,1.0,0,0,0.0,0.0,0.3333333333333333,1.0,6.467372933978635,0.0,0.009041666666666668,0.011833333333333335,0.086375,0.076
fixed,ewr-15,joint,reset,0,3,5,2,1,0.2,0.3333333333333333,0.25,3,2,1.0,0.6666666666666666,0.6666666666666666,0.6666666666666666,0.008952497840983398,0.0,0.0150625,0.0323125,-0.023,0.0
oracle-boundary,ewr-15,joint,reset,0,3,3,3,3,1.0,1.0,1.0,0,0,0.0,0.0,1.0,1.0,0.002116139508522963,0.0,0.0,0.0,0.041,0.041
repaired,ewr-15,joint,reset,1,3,3,3,3,1.0,1.0,1.0,0,0,0.0,0.0,1.0,1.0,0.0028204595860531847,0.0,0.009041666666666668,0.011833333333333335,0.086375,0.076
streaming,ewr-15,joint,reset,1,3,3,3,3,1.0,1.0,1.0,0,0,0.0,0.0,0.3333333333333333,1.0,6.467372933978635,0.0,0.009041666666666668,0.011833333333333335,0.086375,0.076
fixed,ewr-15,joint,reset,1,3,5,2,1,0.2,0.3333333333333333,0.25,3,2,1.0,0.6666666666666666,0.6666666666666666,0.6666666666666666,0.008952497840983398,0.0,0.0150625,0.0323125,-0.023,0.0
oracle-boundary,ewr-15,joint,reset,1,3,3,3,3,1.0,1.0,1.0,0,0,0.0,0.0,1.0,1.0,0.002116139508522963,0.0,0.0,0.0,0.041,0.041
repaired,ewr-15,joint,removal,0,9,9,9,9,1.0,1.0,1.0,0,0,0.0,0.0,1.0,1.0,0.006257569033019748,0.0,0.011125000000000001,0.011958333333333333,0.0915625,0.08
streaming,ewr-15,joint,removal,0,9,9,9,9,1.0,1.0,1.0,0,0,0.0,0.0,0.6666666666666666,1.0,3.5273919254492867,0.1111111111111111,0.011125000000000001,0.011958333333333333,0.0915625,0.08
fixed,ewr-15,joint,removal,0,9,14,5,2,0.14285714285714285,0.2222222222222222,0.17391304347826086,8,4,0.8888888888888888,0.4444444444444444,0.5555555555555556,0.5555555555555556,0.06174180860195051,0.0,0.020975,0.024312499999999997,0.0113125,0.0
oracle-boundary,ewr-15,joint,removal,0,9,9,9,9,1.0,1.0,1.0,0,0,0.0,0.0,1.0,1.0,0.006154112964056126,0.0,0.0,0.0,0.04725,0.04725
repaired,ewr-15,joint,removal,1,9,9,9,9,1.0,1.0,1.0,0,0,0.0,0.0,1.0,1.0,0.006257569033019748,0.0,0.011125000000000001,0.011958333333333333,0.0915625,0.08
streaming,ewr-15,joint,removal,1,9,9,9,9,1.0,1.0,1.0,0,0,0.0,0.0,0.6666666666666666,1.0,3.5273919254492867,0.1111111111111111,0.011125000000000001,0.011958333333333333,0.0915625,0.08
fixed,ewr-15,joint,removal,1,9,14,5,2,0.14285714285714285,0.2222222222222222,0.17391304347826086,8,4,0.8888888888888888,0.4444444444444444,0.5555555555555556,0.5555555555555556,0.06174180860195051,0.0,0.020975,0.024312499999999997,0.0113125,0.0
oracle-boundary,ewr-15,joint,removal,1,9,9,9,9,1.0,1.0,1.0,0,0,0.0,0.0,1.0,1.0,0.006154112964056126,0.0,0.0,0.0,0.04725,0.04725
repaired,ewr-15,joint,swap,0,11,11,11,11,1.0,1.0,1.0,0,0,0.0,0.0,1.0,1.0,0.007372774855236615,0.0,0.011920454545454545,0.012363636363636365,0.12025,0.104
streaming,ewr-15,joint,swap,0,11,11,11,11,1.0,1.0,1.0,0,0,0.0,0.0,0.5454545454545454,1.0,7.598865691747881,0.09090909090909091,0.011920454545454545,0.012363636363636365,0.12025,0.104
fixed,ewr-15,joint,swap,0,11,17,7,3,0.17647058823529413,0.2727272727272727,0.21428571428571427,9,5,0.8181818181818182,0.45454545454545453,0.6363636363636364,0.6363636363636364,0.04784985042002938,0.0,0.021125,0.0213125,0.0113125,0.0
oracle-boundary,ewr-15,joint,swap,0,11,11,11,11,1.0,1.0,1.0,0,0,0.0,0.0,1.0,1.0,0.00737485331660892,0.0,0.0,0.0,0.05625,0.05625
repaired,ewr-15,joint,swap,1,11,11,11,11,1.0,1.0,1.0,0,0,0.0,0.0,1.0,1.0,0.007317046774525241,0.0,0.011920454545454545,0.012363636363636365,0.108125,0.092
streaming,ewr-15,joint,swap,1,11,11,11,11,1.0,1.0,1.0,0,0,0.0,0.0,0.5454545454545454,1.0,7.598859313227925,0.09090909090909091,0.011920454545454545,0.012363636363636365,0.108125,0.092
fixed,ewr-15,joint,swap,1,11,18,7,3,0.16666666666666666,0.2727272727272727,0.20689655172413793,10,5,0.9090909090909091,0.45454545454545453,0.6363636363636364,0.6363636363636364,0.04773092127296356,0.0,0.021125,0.0213125,0.0113125,0.0
oracle-boundary,ewr-15,joint,swap,1,11,11,11,11,1.0,1.0,1.0,0,0,0.0,0.0,1.0,1.0,0.00737485331660892,0.0,0.0,0.0,0.05625,0.05625
repaired,ewr-15,joint,shuffle,0,11,11,11,11,1.0,1.0,1.0,0,0,0.0,0.0,1.0,1.0,0.007388627091934552,0.0,0.011920454545454545,0.012363636363636365,0.12025,0.104
streaming,ewr-15,joint,shuffle,0,11,11,11,11,1.0,1.0,1.0,0,0,0.0,0.0,0.5454545454545454,1.0,7.599246035910715,0.09090909090909091,0.011920454545454545,0.012363636363636365,0.12025,0.104
fixed,ewr-15,joint,shuffle,0,11,17,7,3,0.17647058823529413,0.2727272727272727,0.21428571428571427,8,4,0.7272727272727273,0.36363636363636365,0.5454545454545454,0.6363636363636364,2.724116233005383,0.0,0.021125,0.0213125,0.0113125,0.0
oracle-boundary,ewr-15,joint,shuffle,0,11,11,11,11,1.0,1.0,1.0,0,0,0.0,0.0,1.0,1.0,0.00737485331660892,0.0,0.0,0.0,0.05625,0.05625
repaired,ewr-15,joint,shuffle,1,11,11,11,11,1.0,1.0,1.0,0,0,0.0,0.0,1.0,1.0,0.007332899011223178,0.0,0.011920454545454545,0.012363636363636365,0.108125,0.092
streaming,ewr-15,joint,shuffle,1,11,11,11,11,1.0,1.0,1.0,0,0,0.0,0.0,0.5454545454545454,1.0,7.5992396573907595,0.09090909090909091,0.011920454545454545,0.012363636363636365,0.108125,0.092
fixed,ewr-15,joint,shuffle,1,11,18,7,3,0.16666666666666666,0.2727272727272727,0.20689655172413793,9,4,0.8181818181818182,0.36363636363636365,0.5454545454545454,0.6363636363636364,2.7239973038583174,0.0,0.021125,0.0213125,0.0113125,0.0
oracle-boundary,ewr-15,joint,shuffle,1,11,11,11,11,1.0,1.0,1.0,0,0,0.0,0.0,1.0,1.0,0.00737485331660892,0.0,0.0,0.0,0.05625,0.05625
repaired,ewr-15,joint,ambiguous,0,11,11,11,11,1.0,1.0,1.0,0,0,0.0,0.0,1.0,1.0,0.00733314734596294,0.0,0.01228409090909091,0.012727272727272728,0.108125,0.092
streaming,ewr-15,joint,ambiguous,0,11,11,11,11,1.0,1.0,1.0,0,0,0.0,0.0,0.45454545454545453,1.0,8.676791829791886,0.18181818181818182,0.01228409090909091,0.012727272727272728,0.108125,0.092
fixed,ewr-15,joint,ambiguous,0,11,18,7,3,0.16666666666666666,0.2727272727272727,0.20689655172413793,10,5,0.9090909090909091,0.45454545454545453,0.5454545454545454,0.6363636363636364,2.724048360216945,0.0,0.021125,0.0213125,0.0113125,0.0
oracle-boundary,ewr-15,joint,ambiguous,0,11,11,11,11,1.0,1.0,1.0,0,0,0.0,0.0,1.0,1.0,0.007389489157972339,0.0,0.0,0.0,0.05625,0.05625
repaired,ewr-15,joint,ambiguous,1,11,11,11,11,1.0,1.0,1.0,0,0,0.0,0.0,1.0,1.0,0.00733314734596294,0.0,0.01228409090909091,0.012727272727272728,0.108125,0.092
streaming,ewr-15,joint,ambiguous,1,11,11,11,11,1.0,1.0,1.0,0,0,0.0,0.0,0.45454545454545453,1.0,8.676791829791886,0.18181818181818182,0.01228409090909091,0.012727272727272728,0.108125,0.092
fixed,ewr-15,joint,ambiguous,1,11,18,7,3,0.16666666666666666,0.2727272727272727,0.20689655172413793,10,5,0.9090909090909091,0.45454545454545453,0.5454545454545454,0.6363636363636364,2.724048360216945,0.0,0.021125,0.0213125,0.0113125,0.0
oracle-boundary,ewr-15,joint,ambiguous,1,11,11,11,11,1.0,1.0,1.0,0,0,0.0,0.0,1.0,1.0,0.007389489157972339,0.0,0.0,0.0,0.05625,0.05625
