model,group,cell,condition,accuracy,paired_success,log_loss,brier
repaired/absolute,ewr-08,detached,intact,1.0,1.0,0.0009804805139615315,9.800000000392828e-07
repaired/present,ewr-08,detached,intact,0.5,0.0,0.9817763680502767,0.5626252924999999
repaired/recency,ewr-08,detached,intact,0.0,0.0,6.907755278982137,1.90245
repaired/reference,ewr-08,detached,intact,1.0,1.0,0.0009804805139615315,9.800000000392828e-07
repaired/transition1,ewr-08,detached,intact,0.5,0.0,0.5602046221017718,0.373258419398494
repaired/transition2,ewr-08,detached,intact,1.0,1.0,0.0009804805139615315,9.800000000392828e-07
repaired/transition3,ewr-08,detached,intact,1.0,1.0,0.0009804805139615315,9.800000000392828e-07
streaming/absolute,ewr-08,detached,intact,1.0,1.0,0.0009804805139615315,9.800000000392828e-07
streaming/present,ewr-08,detached,intact,0.5,0.0,0.9817763680502767,0.5626252924999999
streaming/recency,ewr-08,detached,intact,0.0,0.0,6.907755278982137,1.90245
streaming/reference,ewr-08,detached,intact,1.0,1.0,0.49137842428211903,0.28131313625
streaming/transition1,ewr-08,detached,intact,0.5,0.0,0.6289905583871725,0.5112456282435319
streaming/transition2,ewr-08,detached,intact,1.0,1.0,0.0009804805139615315,9.800000000392828e-07
streaming/transition3,ewr-08,detached,intact,1.0,1.0,0.0009804805139615315,9.800000000392828e-07
fixed/absolute,ewr-08,detached,intact,0.5,0.0,0.9817763680502767,0.5626252924999999
fixed/present,ewr-08,detached,intact,0.5,0.0,0.9817763680502767,0.5626252924999999
fixed/recency,ewr-08,detached,intact,0.5,0.0,1.0293194621721604,0.5694812499999999
fixed/reference,ewr-08,detached,intact,0.5,0.0,0.9817763680502767,0.5626252924999999
fixed/transition1,ewr-08,detached,intact,0.5,0.0,0.9817763680502767,0.5626252924999999
fixed/transition2,ewr-08,detached,intact,0.5,0.0,0.9817763680502767,0.5626252924999999
fixed/transition3,ewr-08,detached,intact,0.5,0.0,0.9817763680502767,0.5626252924999999
oracle-boundary/absolute,ewr-08,detached,intact,1.0,1.0,0.0009804805139615315,9.800000000392828e-07
oracle-boundary/present,ewr-08,detached,intact,0.5,0.0,0.9817763680502767,0.5626252924999999
oracle-boundary/recency,ewr-08,detached,intact,0.0,0.0,6.907755278982137,1.90245
oracle-boundary/reference,ewr-08,detached,intact,1.0,1.0,0.0009804805139615315,9.800000000392828e-07
oracle-boundary/transition1,ewr-08,detached,intact,0.5,0.0,0.69410764165507,0.50000048
oracle-boundary/transition2,ewr-08,detached,intact,1.0,1.0,0.0009804805139615315,9.800000000392828e-07
oracle-boundary/transition3,ewr-08,detached,intact,1.0,1.0,0.0009804805139615315,9.800000000392828e-07
repaired/absolute,ewr-08,legato,intact,1.0,1.0,0.0009804805139615315,9.800000000392828e-07
repaired/present,ewr-08,legato,intact,0.5,0.0,0.9817763680502767,0.5626252924999999
repaired/recency,ewr-08,legato,intact,0.0,0.0,6.907755278982137,1.90245
repaired/reference,ewr-08,legato,intact,1.0,1.0,0.0009804805139615315,9.800000000392828e-07
repaired/transition1,ewr-08,legato,intact,0.5,0.0,0.6943590585876999,0.5002516552274316
repaired/transition2,ewr-08,legato,intact,1.0,1.0,0.0009804805139615315,9.800000000392828e-07
repaired/transition3,ewr-08,legato,intact,1.0,1.0,0.0009804805139615315,9.800000000392828e-07
streaming/absolute,ewr-08,legato,intact,0.5,0.0,0.9817763680502767,0.5626252924999999
streaming/present,ewr-08,legato,intact,0.5,0.0,0.9817763680502767,0.5626252924999999
streaming/recency,ewr-08,legato,intact,0.0,0.0,3.9685373705771485,1.235965625
streaming/reference,ewr-08,legato,intact,0.5,0.0,0.9817763680502767,0.5626252924999999
streaming/transition1,ewr-08,legato,intact,0.5,0.0,0.9817763680502767,0.5626252924999999
streaming/transition2,ewr-08,legato,intact,0.5,0.0,0.9817763680502767,0.5626252924999999
streaming/transition3,ewr-08,legato,intact,0.5,0.0,0.9817763680502767,0.5626252924999999
fixed/absolute,ewr-08,legato,intact,0.5,0.0,0.9817763680502767,0.5626252924999999
fixed/present,ewr-08,legato,intact,0.5,0.0,0.9817763680502767,0.5626252924999999
fixed/recency,ewr-08,legato,intact,0.5,0.0,1.0293194621721604,0.5694812499999999
fixed/reference,ewr-08,legato,intact,0.5,0.0,0.9817763680502767,0.5626252924999999
fixed/transition1,ewr-08,legato,intact,0.5,0.0,0.9817763680502767,0.5626252924999999
fixed/transition2,ewr-08,legato,intact,0.5,0.0,0.9817763680502767,0.5626252924999999
fixed/transition3,ewr-08,legato,intact,0.5,0.0,0.9817763680502767,0.5626252924999999
oracle-boundary/absolute,ewr-08,legato,intact,1.0,1.0,0.0009804805139615315,9.800000000392828e-07
oracle-boundary/present,ewr-08,legato,intact,0.5,0.0,0.9817763680502767,0.5626252924999999
oracle-boundary/recency,ewr-08,legato,intact,0.0,0.0,6.907755278982137,1.90245
oracle-boundary/reference,ewr-08,legato,intact,1.0,1.0,0.0009804805139615315,9.800000000392828e-07
oracle-boundary/transition1,ewr-08,legato,intact,0.5,0.0,0.69410764165507,0.50000048
oracle-boundary/transition2,ewr-08,legato,intact,1.0,1.0,0.0009804805139615315,9.800000000392828e-07
oracle-boundary/transition3,ewr-08,legato,intact,1.0,1.0,0.0009804805139615315,9.800000000392828e-07
repaired/absolute,ewr-08,duration,intact,1.0,1.0,0.0009804805139615315,9.800000000392828e-07
repaired/present,ewr-08,duration,intact,0.5,0.0,0.9817763680502767,0.5626252924999999
repaired/recency,ewr-08,duration,intact,0.0,0.0,6.907755278982137,1.90245
repaired/reference,ewr-08,duration,intact,1.0,1.0,0.0009804805139615315,9.800000000392828e-07
repaired/transition1,ewr-08,duration,intact,1.0,1.0,0.40599345532148906,0.2590966312806071
repaired/transition2,ewr-08,duration,intact,1.0,1.0,0.0009804805139615315,9.800000000392828e-07
repaired/transition3,ewr-08,duration,intact,1.0,1.0,0.0009804805139615315,9.800000000392828e-07
streaming/absolute,ewr-08,duration,intact,0.5,0.0,0.9817763680502767,0.5626252924999999
streaming/present,ewr-08,duration,intact,0.5,0.0,0.9817763680502767,0.5626252924999999
streaming/recency,ewr-08,duration,intact,0.5,0.0,1.0293194621721604,0.5694812499999999
streaming/reference,ewr-08,duration,intact,0.5,0.0,0.9817763680502767,0.5626252924999999
streaming/transition1,ewr-08,duration,intact,0.5,0.0,0.9817763680502767,0.5626252924999999
streaming/transition2,ewr-08,duration,intact,0.5,0.0,0.9817763680502767,0.5626252924999999
streaming/transition3,ewr-08,duration,intact,0.5,0.0,0.9817763680502767,0.5626252924999999
fixed/absolute,ewr-08,duration,intact,0.5,0.0,0.9817763680502767,0.5626252924999999
fixed/present,ewr-08,duration,intact,0.5,0.0,0.9817763680502767,0.5626252924999999
fixed/recency,ewr-08,duration,intact,0.0,0.0,6.907755278982137,1.90245
fixed/reference,ewr-08,duration,intact,0.5,0.0,0.9817763680502767,0.5626252924999999
fixed/transition1,ewr-08,duration,intact,0.5,0.0,0.9817763680502767,0.5626252924999999
fixed/transition2,ewr-08,duration,intact,0.5,0.0,0.9817763680502767,0.5626252924999999
fixed/transition3,ewr-08,duration,intact,0.5,0.0,0.9817763680502767,0.5626252924999999
oracle-boundary/absolute,ewr-08,duration,intact,1.0,1.0,0.0009804805139615315,9.800000000392828e-07
oracle-boundary/present,ewr-08,duration,intact,0.5,0.0,0.9817763680502767,0.5626252924999999
oracle-boundary/recency,ewr-08,duration,intact,0.0,0.0,6.907755278982137,1.90245
oracle-boundary/reference,ewr-08,duration,intact,1.0,1.0,0.0009804805139615315,9.800000000392828e-07
oracle-boundary/transition1,ewr-08,duration,intact,0.5,0.0,0.69410764165507,0.50000048
oracle-boundary/transition2,ewr-08,duration,intact,1.0,1.0,0.0009804805139615315,9.800000000392828e-07
oracle-boundary/transition3,ewr-08,duration,intact,1.0,1.0,0.0009804805139615315,9.800000000392828e-07
repaired/absolute,ewr-08,joint,intact,1.0,1.0,0.0009804805139615315,9.800000000392828e-07
repaired/present,ewr-08,joint,intact,0.5,0.0,0.9817763680502767,0.5626252924999999
repaired/recency,ewr-08,joint,intact,0.0,0.0,6.907755278982137,1.90245
repaired/reference,ewr-08,joint,intact,1.0,1.0,0.0009804805139615315,9.800000000392828e-07
repaired/transition1,ewr-08,joint,intact,1.0,1.0,0.41011507411802023,0.26275175166553943
repaired/transition2,ewr-08,joint,intact,1.0,1.0,0.0009804805139615315,9.800000000392828e-07
repaired/transition3,ewr-08,joint,intact,1.0,1.0,0.0009804805139615315,9.800000000392828e-07
streaming/absolute,ewr-08,joint,intact,0.5,0.0,0.9817763680502767,0.5626252924999999
streaming/present,ewr-08,joint,intact,0.5,0.0,0.9817763680502767,0.5626252924999999
streaming/recency,ewr-08,joint,intact,0.5,0.0,1.0293194621721604,0.5694812499999999
streaming/reference,ewr-08,joint,intact,0.5,0.0,0.9817763680502767,0.5626252924999999
streaming/transition1,ewr-08,joint,intact,0.5,0.0,0.9817763680502767,0.5626252924999999
streaming/transition2,ewr-08,joint,intact,0.5,0.0,0.9817763680502767,0.5626252924999999
streaming/transition3,ewr-08,joint,intact,0.5,0.0,0.9817763680502767,0.5626252924999999
fixed/absolute,ewr-08,joint,intact,0.5,0.0,0.9817763680502767,0.5626252924999999
fixed/present,ewr-08,joint,intact,0.5,0.0,0.9817763680502767,0.5626252924999999
fixed/recency,ewr-08,joint,intact,0.0,0.0,6.907755278982137,1.90245
fixed/reference,ewr-08,joint,intact,0.5,0.0,0.9817763680502767,0.5626252924999999
fixed/transition1,ewr-08,joint,intact,0.0,0.0,10.819778284410283,1.99800098
fixed/transition2,ewr-08,joint,intact,0.5,0.0,0.9817763680502767,0.5626252924999999
fixed/transition3,ewr-08,joint,intact,0.5,0.0,0.9817763680502767,0.5626252924999999
oracle-boundary/absolute,ewr-08,joint,intact,1.0,1.0,0.0009804805139615315,9.800000000392828e-07
oracle-boundary/present,ewr-08,joint,intact,0.5,0.0,0.9817763680502767,0.5626252924999999
oracle-boundary/recency,ewr-08,joint,intact,0.0,0.0,6.907755278982137,1.90245
oracle-boundary/reference,ewr-08,joint,intact,1.0,1.0,0.0009804805139615315,9.800000000392828e-07
oracle-boundary/transition1,ewr-08,joint,intact,0.5,0.0,0.69410764165507,0.50000048
oracle-boundary/transition2,ewr-08,joint,intact,1.0,1.0,0.0009804805139615315,9.800000000392828e-07
oracle-boundary/transition3,ewr-08,joint,intact,1.0,1.0,0.0009804805139615315,9.800000000392828e-07
repaired/absolute,ewr-08,joint,reset,0.5,0.0,0.9817763680502767,0.5626252924999999
repaired/present,ewr-08,joint,reset,0.5,0.0,0.9817763680502767,0.5626252924999999
repaired/recency,ewr-08,joint,reset,0.5,0.0,1.0293194621721604,0.5694812499999999
repaired/reference,ewr-08,joint,reset,0.5,0.0,0.9817763680502767,0.5626252924999999
repaired/transition1,ewr-08,joint,reset,0.5,0.0,0.9817763680502767,0.5626252924999999
repaired/transition2,ewr-08,joint,reset,0.5,0.0,0.9817763680502767,0.5626252924999999
repaired/transition3,ewr-08,joint,reset,0.5,0.0,0.9817763680502767,0.5626252924999999
streaming/absolute,ewr-08,joint,reset,0.5,0.0,0.9817763680502767,0.5626252924999999
streaming/present,ewr-08,joint,reset,0.5,0.0,0.9817763680502767,0.5626252924999999
streaming/recency,ewr-08,joint,reset,0.5,0.0,1.0293194621721604,0.5694812499999999
streaming/reference,ewr-08,joint,reset,0.5,0.0,0.9817763680502767,0.5626252924999999
streaming/transition1,ewr-08,joint,reset,0.5,0.0,0.9817763680502767,0.5626252924999999
streaming/transition2,ewr-08,joint,reset,0.5,0.0,0.9817763680502767,0.5626252924999999
streaming/transition3,ewr-08,joint,reset,0.5,0.0,0.9817763680502767,0.5626252924999999
fixed/absolute,ewr-08,joint,reset,0.5,0.0,0.9817763680502767,0.5626252924999999
fixed/present,ewr-08,joint,reset,0.5,0.0,0.9817763680502767,0.5626252924999999
fixed/recency,ewr-08,joint,reset,0.0,0.0,6.907755278982137,1.90245
fixed/reference,ewr-08,joint,reset,0.5,0.0,0.9817763680502767,0.5626252924999999
fixed/transition1,ewr-08,joint,reset,0.0,0.0,10.819778284410283,1.99800098
fixed/transition2,ewr-08,joint,reset,0.5,0.0,0.9817763680502767,0.5626252924999999
fixed/transition3,ewr-08,joint,reset,0.5,0.0,0.9817763680502767,0.5626252924999999
oracle-boundary/absolute,ewr-08,joint,reset,0.5,0.0,0.9817763680502767,0.5626252924999999
oracle-boundary/present,ewr-08,joint,reset,0.5,0.0,0.9817763680502767,0.5626252924999999
oracle-boundary/recency,ewr-08,joint,reset,0.5,0.0,1.0293194621721604,0.5694812499999999
oracle-boundary/reference,ewr-08,joint,reset,0.5,0.0,0.9817763680502767,0.5626252924999999
oracle-boundary/transition1,ewr-08,joint,reset,0.5,0.0,0.9817763680502767,0.5626252924999999
oracle-boundary/transition2,ewr-08,joint,reset,0.5,0.0,0.9817763680502767,0.5626252924999999
oracle-boundary/transition3,ewr-08,joint,reset,0.5,0.0,0.9817763680502767,0.5626252924999999
repaired/absolute,ewr-08,joint,removal,0.5,0.0,0.9817763680502767,0.5626252924999999
repaired/present,ewr-08,joint,removal,0.5,0.0,0.9817763680502767,0.5626252924999999
repaired/recency,ewr-08,joint,removal,0.5,0.0,1.0293194621721604,0.5694812499999999
repaired/reference,ewr-08,joint,removal,0.5,0.0,0.9817763680502767,0.5626252924999999
repaired/transition1,ewr-08,joint,removal,0.5,0.0,0.9817763680502767,0.5626252924999999
repaired/transition2,ewr-08,joint,removal,0.5,0.0,0.9817763680502767,0.5626252924999999
repaired/transition3,ewr-08,joint,removal,0.5,0.0,0.9817763680502767,0.5626252924999999
streaming/absolute,ewr-08,joint,removal,0.5,0.0,0.9817763680502767,0.5626252924999999
streaming/present,ewr-08,joint,removal,0.5,0.0,0.9817763680502767,0.5626252924999999
streaming/recency,ewr-08,joint,removal,0.5,0.0,1.0293194621721604,0.5694812499999999
streaming/reference,ewr-08,joint,removal,0.5,0.0,0.9817763680502767,0.5626252924999999
streaming/transition1,ewr-08,joint,removal,0.5,0.0,0.9817763680502767,0.5626252924999999
streaming/transition2,ewr-08,joint,removal,0.5,0.0,0.9817763680502767,0.5626252924999999
streaming/transition3,ewr-08,joint,removal,0.5,0.0,0.9817763680502767,0.5626252924999999
fixed/absolute,ewr-08,joint,removal,0.5,0.0,0.9817763680502767,0.5626252924999999
fixed/present,ewr-08,joint,removal,0.5,0.0,0.9817763680502767,0.5626252924999999
fixed/recency,ewr-08,joint,removal,0.0,0.0,6.907755278982137,1.90245
fixed/reference,ewr-08,joint,removal,0.5,0.0,0.9817763680502767,0.5626252924999999
fixed/transition1,ewr-08,joint,removal,0.0,0.0,10.819778284410283,1.99800098
fixed/transition2,ewr-08,joint,removal,0.5,0.0,0.9817763680502767,0.5626252924999999
fixed/transition3,ewr-08,joint,removal,0.5,0.0,0.9817763680502767,0.5626252924999999
oracle-boundary/absolute,ewr-08,joint,removal,0.5,0.0,0.9817763680502767,0.5626252924999999
oracle-boundary/present,ewr-08,joint,removal,0.5,0.0,0.9817763680502767,0.5626252924999999
oracle-boundary/recency,ewr-08,joint,removal,0.5,0.0,1.0293194621721604,0.5694812499999999
oracle-boundary/reference,ewr-08,joint,removal,0.5,0.0,0.9817763680502767,0.5626252924999999
oracle-boundary/transition1,ewr-08,joint,removal,0.5,0.0,0.9817763680502767,0.5626252924999999
oracle-boundary/transition2,ewr-08,joint,removal,0.5,0.0,0.9817763680502767,0.5626252924999999
oracle-boundary/transition3,ewr-08,joint,removal,0.5,0.0,0.9817763680502767,0.5626252924999999
repaired/absolute,ewr-08,joint,swap,1.0,1.0,0.0009804805139615315,9.800000000392828e-07
repaired/present,ewr-08,joint,swap,0.5,0.0,0.9817763680502767,0.5626252924999999
repaired/recency,ewr-08,joint,swap,0.0,0.0,6.907755278982137,1.90245
repaired/reference,ewr-08,joint,swap,1.0,1.0,0.0009804805139615315,9.800000000392828e-07
repaired/transition1,ewr-08,joint,swap,1.0,1.0,0.41011507411802023,0.26275175166553943
repaired/transition2,ewr-08,joint,swap,1.0,1.0,0.0009804805139615315,9.800000000392828e-07
repaired/transition3,ewr-08,joint,swap,1.0,1.0,0.0009804805139615315,9.800000000392828e-07
streaming/absolute,ewr-08,joint,swap,0.5,0.0,0.9817763680502767,0.5626252924999999
streaming/present,ewr-08,joint,swap,0.5,0.0,0.9817763680502767,0.5626252924999999
streaming/recency,ewr-08,joint,swap,0.5,0.0,1.0293194621721604,0.5694812499999999
streaming/reference,ewr-08,joint,swap,0.5,0.0,0.9817763680502767,0.5626252924999999
streaming/transition1,ewr-08,joint,swap,0.5,0.0,0.9817763680502767,0.5626252924999999
streaming/transition2,ewr-08,joint,swap,0.5,0.0,0.9817763680502767,0.5626252924999999
streaming/transition3,ewr-08,joint,swap,0.5,0.0,0.9817763680502767,0.5626252924999999
fixed/absolute,ewr-08,joint,swap,0.5,0.0,0.9817763680502767,0.5626252924999999
fixed/present,ewr-08,joint,swap,0.5,0.0,0.9817763680502767,0.5626252924999999
fixed/recency,ewr-08,joint,swap,0.0,0.0,6.907755278982137,1.90245
fixed/reference,ewr-08,joint,swap,0.5,0.0,0.9817763680502767,0.5626252924999999
fixed/transition1,ewr-08,joint,swap,0.0,0.0,10.819778284410283,1.99800098
fixed/transition2,ewr-08,joint,swap,0.5,0.0,0.9817763680502767,0.5626252924999999
fixed/transition3,ewr-08,joint,swap,0.5,0.0,0.9817763680502767,0.5626252924999999
oracle-boundary/absolute,ewr-08,joint,swap,1.0,1.0,0.0009804805139615315,9.800000000392828e-07
oracle-boundary/present,ewr-08,joint,swap,0.5,0.0,0.9817763680502767,0.5626252924999999
oracle-boundary/recency,ewr-08,joint,swap,0.0,0.0,6.907755278982137,1.90245
oracle-boundary/reference,ewr-08,joint,swap,1.0,1.0,0.0009804805139615315,9.800000000392828e-07
oracle-boundary/transition1,ewr-08,joint,swap,0.5,0.0,0.69410764165507,0.50000048
oracle-boundary/transition2,ewr-08,joint,swap,1.0,1.0,0.0009804805139615315,9.800000000392828e-07
oracle-boundary/transition3,ewr-08,joint,swap,1.0,1.0,0.0009804805139615315,9.800000000392828e-07
repaired/absolute,ewr-08,joint,shuffle,1.0,1.0,0.0009804805139615315,9.800000000392828e-07
repaired/present,ewr-08,joint,shuffle,0.5,0.0,0.9817763680502767,0.5626252924999999
repaired/recency,ewr-08,joint,shuffle,1.0,1.0,0.05024121643674679,0.0024500000000000632
repaired/reference,ewr-08,joint,shuffle,1.0,1.0,0.0009804805139615315,9.800000000392828e-07
repaired/transition1,ewr-08,joint,shuffle,0.5,0.0,1.2788865031424625,0.962532600884698
repaired/transition2,ewr-08,joint,shuffle,1.0,1.0,0.0009804805139615315,9.800000000392828e-07
repaired/transition3,ewr-08,joint,shuffle,1.0,1.0,0.0009804805139615315,9.800000000392828e-07
streaming/absolute,ewr-08,joint,shuffle,0.5,0.0,0.9817763680502767,0.5626252924999999
streaming/present,ewr-08,joint,shuffle,0.5,0.0,0.9817763680502767,0.5626252924999999
streaming/recency,ewr-08,joint,shuffle,0.5,0.0,1.0293194621721604,0.5694812499999999
streaming/reference,ewr-08,joint,shuffle,0.5,0.0,0.9817763680502767,0.5626252924999999
streaming/transition1,ewr-08,joint,shuffle,0.5,0.0,0.9817763680502767,0.5626252924999999
streaming/transition2,ewr-08,joint,shuffle,0.5,0.0,0.9817763680502767,0.5626252924999999
streaming/transition3,ewr-08,joint,shuffle,0.5,0.0,0.9817763680502767,0.5626252924999999
fixed/absolute,ewr-08,joint,shuffle,0.5,0.0,0.9817763680502767,0.5626252924999999
fixed/present,ewr-08,joint,shuffle,0.5,0.0,0.9817763680502767,0.5626252924999999
fixed/recency,ewr-08,joint,shuffle,0.0,0.0,6.907755278982137,1.90245
fixed/reference,ewr-08,joint,shuffle,0.5,0.0,0.9817763680502767,0.5626252924999999
fixed/transition1,ewr-08,joint,shuffle,0.0,0.0,10.819778284410283,1.99800098
fixed/transition2,ewr-08,joint,shuffle,0.5,0.0,0.9817763680502767,0.5626252924999999
fixed/transition3,ewr-08,joint,shuffle,0.5,0.0,0.9817763680502767,0.5626252924999999
oracle-boundary/absolute,ewr-08,joint,shuffle,1.0,1.0,0.0009804805139615315,9.800000000392828e-07
oracle-boundary/present,ewr-08,joint,shuffle,0.5,0.0,0.9817763680502767,0.5626252924999999
oracle-boundary/recency,ewr-08,joint,shuffle,1.0,1.0,0.05024121643674679,0.0024500000000000632
oracle-boundary/reference,ewr-08,joint,shuffle,1.0,1.0,0.0009804805139615315,9.800000000392828e-07
oracle-boundary/transition1,ewr-08,joint,shuffle,0.5,0.0,0.69410764165507,0.50000048
oracle-boundary/transition2,ewr-08,joint,shuffle,1.0,1.0,0.0009804805139615315,9.800000000392828e-07
oracle-boundary/transition3,ewr-08,joint,shuffle,1.0,1.0,0.0009804805139615315,9.800000000392828e-07
repaired/absolute,ewr-08,joint,ambiguous,0.5,0.0,1.0175431809309903,0.7377025464369016
repaired/present,ewr-08,joint,ambiguous,0.5,0.0,0.9817763680502767,0.5626252924999999
repaired/recency,ewr-08,joint,ambiguous,0.5,0.0,3.4789982477094417,0.95245
repaired/reference,ewr-08,joint,ambiguous,0.5,0.0,0.8452421187934804,0.6301805521318427
repaired/transition1,ewr-08,joint,ambiguous,0.5,0.0,1.0175431809309903,0.7377025464369016
repaired/transition2,ewr-08,joint,ambiguous,0.5,0.0,1.0175431809309903,0.7377025464369016
repaired/transition3,ewr-08,joint,ambiguous,0.5,0.0,1.0175431809309903,0.7377025464369016
streaming/absolute,ewr-08,joint,ambiguous,0.5,0.0,0.9817763680502767,0.5626252924999999
streaming/present,ewr-08,joint,ambiguous,0.5,0.0,0.9817763680502767,0.5626252924999999
streaming/recency,ewr-08,joint,ambiguous,0.5,0.0,1.0293194621721604,0.5694812499999999
streaming/reference,ewr-08,joint,ambiguous,0.5,0.0,0.9817763680502767,0.5626252924999999
streaming/transition1,ewr-08,joint,ambiguous,0.5,0.0,0.9817763680502767,0.5626252924999999
streaming/transition2,ewr-08,joint,ambiguous,0.5,0.0,0.9817763680502767,0.5626252924999999
streaming/transition3,ewr-08,joint,ambiguous,0.5,0.0,0.9817763680502767,0.5626252924999999
fixed/absolute,ewr-08,joint,ambiguous,0.5,0.0,0.9817763680502767,0.5626252924999999
fixed/present,ewr-08,joint,ambiguous,0.5,0.0,0.9817763680502767,0.5626252924999999
fixed/recency,ewr-08,joint,ambiguous,0.0,0.0,6.907755278982137,1.90245
fixed/reference,ewr-08,joint,ambiguous,0.5,0.0,0.9817763680502767,0.5626252924999999
fixed/transition1,ewr-08,joint,ambiguous,0.0,0.0,10.819778284410283,1.99800098
fixed/transition2,ewr-08,joint,ambiguous,0.5,0.0,0.9817763680502767,0.5626252924999999
fixed/transition3,ewr-08,joint,ambiguous,0.5,0.0,0.9817763680502767,0.5626252924999999
oracle-boundary/absolute,ewr-08,joint,ambiguous,0.5,0.0,0.69410764165507,0.50000048
oracle-boundary/present,ewr-08,joint,ambiguous,0.5,0.0,0.9817763680502767,0.5626252924999999
oracle-boundary/recency,ewr-08,joint,ambiguous,0.5,0.0,3.4789982477094417,0.95245
oracle-boundary/reference,ewr-08,joint,ambiguous,0.5,0.0,0.69410764165507,0.50000048
oracle-boundary/transition1,ewr-08,joint,ambiguous,0.5,0.0,0.69410764165507,0.50000048
oracle-boundary/transition2,ewr-08,joint,ambiguous,0.5,0.0,0.69410764165507,0.50000048
oracle-boundary/transition3,ewr-08,joint,ambiguous,0.5,0.0,0.69410764165507,0.50000048
repaired/absolute,ewr-09,detached,intact,1.0,1.0,0.0009804805139615315,9.800000000392828e-07
repaired/present,ewr-09,detached,intact,0.0,0.0,2.0802818946775288,1.0621252925000002
repaired/recency,ewr-09,detached,intact,1.0,1.0,0.05024121643674679,0.0024500000000000632
repaired/reference,ewr-09,detached,intact,1.0,1.0,0.0009804805139615315,9.800000000392828e-07
repaired/transition1,ewr-09,detached,intact,0.0,0.0,0.6979159424103902,0.5038050995175158
repaired/transition2,ewr-09,detached,intact,1.0,1.0,0.0009804805139615315,9.800000000392828e-07
repaired/transition3,ewr-09,detached,intact,1.0,1.0,0.0009804805139615315,9.800000000392828e-07
streaming/absolute,ewr-09,detached,intact,0.0,0.0,2.0802818946775288,1.0621252925000002
streaming/present,ewr-09,detached,intact,0.0,0.0,2.0802818946775288,1.0621252925000002
streaming/recency,ewr-09,detached,intact,1.0,1.0,0.05024121643674679,0.0024500000000000632
streaming/reference,ewr-09,detached,intact,0.5,0.0,1.0406311875957452,0.5310631362500001
streaming/transition1,ewr-09,detached,intact,0.0,0.0,2.0802818946775288,1.0621252925000002
streaming/transition2,ewr-09,detached,intact,0.0,0.0,2.0802818946775288,1.0621252925000002
streaming/transition3,ewr-09,detached,intact,0.0,0.0,2.0802818946775288,1.0621252925000002
fixed/absolute,ewr-09,detached,intact,0.0,0.0,2.0802818946775288,1.0621252925000002
fixed/present,ewr-09,detached,intact,0.0,0.0,2.0802818946775288,1.0621252925000002
fixed/recency,ewr-09,detached,intact,0.0,0.0,4.515052160836625,1.4734656249999998
fixed/reference,ewr-09,detached,intact,0.0,0.0,2.0802818946775288,1.0621252925000002
fixed/transition1,ewr-09,detached,intact,0.0,0.0,6.450030089543906,1.53006313625
fixed/transition2,ewr-09,detached,intact,0.0,0.0,2.0802818946775288,1.0621252925000002
fixed/transition3,ewr-09,detached,intact,0.0,0.0,2.0802818946775288,1.0621252925000002
oracle-boundary/absolute,ewr-09,detached,intact,1.0,1.0,0.0009804805139615315,9.800000000392828e-07
oracle-boundary/present,ewr-09,detached,intact,0.0,0.0,2.0802818946775288,1.0621252925000002
oracle-boundary/recency,ewr-09,detached,intact,1.0,1.0,0.05024121643674679,0.0024500000000000632
oracle-boundary/reference,ewr-09,detached,intact,1.0,1.0,0.0009804805139615315,9.800000000392828e-07
oracle-boundary/transition1,ewr-09,detached,intact,0.5,0.0,0.6941076416550698,0.5000004800000002
oracle-boundary/transition2,ewr-09,detached,intact,1.0,1.0,0.0009804805139615315,9.800000000392828e-07
oracle-boundary/transition3,ewr-09,detached,intact,1.0,1.0,0.0009804805139615315,9.800000000392828e-07
repaired/absolute,ewr-09,legato,intact,1.0,1.0,0.0009804805139615315,9.800000000392828e-07
repaired/present,ewr-09,legato,intact,0.0,0.0,2.0802818946775288,1.0621252925000002
repaired/recency,ewr-09,legato,intact,1.0,1.0,0.05024121643674679,0.0024500000000000632
repaired/reference,ewr-09,legato,intact,1.0,1.0,0.0009804805139615315,9.800000000392828e-07
repaired/transition1,ewr-09,legato,intact,0.0,0.0,0.7011159207063609,0.507001893630846
repaired/transition2,ewr-09,legato,intact,1.0,1.0,0.0009804805139615315,9.800000000392828e-07
repaired/transition3,ewr-09,legato,intact,1.0,1.0,0.0009804805139615315,9.800000000392828e-07
streaming/absolute,ewr-09,legato,intact,0.0,0.0,2.0802818946775288,1.0621252925000002
streaming/present,ewr-09,legato,intact,0.0,0.0,2.0802818946775288,1.0621252925000002
streaming/recency,ewr-09,legato,intact,0.0,0.0,4.515052160836625,1.4734656249999998
streaming/reference,ewr-09,legato,intact,0.0,0.0,2.0802818946775288,1.0621252925000002
streaming/transition1,ewr-09,legato,intact,0.0,0.0,2.0802818946775288,1.0621252925000002
streaming/transition2,ewr-09,legato,intact,0.0,0.0,2.0802818946775288,1.0621252925000002
streaming/transition3,ewr-09,legato,intact,0.0,0.0,2.0802818946775288,1.0621252925000002
fixed/absolute,ewr-09,legato,intact,0.0,0.0,2.0802818946775288,1.0621252925000002
fixed/present,ewr-09,legato,intact,0.0,0.0,2.0802818946775288,1.0621252925000002
fixed/recency,ewr-09,legato,intact,0.0,0.0,6.907755278982137,1.90245
fixed/reference,ewr-09,legato,intact,0.0,0.0,2.0802818946775288,1.0621252925000002
fixed/transition1,ewr-09,legato,intact,0.0,0.0,10.819778284410283,1.499006206670316
fixed/transition2,ewr-09,legato,intact,0.0,0.0,2.0802818946775288,1.0621252925000002
fixed/transition3,ewr-09,legato,intact,0.0,0.0,2.0802818946775288,1.0621252925000002
oracle-boundary/absolute,ewr-09,legato,intact,1.0,1.0,0.0009804805139615315,9.800000000392828e-07
oracle-boundary/present,ewr-09,legato,intact,0.0,0.0,2.0802818946775288,1.0621252925000002
oracle-boundary/recency,ewr-09,legato,intact,1.0,1.0,0.05024121643674679,0.0024500000000000632
oracle-boundary/reference,ewr-09,legato,intact,1.0,1.0,0.0009804805139615315,9.800000000392828e-07
oracle-boundary/transition1,ewr-09,legato,intact,0.5,0.0,0.6941076416550698,0.5000004800000002
oracle-boundary/transition2,ewr-09,legato,intact,1.0,1.0,0.0009804805139615315,9.800000000392828e-07
oracle-boundary/transition3,ewr-09,legato,intact,1.0,1.0,0.0009804805139615315,9.800000000392828e-07
repaired/absolute,ewr-09,duration,intact,1.0,1.0,0.0009804805139615315,9.800000000392828e-07
repaired/present,ewr-09,duration,intact,0.0,0.0,2.0802818946775288,1.0621252925000002
repaired/recency,ewr-09,duration,intact,1.0,1.0,0.05024121643674679,0.0024500000000000632
repaired/reference,ewr-09,duration,intact,1.0,1.0,0.0009804805139615315,9.800000000392828e-07
repaired/transition1,ewr-09,duration,intact,1.0,1.0,0.6937527720163527,0.49964595099061127
repaired/transition2,ewr-09,duration,intact,1.0,1.0,0.0009804805139615315,9.800000000392828e-07
repaired/transition3,ewr-09,duration,intact,1.0,1.0,0.0009804805139615315,9.800000000392828e-07
streaming/absolute,ewr-09,duration,intact,0.0,0.0,2.0802818946775288,1.0621252925000002
streaming/present,ewr-09,duration,intact,0.0,0.0,2.0802818946775288,1.0621252925000002
streaming/recency,ewr-09,duration,intact,0.0,0.0,2.1223490426911127,1.0444812499999996
streaming/reference,ewr-09,duration,intact,0.0,0.0,2.0802818946775288,1.0621252925000002
streaming/transition1,ewr-09,duration,intact,0.0,0.0,2.0802818946775288,1.0621252925000002
streaming/transition2,ewr-09,duration,intact,0.0,0.0,2.0802818946775288,1.0621252925000002
streaming/transition3,ewr-09,duration,intact,0.0,0.0,2.0802818946775288,1.0621252925000002
fixed/absolute,ewr-09,duration,intact,0.0,0.0,2.0802818946775288,1.0621252925000002
fixed/present,ewr-09,duration,intact,0.0,0.0,2.0802818946775288,1.0621252925000002
fixed/recency,ewr-09,duration,intact,0.0,0.0,2.1223490426911127,1.0444812499999996
fixed/reference,ewr-09,duration,intact,0.0,0.0,2.0802818946775288,1.0621252925000002
fixed/transition1,ewr-09,duration,intact,0.0,0.0,2.0802818946775288,1.0621252925000002
fixed/transition2,ewr-09,duration,intact,0.0,0.0,2.0802818946775288,1.0621252925000002
fixed/transition3,ewr-09,duration,intact,0.0,0.0,2.0802818946775288,1.0621252925000002
oracle-boundary/absolute,ewr-09,duration,intact,1.0,1.0,0.0009804805139615315,9.800000000392828e-07
oracle-boundary/present,ewr-09,duration,intact,0.0,0.0,2.0802818946775288,1.0621252925000002
oracle-boundary/recency,ewr-09,duration,intact,1.0,1.0,0.05024121643674679,0.0024500000000000632
oracle-boundary/reference,ewr-09,duration,intact,1.0,1.0,0.0009804805139615315,9.800000000392828e-07
oracle-boundary/transition1,ewr-09,duration,intact,0.5,0.0,0.6941076416550698,0.5000004800000002
oracle-boundary/transition2,ewr-09,duration,intact,1.0,1.0,0.0009804805139615315,9.800000000392828e-07
oracle-boundary/transition3,ewr-09,duration,intact,1.0,1.0,0.0009804805139615315,9.800000000392828e-07
repaired/absolute,ewr-09,joint,intact,1.0,1.0,0.0009804805139615315,9.800000000392828e-07
repaired/present,ewr-09,joint,intact,0.0,0.0,2.0802818946775288,1.0621252925000002
repaired/recency,ewr-09,joint,intact,1.0,1.0,0.05024121643674679,0.0024500000000000632
repaired/reference,ewr-09,joint,intact,1.0,1.0,0.0009804805139615315,9.800000000392828e-07
repaired/transition1,ewr-09,joint,intact,1.0,1.0,0.6937527720163527,0.49964595099061127
repaired/transition2,ewr-09,joint,intact,1.0,1.0,0.0009804805139615315,9.800000000392828e-07
repaired/transition3,ewr-09,joint,intact,1.0,1.0,0.0009804805139615315,9.800000000392828e-07
streaming/absolute,ewr-09,joint,intact,0.0,0.0,2.0802818946775288,1.0621252925000002
streaming/present,ewr-09,joint,intact,0.0,0.0,2.0802818946775288,1.0621252925000002
streaming/recency,ewr-09,joint,intact,0.0,0.0,2.1223490426911127,1.0444812499999996
streaming/reference,ewr-09,joint,intact,0.0,0.0,2.0802818946775288,1.0621252925000002
streaming/transition1,ewr-09,joint,intact,0.0,0.0,2.0802818946775288,1.0621252925000002
streaming/transition2,ewr-09,joint,intact,0.0,0.0,2.0802818946775288,1.0621252925000002
streaming/transition3,ewr-09,joint,intact,0.0,0.0,2.0802818946775288,1.0621252925000002
fixed/absolute,ewr-09,joint,intact,0.0,0.0,2.0802818946775288,1.0621252925000002
fixed/present,ewr-09,joint,intact,0.0,0.0,2.0802818946775288,1.0621252925000002
fixed/recency,ewr-09,joint,intact,0.0,0.0,2.1223490426911127,1.0444812499999996
fixed/reference,ewr-09,joint,intact,0.0,0.0,2.0802818946775288,1.0621252925000002
fixed/transition1,ewr-09,joint,intact,0.0,0.0,2.0802818946775288,1.0621252925000002
fixed/transition2,ewr-09,joint,intact,0.0,0.0,2.0802818946775288,1.0621252925000002
fixed/transition3,ewr-09,joint,intact,0.0,0.0,2.0802818946775288,1.0621252925000002
oracle-boundary/absolute,ewr-09,joint,intact,1.0,1.0,0.0009804805139615315,9.800000000392828e-07
oracle-boundary/present,ewr-09,joint,intact,0.0,0.0,2.0802818946775288,1.0621252925000002
oracle-boundary/recency,ewr-09,joint,intact,1.0,1.0,0.05024121643674679,0.0024500000000000632
oracle-boundary/reference,ewr-09,joint,intact,1.0,1.0,0.0009804805139615315,9.800000000392828e-07
oracle-boundary/transition1,ewr-09,joint,intact,0.5,0.0,0.6941076416550698,0.5000004800000002
oracle-boundary/transition2,ewr-09,joint,intact,1.0,1.0,0.0009804805139615315,9.800000000392828e-07
oracle-boundary/transition3,ewr-09,joint,intact,1.0,1.0,0.0009804805139615315,9.800000000392828e-07
repaired/absolute,ewr-09,joint,reset,0.0,0.0,2.0802818946775288,1.0621252925000002
repaired/present,ewr-09,joint,reset,0.0,0.0,2.0802818946775288,1.0621252925000002
repaired/recency,ewr-09,joint,reset,0.0,0.0,2.1223490426911127,1.0444812499999996
repaired/reference,ewr-09,joint,reset,0.0,0.0,2.0802818946775288,1.0621252925000002
repaired/transition1,ewr-09,joint,reset,0.0,0.0,2.0802818946775288,1.0621252925000002
repaired/transition2,ewr-09,joint,reset,0.0,0.0,2.0802818946775288,1.0621252925000002
repaired/transition3,ewr-09,joint,reset,0.0,0.0,2.0802818946775288,1.0621252925000002
streaming/absolute,ewr-09,joint,reset,0.0,0.0,2.0802818946775288,1.0621252925000002
streaming/present,ewr-09,joint,reset,0.0,0.0,2.0802818946775288,1.0621252925000002
streaming/recency,ewr-09,joint,reset,0.0,0.0,2.1223490426911127,1.0444812499999996
streaming/reference,ewr-09,joint,reset,0.0,0.0,2.0802818946775288,1.0621252925000002
streaming/transition1,ewr-09,joint,reset,0.0,0.0,2.0802818946775288,1.0621252925000002
streaming/transition2,ewr-09,joint,reset,0.0,0.0,2.0802818946775288,1.0621252925000002
streaming/transition3,ewr-09,joint,reset,0.0,0.0,2.0802818946775288,1.0621252925000002
fixed/absolute,ewr-09,joint,reset,0.0,0.0,2.0802818946775288,1.0621252925000002
fixed/present,ewr-09,joint,reset,0.0,0.0,2.0802818946775288,1.0621252925000002
fixed/recency,ewr-09,joint,reset,0.0,0.0,2.1223490426911127,1.0444812499999996
fixed/reference,ewr-09,joint,reset,0.0,0.0,2.0802818946775288,1.0621252925000002
fixed/transition1,ewr-09,joint,reset,0.0,0.0,2.0802818946775288,1.0621252925000002
fixed/transition2,ewr-09,joint,reset,0.0,0.0,2.0802818946775288,1.0621252925000002
fixed/transition3,ewr-09,joint,reset,0.0,0.0,2.0802818946775288,1.0621252925000002
oracle-boundary/absolute,ewr-09,joint,reset,0.0,0.0,2.0802818946775288,1.0621252925000002
oracle-boundary/present,ewr-09,joint,reset,0.0,0.0,2.0802818946775288,1.0621252925000002
oracle-boundary/recency,ewr-09,joint,reset,0.0,0.0,2.1223490426911127,1.0444812499999996
oracle-boundary/reference,ewr-09,joint,reset,0.0,0.0,2.0802818946775288,1.0621252925000002
oracle-boundary/transition1,ewr-09,joint,reset,0.0,0.0,2.0802818946775288,1.0621252925000002
oracle-boundary/transition2,ewr-09,joint,reset,0.0,0.0,2.0802818946775288,1.0621252925000002
oracle-boundary/transition3,ewr-09,joint,reset,0.0,0.0,2.0802818946775288,1.0621252925000002
repaired/absolute,ewr-09,joint,removal,0.0,0.0,2.0802818946775288,1.0621252925000002
repaired/present,ewr-09,joint,removal,0.0,0.0,2.0802818946775288,1.0621252925000002
repaired/recency,ewr-09,joint,removal,0.0,0.0,2.1223490426911127,1.0444812499999996
repaired/reference,ewr-09,joint,removal,0.0,0.0,2.0802818946775288,1.0621252925000002
repaired/transition1,ewr-09,joint,removal,0.0,0.0,2.0802818946775288,1.0621252925000002
repaired/transition2,ewr-09,joint,removal,0.0,0.0,2.0802818946775288,1.0621252925000002
repaired/transition3,ewr-09,joint,removal,0.0,0.0,2.0802818946775288,1.0621252925000002
streaming/absolute,ewr-09,joint,removal,0.0,0.0,2.0802818946775288,1.0621252925000002
streaming/present,ewr-09,joint,removal,0.0,0.0,2.0802818946775288,1.0621252925000002
streaming/recency,ewr-09,joint,removal,0.0,0.0,2.1223490426911127,1.0444812499999996
streaming/reference,ewr-09,joint,removal,0.0,0.0,2.0802818946775288,1.0621252925000002
streaming/transition1,ewr-09,joint,removal,0.0,0.0,2.0802818946775288,1.0621252925000002
streaming/transition2,ewr-09,joint,removal,0.0,0.0,2.0802818946775288,1.0621252925000002
streaming/transition3,ewr-09,joint,removal,0.0,0.0,2.0802818946775288,1.0621252925000002
fixed/absolute,ewr-09,joint,removal,0.0,0.0,2.0802818946775288,1.0621252925000002
fixed/present,ewr-09,joint,removal,0.0,0.0,2.0802818946775288,1.0621252925000002
fixed/recency,ewr-09,joint,removal,0.0,0.0,2.1223490426911127,1.0444812499999996
fixed/reference,ewr-09,joint,removal,0.0,0.0,2.0802818946775288,1.0621252925000002
fixed/transition1,ewr-09,joint,removal,0.0,0.0,2.0802818946775288,1.0621252925000002
fixed/transition2,ewr-09,joint,removal,0.0,0.0,2.0802818946775288,1.0621252925000002
fixed/transition3,ewr-09,joint,removal,0.0,0.0,2.0802818946775288,1.0621252925000002
oracle-boundary/absolute,ewr-09,joint,removal,0.0,0.0,2.0802818946775288,1.0621252925000002
oracle-boundary/present,ewr-09,joint,removal,0.0,0.0,2.0802818946775288,1.0621252925000002
oracle-boundary/recency,ewr-09,joint,removal,0.0,0.0,2.1223490426911127,1.0444812499999996
oracle-boundary/reference,ewr-09,joint,removal,0.0,0.0,2.0802818946775288,1.0621252925000002
oracle-boundary/transition1,ewr-09,joint,removal,0.0,0.0,2.0802818946775288,1.0621252925000002
oracle-boundary/transition2,ewr-09,joint,removal,0.0,0.0,2.0802818946775288,1.0621252925000002
oracle-boundary/transition3,ewr-09,joint,removal,0.0,0.0,2.0802818946775288,1.0621252925000002
repaired/absolute,ewr-09,joint,swap,1.0,1.0,0.0009804805139615315,9.800000000392828e-07
repaired/present,ewr-09,joint,swap,0.0,0.0,2.0802818946775288,1.0621252925000002
repaired/recency,ewr-09,joint,swap,1.0,1.0,0.05024121643674679,0.0024500000000000632
repaired/reference,ewr-09,joint,swap,1.0,1.0,0.0009804805139615315,9.800000000392828e-07
repaired/transition1,ewr-09,joint,swap,1.0,1.0,0.6937527720163527,0.49964595099061127
repaired/transition2,ewr-09,joint,swap,1.0,1.0,0.0009804805139615315,9.800000000392828e-07
repaired/transition3,ewr-09,joint,swap,1.0,1.0,0.0009804805139615315,9.800000000392828e-07
streaming/absolute,ewr-09,joint,swap,0.0,0.0,2.0802818946775288,1.0621252925000002
streaming/present,ewr-09,joint,swap,0.0,0.0,2.0802818946775288,1.0621252925000002
streaming/recency,ewr-09,joint,swap,0.0,0.0,2.1223490426911127,1.0444812499999996
streaming/reference,ewr-09,joint,swap,0.0,0.0,2.0802818946775288,1.0621252925000002
streaming/transition1,ewr-09,joint,swap,0.0,0.0,2.0802818946775288,1.0621252925000002
streaming/transition2,ewr-09,joint,swap,0.0,0.0,2.0802818946775288,1.0621252925000002
streaming/transition3,ewr-09,joint,swap,0.0,0.0,2.0802818946775288,1.0621252925000002
fixed/absolute,ewr-09,joint,swap,0.0,0.0,2.0802818946775288,1.0621252925000002
fixed/present,ewr-09,joint,swap,0.0,0.0,2.0802818946775288,1.0621252925000002
fixed/recency,ewr-09,joint,swap,0.0,0.0,2.1223490426911127,1.0444812499999996
fixed/reference,ewr-09,joint,swap,0.0,0.0,2.0802818946775288,1.0621252925000002
fixed/transition1,ewr-09,joint,swap,0.0,0.0,2.0802818946775288,1.0621252925000002
fixed/transition2,ewr-09,joint,swap,0.0,0.0,2.0802818946775288,1.0621252925000002
fixed/transition3,ewr-09,joint,swap,0.0,0.0,2.0802818946775288,1.0621252925000002
oracle-boundary/absolute,ewr-09,joint,swap,1.0,1.0,0.0009804805139615315,9.800000000392828e-07
oracle-boundary/present,ewr-09,joint,swap,0.0,0.0,2.0802818946775288,1.0621252925000002
oracle-boundary/recency,ewr-09,joint,swap,1.0,1.0,0.05024121643674679,0.0024500000000000632
oracle-boundary/reference,ewr-09,joint,swap,1.0,1.0,0.0009804805139615315,9.800000000392828e-07
oracle-boundary/transition1,ewr-09,joint,swap,0.5,0.0,0.6941076416550698,0.5000004800000002
oracle-boundary/transition2,ewr-09,joint,swap,1.0,1.0,0.0009804805139615315,9.800000000392828e-07
oracle-boundary/transition3,ewr-09,joint,swap,1.0,1.0,0.0009804805139615315,9.800000000392828e-07
repaired/absolute,ewr-09,joint,shuffle,1.0,1.0,0.0009804805139615315,9.800000000392828e-07
repaired/present,ewr-09,joint,shuffle,0.0,0.0,2.0802818946775288,1.0621252925000002
repaired/recency,ewr-09,joint,shuffle,0.0,0.0,6.907755278982137,1.90245
repaired/reference,ewr-09,joint,shuffle,1.0,1.0,0.0009804805139615315,9.800000000392828e-07
repaired/transition1,ewr-09,joint,shuffle,0.0,0.0,0.6944626372709543,0.5003551347447881
repaired/transition2,ewr-09,joint,shuffle,1.0,1.0,0.0009804805139615315,9.800000000392828e-07
repaired/transition3,ewr-09,joint,shuffle,1.0,1.0,0.0009804805139615315,9.800000000392828e-07
streaming/absolute,ewr-09,joint,shuffle,0.0,0.0,2.0802818946775288,1.0621252925000002
streaming/present,ewr-09,joint,shuffle,0.0,0.0,2.0802818946775288,1.0621252925000002
streaming/recency,ewr-09,joint,shuffle,0.0,0.0,2.1223490426911127,1.0444812499999996
streaming/reference,ewr-09,joint,shuffle,0.0,0.0,2.0802818946775288,1.0621252925000002
streaming/transition1,ewr-09,joint,shuffle,0.0,0.0,2.0802818946775288,1.0621252925000002
streaming/transition2,ewr-09,joint,shuffle,0.0,0.0,2.0802818946775288,1.0621252925000002
streaming/transition3,ewr-09,joint,shuffle,0.0,0.0,2.0802818946775288,1.0621252925000002
fixed/absolute,ewr-09,joint,shuffle,0.0,0.0,2.0802818946775288,1.0621252925000002
fixed/present,ewr-09,joint,shuffle,0.0,0.0,2.0802818946775288,1.0621252925000002
fixed/recency,ewr-09,joint,shuffle,0.0,0.0,2.1223490426911127,1.0444812499999996
fixed/reference,ewr-09,joint,shuffle,0.0,0.0,2.0802818946775288,1.0621252925000002
fixed/transition1,ewr-09,joint,shuffle,0.0,0.0,2.0802818946775288,1.0621252925000002
fixed/transition2,ewr-09,joint,shuffle,0.0,0.0,2.0802818946775288,1.0621252925000002
fixed/transition3,ewr-09,joint,shuffle,0.0,0.0,2.0802818946775288,1.0621252925000002
oracle-boundary/absolute,ewr-09,joint,shuffle,1.0,1.0,0.0009804805139615315,9.800000000392828e-07
oracle-boundary/present,ewr-09,joint,shuffle,0.0,0.0,2.0802818946775288,1.0621252925000002
oracle-boundary/recency,ewr-09,joint,shuffle,0.0,0.0,6.907755278982137,1.90245
oracle-boundary/reference,ewr-09,joint,shuffle,1.0,1.0,0.0009804805139615315,9.800000000392828e-07
oracle-boundary/transition1,ewr-09,joint,shuffle,0.5,0.0,0.6941076416550698,0.5000004800000002
oracle-boundary/transition2,ewr-09,joint,shuffle,1.0,1.0,0.0009804805139615315,9.800000000392828e-07
oracle-boundary/transition3,ewr-09,joint,shuffle,1.0,1.0,0.0009804805139615315,9.800000000392828e-07
repaired/absolute,ewr-09,joint,ambiguous,0.5,0.0,0.6941077046436535,0.5000005428676997
repaired/present,ewr-09,joint,ambiguous,0.0,0.0,2.0802818946775288,1.0621252925
repaired/recency,ewr-09,joint,ambiguous,0.5,0.0,3.4789982477094417,0.95245
repaired/reference,ewr-09,joint,ambiguous,0.5,0.0,0.6941077270341909,0.5000005652152646
repaired/transition1,ewr-09,joint,ambiguous,0.5,0.0,0.6941077046436535,0.5000005428676997
repaired/transition2,ewr-09,joint,ambiguous,0.5,0.0,0.6941077046436535,0.5000005428676997
repaired/transition3,ewr-09,joint,ambiguous,0.5,0.0,0.6941077046436535,0.5000005428676997
streaming/absolute,ewr-09,joint,ambiguous,0.0,0.0,2.0802818946775288,1.0621252925
streaming/present,ewr-09,joint,ambiguous,0.0,0.0,2.0802818946775288,1.0621252925
streaming/recency,ewr-09,joint,ambiguous,0.0,0.0,2.1223490426911127,1.04448125
streaming/reference,ewr-09,joint,ambiguous,0.0,0.0,2.0802818946775288,1.0621252925
streaming/transition1,ewr-09,joint,ambiguous,0.0,0.0,2.0802818946775288,1.0621252925
streaming/transition2,ewr-09,joint,ambiguous,0.0,0.0,2.0802818946775288,1.0621252925
streaming/transition3,ewr-09,joint,ambiguous,0.0,0.0,2.0802818946775288,1.0621252925
fixed/absolute,ewr-09,joint,ambiguous,0.0,0.0,2.0802818946775288,1.0621252925
fixed/present,ewr-09,joint,ambiguous,0.0,0.0,2.0802818946775288,1.0621252925
fixed/recency,ewr-09,joint,ambiguous,0.0,0.0,2.1223490426911127,1.04448125
fixed/reference,ewr-09,joint,ambiguous,0.0,0.0,2.0802818946775288,1.0621252925
fixed/transition1,ewr-09,joint,ambiguous,0.0,0.0,2.0802818946775288,1.0621252925
fixed/transition2,ewr-09,joint,ambiguous,0.0,0.0,2.0802818946775288,1.0621252925
fixed/transition3,ewr-09,joint,ambiguous,0.0,0.0,2.0802818946775288,1.0621252925
oracle-boundary/absolute,ewr-09,joint,ambiguous,0.5,0.0,0.6941076416550698,0.50000048
oracle-boundary/present,ewr-09,joint,ambiguous,0.0,0.0,2.0802818946775288,1.0621252925
oracle-boundary/recency,ewr-09,joint,ambiguous,0.5,0.0,3.4789982477094417,0.95245
oracle-boundary/reference,ewr-09,joint,ambiguous,0.5,0.0,0.6941076416550698,0.50000048
oracle-boundary/transition1,ewr-09,joint,ambiguous,0.5,0.0,0.6941076416550698,0.50000048
oracle-boundary/transition2,ewr-09,joint,ambiguous,0.5,0.0,0.6941076416550698,0.50000048
oracle-boundary/transition3,ewr-09,joint,ambiguous,0.5,0.0,0.6941076416550698,0.50000048
repaired/absolute,ewr-10,detached,intact,1.0,1.0,0.0009804805139615315,9.800000000392828e-07
repaired/present,ewr-10,detached,intact,0.0,0.0,10.819778284410283,1.3118752925
repaired/recency,ewr-10,detached,intact,1.0,1.0,0.05024121643674679,0.0024500000000000632
repaired/reference,ewr-10,detached,intact,1.0,1.0,0.0009804805139615315,9.800000000392828e-07
repaired/transition1,ewr-10,detached,intact,0.0,0.0,0.6955477513166131,0.5014392051696488
repaired/transition2,ewr-10,detached,intact,1.0,1.0,0.0009804805139615315,9.800000000392828e-07
repaired/transition3,ewr-10,detached,intact,1.0,1.0,0.0009804805139615315,9.800000000392828e-07
streaming/absolute,ewr-10,detached,intact,1.0,1.0,0.0009804805139615315,9.800000000392828e-07
streaming/present,ewr-10,detached,intact,0.0,0.0,10.819778284410283,1.3118752925
streaming/recency,ewr-10,detached,intact,1.0,1.0,0.05024121643674679,0.0024500000000000632
streaming/reference,ewr-10,detached,intact,1.0,1.0,0.0009804805139615315,9.800000000392828e-07
streaming/transition1,ewr-10,detached,intact,0.5,0.0,0.40922694955295214,0.3113358844192714
streaming/transition2,ewr-10,detached,intact,1.0,1.0,0.0009804805139615315,9.800000000392828e-07
streaming/transition3,ewr-10,detached,intact,1.0,1.0,0.0009804805139615315,9.800000000392828e-07
fixed/absolute,ewr-10,detached,intact,0.0,0.0,10.819778284410283,1.3118752925
fixed/present,ewr-10,detached,intact,0.0,0.0,10.819778284410283,1.3118752925
fixed/recency,ewr-10,detached,intact,0.0,0.0,6.907755278981842,1.5922156249999988
fixed/reference,ewr-10,detached,intact,0.0,0.0,10.819778284410283,1.3118752925
fixed/transition1,ewr-10,detached,intact,0.0,0.0,10.819778284394754,1.6549381362499989
fixed/transition2,ewr-10,detached,intact,0.0,0.0,10.819778284410283,1.3118752925
fixed/transition3,ewr-10,detached,intact,0.0,0.0,10.819778284410283,1.3118752925
oracle-boundary/absolute,ewr-10,detached,intact,1.0,1.0,0.0009804805139615315,9.800000000392828e-07
oracle-boundary/present,ewr-10,detached,intact,0.0,0.0,10.819778284410283,1.3118752925
oracle-boundary/recency,ewr-10,detached,intact,1.0,1.0,0.05024121643674679,0.0024500000000000632
oracle-boundary/reference,ewr-10,detached,intact,1.0,1.0,0.0009804805139615315,9.800000000392828e-07
oracle-boundary/transition1,ewr-10,detached,intact,0.5,0.0,0.69410764165507,0.50000048
oracle-boundary/transition2,ewr-10,detached,intact,1.0,1.0,0.0009804805139615315,9.800000000392828e-07
oracle-boundary/transition3,ewr-10,detached,intact,1.0,1.0,0.0009804805139615315,9.800000000392828e-07
repaired/absolute,ewr-10,legato,intact,1.0,1.0,0.0009804805139615315,9.800000000392828e-07
repaired/present,ewr-10,legato,intact,0.0,0.0,10.819778284410283,1.3118752925
repaired/recency,ewr-10,legato,intact,1.0,1.0,0.05024121643674679,0.0024500000000000632
repaired/reference,ewr-10,legato,intact,1.0,1.0,0.0009804805139615315,9.800000000392828e-07
repaired/transition1,ewr-10,legato,intact,1.0,1.0,0.6893595826069631,0.495257006081826
repaired/transition2,ewr-10,legato,intact,1.0,1.0,0.0009804805139615315,9.800000000392828e-07
repaired/transition3,ewr-10,legato,intact,1.0,1.0,0.0009804805139615315,9.800000000392828e-07
streaming/absolute,ewr-10,legato,intact,1.0,1.0,0.0009804805139615315,9.800000000392828e-07
streaming/present,ewr-10,legato,intact,0.0,0.0,10.819778284410283,1.3118752925
streaming/recency,ewr-10,legato,intact,1.0,1.0,0.05024121643674679,0.0024500000000000632
streaming/reference,ewr-10,legato,intact,1.0,1.0,0.0009804805139615315,9.800000000392828e-07
streaming/transition1,ewr-10,legato,intact,1.0,1.0,0.6915217109314349,0.49741703451260144
streaming/transition2,ewr-10,legato,intact,1.0,1.0,0.0009804805139615315,9.800000000392828e-07
streaming/transition3,ewr-10,legato,intact,1.0,1.0,0.0009804805139615315,9.800000000392828e-07
fixed/absolute,ewr-10,legato,intact,0.0,0.0,10.819778284410283,1.3118752925
fixed/present,ewr-10,legato,intact,0.0,0.0,10.819778284410283,1.3118752925
fixed/recency,ewr-10,legato,intact,0.0,0.0,6.907755278982137,1.90245
fixed/reference,ewr-10,legato,intact,0.0,0.0,10.819778284410283,1.3118752925
fixed/transition1,ewr-10,legato,intact,0.0,0.0,10.819778284410248,1.4990040461533667
fixed/transition2,ewr-10,legato,intact,0.0,0.0,10.819778284410283,1.3118752925
fixed/transition3,ewr-10,legato,intact,0.0,0.0,10.819778284410283,1.3118752925
oracle-boundary/absolute,ewr-10,legato,intact,1.0,1.0,0.0009804805139615315,9.800000000392828e-07
oracle-boundary/present,ewr-10,legato,intact,0.0,0.0,10.819778284410283,1.3118752925
oracle-boundary/recency,ewr-10,legato,intact,1.0,1.0,0.05024121643674679,0.0024500000000000632
oracle-boundary/reference,ewr-10,legato,intact,1.0,1.0,0.0009804805139615315,9.800000000392828e-07
oracle-boundary/transition1,ewr-10,legato,intact,0.5,0.0,0.69410764165507,0.50000048
oracle-boundary/transition2,ewr-10,legato,intact,1.0,1.0,0.0009804805139615315,9.800000000392828e-07
oracle-boundary/transition3,ewr-10,legato,intact,1.0,1.0,0.0009804805139615315,9.800000000392828e-07
repaired/absolute,ewr-10,duration,intact,1.0,1.0,0.0009804805139615315,9.800000000392828e-07
repaired/present,ewr-10,duration,intact,0.0,0.0,10.819778284410283,1.3118752925
repaired/recency,ewr-10,duration,intact,1.0,1.0,0.05024121643674679,0.0024500000000000632
repaired/reference,ewr-10,duration,intact,1.0,1.0,0.0009804805139615315,9.800000000392828e-07
repaired/transition1,ewr-10,duration,intact,1.0,1.0,0.6936013500844505,0.49949467438953965
repaired/transition2,ewr-10,duration,intact,1.0,1.0,0.0009804805139615315,9.800000000392828e-07
repaired/transition3,ewr-10,duration,intact,1.0,1.0,0.0009804805139615315,9.800000000392828e-07
streaming/absolute,ewr-10,duration,intact,0.0,0.0,10.819778284410283,1.3118752925
streaming/present,ewr-10,duration,intact,0.0,0.0,10.819778284410283,1.3118752925
streaming/recency,ewr-10,duration,intact,0.0,0.0,6.907755278982137,1.2819812499999999
streaming/reference,ewr-10,duration,intact,0.0,0.0,10.819778284410283,1.3118752925
streaming/transition1,ewr-10,duration,intact,0.0,0.0,10.819778284410283,1.3118752925
streaming/transition2,ewr-10,duration,intact,0.0,0.0,10.819778284410283,1.3118752925
streaming/transition3,ewr-10,duration,intact,0.0,0.0,10.819778284410283,1.3118752925
fixed/absolute,ewr-10,duration,intact,0.0,0.0,10.819778284410283,1.3118752925
fixed/present,ewr-10,duration,intact,0.0,0.0,10.819778284410283,1.3118752925
fixed/recency,ewr-10,duration,intact,0.0,0.0,6.907755278982137,1.2819812499999999
fixed/reference,ewr-10,duration,intact,0.0,0.0,10.819778284410283,1.3118752925
fixed/transition1,ewr-10,duration,intact,0.0,0.0,10.819778284410283,1.3118752925
fixed/transition2,ewr-10,duration,intact,0.0,0.0,10.819778284410283,1.3118752925
fixed/transition3,ewr-10,duration,intact,0.0,0.0,10.819778284410283,1.3118752925
oracle-boundary/absolute,ewr-10,duration,intact,1.0,1.0,0.0009804805139615315,9.800000000392828e-07
oracle-boundary/present,ewr-10,duration,intact,0.0,0.0,10.819778284410283,1.3118752925
oracle-boundary/recency,ewr-10,duration,intact,1.0,1.0,0.05024121643674679,0.0024500000000000632
oracle-boundary/reference,ewr-10,duration,intact,1.0,1.0,0.0009804805139615315,9.800000000392828e-07
oracle-boundary/transition1,ewr-10,duration,intact,0.5,0.0,0.69410764165507,0.50000048
oracle-boundary/transition2,ewr-10,duration,intact,1.0,1.0,0.0009804805139615315,9.800000000392828e-07
oracle-boundary/transition3,ewr-10,duration,intact,1.0,1.0,0.0009804805139615315,9.800000000392828e-07
repaired/absolute,ewr-10,joint,intact,1.0,1.0,0.0009804805139615315,9.800000000392828e-07
repaired/present,ewr-10,joint,intact,0.0,0.0,10.819778284410283,1.3118752925
repaired/recency,ewr-10,joint,intact,1.0,1.0,0.05024121643674679,0.0024500000000000632
repaired/reference,ewr-10,joint,intact,1.0,1.0,0.0009804805139615315,9.800000000392828e-07
repaired/transition1,ewr-10,joint,intact,1.0,1.0,0.6936013500844505,0.49949467438953965
repaired/transition2,ewr-10,joint,intact,1.0,1.0,0.0009804805139615315,9.800000000392828e-07
repaired/transition3,ewr-10,joint,intact,1.0,1.0,0.0009804805139615315,9.800000000392828e-07
streaming/absolute,ewr-10,joint,intact,0.0,0.0,10.819778284410283,1.3118752925
streaming/present,ewr-10,joint,intact,0.0,0.0,10.819778284410283,1.3118752925
streaming/recency,ewr-10,joint,intact,0.0,0.0,6.907755278982137,1.2819812499999999
streaming/reference,ewr-10,joint,intact,0.0,0.0,10.819778284410283,1.3118752925
streaming/transition1,ewr-10,joint,intact,0.0,0.0,10.819778284410283,1.3118752925
streaming/transition2,ewr-10,joint,intact,0.0,0.0,10.819778284410283,1.3118752925
streaming/transition3,ewr-10,joint,intact,0.0,0.0,10.819778284410283,1.3118752925
fixed/absolute,ewr-10,joint,intact,0.0,0.0,10.819778284410283,1.3118752925
fixed/present,ewr-10,joint,intact,0.0,0.0,10.819778284410283,1.3118752925
fixed/recency,ewr-10,joint,intact,0.0,0.0,6.907755278982137,1.2819812499999999
fixed/reference,ewr-10,joint,intact,0.0,0.0,10.819778284410283,1.3118752925
fixed/transition1,ewr-10,joint,intact,0.0,0.0,10.819778284410283,1.3118752925
fixed/transition2,ewr-10,joint,intact,0.0,0.0,10.819778284410283,1.3118752925
fixed/transition3,ewr-10,joint,intact,0.0,0.0,10.819778284410283,1.3118752925
oracle-boundary/absolute,ewr-10,joint,intact,1.0,1.0,0.0009804805139615315,9.800000000392828e-07
oracle-boundary/present,ewr-10,joint,intact,0.0,0.0,10.819778284410283,1.3118752925
oracle-boundary/recency,ewr-10,joint,intact,1.0,1.0,0.05024121643674679,0.0024500000000000632
oracle-boundary/reference,ewr-10,joint,intact,1.0,1.0,0.0009804805139615315,9.800000000392828e-07
oracle-boundary/transition1,ewr-10,joint,intact,0.5,0.0,0.69410764165507,0.50000048
oracle-boundary/transition2,ewr-10,joint,intact,1.0,1.0,0.0009804805139615315,9.800000000392828e-07
oracle-boundary/transition3,ewr-10,joint,intact,1.0,1.0,0.0009804805139615315,9.800000000392828e-07
repaired/absolute,ewr-10,joint,reset,0.0,0.0,10.819778284410283,1.3118752925
repaired/present,ewr-10,joint,reset,0.0,0.0,10.819778284410283,1.3118752925
repaired/recency,ewr-10,joint,reset,0.0,0.0,6.907755278982137,1.2819812499999999
repaired/reference,ewr-10,joint,reset,0.0,0.0,10.819778284410283,1.3118752925
repaired/transition1,ewr-10,joint,reset,0.0,0.0,10.819778284410283,1.3118752925
repaired/transition2,ewr-10,joint,reset,0.0,0.0,10.819778284410283,1.3118752925
repaired/transition3,ewr-10,joint,reset,0.0,0.0,10.819778284410283,1.3118752925
streaming/absolute,ewr-10,joint,reset,0.0,0.0,10.819778284410283,1.3118752925
streaming/present,ewr-10,joint,reset,0.0,0.0,10.819778284410283,1.3118752925
streaming/recency,ewr-10,joint,reset,0.0,0.0,6.907755278982137,1.2819812499999999
streaming/reference,ewr-10,joint,reset,0.0,0.0,10.819778284410283,1.3118752925
streaming/transition1,ewr-10,joint,reset,0.0,0.0,10.819778284410283,1.3118752925
streaming/transition2,ewr-10,joint,reset,0.0,0.0,10.819778284410283,1.3118752925
streaming/transition3,ewr-10,joint,reset,0.0,0.0,10.819778284410283,1.3118752925
fixed/absolute,ewr-10,joint,reset,0.0,0.0,10.819778284410283,1.3118752925
fixed/present,ewr-10,joint,reset,0.0,0.0,10.819778284410283,1.3118752925
fixed/recency,ewr-10,joint,reset,0.0,0.0,6.907755278982137,1.2819812499999999
fixed/reference,ewr-10,joint,reset,0.0,0.0,10.819778284410283,1.3118752925
fixed/transition1,ewr-10,joint,reset,0.0,0.0,10.819778284410283,1.3118752925
fixed/transition2,ewr-10,joint,reset,0.0,0.0,10.819778284410283,1.3118752925
fixed/transition3,ewr-10,joint,reset,0.0,0.0,10.819778284410283,1.3118752925
oracle-boundary/absolute,ewr-10,joint,reset,0.0,0.0,10.819778284410283,1.3118752925
oracle-boundary/present,ewr-10,joint,reset,0.0,0.0,10.819778284410283,1.3118752925
oracle-boundary/recency,ewr-10,joint,reset,0.0,0.0,6.907755278982137,1.2819812499999999
oracle-boundary/reference,ewr-10,joint,reset,0.0,0.0,10.819778284410283,1.3118752925
oracle-boundary/transition1,ewr-10,joint,reset,0.0,0.0,10.819778284410283,1.3118752925
oracle-boundary/transition2,ewr-10,joint,reset,0.0,0.0,10.819778284410283,1.3118752925
oracle-boundary/transition3,ewr-10,joint,reset,0.0,0.0,10.819778284410283,1.3118752925
repaired/absolute,ewr-10,joint,removal,0.0,0.0,10.819778284410283,1.3118752925
repaired/present,ewr-10,joint,removal,0.0,0.0,10.819778284410283,1.3118752925
repaired/recency,ewr-10,joint,removal,0.0,0.0,6.907755278982137,1.2819812499999999
repaired/reference,ewr-10,joint,removal,0.0,0.0,10.819778284410283,1.3118752925
repaired/transition1,ewr-10,joint,removal,0.0,0.0,10.819778284410283,1.3118752925
repaired/transition2,ewr-10,joint,removal,0.0,0.0,10.819778284410283,1.3118752925
repaired/transition3,ewr-10,joint,removal,0.0,0.0,10.819778284410283,1.3118752925
streaming/absolute,ewr-10,joint,removal,0.0,0.0,10.819778284410283,1.3118752925
streaming/present,ewr-10,joint,removal,0.0,0.0,10.819778284410283,1.3118752925
streaming/recency,ewr-10,joint,removal,0.0,0.0,6.907755278982137,1.2819812499999999
streaming/reference,ewr-10,joint,removal,0.0,0.0,10.819778284410283,1.3118752925
streaming/transition1,ewr-10,joint,removal,0.0,0.0,10.819778284410283,1.3118752925
streaming/transition2,ewr-10,joint,removal,0.0,0.0,10.819778284410283,1.3118752925
streaming/transition3,ewr-10,joint,removal,0.0,0.0,10.819778284410283,1.3118752925
fixed/absolute,ewr-10,joint,removal,0.0,0.0,10.819778284410283,1.3118752925
fixed/present,ewr-10,joint,removal,0.0,0.0,10.819778284410283,1.3118752925
fixed/recency,ewr-10,joint,removal,0.0,0.0,6.907755278982137,1.90245
fixed/reference,ewr-10,joint,removal,0.0,0.0,10.819778284410283,1.3118752925
fixed/transition1,ewr-10,joint,removal,0.0,0.0,10.819778284410283,1.3118752925
fixed/transition2,ewr-10,joint,removal,0.0,0.0,10.819778284410283,1.3118752925
fixed/transition3,ewr-10,joint,removal,0.0,0.0,10.819778284410283,1.3118752925
oracle-boundary/absolute,ewr-10,joint,removal,0.0,0.0,10.819778284410283,1.3118752925
oracle-boundary/present,ewr-10,joint,removal,0.0,0.0,10.819778284410283,1.3118752925
oracle-boundary/recency,ewr-10,joint,removal,0.0,0.0,6.907755278982137,1.2819812499999999
oracle-boundary/reference,ewr-10,joint,removal,0.0,0.0,10.819778284410283,1.3118752925
oracle-boundary/transition1,ewr-10,joint,removal,0.0,0.0,10.819778284410283,1.3118752925
oracle-boundary/transition2,ewr-10,joint,removal,0.0,0.0,10.819778284410283,1.3118752925
oracle-boundary/transition3,ewr-10,joint,removal,0.0,0.0,10.819778284410283,1.3118752925
repaired/absolute,ewr-10,joint,swap,1.0,1.0,0.0009804805139615315,9.800000000392828e-07
repaired/present,ewr-10,joint,swap,0.0,0.0,10.819778284410283,1.3118752925
repaired/recency,ewr-10,joint,swap,1.0,1.0,0.05024121643674679,0.0024500000000000632
repaired/reference,ewr-10,joint,swap,1.0,1.0,0.0009804805139615315,9.800000000392828e-07
repaired/transition1,ewr-10,joint,swap,1.0,1.0,0.6936013500844505,0.49949467438953965
repaired/transition2,ewr-10,joint,swap,1.0,1.0,0.0009804805139615315,9.800000000392828e-07
repaired/transition3,ewr-10,joint,swap,1.0,1.0,0.0009804805139615315,9.800000000392828e-07
streaming/absolute,ewr-10,joint,swap,0.0,0.0,10.819778284410283,1.3118752925
streaming/present,ewr-10,joint,swap,0.0,0.0,10.819778284410283,1.3118752925
streaming/recency,ewr-10,joint,swap,0.0,0.0,6.907755278982137,1.2819812499999999
streaming/reference,ewr-10,joint,swap,0.0,0.0,10.819778284410283,1.3118752925
streaming/transition1,ewr-10,joint,swap,0.0,0.0,10.819778284410283,1.3118752925
streaming/transition2,ewr-10,joint,swap,0.0,0.0,10.819778284410283,1.3118752925
streaming/transition3,ewr-10,joint,swap,0.0,0.0,10.819778284410283,1.3118752925
fixed/absolute,ewr-10,joint,swap,0.0,0.0,10.819778284410283,1.3118752925
fixed/present,ewr-10,joint,swap,0.0,0.0,10.819778284410283,1.3118752925
fixed/recency,ewr-10,joint,swap,0.0,0.0,6.907755278982137,1.2819812499999999
fixed/reference,ewr-10,joint,swap,0.0,0.0,10.819778284410283,1.3118752925
fixed/transition1,ewr-10,joint,swap,0.0,0.0,10.819778284410283,1.3118752925
fixed/transition2,ewr-10,joint,swap,0.0,0.0,10.819778284410283,1.3118752925
fixed/transition3,ewr-10,joint,swap,0.0,0.0,10.819778284410283,1.3118752925
oracle-boundary/absolute,ewr-10,joint,swap,1.0,1.0,0.0009804805139615315,9.800000000392828e-07
oracle-boundary/present,ewr-10,joint,swap,0.0,0.0,10.819778284410283,1.3118752925
oracle-boundary/recency,ewr-10,joint,swap,1.0,1.0,0.05024121643674679,0.0024500000000000632
oracle-boundary/reference,ewr-10,joint,swap,1.0,1.0,0.0009804805139615315,9.800000000392828e-07
oracle-boundary/transition1,ewr-10,joint,swap,0.5,0.0,0.69410764165507,0.50000048
oracle-boundary/transition2,ewr-10,joint,swap,1.0,1.0,0.0009804805139615315,9.800000000392828e-07
oracle-boundary/transition3,ewr-10,joint,swap,1.0,1.0,0.0009804805139615315,9.800000000392828e-07
repaired/absolute,ewr-10,joint,shuffle,1.0,1.0,0.0009804805139615315,9.800000000392828e-07
repaired/present,ewr-10,joint,shuffle,0.0,0.0,10.819778284410283,1.3118752925
repaired/recency,ewr-10,joint,shuffle,0.0,0.0,6.907755278982137,1.90245
repaired/reference,ewr-10,joint,shuffle,1.0,1.0,0.0009804805139615315,9.800000000392828e-07
repaired/transition1,ewr-10,joint,shuffle,1.0,1.0,0.6931817489875655,0.49907547604248936
repaired/transition2,ewr-10,joint,shuffle,1.0,1.0,0.0009804805139615315,9.800000000392828e-07
repaired/transition3,ewr-10,joint,shuffle,1.0,1.0,0.0009804805139615315,9.800000000392828e-07
streaming/absolute,ewr-10,joint,shuffle,0.0,0.0,10.819778284410283,1.3118752925
streaming/present,ewr-10,joint,shuffle,0.0,0.0,10.819778284410283,1.3118752925
streaming/recency,ewr-10,joint,shuffle,0.0,0.0,6.907755278982137,1.2819812499999999
streaming/reference,ewr-10,joint,shuffle,0.0,0.0,10.819778284410283,1.3118752925
streaming/transition1,ewr-10,joint,shuffle,0.0,0.0,10.819778284410283,1.3118752925
streaming/transition2,ewr-10,joint,shuffle,0.0,0.0,10.819778284410283,1.3118752925
streaming/transition3,ewr-10,joint,shuffle,0.0,0.0,10.819778284410283,1.3118752925
fixed/absolute,ewr-10,joint,shuffle,0.0,0.0,10.819778284410283,1.3118752925
fixed/present,ewr-10,joint,shuffle,0.0,0.0,10.819778284410283,1.3118752925
fixed/recency,ewr-10,joint,shuffle,0.0,0.0,6.907755278982137,1.2819812499999999
fixed/reference,ewr-10,joint,shuffle,0.0,0.0,10.819778284410283,1.3118752925
fixed/transition1,ewr-10,joint,shuffle,0.0,0.0,10.819778284410283,1.3118752925
fixed/transition2,ewr-10,joint,shuffle,0.0,0.0,10.819778284410283,1.3118752925
fixed/transition3,ewr-10,joint,shuffle,0.0,0.0,10.819778284410283,1.3118752925
oracle-boundary/absolute,ewr-10,joint,shuffle,1.0,1.0,0.0009804805139615315,9.800000000392828e-07
oracle-boundary/present,ewr-10,joint,shuffle,0.0,0.0,10.819778284410283,1.3118752925
oracle-boundary/recency,ewr-10,joint,shuffle,0.0,0.0,6.907755278982137,1.90245
oracle-boundary/reference,ewr-10,joint,shuffle,1.0,1.0,0.0009804805139615315,9.800000000392828e-07
oracle-boundary/transition1,ewr-10,joint,shuffle,0.5,0.0,0.69410764165507,0.50000048
oracle-boundary/transition2,ewr-10,joint,shuffle,1.0,1.0,0.0009804805139615315,9.800000000392828e-07
oracle-boundary/transition3,ewr-10,joint,shuffle,1.0,1.0,0.0009804805139615315,9.800000000392828e-07
repaired/absolute,ewr-10,joint,ambiguous,0.5,0.0,0.6941082707610003,0.5000011078982318
repaired/present,ewr-10,joint,ambiguous,0.0,0.0,10.819778284410283,1.3118752925
repaired/recency,ewr-10,joint,ambiguous,0.5,0.0,3.4789982477094417,0.95245
repaired/reference,ewr-10,joint,ambiguous,0.5,0.0,0.6941076700474196,0.5000005083378616
repaired/transition1,ewr-10,joint,ambiguous,0.5,0.0,0.694107669360239,0.5000005076519998
repaired/transition2,ewr-10,joint,ambiguous,0.5,0.0,0.6941082707610003,0.5000011078982318
repaired/transition3,ewr-10,joint,ambiguous,0.5,0.0,0.6941082707610003,0.5000011078982318
streaming/absolute,ewr-10,joint,ambiguous,0.0,0.0,10.819778284410283,1.3118752925
streaming/present,ewr-10,joint,ambiguous,0.0,0.0,10.819778284410283,1.3118752925
streaming/recency,ewr-10,joint,ambiguous,0.0,0.0,6.907755278982137,1.2819812499999999
streaming/reference,ewr-10,joint,ambiguous,0.0,0.0,10.819778284410283,1.3118752925
streaming/transition1,ewr-10,joint,ambiguous,0.0,0.0,10.819778284410283,1.3118752925
streaming/transition2,ewr-10,joint,ambiguous,0.0,0.0,10.819778284410283,1.3118752925
streaming/transition3,ewr-10,joint,ambiguous,0.0,0.0,10.819778284410283,1.3118752925
fixed/absolute,ewr-10,joint,ambiguous,0.0,0.0,10.819778284410283,1.3118752925
fixed/present,ewr-10,joint,ambiguous,0.0,0.0,10.819778284410283,1.3118752925
fixed/recency,ewr-10,joint,ambiguous,0.0,0.0,6.907755278982137,1.2819812499999999
fixed/reference,ewr-10,joint,ambiguous,0.0,0.0,10.819778284410283,1.3118752925
fixed/transition1,ewr-10,joint,ambiguous,0.0,0.0,10.819778284410283,1.3118752925
fixed/transition2,ewr-10,joint,ambiguous,0.0,0.0,10.819778284410283,1.3118752925
fixed/transition3,ewr-10,joint,ambiguous,0.0,0.0,10.819778284410283,1.3118752925
oracle-boundary/absolute,ewr-10,joint,ambiguous,0.5,0.0,0.69410764165507,0.50000048
oracle-boundary/present,ewr-10,joint,ambiguous,0.0,0.0,10.819778284410283,1.3118752925
oracle-boundary/recency,ewr-10,joint,ambiguous,0.5,0.0,3.4789982477094417,0.95245
oracle-boundary/reference,ewr-10,joint,ambiguous,0.5,0.0,0.69410764165507,0.50000048
oracle-boundary/transition1,ewr-10,joint,ambiguous,0.5,0.0,0.69410764165507,0.50000048
oracle-boundary/transition2,ewr-10,joint,ambiguous,0.5,0.0,0.69410764165507,0.50000048
oracle-boundary/transition3,ewr-10,joint,ambiguous,0.5,0.0,0.69410764165507,0.50000048
repaired/absolute,ewr-11,detached,intact,1.0,1.0,0.0009804805139615315,9.800000000392828e-07
repaired/present,ewr-11,detached,intact,0.0,0.0,10.819778284410283,1.3118752925
repaired/recency,ewr-11,detached,intact,0.0,0.0,6.907755278982137,1.90245
repaired/reference,ewr-11,detached,intact,1.0,1.0,0.0009804805139615315,9.800000000392828e-07
repaired/transition1,ewr-11,detached,intact,0.5,0.0,0.6902552517195472,0.4961518570494734
repaired/transition2,ewr-11,detached,intact,1.0,1.0,0.0009804805139615315,9.800000000392828e-07
repaired/transition3,ewr-11,detached,intact,1.0,1.0,0.0009804805139615315,9.800000000392828e-07
streaming/absolute,ewr-11,detached,intact,1.0,1.0,0.0009804805139615315,9.800000000392828e-07
streaming/present,ewr-11,detached,intact,0.0,0.0,10.819778284410283,1.3118752925
streaming/recency,ewr-11,detached,intact,0.0,0.0,6.907755278982137,1.90245
streaming/reference,ewr-11,detached,intact,1.0,1.0,0.0009804805139615315,9.800000000392828e-07
streaming/transition1,ewr-11,detached,intact,0.5,0.0,0.9842351414564237,0.7268884592207353
streaming/transition2,ewr-11,detached,intact,1.0,1.0,0.0009804805139615315,9.800000000392828e-07
streaming/transition3,ewr-11,detached,intact,1.0,1.0,0.0009804805139615315,9.800000000392828e-07
fixed/absolute,ewr-11,detached,intact,0.0,0.0,10.819778284410283,1.3118752925
fixed/present,ewr-11,detached,intact,0.0,0.0,10.819778284410283,1.3118752925
fixed/recency,ewr-11,detached,intact,0.0,0.0,6.907755278982137,1.90245
fixed/reference,ewr-11,detached,intact,0.0,0.0,10.819778284410283,1.3118752925
fixed/transition1,ewr-11,detached,intact,0.0,0.0,10.819778284410283,1.7486106338391916
fixed/transition2,ewr-11,detached,intact,0.0,0.0,10.819778284410283,1.3118752925
fixed/transition3,ewr-11,detached,intact,0.0,0.0,10.819778284410283,1.3118752925
oracle-boundary/absolute,ewr-11,detached,intact,1.0,1.0,0.0009804805139615315,9.800000000392828e-07
oracle-boundary/present,ewr-11,detached,intact,0.0,0.0,10.819778284410283,1.3118752925
oracle-boundary/recency,ewr-11,detached,intact,0.0,0.0,6.907755278982137,1.90245
oracle-boundary/reference,ewr-11,detached,intact,1.0,1.0,0.0009804805139615315,9.800000000392828e-07
oracle-boundary/transition1,ewr-11,detached,intact,0.5,0.0,0.69410764165507,0.50000048
oracle-boundary/transition2,ewr-11,detached,intact,1.0,1.0,0.0009804805139615315,9.800000000392828e-07
oracle-boundary/transition3,ewr-11,detached,intact,1.0,1.0,0.0009804805139615315,9.800000000392828e-07
repaired/absolute,ewr-11,legato,intact,1.0,1.0,0.0009804805139615315,9.800000000392828e-07
repaired/present,ewr-11,legato,intact,0.0,0.0,10.819778284410283,1.3118752925
repaired/recency,ewr-11,legato,intact,0.0,0.0,6.907755278982137,1.90245
repaired/reference,ewr-11,legato,intact,1.0,1.0,0.0009804805139615315,9.800000000392828e-07
repaired/transition1,ewr-11,legato,intact,1.0,1.0,0.6922867643438706,0.49818135364090954
repaired/transition2,ewr-11,legato,intact,1.0,1.0,0.0009804805139615315,9.800000000392828e-07
repaired/transition3,ewr-11,legato,intact,1.0,1.0,0.0009804805139615315,9.800000000392828e-07
streaming/absolute,ewr-11,legato,intact,0.0,0.0,10.819778284410283,1.3118752925
streaming/present,ewr-11,legato,intact,0.0,0.0,10.819778284410283,1.3118752925
streaming/recency,ewr-11,legato,intact,0.0,0.0,6.907755278982137,1.90245
streaming/reference,ewr-11,legato,intact,0.0,0.0,10.819778284410283,1.3118752925
streaming/transition1,ewr-11,legato,intact,0.0,0.0,10.819778284410283,1.3118752925
streaming/transition2,ewr-11,legato,intact,0.0,0.0,10.819778284410283,1.3118752925
streaming/transition3,ewr-11,legato,intact,0.0,0.0,10.819778284410283,1.3118752925
fixed/absolute,ewr-11,legato,intact,0.0,0.0,10.819778284410283,1.3118752925
fixed/present,ewr-11,legato,intact,0.0,0.0,10.819778284410283,1.3118752925
fixed/recency,ewr-11,legato,intact,0.0,0.0,6.907755278982137,1.90245
fixed/reference,ewr-11,legato,intact,0.0,0.0,10.819778284410283,1.6549381362499997
fixed/transition1,ewr-11,legato,intact,0.0,0.0,10.819778284410283,1.499005462464793
fixed/transition2,ewr-11,legato,intact,0.0,0.0,10.819778284410283,1.3118752925
fixed/transition3,ewr-11,legato,intact,0.0,0.0,10.819778284410283,1.3118752925
oracle-boundary/absolute,ewr-11,legato,intact,1.0,1.0,0.0009804805139615315,9.800000000392828e-07
oracle-boundary/present,ewr-11,legato,intact,0.0,0.0,10.819778284410283,1.3118752925
oracle-boundary/recency,ewr-11,legato,intact,0.0,0.0,6.907755278982137,1.90245
oracle-boundary/reference,ewr-11,legato,intact,1.0,1.0,0.0009804805139615315,9.800000000392828e-07
oracle-boundary/transition1,ewr-11,legato,intact,0.5,0.0,0.69410764165507,0.50000048
oracle-boundary/transition2,ewr-11,legato,intact,1.0,1.0,0.0009804805139615315,9.800000000392828e-07
oracle-boundary/transition3,ewr-11,legato,intact,1.0,1.0,0.0009804805139615315,9.800000000392828e-07
repaired/absolute,ewr-11,duration,intact,1.0,1.0,0.0009804805139615315,9.800000000392828e-07
repaired/present,ewr-11,duration,intact,0.0,0.0,10.819778284410283,1.3118752925
repaired/recency,ewr-11,duration,intact,0.0,0.0,6.907755278982137,1.90245
repaired/reference,ewr-11,duration,intact,1.0,1.0,0.0009804805139615315,9.800000000392828e-07
repaired/transition1,ewr-11,duration,intact,1.0,1.0,0.6886494014963829,0.49454753952158625
repaired/transition2,ewr-11,duration,intact,1.0,1.0,0.0009804805139615315,9.800000000392828e-07
repaired/transition3,ewr-11,duration,intact,1.0,1.0,0.0009804805139615315,9.800000000392828e-07
streaming/absolute,ewr-11,duration,intact,0.5,0.0,5.410379382462122,0.65593813625
streaming/present,ewr-11,duration,intact,0.0,0.0,10.819778284410283,1.3118752925
streaming/recency,ewr-11,duration,intact,0.0,0.0,6.907755278982137,1.90245
streaming/reference,ewr-11,duration,intact,0.5,0.0,5.410379382462122,0.65593813625
streaming/transition1,ewr-11,duration,intact,0.5,0.0,5.410379382462122,0.99900098
streaming/transition2,ewr-11,duration,intact,0.5,0.0,5.410379382462122,0.65593813625
streaming/transition3,ewr-11,duration,intact,0.5,0.0,5.410379382462122,0.65593813625
fixed/absolute,ewr-11,duration,intact,0.0,0.0,10.819778284410283,1.3118752925
fixed/present,ewr-11,duration,intact,0.0,0.0,10.819778284410283,1.3118752925
fixed/recency,ewr-11,duration,intact,0.0,0.0,6.907755278982137,1.90245
fixed/reference,ewr-11,duration,intact,0.0,0.0,10.819778284410283,1.3118752925
fixed/transition1,ewr-11,duration,intact,0.0,0.0,10.819778284410283,1.3118752925
fixed/transition2,ewr-11,duration,intact,0.0,0.0,10.819778284410283,1.3118752925
fixed/transition3,ewr-11,duration,intact,0.0,0.0,10.819778284410283,1.3118752925
oracle-boundary/absolute,ewr-11,duration,intact,1.0,1.0,0.0009804805139615315,9.800000000392828e-07
oracle-boundary/present,ewr-11,duration,intact,0.0,0.0,10.819778284410283,1.3118752925
oracle-boundary/recency,ewr-11,duration,intact,0.0,0.0,6.907755278982137,1.90245
oracle-boundary/reference,ewr-11,duration,intact,1.0,1.0,0.0009804805139615315,9.800000000392828e-07
oracle-boundary/transition1,ewr-11,duration,intact,0.5,0.0,0.69410764165507,0.50000048
oracle-boundary/transition2,ewr-11,duration,intact,1.0,1.0,0.0009804805139615315,9.800000000392828e-07
oracle-boundary/transition3,ewr-11,duration,intact,1.0,1.0,0.0009804805139615315,9.800000000392828e-07
repaired/absolute,ewr-11,joint,intact,1.0,1.0,0.0009804805139615315,9.800000000392828e-07
repaired/present,ewr-11,joint,intact,0.0,0.0,10.819778284410283,1.3118752925
repaired/recency,ewr-11,joint,intact,0.0,0.0,6.907755278982137,1.90245
repaired/reference,ewr-11,joint,intact,1.0,1.0,0.0009804805139615315,9.800000000392828e-07
repaired/transition1,ewr-11,joint,intact,0.5,0.0,0.6944623172381295,0.5003548143531801
repaired/transition2,ewr-11,joint,intact,1.0,1.0,0.0009804805139615315,9.800000000392828e-07
repaired/transition3,ewr-11,joint,intact,1.0,1.0,0.0009804805139615315,9.800000000392828e-07
streaming/absolute,ewr-11,joint,intact,0.0,0.0,10.819778284410283,1.3118752925
streaming/present,ewr-11,joint,intact,0.0,0.0,10.819778284410283,1.3118752925
streaming/recency,ewr-11,joint,intact,0.0,0.0,6.907755278982137,1.90245
streaming/reference,ewr-11,joint,intact,0.5,0.0,5.410379382462122,0.65593813625
streaming/transition1,ewr-11,joint,intact,0.0,0.0,10.819778284410283,1.3118752925
streaming/transition2,ewr-11,joint,intact,0.0,0.0,10.819778284410283,1.3118752925
streaming/transition3,ewr-11,joint,intact,0.0,0.0,10.819778284410283,1.3118752925
fixed/absolute,ewr-11,joint,intact,0.0,0.0,10.819778284410283,1.3118752925
fixed/present,ewr-11,joint,intact,0.0,0.0,10.819778284410283,1.3118752925
fixed/recency,ewr-11,joint,intact,0.0,0.0,6.907755278982137,1.90245
fixed/reference,ewr-11,joint,intact,0.0,0.0,10.819778284410283,1.3118752925
fixed/transition1,ewr-11,joint,intact,0.0,0.0,10.819778284410283,1.3118752925
fixed/transition2,ewr-11,joint,intact,0.0,0.0,10.819778284410283,1.3118752925
fixed/transition3,ewr-11,joint,intact,0.0,0.0,10.819778284410283,1.3118752925
oracle-boundary/absolute,ewr-11,joint,intact,1.0,1.0,0.0009804805139615315,9.800000000392828e-07
oracle-boundary/present,ewr-11,joint,intact,0.0,0.0,10.819778284410283,1.3118752925
oracle-boundary/recency,ewr-11,joint,intact,0.0,0.0,6.907755278982137,1.90245
oracle-boundary/reference,ewr-11,joint,intact,1.0,1.0,0.0009804805139615315,9.800000000392828e-07
oracle-boundary/transition1,ewr-11,joint,intact,0.5,0.0,0.69410764165507,0.50000048
oracle-boundary/transition2,ewr-11,joint,intact,1.0,1.0,0.0009804805139615315,9.800000000392828e-07
oracle-boundary/transition3,ewr-11,joint,intact,1.0,1.0,0.0009804805139615315,9.800000000392828e-07
repaired/absolute,ewr-11,joint,reset,0.0,0.0,10.819778284410283,1.3118752925
repaired/present,ewr-11,joint,reset,0.0,0.0,10.819778284410283,1.3118752925
repaired/recency,ewr-11,joint,reset,0.0,0.0,6.907755278982137,1.2819812499999999
repaired/reference,ewr-11,joint,reset,0.0,0.0,10.819778284410283,1.3118752925
repaired/transition1,ewr-11,joint,reset,0.0,0.0,10.819778284410283,1.3118752925
repaired/transition2,ewr-11,joint,reset,0.0,0.0,10.819778284410283,1.3118752925
repaired/transition3,ewr-11,joint,reset,0.0,0.0,10.819778284410283,1.3118752925
streaming/absolute,ewr-11,joint,reset,0.0,0.0,10.819778284410283,1.3118752925
streaming/present,ewr-11,joint,reset,0.0,0.0,10.819778284410283,1.3118752925
streaming/recency,ewr-11,joint,reset,0.0,0.0,6.907755278982137,1.2819812499999999
streaming/reference,ewr-11,joint,reset,0.0,0.0,10.819778284410283,1.3118752925
streaming/transition1,ewr-11,joint,reset,0.0,0.0,10.819778284410283,1.3118752925
streaming/transition2,ewr-11,joint,reset,0.0,0.0,10.819778284410283,1.3118752925
streaming/transition3,ewr-11,joint,reset,0.0,0.0,10.819778284410283,1.3118752925
fixed/absolute,ewr-11,joint,reset,0.0,0.0,10.819778284410283,1.3118752925
fixed/present,ewr-11,joint,reset,0.0,0.0,10.819778284410283,1.3118752925
fixed/recency,ewr-11,joint,reset,0.0,0.0,6.907755278982137,1.2819812499999999
fixed/reference,ewr-11,joint,reset,0.0,0.0,10.819778284410283,1.3118752925
fixed/transition1,ewr-11,joint,reset,0.0,0.0,10.819778284410283,1.3118752925
fixed/transition2,ewr-11,joint,reset,0.0,0.0,10.819778284410283,1.3118752925
fixed/transition3,ewr-11,joint,reset,0.0,0.0,10.819778284410283,1.3118752925
oracle-boundary/absolute,ewr-11,joint,reset,0.0,0.0,10.819778284410283,1.3118752925
oracle-boundary/present,ewr-11,joint,reset,0.0,0.0,10.819778284410283,1.3118752925
oracle-boundary/recency,ewr-11,joint,reset,0.0,0.0,6.907755278982137,1.2819812499999999
oracle-boundary/reference,ewr-11,joint,reset,0.0,0.0,10.819778284410283,1.3118752925
oracle-boundary/transition1,ewr-11,joint,reset,0.0,0.0,10.819778284410283,1.3118752925
oracle-boundary/transition2,ewr-11,joint,reset,0.0,0.0,10.819778284410283,1.3118752925
oracle-boundary/transition3,ewr-11,joint,reset,0.0,0.0,10.819778284410283,1.3118752925
repaired/absolute,ewr-11,joint,removal,0.0,0.0,10.819778284410283,1.3118752925
repaired/present,ewr-11,joint,removal,0.0,0.0,10.819778284410283,1.3118752925
repaired/recency,ewr-11,joint,removal,0.0,0.0,6.907755278982137,1.2819812499999999
repaired/reference,ewr-11,joint,removal,0.0,0.0,10.819778284410283,1.3118752925
repaired/transition1,ewr-11,joint,removal,0.0,0.0,10.819778284410283,1.3118752925
repaired/transition2,ewr-11,joint,removal,0.0,0.0,10.819778284410283,1.3118752925
repaired/transition3,ewr-11,joint,removal,0.0,0.0,10.819778284410283,1.3118752925
streaming/absolute,ewr-11,joint,removal,0.0,0.0,10.819778284410283,1.3118752925
streaming/present,ewr-11,joint,removal,0.0,0.0,10.819778284410283,1.3118752925
streaming/recency,ewr-11,joint,removal,0.0,0.0,6.907755278982137,1.2819812499999999
streaming/reference,ewr-11,joint,removal,0.0,0.0,10.819778284410283,1.3118752925
streaming/transition1,ewr-11,joint,removal,0.0,0.0,10.819778284410283,1.3118752925
streaming/transition2,ewr-11,joint,removal,0.0,0.0,10.819778284410283,1.3118752925
streaming/transition3,ewr-11,joint,removal,0.0,0.0,10.819778284410283,1.3118752925
fixed/absolute,ewr-11,joint,removal,0.0,0.0,10.819778284410283,1.3118752925
fixed/present,ewr-11,joint,removal,0.0,0.0,10.819778284410283,1.3118752925
fixed/recency,ewr-11,joint,removal,0.0,0.0,6.907755278982137,1.90245
fixed/reference,ewr-11,joint,removal,0.0,0.0,10.819778284410283,1.3118752925
fixed/transition1,ewr-11,joint,removal,0.0,0.0,10.819778284410283,1.3118752925
fixed/transition2,ewr-11,joint,removal,0.0,0.0,10.819778284410283,1.3118752925
fixed/transition3,ewr-11,joint,removal,0.0,0.0,10.819778284410283,1.3118752925
oracle-boundary/absolute,ewr-11,joint,removal,0.0,0.0,10.819778284410283,1.3118752925
oracle-boundary/present,ewr-11,joint,removal,0.0,0.0,10.819778284410283,1.3118752925
oracle-boundary/recency,ewr-11,joint,removal,0.0,0.0,6.907755278982137,1.2819812499999999
oracle-boundary/reference,ewr-11,joint,removal,0.0,0.0,10.819778284410283,1.3118752925
oracle-boundary/transition1,ewr-11,joint,removal,0.0,0.0,10.819778284410283,1.3118752925
oracle-boundary/transition2,ewr-11,joint,removal,0.0,0.0,10.819778284410283,1.3118752925
oracle-boundary/transition3,ewr-11,joint,removal,0.0,0.0,10.819778284410283,1.3118752925
repaired/absolute,ewr-11,joint,swap,1.0,1.0,0.0009804805139615315,9.800000000392828e-07
repaired/present,ewr-11,joint,swap,0.0,0.0,10.819778284410283,1.3118752925
repaired/recency,ewr-11,joint,swap,0.0,0.0,6.907755278982137,1.90245
repaired/reference,ewr-11,joint,swap,1.0,1.0,0.0009804805139615315,9.800000000392828e-07
repaired/transition1,ewr-11,joint,swap,0.5,0.0,0.6944623172381295,0.5003548143531801
repaired/transition2,ewr-11,joint,swap,1.0,1.0,0.0009804805139615315,9.800000000392828e-07
repaired/transition3,ewr-11,joint,swap,1.0,1.0,0.0009804805139615315,9.800000000392828e-07
streaming/absolute,ewr-11,joint,swap,0.0,0.0,10.819778284410283,1.3118752925
streaming/present,ewr-11,joint,swap,0.0,0.0,10.819778284410283,1.3118752925
streaming/recency,ewr-11,joint,swap,0.0,0.0,6.907755278982137,1.90245
streaming/reference,ewr-11,joint,swap,0.5,0.0,5.410379382462122,0.65593813625
streaming/transition1,ewr-11,joint,swap,0.0,0.0,10.819778284410283,1.3118752925
streaming/transition2,ewr-11,joint,swap,0.0,0.0,10.819778284410283,1.3118752925
streaming/transition3,ewr-11,joint,swap,0.0,0.0,10.819778284410283,1.3118752925
fixed/absolute,ewr-11,joint,swap,0.0,0.0,10.819778284410283,1.3118752925
fixed/present,ewr-11,joint,swap,0.0,0.0,10.819778284410283,1.3118752925
fixed/recency,ewr-11,joint,swap,0.0,0.0,6.907755278982137,1.90245
fixed/reference,ewr-11,joint,swap,0.0,0.0,10.819778284410283,1.3118752925
fixed/transition1,ewr-11,joint,swap,0.0,0.0,10.819778284410283,1.3118752925
fixed/transition2,ewr-11,joint,swap,0.0,0.0,10.819778284410283,1.3118752925
fixed/transition3,ewr-11,joint,swap,0.0,0.0,10.819778284410283,1.3118752925
oracle-boundary/absolute,ewr-11,joint,swap,1.0,1.0,0.0009804805139615315,9.800000000392828e-07
oracle-boundary/present,ewr-11,joint,swap,0.0,0.0,10.819778284410283,1.3118752925
oracle-boundary/recency,ewr-11,joint,swap,0.0,0.0,6.907755278982137,1.90245
oracle-boundary/reference,ewr-11,joint,swap,1.0,1.0,0.0009804805139615315,9.800000000392828e-07
oracle-boundary/transition1,ewr-11,joint,swap,0.5,0.0,0.69410764165507,0.50000048
oracle-boundary/transition2,ewr-11,joint,swap,1.0,1.0,0.0009804805139615315,9.800000000392828e-07
oracle-boundary/transition3,ewr-11,joint,swap,1.0,1.0,0.0009804805139615315,9.800000000392828e-07
repaired/absolute,ewr-11,joint,shuffle,1.0,1.0,0.0009804805139615315,9.800000000392828e-07
repaired/present,ewr-11,joint,shuffle,0.0,0.0,10.819778284410283,1.3118752925
repaired/recency,ewr-11,joint,shuffle,1.0,1.0,0.05024121643674679,0.0024500000000000632
repaired/reference,ewr-11,joint,shuffle,1.0,1.0,0.0009804805139615315,9.800000000392828e-07
repaired/transition1,ewr-11,joint,shuffle,1.0,1.0,0.6877011051970968,0.4936001739722653
repaired/transition2,ewr-11,joint,shuffle,1.0,1.0,0.0009804805139615315,9.800000000392828e-07
repaired/transition3,ewr-11,joint,shuffle,1.0,1.0,0.0009804805139615315,9.800000000392828e-07
streaming/absolute,ewr-11,joint,shuffle,0.0,0.0,10.819778284410283,1.3118752925
streaming/present,ewr-11,joint,shuffle,0.0,0.0,10.819778284410283,1.3118752925
streaming/recency,ewr-11,joint,shuffle,1.0,1.0,0.05024121643674679,0.0024500000000000632
streaming/reference,ewr-11,joint,shuffle,0.5,0.0,5.410379382462122,0.65593813625
streaming/transition1,ewr-11,joint,shuffle,0.0,0.0,10.819778284410283,1.3118752925
streaming/transition2,ewr-11,joint,shuffle,0.0,0.0,10.819778284410283,1.3118752925
streaming/transition3,ewr-11,joint,shuffle,0.0,0.0,10.819778284410283,1.3118752925
fixed/absolute,ewr-11,joint,shuffle,0.0,0.0,10.819778284410283,1.3118752925
fixed/present,ewr-11,joint,shuffle,0.0,0.0,10.819778284410283,1.3118752925
fixed/recency,ewr-11,joint,shuffle,0.0,0.0,6.907755278982137,1.90245
fixed/reference,ewr-11,joint,shuffle,0.0,0.0,10.819778284410283,1.3118752925
fixed/transition1,ewr-11,joint,shuffle,0.0,0.0,10.819778284410283,1.3118752925
fixed/transition2,ewr-11,joint,shuffle,0.0,0.0,10.819778284410283,1.3118752925
fixed/transition3,ewr-11,joint,shuffle,0.0,0.0,10.819778284410283,1.3118752925
oracle-boundary/absolute,ewr-11,joint,shuffle,1.0,1.0,0.0009804805139615315,9.800000000392828e-07
oracle-boundary/present,ewr-11,joint,shuffle,0.0,0.0,10.819778284410283,1.3118752925
oracle-boundary/recency,ewr-11,joint,shuffle,1.0,1.0,0.05024121643674679,0.0024500000000000632
oracle-boundary/reference,ewr-11,joint,shuffle,1.0,1.0,0.0009804805139615315,9.800000000392828e-07
oracle-boundary/transition1,ewr-11,joint,shuffle,0.5,0.0,0.69410764165507,0.50000048
oracle-boundary/transition2,ewr-11,joint,shuffle,1.0,1.0,0.0009804805139615315,9.800000000392828e-07
oracle-boundary/transition3,ewr-11,joint,shuffle,1.0,1.0,0.0009804805139615315,9.800000000392828e-07
repaired/absolute,ewr-11,joint,ambiguous,0.5,0.0,0.6941139195393037,0.5000067457971455
repaired/present,ewr-11,joint,ambiguous,0.0,0.0,10.819778284410283,1.3118752925
repaired/recency,ewr-11,joint,ambiguous,0.5,0.0,3.4789982477094417,0.95245
repaired/reference,ewr-11,joint,ambiguous,0.5,0.0,0.6941082538191194,0.5000010909888846
repaired/transition1,ewr-11,joint,ambiguous,0.5,0.0,0.6941139195393037,0.5000067457971455
repaired/transition2,ewr-11,joint,ambiguous,0.5,0.0,0.6941139195393037,0.5000067457971455
repaired/transition3,ewr-11,joint,ambiguous,0.5,0.0,0.6941139195393037,0.5000067457971455
streaming/absolute,ewr-11,joint,ambiguous,0.0,0.0,10.819778284410283,1.3118752925
streaming/present,ewr-11,joint,ambiguous,0.0,0.0,10.819778284410283,1.3118752925
streaming/recency,ewr-11,joint,ambiguous,0.5,0.0,3.4789982477094417,0.95245
streaming/reference,ewr-11,joint,ambiguous,0.5,0.0,5.410379382462122,0.9990009799999999
streaming/transition1,ewr-11,joint,ambiguous,0.0,0.0,10.819778284410283,1.3118752925
streaming/transition2,ewr-11,joint,ambiguous,0.0,0.0,10.819778284410283,1.3118752925
streaming/transition3,ewr-11,joint,ambiguous,0.0,0.0,10.819778284410283,1.3118752925
fixed/absolute,ewr-11,joint,ambiguous,0.0,0.0,10.819778284410283,1.3118752925
fixed/present,ewr-11,joint,ambiguous,0.0,0.0,10.819778284410283,1.3118752925
fixed/recency,ewr-11,joint,ambiguous,0.0,0.0,6.907755278982137,1.90245
fixed/reference,ewr-11,joint,ambiguous,0.0,0.0,10.819778284410283,1.3118752925
fixed/transition1,ewr-11,joint,ambiguous,0.0,0.0,10.819778284410283,1.3118752925
fixed/transition2,ewr-11,joint,ambiguous,0.0,0.0,10.819778284410283,1.3118752925
fixed/transition3,ewr-11,joint,ambiguous,0.0,0.0,10.819778284410283,1.3118752925
oracle-boundary/absolute,ewr-11,joint,ambiguous,0.5,0.0,0.69410764165507,0.50000048
oracle-boundary/present,ewr-11,joint,ambiguous,0.0,0.0,10.819778284410283,1.3118752925
oracle-boundary/recency,ewr-11,joint,ambiguous,0.5,0.0,3.4789982477094417,0.95245
oracle-boundary/reference,ewr-11,joint,ambiguous,0.5,0.0,0.69410764165507,0.50000048
oracle-boundary/transition1,ewr-11,joint,ambiguous,0.5,0.0,0.69410764165507,0.50000048
oracle-boundary/transition2,ewr-11,joint,ambiguous,0.5,0.0,0.69410764165507,0.50000048
oracle-boundary/transition3,ewr-11,joint,ambiguous,0.5,0.0,0.69410764165507,0.50000048
repaired/absolute,ewr-12,detached,intact,1.0,1.0,0.0009804805139615315,9.800000000392828e-07
repaired/present,ewr-12,detached,intact,0.0,0.0,2.0802818946775288,1.0621252925000002
repaired/recency,ewr-12,detached,intact,1.0,1.0,0.05024121643674679,0.0024500000000000632
repaired/reference,ewr-12,detached,intact,1.0,1.0,0.0009804805139615315,9.800000000392828e-07
repaired/transition1,ewr-12,detached,intact,1.0,1.0,0.6649007055862655,0.4708430853041121
repaired/transition2,ewr-12,detached,intact,1.0,1.0,0.0009804805139615315,9.800000000392828e-07
repaired/transition3,ewr-12,detached,intact,1.0,1.0,0.0009804805139615315,9.800000000392828e-07
streaming/absolute,ewr-12,detached,intact,0.5,0.0,1.040631187595745,0.5310631362500001
streaming/present,ewr-12,detached,intact,0.0,0.0,2.0802818946775288,1.0621252925000002
streaming/recency,ewr-12,detached,intact,1.0,1.0,0.05024121643674679,0.0024500000000000632
streaming/reference,ewr-12,detached,intact,0.5,0.0,1.040631187595745,0.5310631362500001
streaming/transition1,ewr-12,detached,intact,0.5,0.0,1.040631187595745,0.5310631362500001
streaming/transition2,ewr-12,detached,intact,0.5,0.0,1.040631187595745,0.5310631362500001
streaming/transition3,ewr-12,detached,intact,0.5,0.0,1.040631187595745,0.5310631362500001
fixed/absolute,ewr-12,detached,intact,0.0,0.0,2.0802818946775288,1.0621252925000002
fixed/present,ewr-12,detached,intact,0.0,0.0,2.0802818946775288,1.0621252925000002
fixed/recency,ewr-12,detached,intact,0.0,0.0,2.1223490426911127,1.0444812499999996
fixed/reference,ewr-12,detached,intact,0.0,0.0,2.0802818946775288,1.0621252925000002
fixed/transition1,ewr-12,detached,intact,0.0,0.0,2.0802818946775288,1.0621252925000002
fixed/transition2,ewr-12,detached,intact,0.0,0.0,2.0802818946775288,1.0621252925000002
fixed/transition3,ewr-12,detached,intact,0.0,0.0,2.0802818946775288,1.0621252925000002
oracle-boundary/absolute,ewr-12,detached,intact,1.0,1.0,0.0009804805139615315,9.800000000392828e-07
oracle-boundary/present,ewr-12,detached,intact,0.0,0.0,2.0802818946775288,1.0621252925000002
oracle-boundary/recency,ewr-12,detached,intact,1.0,1.0,0.05024121643674679,0.0024500000000000632
oracle-boundary/reference,ewr-12,detached,intact,1.0,1.0,0.0009804805139615315,9.800000000392828e-07
oracle-boundary/transition1,ewr-12,detached,intact,0.5,0.0,0.6941076416550698,0.5000004800000002
oracle-boundary/transition2,ewr-12,detached,intact,1.0,1.0,0.0009804805139615315,9.800000000392828e-07
oracle-boundary/transition3,ewr-12,detached,intact,1.0,1.0,0.0009804805139615315,9.800000000392828e-07
repaired/absolute,ewr-12,legato,intact,0.0,0.0,2.0802818946775288,1.0621252925000002
repaired/present,ewr-12,legato,intact,0.0,0.0,2.0802818946775288,1.0621252925000002
repaired/recency,ewr-12,legato,intact,1.0,1.0,0.05024121643674679,0.0024500000000000632
repaired/reference,ewr-12,legato,intact,0.0,0.0,2.0802818946775288,1.0621252925000002
repaired/transition1,ewr-12,legato,intact,1.0,1.0,0.6924182663961149,0.498312728337285
repaired/transition2,ewr-12,legato,intact,1.0,1.0,0.0009804805139615315,9.800000000392828e-07
repaired/transition3,ewr-12,legato,intact,0.0,0.0,2.0802818946775288,1.0621252925000002
streaming/absolute,ewr-12,legato,intact,0.0,0.0,2.0802818946775288,1.0621252925000002
streaming/present,ewr-12,legato,intact,0.0,0.0,2.0802818946775288,1.0621252925000002
streaming/recency,ewr-12,legato,intact,0.5,0.0,3.4789982477094417,0.95245
streaming/reference,ewr-12,legato,intact,0.0,0.0,2.0802818946775288,1.0621252925000002
streaming/transition1,ewr-12,legato,intact,0.0,0.0,2.0802818946775288,1.0621252925000002
streaming/transition2,ewr-12,legato,intact,0.0,0.0,2.0802818946775288,1.0621252925000002
streaming/transition3,ewr-12,legato,intact,0.0,0.0,2.0802818946775288,1.0621252925000002
fixed/absolute,ewr-12,legato,intact,0.0,0.0,2.0802818946775288,1.0621252925000002
fixed/present,ewr-12,legato,intact,0.0,0.0,2.0802818946775288,1.0621252925000002
fixed/recency,ewr-12,legato,intact,0.0,0.0,2.1223490426911127,1.0444812499999996
fixed/reference,ewr-12,legato,intact,0.0,0.0,2.0802818946775288,1.0621252925000002
fixed/transition1,ewr-12,legato,intact,0.0,0.0,2.0802818946775288,1.0621252925000002
fixed/transition2,ewr-12,legato,intact,0.0,0.0,2.0802818946775288,1.0621252925000002
fixed/transition3,ewr-12,legato,intact,0.0,0.0,2.0802818946775288,1.0621252925000002
oracle-boundary/absolute,ewr-12,legato,intact,1.0,1.0,0.0009804805139615315,9.800000000392828e-07
oracle-boundary/present,ewr-12,legato,intact,0.0,0.0,2.0802818946775288,1.0621252925000002
oracle-boundary/recency,ewr-12,legato,intact,1.0,1.0,0.05024121643674679,0.0024500000000000632
oracle-boundary/reference,ewr-12,legato,intact,1.0,1.0,0.0009804805139615315,9.800000000392828e-07
oracle-boundary/transition1,ewr-12,legato,intact,0.5,0.0,0.6941076416550698,0.5000004800000002
oracle-boundary/transition2,ewr-12,legato,intact,1.0,1.0,0.0009804805139615315,9.800000000392828e-07
oracle-boundary/transition3,ewr-12,legato,intact,1.0,1.0,0.0009804805139615315,9.800000000392828e-07
repaired/absolute,ewr-12,duration,intact,1.0,1.0,0.0009804805139615315,9.800000000392828e-07
repaired/present,ewr-12,duration,intact,0.0,0.0,2.0802818946775288,1.0621252925000002
repaired/recency,ewr-12,duration,intact,1.0,1.0,0.05024121643674679,0.0024500000000000632
repaired/reference,ewr-12,duration,intact,1.0,1.0,0.0009804805139615315,9.800000000392828e-07
repaired/transition1,ewr-12,duration,intact,0.0,0.0,0.6988565096293746,0.5047447270920544
repaired/transition2,ewr-12,duration,intact,1.0,1.0,0.0009804805139615315,9.800000000392828e-07
repaired/transition3,ewr-12,duration,intact,1.0,1.0,0.0009804805139615315,9.800000000392828e-07
streaming/absolute,ewr-12,duration,intact,0.0,0.0,2.0802818946775288,1.0621252925000002
streaming/present,ewr-12,duration,intact,0.0,0.0,2.0802818946775288,1.0621252925000002
streaming/recency,ewr-12,duration,intact,0.0,0.0,2.1223490426911127,1.0444812499999996
streaming/reference,ewr-12,duration,intact,0.0,0.0,2.0802818946775288,1.0621252925000002
streaming/transition1,ewr-12,duration,intact,0.0,0.0,2.0802818946775288,1.0621252925000002
streaming/transition2,ewr-12,duration,intact,0.0,0.0,2.0802818946775288,1.0621252925000002
streaming/transition3,ewr-12,duration,intact,0.0,0.0,2.0802818946775288,1.0621252925000002
fixed/absolute,ewr-12,duration,intact,0.0,0.0,2.0802818946775288,1.0621252925000002
fixed/present,ewr-12,duration,intact,0.0,0.0,2.0802818946775288,1.0621252925000002
fixed/recency,ewr-12,duration,intact,0.0,0.0,2.1223490426911127,1.0444812499999996
fixed/reference,ewr-12,duration,intact,0.0,0.0,2.0802818946775288,1.0621252925000002
fixed/transition1,ewr-12,duration,intact,0.0,0.0,2.0802818946775288,1.0621252925000002
fixed/transition2,ewr-12,duration,intact,0.0,0.0,2.0802818946775288,1.0621252925000002
fixed/transition3,ewr-12,duration,intact,0.0,0.0,2.0802818946775288,1.0621252925000002
oracle-boundary/absolute,ewr-12,duration,intact,1.0,1.0,0.0009804805139615315,9.800000000392828e-07
oracle-boundary/present,ewr-12,duration,intact,0.0,0.0,2.0802818946775288,1.0621252925000002
oracle-boundary/recency,ewr-12,duration,intact,1.0,1.0,0.05024121643674679,0.0024500000000000632
oracle-boundary/reference,ewr-12,duration,intact,1.0,1.0,0.0009804805139615315,9.800000000392828e-07
oracle-boundary/transition1,ewr-12,duration,intact,0.5,0.0,0.6941076416550698,0.5000004800000002
oracle-boundary/transition2,ewr-12,duration,intact,1.0,1.0,0.0009804805139615315,9.800000000392828e-07
oracle-boundary/transition3,ewr-12,duration,intact,1.0,1.0,0.0009804805139615315,9.800000000392828e-07
repaired/absolute,ewr-12,joint,intact,1.0,1.0,0.0009804805139615315,9.800000000392828e-07
repaired/present,ewr-12,joint,intact,0.0,0.0,2.0802818946775288,1.0621252925000002
repaired/recency,ewr-12,joint,intact,1.0,1.0,0.05024121643674679,0.0024500000000000632
repaired/reference,ewr-12,joint,intact,1.0,1.0,0.0009804805139615315,9.800000000392828e-07
repaired/transition1,ewr-12,joint,intact,0.0,0.0,0.6988565096293746,0.5047447270920544
repaired/transition2,ewr-12,joint,intact,1.0,1.0,0.0009804805139615315,9.800000000392828e-07
repaired/transition3,ewr-12,joint,intact,1.0,1.0,0.0009804805139615315,9.800000000392828e-07
streaming/absolute,ewr-12,joint,intact,0.0,0.0,2.0802818946775288,1.0621252925000002
streaming/present,ewr-12,joint,intact,0.0,0.0,2.0802818946775288,1.0621252925000002
streaming/recency,ewr-12,joint,intact,0.0,0.0,2.1223490426911127,1.0444812499999996
streaming/reference,ewr-12,joint,intact,0.0,0.0,2.0802818946775288,1.0621252925000002
streaming/transition1,ewr-12,joint,intact,0.0,0.0,2.0802818946775288,1.0621252925000002
streaming/transition2,ewr-12,joint,intact,0.0,0.0,2.0802818946775288,1.0621252925000002
streaming/transition3,ewr-12,joint,intact,0.0,0.0,2.0802818946775288,1.0621252925000002
fixed/absolute,ewr-12,joint,intact,0.0,0.0,2.0802818946775288,1.0621252925000002
fixed/present,ewr-12,joint,intact,0.0,0.0,2.0802818946775288,1.0621252925000002
fixed/recency,ewr-12,joint,intact,0.0,0.0,2.1223490426911127,1.0444812499999996
fixed/reference,ewr-12,joint,intact,0.0,0.0,2.0802818946775288,1.0621252925000002
fixed/transition1,ewr-12,joint,intact,0.0,0.0,2.0802818946775288,1.0621252925000002
fixed/transition2,ewr-12,joint,intact,0.0,0.0,2.0802818946775288,1.0621252925000002
fixed/transition3,ewr-12,joint,intact,0.0,0.0,2.0802818946775288,1.0621252925000002
oracle-boundary/absolute,ewr-12,joint,intact,1.0,1.0,0.0009804805139615315,9.800000000392828e-07
oracle-boundary/present,ewr-12,joint,intact,0.0,0.0,2.0802818946775288,1.0621252925000002
oracle-boundary/recency,ewr-12,joint,intact,1.0,1.0,0.05024121643674679,0.0024500000000000632
oracle-boundary/reference,ewr-12,joint,intact,1.0,1.0,0.0009804805139615315,9.800000000392828e-07
oracle-boundary/transition1,ewr-12,joint,intact,0.5,0.0,0.6941076416550698,0.5000004800000002
oracle-boundary/transition2,ewr-12,joint,intact,1.0,1.0,0.0009804805139615315,9.800000000392828e-07
oracle-boundary/transition3,ewr-12,joint,intact,1.0,1.0,0.0009804805139615315,9.800000000392828e-07
repaired/absolute,ewr-12,joint,reset,0.0,0.0,2.0802818946775288,1.0621252925000002
repaired/present,ewr-12,joint,reset,0.0,0.0,2.0802818946775288,1.0621252925000002
repaired/recency,ewr-12,joint,reset,0.0,0.0,2.1223490426911127,1.0444812499999996
repaired/reference,ewr-12,joint,reset,0.0,0.0,2.0802818946775288,1.0621252925000002
repaired/transition1,ewr-12,joint,reset,0.0,0.0,2.0802818946775288,1.0621252925000002
repaired/transition2,ewr-12,joint,reset,0.0,0.0,2.0802818946775288,1.0621252925000002
repaired/transition3,ewr-12,joint,reset,0.0,0.0,2.0802818946775288,1.0621252925000002
streaming/absolute,ewr-12,joint,reset,0.0,0.0,2.0802818946775288,1.0621252925000002
streaming/present,ewr-12,joint,reset,0.0,0.0,2.0802818946775288,1.0621252925000002
streaming/recency,ewr-12,joint,reset,0.0,0.0,2.1223490426911127,1.0444812499999996
streaming/reference,ewr-12,joint,reset,0.0,0.0,2.0802818946775288,1.0621252925000002
streaming/transition1,ewr-12,joint,reset,0.0,0.0,2.0802818946775288,1.0621252925000002
streaming/transition2,ewr-12,joint,reset,0.0,0.0,2.0802818946775288,1.0621252925000002
streaming/transition3,ewr-12,joint,reset,0.0,0.0,2.0802818946775288,1.0621252925000002
fixed/absolute,ewr-12,joint,reset,0.0,0.0,2.0802818946775288,1.0621252925000002
fixed/present,ewr-12,joint,reset,0.0,0.0,2.0802818946775288,1.0621252925000002
fixed/recency,ewr-12,joint,reset,0.0,0.0,2.1223490426911127,1.0444812499999996
fixed/reference,ewr-12,joint,reset,0.0,0.0,2.0802818946775288,1.0621252925000002
fixed/transition1,ewr-12,joint,reset,0.0,0.0,2.0802818946775288,1.0621252925000002
fixed/transition2,ewr-12,joint,reset,0.0,0.0,2.0802818946775288,1.0621252925000002
fixed/transition3,ewr-12,joint,reset,0.0,0.0,2.0802818946775288,1.0621252925000002
oracle-boundary/absolute,ewr-12,joint,reset,0.0,0.0,2.0802818946775288,1.0621252925000002
oracle-boundary/present,ewr-12,joint,reset,0.0,0.0,2.0802818946775288,1.0621252925000002
oracle-boundary/recency,ewr-12,joint,reset,0.0,0.0,2.1223490426911127,1.0444812499999996
oracle-boundary/reference,ewr-12,joint,reset,0.0,0.0,2.0802818946775288,1.0621252925000002
oracle-boundary/transition1,ewr-12,joint,reset,0.0,0.0,2.0802818946775288,1.0621252925000002
oracle-boundary/transition2,ewr-12,joint,reset,0.0,0.0,2.0802818946775288,1.0621252925000002
oracle-boundary/transition3,ewr-12,joint,reset,0.0,0.0,2.0802818946775288,1.0621252925000002
repaired/absolute,ewr-12,joint,removal,0.0,0.0,2.0802818946775288,1.0621252925000002
repaired/present,ewr-12,joint,removal,0.0,0.0,2.0802818946775288,1.0621252925000002
repaired/recency,ewr-12,joint,removal,0.0,0.0,2.1223490426911127,1.0444812499999996
repaired/reference,ewr-12,joint,removal,0.0,0.0,2.0802818946775288,1.0621252925000002
repaired/transition1,ewr-12,joint,removal,0.0,0.0,2.0802818946775288,1.0621252925000002
repaired/transition2,ewr-12,joint,removal,0.0,0.0,2.0802818946775288,1.0621252925000002
repaired/transition3,ewr-12,joint,removal,0.0,0.0,2.0802818946775288,1.0621252925000002
streaming/absolute,ewr-12,joint,removal,0.0,0.0,2.0802818946775288,1.0621252925000002
streaming/present,ewr-12,joint,removal,0.0,0.0,2.0802818946775288,1.0621252925000002
streaming/recency,ewr-12,joint,removal,0.0,0.0,2.1223490426911127,1.0444812499999996
streaming/reference,ewr-12,joint,removal,0.0,0.0,2.0802818946775288,1.0621252925000002
streaming/transition1,ewr-12,joint,removal,0.0,0.0,2.0802818946775288,1.0621252925000002
streaming/transition2,ewr-12,joint,removal,0.0,0.0,2.0802818946775288,1.0621252925000002
streaming/transition3,ewr-12,joint,removal,0.0,0.0,2.0802818946775288,1.0621252925000002
fixed/absolute,ewr-12,joint,removal,0.0,0.0,2.0802818946775288,1.0621252925000002
fixed/present,ewr-12,joint,removal,0.0,0.0,2.0802818946775288,1.0621252925000002
fixed/recency,ewr-12,joint,removal,0.0,0.0,2.1223490426911127,1.0444812499999996
fixed/reference,ewr-12,joint,removal,0.0,0.0,2.0802818946775288,1.0621252925000002
fixed/transition1,ewr-12,joint,removal,0.0,0.0,2.0802818946775288,1.0621252925000002
fixed/transition2,ewr-12,joint,removal,0.0,0.0,2.0802818946775288,1.0621252925000002
fixed/transition3,ewr-12,joint,removal,0.0,0.0,2.0802818946775288,1.0621252925000002
oracle-boundary/absolute,ewr-12,joint,removal,0.0,0.0,2.0802818946775288,1.0621252925000002
oracle-boundary/present,ewr-12,joint,removal,0.0,0.0,2.0802818946775288,1.0621252925000002
oracle-boundary/recency,ewr-12,joint,removal,0.0,0.0,2.1223490426911127,1.0444812499999996
oracle-boundary/reference,ewr-12,joint,removal,0.0,0.0,2.0802818946775288,1.0621252925000002
oracle-boundary/transition1,ewr-12,joint,removal,0.0,0.0,2.0802818946775288,1.0621252925000002
oracle-boundary/transition2,ewr-12,joint,removal,0.0,0.0,2.0802818946775288,1.0621252925000002
oracle-boundary/transition3,ewr-12,joint,removal,0.0,0.0,2.0802818946775288,1.0621252925000002
repaired/absolute,ewr-12,joint,swap,1.0,1.0,0.0009804805139615315,9.800000000392828e-07
repaired/present,ewr-12,joint,swap,0.0,0.0,2.0802818946775288,1.0621252925000002
repaired/recency,ewr-12,joint,swap,1.0,1.0,0.05024121643674679,0.0024500000000000632
repaired/reference,ewr-12,joint,swap,1.0,1.0,0.0009804805139615315,9.800000000392828e-07
repaired/transition1,ewr-12,joint,swap,0.0,0.0,0.6988565096293746,0.5047447270920544
repaired/transition2,ewr-12,joint,swap,1.0,1.0,0.0009804805139615315,9.800000000392828e-07
repaired/transition3,ewr-12,joint,swap,1.0,1.0,0.0009804805139615315,9.800000000392828e-07
streaming/absolute,ewr-12,joint,swap,0.0,0.0,2.0802818946775288,1.0621252925000002
streaming/present,ewr-12,joint,swap,0.0,0.0,2.0802818946775288,1.0621252925000002
streaming/recency,ewr-12,joint,swap,0.0,0.0,2.1223490426911127,1.0444812499999996
streaming/reference,ewr-12,joint,swap,0.0,0.0,2.0802818946775288,1.0621252925000002
streaming/transition1,ewr-12,joint,swap,0.0,0.0,2.0802818946775288,1.0621252925000002
streaming/transition2,ewr-12,joint,swap,0.0,0.0,2.0802818946775288,1.0621252925000002
streaming/transition3,ewr-12,joint,swap,0.0,0.0,2.0802818946775288,1.0621252925000002
fixed/absolute,ewr-12,joint,swap,0.0,0.0,2.0802818946775288,1.0621252925000002
fixed/present,ewr-12,joint,swap,0.0,0.0,2.0802818946775288,1.0621252925000002
fixed/recency,ewr-12,joint,swap,0.0,0.0,2.1223490426911127,1.0444812499999996
fixed/reference,ewr-12,joint,swap,0.0,0.0,2.0802818946775288,1.0621252925000002
fixed/transition1,ewr-12,joint,swap,0.0,0.0,2.0802818946775288,1.0621252925000002
fixed/transition2,ewr-12,joint,swap,0.0,0.0,2.0802818946775288,1.0621252925000002
fixed/transition3,ewr-12,joint,swap,0.0,0.0,2.0802818946775288,1.0621252925000002
oracle-boundary/absolute,ewr-12,joint,swap,1.0,1.0,0.0009804805139615315,9.800000000392828e-07
oracle-boundary/present,ewr-12,joint,swap,0.0,0.0,2.0802818946775288,1.0621252925000002
oracle-boundary/recency,ewr-12,joint,swap,1.0,1.0,0.05024121643674679,0.0024500000000000632
oracle-boundary/reference,ewr-12,joint,swap,1.0,1.0,0.0009804805139615315,9.800000000392828e-07
oracle-boundary/transition1,ewr-12,joint,swap,0.5,0.0,0.6941076416550698,0.5000004800000002
oracle-boundary/transition2,ewr-12,joint,swap,1.0,1.0,0.0009804805139615315,9.800000000392828e-07
oracle-boundary/transition3,ewr-12,joint,swap,1.0,1.0,0.0009804805139615315,9.800000000392828e-07
repaired/absolute,ewr-12,joint,shuffle,1.0,1.0,0.0009804805139615315,9.800000000392828e-07
repaired/present,ewr-12,joint,shuffle,0.0,0.0,2.0802818946775288,1.0621252925000002
repaired/recency,ewr-12,joint,shuffle,0.0,0.0,6.907755278982137,1.90245
repaired/reference,ewr-12,joint,shuffle,1.0,1.0,0.0009804805139615315,9.800000000392828e-07
repaired/transition1,ewr-12,joint,shuffle,0.0,0.0,0.7038462753573866,0.5097293858751346
repaired/transition2,ewr-12,joint,shuffle,1.0,1.0,0.0009804805139615315,9.800000000392828e-07
repaired/transition3,ewr-12,joint,shuffle,1.0,1.0,0.0009804805139615315,9.800000000392828e-07
streaming/absolute,ewr-12,joint,shuffle,0.0,0.0,2.0802818946775288,1.0621252925000002
streaming/present,ewr-12,joint,shuffle,0.0,0.0,2.0802818946775288,1.0621252925000002
streaming/recency,ewr-12,joint,shuffle,0.5,0.0,1.0862951295639298,0.5234656249999998
streaming/reference,ewr-12,joint,shuffle,0.0,0.0,2.0802818946775288,1.0621252925000002
streaming/transition1,ewr-12,joint,shuffle,0.0,0.0,2.0802818946775288,1.0621252925000002
streaming/transition2,ewr-12,joint,shuffle,0.0,0.0,2.0802818946775288,1.0621252925000002
streaming/transition3,ewr-12,joint,shuffle,0.0,0.0,2.0802818946775288,1.0621252925000002
fixed/absolute,ewr-12,joint,shuffle,0.0,0.0,2.0802818946775288,1.0621252925000002
fixed/present,ewr-12,joint,shuffle,0.0,0.0,2.0802818946775288,1.0621252925000002
fixed/recency,ewr-12,joint,shuffle,0.0,0.0,2.1223490426911127,1.0444812499999996
fixed/reference,ewr-12,joint,shuffle,0.0,0.0,2.0802818946775288,1.0621252925000002
fixed/transition1,ewr-12,joint,shuffle,0.0,0.0,2.0802818946775288,1.0621252925000002
fixed/transition2,ewr-12,joint,shuffle,0.0,0.0,2.0802818946775288,1.0621252925000002
fixed/transition3,ewr-12,joint,shuffle,0.0,0.0,2.0802818946775288,1.0621252925000002
oracle-boundary/absolute,ewr-12,joint,shuffle,1.0,1.0,0.0009804805139615315,9.800000000392828e-07
oracle-boundary/present,ewr-12,joint,shuffle,0.0,0.0,2.0802818946775288,1.0621252925000002
oracle-boundary/recency,ewr-12,joint,shuffle,0.0,0.0,6.907755278982137,1.90245
oracle-boundary/reference,ewr-12,joint,shuffle,1.0,1.0,0.0009804805139615315,9.800000000392828e-07
oracle-boundary/transition1,ewr-12,joint,shuffle,0.5,0.0,0.6941076416550698,0.5000004800000002
oracle-boundary/transition2,ewr-12,joint,shuffle,1.0,1.0,0.0009804805139615315,9.800000000392828e-07
oracle-boundary/transition3,ewr-12,joint,shuffle,1.0,1.0,0.0009804805139615315,9.800000000392828e-07
repaired/absolute,ewr-12,joint,ambiguous,0.5,0.0,0.6941094859914119,0.5000023207935211
repaired/present,ewr-12,joint,ambiguous,0.0,0.0,2.0802818946775288,1.0621252925
repaired/recency,ewr-12,joint,ambiguous,0.5,0.0,3.4789982477094417,0.95245
repaired/reference,ewr-12,joint,ambiguous,0.5,0.0,0.6941093207935978,0.5000021559133152
repaired/transition1,ewr-12,joint,ambiguous,0.5,0.0,0.6941094859914119,0.5000023207935211
repaired/transition2,ewr-12,joint,ambiguous,0.5,0.0,0.6941094859914119,0.5000023207935211
repaired/transition3,ewr-12,joint,ambiguous,0.5,0.0,0.6941094859914119,0.5000023207935211
streaming/absolute,ewr-12,joint,ambiguous,0.0,0.0,2.0802818946775288,1.0621252925
streaming/present,ewr-12,joint,ambiguous,0.0,0.0,2.0802818946775288,1.0621252925
streaming/recency,ewr-12,joint,ambiguous,0.0,0.0,2.1223490426911127,1.04448125
streaming/reference,ewr-12,joint,ambiguous,0.0,0.0,2.0802818946775288,1.0621252925
streaming/transition1,ewr-12,joint,ambiguous,0.0,0.0,2.0802818946775288,1.0621252925
streaming/transition2,ewr-12,joint,ambiguous,0.0,0.0,2.0802818946775288,1.0621252925
streaming/transition3,ewr-12,joint,ambiguous,0.0,0.0,2.0802818946775288,1.0621252925
fixed/absolute,ewr-12,joint,ambiguous,0.0,0.0,2.0802818946775288,1.0621252925
fixed/present,ewr-12,joint,ambiguous,0.0,0.0,2.0802818946775288,1.0621252925
fixed/recency,ewr-12,joint,ambiguous,0.0,0.0,2.1223490426911127,1.04448125
fixed/reference,ewr-12,joint,ambiguous,0.0,0.0,2.0802818946775288,1.0621252925
fixed/transition1,ewr-12,joint,ambiguous,0.0,0.0,2.0802818946775288,1.0621252925
fixed/transition2,ewr-12,joint,ambiguous,0.0,0.0,2.0802818946775288,1.0621252925
fixed/transition3,ewr-12,joint,ambiguous,0.0,0.0,2.0802818946775288,1.0621252925
oracle-boundary/absolute,ewr-12,joint,ambiguous,0.5,0.0,0.6941076416550698,0.50000048
oracle-boundary/present,ewr-12,joint,ambiguous,0.0,0.0,2.0802818946775288,1.0621252925
oracle-boundary/recency,ewr-12,joint,ambiguous,0.5,0.0,3.4789982477094417,0.95245
oracle-boundary/reference,ewr-12,joint,ambiguous,0.5,0.0,0.6941076416550698,0.50000048
oracle-boundary/transition1,ewr-12,joint,ambiguous,0.5,0.0,0.6941076416550698,0.50000048
oracle-boundary/transition2,ewr-12,joint,ambiguous,0.5,0.0,0.6941076416550698,0.50000048
oracle-boundary/transition3,ewr-12,joint,ambiguous,0.5,0.0,0.6941076416550698,0.50000048
repaired/absolute,ewr-13,detached,intact,1.0,1.0,0.0009804805139615315,9.800000000392828e-07
repaired/present,ewr-13,detached,intact,0.0,0.0,10.819778284410283,1.3118752925
repaired/recency,ewr-13,detached,intact,0.0,0.0,6.907755278982137,1.90245
repaired/reference,ewr-13,detached,intact,1.0,1.0,0.0009804805139615315,9.800000000392828e-07
repaired/transition1,ewr-13,detached,intact,1.0,1.0,0.6919753565364621,0.49787024395891577
repaired/transition2,ewr-13,detached,intact,1.0,1.0,0.0009804805139615315,9.800000000392828e-07
repaired/transition3,ewr-13,detached,intact,1.0,1.0,0.0009804805139615315,9.800000000392828e-07
streaming/absolute,ewr-13,detached,intact,1.0,1.0,0.0009804805139615315,9.800000000392828e-07
streaming/present,ewr-13,detached,intact,0.0,0.0,10.819778284410283,1.3118752925
streaming/recency,ewr-13,detached,intact,0.0,0.0,6.907755278982137,1.90245
streaming/reference,ewr-13,detached,intact,1.0,1.0,0.0009804805139615315,9.800000000392828e-07
streaming/transition1,ewr-13,detached,intact,0.5,0.0,0.8045056867998176,0.6033327083267781
streaming/transition2,ewr-13,detached,intact,1.0,1.0,0.0009804805139615315,9.800000000392828e-07
streaming/transition3,ewr-13,detached,intact,1.0,1.0,0.0009804805139615315,9.800000000392828e-07
fixed/absolute,ewr-13,detached,intact,0.0,0.0,10.819778284410283,1.3118752925
fixed/present,ewr-13,detached,intact,0.0,0.0,10.819778284410283,1.3118752925
fixed/recency,ewr-13,detached,intact,0.0,0.0,6.907755278982137,1.90245
fixed/reference,ewr-13,detached,intact,0.0,0.0,10.819778284410283,1.3118752925
fixed/transition1,ewr-13,detached,intact,0.0,0.0,10.819778284410283,1.99800098
fixed/transition2,ewr-13,detached,intact,0.0,0.0,10.819778284410283,1.3118752925
fixed/transition3,ewr-13,detached,intact,0.0,0.0,10.819778284410283,1.3118752925
oracle-boundary/absolute,ewr-13,detached,intact,1.0,1.0,0.0009804805139615315,9.800000000392828e-07
oracle-boundary/present,ewr-13,detached,intact,0.0,0.0,10.819778284410283,1.3118752925
oracle-boundary/recency,ewr-13,detached,intact,0.0,0.0,6.907755278982137,1.90245
oracle-boundary/reference,ewr-13,detached,intact,1.0,1.0,0.0009804805139615315,9.800000000392828e-07
oracle-boundary/transition1,ewr-13,detached,intact,0.5,0.0,0.69410764165507,0.50000048
oracle-boundary/transition2,ewr-13,detached,intact,1.0,1.0,0.0009804805139615315,9.800000000392828e-07
oracle-boundary/transition3,ewr-13,detached,intact,1.0,1.0,0.0009804805139615315,9.800000000392828e-07
repaired/absolute,ewr-13,legato,intact,1.0,1.0,0.0009804805139615315,9.800000000392828e-07
repaired/present,ewr-13,legato,intact,0.0,0.0,10.819778284410283,1.3118752925
repaired/recency,ewr-13,legato,intact,0.0,0.0,6.907755278982137,1.90245
repaired/reference,ewr-13,legato,intact,1.0,1.0,0.0009804805139615315,9.800000000392828e-07
repaired/transition1,ewr-13,legato,intact,1.0,1.0,0.6936524763946869,0.4995457516302866
repaired/transition2,ewr-13,legato,intact,1.0,1.0,0.0009804805139615315,9.800000000392828e-07
repaired/transition3,ewr-13,legato,intact,1.0,1.0,0.0009804805139615315,9.800000000392828e-07
streaming/absolute,ewr-13,legato,intact,0.0,0.0,10.819778284410283,1.3118752925
streaming/present,ewr-13,legato,intact,0.0,0.0,10.819778284410283,1.3118752925
streaming/recency,ewr-13,legato,intact,0.5,0.0,3.4789982477094417,0.95245
streaming/reference,ewr-13,legato,intact,0.0,0.0,10.819778284410283,1.3118752925
streaming/transition1,ewr-13,legato,intact,0.0,0.0,10.819778284410283,1.3118752925
streaming/transition2,ewr-13,legato,intact,0.0,0.0,10.819778284410283,1.3118752925
streaming/transition3,ewr-13,legato,intact,0.0,0.0,10.819778284410283,1.3118752925
fixed/absolute,ewr-13,legato,intact,0.0,0.0,10.819778284410283,1.3118752925
fixed/present,ewr-13,legato,intact,0.0,0.0,10.819778284410283,1.3118752925
fixed/recency,ewr-13,legato,intact,0.0,0.0,6.907755278982137,1.90245
fixed/reference,ewr-13,legato,intact,0.0,0.0,10.819778284410283,1.3118752925
fixed/transition1,ewr-13,legato,intact,0.0,0.0,10.819778284410283,1.99800098
fixed/transition2,ewr-13,legato,intact,0.0,0.0,10.819778284410283,1.3118752925
fixed/transition3,ewr-13,legato,intact,0.0,0.0,10.819778284410283,1.3118752925
oracle-boundary/absolute,ewr-13,legato,intact,1.0,1.0,0.0009804805139615315,9.800000000392828e-07
oracle-boundary/present,ewr-13,legato,intact,0.0,0.0,10.819778284410283,1.3118752925
oracle-boundary/recency,ewr-13,legato,intact,0.0,0.0,6.907755278982137,1.90245
oracle-boundary/reference,ewr-13,legato,intact,1.0,1.0,0.0009804805139615315,9.800000000392828e-07
oracle-boundary/transition1,ewr-13,legato,intact,0.5,0.0,0.69410764165507,0.50000048
oracle-boundary/transition2,ewr-13,legato,intact,1.0,1.0,0.0009804805139615315,9.800000000392828e-07
oracle-boundary/transition3,ewr-13,legato,intact,1.0,1.0,0.0009804805139615315,9.800000000392828e-07
repaired/absolute,ewr-13,duration,intact,1.0,1.0,0.0009804805139615315,9.800000000392828e-07
repaired/present,ewr-13,duration,intact,0.0,0.0,10.819778284410283,1.3118752925
repaired/recency,ewr-13,duration,intact,0.0,0.0,6.907755278982137,1.90245
repaired/reference,ewr-13,duration,intact,1.0,1.0,0.0009804805139615315,9.800000000392828e-07
repaired/transition1,ewr-13,duration,intact,0.5,0.0,0.6935474448108954,0.49944082124125455
repaired/transition2,ewr-13,duration,intact,1.0,1.0,0.0009804805139615315,9.800000000392828e-07
repaired/transition3,ewr-13,duration,intact,1.0,1.0,0.0009804805139615315,9.800000000392828e-07
streaming/absolute,ewr-13,duration,intact,0.0,0.0,10.819778284410283,1.3118752925
streaming/present,ewr-13,duration,intact,0.0,0.0,10.819778284410283,1.3118752925
streaming/recency,ewr-13,duration,intact,0.0,0.0,6.907755278982137,1.90245
streaming/reference,ewr-13,duration,intact,0.0,0.0,10.819778284410283,1.3118752925
streaming/transition1,ewr-13,duration,intact,0.0,0.0,10.819778284410283,1.6549381362499997
streaming/transition2,ewr-13,duration,intact,0.0,0.0,10.819778284410283,1.3118752925
streaming/transition3,ewr-13,duration,intact,0.0,0.0,10.819778284410283,1.3118752925
fixed/absolute,ewr-13,duration,intact,0.0,0.0,10.819778284410283,1.3118752925
fixed/present,ewr-13,duration,intact,0.0,0.0,10.819778284410283,1.3118752925
fixed/recency,ewr-13,duration,intact,0.0,0.0,6.907755278982137,1.2819812499999999
fixed/reference,ewr-13,duration,intact,0.0,0.0,10.819778284410283,1.3118752925
fixed/transition1,ewr-13,duration,intact,0.0,0.0,10.819778284410283,1.3118752925
fixed/transition2,ewr-13,duration,intact,0.0,0.0,10.819778284410283,1.3118752925
fixed/transition3,ewr-13,duration,intact,0.0,0.0,10.819778284410283,1.3118752925
oracle-boundary/absolute,ewr-13,duration,intact,1.0,1.0,0.0009804805139615315,9.800000000392828e-07
oracle-boundary/present,ewr-13,duration,intact,0.0,0.0,10.819778284410283,1.3118752925
oracle-boundary/recency,ewr-13,duration,intact,0.0,0.0,6.907755278982137,1.90245
oracle-boundary/reference,ewr-13,duration,intact,1.0,1.0,0.0009804805139615315,9.800000000392828e-07
oracle-boundary/transition1,ewr-13,duration,intact,0.5,0.0,0.69410764165507,0.50000048
oracle-boundary/transition2,ewr-13,duration,intact,1.0,1.0,0.0009804805139615315,9.800000000392828e-07
oracle-boundary/transition3,ewr-13,duration,intact,1.0,1.0,0.0009804805139615315,9.800000000392828e-07
repaired/absolute,ewr-13,joint,intact,1.0,1.0,0.0009804805139615315,9.800000000392828e-07
repaired/present,ewr-13,joint,intact,0.0,0.0,10.819778284410283,1.3118752925
repaired/recency,ewr-13,joint,intact,0.0,0.0,6.907755278982137,1.90245
repaired/reference,ewr-13,joint,intact,1.0,1.0,0.0009804805139615315,9.800000000392828e-07
repaired/transition1,ewr-13,joint,intact,1.0,1.0,0.6881577431629811,0.4940563467906425
repaired/transition2,ewr-13,joint,intact,1.0,1.0,0.0009804805139615315,9.800000000392828e-07
repaired/transition3,ewr-13,joint,intact,1.0,1.0,0.0009804805139615315,9.800000000392828e-07
streaming/absolute,ewr-13,joint,intact,0.0,0.0,10.819778284410283,1.3118752925
streaming/present,ewr-13,joint,intact,0.0,0.0,10.819778284410283,1.3118752925
streaming/recency,ewr-13,joint,intact,0.0,0.0,6.907755278982137,1.2819812499999999
streaming/reference,ewr-13,joint,intact,0.0,0.0,10.819778284410283,1.3118752925
streaming/transition1,ewr-13,joint,intact,0.0,0.0,10.819778284410283,1.3118752925
streaming/transition2,ewr-13,joint,intact,0.0,0.0,10.819778284410283,1.3118752925
streaming/transition3,ewr-13,joint,intact,0.0,0.0,10.819778284410283,1.3118752925
fixed/absolute,ewr-13,joint,intact,0.0,0.0,10.819778284410283,1.3118752925
fixed/present,ewr-13,joint,intact,0.0,0.0,10.819778284410283,1.3118752925
fixed/recency,ewr-13,joint,intact,0.0,0.0,6.907755278982137,1.2819812499999999
fixed/reference,ewr-13,joint,intact,0.0,0.0,10.819778284410283,1.3118752925
fixed/transition1,ewr-13,joint,intact,0.0,0.0,10.819778284410283,1.3118752925
fixed/transition2,ewr-13,joint,intact,0.0,0.0,10.819778284410283,1.3118752925
fixed/transition3,ewr-13,joint,intact,0.0,0.0,10.819778284410283,1.3118752925
oracle-boundary/absolute,ewr-13,joint,intact,1.0,1.0,0.0009804805139615315,9.800000000392828e-07
oracle-boundary/present,ewr-13,joint,intact,0.0,0.0,10.819778284410283,1.3118752925
oracle-boundary/recency,ewr-13,joint,intact,0.0,0.0,6.907755278982137,1.90245
oracle-boundary/reference,ewr-13,joint,intact,1.0,1.0,0.0009804805139615315,9.800000000392828e-07
oracle-boundary/transition1,ewr-13,joint,intact,0.5,0.0,0.69410764165507,0.50000048
oracle-boundary/transition2,ewr-13,joint,intact,1.0,1.0,0.0009804805139615315,9.800000000392828e-07
oracle-boundary/transition3,ewr-13,joint,intact,1.0,1.0,0.0009804805139615315,9.800000000392828e-07
repaired/absolute,ewr-13,joint,reset,0.0,0.0,10.819778284410283,1.3118752925
repaired/present,ewr-13,joint,reset,0.0,0.0,10.819778284410283,1.3118752925
repaired/recency,ewr-13,joint,reset,0.0,0.0,6.907755278982137,1.2819812499999999
repaired/reference,ewr-13,joint,reset,0.0,0.0,10.819778284410283,1.3118752925
repaired/transition1,ewr-13,joint,reset,0.0,0.0,10.819778284410283,1.3118752925
repaired/transition2,ewr-13,joint,reset,0.0,0.0,10.819778284410283,1.3118752925
repaired/transition3,ewr-13,joint,reset,0.0,0.0,10.819778284410283,1.3118752925
streaming/absolute,ewr-13,joint,reset,0.0,0.0,10.819778284410283,1.3118752925
streaming/present,ewr-13,joint,reset,0.0,0.0,10.819778284410283,1.3118752925
streaming/recency,ewr-13,joint,reset,0.0,0.0,6.907755278982137,1.2819812499999999
streaming/reference,ewr-13,joint,reset,0.0,0.0,10.819778284410283,1.3118752925
streaming/transition1,ewr-13,joint,reset,0.0,0.0,10.819778284410283,1.3118752925
streaming/transition2,ewr-13,joint,reset,0.0,0.0,10.819778284410283,1.3118752925
streaming/transition3,ewr-13,joint,reset,0.0,0.0,10.819778284410283,1.3118752925
fixed/absolute,ewr-13,joint,reset,0.0,0.0,10.819778284410283,1.3118752925
fixed/present,ewr-13,joint,reset,0.0,0.0,10.819778284410283,1.3118752925
fixed/recency,ewr-13,joint,reset,0.0,0.0,6.907755278982137,1.2819812499999999
fixed/reference,ewr-13,joint,reset,0.0,0.0,10.819778284410283,1.3118752925
fixed/transition1,ewr-13,joint,reset,0.0,0.0,10.819778284410283,1.3118752925
fixed/transition2,ewr-13,joint,reset,0.0,0.0,10.819778284410283,1.3118752925
fixed/transition3,ewr-13,joint,reset,0.0,0.0,10.819778284410283,1.3118752925
oracle-boundary/absolute,ewr-13,joint,reset,0.0,0.0,10.819778284410283,1.3118752925
oracle-boundary/present,ewr-13,joint,reset,0.0,0.0,10.819778284410283,1.3118752925
oracle-boundary/recency,ewr-13,joint,reset,0.0,0.0,6.907755278982137,1.2819812499999999
oracle-boundary/reference,ewr-13,joint,reset,0.0,0.0,10.819778284410283,1.3118752925
oracle-boundary/transition1,ewr-13,joint,reset,0.0,0.0,10.819778284410283,1.3118752925
oracle-boundary/transition2,ewr-13,joint,reset,0.0,0.0,10.819778284410283,1.3118752925
oracle-boundary/transition3,ewr-13,joint,reset,0.0,0.0,10.819778284410283,1.3118752925
repaired/absolute,ewr-13,joint,removal,0.0,0.0,10.819778284410283,1.3118752925
repaired/present,ewr-13,joint,removal,0.0,0.0,10.819778284410283,1.3118752925
repaired/recency,ewr-13,joint,removal,0.0,0.0,6.907755278982137,1.2819812499999999
repaired/reference,ewr-13,joint,removal,0.0,0.0,10.819778284410283,1.3118752925
repaired/transition1,ewr-13,joint,removal,0.0,0.0,10.819778284410283,1.3118752925
repaired/transition2,ewr-13,joint,removal,0.0,0.0,10.819778284410283,1.3118752925
repaired/transition3,ewr-13,joint,removal,0.0,0.0,10.819778284410283,1.3118752925
streaming/absolute,ewr-13,joint,removal,0.0,0.0,10.819778284410283,1.3118752925
streaming/present,ewr-13,joint,removal,0.0,0.0,10.819778284410283,1.3118752925
streaming/recency,ewr-13,joint,removal,0.0,0.0,6.907755278982137,1.2819812499999999
streaming/reference,ewr-13,joint,removal,0.0,0.0,10.819778284410283,1.3118752925
streaming/transition1,ewr-13,joint,removal,0.0,0.0,10.819778284410283,1.3118752925
streaming/transition2,ewr-13,joint,removal,0.0,0.0,10.819778284410283,1.3118752925
streaming/transition3,ewr-13,joint,removal,0.0,0.0,10.819778284410283,1.3118752925
fixed/absolute,ewr-13,joint,removal,0.0,0.0,10.819778284410283,1.3118752925
fixed/present,ewr-13,joint,removal,0.0,0.0,10.819778284410283,1.3118752925
fixed/recency,ewr-13,joint,removal,0.0,0.0,6.907755278982137,1.2819812499999999
fixed/reference,ewr-13,joint,removal,0.0,0.0,10.819778284410283,1.3118752925
fixed/transition1,ewr-13,joint,removal,0.0,0.0,10.819778284410283,1.3118752925
fixed/transition2,ewr-13,joint,removal,0.0,0.0,10.819778284410283,1.3118752925
fixed/transition3,ewr-13,joint,removal,0.0,0.0,10.819778284410283,1.3118752925
oracle-boundary/absolute,ewr-13,joint,removal,0.0,0.0,10.819778284410283,1.3118752925
oracle-boundary/present,ewr-13,joint,removal,0.0,0.0,10.819778284410283,1.3118752925
oracle-boundary/recency,ewr-13,joint,removal,0.0,0.0,6.907755278982137,1.2819812499999999
oracle-boundary/reference,ewr-13,joint,removal,0.0,0.0,10.819778284410283,1.3118752925
oracle-boundary/transition1,ewr-13,joint,removal,0.0,0.0,10.819778284410283,1.3118752925
oracle-boundary/transition2,ewr-13,joint,removal,0.0,0.0,10.819778284410283,1.3118752925
oracle-boundary/transition3,ewr-13,joint,removal,0.0,0.0,10.819778284410283,1.3118752925
repaired/absolute,ewr-13,joint,swap,1.0,1.0,0.0009804805139615315,9.800000000392828e-07
repaired/present,ewr-13,joint,swap,0.0,0.0,10.819778284410283,1.3118752925
repaired/recency,ewr-13,joint,swap,0.0,0.0,6.907755278982137,1.90245
repaired/reference,ewr-13,joint,swap,1.0,1.0,0.0009804805139615315,9.800000000392828e-07
repaired/transition1,ewr-13,joint,swap,1.0,1.0,0.6881577431629811,0.4940563467906425
repaired/transition2,ewr-13,joint,swap,1.0,1.0,0.0009804805139615315,9.800000000392828e-07
repaired/transition3,ewr-13,joint,swap,1.0,1.0,0.0009804805139615315,9.800000000392828e-07
streaming/absolute,ewr-13,joint,swap,0.0,0.0,10.819778284410283,1.3118752925
streaming/present,ewr-13,joint,swap,0.0,0.0,10.819778284410283,1.3118752925
streaming/recency,ewr-13,joint,swap,0.0,0.0,6.907755278982137,1.2819812499999999
streaming/reference,ewr-13,joint,swap,0.0,0.0,10.819778284410283,1.3118752925
streaming/transition1,ewr-13,joint,swap,0.0,0.0,10.819778284410283,1.3118752925
streaming/transition2,ewr-13,joint,swap,0.0,0.0,10.819778284410283,1.3118752925
streaming/transition3,ewr-13,joint,swap,0.0,0.0,10.819778284410283,1.3118752925
fixed/absolute,ewr-13,joint,swap,0.0,0.0,10.819778284410283,1.3118752925
fixed/present,ewr-13,joint,swap,0.0,0.0,10.819778284410283,1.3118752925
fixed/recency,ewr-13,joint,swap,0.0,0.0,6.907755278982137,1.2819812499999999
fixed/reference,ewr-13,joint,swap,0.0,0.0,10.819778284410283,1.3118752925
fixed/transition1,ewr-13,joint,swap,0.0,0.0,10.819778284410283,1.3118752925
fixed/transition2,ewr-13,joint,swap,0.0,0.0,10.819778284410283,1.3118752925
fixed/transition3,ewr-13,joint,swap,0.0,0.0,10.819778284410283,1.3118752925
oracle-boundary/absolute,ewr-13,joint,swap,1.0,1.0,0.0009804805139615315,9.800000000392828e-07
oracle-boundary/present,ewr-13,joint,swap,0.0,0.0,10.819778284410283,1.3118752925
oracle-boundary/recency,ewr-13,joint,swap,0.0,0.0,6.907755278982137,1.90245
oracle-boundary/reference,ewr-13,joint,swap,1.0,1.0,0.0009804805139615315,9.800000000392828e-07
oracle-boundary/transition1,ewr-13,joint,swap,0.5,0.0,0.69410764165507,0.50000048
oracle-boundary/transition2,ewr-13,joint,swap,1.0,1.0,0.0009804805139615315,9.800000000392828e-07
oracle-boundary/transition3,ewr-13,joint,swap,1.0,1.0,0.0009804805139615315,9.800000000392828e-07
repaired/absolute,ewr-13,joint,shuffle,1.0,1.0,0.0009804805139615315,9.800000000392828e-07
repaired/present,ewr-13,joint,shuffle,0.0,0.0,10.819778284410283,1.3118752925
repaired/recency,ewr-13,joint,shuffle,1.0,1.0,0.05024121643674679,0.0024500000000000632
repaired/reference,ewr-13,joint,shuffle,1.0,1.0,0.0009804805139615315,9.800000000392828e-07
repaired/transition1,ewr-13,joint,shuffle,0.0,0.0,0.698490267678481,0.504378861591245
repaired/transition2,ewr-13,joint,shuffle,1.0,1.0,0.0009804805139615315,9.800000000392828e-07
repaired/transition3,ewr-13,joint,shuffle,1.0,1.0,0.0009804805139615315,9.800000000392828e-07
streaming/absolute,ewr-13,joint,shuffle,0.0,0.0,10.819778284410283,1.3118752925
streaming/present,ewr-13,joint,shuffle,0.0,0.0,10.819778284410283,1.3118752925
streaming/recency,ewr-13,joint,shuffle,0.0,0.0,6.907755278982137,1.2819812499999999
streaming/reference,ewr-13,joint,shuffle,0.0,0.0,10.819778284410283,1.3118752925
streaming/transition1,ewr-13,joint,shuffle,0.0,0.0,10.819778284410283,1.3118752925
streaming/transition2,ewr-13,joint,shuffle,0.0,0.0,10.819778284410283,1.3118752925
streaming/transition3,ewr-13,joint,shuffle,0.0,0.0,10.819778284410283,1.3118752925
fixed/absolute,ewr-13,joint,shuffle,0.0,0.0,10.819778284410283,1.3118752925
fixed/present,ewr-13,joint,shuffle,0.0,0.0,10.819778284410283,1.3118752925
fixed/recency,ewr-13,joint,shuffle,0.0,0.0,6.907755278982137,1.2819812499999999
fixed/reference,ewr-13,joint,shuffle,0.0,0.0,10.819778284410283,1.3118752925
fixed/transition1,ewr-13,joint,shuffle,0.0,0.0,10.819778284410283,1.3118752925
fixed/transition2,ewr-13,joint,shuffle,0.0,0.0,10.819778284410283,1.3118752925
fixed/transition3,ewr-13,joint,shuffle,0.0,0.0,10.819778284410283,1.3118752925
oracle-boundary/absolute,ewr-13,joint,shuffle,1.0,1.0,0.0009804805139615315,9.800000000392828e-07
oracle-boundary/present,ewr-13,joint,shuffle,0.0,0.0,10.819778284410283,1.3118752925
oracle-boundary/recency,ewr-13,joint,shuffle,1.0,1.0,0.05024121643674679,0.0024500000000000632
oracle-boundary/reference,ewr-13,joint,shuffle,1.0,1.0,0.0009804805139615315,9.800000000392828e-07
oracle-boundary/transition1,ewr-13,joint,shuffle,0.5,0.0,0.69410764165507,0.50000048
oracle-boundary/transition2,ewr-13,joint,shuffle,1.0,1.0,0.0009804805139615315,9.800000000392828e-07
oracle-boundary/transition3,ewr-13,joint,shuffle,1.0,1.0,0.0009804805139615315,9.800000000392828e-07
repaired/absolute,ewr-13,joint,ambiguous,0.5,0.0,0.6941254483016889,0.5000182521578036
repaired/present,ewr-13,joint,ambiguous,0.0,0.0,10.819778284410283,1.3118752925
repaired/recency,ewr-13,joint,ambiguous,0.5,0.0,3.4789982477094417,0.95245
repaired/reference,ewr-13,joint,ambiguous,0.5,0.0,0.6941106063307487,0.5000034389774612
repaired/transition1,ewr-13,joint,ambiguous,0.5,0.0,0.6941254483016889,0.5000182521578036
repaired/transition2,ewr-13,joint,ambiguous,0.5,0.0,0.6941254483016889,0.5000182521578036
repaired/transition3,ewr-13,joint,ambiguous,0.5,0.0,0.6941254483016889,0.5000182521578036
streaming/absolute,ewr-13,joint,ambiguous,0.0,0.0,10.819778284410283,1.3118752925
streaming/present,ewr-13,joint,ambiguous,0.0,0.0,10.819778284410283,1.3118752925
streaming/recency,ewr-13,joint,ambiguous,0.0,0.0,6.907755278982137,1.2819812499999999
streaming/reference,ewr-13,joint,ambiguous,0.0,0.0,10.819778284410283,1.3118752925
streaming/transition1,ewr-13,joint,ambiguous,0.0,0.0,10.819778284410283,1.3118752925
streaming/transition2,ewr-13,joint,ambiguous,0.0,0.0,10.819778284410283,1.3118752925
streaming/transition3,ewr-13,joint,ambiguous,0.0,0.0,10.819778284410283,1.3118752925
fixed/absolute,ewr-13,joint,ambiguous,0.0,0.0,10.819778284410283,1.3118752925
fixed/present,ewr-13,joint,ambiguous,0.0,0.0,10.819778284410283,1.3118752925
fixed/recency,ewr-13,joint,ambiguous,0.0,0.0,6.907755278982137,1.2819812499999999
fixed/reference,ewr-13,joint,ambiguous,0.0,0.0,10.819778284410283,1.3118752925
fixed/transition1,ewr-13,joint,ambiguous,0.0,0.0,10.819778284410283,1.3118752925
fixed/transition2,ewr-13,joint,ambiguous,0.0,0.0,10.819778284410283,1.3118752925
fixed/transition3,ewr-13,joint,ambiguous,0.0,0.0,10.819778284410283,1.3118752925
oracle-boundary/absolute,ewr-13,joint,ambiguous,0.5,0.0,0.69410764165507,0.50000048
oracle-boundary/present,ewr-13,joint,ambiguous,0.0,0.0,10.819778284410283,1.3118752925
oracle-boundary/recency,ewr-13,joint,ambiguous,0.5,0.0,3.4789982477094417,0.95245
oracle-boundary/reference,ewr-13,joint,ambiguous,0.5,0.0,0.69410764165507,0.50000048
oracle-boundary/transition1,ewr-13,joint,ambiguous,0.5,0.0,0.69410764165507,0.50000048
oracle-boundary/transition2,ewr-13,joint,ambiguous,0.5,0.0,0.69410764165507,0.50000048
oracle-boundary/transition3,ewr-13,joint,ambiguous,0.5,0.0,0.69410764165507,0.50000048
repaired/absolute,ewr-14,detached,intact,1.0,1.0,0.0009804805139615315,9.800000000392828e-07
repaired/present,ewr-14,detached,intact,0.5,0.0,0.9817763680502767,0.5626252924999999
repaired/recency,ewr-14,detached,intact,0.0,0.0,6.907755278982137,1.90245
repaired/reference,ewr-14,detached,intact,1.0,1.0,0.0009804805139615315,9.800000000392828e-07
repaired/transition1,ewr-14,detached,intact,1.0,1.0,0.661341991189285,0.4673141328806877
repaired/transition2,ewr-14,detached,intact,1.0,1.0,0.0009804805139615315,9.800000000392828e-07
repaired/transition3,ewr-14,detached,intact,1.0,1.0,0.0009804805139615315,9.800000000392828e-07
streaming/absolute,ewr-14,detached,intact,0.5,0.0,0.9817763680502767,0.5626252924999999
streaming/present,ewr-14,detached,intact,0.5,0.0,0.9817763680502767,0.5626252924999999
streaming/recency,ewr-14,detached,intact,0.0,0.0,6.907755278982137,1.90245
streaming/reference,ewr-14,detached,intact,1.0,1.0,0.49137842428211903,0.28131313625
streaming/transition1,ewr-14,detached,intact,0.0,0.0,5.90077732623028,1.28031313625
streaming/transition2,ewr-14,detached,intact,0.5,0.0,0.9817763680502767,0.5626252924999999
streaming/transition3,ewr-14,detached,intact,0.5,0.0,0.9817763680502767,0.5626252924999999
fixed/absolute,ewr-14,detached,intact,0.5,0.0,0.9817763680502767,0.5626252924999999
fixed/present,ewr-14,detached,intact,0.5,0.0,0.9817763680502767,0.5626252924999999
fixed/recency,ewr-14,detached,intact,0.0,0.0,6.907755278982137,1.90245
fixed/reference,ewr-14,detached,intact,0.5,0.0,0.9817763680502767,0.5626252924999999
fixed/transition1,ewr-14,detached,intact,0.0,0.0,10.819778284410283,1.7504728560293188
fixed/transition2,ewr-14,detached,intact,0.5,0.0,0.9817763680502767,0.5626252924999999
fixed/transition3,ewr-14,detached,intact,0.5,0.0,0.9817763680502767,0.5626252924999999
oracle-boundary/absolute,ewr-14,detached,intact,1.0,1.0,0.0009804805139615315,9.800000000392828e-07
oracle-boundary/present,ewr-14,detached,intact,0.5,0.0,0.9817763680502767,0.5626252924999999
oracle-boundary/recency,ewr-14,detached,intact,0.0,0.0,6.907755278982137,1.90245
oracle-boundary/reference,ewr-14,detached,intact,1.0,1.0,0.0009804805139615315,9.800000000392828e-07
oracle-boundary/transition1,ewr-14,detached,intact,0.5,0.0,0.69410764165507,0.50000048
oracle-boundary/transition2,ewr-14,detached,intact,1.0,1.0,0.0009804805139615315,9.800000000392828e-07
oracle-boundary/transition3,ewr-14,detached,intact,1.0,1.0,0.0009804805139615315,9.800000000392828e-07
repaired/absolute,ewr-14,legato,intact,1.0,1.0,0.0009804805139615315,9.800000000392828e-07
repaired/present,ewr-14,legato,intact,0.5,0.0,0.9817763680502767,0.5626252924999999
repaired/recency,ewr-14,legato,intact,0.0,0.0,6.907755278982137,1.90245
repaired/reference,ewr-14,legato,intact,1.0,1.0,0.0009804805139615315,9.800000000392828e-07
repaired/transition1,ewr-14,legato,intact,0.5,0.0,0.6940025874082785,0.49989552657495806
repaired/transition2,ewr-14,legato,intact,1.0,1.0,0.0009804805139615315,9.800000000392828e-07
repaired/transition3,ewr-14,legato,intact,1.0,1.0,0.0009804805139615315,9.800000000392828e-07
streaming/absolute,ewr-14,legato,intact,0.5,0.0,0.9817763680502767,0.5626252924999999
streaming/present,ewr-14,legato,intact,0.5,0.0,0.9817763680502767,0.5626252924999999
streaming/recency,ewr-14,legato,intact,0.5,0.0,1.0293194621721604,0.5694812499999999
streaming/reference,ewr-14,legato,intact,0.5,0.0,0.9817763680502767,0.5626252924999999
streaming/transition1,ewr-14,legato,intact,0.5,0.0,0.9817763680502767,0.5626252924999999
streaming/transition2,ewr-14,legato,intact,0.5,0.0,0.9817763680502767,0.5626252924999999
streaming/transition3,ewr-14,legato,intact,0.5,0.0,0.9817763680502767,0.5626252924999999
fixed/absolute,ewr-14,legato,intact,0.5,0.0,0.9817763680502767,0.5626252924999999
fixed/present,ewr-14,legato,intact,0.5,0.0,0.9817763680502767,0.5626252924999999
fixed/recency,ewr-14,legato,intact,0.0,0.0,6.907755278982137,1.90245
fixed/reference,ewr-14,legato,intact,0.5,0.0,0.9817763680502767,0.5626252924999999
fixed/transition1,ewr-14,legato,intact,0.0,0.0,10.819778284410283,1.8515604316843188
fixed/transition2,ewr-14,legato,intact,0.5,0.0,0.9817763680502767,0.5626252924999999
fixed/transition3,ewr-14,legato,intact,0.5,0.0,0.9817763680502767,0.5626252924999999
oracle-boundary/absolute,ewr-14,legato,intact,1.0,1.0,0.0009804805139615315,9.800000000392828e-07
oracle-boundary/present,ewr-14,legato,intact,0.5,0.0,0.9817763680502767,0.5626252924999999
oracle-boundary/recency,ewr-14,legato,intact,0.0,0.0,6.907755278982137,1.90245
oracle-boundary/reference,ewr-14,legato,intact,1.0,1.0,0.0009804805139615315,9.800000000392828e-07
oracle-boundary/transition1,ewr-14,legato,intact,0.5,0.0,0.69410764165507,0.50000048
oracle-boundary/transition2,ewr-14,legato,intact,1.0,1.0,0.0009804805139615315,9.800000000392828e-07
oracle-boundary/transition3,ewr-14,legato,intact,1.0,1.0,0.0009804805139615315,9.800000000392828e-07
repaired/absolute,ewr-14,duration,intact,1.0,1.0,0.0009804805139615315,9.800000000392828e-07
repaired/present,ewr-14,duration,intact,0.5,0.0,0.9817763680502767,0.5626252924999999
repaired/recency,ewr-14,duration,intact,0.0,0.0,6.907755278982137,1.90245
repaired/reference,ewr-14,duration,intact,1.0,1.0,0.0009804805139615315,9.800000000392828e-07
repaired/transition1,ewr-14,duration,intact,0.0,0.0,0.6954031092816566,0.5012947017246934
repaired/transition2,ewr-14,duration,intact,1.0,1.0,0.0009804805139615315,9.800000000392828e-07
repaired/transition3,ewr-14,duration,intact,1.0,1.0,0.0009804805139615315,9.800000000392828e-07
streaming/absolute,ewr-14,duration,intact,0.5,0.0,0.9817763680502767,0.5626252924999999
streaming/present,ewr-14,duration,intact,0.5,0.0,0.9817763680502767,0.5626252924999999
streaming/recency,ewr-14,duration,intact,0.5,0.0,1.0293194621721604,0.5694812499999999
streaming/reference,ewr-14,duration,intact,0.5,0.0,0.9817763680502767,0.5626252924999999
streaming/transition1,ewr-14,duration,intact,0.5,0.0,0.9817763680502767,0.5626252924999999
streaming/transition2,ewr-14,duration,intact,0.5,0.0,0.9817763680502767,0.5626252924999999
streaming/transition3,ewr-14,duration,intact,0.5,0.0,0.9817763680502767,0.5626252924999999
fixed/absolute,ewr-14,duration,intact,0.5,0.0,0.9817763680502767,0.5626252924999999
fixed/present,ewr-14,duration,intact,0.5,0.0,0.9817763680502767,0.5626252924999999
fixed/recency,ewr-14,duration,intact,0.0,0.0,3.9685373705771485,1.235965625
fixed/reference,ewr-14,duration,intact,0.5,0.0,0.9817763680502767,0.5626252924999999
fixed/transition1,ewr-14,duration,intact,0.5,0.0,0.9817763680502767,0.5626252924999999
fixed/transition2,ewr-14,duration,intact,0.5,0.0,0.9817763680502767,0.5626252924999999
fixed/transition3,ewr-14,duration,intact,0.5,0.0,0.9817763680502767,0.5626252924999999
oracle-boundary/absolute,ewr-14,duration,intact,1.0,1.0,0.0009804805139615315,9.800000000392828e-07
oracle-boundary/present,ewr-14,duration,intact,0.5,0.0,0.9817763680502767,0.5626252924999999
oracle-boundary/recency,ewr-14,duration,intact,0.0,0.0,6.907755278982137,1.90245
oracle-boundary/reference,ewr-14,duration,intact,1.0,1.0,0.0009804805139615315,9.800000000392828e-07
oracle-boundary/transition1,ewr-14,duration,intact,0.5,0.0,0.69410764165507,0.50000048
oracle-boundary/transition2,ewr-14,duration,intact,1.0,1.0,0.0009804805139615315,9.800000000392828e-07
oracle-boundary/transition3,ewr-14,duration,intact,1.0,1.0,0.0009804805139615315,9.800000000392828e-07
repaired/absolute,ewr-14,joint,intact,1.0,1.0,0.0009804805139615315,9.800000000392828e-07
repaired/present,ewr-14,joint,intact,0.5,0.0,0.9817763680502767,0.5626252924999999
repaired/recency,ewr-14,joint,intact,0.0,0.0,6.907755278982137,1.90245
repaired/reference,ewr-14,joint,intact,1.0,1.0,0.0009804805139615315,9.800000000392828e-07
repaired/transition1,ewr-14,joint,intact,1.0,1.0,0.6904535089832399,0.4963498655760521
repaired/transition2,ewr-14,joint,intact,1.0,1.0,0.0009804805139615315,9.800000000392828e-07
repaired/transition3,ewr-14,joint,intact,1.0,1.0,0.0009804805139615315,9.800000000392828e-07
streaming/absolute,ewr-14,joint,intact,0.5,0.0,0.9817763680502767,0.5626252924999999
streaming/present,ewr-14,joint,intact,0.5,0.0,0.9817763680502767,0.5626252924999999
streaming/recency,ewr-14,joint,intact,0.5,0.0,1.0293194621721604,0.5694812499999999
streaming/reference,ewr-14,joint,intact,0.5,0.0,0.9817763680502767,0.5626252924999999
streaming/transition1,ewr-14,joint,intact,0.5,0.0,0.9817763680502767,0.5626252924999999
streaming/transition2,ewr-14,joint,intact,0.5,0.0,0.9817763680502767,0.5626252924999999
streaming/transition3,ewr-14,joint,intact,0.5,0.0,0.9817763680502767,0.5626252924999999
fixed/absolute,ewr-14,joint,intact,0.5,0.0,0.9817763680502767,0.5626252924999999
fixed/present,ewr-14,joint,intact,0.5,0.0,0.9817763680502767,0.5626252924999999
fixed/recency,ewr-14,joint,intact,0.5,0.0,1.0293194621721604,0.5694812499999999
fixed/reference,ewr-14,joint,intact,0.5,0.0,0.9817763680502767,0.5626252924999999
fixed/transition1,ewr-14,joint,intact,0.5,0.0,0.9817763680502767,0.5626252924999999
fixed/transition2,ewr-14,joint,intact,0.5,0.0,0.9817763680502767,0.5626252924999999
fixed/transition3,ewr-14,joint,intact,0.5,0.0,0.9817763680502767,0.5626252924999999
oracle-boundary/absolute,ewr-14,joint,intact,1.0,1.0,0.0009804805139615315,9.800000000392828e-07
oracle-boundary/present,ewr-14,joint,intact,0.5,0.0,0.9817763680502767,0.5626252924999999
oracle-boundary/recency,ewr-14,joint,intact,0.0,0.0,6.907755278982137,1.90245
oracle-boundary/reference,ewr-14,joint,intact,1.0,1.0,0.0009804805139615315,9.800000000392828e-07
oracle-boundary/transition1,ewr-14,joint,intact,0.5,0.0,0.69410764165507,0.50000048
oracle-boundary/transition2,ewr-14,joint,intact,1.0,1.0,0.0009804805139615315,9.800000000392828e-07
oracle-boundary/transition3,ewr-14,joint,intact,1.0,1.0,0.0009804805139615315,9.800000000392828e-07
repaired/absolute,ewr-14,joint,reset,0.5,0.0,0.9817763680502767,0.5626252924999999
repaired/present,ewr-14,joint,reset,0.5,0.0,0.9817763680502767,0.5626252924999999
repaired/recency,ewr-14,joint,reset,0.5,0.0,1.0293194621721604,0.5694812499999999
repaired/reference,ewr-14,joint,reset,0.5,0.0,0.9817763680502767,0.5626252924999999
repaired/transition1,ewr-14,joint,reset,0.5,0.0,0.9817763680502767,0.5626252924999999
repaired/transition2,ewr-14,joint,reset,0.5,0.0,0.9817763680502767,0.5626252924999999
repaired/transition3,ewr-14,joint,reset,0.5,0.0,0.9817763680502767,0.5626252924999999
streaming/absolute,ewr-14,joint,reset,0.5,0.0,0.9817763680502767,0.5626252924999999
streaming/present,ewr-14,joint,reset,0.5,0.0,0.9817763680502767,0.5626252924999999
streaming/recency,ewr-14,joint,reset,0.5,0.0,1.0293194621721604,0.5694812499999999
streaming/reference,ewr-14,joint,reset,0.5,0.0,0.9817763680502767,0.5626252924999999
streaming/transition1,ewr-14,joint,reset,0.5,0.0,0.9817763680502767,0.5626252924999999
streaming/transition2,ewr-14,joint,reset,0.5,0.0,0.9817763680502767,0.5626252924999999
streaming/transition3,ewr-14,joint,reset,0.5,0.0,0.9817763680502767,0.5626252924999999
fixed/absolute,ewr-14,joint,reset,0.5,0.0,0.9817763680502767,0.5626252924999999
fixed/present,ewr-14,joint,reset,0.5,0.0,0.9817763680502767,0.5626252924999999
fixed/recency,ewr-14,joint,reset,0.5,0.0,1.0293194621721604,0.5694812499999999
fixed/reference,ewr-14,joint,reset,0.5,0.0,0.9817763680502767,0.5626252924999999
fixed/transition1,ewr-14,joint,reset,0.5,0.0,0.9817763680502767,0.5626252924999999
fixed/transition2,ewr-14,joint,reset,0.5,0.0,0.9817763680502767,0.5626252924999999
fixed/transition3,ewr-14,joint,reset,0.5,0.0,0.9817763680502767,0.5626252924999999
oracle-boundary/absolute,ewr-14,joint,reset,0.5,0.0,0.9817763680502767,0.5626252924999999
oracle-boundary/present,ewr-14,joint,reset,0.5,0.0,0.9817763680502767,0.5626252924999999
oracle-boundary/recency,ewr-14,joint,reset,0.5,0.0,1.0293194621721604,0.5694812499999999
oracle-boundary/reference,ewr-14,joint,reset,0.5,0.0,0.9817763680502767,0.5626252924999999
oracle-boundary/transition1,ewr-14,joint,reset,0.5,0.0,0.9817763680502767,0.5626252924999999
oracle-boundary/transition2,ewr-14,joint,reset,0.5,0.0,0.9817763680502767,0.5626252924999999
oracle-boundary/transition3,ewr-14,joint,reset,0.5,0.0,0.9817763680502767,0.5626252924999999
repaired/absolute,ewr-14,joint,removal,0.5,0.0,0.9817763680502767,0.5626252924999999
repaired/present,ewr-14,joint,removal,0.5,0.0,0.9817763680502767,0.5626252924999999
repaired/recency,ewr-14,joint,removal,0.5,0.0,1.0293194621721604,0.5694812499999999
repaired/reference,ewr-14,joint,removal,0.5,0.0,0.9817763680502767,0.5626252924999999
repaired/transition1,ewr-14,joint,removal,0.5,0.0,0.9817763680502767,0.5626252924999999
repaired/transition2,ewr-14,joint,removal,0.5,0.0,0.9817763680502767,0.5626252924999999
repaired/transition3,ewr-14,joint,removal,0.5,0.0,0.9817763680502767,0.5626252924999999
streaming/absolute,ewr-14,joint,removal,0.5,0.0,0.9817763680502767,0.5626252924999999
streaming/present,ewr-14,joint,removal,0.5,0.0,0.9817763680502767,0.5626252924999999
streaming/recency,ewr-14,joint,removal,0.5,0.0,1.0293194621721604,0.5694812499999999
streaming/reference,ewr-14,joint,removal,0.5,0.0,0.9817763680502767,0.5626252924999999
streaming/transition1,ewr-14,joint,removal,0.5,0.0,0.9817763680502767,0.5626252924999999
streaming/transition2,ewr-14,joint,removal,0.5,0.0,0.9817763680502767,0.5626252924999999
streaming/transition3,ewr-14,joint,removal,0.5,0.0,0.9817763680502767,0.5626252924999999
fixed/absolute,ewr-14,joint,removal,0.5,0.0,0.9817763680502767,0.5626252924999999
fixed/present,ewr-14,joint,removal,0.5,0.0,0.9817763680502767,0.5626252924999999
fixed/recency,ewr-14,joint,removal,0.5,0.0,1.0293194621721604,0.5694812499999999
fixed/reference,ewr-14,joint,removal,0.5,0.0,0.9817763680502767,0.5626252924999999
fixed/transition1,ewr-14,joint,removal,0.5,0.0,0.9817763680502767,0.5626252924999999
fixed/transition2,ewr-14,joint,removal,0.5,0.0,0.9817763680502767,0.5626252924999999
fixed/transition3,ewr-14,joint,removal,0.5,0.0,0.9817763680502767,0.5626252924999999
oracle-boundary/absolute,ewr-14,joint,removal,0.5,0.0,0.9817763680502767,0.5626252924999999
oracle-boundary/present,ewr-14,joint,removal,0.5,0.0,0.9817763680502767,0.5626252924999999
oracle-boundary/recency,ewr-14,joint,removal,0.5,0.0,1.0293194621721604,0.5694812499999999
oracle-boundary/reference,ewr-14,joint,removal,0.5,0.0,0.9817763680502767,0.5626252924999999
oracle-boundary/transition1,ewr-14,joint,removal,0.5,0.0,0.9817763680502767,0.5626252924999999
oracle-boundary/transition2,ewr-14,joint,removal,0.5,0.0,0.9817763680502767,0.5626252924999999
oracle-boundary/transition3,ewr-14,joint,removal,0.5,0.0,0.9817763680502767,0.5626252924999999
repaired/absolute,ewr-14,joint,swap,1.0,1.0,0.0009804805139615315,9.800000000392828e-07
repaired/present,ewr-14,joint,swap,0.5,0.0,0.9817763680502767,0.5626252924999999
repaired/recency,ewr-14,joint,swap,0.0,0.0,6.907755278982137,1.90245
repaired/reference,ewr-14,joint,swap,1.0,1.0,0.0009804805139615315,9.800000000392828e-07
repaired/transition1,ewr-14,joint,swap,1.0,1.0,0.6904535089832399,0.4963498655760521
repaired/transition2,ewr-14,joint,swap,1.0,1.0,0.0009804805139615315,9.800000000392828e-07
repaired/transition3,ewr-14,joint,swap,1.0,1.0,0.0009804805139615315,9.800000000392828e-07
streaming/absolute,ewr-14,joint,swap,0.5,0.0,0.9817763680502767,0.5626252924999999
streaming/present,ewr-14,joint,swap,0.5,0.0,0.9817763680502767,0.5626252924999999
streaming/recency,ewr-14,joint,swap,0.5,0.0,1.0293194621721604,0.5694812499999999
streaming/reference,ewr-14,joint,swap,0.5,0.0,0.9817763680502767,0.5626252924999999
streaming/transition1,ewr-14,joint,swap,0.5,0.0,0.9817763680502767,0.5626252924999999
streaming/transition2,ewr-14,joint,swap,0.5,0.0,0.9817763680502767,0.5626252924999999
streaming/transition3,ewr-14,joint,swap,0.5,0.0,0.9817763680502767,0.5626252924999999
fixed/absolute,ewr-14,joint,swap,0.5,0.0,0.9817763680502767,0.5626252924999999
fixed/present,ewr-14,joint,swap,0.5,0.0,0.9817763680502767,0.5626252924999999
fixed/recency,ewr-14,joint,swap,0.5,0.0,1.0293194621721604,0.5694812499999999
fixed/reference,ewr-14,joint,swap,0.5,0.0,0.9817763680502767,0.5626252924999999
fixed/transition1,ewr-14,joint,swap,0.5,0.0,0.9817763680502767,0.5626252924999999
fixed/transition2,ewr-14,joint,swap,0.5,0.0,0.9817763680502767,0.5626252924999999
fixed/transition3,ewr-14,joint,swap,0.5,0.0,0.9817763680502767,0.5626252924999999
oracle-boundary/absolute,ewr-14,joint,swap,1.0,1.0,0.0009804805139615315,9.800000000392828e-07
oracle-boundary/present,ewr-14,joint,swap,0.5,0.0,0.9817763680502767,0.5626252924999999
oracle-boundary/recency,ewr-14,joint,swap,0.0,0.0,6.907755278982137,1.90245
oracle-boundary/reference,ewr-14,joint,swap,1.0,1.0,0.0009804805139615315,9.800000000392828e-07
oracle-boundary/transition1,ewr-14,joint,swap,0.5,0.0,0.69410764165507,0.50000048
oracle-boundary/transition2,ewr-14,joint,swap,1.0,1.0,0.0009804805139615315,9.800000000392828e-07
oracle-boundary/transition3,ewr-14,joint,swap,1.0,1.0,0.0009804805139615315,9.800000000392828e-07
repaired/absolute,ewr-14,joint,shuffle,1.0,1.0,0.0009804805139615315,9.800000000392828e-07
repaired/present,ewr-14,joint,shuffle,0.5,0.0,0.9817763680502767,0.5626252924999999
repaired/recency,ewr-14,joint,shuffle,1.0,1.0,0.05024121643674679,0.0024500000000000632
repaired/reference,ewr-14,joint,shuffle,1.0,1.0,0.0009804805139615315,9.800000000392828e-07
repaired/transition1,ewr-14,joint,shuffle,0.0,0.0,0.6977753073651962,0.5036646013963859
repaired/transition2,ewr-14,joint,shuffle,1.0,1.0,0.0009804805139615315,9.800000000392828e-07
repaired/transition3,ewr-14,joint,shuffle,1.0,1.0,0.0009804805139615315,9.800000000392828e-07
streaming/absolute,ewr-14,joint,shuffle,0.5,0.0,0.9817763680502767,0.5626252924999999
streaming/present,ewr-14,joint,shuffle,0.5,0.0,0.9817763680502767,0.5626252924999999
streaming/recency,ewr-14,joint,shuffle,0.5,0.0,1.0293194621721604,0.5694812499999999
streaming/reference,ewr-14,joint,shuffle,0.5,0.0,0.9817763680502767,0.5626252924999999
streaming/transition1,ewr-14,joint,shuffle,0.5,0.0,0.9817763680502767,0.5626252924999999
streaming/transition2,ewr-14,joint,shuffle,0.5,0.0,0.9817763680502767,0.5626252924999999
streaming/transition3,ewr-14,joint,shuffle,0.5,0.0,0.9817763680502767,0.5626252924999999
fixed/absolute,ewr-14,joint,shuffle,0.5,0.0,0.9817763680502767,0.5626252924999999
fixed/present,ewr-14,joint,shuffle,0.5,0.0,0.9817763680502767,0.5626252924999999
fixed/recency,ewr-14,joint,shuffle,0.5,0.0,1.0293194621721604,0.5694812499999999
fixed/reference,ewr-14,joint,shuffle,0.5,0.0,0.9817763680502767,0.5626252924999999
fixed/transition1,ewr-14,joint,shuffle,0.5,0.0,0.9817763680502767,0.5626252924999999
fixed/transition2,ewr-14,joint,shuffle,0.5,0.0,0.9817763680502767,0.5626252924999999
fixed/transition3,ewr-14,joint,shuffle,0.5,0.0,0.9817763680502767,0.5626252924999999
oracle-boundary/absolute,ewr-14,joint,shuffle,1.0,1.0,0.0009804805139615315,9.800000000392828e-07
oracle-boundary/present,ewr-14,joint,shuffle,0.5,0.0,0.9817763680502767,0.5626252924999999
oracle-boundary/recency,ewr-14,joint,shuffle,1.0,1.0,0.05024121643674679,0.0024500000000000632
oracle-boundary/reference,ewr-14,joint,shuffle,1.0,1.0,0.0009804805139615315,9.800000000392828e-07
oracle-boundary/transition1,ewr-14,joint,shuffle,0.5,0.0,0.69410764165507,0.50000048
oracle-boundary/transition2,ewr-14,joint,shuffle,1.0,1.0,0.0009804805139615315,9.800000000392828e-07
oracle-boundary/transition3,ewr-14,joint,shuffle,1.0,1.0,0.0009804805139615315,9.800000000392828e-07
repaired/absolute,ewr-14,joint,ambiguous,0.5,0.0,0.6941078123257536,0.500000650343124
repaired/present,ewr-14,joint,ambiguous,0.5,0.0,0.9817763680502767,0.5626252924999999
repaired/recency,ewr-14,joint,ambiguous,0.5,0.0,3.4789982477094417,0.95245
repaired/reference,ewr-14,joint,ambiguous,0.5,0.0,0.694107651249203,0.5000004895757211
repaired/transition1,ewr-14,joint,ambiguous,0.5,0.0,0.694113083728271,0.5000059115998767
repaired/transition2,ewr-14,joint,ambiguous,0.5,0.0,0.6941088447037134,0.5000016807384542
repaired/transition3,ewr-14,joint,ambiguous,0.5,0.0,0.6941078123257536,0.500000650343124
streaming/absolute,ewr-14,joint,ambiguous,0.5,0.0,0.9817763680502767,0.5626252924999999
streaming/present,ewr-14,joint,ambiguous,0.5,0.0,0.9817763680502767,0.5626252924999999
streaming/recency,ewr-14,joint,ambiguous,0.5,0.0,1.0293194621721604,0.5694812499999999
streaming/reference,ewr-14,joint,ambiguous,0.5,0.0,0.9817763680502767,0.5626252924999999
streaming/transition1,ewr-14,joint,ambiguous,0.5,0.0,0.9817763680502767,0.5626252924999999
streaming/transition2,ewr-14,joint,ambiguous,0.5,0.0,0.9817763680502767,0.5626252924999999
streaming/transition3,ewr-14,joint,ambiguous,0.5,0.0,0.9817763680502767,0.5626252924999999
fixed/absolute,ewr-14,joint,ambiguous,0.5,0.0,0.9817763680502767,0.5626252924999999
fixed/present,ewr-14,joint,ambiguous,0.5,0.0,0.9817763680502767,0.5626252924999999
fixed/recency,ewr-14,joint,ambiguous,0.5,0.0,1.0293194621721604,0.5694812499999999
fixed/reference,ewr-14,joint,ambiguous,0.5,0.0,0.9817763680502767,0.5626252924999999
fixed/transition1,ewr-14,joint,ambiguous,0.5,0.0,0.9817763680502767,0.5626252924999999
fixed/transition2,ewr-14,joint,ambiguous,0.5,0.0,0.9817763680502767,0.5626252924999999
fixed/transition3,ewr-14,joint,ambiguous,0.5,0.0,0.9817763680502767,0.5626252924999999
oracle-boundary/absolute,ewr-14,joint,ambiguous,0.5,0.0,0.69410764165507,0.50000048
oracle-boundary/present,ewr-14,joint,ambiguous,0.5,0.0,0.9817763680502767,0.5626252924999999
oracle-boundary/recency,ewr-14,joint,ambiguous,0.5,0.0,3.4789982477094417,0.95245
oracle-boundary/reference,ewr-14,joint,ambiguous,0.5,0.0,0.69410764165507,0.50000048
oracle-boundary/transition1,ewr-14,joint,ambiguous,0.5,0.0,0.69410764165507,0.50000048
oracle-boundary/transition2,ewr-14,joint,ambiguous,0.5,0.0,0.69410764165507,0.50000048
oracle-boundary/transition3,ewr-14,joint,ambiguous,0.5,0.0,0.69410764165507,0.50000048
repaired/absolute,ewr-15,detached,intact,1.0,1.0,0.0009804805139615315,9.800000000392828e-07
repaired/present,ewr-15,detached,intact,0.0,0.0,2.0802818946775288,1.0621252925000002
repaired/recency,ewr-15,detached,intact,1.0,1.0,0.05024121643674679,0.0024500000000000632
repaired/reference,ewr-15,detached,intact,1.0,1.0,0.0009804805139615315,9.800000000392828e-07
repaired/transition1,ewr-15,detached,intact,0.0,0.0,0.694677930113201,0.5005702207636011
repaired/transition2,ewr-15,detached,intact,1.0,1.0,0.0009804805139615315,9.800000000392828e-07
repaired/transition3,ewr-15,detached,intact,1.0,1.0,0.0009804805139615315,9.800000000392828e-07
streaming/absolute,ewr-15,detached,intact,0.0,0.0,2.0802818946775288,1.0621252925000002
streaming/present,ewr-15,detached,intact,0.0,0.0,2.0802818946775288,1.0621252925000002
streaming/recency,ewr-15,detached,intact,1.0,1.0,0.05024121643674679,0.0024500000000000632
streaming/reference,ewr-15,detached,intact,0.5,0.0,1.0406311875957452,0.5310631362500001
streaming/transition1,ewr-15,detached,intact,0.0,0.0,2.0802818946775288,1.0621252925000002
streaming/transition2,ewr-15,detached,intact,0.0,0.0,2.0802818946775288,1.0621252925000002
streaming/transition3,ewr-15,detached,intact,0.0,0.0,2.0802818946775288,1.0621252925000002
fixed/absolute,ewr-15,detached,intact,0.0,0.0,2.0802818946775288,1.0621252925000002
fixed/present,ewr-15,detached,intact,0.0,0.0,2.0802818946775288,1.0621252925000002
fixed/recency,ewr-15,detached,intact,0.0,0.0,6.907755278982137,1.90245
fixed/reference,ewr-15,detached,intact,0.0,0.0,2.0802818946775288,1.0621252925000002
fixed/transition1,ewr-15,detached,intact,0.0,0.0,10.819778284410283,1.4995338888210918
fixed/transition2,ewr-15,detached,intact,0.0,0.0,2.0802818946775288,1.0621252925000002
fixed/transition3,ewr-15,detached,intact,0.0,0.0,2.0802818946775288,1.0621252925000002
oracle-boundary/absolute,ewr-15,detached,intact,1.0,1.0,0.0009804805139615315,9.800000000392828e-07
oracle-boundary/present,ewr-15,detached,intact,0.0,0.0,2.0802818946775288,1.0621252925000002
oracle-boundary/recency,ewr-15,detached,intact,1.0,1.0,0.05024121643674679,0.0024500000000000632
oracle-boundary/reference,ewr-15,detached,intact,1.0,1.0,0.0009804805139615315,9.800000000392828e-07
oracle-boundary/transition1,ewr-15,detached,intact,0.5,0.0,0.6941076416550698,0.5000004800000002
oracle-boundary/transition2,ewr-15,detached,intact,1.0,1.0,0.0009804805139615315,9.800000000392828e-07
oracle-boundary/transition3,ewr-15,detached,intact,1.0,1.0,0.0009804805139615315,9.800000000392828e-07
repaired/absolute,ewr-15,legato,intact,1.0,1.0,0.0009804805139615315,9.800000000392828e-07
repaired/present,ewr-15,legato,intact,0.0,0.0,2.0802818946775288,1.0621252925000002
repaired/recency,ewr-15,legato,intact,1.0,1.0,0.05024121643674679,0.0024500000000000632
repaired/reference,ewr-15,legato,intact,1.0,1.0,0.0009804805139615315,9.800000000392828e-07
repaired/transition1,ewr-15,legato,intact,0.5,0.0,0.6940157165204823,0.49990864293228965
repaired/transition2,ewr-15,legato,intact,1.0,1.0,0.0009804805139615315,9.800000000392828e-07
repaired/transition3,ewr-15,legato,intact,1.0,1.0,0.0009804805139615315,9.800000000392828e-07
streaming/absolute,ewr-15,legato,intact,0.5,0.0,1.040631187595745,0.5310631362500001
streaming/present,ewr-15,legato,intact,0.0,0.0,2.0802818946775288,1.0621252925000002
streaming/recency,ewr-15,legato,intact,0.5,0.0,3.4789982477094417,0.95245
streaming/reference,ewr-15,legato,intact,0.5,0.0,1.040631187595745,0.5310631362500001
streaming/transition1,ewr-15,legato,intact,0.5,0.0,5.410379382462122,0.99900098
streaming/transition2,ewr-15,legato,intact,0.5,0.0,1.040631187595745,0.5310631362500001
streaming/transition3,ewr-15,legato,intact,0.5,0.0,1.040631187595745,0.5310631362500001
fixed/absolute,ewr-15,legato,intact,0.0,0.0,2.0802818946775288,1.0621252925000002
fixed/present,ewr-15,legato,intact,0.0,0.0,2.0802818946775288,1.0621252925000002
fixed/recency,ewr-15,legato,intact,0.0,0.0,6.907755278982137,1.90245
fixed/reference,ewr-15,legato,intact,0.0,0.0,2.0802818946775288,1.0621252925000002
fixed/transition1,ewr-15,legato,intact,0.0,0.0,10.819778284410283,1.694248050226176
fixed/transition2,ewr-15,legato,intact,0.0,0.0,2.0802818946775288,1.0621252925000002
fixed/transition3,ewr-15,legato,intact,0.0,0.0,2.0802818946775288,1.0621252925000002
oracle-boundary/absolute,ewr-15,legato,intact,1.0,1.0,0.0009804805139615315,9.800000000392828e-07
oracle-boundary/present,ewr-15,legato,intact,0.0,0.0,2.0802818946775288,1.0621252925000002
oracle-boundary/recency,ewr-15,legato,intact,1.0,1.0,0.05024121643674679,0.0024500000000000632
oracle-boundary/reference,ewr-15,legato,intact,1.0,1.0,0.0009804805139615315,9.800000000392828e-07
oracle-boundary/transition1,ewr-15,legato,intact,0.5,0.0,0.6941076416550698,0.5000004800000002
oracle-boundary/transition2,ewr-15,legato,intact,1.0,1.0,0.0009804805139615315,9.800000000392828e-07
oracle-boundary/transition3,ewr-15,legato,intact,1.0,1.0,0.0009804805139615315,9.800000000392828e-07
repaired/absolute,ewr-15,duration,intact,1.0,1.0,0.0009804805139615315,9.800000000392828e-07
repaired/present,ewr-15,duration,intact,0.0,0.0,2.0802818946775288,1.0621252925000002
repaired/recency,ewr-15,duration,intact,1.0,1.0,0.05024121643674679,0.0024500000000000632
repaired/reference,ewr-15,duration,intact,1.0,1.0,0.0009804805139615315,9.800000000392828e-07
repaired/transition1,ewr-15,duration,intact,1.0,1.0,0.6908064433440332,0.4967024577757233
repaired/transition2,ewr-15,duration,intact,1.0,1.0,0.0009804805139615315,9.800000000392828e-07
repaired/transition3,ewr-15,duration,intact,1.0,1.0,0.0009804805139615315,9.800000000392828e-07
streaming/absolute,ewr-15,duration,intact,0.0,0.0,2.0802818946775288,1.0621252925000002
streaming/present,ewr-15,duration,intact,0.0,0.0,2.0802818946775288,1.0621252925000002
streaming/recency,ewr-15,duration,intact,0.5,0.0,3.4789982477094417,0.95245
streaming/reference,ewr-15,duration,intact,0.5,0.0,1.040631187595745,0.5310631362500001
streaming/transition1,ewr-15,duration,intact,0.5,0.0,5.410379382462122,0.99900098
streaming/transition2,ewr-15,duration,intact,0.0,0.0,2.0802818946775288,1.0621252925000002
streaming/transition3,ewr-15,duration,intact,0.0,0.0,2.0802818946775288,1.0621252925000002
fixed/absolute,ewr-15,duration,intact,0.0,0.0,2.0802818946775288,1.0621252925000002
fixed/present,ewr-15,duration,intact,0.0,0.0,2.0802818946775288,1.0621252925000002
fixed/recency,ewr-15,duration,intact,0.0,0.0,2.1223490426911127,1.0444812499999996
fixed/reference,ewr-15,duration,intact,0.0,0.0,2.0802818946775288,1.0621252925000002
fixed/transition1,ewr-15,duration,intact,0.0,0.0,2.0802818946775288,1.0621252925000002
fixed/transition2,ewr-15,duration,intact,0.0,0.0,2.0802818946775288,1.0621252925000002
fixed/transition3,ewr-15,duration,intact,0.0,0.0,2.0802818946775288,1.0621252925000002
oracle-boundary/absolute,ewr-15,duration,intact,1.0,1.0,0.0009804805139615315,9.800000000392828e-07
oracle-boundary/present,ewr-15,duration,intact,0.0,0.0,2.0802818946775288,1.0621252925000002
oracle-boundary/recency,ewr-15,duration,intact,1.0,1.0,0.05024121643674679,0.0024500000000000632
oracle-boundary/reference,ewr-15,duration,intact,1.0,1.0,0.0009804805139615315,9.800000000392828e-07
oracle-boundary/transition1,ewr-15,duration,intact,0.5,0.0,0.6941076416550698,0.5000004800000002
oracle-boundary/transition2,ewr-15,duration,intact,1.0,1.0,0.0009804805139615315,9.800000000392828e-07
oracle-boundary/transition3,ewr-15,duration,intact,1.0,1.0,0.0009804805139615315,9.800000000392828e-07
repaired/absolute,ewr-15,joint,intact,1.0,1.0,0.0009804805139615315,9.800000000392828e-07
repaired/present,ewr-15,joint,intact,0.0,0.0,2.0802818946775288,1.0621252925000002
repaired/recency,ewr-15,joint,intact,1.0,1.0,0.05024121643674679,0.0024500000000000632
repaired/reference,ewr-15,joint,intact,1.0,1.0,0.0009804805139615315,9.800000000392828e-07
repaired/transition1,ewr-15,joint,intact,1.0,1.0,0.6805546341887498,0.4864612316412469
repaired/transition2,ewr-15,joint,intact,1.0,1.0,0.0009804805139615315,9.800000000392828e-07
repaired/transition3,ewr-15,joint,intact,1.0,1.0,0.0009804805139615315,9.800000000392828e-07
streaming/absolute,ewr-15,joint,intact,0.0,0.0,2.0802818946775288,1.0621252925000002
streaming/present,ewr-15,joint,intact,0.0,0.0,2.0802818946775288,1.0621252925000002
streaming/recency,ewr-15,joint,intact,0.0,0.0,2.1223490426911127,1.0444812499999996
streaming/reference,ewr-15,joint,intact,0.0,0.0,2.0802818946775288,1.0621252925000002
streaming/transition1,ewr-15,joint,intact,0.0,0.0,2.0802818946775288,1.0621252925000002
streaming/transition2,ewr-15,joint,intact,0.0,0.0,2.0802818946775288,1.0621252925000002
streaming/transition3,ewr-15,joint,intact,0.0,0.0,2.0802818946775288,1.0621252925000002
fixed/absolute,ewr-15,joint,intact,0.0,0.0,2.0802818946775288,1.0621252925000002
fixed/present,ewr-15,joint,intact,0.0,0.0,2.0802818946775288,1.0621252925000002
fixed/recency,ewr-15,joint,intact,0.0,0.0,2.1223490426911127,1.0444812499999996
fixed/reference,ewr-15,joint,intact,0.0,0.0,2.0802818946775288,1.0621252925000002
fixed/transition1,ewr-15,joint,intact,0.0,0.0,2.0802818946775288,1.0621252925000002
fixed/transition2,ewr-15,joint,intact,0.0,0.0,2.0802818946775288,1.0621252925000002
fixed/transition3,ewr-15,joint,intact,0.0,0.0,2.0802818946775288,1.0621252925000002
oracle-boundary/absolute,ewr-15,joint,intact,1.0,1.0,0.0009804805139615315,9.800000000392828e-07
oracle-boundary/present,ewr-15,joint,intact,0.0,0.0,2.0802818946775288,1.0621252925000002
oracle-boundary/recency,ewr-15,joint,intact,1.0,1.0,0.05024121643674679,0.0024500000000000632
oracle-boundary/reference,ewr-15,joint,intact,1.0,1.0,0.0009804805139615315,9.800000000392828e-07
oracle-boundary/transition1,ewr-15,joint,intact,0.5,0.0,0.6941076416550698,0.5000004800000002
oracle-boundary/transition2,ewr-15,joint,intact,1.0,1.0,0.0009804805139615315,9.800000000392828e-07
oracle-boundary/transition3,ewr-15,joint,intact,1.0,1.0,0.0009804805139615315,9.800000000392828e-07
repaired/absolute,ewr-15,joint,reset,0.0,0.0,2.0802818946775288,1.0621252925000002
repaired/present,ewr-15,joint,reset,0.0,0.0,2.0802818946775288,1.0621252925000002
repaired/recency,ewr-15,joint,reset,0.0,0.0,2.1223490426911127,1.0444812499999996
repaired/reference,ewr-15,joint,reset,0.0,0.0,2.0802818946775288,1.0621252925000002
repaired/transition1,ewr-15,joint,reset,0.0,0.0,2.0802818946775288,1.0621252925000002
repaired/transition2,ewr-15,joint,reset,0.0,0.0,2.0802818946775288,1.0621252925000002
repaired/transition3,ewr-15,joint,reset,0.0,0.0,2.0802818946775288,1.0621252925000002
streaming/absolute,ewr-15,joint,reset,0.0,0.0,2.0802818946775288,1.0621252925000002
streaming/present,ewr-15,joint,reset,0.0,0.0,2.0802818946775288,1.0621252925000002
streaming/recency,ewr-15,joint,reset,0.0,0.0,2.1223490426911127,1.0444812499999996
streaming/reference,ewr-15,joint,reset,0.0,0.0,2.0802818946775288,1.0621252925000002
streaming/transition1,ewr-15,joint,reset,0.0,0.0,2.0802818946775288,1.0621252925000002
streaming/transition2,ewr-15,joint,reset,0.0,0.0,2.0802818946775288,1.0621252925000002
streaming/transition3,ewr-15,joint,reset,0.0,0.0,2.0802818946775288,1.0621252925000002
fixed/absolute,ewr-15,joint,reset,0.0,0.0,2.0802818946775288,1.0621252925000002
fixed/present,ewr-15,joint,reset,0.0,0.0,2.0802818946775288,1.0621252925000002
fixed/recency,ewr-15,joint,reset,0.0,0.0,2.1223490426911127,1.0444812499999996
fixed/reference,ewr-15,joint,reset,0.0,0.0,2.0802818946775288,1.0621252925000002
fixed/transition1,ewr-15,joint,reset,0.0,0.0,2.0802818946775288,1.0621252925000002
fixed/transition2,ewr-15,joint,reset,0.0,0.0,2.0802818946775288,1.0621252925000002
fixed/transition3,ewr-15,joint,reset,0.0,0.0,2.0802818946775288,1.0621252925000002
oracle-boundary/absolute,ewr-15,joint,reset,0.0,0.0,2.0802818946775288,1.0621252925000002
oracle-boundary/present,ewr-15,joint,reset,0.0,0.0,2.0802818946775288,1.0621252925000002
oracle-boundary/recency,ewr-15,joint,reset,0.0,0.0,2.1223490426911127,1.0444812499999996
oracle-boundary/reference,ewr-15,joint,reset,0.0,0.0,2.0802818946775288,1.0621252925000002
oracle-boundary/transition1,ewr-15,joint,reset,0.0,0.0,2.0802818946775288,1.0621252925000002
oracle-boundary/transition2,ewr-15,joint,reset,0.0,0.0,2.0802818946775288,1.0621252925000002
oracle-boundary/transition3,ewr-15,joint,reset,0.0,0.0,2.0802818946775288,1.0621252925000002
repaired/absolute,ewr-15,joint,removal,0.0,0.0,2.0802818946775288,1.0621252925000002
repaired/present,ewr-15,joint,removal,0.0,0.0,2.0802818946775288,1.0621252925000002
repaired/recency,ewr-15,joint,removal,0.0,0.0,2.1223490426911127,1.0444812499999996
repaired/reference,ewr-15,joint,removal,0.0,0.0,2.0802818946775288,1.0621252925000002
repaired/transition1,ewr-15,joint,removal,0.0,0.0,2.0802818946775288,1.0621252925000002
repaired/transition2,ewr-15,joint,removal,0.0,0.0,2.0802818946775288,1.0621252925000002
repaired/transition3,ewr-15,joint,removal,0.0,0.0,2.0802818946775288,1.0621252925000002
streaming/absolute,ewr-15,joint,removal,0.0,0.0,2.0802818946775288,1.0621252925000002
streaming/present,ewr-15,joint,removal,0.0,0.0,2.0802818946775288,1.0621252925000002
streaming/recency,ewr-15,joint,removal,0.0,0.0,2.1223490426911127,1.0444812499999996
streaming/reference,ewr-15,joint,removal,0.0,0.0,2.0802818946775288,1.0621252925000002
streaming/transition1,ewr-15,joint,removal,0.0,0.0,2.0802818946775288,1.0621252925000002
streaming/transition2,ewr-15,joint,removal,0.0,0.0,2.0802818946775288,1.0621252925000002
streaming/transition3,ewr-15,joint,removal,0.0,0.0,2.0802818946775288,1.0621252925000002
fixed/absolute,ewr-15,joint,removal,0.0,0.0,2.0802818946775288,1.0621252925000002
fixed/present,ewr-15,joint,removal,0.0,0.0,2.0802818946775288,1.0621252925000002
fixed/recency,ewr-15,joint,removal,0.0,0.0,2.1223490426911127,1.0444812499999996
fixed/reference,ewr-15,joint,removal,0.0,0.0,2.0802818946775288,1.0621252925000002
fixed/transition1,ewr-15,joint,removal,0.0,0.0,2.0802818946775288,1.0621252925000002
fixed/transition2,ewr-15,joint,removal,0.0,0.0,2.0802818946775288,1.0621252925000002
fixed/transition3,ewr-15,joint,removal,0.0,0.0,2.0802818946775288,1.0621252925000002
oracle-boundary/absolute,ewr-15,joint,removal,0.0,0.0,2.0802818946775288,1.0621252925000002
oracle-boundary/present,ewr-15,joint,removal,0.0,0.0,2.0802818946775288,1.0621252925000002
oracle-boundary/recency,ewr-15,joint,removal,0.0,0.0,2.1223490426911127,1.0444812499999996
oracle-boundary/reference,ewr-15,joint,removal,0.0,0.0,2.0802818946775288,1.0621252925000002
oracle-boundary/transition1,ewr-15,joint,removal,0.0,0.0,2.0802818946775288,1.0621252925000002
oracle-boundary/transition2,ewr-15,joint,removal,0.0,0.0,2.0802818946775288,1.0621252925000002
oracle-boundary/transition3,ewr-15,joint,removal,0.0,0.0,2.0802818946775288,1.0621252925000002
repaired/absolute,ewr-15,joint,swap,1.0,1.0,0.0009804805139615315,9.800000000392828e-07
repaired/present,ewr-15,joint,swap,0.0,0.0,2.0802818946775288,1.0621252925000002
repaired/recency,ewr-15,joint,swap,1.0,1.0,0.05024121643674679,0.0024500000000000632
repaired/reference,ewr-15,joint,swap,1.0,1.0,0.0009804805139615315,9.800000000392828e-07
repaired/transition1,ewr-15,joint,swap,1.0,1.0,0.6805546341887498,0.4864612316412469
repaired/transition2,ewr-15,joint,swap,1.0,1.0,0.0009804805139615315,9.800000000392828e-07
repaired/transition3,ewr-15,joint,swap,1.0,1.0,0.0009804805139615315,9.800000000392828e-07
streaming/absolute,ewr-15,joint,swap,0.0,0.0,2.0802818946775288,1.0621252925000002
streaming/present,ewr-15,joint,swap,0.0,0.0,2.0802818946775288,1.0621252925000002
streaming/recency,ewr-15,joint,swap,0.0,0.0,2.1223490426911127,1.0444812499999996
streaming/reference,ewr-15,joint,swap,0.0,0.0,2.0802818946775288,1.0621252925000002
streaming/transition1,ewr-15,joint,swap,0.0,0.0,2.0802818946775288,1.0621252925000002
streaming/transition2,ewr-15,joint,swap,0.0,0.0,2.0802818946775288,1.0621252925000002
streaming/transition3,ewr-15,joint,swap,0.0,0.0,2.0802818946775288,1.0621252925000002
fixed/absolute,ewr-15,joint,swap,0.0,0.0,2.0802818946775288,1.0621252925000002
fixed/present,ewr-15,joint,swap,0.0,0.0,2.0802818946775288,1.0621252925000002
fixed/recency,ewr-15,joint,swap,0.0,0.0,2.1223490426911127,1.0444812499999996
fixed/reference,ewr-15,joint,swap,0.0,0.0,2.0802818946775288,1.0621252925000002
fixed/transition1,ewr-15,joint,swap,0.0,0.0,2.0802818946775288,1.0621252925000002
fixed/transition2,ewr-15,joint,swap,0.0,0.0,2.0802818946775288,1.0621252925000002
fixed/transition3,ewr-15,joint,swap,0.0,0.0,2.0802818946775288,1.0621252925000002
oracle-boundary/absolute,ewr-15,joint,swap,1.0,1.0,0.0009804805139615315,9.800000000392828e-07
oracle-boundary/present,ewr-15,joint,swap,0.0,0.0,2.0802818946775288,1.0621252925000002
oracle-boundary/recency,ewr-15,joint,swap,1.0,1.0,0.05024121643674679,0.0024500000000000632
oracle-boundary/reference,ewr-15,joint,swap,1.0,1.0,0.0009804805139615315,9.800000000392828e-07
oracle-boundary/transition1,ewr-15,joint,swap,0.5,0.0,0.6941076416550698,0.5000004800000002
oracle-boundary/transition2,ewr-15,joint,swap,1.0,1.0,0.0009804805139615315,9.800000000392828e-07
oracle-boundary/transition3,ewr-15,joint,swap,1.0,1.0,0.0009804805139615315,9.800000000392828e-07
repaired/absolute,ewr-15,joint,shuffle,1.0,1.0,0.0009804805139615315,9.800000000392828e-07
repaired/present,ewr-15,joint,shuffle,0.0,0.0,2.0802818946775288,1.0621252925000002
repaired/recency,ewr-15,joint,shuffle,0.0,0.0,6.907755278982137,1.90245
repaired/reference,ewr-15,joint,shuffle,1.0,1.0,0.0009804805139615315,9.800000000392828e-07
repaired/transition1,ewr-15,joint,shuffle,0.0,0.0,0.7078468597360844,0.513725564317828
repaired/transition2,ewr-15,joint,shuffle,1.0,1.0,0.0009804805139615315,9.800000000392828e-07
repaired/transition3,ewr-15,joint,shuffle,1.0,1.0,0.0009804805139615315,9.800000000392828e-07
streaming/absolute,ewr-15,joint,shuffle,0.0,0.0,2.0802818946775288,1.0621252925000002
streaming/present,ewr-15,joint,shuffle,0.0,0.0,2.0802818946775288,1.0621252925000002
streaming/recency,ewr-15,joint,shuffle,0.0,0.0,2.1223490426911127,1.0444812499999996
streaming/reference,ewr-15,joint,shuffle,0.0,0.0,2.0802818946775288,1.0621252925000002
streaming/transition1,ewr-15,joint,shuffle,0.0,0.0,2.0802818946775288,1.0621252925000002
streaming/transition2,ewr-15,joint,shuffle,0.0,0.0,2.0802818946775288,1.0621252925000002
streaming/transition3,ewr-15,joint,shuffle,0.0,0.0,2.0802818946775288,1.0621252925000002
fixed/absolute,ewr-15,joint,shuffle,0.0,0.0,2.0802818946775288,1.0621252925000002
fixed/present,ewr-15,joint,shuffle,0.0,0.0,2.0802818946775288,1.0621252925000002
fixed/recency,ewr-15,joint,shuffle,0.0,0.0,2.1223490426911127,1.0444812499999996
fixed/reference,ewr-15,joint,shuffle,0.0,0.0,2.0802818946775288,1.0621252925000002
fixed/transition1,ewr-15,joint,shuffle,0.0,0.0,2.0802818946775288,1.0621252925000002
fixed/transition2,ewr-15,joint,shuffle,0.0,0.0,2.0802818946775288,1.0621252925000002
fixed/transition3,ewr-15,joint,shuffle,0.0,0.0,2.0802818946775288,1.0621252925000002
oracle-boundary/absolute,ewr-15,joint,shuffle,1.0,1.0,0.0009804805139615315,9.800000000392828e-07
oracle-boundary/present,ewr-15,joint,shuffle,0.0,0.0,2.0802818946775288,1.0621252925000002
oracle-boundary/recency,ewr-15,joint,shuffle,0.0,0.0,6.907755278982137,1.90245
oracle-boundary/reference,ewr-15,joint,shuffle,1.0,1.0,0.0009804805139615315,9.800000000392828e-07
oracle-boundary/transition1,ewr-15,joint,shuffle,0.5,0.0,0.6941076416550698,0.5000004800000002
oracle-boundary/transition2,ewr-15,joint,shuffle,1.0,1.0,0.0009804805139615315,9.800000000392828e-07
oracle-boundary/transition3,ewr-15,joint,shuffle,1.0,1.0,0.0009804805139615315,9.800000000392828e-07
repaired/absolute,ewr-15,joint,ambiguous,0.5,0.0,0.6942007469624172,0.5000933979795374
repaired/present,ewr-15,joint,ambiguous,0.0,0.0,2.0802818946775288,1.0621252925
repaired/recency,ewr-15,joint,ambiguous,0.5,0.0,3.4789982477094417,0.95245
repaired/reference,ewr-15,joint,ambiguous,0.5,0.0,0.6941366060725385,0.5000293879951694
repaired/transition1,ewr-15,joint,ambiguous,0.5,0.0,0.6942007469624172,0.5000933979795374
repaired/transition2,ewr-15,joint,ambiguous,0.5,0.0,0.6942007469624172,0.5000933979795374
repaired/transition3,ewr-15,joint,ambiguous,0.5,0.0,0.6942007469624172,0.5000933979795374
streaming/absolute,ewr-15,joint,ambiguous,0.0,0.0,2.0802818946775288,1.0621252925
streaming/present,ewr-15,joint,ambiguous,0.0,0.0,2.0802818946775288,1.0621252925
streaming/recency,ewr-15,joint,ambiguous,0.0,0.0,2.1223490426911127,1.04448125
streaming/reference,ewr-15,joint,ambiguous,0.0,0.0,2.0802818946775288,1.0621252925
streaming/transition1,ewr-15,joint,ambiguous,0.0,0.0,2.0802818946775288,1.0621252925
streaming/transition2,ewr-15,joint,ambiguous,0.0,0.0,2.0802818946775288,1.0621252925
streaming/transition3,ewr-15,joint,ambiguous,0.0,0.0,2.0802818946775288,1.0621252925
fixed/absolute,ewr-15,joint,ambiguous,0.0,0.0,2.0802818946775288,1.0621252925
fixed/present,ewr-15,joint,ambiguous,0.0,0.0,2.0802818946775288,1.0621252925
fixed/recency,ewr-15,joint,ambiguous,0.0,0.0,2.1223490426911127,1.04448125
fixed/reference,ewr-15,joint,ambiguous,0.0,0.0,2.0802818946775288,1.0621252925
fixed/transition1,ewr-15,joint,ambiguous,0.0,0.0,2.0802818946775288,1.0621252925
fixed/transition2,ewr-15,joint,ambiguous,0.0,0.0,2.0802818946775288,1.0621252925
fixed/transition3,ewr-15,joint,ambiguous,0.0,0.0,2.0802818946775288,1.0621252925
oracle-boundary/absolute,ewr-15,joint,ambiguous,0.5,0.0,0.6941076416550698,0.50000048
oracle-boundary/present,ewr-15,joint,ambiguous,0.0,0.0,2.0802818946775288,1.0621252925
oracle-boundary/recency,ewr-15,joint,ambiguous,0.5,0.0,3.4789982477094417,0.95245
oracle-boundary/reference,ewr-15,joint,ambiguous,0.5,0.0,0.6941076416550698,0.50000048
oracle-boundary/transition1,ewr-15,joint,ambiguous,0.5,0.0,0.6941076416550698,0.50000048
oracle-boundary/transition2,ewr-15,joint,ambiguous,0.5,0.0,0.6941076416550698,0.50000048
oracle-boundary/transition3,ewr-15,joint,ambiguous,0.5,0.0,0.6941076416550698,0.50000048
