model,group,cell,condition,variant,accuracy,log_loss,brier
repaired/absolute,ewr-08,detached,intact,0,1.0,0.0009804805139616427,9.800000000392828e-07
repaired/present,ewr-08,detached,intact,0,1.0,0.9817763680502767,0.5626252924999999
repaired/recency,ewr-08,detached,intact,0,0.0,6.907755278982137,1.90245
repaired/reference,ewr-08,detached,intact,0,1.0,0.0009804805139616427,9.800000000392828e-07
repaired/transition1,ewr-08,detached,intact,0,0.0,0.7477932273177812,0.5535837140411468
repaired/transition2,ewr-08,detached,intact,0,1.0,0.0009804805139616427,9.800000000392828e-07
repaired/transition3,ewr-08,detached,intact,0,1.0,0.0009804805139616427,9.800000000392828e-07
streaming/absolute,ewr-08,detached,intact,0,1.0,0.0009804805139616427,9.800000000392828e-07
streaming/present,ewr-08,detached,intact,0,1.0,0.9817763680502767,0.5626252924999999
streaming/recency,ewr-08,detached,intact,0,0.0,6.907755278982137,1.90245
streaming/reference,ewr-08,detached,intact,0,1.0,0.9817763680502767,0.5626252924999999
streaming/transition1,ewr-08,detached,intact,0,0.0,1.2570006362603836,1.0224902764870638
streaming/transition2,ewr-08,detached,intact,0,1.0,0.0009804805139616427,9.800000000392828e-07
streaming/transition3,ewr-08,detached,intact,0,1.0,0.0009804805139616427,9.800000000392828e-07
fixed/absolute,ewr-08,detached,intact,0,1.0,0.9817763680502767,0.5626252924999999
fixed/present,ewr-08,detached,intact,0,1.0,0.9817763680502767,0.5626252924999999
fixed/recency,ewr-08,detached,intact,0,1.0,1.0293194621721604,0.5694812499999999
fixed/reference,ewr-08,detached,intact,0,1.0,0.9817763680502767,0.5626252924999999
fixed/transition1,ewr-08,detached,intact,0,1.0,0.9817763680502767,0.5626252924999999
fixed/transition2,ewr-08,detached,intact,0,1.0,0.9817763680502767,0.5626252924999999
fixed/transition3,ewr-08,detached,intact,0,1.0,0.9817763680502767,0.5626252924999999
oracle-boundary/absolute,ewr-08,detached,intact,0,1.0,0.0009804805139616427,9.800000000392828e-07
oracle-boundary/present,ewr-08,detached,intact,0,1.0,0.9817763680502767,0.5626252924999999
oracle-boundary/recency,ewr-08,detached,intact,0,0.0,6.907755278982137,1.90245
oracle-boundary/reference,ewr-08,detached,intact,0,1.0,0.0009804805139616427,9.800000000392828e-07
oracle-boundary/transition1,ewr-08,detached,intact,0,1.0,0.69410764165507,0.50000048
oracle-boundary/transition2,ewr-08,detached,intact,0,1.0,0.0009804805139616427,9.800000000392828e-07
oracle-boundary/transition3,ewr-08,detached,intact,0,1.0,0.0009804805139616427,9.800000000392828e-07
repaired/absolute,ewr-08,detached,intact,1,1.0,0.0009804805139614205,9.800000000392828e-07
repaired/present,ewr-08,detached,intact,1,0.0,0.9817763680502767,0.5626252924999999
repaired/recency,ewr-08,detached,intact,1,0.0,6.907755278982137,1.90245
repaired/reference,ewr-08,detached,intact,1,1.0,0.0009804805139614205,9.800000000392828e-07
repaired/transition1,ewr-08,detached,intact,1,1.0,0.3726160168857623,0.19293312475584123
repaired/transition2,ewr-08,detached,intact,1,1.0,0.0009804805139614205,9.800000000392828e-07
repaired/transition3,ewr-08,detached,intact,1,1.0,0.0009804805139614205,9.800000000392828e-07
streaming/absolute,ewr-08,detached,intact,1,1.0,0.0009804805139614205,9.800000000392828e-07
streaming/present,ewr-08,detached,intact,1,0.0,0.9817763680502767,0.5626252924999999
streaming/recency,ewr-08,detached,intact,1,0.0,6.907755278982137,1.90245
streaming/reference,ewr-08,detached,intact,1,1.0,0.0009804805139614205,9.800000000392828e-07
streaming/transition1,ewr-08,detached,intact,1,1.0,0.0009804805139614205,9.800000000392828e-07
streaming/transition2,ewr-08,detached,intact,1,1.0,0.0009804805139614205,9.800000000392828e-07
streaming/transition3,ewr-08,detached,intact,1,1.0,0.0009804805139614205,9.800000000392828e-07
fixed/absolute,ewr-08,detached,intact,1,0.0,0.9817763680502767,0.5626252924999999
fixed/present,ewr-08,detached,intact,1,0.0,0.9817763680502767,0.5626252924999999
fixed/recency,ewr-08,detached,intact,1,0.0,1.0293194621721604,0.5694812499999999
fixed/reference,ewr-08,detached,intact,1,0.0,0.9817763680502767,0.5626252924999999
fixed/transition1,ewr-08,detached,intact,1,0.0,0.9817763680502767,0.5626252924999999
fixed/transition2,ewr-08,detached,intact,1,0.0,0.9817763680502767,0.5626252924999999
fixed/transition3,ewr-08,detached,intact,1,0.0,0.9817763680502767,0.5626252924999999
oracle-boundary/absolute,ewr-08,detached,intact,1,1.0,0.0009804805139614205,9.800000000392828e-07
oracle-boundary/present,ewr-08,detached,intact,1,0.0,0.9817763680502767,0.5626252924999999
oracle-boundary/recency,ewr-08,detached,intact,1,0.0,6.907755278982137,1.90245
oracle-boundary/reference,ewr-08,detached,intact,1,1.0,0.0009804805139614205,9.800000000392828e-07
oracle-boundary/transition1,ewr-08,detached,intact,1,0.0,0.69410764165507,0.50000048
oracle-boundary/transition2,ewr-08,detached,intact,1,1.0,0.0009804805139614205,9.800000000392828e-07
oracle-boundary/transition3,ewr-08,detached,intact,1,1.0,0.0009804805139614205,9.800000000392828e-07
repaired/absolute,ewr-08,legato,intact,0,1.0,0.0009804805139616427,9.800000000392828e-07
repaired/present,ewr-08,legato,intact,0,1.0,0.9817763680502767,0.5626252924999999
repaired/recency,ewr-08,legato,intact,0,0.0,6.907755278982137,1.90245
repaired/reference,ewr-08,legato,intact,0,1.0,0.0009804805139616427,9.800000000392828e-07
repaired/transition1,ewr-08,legato,intact,0,1.0,0.693708155550237,0.4996013773465051
repaired/transition2,ewr-08,legato,intact,0,1.0,0.0009804805139616427,9.800000000392828e-07
repaired/transition3,ewr-08,legato,intact,0,1.0,0.0009804805139616427,9.800000000392828e-07
streaming/absolute,ewr-08,legato,intact,0,1.0,0.9817763680502767,0.5626252924999999
streaming/present,ewr-08,legato,intact,0,1.0,0.9817763680502767,0.5626252924999999
streaming/recency,ewr-08,legato,intact,0,0.0,6.907755278982137,1.90245
streaming/reference,ewr-08,legato,intact,0,1.0,0.9817763680502767,0.5626252924999999
streaming/transition1,ewr-08,legato,intact,0,1.0,0.9817763680502767,0.5626252924999999
streaming/transition2,ewr-08,legato,intact,0,1.0,0.9817763680502767,0.5626252924999999
streaming/transition3,ewr-08,legato,intact,0,1.0,0.9817763680502767,0.5626252924999999
fixed/absolute,ewr-08,legato,intact,0,1.0,0.9817763680502767,0.5626252924999999
fixed/present,ewr-08,legato,intact,0,1.0,0.9817763680502767,0.5626252924999999
fixed/recency,ewr-08,legato,intact,0,1.0,1.0293194621721604,0.5694812499999999
fixed/reference,ewr-08,legato,intact,0,1.0,0.9817763680502767,0.5626252924999999
fixed/transition1,ewr-08,legato,intact,0,1.0,0.9817763680502767,0.5626252924999999
fixed/transition2,ewr-08,legato,intact,0,1.0,0.9817763680502767,0.5626252924999999
fixed/transition3,ewr-08,legato,intact,0,1.0,0.9817763680502767,0.5626252924999999
oracle-boundary/absolute,ewr-08,legato,intact,0,1.0,0.0009804805139616427,9.800000000392828e-07
oracle-boundary/present,ewr-08,legato,intact,0,1.0,0.9817763680502767,0.5626252924999999
oracle-boundary/recency,ewr-08,legato,intact,0,0.0,6.907755278982137,1.90245
oracle-boundary/reference,ewr-08,legato,intact,0,1.0,0.0009804805139616427,9.800000000392828e-07
oracle-boundary/transition1,ewr-08,legato,intact,0,1.0,0.69410764165507,0.50000048
oracle-boundary/transition2,ewr-08,legato,intact,0,1.0,0.0009804805139616427,9.800000000392828e-07
oracle-boundary/transition3,ewr-08,legato,intact,0,1.0,0.0009804805139616427,9.800000000392828e-07
repaired/absolute,ewr-08,legato,intact,1,1.0,0.0009804805139614205,9.800000000392828e-07
repaired/present,ewr-08,legato,intact,1,0.0,0.9817763680502767,0.5626252924999999
repaired/recency,ewr-08,legato,intact,1,0.0,6.907755278982137,1.90245
repaired/reference,ewr-08,legato,intact,1,1.0,0.0009804805139614205,9.800000000392828e-07
repaired/transition1,ewr-08,legato,intact,1,0.0,0.6950099616251627,0.5009019331083582
repaired/transition2,ewr-08,legato,intact,1,1.0,0.0009804805139614205,9.800000000392828e-07
repaired/transition3,ewr-08,legato,intact,1,1.0,0.0009804805139614205,9.800000000392828e-07
streaming/absolute,ewr-08,legato,intact,1,0.0,0.9817763680502767,0.5626252924999999
streaming/present,ewr-08,legato,intact,1,0.0,0.9817763680502767,0.5626252924999999
streaming/recency,ewr-08,legato,intact,1,0.0,1.0293194621721604,0.5694812499999999
streaming/reference,ewr-08,legato,intact,1,0.0,0.9817763680502767,0.5626252924999999
streaming/transition1,ewr-08,legato,intact,1,0.0,0.9817763680502767,0.5626252924999999
streaming/transition2,ewr-08,legato,intact,1,0.0,0.9817763680502767,0.5626252924999999
streaming/transition3,ewr-08,legato,intact,1,0.0,0.9817763680502767,0.5626252924999999
fixed/absolute,ewr-08,legato,intact,1,0.0,0.9817763680502767,0.5626252924999999
fixed/present,ewr-08,legato,intact,1,0.0,0.9817763680502767,0.5626252924999999
fixed/recency,ewr-08,legato,intact,1,0.0,1.0293194621721604,0.5694812499999999
fixed/reference,ewr-08,legato,intact,1,0.0,0.9817763680502767,0.5626252924999999
fixed/transition1,ewr-08,legato,intact,1,0.0,0.9817763680502767,0.5626252924999999
fixed/transition2,ewr-08,legato,intact,1,0.0,0.9817763680502767,0.5626252924999999
fixed/transition3,ewr-08,legato,intact,1,0.0,0.9817763680502767,0.5626252924999999
oracle-boundary/absolute,ewr-08,legato,intact,1,1.0,0.0009804805139614205,9.800000000392828e-07
oracle-boundary/present,ewr-08,legato,intact,1,0.0,0.9817763680502767,0.5626252924999999
oracle-boundary/recency,ewr-08,legato,intact,1,0.0,6.907755278982137,1.90245
oracle-boundary/reference,ewr-08,legato,intact,1,1.0,0.0009804805139614205,9.800000000392828e-07
oracle-boundary/transition1,ewr-08,legato,intact,1,0.0,0.69410764165507,0.50000048
oracle-boundary/transition2,ewr-08,legato,intact,1,1.0,0.0009804805139614205,9.800000000392828e-07
oracle-boundary/transition3,ewr-08,legato,intact,1,1.0,0.0009804805139614205,9.800000000392828e-07
repaired/absolute,ewr-08,duration,intact,0,1.0,0.0009804805139616427,9.800000000392828e-07
repaired/present,ewr-08,duration,intact,0,1.0,0.9817763680502767,0.5626252924999999
repaired/recency,ewr-08,duration,intact,0,0.0,6.907755278982137,1.90245
repaired/reference,ewr-08,duration,intact,0,1.0,0.0009804805139616427,9.800000000392828e-07
repaired/transition1,ewr-08,duration,intact,0,1.0,0.12858436573617818,0.02888724612791882
repaired/transition2,ewr-08,duration,intact,0,1.0,0.0009804805139616427,9.800000000392828e-07
repaired/transition3,ewr-08,duration,intact,0,1.0,0.0009804805139616427,9.800000000392828e-07
streaming/absolute,ewr-08,duration,intact,0,1.0,0.9817763680502767,0.5626252924999999
streaming/present,ewr-08,duration,intact,0,1.0,0.9817763680502767,0.5626252924999999
streaming/recency,ewr-08,duration,intact,0,1.0,1.0293194621721604,0.5694812499999999
streaming/reference,ewr-08,duration,intact,0,1.0,0.9817763680502767,0.5626252924999999
streaming/transition1,ewr-08,duration,intact,0,1.0,0.9817763680502767,0.5626252924999999
streaming/transition2,ewr-08,duration,intact,0,1.0,0.9817763680502767,0.5626252924999999
streaming/transition3,ewr-08,duration,intact,0,1.0,0.9817763680502767,0.5626252924999999
fixed/absolute,ewr-08,duration,intact,0,1.0,0.9817763680502767,0.5626252924999999
fixed/present,ewr-08,duration,intact,0,1.0,0.9817763680502767,0.5626252924999999
fixed/recency,ewr-08,duration,intact,0,0.0,6.907755278982137,1.90245
fixed/reference,ewr-08,duration,intact,0,1.0,0.9817763680502767,0.5626252924999999
fixed/transition1,ewr-08,duration,intact,0,1.0,0.9817763680502767,0.5626252924999999
fixed/transition2,ewr-08,duration,intact,0,1.0,0.9817763680502767,0.5626252924999999
fixed/transition3,ewr-08,duration,intact,0,1.0,0.9817763680502767,0.5626252924999999
oracle-boundary/absolute,ewr-08,duration,intact,0,1.0,0.0009804805139616427,9.800000000392828e-07
oracle-boundary/present,ewr-08,duration,intact,0,1.0,0.9817763680502767,0.5626252924999999
oracle-boundary/recency,ewr-08,duration,intact,0,0.0,6.907755278982137,1.90245
oracle-boundary/reference,ewr-08,duration,intact,0,1.0,0.0009804805139616427,9.800000000392828e-07
oracle-boundary/transition1,ewr-08,duration,intact,0,1.0,0.69410764165507,0.50000048
oracle-boundary/transition2,ewr-08,duration,intact,0,1.0,0.0009804805139616427,9.800000000392828e-07
oracle-boundary/transition3,ewr-08,duration,intact,0,1.0,0.0009804805139616427,9.800000000392828e-07
repaired/absolute,ewr-08,duration,intact,1,1.0,0.0009804805139614205,9.800000000392828e-07
repaired/present,ewr-08,duration,intact,1,0.0,0.9817763680502767,0.5626252924999999
repaired/recency,ewr-08,duration,intact,1,0.0,6.907755278982137,1.90245
repaired/reference,ewr-08,duration,intact,1,1.0,0.0009804805139614205,9.800000000392828e-07
repaired/transition1,ewr-08,duration,intact,1,1.0,0.6834025449068,0.4893060164332954
repaired/transition2,ewr-08,duration,intact,1,1.0,0.0009804805139614205,9.800000000392828e-07
repaired/transition3,ewr-08,duration,intact,1,1.0,0.0009804805139614205,9.800000000392828e-07
streaming/absolute,ewr-08,duration,intact,1,0.0,0.9817763680502767,0.5626252924999999
streaming/present,ewr-08,duration,intact,1,0.0,0.9817763680502767,0.5626252924999999
streaming/recency,ewr-08,duration,intact,1,0.0,1.0293194621721604,0.5694812499999999
streaming/reference,ewr-08,duration,intact,1,0.0,0.9817763680502767,0.5626252924999999
streaming/transition1,ewr-08,duration,intact,1,0.0,0.9817763680502767,0.5626252924999999
streaming/transition2,ewr-08,duration,intact,1,0.0,0.9817763680502767,0.5626252924999999
streaming/transition3,ewr-08,duration,intact,1,0.0,0.9817763680502767,0.5626252924999999
fixed/absolute,ewr-08,duration,intact,1,0.0,0.9817763680502767,0.5626252924999999
fixed/present,ewr-08,duration,intact,1,0.0,0.9817763680502767,0.5626252924999999
fixed/recency,ewr-08,duration,intact,1,0.0,6.907755278982137,1.90245
fixed/reference,ewr-08,duration,intact,1,0.0,0.9817763680502767,0.5626252924999999
fixed/transition1,ewr-08,duration,intact,1,0.0,0.9817763680502767,0.5626252924999999
fixed/transition2,ewr-08,duration,intact,1,0.0,0.9817763680502767,0.5626252924999999
fixed/transition3,ewr-08,duration,intact,1,0.0,0.9817763680502767,0.5626252924999999
oracle-boundary/absolute,ewr-08,duration,intact,1,1.0,0.0009804805139614205,9.800000000392828e-07
oracle-boundary/present,ewr-08,duration,intact,1,0.0,0.9817763680502767,0.5626252924999999
oracle-boundary/recency,ewr-08,duration,intact,1,0.0,6.907755278982137,1.90245
oracle-boundary/reference,ewr-08,duration,intact,1,1.0,0.0009804805139614205,9.800000000392828e-07
oracle-boundary/transition1,ewr-08,duration,intact,1,0.0,0.69410764165507,0.50000048
oracle-boundary/transition2,ewr-08,duration,intact,1,1.0,0.0009804805139614205,9.800000000392828e-07
oracle-boundary/transition3,ewr-08,duration,intact,1,1.0,0.0009804805139614205,9.800000000392828e-07
repaired/absolute,ewr-08,joint,intact,0,1.0,0.0009804805139616427,9.800000000392828e-07
repaired/present,ewr-08,joint,intact,0,1.0,0.9817763680502767,0.5626252924999999
repaired/recency,ewr-08,joint,intact,0,0.0,6.907755278982137,1.90245
repaired/reference,ewr-08,joint,intact,0,1.0,0.0009804805139616427,9.800000000392828e-07
repaired/transition1,ewr-08,joint,intact,0,1.0,0.1301949219098807,0.02957151456639262
repaired/transition2,ewr-08,joint,intact,0,1.0,0.0009804805139616427,9.800000000392828e-07
repaired/transition3,ewr-08,joint,intact,0,1.0,0.0009804805139616427,9.800000000392828e-07
streaming/absolute,ewr-08,joint,intact,0,1.0,0.9817763680502767,0.5626252924999999
streaming/present,ewr-08,joint,intact,0,1.0,0.9817763680502767,0.5626252924999999
streaming/recency,ewr-08,joint,intact,0,1.0,1.0293194621721604,0.5694812499999999
streaming/reference,ewr-08,joint,intact,0,1.0,0.9817763680502767,0.5626252924999999
streaming/transition1,ewr-08,joint,intact,0,1.0,0.9817763680502767,0.5626252924999999
streaming/transition2,ewr-08,joint,intact,0,1.0,0.9817763680502767,0.5626252924999999
streaming/transition3,ewr-08,joint,intact,0,1.0,0.9817763680502767,0.5626252924999999
fixed/absolute,ewr-08,joint,intact,0,1.0,0.9817763680502767,0.5626252924999999
fixed/present,ewr-08,joint,intact,0,1.0,0.9817763680502767,0.5626252924999999
fixed/recency,ewr-08,joint,intact,0,0.0,6.907755278982137,1.90245
fixed/reference,ewr-08,joint,intact,0,1.0,0.9817763680502767,0.5626252924999999
fixed/transition1,ewr-08,joint,intact,0,0.0,10.819778284410283,1.99800098
fixed/transition2,ewr-08,joint,intact,0,1.0,0.9817763680502767,0.5626252924999999
fixed/transition3,ewr-08,joint,intact,0,1.0,0.9817763680502767,0.5626252924999999
oracle-boundary/absolute,ewr-08,joint,intact,0,1.0,0.0009804805139616427,9.800000000392828e-07
oracle-boundary/present,ewr-08,joint,intact,0,1.0,0.9817763680502767,0.5626252924999999
oracle-boundary/recency,ewr-08,joint,intact,0,0.0,6.907755278982137,1.90245
oracle-boundary/reference,ewr-08,joint,intact,0,1.0,0.0009804805139616427,9.800000000392828e-07
oracle-boundary/transition1,ewr-08,joint,intact,0,1.0,0.69410764165507,0.50000048
oracle-boundary/transition2,ewr-08,joint,intact,0,1.0,0.0009804805139616427,9.800000000392828e-07
oracle-boundary/transition3,ewr-08,joint,intact,0,1.0,0.0009804805139616427,9.800000000392828e-07
repaired/absolute,ewr-08,joint,intact,1,1.0,0.0009804805139614205,9.800000000392828e-07
repaired/present,ewr-08,joint,intact,1,0.0,0.9817763680502767,0.5626252924999999
repaired/recency,ewr-08,joint,intact,1,0.0,6.907755278982137,1.90245
repaired/reference,ewr-08,joint,intact,1,1.0,0.0009804805139614205,9.800000000392828e-07
repaired/transition1,ewr-08,joint,intact,1,1.0,0.6900352263261598,0.49593198876468625
repaired/transition2,ewr-08,joint,intact,1,1.0,0.0009804805139614205,9.800000000392828e-07
repaired/transition3,ewr-08,joint,intact,1,1.0,0.0009804805139614205,9.800000000392828e-07
streaming/absolute,ewr-08,joint,intact,1,0.0,0.9817763680502767,0.5626252924999999
streaming/present,ewr-08,joint,intact,1,0.0,0.9817763680502767,0.5626252924999999
streaming/recency,ewr-08,joint,intact,1,0.0,1.0293194621721604,0.5694812499999999
streaming/reference,ewr-08,joint,intact,1,0.0,0.9817763680502767,0.5626252924999999
streaming/transition1,ewr-08,joint,intact,1,0.0,0.9817763680502767,0.5626252924999999
streaming/transition2,ewr-08,joint,intact,1,0.0,0.9817763680502767,0.5626252924999999
streaming/transition3,ewr-08,joint,intact,1,0.0,0.9817763680502767,0.5626252924999999
fixed/absolute,ewr-08,joint,intact,1,0.0,0.9817763680502767,0.5626252924999999
fixed/present,ewr-08,joint,intact,1,0.0,0.9817763680502767,0.5626252924999999
fixed/recency,ewr-08,joint,intact,1,0.0,6.907755278982137,1.90245
fixed/reference,ewr-08,joint,intact,1,0.0,0.9817763680502767,0.5626252924999999
fixed/transition1,ewr-08,joint,intact,1,0.0,10.819778284410283,1.99800098
fixed/transition2,ewr-08,joint,intact,1,0.0,0.9817763680502767,0.5626252924999999
fixed/transition3,ewr-08,joint,intact,1,0.0,0.9817763680502767,0.5626252924999999
oracle-boundary/absolute,ewr-08,joint,intact,1,1.0,0.0009804805139614205,9.800000000392828e-07
oracle-boundary/present,ewr-08,joint,intact,1,0.0,0.9817763680502767,0.5626252924999999
oracle-boundary/recency,ewr-08,joint,intact,1,0.0,6.907755278982137,1.90245
oracle-boundary/reference,ewr-08,joint,intact,1,1.0,0.0009804805139614205,9.800000000392828e-07
oracle-boundary/transition1,ewr-08,joint,intact,1,0.0,0.69410764165507,0.50000048
oracle-boundary/transition2,ewr-08,joint,intact,1,1.0,0.0009804805139614205,9.800000000392828e-07
oracle-boundary/transition3,ewr-08,joint,intact,1,1.0,0.0009804805139614205,9.800000000392828e-07
repaired/absolute,ewr-08,joint,reset,0,1.0,0.9817763680502767,0.5626252924999999
repaired/present,ewr-08,joint,reset,0,1.0,0.9817763680502767,0.5626252924999999
repaired/recency,ewr-08,joint,reset,0,1.0,1.0293194621721604,0.5694812499999999
repaired/reference,ewr-08,joint,reset,0,1.0,0.9817763680502767,0.5626252924999999
repaired/transition1,ewr-08,joint,reset,0,1.0,0.9817763680502767,0.5626252924999999
repaired/transition2,ewr-08,joint,reset,0,1.0,0.9817763680502767,0.5626252924999999
repaired/transition3,ewr-08,joint,reset,0,1.0,0.9817763680502767,0.5626252924999999
streaming/absolute,ewr-08,joint,reset,0,1.0,0.9817763680502767,0.5626252924999999
streaming/present,ewr-08,joint,reset,0,1.0,0.9817763680502767,0.5626252924999999
streaming/recency,ewr-08,joint,reset,0,1.0,1.0293194621721604,0.5694812499999999
streaming/reference,ewr-08,joint,reset,0,1.0,0.9817763680502767,0.5626252924999999
streaming/transition1,ewr-08,joint,reset,0,1.0,0.9817763680502767,0.5626252924999999
streaming/transition2,ewr-08,joint,reset,0,1.0,0.9817763680502767,0.5626252924999999
streaming/transition3,ewr-08,joint,reset,0,1.0,0.9817763680502767,0.5626252924999999
fixed/absolute,ewr-08,joint,reset,0,1.0,0.9817763680502767,0.5626252924999999
fixed/present,ewr-08,joint,reset,0,1.0,0.9817763680502767,0.5626252924999999
fixed/recency,ewr-08,joint,reset,0,0.0,6.907755278982137,1.90245
fixed/reference,ewr-08,joint,reset,0,1.0,0.9817763680502767,0.5626252924999999
fixed/transition1,ewr-08,joint,reset,0,0.0,10.819778284410283,1.99800098
fixed/transition2,ewr-08,joint,reset,0,1.0,0.9817763680502767,0.5626252924999999
fixed/transition3,ewr-08,joint,reset,0,1.0,0.9817763680502767,0.5626252924999999
oracle-boundary/absolute,ewr-08,joint,reset,0,1.0,0.9817763680502767,0.5626252924999999
oracle-boundary/present,ewr-08,joint,reset,0,1.0,0.9817763680502767,0.5626252924999999
oracle-boundary/recency,ewr-08,joint,reset,0,1.0,1.0293194621721604,0.5694812499999999
oracle-boundary/reference,ewr-08,joint,reset,0,1.0,0.9817763680502767,0.5626252924999999
oracle-boundary/transition1,ewr-08,joint,reset,0,1.0,0.9817763680502767,0.5626252924999999
oracle-boundary/transition2,ewr-08,joint,reset,0,1.0,0.9817763680502767,0.5626252924999999
oracle-boundary/transition3,ewr-08,joint,reset,0,1.0,0.9817763680502767,0.5626252924999999
repaired/absolute,ewr-08,joint,reset,1,0.0,0.9817763680502767,0.5626252924999999
repaired/present,ewr-08,joint,reset,1,0.0,0.9817763680502767,0.5626252924999999
repaired/recency,ewr-08,joint,reset,1,0.0,1.0293194621721604,0.5694812499999999
repaired/reference,ewr-08,joint,reset,1,0.0,0.9817763680502767,0.5626252924999999
repaired/transition1,ewr-08,joint,reset,1,0.0,0.9817763680502767,0.5626252924999999
repaired/transition2,ewr-08,joint,reset,1,0.0,0.9817763680502767,0.5626252924999999
repaired/transition3,ewr-08,joint,reset,1,0.0,0.9817763680502767,0.5626252924999999
streaming/absolute,ewr-08,joint,reset,1,0.0,0.9817763680502767,0.5626252924999999
streaming/present,ewr-08,joint,reset,1,0.0,0.9817763680502767,0.5626252924999999
streaming/recency,ewr-08,joint,reset,1,0.0,1.0293194621721604,0.5694812499999999
streaming/reference,ewr-08,joint,reset,1,0.0,0.9817763680502767,0.5626252924999999
streaming/transition1,ewr-08,joint,reset,1,0.0,0.9817763680502767,0.5626252924999999
streaming/transition2,ewr-08,joint,reset,1,0.0,0.9817763680502767,0.5626252924999999
streaming/transition3,ewr-08,joint,reset,1,0.0,0.9817763680502767,0.5626252924999999
fixed/absolute,ewr-08,joint,reset,1,0.0,0.9817763680502767,0.5626252924999999
fixed/present,ewr-08,joint,reset,1,0.0,0.9817763680502767,0.5626252924999999
fixed/recency,ewr-08,joint,reset,1,0.0,6.907755278982137,1.90245
fixed/reference,ewr-08,joint,reset,1,0.0,0.9817763680502767,0.5626252924999999
fixed/transition1,ewr-08,joint,reset,1,0.0,10.819778284410283,1.99800098
fixed/transition2,ewr-08,joint,reset,1,0.0,0.9817763680502767,0.5626252924999999
fixed/transition3,ewr-08,joint,reset,1,0.0,0.9817763680502767,0.5626252924999999
oracle-boundary/absolute,ewr-08,joint,reset,1,0.0,0.9817763680502767,0.5626252924999999
oracle-boundary/present,ewr-08,joint,reset,1,0.0,0.9817763680502767,0.5626252924999999
oracle-boundary/recency,ewr-08,joint,reset,1,0.0,1.0293194621721604,0.5694812499999999
oracle-boundary/reference,ewr-08,joint,reset,1,0.0,0.9817763680502767,0.5626252924999999
oracle-boundary/transition1,ewr-08,joint,reset,1,0.0,0.9817763680502767,0.5626252924999999
oracle-boundary/transition2,ewr-08,joint,reset,1,0.0,0.9817763680502767,0.5626252924999999
oracle-boundary/transition3,ewr-08,joint,reset,1,0.0,0.9817763680502767,0.5626252924999999
repaired/absolute,ewr-08,joint,removal,0,1.0,0.9817763680502767,0.5626252924999999
repaired/present,ewr-08,joint,removal,0,1.0,0.9817763680502767,0.5626252924999999
repaired/recency,ewr-08,joint,removal,0,1.0,1.0293194621721604,0.5694812499999999
repaired/reference,ewr-08,joint,removal,0,1.0,0.9817763680502767,0.5626252924999999
repaired/transition1,ewr-08,joint,removal,0,1.0,0.9817763680502767,0.5626252924999999
repaired/transition2,ewr-08,joint,removal,0,1.0,0.9817763680502767,0.5626252924999999
repaired/transition3,ewr-08,joint,removal,0,1.0,0.9817763680502767,0.5626252924999999
streaming/absolute,ewr-08,joint,removal,0,1.0,0.9817763680502767,0.5626252924999999
streaming/present,ewr-08,joint,removal,0,1.0,0.9817763680502767,0.5626252924999999
streaming/recency,ewr-08,joint,removal,0,1.0,1.0293194621721604,0.5694812499999999
streaming/reference,ewr-08,joint,removal,0,1.0,0.9817763680502767,0.5626252924999999
streaming/transition1,ewr-08,joint,removal,0,1.0,0.9817763680502767,0.5626252924999999
streaming/transition2,ewr-08,joint,removal,0,1.0,0.9817763680502767,0.5626252924999999
streaming/transition3,ewr-08,joint,removal,0,1.0,0.9817763680502767,0.5626252924999999
fixed/absolute,ewr-08,joint,removal,0,1.0,0.9817763680502767,0.5626252924999999
fixed/present,ewr-08,joint,removal,0,1.0,0.9817763680502767,0.5626252924999999
fixed/recency,ewr-08,joint,removal,0,0.0,6.907755278982137,1.90245
fixed/reference,ewr-08,joint,removal,0,1.0,0.9817763680502767,0.5626252924999999
fixed/transition1,ewr-08,joint,removal,0,0.0,10.819778284410283,1.99800098
fixed/transition2,ewr-08,joint,removal,0,1.0,0.9817763680502767,0.5626252924999999
fixed/transition3,ewr-08,joint,removal,0,1.0,0.9817763680502767,0.5626252924999999
oracle-boundary/absolute,ewr-08,joint,removal,0,1.0,0.9817763680502767,0.5626252924999999
oracle-boundary/present,ewr-08,joint,removal,0,1.0,0.9817763680502767,0.5626252924999999
oracle-boundary/recency,ewr-08,joint,removal,0,1.0,1.0293194621721604,0.5694812499999999
oracle-boundary/reference,ewr-08,joint,removal,0,1.0,0.9817763680502767,0.5626252924999999
oracle-boundary/transition1,ewr-08,joint,removal,0,1.0,0.9817763680502767,0.5626252924999999
oracle-boundary/transition2,ewr-08,joint,removal,0,1.0,0.9817763680502767,0.5626252924999999
oracle-boundary/transition3,ewr-08,joint,removal,0,1.0,0.9817763680502767,0.5626252924999999
repaired/absolute,ewr-08,joint,removal,1,0.0,0.9817763680502767,0.5626252924999999
repaired/present,ewr-08,joint,removal,1,0.0,0.9817763680502767,0.5626252924999999
repaired/recency,ewr-08,joint,removal,1,0.0,1.0293194621721604,0.5694812499999999
repaired/reference,ewr-08,joint,removal,1,0.0,0.9817763680502767,0.5626252924999999
repaired/transition1,ewr-08,joint,removal,1,0.0,0.9817763680502767,0.5626252924999999
repaired/transition2,ewr-08,joint,removal,1,0.0,0.9817763680502767,0.5626252924999999
repaired/transition3,ewr-08,joint,removal,1,0.0,0.9817763680502767,0.5626252924999999
streaming/absolute,ewr-08,joint,removal,1,0.0,0.9817763680502767,0.5626252924999999
streaming/present,ewr-08,joint,removal,1,0.0,0.9817763680502767,0.5626252924999999
streaming/recency,ewr-08,joint,removal,1,0.0,1.0293194621721604,0.5694812499999999
streaming/reference,ewr-08,joint,removal,1,0.0,0.9817763680502767,0.5626252924999999
streaming/transition1,ewr-08,joint,removal,1,0.0,0.9817763680502767,0.5626252924999999
streaming/transition2,ewr-08,joint,removal,1,0.0,0.9817763680502767,0.5626252924999999
streaming/transition3,ewr-08,joint,removal,1,0.0,0.9817763680502767,0.5626252924999999
fixed/absolute,ewr-08,joint,removal,1,0.0,0.9817763680502767,0.5626252924999999
fixed/present,ewr-08,joint,removal,1,0.0,0.9817763680502767,0.5626252924999999
fixed/recency,ewr-08,joint,removal,1,0.0,6.907755278982137,1.90245
fixed/reference,ewr-08,joint,removal,1,0.0,0.9817763680502767,0.5626252924999999
fixed/transition1,ewr-08,joint,removal,1,0.0,10.819778284410283,1.99800098
fixed/transition2,ewr-08,joint,removal,1,0.0,0.9817763680502767,0.5626252924999999
fixed/transition3,ewr-08,joint,removal,1,0.0,0.9817763680502767,0.5626252924999999
oracle-boundary/absolute,ewr-08,joint,removal,1,0.0,0.9817763680502767,0.5626252924999999
oracle-boundary/present,ewr-08,joint,removal,1,0.0,0.9817763680502767,0.5626252924999999
oracle-boundary/recency,ewr-08,joint,removal,1,0.0,1.0293194621721604,0.5694812499999999
oracle-boundary/reference,ewr-08,joint,removal,1,0.0,0.9817763680502767,0.5626252924999999
oracle-boundary/transition1,ewr-08,joint,removal,1,0.0,0.9817763680502767,0.5626252924999999
oracle-boundary/transition2,ewr-08,joint,removal,1,0.0,0.9817763680502767,0.5626252924999999
oracle-boundary/transition3,ewr-08,joint,removal,1,0.0,0.9817763680502767,0.5626252924999999
repaired/absolute,ewr-08,joint,swap,0,1.0,0.0009804805139614205,9.800000000392828e-07
repaired/present,ewr-08,joint,swap,0,0.0,0.9817763680502767,0.5626252924999999
repaired/recency,ewr-08,joint,swap,0,0.0,6.907755278982137,1.90245
repaired/reference,ewr-08,joint,swap,0,1.0,0.0009804805139614205,9.800000000392828e-07
repaired/transition1,ewr-08,joint,swap,0,1.0,0.6900352263261598,0.49593198876468625
repaired/transition2,ewr-08,joint,swap,0,1.0,0.0009804805139614205,9.800000000392828e-07
repaired/transition3,ewr-08,joint,swap,0,1.0,0.0009804805139614205,9.800000000392828e-07
streaming/absolute,ewr-08,joint,swap,0,0.0,0.9817763680502767,0.5626252924999999
streaming/present,ewr-08,joint,swap,0,0.0,0.9817763680502767,0.5626252924999999
streaming/recency,ewr-08,joint,swap,0,0.0,1.0293194621721604,0.5694812499999999
streaming/reference,ewr-08,joint,swap,0,0.0,0.9817763680502767,0.5626252924999999
streaming/transition1,ewr-08,joint,swap,0,0.0,0.9817763680502767,0.5626252924999999
streaming/transition2,ewr-08,joint,swap,0,0.0,0.9817763680502767,0.5626252924999999
streaming/transition3,ewr-08,joint,swap,0,0.0,0.9817763680502767,0.5626252924999999
fixed/absolute,ewr-08,joint,swap,0,0.0,0.9817763680502767,0.5626252924999999
fixed/present,ewr-08,joint,swap,0,0.0,0.9817763680502767,0.5626252924999999
fixed/recency,ewr-08,joint,swap,0,0.0,6.907755278982137,1.90245
fixed/reference,ewr-08,joint,swap,0,0.0,0.9817763680502767,0.5626252924999999
fixed/transition1,ewr-08,joint,swap,0,0.0,10.819778284410283,1.99800098
fixed/transition2,ewr-08,joint,swap,0,0.0,0.9817763680502767,0.5626252924999999
fixed/transition3,ewr-08,joint,swap,0,0.0,0.9817763680502767,0.5626252924999999
oracle-boundary/absolute,ewr-08,joint,swap,0,1.0,0.0009804805139614205,9.800000000392828e-07
oracle-boundary/present,ewr-08,joint,swap,0,0.0,0.9817763680502767,0.5626252924999999
oracle-boundary/recency,ewr-08,joint,swap,0,0.0,6.907755278982137,1.90245
oracle-boundary/reference,ewr-08,joint,swap,0,1.0,0.0009804805139614205,9.800000000392828e-07
oracle-boundary/transition1,ewr-08,joint,swap,0,0.0,0.69410764165507,0.50000048
oracle-boundary/transition2,ewr-08,joint,swap,0,1.0,0.0009804805139614205,9.800000000392828e-07
oracle-boundary/transition3,ewr-08,joint,swap,0,1.0,0.0009804805139614205,9.800000000392828e-07
repaired/absolute,ewr-08,joint,swap,1,1.0,0.0009804805139616427,9.800000000392828e-07
repaired/present,ewr-08,joint,swap,1,1.0,0.9817763680502767,0.5626252924999999
repaired/recency,ewr-08,joint,swap,1,0.0,6.907755278982137,1.90245
repaired/reference,ewr-08,joint,swap,1,1.0,0.0009804805139616427,9.800000000392828e-07
repaired/transition1,ewr-08,joint,swap,1,1.0,0.1301949219098807,0.02957151456639262
repaired/transition2,ewr-08,joint,swap,1,1.0,0.0009804805139616427,9.800000000392828e-07
repaired/transition3,ewr-08,joint,swap,1,1.0,0.0009804805139616427,9.800000000392828e-07
streaming/absolute,ewr-08,joint,swap,1,1.0,0.9817763680502767,0.5626252924999999
streaming/present,ewr-08,joint,swap,1,1.0,0.9817763680502767,0.5626252924999999
streaming/recency,ewr-08,joint,swap,1,1.0,1.0293194621721604,0.5694812499999999
streaming/reference,ewr-08,joint,swap,1,1.0,0.9817763680502767,0.5626252924999999
streaming/transition1,ewr-08,joint,swap,1,1.0,0.9817763680502767,0.5626252924999999
streaming/transition2,ewr-08,joint,swap,1,1.0,0.9817763680502767,0.5626252924999999
streaming/transition3,ewr-08,joint,swap,1,1.0,0.9817763680502767,0.5626252924999999
fixed/absolute,ewr-08,joint,swap,1,1.0,0.9817763680502767,0.5626252924999999
fixed/present,ewr-08,joint,swap,1,1.0,0.9817763680502767,0.5626252924999999
fixed/recency,ewr-08,joint,swap,1,0.0,6.907755278982137,1.90245
fixed/reference,ewr-08,joint,swap,1,1.0,0.9817763680502767,0.5626252924999999
fixed/transition1,ewr-08,joint,swap,1,0.0,10.819778284410283,1.99800098
fixed/transition2,ewr-08,joint,swap,1,1.0,0.9817763680502767,0.5626252924999999
fixed/transition3,ewr-08,joint,swap,1,1.0,0.9817763680502767,0.5626252924999999
oracle-boundary/absolute,ewr-08,joint,swap,1,1.0,0.0009804805139616427,9.800000000392828e-07
oracle-boundary/present,ewr-08,joint,swap,1,1.0,0.9817763680502767,0.5626252924999999
oracle-boundary/recency,ewr-08,joint,swap,1,0.0,6.907755278982137,1.90245
oracle-boundary/reference,ewr-08,joint,swap,1,1.0,0.0009804805139616427,9.800000000392828e-07
oracle-boundary/transition1,ewr-08,joint,swap,1,1.0,0.69410764165507,0.50000048
oracle-boundary/transition2,ewr-08,joint,swap,1,1.0,0.0009804805139616427,9.800000000392828e-07
oracle-boundary/transition3,ewr-08,joint,swap,1,1.0,0.0009804805139616427,9.800000000392828e-07
repaired/absolute,ewr-08,joint,shuffle,0,1.0,0.0009804805139616427,9.800000000392828e-07
repaired/present,ewr-08,joint,shuffle,0,1.0,0.9817763680502767,0.5626252924999999
repaired/recency,ewr-08,joint,shuffle,0,1.0,0.05024121643674679,0.0024500000000000632
repaired/reference,ewr-08,joint,shuffle,0,1.0,0.0009804805139616427,9.800000000392828e-07
repaired/transition1,ewr-08,joint,shuffle,0,1.0,0.6919722018375819,0.49786709126133766
repaired/transition2,ewr-08,joint,shuffle,0,1.0,0.0009804805139616427,9.800000000392828e-07
repaired/transition3,ewr-08,joint,shuffle,0,1.0,0.0009804805139616427,9.800000000392828e-07
streaming/absolute,ewr-08,joint,shuffle,0,1.0,0.9817763680502767,0.5626252924999999
streaming/present,ewr-08,joint,shuffle,0,1.0,0.9817763680502767,0.5626252924999999
streaming/recency,ewr-08,joint,shuffle,0,1.0,1.0293194621721604,0.5694812499999999
streaming/reference,ewr-08,joint,shuffle,0,1.0,0.9817763680502767,0.5626252924999999
streaming/transition1,ewr-08,joint,shuffle,0,1.0,0.9817763680502767,0.5626252924999999
streaming/transition2,ewr-08,joint,shuffle,0,1.0,0.9817763680502767,0.5626252924999999
streaming/transition3,ewr-08,joint,shuffle,0,1.0,0.9817763680502767,0.5626252924999999
fixed/absolute,ewr-08,joint,shuffle,0,1.0,0.9817763680502767,0.5626252924999999
fixed/present,ewr-08,joint,shuffle,0,1.0,0.9817763680502767,0.5626252924999999
fixed/recency,ewr-08,joint,shuffle,0,0.0,6.907755278982137,1.90245
fixed/reference,ewr-08,joint,shuffle,0,1.0,0.9817763680502767,0.5626252924999999
fixed/transition1,ewr-08,joint,shuffle,0,0.0,10.819778284410283,1.99800098
fixed/transition2,ewr-08,joint,shuffle,0,1.0,0.9817763680502767,0.5626252924999999
fixed/transition3,ewr-08,joint,shuffle,0,1.0,0.9817763680502767,0.5626252924999999
oracle-boundary/absolute,ewr-08,joint,shuffle,0,1.0,0.0009804805139616427,9.800000000392828e-07
oracle-boundary/present,ewr-08,joint,shuffle,0,1.0,0.9817763680502767,0.5626252924999999
oracle-boundary/recency,ewr-08,joint,shuffle,0,1.0,0.05024121643674679,0.0024500000000000632
oracle-boundary/reference,ewr-08,joint,shuffle,0,1.0,0.0009804805139616427,9.800000000392828e-07
oracle-boundary/transition1,ewr-08,joint,shuffle,0,1.0,0.69410764165507,0.50000048
oracle-boundary/transition2,ewr-08,joint,shuffle,0,1.0,0.0009804805139616427,9.800000000392828e-07
oracle-boundary/transition3,ewr-08,joint,shuffle,0,1.0,0.0009804805139616427,9.800000000392828e-07
repaired/absolute,ewr-08,joint,shuffle,1,1.0,0.0009804805139614205,9.800000000392828e-07
repaired/present,ewr-08,joint,shuffle,1,0.0,0.9817763680502767,0.5626252924999999
repaired/recency,ewr-08,joint,shuffle,1,1.0,0.05024121643674679,0.0024500000000000632
repaired/reference,ewr-08,joint,shuffle,1,1.0,0.0009804805139614205,9.800000000392828e-07
repaired/transition1,ewr-08,joint,shuffle,1,0.0,1.8658008044473433,1.4271981105080584
repaired/transition2,ewr-08,joint,shuffle,1,1.0,0.0009804805139614205,9.800000000392828e-07
repaired/transition3,ewr-08,joint,shuffle,1,1.0,0.0009804805139614205,9.800000000392828e-07
streaming/absolute,ewr-08,joint,shuffle,1,0.0,0.9817763680502767,0.5626252924999999
streaming/present,ewr-08,joint,shuffle,1,0.0,0.9817763680502767,0.5626252924999999
streaming/recency,ewr-08,joint,shuffle,1,0.0,1.0293194621721604,0.5694812499999999
streaming/reference,ewr-08,joint,shuffle,1,0.0,0.9817763680502767,0.5626252924999999
streaming/transition1,ewr-08,joint,shuffle,1,0.0,0.9817763680502767,0.5626252924999999
streaming/transition2,ewr-08,joint,shuffle,1,0.0,0.9817763680502767,0.5626252924999999
streaming/transition3,ewr-08,joint,shuffle,1,0.0,0.9817763680502767,0.5626252924999999
fixed/absolute,ewr-08,joint,shuffle,1,0.0,0.9817763680502767,0.5626252924999999
fixed/present,ewr-08,joint,shuffle,1,0.0,0.9817763680502767,0.5626252924999999
fixed/recency,ewr-08,joint,shuffle,1,0.0,6.907755278982137,1.90245
fixed/reference,ewr-08,joint,shuffle,1,0.0,0.9817763680502767,0.5626252924999999
fixed/transition1,ewr-08,joint,shuffle,1,0.0,10.819778284410283,1.99800098
fixed/transition2,ewr-08,joint,shuffle,1,0.0,0.9817763680502767,0.5626252924999999
fixed/transition3,ewr-08,joint,shuffle,1,0.0,0.9817763680502767,0.5626252924999999
oracle-boundary/absolute,ewr-08,joint,shuffle,1,1.0,0.0009804805139614205,9.800000000392828e-07
oracle-boundary/present,ewr-08,joint,shuffle,1,0.0,0.9817763680502767,0.5626252924999999
oracle-boundary/recency,ewr-08,joint,shuffle,1,1.0,0.05024121643674679,0.0024500000000000632
oracle-boundary/reference,ewr-08,joint,shuffle,1,1.0,0.0009804805139614205,9.800000000392828e-07
oracle-boundary/transition1,ewr-08,joint,shuffle,1,0.0,0.69410764165507,0.50000048
oracle-boundary/transition2,ewr-08,joint,shuffle,1,1.0,0.0009804805139614205,9.800000000392828e-07
oracle-boundary/transition3,ewr-08,joint,shuffle,1,1.0,0.0009804805139614205,9.800000000392828e-07
repaired/absolute,ewr-08,joint,ambiguous,0,1.0,1.0175431809309903,0.7377025464369016
repaired/present,ewr-08,joint,ambiguous,0,1.0,0.9817763680502767,0.5626252924999999
repaired/recency,ewr-08,joint,ambiguous,0,0.0,3.4789982477094417,0.95245
repaired/reference,ewr-08,joint,ambiguous,0,1.0,0.8452421187934804,0.6301805521318427
repaired/transition1,ewr-08,joint,ambiguous,0,1.0,1.0175431809309903,0.7377025464369016
repaired/transition2,ewr-08,joint,ambiguous,0,1.0,1.0175431809309903,0.7377025464369016
repaired/transition3,ewr-08,joint,ambiguous,0,1.0,1.0175431809309903,0.7377025464369016
streaming/absolute,ewr-08,joint,ambiguous,0,1.0,0.9817763680502767,0.5626252924999999
streaming/present,ewr-08,joint,ambiguous,0,1.0,0.9817763680502767,0.5626252924999999
streaming/recency,ewr-08,joint,ambiguous,0,1.0,1.0293194621721604,0.5694812499999999
streaming/reference,ewr-08,joint,ambiguous,0,1.0,0.9817763680502767,0.5626252924999999
streaming/transition1,ewr-08,joint,ambiguous,0,1.0,0.9817763680502767,0.5626252924999999
streaming/transition2,ewr-08,joint,ambiguous,0,1.0,0.9817763680502767,0.5626252924999999
streaming/transition3,ewr-08,joint,ambiguous,0,1.0,0.9817763680502767,0.5626252924999999
fixed/absolute,ewr-08,joint,ambiguous,0,1.0,0.9817763680502767,0.5626252924999999
fixed/present,ewr-08,joint,ambiguous,0,1.0,0.9817763680502767,0.5626252924999999
fixed/recency,ewr-08,joint,ambiguous,0,0.0,6.907755278982137,1.90245
fixed/reference,ewr-08,joint,ambiguous,0,1.0,0.9817763680502767,0.5626252924999999
fixed/transition1,ewr-08,joint,ambiguous,0,0.0,10.819778284410283,1.99800098
fixed/transition2,ewr-08,joint,ambiguous,0,1.0,0.9817763680502767,0.5626252924999999
fixed/transition3,ewr-08,joint,ambiguous,0,1.0,0.9817763680502767,0.5626252924999999
oracle-boundary/absolute,ewr-08,joint,ambiguous,0,1.0,0.69410764165507,0.50000048
oracle-boundary/present,ewr-08,joint,ambiguous,0,1.0,0.9817763680502767,0.5626252924999999
oracle-boundary/recency,ewr-08,joint,ambiguous,0,0.0,3.4789982477094417,0.95245
oracle-boundary/reference,ewr-08,joint,ambiguous,0,1.0,0.69410764165507,0.50000048
oracle-boundary/transition1,ewr-08,joint,ambiguous,0,1.0,0.69410764165507,0.50000048
oracle-boundary/transition2,ewr-08,joint,ambiguous,0,1.0,0.69410764165507,0.50000048
oracle-boundary/transition3,ewr-08,joint,ambiguous,0,1.0,0.69410764165507,0.50000048
repaired/absolute,ewr-08,joint,ambiguous,1,0.0,1.0175431809309903,0.7377025464369016
repaired/present,ewr-08,joint,ambiguous,1,0.0,0.9817763680502767,0.5626252924999999
repaired/recency,ewr-08,joint,ambiguous,1,1.0,3.4789982477094417,0.95245
repaired/reference,ewr-08,joint,ambiguous,1,0.0,0.8452421187934804,0.6301805521318427
repaired/transition1,ewr-08,joint,ambiguous,1,0.0,1.0175431809309903,0.7377025464369016
repaired/transition2,ewr-08,joint,ambiguous,1,0.0,1.0175431809309903,0.7377025464369016
repaired/transition3,ewr-08,joint,ambiguous,1,0.0,1.0175431809309903,0.7377025464369016
streaming/absolute,ewr-08,joint,ambiguous,1,0.0,0.9817763680502767,0.5626252924999999
streaming/present,ewr-08,joint,ambiguous,1,0.0,0.9817763680502767,0.5626252924999999
streaming/recency,ewr-08,joint,ambiguous,1,0.0,1.0293194621721604,0.5694812499999999
streaming/reference,ewr-08,joint,ambiguous,1,0.0,0.9817763680502767,0.5626252924999999
streaming/transition1,ewr-08,joint,ambiguous,1,0.0,0.9817763680502767,0.5626252924999999
streaming/transition2,ewr-08,joint,ambiguous,1,0.0,0.9817763680502767,0.5626252924999999
streaming/transition3,ewr-08,joint,ambiguous,1,0.0,0.9817763680502767,0.5626252924999999
fixed/absolute,ewr-08,joint,ambiguous,1,0.0,0.9817763680502767,0.5626252924999999
fixed/present,ewr-08,joint,ambiguous,1,0.0,0.9817763680502767,0.5626252924999999
fixed/recency,ewr-08,joint,ambiguous,1,0.0,6.907755278982137,1.90245
fixed/reference,ewr-08,joint,ambiguous,1,0.0,0.9817763680502767,0.5626252924999999
fixed/transition1,ewr-08,joint,ambiguous,1,0.0,10.819778284410283,1.99800098
fixed/transition2,ewr-08,joint,ambiguous,1,0.0,0.9817763680502767,0.5626252924999999
fixed/transition3,ewr-08,joint,ambiguous,1,0.0,0.9817763680502767,0.5626252924999999
oracle-boundary/absolute,ewr-08,joint,ambiguous,1,0.0,0.69410764165507,0.50000048
oracle-boundary/present,ewr-08,joint,ambiguous,1,0.0,0.9817763680502767,0.5626252924999999
oracle-boundary/recency,ewr-08,joint,ambiguous,1,1.0,3.4789982477094417,0.95245
oracle-boundary/reference,ewr-08,joint,ambiguous,1,0.0,0.69410764165507,0.50000048
oracle-boundary/transition1,ewr-08,joint,ambiguous,1,0.0,0.69410764165507,0.50000048
oracle-boundary/transition2,ewr-08,joint,ambiguous,1,0.0,0.69410764165507,0.50000048
oracle-boundary/transition3,ewr-08,joint,ambiguous,1,0.0,0.69410764165507,0.50000048
repaired/absolute,ewr-09,detached,intact,0,1.0,0.0009804805139616427,9.800000000392828e-07
repaired/present,ewr-09,detached,intact,0,0.0,2.0802818946775288,1.0621252925000002
repaired/recency,ewr-09,detached,intact,0,1.0,0.05024121643674679,0.0024500000000000632
repaired/reference,ewr-09,detached,intact,0,1.0,0.0009804805139616427,9.800000000392828e-07
repaired/transition1,ewr-09,detached,intact,0,0.0,0.6979159424103902,0.5038050995175158
repaired/transition2,ewr-09,detached,intact,0,1.0,0.0009804805139616427,9.800000000392828e-07
repaired/transition3,ewr-09,detached,intact,0,1.0,0.0009804805139616427,9.800000000392828e-07
streaming/absolute,ewr-09,detached,intact,0,0.0,2.0802818946775288,1.0621252925000002
streaming/present,ewr-09,detached,intact,0,0.0,2.0802818946775288,1.0621252925000002
streaming/recency,ewr-09,detached,intact,0,1.0,0.05024121643674679,0.0024500000000000632
streaming/reference,ewr-09,detached,intact,0,1.0,0.0009804805139616427,9.800000000392828e-07
streaming/transition1,ewr-09,detached,intact,0,0.0,2.0802818946775288,1.0621252925000002
streaming/transition2,ewr-09,detached,intact,0,0.0,2.0802818946775288,1.0621252925000002
streaming/transition3,ewr-09,detached,intact,0,0.0,2.0802818946775288,1.0621252925000002
fixed/absolute,ewr-09,detached,intact,0,0.0,2.0802818946775288,1.0621252925000002
fixed/present,ewr-09,detached,intact,0,0.0,2.0802818946775288,1.0621252925000002
fixed/recency,ewr-09,detached,intact,0,0.0,2.1223490426911127,1.0444812499999996
fixed/reference,ewr-09,detached,intact,0,0.0,2.0802818946775288,1.0621252925000002
fixed/transition1,ewr-09,detached,intact,0,0.0,2.0802818946775288,1.0621252925000002
fixed/transition2,ewr-09,detached,intact,0,0.0,2.0802818946775288,1.0621252925000002
fixed/transition3,ewr-09,detached,intact,0,0.0,2.0802818946775288,1.0621252925000002
oracle-boundary/absolute,ewr-09,detached,intact,0,1.0,0.0009804805139616427,9.800000000392828e-07
oracle-boundary/present,ewr-09,detached,intact,0,0.0,2.0802818946775288,1.0621252925000002
oracle-boundary/recency,ewr-09,detached,intact,0,1.0,0.05024121643674679,0.0024500000000000632
oracle-boundary/reference,ewr-09,detached,intact,0,1.0,0.0009804805139616427,9.800000000392828e-07
oracle-boundary/transition1,ewr-09,detached,intact,0,1.0,0.6941076416550698,0.5000004800000002
oracle-boundary/transition2,ewr-09,detached,intact,0,1.0,0.0009804805139616427,9.800000000392828e-07
oracle-boundary/transition3,ewr-09,detached,intact,0,1.0,0.0009804805139616427,9.800000000392828e-07
repaired/absolute,ewr-09,detached,intact,1,1.0,0.0009804805139614205,9.800000000392828e-07
repaired/present,ewr-09,detached,intact,1,0.0,2.0802818946775288,1.0621252925000002
repaired/recency,ewr-09,detached,intact,1,1.0,0.05024121643674679,0.0024500000000000632
repaired/reference,ewr-09,detached,intact,1,1.0,0.0009804805139614205,9.800000000392828e-07
repaired/transition1,ewr-09,detached,intact,1,0.0,0.6979159424103902,0.5038050995175158
repaired/transition2,ewr-09,detached,intact,1,1.0,0.0009804805139614205,9.800000000392828e-07
repaired/transition3,ewr-09,detached,intact,1,1.0,0.0009804805139614205,9.800000000392828e-07
streaming/absolute,ewr-09,detached,intact,1,0.0,2.0802818946775288,1.0621252925000002
streaming/present,ewr-09,detached,intact,1,0.0,2.0802818946775288,1.0621252925000002
streaming/recency,ewr-09,detached,intact,1,1.0,0.05024121643674679,0.0024500000000000632
streaming/reference,ewr-09,detached,intact,1,0.0,2.0802818946775288,1.0621252925000002
streaming/transition1,ewr-09,detached,intact,1,0.0,2.0802818946775288,1.0621252925000002
streaming/transition2,ewr-09,detached,intact,1,0.0,2.0802818946775288,1.0621252925000002
streaming/transition3,ewr-09,detached,intact,1,0.0,2.0802818946775288,1.0621252925000002
fixed/absolute,ewr-09,detached,intact,1,0.0,2.0802818946775288,1.0621252925000002
fixed/present,ewr-09,detached,intact,1,0.0,2.0802818946775288,1.0621252925000002
fixed/recency,ewr-09,detached,intact,1,0.0,6.907755278982137,1.90245
fixed/reference,ewr-09,detached,intact,1,0.0,2.0802818946775288,1.0621252925000002
fixed/transition1,ewr-09,detached,intact,1,0.0,10.819778284410283,1.9980009799999996
fixed/transition2,ewr-09,detached,intact,1,0.0,2.0802818946775288,1.0621252925000002
fixed/transition3,ewr-09,detached,intact,1,0.0,2.0802818946775288,1.0621252925000002
oracle-boundary/absolute,ewr-09,detached,intact,1,1.0,0.0009804805139614205,9.800000000392828e-07
oracle-boundary/present,ewr-09,detached,intact,1,0.0,2.0802818946775288,1.0621252925000002
oracle-boundary/recency,ewr-09,detached,intact,1,1.0,0.05024121643674679,0.0024500000000000632
oracle-boundary/reference,ewr-09,detached,intact,1,1.0,0.0009804805139614205,9.800000000392828e-07
oracle-boundary/transition1,ewr-09,detached,intact,1,0.0,0.6941076416550698,0.5000004800000002
oracle-boundary/transition2,ewr-09,detached,intact,1,1.0,0.0009804805139614205,9.800000000392828e-07
oracle-boundary/transition3,ewr-09,detached,intact,1,1.0,0.0009804805139614205,9.800000000392828e-07
repaired/absolute,ewr-09,legato,intact,0,1.0,0.0009804805139616427,9.800000000392828e-07
repaired/present,ewr-09,legato,intact,0,0.0,2.0802818946775288,1.0621252925000002
repaired/recency,ewr-09,legato,intact,0,1.0,0.05024121643674679,0.0024500000000000632
repaired/reference,ewr-09,legato,intact,0,1.0,0.0009804805139616427,9.800000000392828e-07
repaired/transition1,ewr-09,legato,intact,0,0.0,0.7010295974211433,0.5069156579965639
repaired/transition2,ewr-09,legato,intact,0,1.0,0.0009804805139616427,9.800000000392828e-07
repaired/transition3,ewr-09,legato,intact,0,1.0,0.0009804805139616427,9.800000000392828e-07
streaming/absolute,ewr-09,legato,intact,0,0.0,2.0802818946775288,1.0621252925000002
streaming/present,ewr-09,legato,intact,0,0.0,2.0802818946775288,1.0621252925000002
streaming/recency,ewr-09,legato,intact,0,0.0,6.907755278982137,1.90245
streaming/reference,ewr-09,legato,intact,0,0.0,2.0802818946775288,1.0621252925000002
streaming/transition1,ewr-09,legato,intact,0,0.0,2.0802818946775288,1.0621252925000002
streaming/transition2,ewr-09,legato,intact,0,0.0,2.0802818946775288,1.0621252925000002
streaming/transition3,ewr-09,legato,intact,0,0.0,2.0802818946775288,1.0621252925000002
fixed/absolute,ewr-09,legato,intact,0,0.0,2.0802818946775288,1.0621252925000002
fixed/present,ewr-09,legato,intact,0,0.0,2.0802818946775288,1.0621252925000002
fixed/recency,ewr-09,legato,intact,0,0.0,6.907755278982137,1.90245
fixed/reference,ewr-09,legato,intact,0,0.0,2.0802818946775288,1.0621252925000002
fixed/transition1,ewr-09,legato,intact,0,0.0,10.819778284410283,1.499006206670316
fixed/transition2,ewr-09,legato,intact,0,0.0,2.0802818946775288,1.0621252925000002
fixed/transition3,ewr-09,legato,intact,0,0.0,2.0802818946775288,1.0621252925000002
oracle-boundary/absolute,ewr-09,legato,intact,0,1.0,0.0009804805139616427,9.800000000392828e-07
oracle-boundary/present,ewr-09,legato,intact,0,0.0,2.0802818946775288,1.0621252925000002
oracle-boundary/recency,ewr-09,legato,intact,0,1.0,0.05024121643674679,0.0024500000000000632
oracle-boundary/reference,ewr-09,legato,intact,0,1.0,0.0009804805139616427,9.800000000392828e-07
oracle-boundary/transition1,ewr-09,legato,intact,0,1.0,0.6941076416550698,0.5000004800000002
oracle-boundary/transition2,ewr-09,legato,intact,0,1.0,0.0009804805139616427,9.800000000392828e-07
oracle-boundary/transition3,ewr-09,legato,intact,0,1.0,0.0009804805139616427,9.800000000392828e-07
repaired/absolute,ewr-09,legato,intact,1,1.0,0.0009804805139614205,9.800000000392828e-07
repaired/present,ewr-09,legato,intact,1,0.0,2.0802818946775288,1.0621252925000002
repaired/recency,ewr-09,legato,intact,1,1.0,0.05024121643674679,0.0024500000000000632
repaired/reference,ewr-09,legato,intact,1,1.0,0.0009804805139614205,9.800000000392828e-07
repaired/transition1,ewr-09,legato,intact,1,0.0,0.7012022439915784,0.5070881292651281
repaired/transition2,ewr-09,legato,intact,1,1.0,0.0009804805139614205,9.800000000392828e-07
repaired/transition3,ewr-09,legato,intact,1,1.0,0.0009804805139614205,9.800000000392828e-07
streaming/absolute,ewr-09,legato,intact,1,0.0,2.0802818946775288,1.0621252925000002
streaming/present,ewr-09,legato,intact,1,0.0,2.0802818946775288,1.0621252925000002
streaming/recency,ewr-09,legato,intact,1,0.0,2.1223490426911127,1.0444812499999996
streaming/reference,ewr-09,legato,intact,1,0.0,2.0802818946775288,1.0621252925000002
streaming/transition1,ewr-09,legato,intact,1,0.0,2.0802818946775288,1.0621252925000002
streaming/transition2,ewr-09,legato,intact,1,0.0,2.0802818946775288,1.0621252925000002
streaming/transition3,ewr-09,legato,intact,1,0.0,2.0802818946775288,1.0621252925000002
fixed/absolute,ewr-09,legato,intact,1,0.0,2.0802818946775288,1.0621252925000002
fixed/present,ewr-09,legato,intact,1,0.0,2.0802818946775288,1.0621252925000002
fixed/recency,ewr-09,legato,intact,1,0.0,6.907755278982137,1.90245
fixed/reference,ewr-09,legato,intact,1,0.0,2.0802818946775288,1.0621252925000002
fixed/transition1,ewr-09,legato,intact,1,0.0,10.819778284410283,1.499006206670316
fixed/transition2,ewr-09,legato,intact,1,0.0,2.0802818946775288,1.0621252925000002
fixed/transition3,ewr-09,legato,intact,1,0.0,2.0802818946775288,1.0621252925000002
oracle-boundary/absolute,ewr-09,legato,intact,1,1.0,0.0009804805139614205,9.800000000392828e-07
oracle-boundary/present,ewr-09,legato,intact,1,0.0,2.0802818946775288,1.0621252925000002
oracle-boundary/recency,ewr-09,legato,intact,1,1.0,0.05024121643674679,0.0024500000000000632
oracle-boundary/reference,ewr-09,legato,intact,1,1.0,0.0009804805139614205,9.800000000392828e-07
oracle-boundary/transition1,ewr-09,legato,intact,1,0.0,0.6941076416550698,0.5000004800000002
oracle-boundary/transition2,ewr-09,legato,intact,1,1.0,0.0009804805139614205,9.800000000392828e-07
oracle-boundary/transition3,ewr-09,legato,intact,1,1.0,0.0009804805139614205,9.800000000392828e-07
repaired/absolute,ewr-09,duration,intact,0,1.0,0.0009804805139616427,9.800000000392828e-07
repaired/present,ewr-09,duration,intact,0,0.0,2.0802818946775288,1.0621252925000002
repaired/recency,ewr-09,duration,intact,0,1.0,0.05024121643674679,0.0024500000000000632
repaired/reference,ewr-09,duration,intact,0,1.0,0.0009804805139616427,9.800000000392828e-07
repaired/transition1,ewr-09,duration,intact,0,1.0,0.6937527720163527,0.49964595099061127
repaired/transition2,ewr-09,duration,intact,0,1.0,0.0009804805139616427,9.800000000392828e-07
repaired/transition3,ewr-09,duration,intact,0,1.0,0.0009804805139616427,9.800000000392828e-07
streaming/absolute,ewr-09,duration,intact,0,0.0,2.0802818946775288,1.0621252925000002
streaming/present,ewr-09,duration,intact,0,0.0,2.0802818946775288,1.0621252925000002
streaming/recency,ewr-09,duration,intact,0,0.0,2.1223490426911127,1.0444812499999996
streaming/reference,ewr-09,duration,intact,0,0.0,2.0802818946775288,1.0621252925000002
streaming/transition1,ewr-09,duration,intact,0,0.0,2.0802818946775288,1.0621252925000002
streaming/transition2,ewr-09,duration,intact,0,0.0,2.0802818946775288,1.0621252925000002
streaming/transition3,ewr-09,duration,intact,0,0.0,2.0802818946775288,1.0621252925000002
fixed/absolute,ewr-09,duration,intact,0,0.0,2.0802818946775288,1.0621252925000002
fixed/present,ewr-09,duration,intact,0,0.0,2.0802818946775288,1.0621252925000002
fixed/recency,ewr-09,duration,intact,0,0.0,2.1223490426911127,1.0444812499999996
fixed/reference,ewr-09,duration,intact,0,0.0,2.0802818946775288,1.0621252925000002
fixed/transition1,ewr-09,duration,intact,0,0.0,2.0802818946775288,1.0621252925000002
fixed/transition2,ewr-09,duration,intact,0,0.0,2.0802818946775288,1.0621252925000002
fixed/transition3,ewr-09,duration,intact,0,0.0,2.0802818946775288,1.0621252925000002
oracle-boundary/absolute,ewr-09,duration,intact,0,1.0,0.0009804805139616427,9.800000000392828e-07
oracle-boundary/present,ewr-09,duration,intact,0,0.0,2.0802818946775288,1.0621252925000002
oracle-boundary/recency,ewr-09,duration,intact,0,1.0,0.05024121643674679,0.0024500000000000632
oracle-boundary/reference,ewr-09,duration,intact,0,1.0,0.0009804805139616427,9.800000000392828e-07
oracle-boundary/transition1,ewr-09,duration,intact,0,1.0,0.6941076416550698,0.5000004800000002
oracle-boundary/transition2,ewr-09,duration,intact,0,1.0,0.0009804805139616427,9.800000000392828e-07
oracle-boundary/transition3,ewr-09,duration,intact,0,1.0,0.0009804805139616427,9.800000000392828e-07
repaired/absolute,ewr-09,duration,intact,1,1.0,0.0009804805139614205,9.800000000392828e-07
repaired/present,ewr-09,duration,intact,1,0.0,2.0802818946775288,1.0621252925000002
repaired/recency,ewr-09,duration,intact,1,1.0,0.05024121643674679,0.0024500000000000632
repaired/reference,ewr-09,duration,intact,1,1.0,0.0009804805139614205,9.800000000392828e-07
repaired/transition1,ewr-09,duration,intact,1,1.0,0.6937527720163527,0.49964595099061127
repaired/transition2,ewr-09,duration,intact,1,1.0,0.0009804805139614205,9.800000000392828e-07
repaired/transition3,ewr-09,duration,intact,1,1.0,0.0009804805139614205,9.800000000392828e-07
streaming/absolute,ewr-09,duration,intact,1,0.0,2.0802818946775288,1.0621252925000002
streaming/present,ewr-09,duration,intact,1,0.0,2.0802818946775288,1.0621252925000002
streaming/recency,ewr-09,duration,intact,1,0.0,2.1223490426911127,1.0444812499999996
streaming/reference,ewr-09,duration,intact,1,0.0,2.0802818946775288,1.0621252925000002
streaming/transition1,ewr-09,duration,intact,1,0.0,2.0802818946775288,1.0621252925000002
streaming/transition2,ewr-09,duration,intact,1,0.0,2.0802818946775288,1.0621252925000002
streaming/transition3,ewr-09,duration,intact,1,0.0,2.0802818946775288,1.0621252925000002
fixed/absolute,ewr-09,duration,intact,1,0.0,2.0802818946775288,1.0621252925000002
fixed/present,ewr-09,duration,intact,1,0.0,2.0802818946775288,1.0621252925000002
fixed/recency,ewr-09,duration,intact,1,0.0,2.1223490426911127,1.0444812499999996
fixed/reference,ewr-09,duration,intact,1,0.0,2.0802818946775288,1.0621252925000002
fixed/transition1,ewr-09,duration,intact,1,0.0,2.0802818946775288,1.0621252925000002
fixed/transition2,ewr-09,duration,intact,1,0.0,2.0802818946775288,1.0621252925000002
fixed/transition3,ewr-09,duration,intact,1,0.0,2.0802818946775288,1.0621252925000002
oracle-boundary/absolute,ewr-09,duration,intact,1,1.0,0.0009804805139614205,9.800000000392828e-07
oracle-boundary/present,ewr-09,duration,intact,1,0.0,2.0802818946775288,1.0621252925000002
oracle-boundary/recency,ewr-09,duration,intact,1,1.0,0.05024121643674679,0.0024500000000000632
oracle-boundary/reference,ewr-09,duration,intact,1,1.0,0.0009804805139614205,9.800000000392828e-07
oracle-boundary/transition1,ewr-09,duration,intact,1,0.0,0.6941076416550698,0.5000004800000002
oracle-boundary/transition2,ewr-09,duration,intact,1,1.0,0.0009804805139614205,9.800000000392828e-07
oracle-boundary/transition3,ewr-09,duration,intact,1,1.0,0.0009804805139614205,9.800000000392828e-07
repaired/absolute,ewr-09,joint,intact,0,1.0,0.0009804805139616427,9.800000000392828e-07
repaired/present,ewr-09,joint,intact,0,0.0,2.0802818946775288,1.0621252925000002
repaired/recency,ewr-09,joint,intact,0,1.0,0.05024121643674679,0.0024500000000000632
repaired/reference,ewr-09,joint,intact,0,1.0,0.0009804805139616427,9.800000000392828e-07
repaired/transition1,ewr-09,joint,intact,0,1.0,0.6937527720163527,0.49964595099061127
repaired/transition2,ewr-09,joint,intact,0,1.0,0.0009804805139616427,9.800000000392828e-07
repaired/transition3,ewr-09,joint,intact,0,1.0,0.0009804805139616427,9.800000000392828e-07
streaming/absolute,ewr-09,joint,intact,0,0.0,2.0802818946775288,1.0621252925000002
streaming/present,ewr-09,joint,intact,0,0.0,2.0802818946775288,1.0621252925000002
streaming/recency,ewr-09,joint,intact,0,0.0,2.1223490426911127,1.0444812499999996
streaming/reference,ewr-09,joint,intact,0,0.0,2.0802818946775288,1.0621252925000002
streaming/transition1,ewr-09,joint,intact,0,0.0,2.0802818946775288,1.0621252925000002
streaming/transition2,ewr-09,joint,intact,0,0.0,2.0802818946775288,1.0621252925000002
streaming/transition3,ewr-09,joint,intact,0,0.0,2.0802818946775288,1.0621252925000002
fixed/absolute,ewr-09,joint,intact,0,0.0,2.0802818946775288,1.0621252925000002
fixed/present,ewr-09,joint,intact,0,0.0,2.0802818946775288,1.0621252925000002
fixed/recency,ewr-09,joint,intact,0,0.0,2.1223490426911127,1.0444812499999996
fixed/reference,ewr-09,joint,intact,0,0.0,2.0802818946775288,1.0621252925000002
fixed/transition1,ewr-09,joint,intact,0,0.0,2.0802818946775288,1.0621252925000002
fixed/transition2,ewr-09,joint,intact,0,0.0,2.0802818946775288,1.0621252925000002
fixed/transition3,ewr-09,joint,intact,0,0.0,2.0802818946775288,1.0621252925000002
oracle-boundary/absolute,ewr-09,joint,intact,0,1.0,0.0009804805139616427,9.800000000392828e-07
oracle-boundary/present,ewr-09,joint,intact,0,0.0,2.0802818946775288,1.0621252925000002
oracle-boundary/recency,ewr-09,joint,intact,0,1.0,0.05024121643674679,0.0024500000000000632
oracle-boundary/reference,ewr-09,joint,intact,0,1.0,0.0009804805139616427,9.800000000392828e-07
oracle-boundary/transition1,ewr-09,joint,intact,0,1.0,0.6941076416550698,0.5000004800000002
oracle-boundary/transition2,ewr-09,joint,intact,0,1.0,0.0009804805139616427,9.800000000392828e-07
oracle-boundary/transition3,ewr-09,joint,intact,0,1.0,0.0009804805139616427,9.800000000392828e-07
repaired/absolute,ewr-09,joint,intact,1,1.0,0.0009804805139614205,9.800000000392828e-07
repaired/present,ewr-09,joint,intact,1,0.0,2.0802818946775288,1.0621252925000002
repaired/recency,ewr-09,joint,intact,1,1.0,0.05024121643674679,0.0024500000000000632
repaired/reference,ewr-09,joint,intact,1,1.0,0.0009804805139614205,9.800000000392828e-07
repaired/transition1,ewr-09,joint,intact,1,1.0,0.6937527720163527,0.49964595099061127
repaired/transition2,ewr-09,joint,intact,1,1.0,0.0009804805139614205,9.800000000392828e-07
repaired/transition3,ewr-09,joint,intact,1,1.0,0.0009804805139614205,9.800000000392828e-07
streaming/absolute,ewr-09,joint,intact,1,0.0,2.0802818946775288,1.0621252925000002
streaming/present,ewr-09,joint,intact,1,0.0,2.0802818946775288,1.0621252925000002
streaming/recency,ewr-09,joint,intact,1,0.0,2.1223490426911127,1.0444812499999996
streaming/reference,ewr-09,joint,intact,1,0.0,2.0802818946775288,1.0621252925000002
streaming/transition1,ewr-09,joint,intact,1,0.0,2.0802818946775288,1.0621252925000002
streaming/transition2,ewr-09,joint,intact,1,0.0,2.0802818946775288,1.0621252925000002
streaming/transition3,ewr-09,joint,intact,1,0.0,2.0802818946775288,1.0621252925000002
fixed/absolute,ewr-09,joint,intact,1,0.0,2.0802818946775288,1.0621252925000002
fixed/present,ewr-09,joint,intact,1,0.0,2.0802818946775288,1.0621252925000002
fixed/recency,ewr-09,joint,intact,1,0.0,2.1223490426911127,1.0444812499999996
fixed/reference,ewr-09,joint,intact,1,0.0,2.0802818946775288,1.0621252925000002
fixed/transition1,ewr-09,joint,intact,1,0.0,2.0802818946775288,1.0621252925000002
fixed/transition2,ewr-09,joint,intact,1,0.0,2.0802818946775288,1.0621252925000002
fixed/transition3,ewr-09,joint,intact,1,0.0,2.0802818946775288,1.0621252925000002
oracle-boundary/absolute,ewr-09,joint,intact,1,1.0,0.0009804805139614205,9.800000000392828e-07
oracle-boundary/present,ewr-09,joint,intact,1,0.0,2.0802818946775288,1.0621252925000002
oracle-boundary/recency,ewr-09,joint,intact,1,1.0,0.05024121643674679,0.0024500000000000632
oracle-boundary/reference,ewr-09,joint,intact,1,1.0,0.0009804805139614205,9.800000000392828e-07
oracle-boundary/transition1,ewr-09,joint,intact,1,0.0,0.6941076416550698,0.5000004800000002
oracle-boundary/transition2,ewr-09,joint,intact,1,1.0,0.0009804805139614205,9.800000000392828e-07
oracle-boundary/transition3,ewr-09,joint,intact,1,1.0,0.0009804805139614205,9.800000000392828e-07
repaired/absolute,ewr-09,joint,reset,0,0.0,2.0802818946775288,1.0621252925000002
repaired/present,ewr-09,joint,reset,0,0.0,2.0802818946775288,1.0621252925000002
repaired/recency,ewr-09,joint,reset,0,0.0,2.1223490426911127,1.0444812499999996
repaired/reference,ewr-09,joint,reset,0,0.0,2.0802818946775288,1.0621252925000002
repaired/transition1,ewr-09,joint,reset,0,0.0,2.0802818946775288,1.0621252925000002
repaired/transition2,ewr-09,joint,reset,0,0.0,2.0802818946775288,1.0621252925000002
repaired/transition3,ewr-09,joint,reset,0,0.0,2.0802818946775288,1.0621252925000002
streaming/absolute,ewr-09,joint,reset,0,0.0,2.0802818946775288,1.0621252925000002
streaming/present,ewr-09,joint,reset,0,0.0,2.0802818946775288,1.0621252925000002
streaming/recency,ewr-09,joint,reset,0,0.0,2.1223490426911127,1.0444812499999996
streaming/reference,ewr-09,joint,reset,0,0.0,2.0802818946775288,1.0621252925000002
streaming/transition1,ewr-09,joint,reset,0,0.0,2.0802818946775288,1.0621252925000002
streaming/transition2,ewr-09,joint,reset,0,0.0,2.0802818946775288,1.0621252925000002
streaming/transition3,ewr-09,joint,reset,0,0.0,2.0802818946775288,1.0621252925000002
fixed/absolute,ewr-09,joint,reset,0,0.0,2.0802818946775288,1.0621252925000002
fixed/present,ewr-09,joint,reset,0,0.0,2.0802818946775288,1.0621252925000002
fixed/recency,ewr-09,joint,reset,0,0.0,2.1223490426911127,1.0444812499999996
fixed/reference,ewr-09,joint,reset,0,0.0,2.0802818946775288,1.0621252925000002
fixed/transition1,ewr-09,joint,reset,0,0.0,2.0802818946775288,1.0621252925000002
fixed/transition2,ewr-09,joint,reset,0,0.0,2.0802818946775288,1.0621252925000002
fixed/transition3,ewr-09,joint,reset,0,0.0,2.0802818946775288,1.0621252925000002
oracle-boundary/absolute,ewr-09,joint,reset,0,0.0,2.0802818946775288,1.0621252925000002
oracle-boundary/present,ewr-09,joint,reset,0,0.0,2.0802818946775288,1.0621252925000002
oracle-boundary/recency,ewr-09,joint,reset,0,0.0,2.1223490426911127,1.0444812499999996
oracle-boundary/reference,ewr-09,joint,reset,0,0.0,2.0802818946775288,1.0621252925000002
oracle-boundary/transition1,ewr-09,joint,reset,0,0.0,2.0802818946775288,1.0621252925000002
oracle-boundary/transition2,ewr-09,joint,reset,0,0.0,2.0802818946775288,1.0621252925000002
oracle-boundary/transition3,ewr-09,joint,reset,0,0.0,2.0802818946775288,1.0621252925000002
repaired/absolute,ewr-09,joint,reset,1,0.0,2.0802818946775288,1.0621252925000002
repaired/present,ewr-09,joint,reset,1,0.0,2.0802818946775288,1.0621252925000002
repaired/recency,ewr-09,joint,reset,1,0.0,2.1223490426911127,1.0444812499999996
repaired/reference,ewr-09,joint,reset,1,0.0,2.0802818946775288,1.0621252925000002
repaired/transition1,ewr-09,joint,reset,1,0.0,2.0802818946775288,1.0621252925000002
repaired/transition2,ewr-09,joint,reset,1,0.0,2.0802818946775288,1.0621252925000002
repaired/transition3,ewr-09,joint,reset,1,0.0,2.0802818946775288,1.0621252925000002
streaming/absolute,ewr-09,joint,reset,1,0.0,2.0802818946775288,1.0621252925000002
streaming/present,ewr-09,joint,reset,1,0.0,2.0802818946775288,1.0621252925000002
streaming/recency,ewr-09,joint,reset,1,0.0,2.1223490426911127,1.0444812499999996
streaming/reference,ewr-09,joint,reset,1,0.0,2.0802818946775288,1.0621252925000002
streaming/transition1,ewr-09,joint,reset,1,0.0,2.0802818946775288,1.0621252925000002
streaming/transition2,ewr-09,joint,reset,1,0.0,2.0802818946775288,1.0621252925000002
streaming/transition3,ewr-09,joint,reset,1,0.0,2.0802818946775288,1.0621252925000002
fixed/absolute,ewr-09,joint,reset,1,0.0,2.0802818946775288,1.0621252925000002
fixed/present,ewr-09,joint,reset,1,0.0,2.0802818946775288,1.0621252925000002
fixed/recency,ewr-09,joint,reset,1,0.0,2.1223490426911127,1.0444812499999996
fixed/reference,ewr-09,joint,reset,1,0.0,2.0802818946775288,1.0621252925000002
fixed/transition1,ewr-09,joint,reset,1,0.0,2.0802818946775288,1.0621252925000002
fixed/transition2,ewr-09,joint,reset,1,0.0,2.0802818946775288,1.0621252925000002
fixed/transition3,ewr-09,joint,reset,1,0.0,2.0802818946775288,1.0621252925000002
oracle-boundary/absolute,ewr-09,joint,reset,1,0.0,2.0802818946775288,1.0621252925000002
oracle-boundary/present,ewr-09,joint,reset,1,0.0,2.0802818946775288,1.0621252925000002
oracle-boundary/recency,ewr-09,joint,reset,1,0.0,2.1223490426911127,1.0444812499999996
oracle-boundary/reference,ewr-09,joint,reset,1,0.0,2.0802818946775288,1.0621252925000002
oracle-boundary/transition1,ewr-09,joint,reset,1,0.0,2.0802818946775288,1.0621252925000002
oracle-boundary/transition2,ewr-09,joint,reset,1,0.0,2.0802818946775288,1.0621252925000002
oracle-boundary/transition3,ewr-09,joint,reset,1,0.0,2.0802818946775288,1.0621252925000002
repaired/absolute,ewr-09,joint,removal,0,0.0,2.0802818946775288,1.0621252925000002
repaired/present,ewr-09,joint,removal,0,0.0,2.0802818946775288,1.0621252925000002
repaired/recency,ewr-09,joint,removal,0,0.0,2.1223490426911127,1.0444812499999996
repaired/reference,ewr-09,joint,removal,0,0.0,2.0802818946775288,1.0621252925000002
repaired/transition1,ewr-09,joint,removal,0,0.0,2.0802818946775288,1.0621252925000002
repaired/transition2,ewr-09,joint,removal,0,0.0,2.0802818946775288,1.0621252925000002
repaired/transition3,ewr-09,joint,removal,0,0.0,2.0802818946775288,1.0621252925000002
streaming/absolute,ewr-09,joint,removal,0,0.0,2.0802818946775288,1.0621252925000002
streaming/present,ewr-09,joint,removal,0,0.0,2.0802818946775288,1.0621252925000002
streaming/recency,ewr-09,joint,removal,0,0.0,2.1223490426911127,1.0444812499999996
streaming/reference,ewr-09,joint,removal,0,0.0,2.0802818946775288,1.0621252925000002
streaming/transition1,ewr-09,joint,removal,0,0.0,2.0802818946775288,1.0621252925000002
streaming/transition2,ewr-09,joint,removal,0,0.0,2.0802818946775288,1.0621252925000002
streaming/transition3,ewr-09,joint,removal,0,0.0,2.0802818946775288,1.0621252925000002
fixed/absolute,ewr-09,joint,removal,0,0.0,2.0802818946775288,1.0621252925000002
fixed/present,ewr-09,joint,removal,0,0.0,2.0802818946775288,1.0621252925000002
fixed/recency,ewr-09,joint,removal,0,0.0,2.1223490426911127,1.0444812499999996
fixed/reference,ewr-09,joint,removal,0,0.0,2.0802818946775288,1.0621252925000002
fixed/transition1,ewr-09,joint,removal,0,0.0,2.0802818946775288,1.0621252925000002
fixed/transition2,ewr-09,joint,removal,0,0.0,2.0802818946775288,1.0621252925000002
fixed/transition3,ewr-09,joint,removal,0,0.0,2.0802818946775288,1.0621252925000002
oracle-boundary/absolute,ewr-09,joint,removal,0,0.0,2.0802818946775288,1.0621252925000002
oracle-boundary/present,ewr-09,joint,removal,0,0.0,2.0802818946775288,1.0621252925000002
oracle-boundary/recency,ewr-09,joint,removal,0,0.0,2.1223490426911127,1.0444812499999996
oracle-boundary/reference,ewr-09,joint,removal,0,0.0,2.0802818946775288,1.0621252925000002
oracle-boundary/transition1,ewr-09,joint,removal,0,0.0,2.0802818946775288,1.0621252925000002
oracle-boundary/transition2,ewr-09,joint,removal,0,0.0,2.0802818946775288,1.0621252925000002
oracle-boundary/transition3,ewr-09,joint,removal,0,0.0,2.0802818946775288,1.0621252925000002
repaired/absolute,ewr-09,joint,removal,1,0.0,2.0802818946775288,1.0621252925000002
repaired/present,ewr-09,joint,removal,1,0.0,2.0802818946775288,1.0621252925000002
repaired/recency,ewr-09,joint,removal,1,0.0,2.1223490426911127,1.0444812499999996
repaired/reference,ewr-09,joint,removal,1,0.0,2.0802818946775288,1.0621252925000002
repaired/transition1,ewr-09,joint,removal,1,0.0,2.0802818946775288,1.0621252925000002
repaired/transition2,ewr-09,joint,removal,1,0.0,2.0802818946775288,1.0621252925000002
repaired/transition3,ewr-09,joint,removal,1,0.0,2.0802818946775288,1.0621252925000002
streaming/absolute,ewr-09,joint,removal,1,0.0,2.0802818946775288,1.0621252925000002
streaming/present,ewr-09,joint,removal,1,0.0,2.0802818946775288,1.0621252925000002
streaming/recency,ewr-09,joint,removal,1,0.0,2.1223490426911127,1.0444812499999996
streaming/reference,ewr-09,joint,removal,1,0.0,2.0802818946775288,1.0621252925000002
streaming/transition1,ewr-09,joint,removal,1,0.0,2.0802818946775288,1.0621252925000002
streaming/transition2,ewr-09,joint,removal,1,0.0,2.0802818946775288,1.0621252925000002
streaming/transition3,ewr-09,joint,removal,1,0.0,2.0802818946775288,1.0621252925000002
fixed/absolute,ewr-09,joint,removal,1,0.0,2.0802818946775288,1.0621252925000002
fixed/present,ewr-09,joint,removal,1,0.0,2.0802818946775288,1.0621252925000002
fixed/recency,ewr-09,joint,removal,1,0.0,2.1223490426911127,1.0444812499999996
fixed/reference,ewr-09,joint,removal,1,0.0,2.0802818946775288,1.0621252925000002
fixed/transition1,ewr-09,joint,removal,1,0.0,2.0802818946775288,1.0621252925000002
fixed/transition2,ewr-09,joint,removal,1,0.0,2.0802818946775288,1.0621252925000002
fixed/transition3,ewr-09,joint,removal,1,0.0,2.0802818946775288,1.0621252925000002
oracle-boundary/absolute,ewr-09,joint,removal,1,0.0,2.0802818946775288,1.0621252925000002
oracle-boundary/present,ewr-09,joint,removal,1,0.0,2.0802818946775288,1.0621252925000002
oracle-boundary/recency,ewr-09,joint,removal,1,0.0,2.1223490426911127,1.0444812499999996
oracle-boundary/reference,ewr-09,joint,removal,1,0.0,2.0802818946775288,1.0621252925000002
oracle-boundary/transition1,ewr-09,joint,removal,1,0.0,2.0802818946775288,1.0621252925000002
oracle-boundary/transition2,ewr-09,joint,removal,1,0.0,2.0802818946775288,1.0621252925000002
oracle-boundary/transition3,ewr-09,joint,removal,1,0.0,2.0802818946775288,1.0621252925000002
repaired/absolute,ewr-09,joint,swap,0,1.0,0.0009804805139614205,9.800000000392828e-07
repaired/present,ewr-09,joint,swap,0,0.0,2.0802818946775288,1.0621252925000002
repaired/recency,ewr-09,joint,swap,0,1.0,0.05024121643674679,0.0024500000000000632
repaired/reference,ewr-09,joint,swap,0,1.0,0.0009804805139614205,9.800000000392828e-07
repaired/transition1,ewr-09,joint,swap,0,1.0,0.6937527720163527,0.49964595099061127
repaired/transition2,ewr-09,joint,swap,0,1.0,0.0009804805139614205,9.800000000392828e-07
repaired/transition3,ewr-09,joint,swap,0,1.0,0.0009804805139614205,9.800000000392828e-07
streaming/absolute,ewr-09,joint,swap,0,0.0,2.0802818946775288,1.0621252925000002
streaming/present,ewr-09,joint,swap,0,0.0,2.0802818946775288,1.0621252925000002
streaming/recency,ewr-09,joint,swap,0,0.0,2.1223490426911127,1.0444812499999996
streaming/reference,ewr-09,joint,swap,0,0.0,2.0802818946775288,1.0621252925000002
streaming/transition1,ewr-09,joint,swap,0,0.0,2.0802818946775288,1.0621252925000002
streaming/transition2,ewr-09,joint,swap,0,0.0,2.0802818946775288,1.0621252925000002
streaming/transition3,ewr-09,joint,swap,0,0.0,2.0802818946775288,1.0621252925000002
fixed/absolute,ewr-09,joint,swap,0,0.0,2.0802818946775288,1.0621252925000002
fixed/present,ewr-09,joint,swap,0,0.0,2.0802818946775288,1.0621252925000002
fixed/recency,ewr-09,joint,swap,0,0.0,2.1223490426911127,1.0444812499999996
fixed/reference,ewr-09,joint,swap,0,0.0,2.0802818946775288,1.0621252925000002
fixed/transition1,ewr-09,joint,swap,0,0.0,2.0802818946775288,1.0621252925000002
fixed/transition2,ewr-09,joint,swap,0,0.0,2.0802818946775288,1.0621252925000002
fixed/transition3,ewr-09,joint,swap,0,0.0,2.0802818946775288,1.0621252925000002
oracle-boundary/absolute,ewr-09,joint,swap,0,1.0,0.0009804805139614205,9.800000000392828e-07
oracle-boundary/present,ewr-09,joint,swap,0,0.0,2.0802818946775288,1.0621252925000002
oracle-boundary/recency,ewr-09,joint,swap,0,1.0,0.05024121643674679,0.0024500000000000632
oracle-boundary/reference,ewr-09,joint,swap,0,1.0,0.0009804805139614205,9.800000000392828e-07
oracle-boundary/transition1,ewr-09,joint,swap,0,0.0,0.6941076416550698,0.5000004800000002
oracle-boundary/transition2,ewr-09,joint,swap,0,1.0,0.0009804805139614205,9.800000000392828e-07
oracle-boundary/transition3,ewr-09,joint,swap,0,1.0,0.0009804805139614205,9.800000000392828e-07
repaired/absolute,ewr-09,joint,swap,1,1.0,0.0009804805139616427,9.800000000392828e-07
repaired/present,ewr-09,joint,swap,1,0.0,2.0802818946775288,1.0621252925000002
repaired/recency,ewr-09,joint,swap,1,1.0,0.05024121643674679,0.0024500000000000632
repaired/reference,ewr-09,joint,swap,1,1.0,0.0009804805139616427,9.800000000392828e-07
repaired/transition1,ewr-09,joint,swap,1,1.0,0.6937527720163527,0.49964595099061127
repaired/transition2,ewr-09,joint,swap,1,1.0,0.0009804805139616427,9.800000000392828e-07
repaired/transition3,ewr-09,joint,swap,1,1.0,0.0009804805139616427,9.800000000392828e-07
streaming/absolute,ewr-09,joint,swap,1,0.0,2.0802818946775288,1.0621252925000002
streaming/present,ewr-09,joint,swap,1,0.0,2.0802818946775288,1.0621252925000002
streaming/recency,ewr-09,joint,swap,1,0.0,2.1223490426911127,1.0444812499999996
streaming/reference,ewr-09,joint,swap,1,0.0,2.0802818946775288,1.0621252925000002
streaming/transition1,ewr-09,joint,swap,1,0.0,2.0802818946775288,1.0621252925000002
streaming/transition2,ewr-09,joint,swap,1,0.0,2.0802818946775288,1.0621252925000002
streaming/transition3,ewr-09,joint,swap,1,0.0,2.0802818946775288,1.0621252925000002
fixed/absolute,ewr-09,joint,swap,1,0.0,2.0802818946775288,1.0621252925000002
fixed/present,ewr-09,joint,swap,1,0.0,2.0802818946775288,1.0621252925000002
fixed/recency,ewr-09,joint,swap,1,0.0,2.1223490426911127,1.0444812499999996
fixed/reference,ewr-09,joint,swap,1,0.0,2.0802818946775288,1.0621252925000002
fixed/transition1,ewr-09,joint,swap,1,0.0,2.0802818946775288,1.0621252925000002
fixed/transition2,ewr-09,joint,swap,1,0.0,2.0802818946775288,1.0621252925000002
fixed/transition3,ewr-09,joint,swap,1,0.0,2.0802818946775288,1.0621252925000002
oracle-boundary/absolute,ewr-09,joint,swap,1,1.0,0.0009804805139616427,9.800000000392828e-07
oracle-boundary/present,ewr-09,joint,swap,1,0.0,2.0802818946775288,1.0621252925000002
oracle-boundary/recency,ewr-09,joint,swap,1,1.0,0.05024121643674679,0.0024500000000000632
oracle-boundary/reference,ewr-09,joint,swap,1,1.0,0.0009804805139616427,9.800000000392828e-07
oracle-boundary/transition1,ewr-09,joint,swap,1,1.0,0.6941076416550698,0.5000004800000002
oracle-boundary/transition2,ewr-09,joint,swap,1,1.0,0.0009804805139616427,9.800000000392828e-07
oracle-boundary/transition3,ewr-09,joint,swap,1,1.0,0.0009804805139616427,9.800000000392828e-07
repaired/absolute,ewr-09,joint,shuffle,0,1.0,0.0009804805139616427,9.800000000392828e-07
repaired/present,ewr-09,joint,shuffle,0,0.0,2.0802818946775288,1.0621252925000002
repaired/recency,ewr-09,joint,shuffle,0,0.0,6.907755278982137,1.90245
repaired/reference,ewr-09,joint,shuffle,0,1.0,0.0009804805139616427,9.800000000392828e-07
repaired/transition1,ewr-09,joint,shuffle,0,0.0,0.6944626372709543,0.5003551347447881
repaired/transition2,ewr-09,joint,shuffle,0,1.0,0.0009804805139616427,9.800000000392828e-07
repaired/transition3,ewr-09,joint,shuffle,0,1.0,0.0009804805139616427,9.800000000392828e-07
streaming/absolute,ewr-09,joint,shuffle,0,0.0,2.0802818946775288,1.0621252925000002
streaming/present,ewr-09,joint,shuffle,0,0.0,2.0802818946775288,1.0621252925000002
streaming/recency,ewr-09,joint,shuffle,0,0.0,2.1223490426911127,1.0444812499999996
streaming/reference,ewr-09,joint,shuffle,0,0.0,2.0802818946775288,1.0621252925000002
streaming/transition1,ewr-09,joint,shuffle,0,0.0,2.0802818946775288,1.0621252925000002
streaming/transition2,ewr-09,joint,shuffle,0,0.0,2.0802818946775288,1.0621252925000002
streaming/transition3,ewr-09,joint,shuffle,0,0.0,2.0802818946775288,1.0621252925000002
fixed/absolute,ewr-09,joint,shuffle,0,0.0,2.0802818946775288,1.0621252925000002
fixed/present,ewr-09,joint,shuffle,0,0.0,2.0802818946775288,1.0621252925000002
fixed/recency,ewr-09,joint,shuffle,0,0.0,2.1223490426911127,1.0444812499999996
fixed/reference,ewr-09,joint,shuffle,0,0.0,2.0802818946775288,1.0621252925000002
fixed/transition1,ewr-09,joint,shuffle,0,0.0,2.0802818946775288,1.0621252925000002
fixed/transition2,ewr-09,joint,shuffle,0,0.0,2.0802818946775288,1.0621252925000002
fixed/transition3,ewr-09,joint,shuffle,0,0.0,2.0802818946775288,1.0621252925000002
oracle-boundary/absolute,ewr-09,joint,shuffle,0,1.0,0.0009804805139616427,9.800000000392828e-07
oracle-boundary/present,ewr-09,joint,shuffle,0,0.0,2.0802818946775288,1.0621252925000002
oracle-boundary/recency,ewr-09,joint,shuffle,0,0.0,6.907755278982137,1.90245
oracle-boundary/reference,ewr-09,joint,shuffle,0,1.0,0.0009804805139616427,9.800000000392828e-07
oracle-boundary/transition1,ewr-09,joint,shuffle,0,1.0,0.6941076416550698,0.5000004800000002
oracle-boundary/transition2,ewr-09,joint,shuffle,0,1.0,0.0009804805139616427,9.800000000392828e-07
oracle-boundary/transition3,ewr-09,joint,shuffle,0,1.0,0.0009804805139616427,9.800000000392828e-07
repaired/absolute,ewr-09,joint,shuffle,1,1.0,0.0009804805139614205,9.800000000392828e-07
repaired/present,ewr-09,joint,shuffle,1,0.0,2.0802818946775288,1.0621252925000002
repaired/recency,ewr-09,joint,shuffle,1,0.0,6.907755278982137,1.90245
repaired/reference,ewr-09,joint,shuffle,1,1.0,0.0009804805139614205,9.800000000392828e-07
repaired/transition1,ewr-09,joint,shuffle,1,0.0,0.6944626372709543,0.5003551347447881
repaired/transition2,ewr-09,joint,shuffle,1,1.0,0.0009804805139614205,9.800000000392828e-07
repaired/transition3,ewr-09,joint,shuffle,1,1.0,0.0009804805139614205,9.800000000392828e-07
streaming/absolute,ewr-09,joint,shuffle,1,0.0,2.0802818946775288,1.0621252925000002
streaming/present,ewr-09,joint,shuffle,1,0.0,2.0802818946775288,1.0621252925000002
streaming/recency,ewr-09,joint,shuffle,1,0.0,2.1223490426911127,1.0444812499999996
streaming/reference,ewr-09,joint,shuffle,1,0.0,2.0802818946775288,1.0621252925000002
streaming/transition1,ewr-09,joint,shuffle,1,0.0,2.0802818946775288,1.0621252925000002
streaming/transition2,ewr-09,joint,shuffle,1,0.0,2.0802818946775288,1.0621252925000002
streaming/transition3,ewr-09,joint,shuffle,1,0.0,2.0802818946775288,1.0621252925000002
fixed/absolute,ewr-09,joint,shuffle,1,0.0,2.0802818946775288,1.0621252925000002
fixed/present,ewr-09,joint,shuffle,1,0.0,2.0802818946775288,1.0621252925000002
fixed/recency,ewr-09,joint,shuffle,1,0.0,2.1223490426911127,1.0444812499999996
fixed/reference,ewr-09,joint,shuffle,1,0.0,2.0802818946775288,1.0621252925000002
fixed/transition1,ewr-09,joint,shuffle,1,0.0,2.0802818946775288,1.0621252925000002
fixed/transition2,ewr-09,joint,shuffle,1,0.0,2.0802818946775288,1.0621252925000002
fixed/transition3,ewr-09,joint,shuffle,1,0.0,2.0802818946775288,1.0621252925000002
oracle-boundary/absolute,ewr-09,joint,shuffle,1,1.0,0.0009804805139614205,9.800000000392828e-07
oracle-boundary/present,ewr-09,joint,shuffle,1,0.0,2.0802818946775288,1.0621252925000002
oracle-boundary/recency,ewr-09,joint,shuffle,1,0.0,6.907755278982137,1.90245
oracle-boundary/reference,ewr-09,joint,shuffle,1,1.0,0.0009804805139614205,9.800000000392828e-07
oracle-boundary/transition1,ewr-09,joint,shuffle,1,0.0,0.6941076416550698,0.5000004800000002
oracle-boundary/transition2,ewr-09,joint,shuffle,1,1.0,0.0009804805139614205,9.800000000392828e-07
oracle-boundary/transition3,ewr-09,joint,shuffle,1,1.0,0.0009804805139614205,9.800000000392828e-07
repaired/absolute,ewr-09,joint,ambiguous,0,1.0,0.6941077046436535,0.5000005428676997
repaired/present,ewr-09,joint,ambiguous,0,0.0,2.0802818946775288,1.0621252925
repaired/recency,ewr-09,joint,ambiguous,0,1.0,3.4789982477094417,0.95245
repaired/reference,ewr-09,joint,ambiguous,0,1.0,0.6941077270341909,0.5000005652152646
repaired/transition1,ewr-09,joint,ambiguous,0,1.0,0.6941077046436535,0.5000005428676997
repaired/transition2,ewr-09,joint,ambiguous,0,1.0,0.6941077046436535,0.5000005428676997
repaired/transition3,ewr-09,joint,ambiguous,0,1.0,0.6941077046436535,0.5000005428676997
streaming/absolute,ewr-09,joint,ambiguous,0,0.0,2.0802818946775288,1.0621252925
streaming/present,ewr-09,joint,ambiguous,0,0.0,2.0802818946775288,1.0621252925
streaming/recency,ewr-09,joint,ambiguous,0,0.0,2.1223490426911127,1.04448125
streaming/reference,ewr-09,joint,ambiguous,0,0.0,2.0802818946775288,1.0621252925
streaming/transition1,ewr-09,joint,ambiguous,0,0.0,2.0802818946775288,1.0621252925
streaming/transition2,ewr-09,joint,ambiguous,0,0.0,2.0802818946775288,1.0621252925
streaming/transition3,ewr-09,joint,ambiguous,0,0.0,2.0802818946775288,1.0621252925
fixed/absolute,ewr-09,joint,ambiguous,0,0.0,2.0802818946775288,1.0621252925
fixed/present,ewr-09,joint,ambiguous,0,0.0,2.0802818946775288,1.0621252925
fixed/recency,ewr-09,joint,ambiguous,0,0.0,2.1223490426911127,1.04448125
fixed/reference,ewr-09,joint,ambiguous,0,0.0,2.0802818946775288,1.0621252925
fixed/transition1,ewr-09,joint,ambiguous,0,0.0,2.0802818946775288,1.0621252925
fixed/transition2,ewr-09,joint,ambiguous,0,0.0,2.0802818946775288,1.0621252925
fixed/transition3,ewr-09,joint,ambiguous,0,0.0,2.0802818946775288,1.0621252925
oracle-boundary/absolute,ewr-09,joint,ambiguous,0,1.0,0.6941076416550698,0.50000048
oracle-boundary/present,ewr-09,joint,ambiguous,0,0.0,2.0802818946775288,1.0621252925
oracle-boundary/recency,ewr-09,joint,ambiguous,0,1.0,3.4789982477094417,0.95245
oracle-boundary/reference,ewr-09,joint,ambiguous,0,1.0,0.6941076416550698,0.50000048
oracle-boundary/transition1,ewr-09,joint,ambiguous,0,1.0,0.6941076416550698,0.50000048
oracle-boundary/transition2,ewr-09,joint,ambiguous,0,1.0,0.6941076416550698,0.50000048
oracle-boundary/transition3,ewr-09,joint,ambiguous,0,1.0,0.6941076416550698,0.50000048
repaired/absolute,ewr-09,joint,ambiguous,1,0.0,0.6941077046436535,0.5000005428676997
repaired/present,ewr-09,joint,ambiguous,1,0.0,2.0802818946775288,1.0621252925
repaired/recency,ewr-09,joint,ambiguous,1,0.0,3.4789982477094417,0.95245
repaired/reference,ewr-09,joint,ambiguous,1,0.0,0.6941077270341909,0.5000005652152646
repaired/transition1,ewr-09,joint,ambiguous,1,0.0,0.6941077046436535,0.5000005428676997
repaired/transition2,ewr-09,joint,ambiguous,1,0.0,0.6941077046436535,0.5000005428676997
repaired/transition3,ewr-09,joint,ambiguous,1,0.0,0.6941077046436535,0.5000005428676997
streaming/absolute,ewr-09,joint,ambiguous,1,0.0,2.0802818946775288,1.0621252925
streaming/present,ewr-09,joint,ambiguous,1,0.0,2.0802818946775288,1.0621252925
streaming/recency,ewr-09,joint,ambiguous,1,0.0,2.1223490426911127,1.04448125
streaming/reference,ewr-09,joint,ambiguous,1,0.0,2.0802818946775288,1.0621252925
streaming/transition1,ewr-09,joint,ambiguous,1,0.0,2.0802818946775288,1.0621252925
streaming/transition2,ewr-09,joint,ambiguous,1,0.0,2.0802818946775288,1.0621252925
streaming/transition3,ewr-09,joint,ambiguous,1,0.0,2.0802818946775288,1.0621252925
fixed/absolute,ewr-09,joint,ambiguous,1,0.0,2.0802818946775288,1.0621252925
fixed/present,ewr-09,joint,ambiguous,1,0.0,2.0802818946775288,1.0621252925
fixed/recency,ewr-09,joint,ambiguous,1,0.0,2.1223490426911127,1.04448125
fixed/reference,ewr-09,joint,ambiguous,1,0.0,2.0802818946775288,1.0621252925
fixed/transition1,ewr-09,joint,ambiguous,1,0.0,2.0802818946775288,1.0621252925
fixed/transition2,ewr-09,joint,ambiguous,1,0.0,2.0802818946775288,1.0621252925
fixed/transition3,ewr-09,joint,ambiguous,1,0.0,2.0802818946775288,1.0621252925
oracle-boundary/absolute,ewr-09,joint,ambiguous,1,0.0,0.6941076416550698,0.50000048
oracle-boundary/present,ewr-09,joint,ambiguous,1,0.0,2.0802818946775288,1.0621252925
oracle-boundary/recency,ewr-09,joint,ambiguous,1,0.0,3.4789982477094417,0.95245
oracle-boundary/reference,ewr-09,joint,ambiguous,1,0.0,0.6941076416550698,0.50000048
oracle-boundary/transition1,ewr-09,joint,ambiguous,1,0.0,0.6941076416550698,0.50000048
oracle-boundary/transition2,ewr-09,joint,ambiguous,1,0.0,0.6941076416550698,0.50000048
oracle-boundary/transition3,ewr-09,joint,ambiguous,1,0.0,0.6941076416550698,0.50000048
repaired/absolute,ewr-10,detached,intact,0,1.0,0.0009804805139616427,9.800000000392828e-07
repaired/present,ewr-10,detached,intact,0,0.0,10.819778284410283,1.3118752925
repaired/recency,ewr-10,detached,intact,0,1.0,0.05024121643674679,0.0024500000000000632
repaired/reference,ewr-10,detached,intact,0,1.0,0.0009804805139616427,9.800000000392828e-07
repaired/transition1,ewr-10,detached,intact,0,0.0,0.695547751316613,0.5014392051696488
repaired/transition2,ewr-10,detached,intact,0,1.0,0.0009804805139616427,9.800000000392828e-07
repaired/transition3,ewr-10,detached,intact,0,1.0,0.0009804805139616427,9.800000000392828e-07
streaming/absolute,ewr-10,detached,intact,0,1.0,0.0009804805139616427,9.800000000392828e-07
streaming/present,ewr-10,detached,intact,0,0.0,10.819778284410283,1.3118752925
streaming/recency,ewr-10,detached,intact,0,1.0,0.05024121643674679,0.0024500000000000632
streaming/reference,ewr-10,detached,intact,0,1.0,0.0009804805139616427,9.800000000392828e-07
streaming/transition1,ewr-10,detached,intact,0,1.0,0.0009804805139616427,9.800000000392828e-07
streaming/transition2,ewr-10,detached,intact,0,1.0,0.0009804805139616427,9.800000000392828e-07
streaming/transition3,ewr-10,detached,intact,0,1.0,0.0009804805139616427,9.800000000392828e-07
fixed/absolute,ewr-10,detached,intact,0,0.0,10.819778284410283,1.3118752925
fixed/present,ewr-10,detached,intact,0,0.0,10.819778284410283,1.3118752925
fixed/recency,ewr-10,detached,intact,0,0.0,6.907755278982137,1.2819812499999999
fixed/reference,ewr-10,detached,intact,0,0.0,10.819778284410283,1.3118752925
fixed/transition1,ewr-10,detached,intact,0,0.0,10.819778284410283,1.3118752925
fixed/transition2,ewr-10,detached,intact,0,0.0,10.819778284410283,1.3118752925
fixed/transition3,ewr-10,detached,intact,0,0.0,10.819778284410283,1.3118752925
oracle-boundary/absolute,ewr-10,detached,intact,0,1.0,0.0009804805139616427,9.800000000392828e-07
oracle-boundary/present,ewr-10,detached,intact,0,0.0,10.819778284410283,1.3118752925
oracle-boundary/recency,ewr-10,detached,intact,0,1.0,0.05024121643674679,0.0024500000000000632
oracle-boundary/reference,ewr-10,detached,intact,0,1.0,0.0009804805139616427,9.800000000392828e-07
oracle-boundary/transition1,ewr-10,detached,intact,0,1.0,0.69410764165507,0.50000048
oracle-boundary/transition2,ewr-10,detached,intact,0,1.0,0.0009804805139616427,9.800000000392828e-07
oracle-boundary/transition3,ewr-10,detached,intact,0,1.0,0.0009804805139616427,9.800000000392828e-07
repaired/absolute,ewr-10,detached,intact,1,1.0,0.0009804805139614205,9.800000000392828e-07
repaired/present,ewr-10,detached,intact,1,0.0,10.819778284410283,1.3118752925
repaired/recency,ewr-10,detached,intact,1,1.0,0.05024121643674679,0.0024500000000000632
repaired/reference,ewr-10,detached,intact,1,1.0,0.0009804805139614205,9.800000000392828e-07
repaired/transition1,ewr-10,detached,intact,1,0.0,0.6955477513166132,0.5014392051696488
repaired/transition2,ewr-10,detached,intact,1,1.0,0.0009804805139614205,9.800000000392828e-07
repaired/transition3,ewr-10,detached,intact,1,1.0,0.0009804805139614205,9.800000000392828e-07
streaming/absolute,ewr-10,detached,intact,1,1.0,0.0009804805139614205,9.800000000392828e-07
streaming/present,ewr-10,detached,intact,1,0.0,10.819778284410283,1.3118752925
streaming/recency,ewr-10,detached,intact,1,1.0,0.05024121643674679,0.0024500000000000632
streaming/reference,ewr-10,detached,intact,1,1.0,0.0009804805139614205,9.800000000392828e-07
streaming/transition1,ewr-10,detached,intact,1,0.0,0.8174734185919427,0.6226707888385428
streaming/transition2,ewr-10,detached,intact,1,1.0,0.0009804805139614205,9.800000000392828e-07
streaming/transition3,ewr-10,detached,intact,1,1.0,0.0009804805139614205,9.800000000392828e-07
fixed/absolute,ewr-10,detached,intact,1,0.0,10.819778284410283,1.3118752925
fixed/present,ewr-10,detached,intact,1,0.0,10.819778284410283,1.3118752925
fixed/recency,ewr-10,detached,intact,1,0.0,6.907755278981546,1.9024499999999978
fixed/reference,ewr-10,detached,intact,1,0.0,10.819778284410283,1.3118752925
fixed/transition1,ewr-10,detached,intact,1,0.0,10.819778284379225,1.9980009799999978
fixed/transition2,ewr-10,detached,intact,1,0.0,10.819778284410283,1.3118752925
fixed/transition3,ewr-10,detached,intact,1,0.0,10.819778284410283,1.3118752925
oracle-boundary/absolute,ewr-10,detached,intact,1,1.0,0.0009804805139614205,9.800000000392828e-07
oracle-boundary/present,ewr-10,detached,intact,1,0.0,10.819778284410283,1.3118752925
oracle-boundary/recency,ewr-10,detached,intact,1,1.0,0.05024121643674679,0.0024500000000000632
oracle-boundary/reference,ewr-10,detached,intact,1,1.0,0.0009804805139614205,9.800000000392828e-07
oracle-boundary/transition1,ewr-10,detached,intact,1,0.0,0.69410764165507,0.50000048
oracle-boundary/transition2,ewr-10,detached,intact,1,1.0,0.0009804805139614205,9.800000000392828e-07
oracle-boundary/transition3,ewr-10,detached,intact,1,1.0,0.0009804805139614205,9.800000000392828e-07
repaired/absolute,ewr-10,legato,intact,0,1.0,0.0009804805139616427,9.800000000392828e-07
repaired/present,ewr-10,legato,intact,0,0.0,10.819778284410283,1.3118752925
repaired/recency,ewr-10,legato,intact,0,1.0,0.05024121643674679,0.0024500000000000632
repaired/reference,ewr-10,legato,intact,0,1.0,0.0009804805139616427,9.800000000392828e-07
repaired/transition1,ewr-10,legato,intact,0,1.0,0.6886629728610841,0.49456107776449265
repaired/transition2,ewr-10,legato,intact,0,1.0,0.0009804805139616427,9.800000000392828e-07
repaired/transition3,ewr-10,legato,intact,0,1.0,0.0009804805139616427,9.800000000392828e-07
streaming/absolute,ewr-10,legato,intact,0,1.0,0.0009804805139616427,9.800000000392828e-07
streaming/present,ewr-10,legato,intact,0,0.0,10.819778284410283,1.3118752925
streaming/recency,ewr-10,legato,intact,0,1.0,0.05024121643674679,0.0024500000000000632
streaming/reference,ewr-10,legato,intact,0,1.0,0.0009804805139616427,9.800000000392828e-07
streaming/transition1,ewr-10,legato,intact,0,1.0,0.6912232142630385,0.4971188256660444
streaming/transition2,ewr-10,legato,intact,0,1.0,0.0009804805139616427,9.800000000392828e-07
streaming/transition3,ewr-10,legato,intact,0,1.0,0.0009804805139616427,9.800000000392828e-07
fixed/absolute,ewr-10,legato,intact,0,0.0,10.819778284410283,1.3118752925
fixed/present,ewr-10,legato,intact,0,0.0,10.819778284410283,1.3118752925
fixed/recency,ewr-10,legato,intact,0,0.0,6.907755278982137,1.90245
fixed/reference,ewr-10,legato,intact,0,0.0,10.819778284410283,1.3118752925
fixed/transition1,ewr-10,legato,intact,0,0.0,10.819778284410283,1.4990040461533667
fixed/transition2,ewr-10,legato,intact,0,0.0,10.819778284410283,1.3118752925
fixed/transition3,ewr-10,legato,intact,0,0.0,10.819778284410283,1.3118752925
oracle-boundary/absolute,ewr-10,legato,intact,0,1.0,0.0009804805139616427,9.800000000392828e-07
oracle-boundary/present,ewr-10,legato,intact,0,0.0,10.819778284410283,1.3118752925
oracle-boundary/recency,ewr-10,legato,intact,0,1.0,0.05024121643674679,0.0024500000000000632
oracle-boundary/reference,ewr-10,legato,intact,0,1.0,0.0009804805139616427,9.800000000392828e-07
oracle-boundary/transition1,ewr-10,legato,intact,0,1.0,0.69410764165507,0.50000048
oracle-boundary/transition2,ewr-10,legato,intact,0,1.0,0.0009804805139616427,9.800000000392828e-07
oracle-boundary/transition3,ewr-10,legato,intact,0,1.0,0.0009804805139616427,9.800000000392828e-07
repaired/absolute,ewr-10,legato,intact,1,1.0,0.0009804805139614205,9.800000000392828e-07
repaired/present,ewr-10,legato,intact,1,0.0,10.819778284410283,1.3118752925
repaired/recency,ewr-10,legato,intact,1,1.0,0.05024121643674679,0.0024500000000000632
repaired/reference,ewr-10,legato,intact,1,1.0,0.0009804805139614205,9.800000000392828e-07
repaired/transition1,ewr-10,legato,intact,1,1.0,0.690056192352842,0.49595293439915933
repaired/transition2,ewr-10,legato,intact,1,1.0,0.0009804805139614205,9.800000000392828e-07
repaired/transition3,ewr-10,legato,intact,1,1.0,0.0009804805139614205,9.800000000392828e-07
streaming/absolute,ewr-10,legato,intact,1,1.0,0.0009804805139614205,9.800000000392828e-07
streaming/present,ewr-10,legato,intact,1,0.0,10.819778284410283,1.3118752925
streaming/recency,ewr-10,legato,intact,1,1.0,0.05024121643674679,0.0024500000000000632
streaming/reference,ewr-10,legato,intact,1,1.0,0.0009804805139614205,9.800000000392828e-07
streaming/transition1,ewr-10,legato,intact,1,1.0,0.6918202075998312,0.4977152433591585
streaming/transition2,ewr-10,legato,intact,1,1.0,0.0009804805139614205,9.800000000392828e-07
streaming/transition3,ewr-10,legato,intact,1,1.0,0.0009804805139614205,9.800000000392828e-07
fixed/absolute,ewr-10,legato,intact,1,0.0,10.819778284410283,1.3118752925
fixed/present,ewr-10,legato,intact,1,0.0,10.819778284410283,1.3118752925
fixed/recency,ewr-10,legato,intact,1,0.0,6.907755278982137,1.90245
fixed/reference,ewr-10,legato,intact,1,0.0,10.819778284410283,1.3118752925
fixed/transition1,ewr-10,legato,intact,1,0.0,10.819778284410214,1.4990040461533667
fixed/transition2,ewr-10,legato,intact,1,0.0,10.819778284410283,1.3118752925
fixed/transition3,ewr-10,legato,intact,1,0.0,10.819778284410283,1.3118752925
oracle-boundary/absolute,ewr-10,legato,intact,1,1.0,0.0009804805139614205,9.800000000392828e-07
oracle-boundary/present,ewr-10,legato,intact,1,0.0,10.819778284410283,1.3118752925
oracle-boundary/recency,ewr-10,legato,intact,1,1.0,0.05024121643674679,0.0024500000000000632
oracle-boundary/reference,ewr-10,legato,intact,1,1.0,0.0009804805139614205,9.800000000392828e-07
oracle-boundary/transition1,ewr-10,legato,intact,1,0.0,0.69410764165507,0.50000048
oracle-boundary/transition2,ewr-10,legato,intact,1,1.0,0.0009804805139614205,9.800000000392828e-07
oracle-boundary/transition3,ewr-10,legato,intact,1,1.0,0.0009804805139614205,9.800000000392828e-07
repaired/absolute,ewr-10,duration,intact,0,1.0,0.0009804805139616427,9.800000000392828e-07
repaired/present,ewr-10,duration,intact,0,0.0,10.819778284410283,1.3118752925
repaired/recency,ewr-10,duration,intact,0,1.0,0.05024121643674679,0.0024500000000000632
repaired/reference,ewr-10,duration,intact,0,1.0,0.0009804805139616427,9.800000000392828e-07
repaired/transition1,ewr-10,duration,intact,0,1.0,0.6936013500844505,0.49949467438953965
repaired/transition2,ewr-10,duration,intact,0,1.0,0.0009804805139616427,9.800000000392828e-07
repaired/transition3,ewr-10,duration,intact,0,1.0,0.0009804805139616427,9.800000000392828e-07
streaming/absolute,ewr-10,duration,intact,0,0.0,10.819778284410283,1.3118752925
streaming/present,ewr-10,duration,intact,0,0.0,10.819778284410283,1.3118752925
streaming/recency,ewr-10,duration,intact,0,0.0,6.907755278982137,1.2819812499999999
streaming/reference,ewr-10,duration,intact,0,0.0,10.819778284410283,1.3118752925
streaming/transition1,ewr-10,duration,intact,0,0.0,10.819778284410283,1.3118752925
streaming/transition2,ewr-10,duration,intact,0,0.0,10.819778284410283,1.3118752925
streaming/transition3,ewr-10,duration,intact,0,0.0,10.819778284410283,1.3118752925
fixed/absolute,ewr-10,duration,intact,0,0.0,10.819778284410283,1.3118752925
fixed/present,ewr-10,duration,intact,0,0.0,10.819778284410283,1.3118752925
fixed/recency,ewr-10,duration,intact,0,0.0,6.907755278982137,1.2819812499999999
fixed/reference,ewr-10,duration,intact,0,0.0,10.819778284410283,1.3118752925
fixed/transition1,ewr-10,duration,intact,0,0.0,10.819778284410283,1.3118752925
fixed/transition2,ewr-10,duration,intact,0,0.0,10.819778284410283,1.3118752925
fixed/transition3,ewr-10,duration,intact,0,0.0,10.819778284410283,1.3118752925
oracle-boundary/absolute,ewr-10,duration,intact,0,1.0,0.0009804805139616427,9.800000000392828e-07
oracle-boundary/present,ewr-10,duration,intact,0,0.0,10.819778284410283,1.3118752925
oracle-boundary/recency,ewr-10,duration,intact,0,1.0,0.05024121643674679,0.0024500000000000632
oracle-boundary/reference,ewr-10,duration,intact,0,1.0,0.0009804805139616427,9.800000000392828e-07
oracle-boundary/transition1,ewr-10,duration,intact,0,1.0,0.69410764165507,0.50000048
oracle-boundary/transition2,ewr-10,duration,intact,0,1.0,0.0009804805139616427,9.800000000392828e-07
oracle-boundary/transition3,ewr-10,duration,intact,0,1.0,0.0009804805139616427,9.800000000392828e-07
repaired/absolute,ewr-10,duration,intact,1,1.0,0.0009804805139614205,9.800000000392828e-07
repaired/present,ewr-10,duration,intact,1,0.0,10.819778284410283,1.3118752925
repaired/recency,ewr-10,duration,intact,1,1.0,0.05024121643674679,0.0024500000000000632
repaired/reference,ewr-10,duration,intact,1,1.0,0.0009804805139614205,9.800000000392828e-07
repaired/transition1,ewr-10,duration,intact,1,1.0,0.6936013500844505,0.49949467438953965
repaired/transition2,ewr-10,duration,intact,1,1.0,0.0009804805139614205,9.800000000392828e-07
repaired/transition3,ewr-10,duration,intact,1,1.0,0.0009804805139614205,9.800000000392828e-07
streaming/absolute,ewr-10,duration,intact,1,0.0,10.819778284410283,1.3118752925
streaming/present,ewr-10,duration,intact,1,0.0,10.819778284410283,1.3118752925
streaming/recency,ewr-10,duration,intact,1,0.0,6.907755278982137,1.2819812499999999
streaming/reference,ewr-10,duration,intact,1,0.0,10.819778284410283,1.3118752925
streaming/transition1,ewr-10,duration,intact,1,0.0,10.819778284410283,1.3118752925
streaming/transition2,ewr-10,duration,intact,1,0.0,10.819778284410283,1.3118752925
streaming/transition3,ewr-10,duration,intact,1,0.0,10.819778284410283,1.3118752925
fixed/absolute,ewr-10,duration,intact,1,0.0,10.819778284410283,1.3118752925
fixed/present,ewr-10,duration,intact,1,0.0,10.819778284410283,1.3118752925
fixed/recency,ewr-10,duration,intact,1,0.0,6.907755278982137,1.2819812499999999
fixed/reference,ewr-10,duration,intact,1,0.0,10.819778284410283,1.3118752925
fixed/transition1,ewr-10,duration,intact,1,0.0,10.819778284410283,1.3118752925
fixed/transition2,ewr-10,duration,intact,1,0.0,10.819778284410283,1.3118752925
fixed/transition3,ewr-10,duration,intact,1,0.0,10.819778284410283,1.3118752925
oracle-boundary/absolute,ewr-10,duration,intact,1,1.0,0.0009804805139614205,9.800000000392828e-07
oracle-boundary/present,ewr-10,duration,intact,1,0.0,10.819778284410283,1.3118752925
oracle-boundary/recency,ewr-10,duration,intact,1,1.0,0.05024121643674679,0.0024500000000000632
oracle-boundary/reference,ewr-10,duration,intact,1,1.0,0.0009804805139614205,9.800000000392828e-07
oracle-boundary/transition1,ewr-10,duration,intact,1,0.0,0.69410764165507,0.50000048
oracle-boundary/transition2,ewr-10,duration,intact,1,1.0,0.0009804805139614205,9.800000000392828e-07
oracle-boundary/transition3,ewr-10,duration,intact,1,1.0,0.0009804805139614205,9.800000000392828e-07
repaired/absolute,ewr-10,joint,intact,0,1.0,0.0009804805139616427,9.800000000392828e-07
repaired/present,ewr-10,joint,intact,0,0.0,10.819778284410283,1.3118752925
repaired/recency,ewr-10,joint,intact,0,1.0,0.05024121643674679,0.0024500000000000632
repaired/reference,ewr-10,joint,intact,0,1.0,0.0009804805139616427,9.800000000392828e-07
repaired/transition1,ewr-10,joint,intact,0,1.0,0.6936013500844505,0.49949467438953965
repaired/transition2,ewr-10,joint,intact,0,1.0,0.0009804805139616427,9.800000000392828e-07
repaired/transition3,ewr-10,joint,intact,0,1.0,0.0009804805139616427,9.800000000392828e-07
streaming/absolute,ewr-10,joint,intact,0,0.0,10.819778284410283,1.3118752925
streaming/present,ewr-10,joint,intact,0,0.0,10.819778284410283,1.3118752925
streaming/recency,ewr-10,joint,intact,0,0.0,6.907755278982137,1.2819812499999999
streaming/reference,ewr-10,joint,intact,0,0.0,10.819778284410283,1.3118752925
streaming/transition1,ewr-10,joint,intact,0,0.0,10.819778284410283,1.3118752925
streaming/transition2,ewr-10,joint,intact,0,0.0,10.819778284410283,1.3118752925
streaming/transition3,ewr-10,joint,intact,0,0.0,10.819778284410283,1.3118752925
fixed/absolute,ewr-10,joint,intact,0,0.0,10.819778284410283,1.3118752925
fixed/present,ewr-10,joint,intact,0,0.0,10.819778284410283,1.3118752925
fixed/recency,ewr-10,joint,intact,0,0.0,6.907755278982137,1.2819812499999999
fixed/reference,ewr-10,joint,intact,0,0.0,10.819778284410283,1.3118752925
fixed/transition1,ewr-10,joint,intact,0,0.0,10.819778284410283,1.3118752925
fixed/transition2,ewr-10,joint,intact,0,0.0,10.819778284410283,1.3118752925
fixed/transition3,ewr-10,joint,intact,0,0.0,10.819778284410283,1.3118752925
oracle-boundary/absolute,ewr-10,joint,intact,0,1.0,0.0009804805139616427,9.800000000392828e-07
oracle-boundary/present,ewr-10,joint,intact,0,0.0,10.819778284410283,1.3118752925
oracle-boundary/recency,ewr-10,joint,intact,0,1.0,0.05024121643674679,0.0024500000000000632
oracle-boundary/reference,ewr-10,joint,intact,0,1.0,0.0009804805139616427,9.800000000392828e-07
oracle-boundary/transition1,ewr-10,joint,intact,0,1.0,0.69410764165507,0.50000048
oracle-boundary/transition2,ewr-10,joint,intact,0,1.0,0.0009804805139616427,9.800000000392828e-07
oracle-boundary/transition3,ewr-10,joint,intact,0,1.0,0.0009804805139616427,9.800000000392828e-07
repaired/absolute,ewr-10,joint,intact,1,1.0,0.0009804805139614205,9.800000000392828e-07
repaired/present,ewr-10,joint,intact,1,0.0,10.819778284410283,1.3118752925
repaired/recency,ewr-10,joint,intact,1,1.0,0.05024121643674679,0.0024500000000000632
repaired/reference,ewr-10,joint,intact,1,1.0,0.0009804805139614205,9.800000000392828e-07
repaired/transition1,ewr-10,joint,intact,1,1.0,0.6936013500844505,0.49949467438953965
repaired/transition2,ewr-10,joint,intact,1,1.0,0.0009804805139614205,9.800000000392828e-07
repaired/transition3,ewr-10,joint,intact,1,1.0,0.0009804805139614205,9.800000000392828e-07
streaming/absolute,ewr-10,joint,intact,1,0.0,10.819778284410283,1.3118752925
streaming/present,ewr-10,joint,intact,1,0.0,10.819778284410283,1.3118752925
streaming/recency,ewr-10,joint,intact,1,0.0,6.907755278982137,1.2819812499999999
streaming/reference,ewr-10,joint,intact,1,0.0,10.819778284410283,1.3118752925
streaming/transition1,ewr-10,joint,intact,1,0.0,10.819778284410283,1.3118752925
streaming/transition2,ewr-10,joint,intact,1,0.0,10.819778284410283,1.3118752925
streaming/transition3,ewr-10,joint,intact,1,0.0,10.819778284410283,1.3118752925
fixed/absolute,ewr-10,joint,intact,1,0.0,10.819778284410283,1.3118752925
fixed/present,ewr-10,joint,intact,1,0.0,10.819778284410283,1.3118752925
fixed/recency,ewr-10,joint,intact,1,0.0,6.907755278982137,1.2819812499999999
fixed/reference,ewr-10,joint,intact,1,0.0,10.819778284410283,1.3118752925
fixed/transition1,ewr-10,joint,intact,1,0.0,10.819778284410283,1.3118752925
fixed/transition2,ewr-10,joint,intact,1,0.0,10.819778284410283,1.3118752925
fixed/transition3,ewr-10,joint,intact,1,0.0,10.819778284410283,1.3118752925
oracle-boundary/absolute,ewr-10,joint,intact,1,1.0,0.0009804805139614205,9.800000000392828e-07
oracle-boundary/present,ewr-10,joint,intact,1,0.0,10.819778284410283,1.3118752925
oracle-boundary/recency,ewr-10,joint,intact,1,1.0,0.05024121643674679,0.0024500000000000632
oracle-boundary/reference,ewr-10,joint,intact,1,1.0,0.0009804805139614205,9.800000000392828e-07
oracle-boundary/transition1,ewr-10,joint,intact,1,0.0,0.69410764165507,0.50000048
oracle-boundary/transition2,ewr-10,joint,intact,1,1.0,0.0009804805139614205,9.800000000392828e-07
oracle-boundary/transition3,ewr-10,joint,intact,1,1.0,0.0009804805139614205,9.800000000392828e-07
repaired/absolute,ewr-10,joint,reset,0,0.0,10.819778284410283,1.3118752925
repaired/present,ewr-10,joint,reset,0,0.0,10.819778284410283,1.3118752925
repaired/recency,ewr-10,joint,reset,0,0.0,6.907755278982137,1.2819812499999999
repaired/reference,ewr-10,joint,reset,0,0.0,10.819778284410283,1.3118752925
repaired/transition1,ewr-10,joint,reset,0,0.0,10.819778284410283,1.3118752925
repaired/transition2,ewr-10,joint,reset,0,0.0,10.819778284410283,1.3118752925
repaired/transition3,ewr-10,joint,reset,0,0.0,10.819778284410283,1.3118752925
streaming/absolute,ewr-10,joint,reset,0,0.0,10.819778284410283,1.3118752925
streaming/present,ewr-10,joint,reset,0,0.0,10.819778284410283,1.3118752925
streaming/recency,ewr-10,joint,reset,0,0.0,6.907755278982137,1.2819812499999999
streaming/reference,ewr-10,joint,reset,0,0.0,10.819778284410283,1.3118752925
streaming/transition1,ewr-10,joint,reset,0,0.0,10.819778284410283,1.3118752925
streaming/transition2,ewr-10,joint,reset,0,0.0,10.819778284410283,1.3118752925
streaming/transition3,ewr-10,joint,reset,0,0.0,10.819778284410283,1.3118752925
fixed/absolute,ewr-10,joint,reset,0,0.0,10.819778284410283,1.3118752925
fixed/present,ewr-10,joint,reset,0,0.0,10.819778284410283,1.3118752925
fixed/recency,ewr-10,joint,reset,0,0.0,6.907755278982137,1.2819812499999999
fixed/reference,ewr-10,joint,reset,0,0.0,10.819778284410283,1.3118752925
fixed/transition1,ewr-10,joint,reset,0,0.0,10.819778284410283,1.3118752925
fixed/transition2,ewr-10,joint,reset,0,0.0,10.819778284410283,1.3118752925
fixed/transition3,ewr-10,joint,reset,0,0.0,10.819778284410283,1.3118752925
oracle-boundary/absolute,ewr-10,joint,reset,0,0.0,10.819778284410283,1.3118752925
oracle-boundary/present,ewr-10,joint,reset,0,0.0,10.819778284410283,1.3118752925
oracle-boundary/recency,ewr-10,joint,reset,0,0.0,6.907755278982137,1.2819812499999999
oracle-boundary/reference,ewr-10,joint,reset,0,0.0,10.819778284410283,1.3118752925
oracle-boundary/transition1,ewr-10,joint,reset,0,0.0,10.819778284410283,1.3118752925
oracle-boundary/transition2,ewr-10,joint,reset,0,0.0,10.819778284410283,1.3118752925
oracle-boundary/transition3,ewr-10,joint,reset,0,0.0,10.819778284410283,1.3118752925
repaired/absolute,ewr-10,joint,reset,1,0.0,10.819778284410283,1.3118752925
repaired/present,ewr-10,joint,reset,1,0.0,10.819778284410283,1.3118752925
repaired/recency,ewr-10,joint,reset,1,0.0,6.907755278982137,1.2819812499999999
repaired/reference,ewr-10,joint,reset,1,0.0,10.819778284410283,1.3118752925
repaired/transition1,ewr-10,joint,reset,1,0.0,10.819778284410283,1.3118752925
repaired/transition2,ewr-10,joint,reset,1,0.0,10.819778284410283,1.3118752925
repaired/transition3,ewr-10,joint,reset,1,0.0,10.819778284410283,1.3118752925
streaming/absolute,ewr-10,joint,reset,1,0.0,10.819778284410283,1.3118752925
streaming/present,ewr-10,joint,reset,1,0.0,10.819778284410283,1.3118752925
streaming/recency,ewr-10,joint,reset,1,0.0,6.907755278982137,1.2819812499999999
streaming/reference,ewr-10,joint,reset,1,0.0,10.819778284410283,1.3118752925
streaming/transition1,ewr-10,joint,reset,1,0.0,10.819778284410283,1.3118752925
streaming/transition2,ewr-10,joint,reset,1,0.0,10.819778284410283,1.3118752925
streaming/transition3,ewr-10,joint,reset,1,0.0,10.819778284410283,1.3118752925
fixed/absolute,ewr-10,joint,reset,1,0.0,10.819778284410283,1.3118752925
fixed/present,ewr-10,joint,reset,1,0.0,10.819778284410283,1.3118752925
fixed/recency,ewr-10,joint,reset,1,0.0,6.907755278982137,1.2819812499999999
fixed/reference,ewr-10,joint,reset,1,0.0,10.819778284410283,1.3118752925
fixed/transition1,ewr-10,joint,reset,1,0.0,10.819778284410283,1.3118752925
fixed/transition2,ewr-10,joint,reset,1,0.0,10.819778284410283,1.3118752925
fixed/transition3,ewr-10,joint,reset,1,0.0,10.819778284410283,1.3118752925
oracle-boundary/absolute,ewr-10,joint,reset,1,0.0,10.819778284410283,1.3118752925
oracle-boundary/present,ewr-10,joint,reset,1,0.0,10.819778284410283,1.3118752925
oracle-boundary/recency,ewr-10,joint,reset,1,0.0,6.907755278982137,1.2819812499999999
oracle-boundary/reference,ewr-10,joint,reset,1,0.0,10.819778284410283,1.3118752925
oracle-boundary/transition1,ewr-10,joint,reset,1,0.0,10.819778284410283,1.3118752925
oracle-boundary/transition2,ewr-10,joint,reset,1,0.0,10.819778284410283,1.3118752925
oracle-boundary/transition3,ewr-10,joint,reset,1,0.0,10.819778284410283,1.3118752925
repaired/absolute,ewr-10,joint,removal,0,0.0,10.819778284410283,1.3118752925
repaired/present,ewr-10,joint,removal,0,0.0,10.819778284410283,1.3118752925
repaired/recency,ewr-10,joint,removal,0,0.0,6.907755278982137,1.2819812499999999
repaired/reference,ewr-10,joint,removal,0,0.0,10.819778284410283,1.3118752925
repaired/transition1,ewr-10,joint,removal,0,0.0,10.819778284410283,1.3118752925
repaired/transition2,ewr-10,joint,removal,0,0.0,10.819778284410283,1.3118752925
repaired/transition3,ewr-10,joint,removal,0,0.0,10.819778284410283,1.3118752925
streaming/absolute,ewr-10,joint,removal,0,0.0,10.819778284410283,1.3118752925
streaming/present,ewr-10,joint,removal,0,0.0,10.819778284410283,1.3118752925
streaming/recency,ewr-10,joint,removal,0,0.0,6.907755278982137,1.2819812499999999
streaming/reference,ewr-10,joint,removal,0,0.0,10.819778284410283,1.3118752925
streaming/transition1,ewr-10,joint,removal,0,0.0,10.819778284410283,1.3118752925
streaming/transition2,ewr-10,joint,removal,0,0.0,10.819778284410283,1.3118752925
streaming/transition3,ewr-10,joint,removal,0,0.0,10.819778284410283,1.3118752925
fixed/absolute,ewr-10,joint,removal,0,0.0,10.819778284410283,1.3118752925
fixed/present,ewr-10,joint,removal,0,0.0,10.819778284410283,1.3118752925
fixed/recency,ewr-10,joint,removal,0,0.0,6.907755278982137,1.90245
fixed/reference,ewr-10,joint,removal,0,0.0,10.819778284410283,1.3118752925
fixed/transition1,ewr-10,joint,removal,0,0.0,10.819778284410283,1.3118752925
fixed/transition2,ewr-10,joint,removal,0,0.0,10.819778284410283,1.3118752925
fixed/transition3,ewr-10,joint,removal,0,0.0,10.819778284410283,1.3118752925
oracle-boundary/absolute,ewr-10,joint,removal,0,0.0,10.819778284410283,1.3118752925
oracle-boundary/present,ewr-10,joint,removal,0,0.0,10.819778284410283,1.3118752925
oracle-boundary/recency,ewr-10,joint,removal,0,0.0,6.907755278982137,1.2819812499999999
oracle-boundary/reference,ewr-10,joint,removal,0,0.0,10.819778284410283,1.3118752925
oracle-boundary/transition1,ewr-10,joint,removal,0,0.0,10.819778284410283,1.3118752925
oracle-boundary/transition2,ewr-10,joint,removal,0,0.0,10.819778284410283,1.3118752925
oracle-boundary/transition3,ewr-10,joint,removal,0,0.0,10.819778284410283,1.3118752925
repaired/absolute,ewr-10,joint,removal,1,0.0,10.819778284410283,1.3118752925
repaired/present,ewr-10,joint,removal,1,0.0,10.819778284410283,1.3118752925
repaired/recency,ewr-10,joint,removal,1,0.0,6.907755278982137,1.2819812499999999
repaired/reference,ewr-10,joint,removal,1,0.0,10.819778284410283,1.3118752925
repaired/transition1,ewr-10,joint,removal,1,0.0,10.819778284410283,1.3118752925
repaired/transition2,ewr-10,joint,removal,1,0.0,10.819778284410283,1.3118752925
repaired/transition3,ewr-10,joint,removal,1,0.0,10.819778284410283,1.3118752925
streaming/absolute,ewr-10,joint,removal,1,0.0,10.819778284410283,1.3118752925
streaming/present,ewr-10,joint,removal,1,0.0,10.819778284410283,1.3118752925
streaming/recency,ewr-10,joint,removal,1,0.0,6.907755278982137,1.2819812499999999
streaming/reference,ewr-10,joint,removal,1,0.0,10.819778284410283,1.3118752925
streaming/transition1,ewr-10,joint,removal,1,0.0,10.819778284410283,1.3118752925
streaming/transition2,ewr-10,joint,removal,1,0.0,10.819778284410283,1.3118752925
streaming/transition3,ewr-10,joint,removal,1,0.0,10.819778284410283,1.3118752925
fixed/absolute,ewr-10,joint,removal,1,0.0,10.819778284410283,1.3118752925
fixed/present,ewr-10,joint,removal,1,0.0,10.819778284410283,1.3118752925
fixed/recency,ewr-10,joint,removal,1,0.0,6.907755278982137,1.90245
fixed/reference,ewr-10,joint,removal,1,0.0,10.819778284410283,1.3118752925
fixed/transition1,ewr-10,joint,removal,1,0.0,10.819778284410283,1.3118752925
fixed/transition2,ewr-10,joint,removal,1,0.0,10.819778284410283,1.3118752925
fixed/transition3,ewr-10,joint,removal,1,0.0,10.819778284410283,1.3118752925
oracle-boundary/absolute,ewr-10,joint,removal,1,0.0,10.819778284410283,1.3118752925
oracle-boundary/present,ewr-10,joint,removal,1,0.0,10.819778284410283,1.3118752925
oracle-boundary/recency,ewr-10,joint,removal,1,0.0,6.907755278982137,1.2819812499999999
oracle-boundary/reference,ewr-10,joint,removal,1,0.0,10.819778284410283,1.3118752925
oracle-boundary/transition1,ewr-10,joint,removal,1,0.0,10.819778284410283,1.3118752925
oracle-boundary/transition2,ewr-10,joint,removal,1,0.0,10.819778284410283,1.3118752925
oracle-boundary/transition3,ewr-10,joint,removal,1,0.0,10.819778284410283,1.3118752925
repaired/absolute,ewr-10,joint,swap,0,1.0,0.0009804805139614205,9.800000000392828e-07
repaired/present,ewr-10,joint,swap,0,0.0,10.819778284410283,1.3118752925
repaired/recency,ewr-10,joint,swap,0,1.0,0.05024121643674679,0.0024500000000000632
repaired/reference,ewr-10,joint,swap,0,1.0,0.0009804805139614205,9.800000000392828e-07
repaired/transition1,ewr-10,joint,swap,0,1.0,0.6936013500844505,0.49949467438953965
repaired/transition2,ewr-10,joint,swap,0,1.0,0.0009804805139614205,9.800000000392828e-07
repaired/transition3,ewr-10,joint,swap,0,1.0,0.0009804805139614205,9.800000000392828e-07
streaming/absolute,ewr-10,joint,swap,0,0.0,10.819778284410283,1.3118752925
streaming/present,ewr-10,joint,swap,0,0.0,10.819778284410283,1.3118752925
streaming/recency,ewr-10,joint,swap,0,0.0,6.907755278982137,1.2819812499999999
streaming/reference,ewr-10,joint,swap,0,0.0,10.819778284410283,1.3118752925
streaming/transition1,ewr-10,joint,swap,0,0.0,10.819778284410283,1.3118752925
streaming/transition2,ewr-10,joint,swap,0,0.0,10.819778284410283,1.3118752925
streaming/transition3,ewr-10,joint,swap,0,0.0,10.819778284410283,1.3118752925
fixed/absolute,ewr-10,joint,swap,0,0.0,10.819778284410283,1.3118752925
fixed/present,ewr-10,joint,swap,0,0.0,10.819778284410283,1.3118752925
fixed/recency,ewr-10,joint,swap,0,0.0,6.907755278982137,1.2819812499999999
fixed/reference,ewr-10,joint,swap,0,0.0,10.819778284410283,1.3118752925
fixed/transition1,ewr-10,joint,swap,0,0.0,10.819778284410283,1.3118752925
fixed/transition2,ewr-10,joint,swap,0,0.0,10.819778284410283,1.3118752925
fixed/transition3,ewr-10,joint,swap,0,0.0,10.819778284410283,1.3118752925
oracle-boundary/absolute,ewr-10,joint,swap,0,1.0,0.0009804805139614205,9.800000000392828e-07
oracle-boundary/present,ewr-10,joint,swap,0,0.0,10.819778284410283,1.3118752925
oracle-boundary/recency,ewr-10,joint,swap,0,1.0,0.05024121643674679,0.0024500000000000632
oracle-boundary/reference,ewr-10,joint,swap,0,1.0,0.0009804805139614205,9.800000000392828e-07
oracle-boundary/transition1,ewr-10,joint,swap,0,0.0,0.69410764165507,0.50000048
oracle-boundary/transition2,ewr-10,joint,swap,0,1.0,0.0009804805139614205,9.800000000392828e-07
oracle-boundary/transition3,ewr-10,joint,swap,0,1.0,0.0009804805139614205,9.800000000392828e-07
repaired/absolute,ewr-10,joint,swap,1,1.0,0.0009804805139616427,9.800000000392828e-07
repaired/present,ewr-10,joint,swap,1,0.0,10.819778284410283,1.3118752925
repaired/recency,ewr-10,joint,swap,1,1.0,0.05024121643674679,0.0024500000000000632
repaired/reference,ewr-10,joint,swap,1,1.0,0.0009804805139616427,9.800000000392828e-07
repaired/transition1,ewr-10,joint,swap,1,1.0,0.6936013500844505,0.49949467438953965
repaired/transition2,ewr-10,joint,swap,1,1.0,0.0009804805139616427,9.800000000392828e-07
repaired/transition3,ewr-10,joint,swap,1,1.0,0.0009804805139616427,9.800000000392828e-07
streaming/absolute,ewr-10,joint,swap,1,0.0,10.819778284410283,1.3118752925
streaming/present,ewr-10,joint,swap,1,0.0,10.819778284410283,1.3118752925
streaming/recency,ewr-10,joint,swap,1,0.0,6.907755278982137,1.2819812499999999
streaming/reference,ewr-10,joint,swap,1,0.0,10.819778284410283,1.3118752925
streaming/transition1,ewr-10,joint,swap,1,0.0,10.819778284410283,1.3118752925
streaming/transition2,ewr-10,joint,swap,1,0.0,10.819778284410283,1.3118752925
streaming/transition3,ewr-10,joint,swap,1,0.0,10.819778284410283,1.3118752925
fixed/absolute,ewr-10,joint,swap,1,0.0,10.819778284410283,1.3118752925
fixed/present,ewr-10,joint,swap,1,0.0,10.819778284410283,1.3118752925
fixed/recency,ewr-10,joint,swap,1,0.0,6.907755278982137,1.2819812499999999
fixed/reference,ewr-10,joint,swap,1,0.0,10.819778284410283,1.3118752925
fixed/transition1,ewr-10,joint,swap,1,0.0,10.819778284410283,1.3118752925
fixed/transition2,ewr-10,joint,swap,1,0.0,10.819778284410283,1.3118752925
fixed/transition3,ewr-10,joint,swap,1,0.0,10.819778284410283,1.3118752925
oracle-boundary/absolute,ewr-10,joint,swap,1,1.0,0.0009804805139616427,9.800000000392828e-07
oracle-boundary/present,ewr-10,joint,swap,1,0.0,10.819778284410283,1.3118752925
oracle-boundary/recency,ewr-10,joint,swap,1,1.0,0.05024121643674679,0.0024500000000000632
oracle-boundary/reference,ewr-10,joint,swap,1,1.0,0.0009804805139616427,9.800000000392828e-07
oracle-boundary/transition1,ewr-10,joint,swap,1,1.0,0.69410764165507,0.50000048
oracle-boundary/transition2,ewr-10,joint,swap,1,1.0,0.0009804805139616427,9.800000000392828e-07
oracle-boundary/transition3,ewr-10,joint,swap,1,1.0,0.0009804805139616427,9.800000000392828e-07
repaired/absolute,ewr-10,joint,shuffle,0,1.0,0.0009804805139616427,9.800000000392828e-07
repaired/present,ewr-10,joint,shuffle,0,0.0,10.819778284410283,1.3118752925
repaired/recency,ewr-10,joint,shuffle,0,0.0,6.907755278982137,1.90245
repaired/reference,ewr-10,joint,shuffle,0,1.0,0.0009804805139616427,9.800000000392828e-07
repaired/transition1,ewr-10,joint,shuffle,0,1.0,0.6931817489875656,0.49907547604248936
repaired/transition2,ewr-10,joint,shuffle,0,1.0,0.0009804805139616427,9.800000000392828e-07
repaired/transition3,ewr-10,joint,shuffle,0,1.0,0.0009804805139616427,9.800000000392828e-07
streaming/absolute,ewr-10,joint,shuffle,0,0.0,10.819778284410283,1.3118752925
streaming/present,ewr-10,joint,shuffle,0,0.0,10.819778284410283,1.3118752925
streaming/recency,ewr-10,joint,shuffle,0,0.0,6.907755278982137,1.2819812499999999
streaming/reference,ewr-10,joint,shuffle,0,0.0,10.819778284410283,1.3118752925
streaming/transition1,ewr-10,joint,shuffle,0,0.0,10.819778284410283,1.3118752925
streaming/transition2,ewr-10,joint,shuffle,0,0.0,10.819778284410283,1.3118752925
streaming/transition3,ewr-10,joint,shuffle,0,0.0,10.819778284410283,1.3118752925
fixed/absolute,ewr-10,joint,shuffle,0,0.0,10.819778284410283,1.3118752925
fixed/present,ewr-10,joint,shuffle,0,0.0,10.819778284410283,1.3118752925
fixed/recency,ewr-10,joint,shuffle,0,0.0,6.907755278982137,1.2819812499999999
fixed/reference,ewr-10,joint,shuffle,0,0.0,10.819778284410283,1.3118752925
fixed/transition1,ewr-10,joint,shuffle,0,0.0,10.819778284410283,1.3118752925
fixed/transition2,ewr-10,joint,shuffle,0,0.0,10.819778284410283,1.3118752925
fixed/transition3,ewr-10,joint,shuffle,0,0.0,10.819778284410283,1.3118752925
oracle-boundary/absolute,ewr-10,joint,shuffle,0,1.0,0.0009804805139616427,9.800000000392828e-07
oracle-boundary/present,ewr-10,joint,shuffle,0,0.0,10.819778284410283,1.3118752925
oracle-boundary/recency,ewr-10,joint,shuffle,0,0.0,6.907755278982137,1.90245
oracle-boundary/reference,ewr-10,joint,shuffle,0,1.0,0.0009804805139616427,9.800000000392828e-07
oracle-boundary/transition1,ewr-10,joint,shuffle,0,1.0,0.69410764165507,0.50000048
oracle-boundary/transition2,ewr-10,joint,shuffle,0,1.0,0.0009804805139616427,9.800000000392828e-07
oracle-boundary/transition3,ewr-10,joint,shuffle,0,1.0,0.0009804805139616427,9.800000000392828e-07
repaired/absolute,ewr-10,joint,shuffle,1,1.0,0.0009804805139614205,9.800000000392828e-07
repaired/present,ewr-10,joint,shuffle,1,0.0,10.819778284410283,1.3118752925
repaired/recency,ewr-10,joint,shuffle,1,0.0,6.907755278982137,1.90245
repaired/reference,ewr-10,joint,shuffle,1,1.0,0.0009804805139614205,9.800000000392828e-07
repaired/transition1,ewr-10,joint,shuffle,1,1.0,0.6931817489875653,0.49907547604248936
repaired/transition2,ewr-10,joint,shuffle,1,1.0,0.0009804805139614205,9.800000000392828e-07
repaired/transition3,ewr-10,joint,shuffle,1,1.0,0.0009804805139614205,9.800000000392828e-07
streaming/absolute,ewr-10,joint,shuffle,1,0.0,10.819778284410283,1.3118752925
streaming/present,ewr-10,joint,shuffle,1,0.0,10.819778284410283,1.3118752925
streaming/recency,ewr-10,joint,shuffle,1,0.0,6.907755278982137,1.2819812499999999
streaming/reference,ewr-10,joint,shuffle,1,0.0,10.819778284410283,1.3118752925
streaming/transition1,ewr-10,joint,shuffle,1,0.0,10.819778284410283,1.3118752925
streaming/transition2,ewr-10,joint,shuffle,1,0.0,10.819778284410283,1.3118752925
streaming/transition3,ewr-10,joint,shuffle,1,0.0,10.819778284410283,1.3118752925
fixed/absolute,ewr-10,joint,shuffle,1,0.0,10.819778284410283,1.3118752925
fixed/present,ewr-10,joint,shuffle,1,0.0,10.819778284410283,1.3118752925
fixed/recency,ewr-10,joint,shuffle,1,0.0,6.907755278982137,1.2819812499999999
fixed/reference,ewr-10,joint,shuffle,1,0.0,10.819778284410283,1.3118752925
fixed/transition1,ewr-10,joint,shuffle,1,0.0,10.819778284410283,1.3118752925
fixed/transition2,ewr-10,joint,shuffle,1,0.0,10.819778284410283,1.3118752925
fixed/transition3,ewr-10,joint,shuffle,1,0.0,10.819778284410283,1.3118752925
oracle-boundary/absolute,ewr-10,joint,shuffle,1,1.0,0.0009804805139614205,9.800000000392828e-07
oracle-boundary/present,ewr-10,joint,shuffle,1,0.0,10.819778284410283,1.3118752925
oracle-boundary/recency,ewr-10,joint,shuffle,1,0.0,6.907755278982137,1.90245
oracle-boundary/reference,ewr-10,joint,shuffle,1,1.0,0.0009804805139614205,9.800000000392828e-07
oracle-boundary/transition1,ewr-10,joint,shuffle,1,0.0,0.69410764165507,0.50000048
oracle-boundary/transition2,ewr-10,joint,shuffle,1,1.0,0.0009804805139614205,9.800000000392828e-07
oracle-boundary/transition3,ewr-10,joint,shuffle,1,1.0,0.0009804805139614205,9.800000000392828e-07
repaired/absolute,ewr-10,joint,ambiguous,0,0.0,0.6941082707610003,0.5000011078982318
repaired/present,ewr-10,joint,ambiguous,0,0.0,10.819778284410283,1.3118752925
repaired/recency,ewr-10,joint,ambiguous,0,1.0,3.4789982477094417,0.95245
repaired/reference,ewr-10,joint,ambiguous,0,0.0,0.6941076700474196,0.5000005083378616
repaired/transition1,ewr-10,joint,ambiguous,0,0.0,0.694107669360239,0.5000005076519998
repaired/transition2,ewr-10,joint,ambiguous,0,0.0,0.6941082707610003,0.5000011078982318
repaired/transition3,ewr-10,joint,ambiguous,0,0.0,0.6941082707610003,0.5000011078982318
streaming/absolute,ewr-10,joint,ambiguous,0,0.0,10.819778284410283,1.3118752925
streaming/present,ewr-10,joint,ambiguous,0,0.0,10.819778284410283,1.3118752925
streaming/recency,ewr-10,joint,ambiguous,0,0.0,6.907755278982137,1.2819812499999999
streaming/reference,ewr-10,joint,ambiguous,0,0.0,10.819778284410283,1.3118752925
streaming/transition1,ewr-10,joint,ambiguous,0,0.0,10.819778284410283,1.3118752925
streaming/transition2,ewr-10,joint,ambiguous,0,0.0,10.819778284410283,1.3118752925
streaming/transition3,ewr-10,joint,ambiguous,0,0.0,10.819778284410283,1.3118752925
fixed/absolute,ewr-10,joint,ambiguous,0,0.0,10.819778284410283,1.3118752925
fixed/present,ewr-10,joint,ambiguous,0,0.0,10.819778284410283,1.3118752925
fixed/recency,ewr-10,joint,ambiguous,0,0.0,6.907755278982137,1.2819812499999999
fixed/reference,ewr-10,joint,ambiguous,0,0.0,10.819778284410283,1.3118752925
fixed/transition1,ewr-10,joint,ambiguous,0,0.0,10.819778284410283,1.3118752925
fixed/transition2,ewr-10,joint,ambiguous,0,0.0,10.819778284410283,1.3118752925
fixed/transition3,ewr-10,joint,ambiguous,0,0.0,10.819778284410283,1.3118752925
oracle-boundary/absolute,ewr-10,joint,ambiguous,0,1.0,0.69410764165507,0.50000048
oracle-boundary/present,ewr-10,joint,ambiguous,0,0.0,10.819778284410283,1.3118752925
oracle-boundary/recency,ewr-10,joint,ambiguous,0,1.0,3.4789982477094417,0.95245
oracle-boundary/reference,ewr-10,joint,ambiguous,0,1.0,0.69410764165507,0.50000048
oracle-boundary/transition1,ewr-10,joint,ambiguous,0,1.0,0.69410764165507,0.50000048
oracle-boundary/transition2,ewr-10,joint,ambiguous,0,1.0,0.69410764165507,0.50000048
oracle-boundary/transition3,ewr-10,joint,ambiguous,0,1.0,0.69410764165507,0.50000048
repaired/absolute,ewr-10,joint,ambiguous,1,1.0,0.6941082707610003,0.5000011078982318
repaired/present,ewr-10,joint,ambiguous,1,0.0,10.819778284410283,1.3118752925
repaired/recency,ewr-10,joint,ambiguous,1,0.0,3.4789982477094417,0.95245
repaired/reference,ewr-10,joint,ambiguous,1,1.0,0.6941076700474196,0.5000005083378616
repaired/transition1,ewr-10,joint,ambiguous,1,1.0,0.694107669360239,0.5000005076519998
repaired/transition2,ewr-10,joint,ambiguous,1,1.0,0.6941082707610003,0.5000011078982318
repaired/transition3,ewr-10,joint,ambiguous,1,1.0,0.6941082707610003,0.5000011078982318
streaming/absolute,ewr-10,joint,ambiguous,1,0.0,10.819778284410283,1.3118752925
streaming/present,ewr-10,joint,ambiguous,1,0.0,10.819778284410283,1.3118752925
streaming/recency,ewr-10,joint,ambiguous,1,0.0,6.907755278982137,1.2819812499999999
streaming/reference,ewr-10,joint,ambiguous,1,0.0,10.819778284410283,1.3118752925
streaming/transition1,ewr-10,joint,ambiguous,1,0.0,10.819778284410283,1.3118752925
streaming/transition2,ewr-10,joint,ambiguous,1,0.0,10.819778284410283,1.3118752925
streaming/transition3,ewr-10,joint,ambiguous,1,0.0,10.819778284410283,1.3118752925
fixed/absolute,ewr-10,joint,ambiguous,1,0.0,10.819778284410283,1.3118752925
fixed/present,ewr-10,joint,ambiguous,1,0.0,10.819778284410283,1.3118752925
fixed/recency,ewr-10,joint,ambiguous,1,0.0,6.907755278982137,1.2819812499999999
fixed/reference,ewr-10,joint,ambiguous,1,0.0,10.819778284410283,1.3118752925
fixed/transition1,ewr-10,joint,ambiguous,1,0.0,10.819778284410283,1.3118752925
fixed/transition2,ewr-10,joint,ambiguous,1,0.0,10.819778284410283,1.3118752925
fixed/transition3,ewr-10,joint,ambiguous,1,0.0,10.819778284410283,1.3118752925
oracle-boundary/absolute,ewr-10,joint,ambiguous,1,0.0,0.69410764165507,0.50000048
oracle-boundary/present,ewr-10,joint,ambiguous,1,0.0,10.819778284410283,1.3118752925
oracle-boundary/recency,ewr-10,joint,ambiguous,1,0.0,3.4789982477094417,0.95245
oracle-boundary/reference,ewr-10,joint,ambiguous,1,0.0,0.69410764165507,0.50000048
oracle-boundary/transition1,ewr-10,joint,ambiguous,1,0.0,0.69410764165507,0.50000048
oracle-boundary/transition2,ewr-10,joint,ambiguous,1,0.0,0.69410764165507,0.50000048
oracle-boundary/transition3,ewr-10,joint,ambiguous,1,0.0,0.69410764165507,0.50000048
repaired/absolute,ewr-11,detached,intact,0,1.0,0.0009804805139616427,9.800000000392828e-07
repaired/present,ewr-11,detached,intact,0,0.0,10.819778284410283,1.3118752925
repaired/recency,ewr-11,detached,intact,0,0.0,6.907755278982137,1.90245
repaired/reference,ewr-11,detached,intact,0,1.0,0.0009804805139616427,9.800000000392828e-07
repaired/transition1,ewr-11,detached,intact,0,0.0,0.6943463493540866,0.5002389585077784
repaired/transition2,ewr-11,detached,intact,0,1.0,0.0009804805139616427,9.800000000392828e-07
repaired/transition3,ewr-11,detached,intact,0,1.0,0.0009804805139616427,9.800000000392828e-07
streaming/absolute,ewr-11,detached,intact,0,1.0,0.0009804805139616427,9.800000000392828e-07
streaming/present,ewr-11,detached,intact,0,0.0,10.819778284410283,1.3118752925
streaming/recency,ewr-11,detached,intact,0,0.0,6.907755278982137,1.90245
streaming/reference,ewr-11,detached,intact,0,1.0,0.0009804805139616427,9.800000000392828e-07
streaming/transition1,ewr-11,detached,intact,0,0.0,1.641387798943063,1.298656692544701
streaming/transition2,ewr-11,detached,intact,0,1.0,0.0009804805139616427,9.800000000392828e-07
streaming/transition3,ewr-11,detached,intact,0,1.0,0.0009804805139616427,9.800000000392828e-07
fixed/absolute,ewr-11,detached,intact,0,0.0,10.819778284410283,1.3118752925
fixed/present,ewr-11,detached,intact,0,0.0,10.819778284410283,1.3118752925
fixed/recency,ewr-11,detached,intact,0,0.0,6.907755278982137,1.90245
fixed/reference,ewr-11,detached,intact,0,0.0,10.819778284410283,1.3118752925
fixed/transition1,ewr-11,detached,intact,0,0.0,10.819778284410283,1.4992202876783831
fixed/transition2,ewr-11,detached,intact,0,0.0,10.819778284410283,1.3118752925
fixed/transition3,ewr-11,detached,intact,0,0.0,10.819778284410283,1.3118752925
oracle-boundary/absolute,ewr-11,detached,intact,0,1.0,0.0009804805139616427,9.800000000392828e-07
oracle-boundary/present,ewr-11,detached,intact,0,0.0,10.819778284410283,1.3118752925
oracle-boundary/recency,ewr-11,detached,intact,0,0.0,6.907755278982137,1.90245
oracle-boundary/reference,ewr-11,detached,intact,0,1.0,0.0009804805139616427,9.800000000392828e-07
oracle-boundary/transition1,ewr-11,detached,intact,0,1.0,0.69410764165507,0.50000048
oracle-boundary/transition2,ewr-11,detached,intact,0,1.0,0.0009804805139616427,9.800000000392828e-07
oracle-boundary/transition3,ewr-11,detached,intact,0,1.0,0.0009804805139616427,9.800000000392828e-07
repaired/absolute,ewr-11,detached,intact,1,1.0,0.0009804805139614205,9.800000000392828e-07
repaired/present,ewr-11,detached,intact,1,0.0,10.819778284410283,1.3118752925
repaired/recency,ewr-11,detached,intact,1,0.0,6.907755278982137,1.90245
repaired/reference,ewr-11,detached,intact,1,1.0,0.0009804805139614205,9.800000000392828e-07
repaired/transition1,ewr-11,detached,intact,1,1.0,0.6861641540850077,0.49206475559116836
repaired/transition2,ewr-11,detached,intact,1,1.0,0.0009804805139614205,9.800000000392828e-07
repaired/transition3,ewr-11,detached,intact,1,1.0,0.0009804805139614205,9.800000000392828e-07
streaming/absolute,ewr-11,detached,intact,1,1.0,0.0009804805139614205,9.800000000392828e-07
streaming/present,ewr-11,detached,intact,1,0.0,10.819778284410283,1.3118752925
streaming/recency,ewr-11,detached,intact,1,0.0,6.907755278982137,1.90245
streaming/reference,ewr-11,detached,intact,1,1.0,0.0009804805139614205,9.800000000392828e-07
streaming/transition1,ewr-11,detached,intact,1,1.0,0.3270824839697843,0.15512022589676966
streaming/transition2,ewr-11,detached,intact,1,1.0,0.0009804805139614205,9.800000000392828e-07
streaming/transition3,ewr-11,detached,intact,1,1.0,0.0009804805139614205,9.800000000392828e-07
fixed/absolute,ewr-11,detached,intact,1,0.0,10.819778284410283,1.3118752925
fixed/present,ewr-11,detached,intact,1,0.0,10.819778284410283,1.3118752925
fixed/recency,ewr-11,detached,intact,1,0.0,6.907755278982137,1.90245
fixed/reference,ewr-11,detached,intact,1,0.0,10.819778284410283,1.3118752925
fixed/transition1,ewr-11,detached,intact,1,0.0,10.819778284410283,1.99800098
fixed/transition2,ewr-11,detached,intact,1,0.0,10.819778284410283,1.3118752925
fixed/transition3,ewr-11,detached,intact,1,0.0,10.819778284410283,1.3118752925
oracle-boundary/absolute,ewr-11,detached,intact,1,1.0,0.0009804805139614205,9.800000000392828e-07
oracle-boundary/present,ewr-11,detached,intact,1,0.0,10.819778284410283,1.3118752925
oracle-boundary/recency,ewr-11,detached,intact,1,0.0,6.907755278982137,1.90245
oracle-boundary/reference,ewr-11,detached,intact,1,1.0,0.0009804805139614205,9.800000000392828e-07
oracle-boundary/transition1,ewr-11,detached,intact,1,0.0,0.69410764165507,0.50000048
oracle-boundary/transition2,ewr-11,detached,intact,1,1.0,0.0009804805139614205,9.800000000392828e-07
oracle-boundary/transition3,ewr-11,detached,intact,1,1.0,0.0009804805139614205,9.800000000392828e-07
repaired/absolute,ewr-11,legato,intact,0,1.0,0.0009804805139616427,9.800000000392828e-07
repaired/present,ewr-11,legato,intact,0,0.0,10.819778284410283,1.3118752925
repaired/recency,ewr-11,legato,intact,0,0.0,6.907755278982137,1.90245
repaired/reference,ewr-11,legato,intact,0,1.0,0.0009804805139616427,9.800000000392828e-07
repaired/transition1,ewr-11,legato,intact,0,1.0,0.6936485671151642,0.49954184610277363
repaired/transition2,ewr-11,legato,intact,0,1.0,0.0009804805139616427,9.800000000392828e-07
repaired/transition3,ewr-11,legato,intact,0,1.0,0.0009804805139616427,9.800000000392828e-07
streaming/absolute,ewr-11,legato,intact,0,0.0,10.819778284410283,1.3118752925
streaming/present,ewr-11,legato,intact,0,0.0,10.819778284410283,1.3118752925
streaming/recency,ewr-11,legato,intact,0,0.0,6.907755278982137,1.90245
streaming/reference,ewr-11,legato,intact,0,0.0,10.819778284410283,1.3118752925
streaming/transition1,ewr-11,legato,intact,0,0.0,10.819778284410283,1.3118752925
streaming/transition2,ewr-11,legato,intact,0,0.0,10.819778284410283,1.3118752925
streaming/transition3,ewr-11,legato,intact,0,0.0,10.819778284410283,1.3118752925
fixed/absolute,ewr-11,legato,intact,0,0.0,10.819778284410283,1.3118752925
fixed/present,ewr-11,legato,intact,0,0.0,10.819778284410283,1.3118752925
fixed/recency,ewr-11,legato,intact,0,0.0,6.907755278982137,1.90245
fixed/reference,ewr-11,legato,intact,0,0.0,10.819778284410283,1.3118752925
fixed/transition1,ewr-11,legato,intact,0,0.0,10.819778284410283,1.499005462464793
fixed/transition2,ewr-11,legato,intact,0,0.0,10.819778284410283,1.3118752925
fixed/transition3,ewr-11,legato,intact,0,0.0,10.819778284410283,1.3118752925
oracle-boundary/absolute,ewr-11,legato,intact,0,1.0,0.0009804805139616427,9.800000000392828e-07
oracle-boundary/present,ewr-11,legato,intact,0,0.0,10.819778284410283,1.3118752925
oracle-boundary/recency,ewr-11,legato,intact,0,0.0,6.907755278982137,1.90245
oracle-boundary/reference,ewr-11,legato,intact,0,1.0,0.0009804805139616427,9.800000000392828e-07
oracle-boundary/transition1,ewr-11,legato,intact,0,1.0,0.69410764165507,0.50000048
oracle-boundary/transition2,ewr-11,legato,intact,0,1.0,0.0009804805139616427,9.800000000392828e-07
oracle-boundary/transition3,ewr-11,legato,intact,0,1.0,0.0009804805139616427,9.800000000392828e-07
repaired/absolute,ewr-11,legato,intact,1,1.0,0.0009804805139614205,9.800000000392828e-07
repaired/present,ewr-11,legato,intact,1,0.0,10.819778284410283,1.3118752925
repaired/recency,ewr-11,legato,intact,1,0.0,6.907755278982137,1.90245
repaired/reference,ewr-11,legato,intact,1,1.0,0.0009804805139614205,9.800000000392828e-07
repaired/transition1,ewr-11,legato,intact,1,1.0,0.6909249615725769,0.49682086117904545
repaired/transition2,ewr-11,legato,intact,1,1.0,0.0009804805139614205,9.800000000392828e-07
repaired/transition3,ewr-11,legato,intact,1,1.0,0.0009804805139614205,9.800000000392828e-07
streaming/absolute,ewr-11,legato,intact,1,0.0,10.819778284410283,1.3118752925
streaming/present,ewr-11,legato,intact,1,0.0,10.819778284410283,1.3118752925
streaming/recency,ewr-11,legato,intact,1,0.0,6.907755278982137,1.90245
streaming/reference,ewr-11,legato,intact,1,0.0,10.819778284410283,1.3118752925
streaming/transition1,ewr-11,legato,intact,1,0.0,10.819778284410283,1.3118752925
streaming/transition2,ewr-11,legato,intact,1,0.0,10.819778284410283,1.3118752925
streaming/transition3,ewr-11,legato,intact,1,0.0,10.819778284410283,1.3118752925
fixed/absolute,ewr-11,legato,intact,1,0.0,10.819778284410283,1.3118752925
fixed/present,ewr-11,legato,intact,1,0.0,10.819778284410283,1.3118752925
fixed/recency,ewr-11,legato,intact,1,0.0,6.907755278982137,1.90245
fixed/reference,ewr-11,legato,intact,1,0.0,10.819778284410283,1.9980009799999996
fixed/transition1,ewr-11,legato,intact,1,0.0,10.819778284410283,1.499005462464793
fixed/transition2,ewr-11,legato,intact,1,0.0,10.819778284410283,1.3118752925
fixed/transition3,ewr-11,legato,intact,1,0.0,10.819778284410283,1.3118752925
oracle-boundary/absolute,ewr-11,legato,intact,1,1.0,0.0009804805139614205,9.800000000392828e-07
oracle-boundary/present,ewr-11,legato,intact,1,0.0,10.819778284410283,1.3118752925
oracle-boundary/recency,ewr-11,legato,intact,1,0.0,6.907755278982137,1.90245
oracle-boundary/reference,ewr-11,legato,intact,1,1.0,0.0009804805139614205,9.800000000392828e-07
oracle-boundary/transition1,ewr-11,legato,intact,1,0.0,0.69410764165507,0.50000048
oracle-boundary/transition2,ewr-11,legato,intact,1,1.0,0.0009804805139614205,9.800000000392828e-07
oracle-boundary/transition3,ewr-11,legato,intact,1,1.0,0.0009804805139614205,9.800000000392828e-07
repaired/absolute,ewr-11,duration,intact,0,1.0,0.0009804805139616427,9.800000000392828e-07
repaired/present,ewr-11,duration,intact,0,0.0,10.819778284410283,1.3118752925
repaired/recency,ewr-11,duration,intact,0,0.0,6.907755278982137,1.90245
repaired/reference,ewr-11,duration,intact,0,1.0,0.0009804805139616427,9.800000000392828e-07
repaired/transition1,ewr-11,duration,intact,0,1.0,0.6906350890804879,0.4965312692542292
repaired/transition2,ewr-11,duration,intact,0,1.0,0.0009804805139616427,9.800000000392828e-07
repaired/transition3,ewr-11,duration,intact,0,1.0,0.0009804805139616427,9.800000000392828e-07
streaming/absolute,ewr-11,duration,intact,0,0.0,10.819778284410283,1.3118752925
streaming/present,ewr-11,duration,intact,0,0.0,10.819778284410283,1.3118752925
streaming/recency,ewr-11,duration,intact,0,0.0,6.907755278982137,1.90245
streaming/reference,ewr-11,duration,intact,0,0.0,10.819778284410283,1.3118752925
streaming/transition1,ewr-11,duration,intact,0,0.0,10.819778284410283,1.99800098
streaming/transition2,ewr-11,duration,intact,0,0.0,10.819778284410283,1.3118752925
streaming/transition3,ewr-11,duration,intact,0,0.0,10.819778284410283,1.3118752925
fixed/absolute,ewr-11,duration,intact,0,0.0,10.819778284410283,1.3118752925
fixed/present,ewr-11,duration,intact,0,0.0,10.819778284410283,1.3118752925
fixed/recency,ewr-11,duration,intact,0,0.0,6.907755278982137,1.90245
fixed/reference,ewr-11,duration,intact,0,0.0,10.819778284410283,1.3118752925
fixed/transition1,ewr-11,duration,intact,0,0.0,10.819778284410283,1.3118752925
fixed/transition2,ewr-11,duration,intact,0,0.0,10.819778284410283,1.3118752925
fixed/transition3,ewr-11,duration,intact,0,0.0,10.819778284410283,1.3118752925
oracle-boundary/absolute,ewr-11,duration,intact,0,1.0,0.0009804805139616427,9.800000000392828e-07
oracle-boundary/present,ewr-11,duration,intact,0,0.0,10.819778284410283,1.3118752925
oracle-boundary/recency,ewr-11,duration,intact,0,0.0,6.907755278982137,1.90245
oracle-boundary/reference,ewr-11,duration,intact,0,1.0,0.0009804805139616427,9.800000000392828e-07
oracle-boundary/transition1,ewr-11,duration,intact,0,1.0,0.69410764165507,0.50000048
oracle-boundary/transition2,ewr-11,duration,intact,0,1.0,0.0009804805139616427,9.800000000392828e-07
oracle-boundary/transition3,ewr-11,duration,intact,0,1.0,0.0009804805139616427,9.800000000392828e-07
repaired/absolute,ewr-11,duration,intact,1,1.0,0.0009804805139614205,9.800000000392828e-07
repaired/present,ewr-11,duration,intact,1,0.0,10.819778284410283,1.3118752925
repaired/recency,ewr-11,duration,intact,1,0.0,6.907755278982137,1.90245
repaired/reference,ewr-11,duration,intact,1,1.0,0.0009804805139614205,9.800000000392828e-07
repaired/transition1,ewr-11,duration,intact,1,1.0,0.6866637139122778,0.4925638097889433
repaired/transition2,ewr-11,duration,intact,1,1.0,0.0009804805139614205,9.800000000392828e-07
repaired/transition3,ewr-11,duration,intact,1,1.0,0.0009804805139614205,9.800000000392828e-07
streaming/absolute,ewr-11,duration,intact,1,1.0,0.0009804805139614205,9.800000000392828e-07
streaming/present,ewr-11,duration,intact,1,0.0,10.819778284410283,1.3118752925
streaming/recency,ewr-11,duration,intact,1,0.0,6.907755278982137,1.90245
streaming/reference,ewr-11,duration,intact,1,1.0,0.0009804805139614205,9.800000000392828e-07
streaming/transition1,ewr-11,duration,intact,1,1.0,0.0009804805139614205,9.800000000392828e-07
streaming/transition2,ewr-11,duration,intact,1,1.0,0.0009804805139614205,9.800000000392828e-07
streaming/transition3,ewr-11,duration,intact,1,1.0,0.0009804805139614205,9.800000000392828e-07
fixed/absolute,ewr-11,duration,intact,1,0.0,10.819778284410283,1.3118752925
fixed/present,ewr-11,duration,intact,1,0.0,10.819778284410283,1.3118752925
fixed/recency,ewr-11,duration,intact,1,0.0,6.907755278982137,1.90245
fixed/reference,ewr-11,duration,intact,1,0.0,10.819778284410283,1.3118752925
fixed/transition1,ewr-11,duration,intact,1,0.0,10.819778284410283,1.3118752925
fixed/transition2,ewr-11,duration,intact,1,0.0,10.819778284410283,1.3118752925
fixed/transition3,ewr-11,duration,intact,1,0.0,10.819778284410283,1.3118752925
oracle-boundary/absolute,ewr-11,duration,intact,1,1.0,0.0009804805139614205,9.800000000392828e-07
oracle-boundary/present,ewr-11,duration,intact,1,0.0,10.819778284410283,1.3118752925
oracle-boundary/recency,ewr-11,duration,intact,1,0.0,6.907755278982137,1.90245
oracle-boundary/reference,ewr-11,duration,intact,1,1.0,0.0009804805139614205,9.800000000392828e-07
oracle-boundary/transition1,ewr-11,duration,intact,1,0.0,0.69410764165507,0.50000048
oracle-boundary/transition2,ewr-11,duration,intact,1,1.0,0.0009804805139614205,9.800000000392828e-07
oracle-boundary/transition3,ewr-11,duration,intact,1,1.0,0.0009804805139614205,9.800000000392828e-07
repaired/absolute,ewr-11,joint,intact,0,1.0,0.0009804805139616427,9.800000000392828e-07
repaired/present,ewr-11,joint,intact,0,0.0,10.819778284410283,1.3118752925
repaired/recency,ewr-11,joint,intact,0,0.0,6.907755278982137,1.90245
repaired/reference,ewr-11,joint,intact,0,1.0,0.0009804805139616427,9.800000000392828e-07
repaired/transition1,ewr-11,joint,intact,0,1.0,0.693568035917794,0.4994613921968709
repaired/transition2,ewr-11,joint,intact,0,1.0,0.0009804805139616427,9.800000000392828e-07
repaired/transition3,ewr-11,joint,intact,0,1.0,0.0009804805139616427,9.800000000392828e-07
streaming/absolute,ewr-11,joint,intact,0,0.0,10.819778284410283,1.3118752925
streaming/present,ewr-11,joint,intact,0,0.0,10.819778284410283,1.3118752925
streaming/recency,ewr-11,joint,intact,0,0.0,6.907755278982137,1.90245
streaming/reference,ewr-11,joint,intact,0,0.0,10.819778284410283,1.3118752925
streaming/transition1,ewr-11,joint,intact,0,0.0,10.819778284410283,1.3118752925
streaming/transition2,ewr-11,joint,intact,0,0.0,10.819778284410283,1.3118752925
streaming/transition3,ewr-11,joint,intact,0,0.0,10.819778284410283,1.3118752925
fixed/absolute,ewr-11,joint,intact,0,0.0,10.819778284410283,1.3118752925
fixed/present,ewr-11,joint,intact,0,0.0,10.819778284410283,1.3118752925
fixed/recency,ewr-11,joint,intact,0,0.0,6.907755278982137,1.90245
fixed/reference,ewr-11,joint,intact,0,0.0,10.819778284410283,1.3118752925
fixed/transition1,ewr-11,joint,intact,0,0.0,10.819778284410283,1.3118752925
fixed/transition2,ewr-11,joint,intact,0,0.0,10.819778284410283,1.3118752925
fixed/transition3,ewr-11,joint,intact,0,0.0,10.819778284410283,1.3118752925
oracle-boundary/absolute,ewr-11,joint,intact,0,1.0,0.0009804805139616427,9.800000000392828e-07
oracle-boundary/present,ewr-11,joint,intact,0,0.0,10.819778284410283,1.3118752925
oracle-boundary/recency,ewr-11,joint,intact,0,0.0,6.907755278982137,1.90245
oracle-boundary/reference,ewr-11,joint,intact,0,1.0,0.0009804805139616427,9.800000000392828e-07
oracle-boundary/transition1,ewr-11,joint,intact,0,1.0,0.69410764165507,0.50000048
oracle-boundary/transition2,ewr-11,joint,intact,0,1.0,0.0009804805139616427,9.800000000392828e-07
oracle-boundary/transition3,ewr-11,joint,intact,0,1.0,0.0009804805139616427,9.800000000392828e-07
repaired/absolute,ewr-11,joint,intact,1,1.0,0.0009804805139614205,9.800000000392828e-07
repaired/present,ewr-11,joint,intact,1,0.0,10.819778284410283,1.3118752925
repaired/recency,ewr-11,joint,intact,1,0.0,6.907755278982137,1.90245
repaired/reference,ewr-11,joint,intact,1,1.0,0.0009804805139614205,9.800000000392828e-07
repaired/transition1,ewr-11,joint,intact,1,0.0,0.695356598558465,0.5012482365094892
repaired/transition2,ewr-11,joint,intact,1,1.0,0.0009804805139614205,9.800000000392828e-07
repaired/transition3,ewr-11,joint,intact,1,1.0,0.0009804805139614205,9.800000000392828e-07
streaming/absolute,ewr-11,joint,intact,1,0.0,10.819778284410283,1.3118752925
streaming/present,ewr-11,joint,intact,1,0.0,10.819778284410283,1.3118752925
streaming/recency,ewr-11,joint,intact,1,0.0,6.907755278982137,1.90245
streaming/reference,ewr-11,joint,intact,1,1.0,0.0009804805139614205,9.800000000392828e-07
streaming/transition1,ewr-11,joint,intact,1,0.0,10.819778284410283,1.3118752925
streaming/transition2,ewr-11,joint,intact,1,0.0,10.819778284410283,1.3118752925
streaming/transition3,ewr-11,joint,intact,1,0.0,10.819778284410283,1.3118752925
fixed/absolute,ewr-11,joint,intact,1,0.0,10.819778284410283,1.3118752925
fixed/present,ewr-11,joint,intact,1,0.0,10.819778284410283,1.3118752925
fixed/recency,ewr-11,joint,intact,1,0.0,6.907755278982137,1.90245
fixed/reference,ewr-11,joint,intact,1,0.0,10.819778284410283,1.3118752925
fixed/transition1,ewr-11,joint,intact,1,0.0,10.819778284410283,1.3118752925
fixed/transition2,ewr-11,joint,intact,1,0.0,10.819778284410283,1.3118752925
fixed/transition3,ewr-11,joint,intact,1,0.0,10.819778284410283,1.3118752925
oracle-boundary/absolute,ewr-11,joint,intact,1,1.0,0.0009804805139614205,9.800000000392828e-07
oracle-boundary/present,ewr-11,joint,intact,1,0.0,10.819778284410283,1.3118752925
oracle-boundary/recency,ewr-11,joint,intact,1,0.0,6.907755278982137,1.90245
oracle-boundary/reference,ewr-11,joint,intact,1,1.0,0.0009804805139614205,9.800000000392828e-07
oracle-boundary/transition1,ewr-11,joint,intact,1,0.0,0.69410764165507,0.50000048
oracle-boundary/transition2,ewr-11,joint,intact,1,1.0,0.0009804805139614205,9.800000000392828e-07
oracle-boundary/transition3,ewr-11,joint,intact,1,1.0,0.0009804805139614205,9.800000000392828e-07
repaired/absolute,ewr-11,joint,reset,0,0.0,10.819778284410283,1.3118752925
repaired/present,ewr-11,joint,reset,0,0.0,10.819778284410283,1.3118752925
repaired/recency,ewr-11,joint,reset,0,0.0,6.907755278982137,1.2819812499999999
repaired/reference,ewr-11,joint,reset,0,0.0,10.819778284410283,1.3118752925
repaired/transition1,ewr-11,joint,reset,0,0.0,10.819778284410283,1.3118752925
repaired/transition2,ewr-11,joint,reset,0,0.0,10.819778284410283,1.3118752925
repaired/transition3,ewr-11,joint,reset,0,0.0,10.819778284410283,1.3118752925
streaming/absolute,ewr-11,joint,reset,0,0.0,10.819778284410283,1.3118752925
streaming/present,ewr-11,joint,reset,0,0.0,10.819778284410283,1.3118752925
streaming/recency,ewr-11,joint,reset,0,0.0,6.907755278982137,1.2819812499999999
streaming/reference,ewr-11,joint,reset,0,0.0,10.819778284410283,1.3118752925
streaming/transition1,ewr-11,joint,reset,0,0.0,10.819778284410283,1.3118752925
streaming/transition2,ewr-11,joint,reset,0,0.0,10.819778284410283,1.3118752925
streaming/transition3,ewr-11,joint,reset,0,0.0,10.819778284410283,1.3118752925
fixed/absolute,ewr-11,joint,reset,0,0.0,10.819778284410283,1.3118752925
fixed/present,ewr-11,joint,reset,0,0.0,10.819778284410283,1.3118752925
fixed/recency,ewr-11,joint,reset,0,0.0,6.907755278982137,1.2819812499999999
fixed/reference,ewr-11,joint,reset,0,0.0,10.819778284410283,1.3118752925
fixed/transition1,ewr-11,joint,reset,0,0.0,10.819778284410283,1.3118752925
fixed/transition2,ewr-11,joint,reset,0,0.0,10.819778284410283,1.3118752925
fixed/transition3,ewr-11,joint,reset,0,0.0,10.819778284410283,1.3118752925
oracle-boundary/absolute,ewr-11,joint,reset,0,0.0,10.819778284410283,1.3118752925
oracle-boundary/present,ewr-11,joint,reset,0,0.0,10.819778284410283,1.3118752925
oracle-boundary/recency,ewr-11,joint,reset,0,0.0,6.907755278982137,1.2819812499999999
oracle-boundary/reference,ewr-11,joint,reset,0,0.0,10.819778284410283,1.3118752925
oracle-boundary/transition1,ewr-11,joint,reset,0,0.0,10.819778284410283,1.3118752925
oracle-boundary/transition2,ewr-11,joint,reset,0,0.0,10.819778284410283,1.3118752925
oracle-boundary/transition3,ewr-11,joint,reset,0,0.0,10.819778284410283,1.3118752925
repaired/absolute,ewr-11,joint,reset,1,0.0,10.819778284410283,1.3118752925
repaired/present,ewr-11,joint,reset,1,0.0,10.819778284410283,1.3118752925
repaired/recency,ewr-11,joint,reset,1,0.0,6.907755278982137,1.2819812499999999
repaired/reference,ewr-11,joint,reset,1,0.0,10.819778284410283,1.3118752925
repaired/transition1,ewr-11,joint,reset,1,0.0,10.819778284410283,1.3118752925
repaired/transition2,ewr-11,joint,reset,1,0.0,10.819778284410283,1.3118752925
repaired/transition3,ewr-11,joint,reset,1,0.0,10.819778284410283,1.3118752925
streaming/absolute,ewr-11,joint,reset,1,0.0,10.819778284410283,1.3118752925
streaming/present,ewr-11,joint,reset,1,0.0,10.819778284410283,1.3118752925
streaming/recency,ewr-11,joint,reset,1,0.0,6.907755278982137,1.2819812499999999
streaming/reference,ewr-11,joint,reset,1,0.0,10.819778284410283,1.3118752925
streaming/transition1,ewr-11,joint,reset,1,0.0,10.819778284410283,1.3118752925
streaming/transition2,ewr-11,joint,reset,1,0.0,10.819778284410283,1.3118752925
streaming/transition3,ewr-11,joint,reset,1,0.0,10.819778284410283,1.3118752925
fixed/absolute,ewr-11,joint,reset,1,0.0,10.819778284410283,1.3118752925
fixed/present,ewr-11,joint,reset,1,0.0,10.819778284410283,1.3118752925
fixed/recency,ewr-11,joint,reset,1,0.0,6.907755278982137,1.2819812499999999
fixed/reference,ewr-11,joint,reset,1,0.0,10.819778284410283,1.3118752925
fixed/transition1,ewr-11,joint,reset,1,0.0,10.819778284410283,1.3118752925
fixed/transition2,ewr-11,joint,reset,1,0.0,10.819778284410283,1.3118752925
fixed/transition3,ewr-11,joint,reset,1,0.0,10.819778284410283,1.3118752925
oracle-boundary/absolute,ewr-11,joint,reset,1,0.0,10.819778284410283,1.3118752925
oracle-boundary/present,ewr-11,joint,reset,1,0.0,10.819778284410283,1.3118752925
oracle-boundary/recency,ewr-11,joint,reset,1,0.0,6.907755278982137,1.2819812499999999
oracle-boundary/reference,ewr-11,joint,reset,1,0.0,10.819778284410283,1.3118752925
oracle-boundary/transition1,ewr-11,joint,reset,1,0.0,10.819778284410283,1.3118752925
oracle-boundary/transition2,ewr-11,joint,reset,1,0.0,10.819778284410283,1.3118752925
oracle-boundary/transition3,ewr-11,joint,reset,1,0.0,10.819778284410283,1.3118752925
repaired/absolute,ewr-11,joint,removal,0,0.0,10.819778284410283,1.3118752925
repaired/present,ewr-11,joint,removal,0,0.0,10.819778284410283,1.3118752925
repaired/recency,ewr-11,joint,removal,0,0.0,6.907755278982137,1.2819812499999999
repaired/reference,ewr-11,joint,removal,0,0.0,10.819778284410283,1.3118752925
repaired/transition1,ewr-11,joint,removal,0,0.0,10.819778284410283,1.3118752925
repaired/transition2,ewr-11,joint,removal,0,0.0,10.819778284410283,1.3118752925
repaired/transition3,ewr-11,joint,removal,0,0.0,10.819778284410283,1.3118752925
streaming/absolute,ewr-11,joint,removal,0,0.0,10.819778284410283,1.3118752925
streaming/present,ewr-11,joint,removal,0,0.0,10.819778284410283,1.3118752925
streaming/recency,ewr-11,joint,removal,0,0.0,6.907755278982137,1.2819812499999999
streaming/reference,ewr-11,joint,removal,0,0.0,10.819778284410283,1.3118752925
streaming/transition1,ewr-11,joint,removal,0,0.0,10.819778284410283,1.3118752925
streaming/transition2,ewr-11,joint,removal,0,0.0,10.819778284410283,1.3118752925
streaming/transition3,ewr-11,joint,removal,0,0.0,10.819778284410283,1.3118752925
fixed/absolute,ewr-11,joint,removal,0,0.0,10.819778284410283,1.3118752925
fixed/present,ewr-11,joint,removal,0,0.0,10.819778284410283,1.3118752925
fixed/recency,ewr-11,joint,removal,0,0.0,6.907755278982137,1.90245
fixed/reference,ewr-11,joint,removal,0,0.0,10.819778284410283,1.3118752925
fixed/transition1,ewr-11,joint,removal,0,0.0,10.819778284410283,1.3118752925
fixed/transition2,ewr-11,joint,removal,0,0.0,10.819778284410283,1.3118752925
fixed/transition3,ewr-11,joint,removal,0,0.0,10.819778284410283,1.3118752925
oracle-boundary/absolute,ewr-11,joint,removal,0,0.0,10.819778284410283,1.3118752925
oracle-boundary/present,ewr-11,joint,removal,0,0.0,10.819778284410283,1.3118752925
oracle-boundary/recency,ewr-11,joint,removal,0,0.0,6.907755278982137,1.2819812499999999
oracle-boundary/reference,ewr-11,joint,removal,0,0.0,10.819778284410283,1.3118752925
oracle-boundary/transition1,ewr-11,joint,removal,0,0.0,10.819778284410283,1.3118752925
oracle-boundary/transition2,ewr-11,joint,removal,0,0.0,10.819778284410283,1.3118752925
oracle-boundary/transition3,ewr-11,joint,removal,0,0.0,10.819778284410283,1.3118752925
repaired/absolute,ewr-11,joint,removal,1,0.0,10.819778284410283,1.3118752925
repaired/present,ewr-11,joint,removal,1,0.0,10.819778284410283,1.3118752925
repaired/recency,ewr-11,joint,removal,1,0.0,6.907755278982137,1.2819812499999999
repaired/reference,ewr-11,joint,removal,1,0.0,10.819778284410283,1.3118752925
repaired/transition1,ewr-11,joint,removal,1,0.0,10.819778284410283,1.3118752925
repaired/transition2,ewr-11,joint,removal,1,0.0,10.819778284410283,1.3118752925
repaired/transition3,ewr-11,joint,removal,1,0.0,10.819778284410283,1.3118752925
streaming/absolute,ewr-11,joint,removal,1,0.0,10.819778284410283,1.3118752925
streaming/present,ewr-11,joint,removal,1,0.0,10.819778284410283,1.3118752925
streaming/recency,ewr-11,joint,removal,1,0.0,6.907755278982137,1.2819812499999999
streaming/reference,ewr-11,joint,removal,1,0.0,10.819778284410283,1.3118752925
streaming/transition1,ewr-11,joint,removal,1,0.0,10.819778284410283,1.3118752925
streaming/transition2,ewr-11,joint,removal,1,0.0,10.819778284410283,1.3118752925
streaming/transition3,ewr-11,joint,removal,1,0.0,10.819778284410283,1.3118752925
fixed/absolute,ewr-11,joint,removal,1,0.0,10.819778284410283,1.3118752925
fixed/present,ewr-11,joint,removal,1,0.0,10.819778284410283,1.3118752925
fixed/recency,ewr-11,joint,removal,1,0.0,6.907755278982137,1.90245
fixed/reference,ewr-11,joint,removal,1,0.0,10.819778284410283,1.3118752925
fixed/transition1,ewr-11,joint,removal,1,0.0,10.819778284410283,1.3118752925
fixed/transition2,ewr-11,joint,removal,1,0.0,10.819778284410283,1.3118752925
fixed/transition3,ewr-11,joint,removal,1,0.0,10.819778284410283,1.3118752925
oracle-boundary/absolute,ewr-11,joint,removal,1,0.0,10.819778284410283,1.3118752925
oracle-boundary/present,ewr-11,joint,removal,1,0.0,10.819778284410283,1.3118752925
oracle-boundary/recency,ewr-11,joint,removal,1,0.0,6.907755278982137,1.2819812499999999
oracle-boundary/reference,ewr-11,joint,removal,1,0.0,10.819778284410283,1.3118752925
oracle-boundary/transition1,ewr-11,joint,removal,1,0.0,10.819778284410283,1.3118752925
oracle-boundary/transition2,ewr-11,joint,removal,1,0.0,10.819778284410283,1.3118752925
oracle-boundary/transition3,ewr-11,joint,removal,1,0.0,10.819778284410283,1.3118752925
repaired/absolute,ewr-11,joint,swap,0,1.0,0.0009804805139614205,9.800000000392828e-07
repaired/present,ewr-11,joint,swap,0,0.0,10.819778284410283,1.3118752925
repaired/recency,ewr-11,joint,swap,0,0.0,6.907755278982137,1.90245
repaired/reference,ewr-11,joint,swap,0,1.0,0.0009804805139614205,9.800000000392828e-07
repaired/transition1,ewr-11,joint,swap,0,0.0,0.695356598558465,0.5012482365094892
repaired/transition2,ewr-11,joint,swap,0,1.0,0.0009804805139614205,9.800000000392828e-07
repaired/transition3,ewr-11,joint,swap,0,1.0,0.0009804805139614205,9.800000000392828e-07
streaming/absolute,ewr-11,joint,swap,0,0.0,10.819778284410283,1.3118752925
streaming/present,ewr-11,joint,swap,0,0.0,10.819778284410283,1.3118752925
streaming/recency,ewr-11,joint,swap,0,0.0,6.907755278982137,1.90245
streaming/reference,ewr-11,joint,swap,0,1.0,0.0009804805139614205,9.800000000392828e-07
streaming/transition1,ewr-11,joint,swap,0,0.0,10.819778284410283,1.3118752925
streaming/transition2,ewr-11,joint,swap,0,0.0,10.819778284410283,1.3118752925
streaming/transition3,ewr-11,joint,swap,0,0.0,10.819778284410283,1.3118752925
fixed/absolute,ewr-11,joint,swap,0,0.0,10.819778284410283,1.3118752925
fixed/present,ewr-11,joint,swap,0,0.0,10.819778284410283,1.3118752925
fixed/recency,ewr-11,joint,swap,0,0.0,6.907755278982137,1.90245
fixed/reference,ewr-11,joint,swap,0,0.0,10.819778284410283,1.3118752925
fixed/transition1,ewr-11,joint,swap,0,0.0,10.819778284410283,1.3118752925
fixed/transition2,ewr-11,joint,swap,0,0.0,10.819778284410283,1.3118752925
fixed/transition3,ewr-11,joint,swap,0,0.0,10.819778284410283,1.3118752925
oracle-boundary/absolute,ewr-11,joint,swap,0,1.0,0.0009804805139614205,9.800000000392828e-07
oracle-boundary/present,ewr-11,joint,swap,0,0.0,10.819778284410283,1.3118752925
oracle-boundary/recency,ewr-11,joint,swap,0,0.0,6.907755278982137,1.90245
oracle-boundary/reference,ewr-11,joint,swap,0,1.0,0.0009804805139614205,9.800000000392828e-07
oracle-boundary/transition1,ewr-11,joint,swap,0,0.0,0.69410764165507,0.50000048
oracle-boundary/transition2,ewr-11,joint,swap,0,1.0,0.0009804805139614205,9.800000000392828e-07
oracle-boundary/transition3,ewr-11,joint,swap,0,1.0,0.0009804805139614205,9.800000000392828e-07
repaired/absolute,ewr-11,joint,swap,1,1.0,0.0009804805139616427,9.800000000392828e-07
repaired/present,ewr-11,joint,swap,1,0.0,10.819778284410283,1.3118752925
repaired/recency,ewr-11,joint,swap,1,0.0,6.907755278982137,1.90245
repaired/reference,ewr-11,joint,swap,1,1.0,0.0009804805139616427,9.800000000392828e-07
repaired/transition1,ewr-11,joint,swap,1,1.0,0.693568035917794,0.4994613921968709
repaired/transition2,ewr-11,joint,swap,1,1.0,0.0009804805139616427,9.800000000392828e-07
repaired/transition3,ewr-11,joint,swap,1,1.0,0.0009804805139616427,9.800000000392828e-07
streaming/absolute,ewr-11,joint,swap,1,0.0,10.819778284410283,1.3118752925
streaming/present,ewr-11,joint,swap,1,0.0,10.819778284410283,1.3118752925
streaming/recency,ewr-11,joint,swap,1,0.0,6.907755278982137,1.90245
streaming/reference,ewr-11,joint,swap,1,0.0,10.819778284410283,1.3118752925
streaming/transition1,ewr-11,joint,swap,1,0.0,10.819778284410283,1.3118752925
streaming/transition2,ewr-11,joint,swap,1,0.0,10.819778284410283,1.3118752925
streaming/transition3,ewr-11,joint,swap,1,0.0,10.819778284410283,1.3118752925
fixed/absolute,ewr-11,joint,swap,1,0.0,10.819778284410283,1.3118752925
fixed/present,ewr-11,joint,swap,1,0.0,10.819778284410283,1.3118752925
fixed/recency,ewr-11,joint,swap,1,0.0,6.907755278982137,1.90245
fixed/reference,ewr-11,joint,swap,1,0.0,10.819778284410283,1.3118752925
fixed/transition1,ewr-11,joint,swap,1,0.0,10.819778284410283,1.3118752925
fixed/transition2,ewr-11,joint,swap,1,0.0,10.819778284410283,1.3118752925
fixed/transition3,ewr-11,joint,swap,1,0.0,10.819778284410283,1.3118752925
oracle-boundary/absolute,ewr-11,joint,swap,1,1.0,0.0009804805139616427,9.800000000392828e-07
oracle-boundary/present,ewr-11,joint,swap,1,0.0,10.819778284410283,1.3118752925
oracle-boundary/recency,ewr-11,joint,swap,1,0.0,6.907755278982137,1.90245
oracle-boundary/reference,ewr-11,joint,swap,1,1.0,0.0009804805139616427,9.800000000392828e-07
oracle-boundary/transition1,ewr-11,joint,swap,1,1.0,0.69410764165507,0.50000048
oracle-boundary/transition2,ewr-11,joint,swap,1,1.0,0.0009804805139616427,9.800000000392828e-07
oracle-boundary/transition3,ewr-11,joint,swap,1,1.0,0.0009804805139616427,9.800000000392828e-07
repaired/absolute,ewr-11,joint,shuffle,0,1.0,0.0009804805139616427,9.800000000392828e-07
repaired/present,ewr-11,joint,shuffle,0,0.0,10.819778284410283,1.3118752925
repaired/recency,ewr-11,joint,shuffle,0,1.0,0.05024121643674679,0.0024500000000000632
repaired/reference,ewr-11,joint,shuffle,0,1.0,0.0009804805139616427,9.800000000392828e-07
repaired/transition1,ewr-11,joint,shuffle,0,1.0,0.6862851818495461,0.49218566052170276
repaired/transition2,ewr-11,joint,shuffle,0,1.0,0.0009804805139616427,9.800000000392828e-07
repaired/transition3,ewr-11,joint,shuffle,0,1.0,0.0009804805139616427,9.800000000392828e-07
streaming/absolute,ewr-11,joint,shuffle,0,0.0,10.819778284410283,1.3118752925
streaming/present,ewr-11,joint,shuffle,0,0.0,10.819778284410283,1.3118752925
streaming/recency,ewr-11,joint,shuffle,0,1.0,0.05024121643674679,0.0024500000000000632
streaming/reference,ewr-11,joint,shuffle,0,0.0,10.819778284410283,1.3118752925
streaming/transition1,ewr-11,joint,shuffle,0,0.0,10.819778284410283,1.3118752925
streaming/transition2,ewr-11,joint,shuffle,0,0.0,10.819778284410283,1.3118752925
streaming/transition3,ewr-11,joint,shuffle,0,0.0,10.819778284410283,1.3118752925
fixed/absolute,ewr-11,joint,shuffle,0,0.0,10.819778284410283,1.3118752925
fixed/present,ewr-11,joint,shuffle,0,0.0,10.819778284410283,1.3118752925
fixed/recency,ewr-11,joint,shuffle,0,0.0,6.907755278982137,1.90245
fixed/reference,ewr-11,joint,shuffle,0,0.0,10.819778284410283,1.3118752925
fixed/transition1,ewr-11,joint,shuffle,0,0.0,10.819778284410283,1.3118752925
fixed/transition2,ewr-11,joint,shuffle,0,0.0,10.819778284410283,1.3118752925
fixed/transition3,ewr-11,joint,shuffle,0,0.0,10.819778284410283,1.3118752925
oracle-boundary/absolute,ewr-11,joint,shuffle,0,1.0,0.0009804805139616427,9.800000000392828e-07
oracle-boundary/present,ewr-11,joint,shuffle,0,0.0,10.819778284410283,1.3118752925
oracle-boundary/recency,ewr-11,joint,shuffle,0,1.0,0.05024121643674679,0.0024500000000000632
oracle-boundary/reference,ewr-11,joint,shuffle,0,1.0,0.0009804805139616427,9.800000000392828e-07
oracle-boundary/transition1,ewr-11,joint,shuffle,0,1.0,0.69410764165507,0.50000048
oracle-boundary/transition2,ewr-11,joint,shuffle,0,1.0,0.0009804805139616427,9.800000000392828e-07
oracle-boundary/transition3,ewr-11,joint,shuffle,0,1.0,0.0009804805139616427,9.800000000392828e-07
repaired/absolute,ewr-11,joint,shuffle,1,1.0,0.0009804805139614205,9.800000000392828e-07
repaired/present,ewr-11,joint,shuffle,1,0.0,10.819778284410283,1.3118752925
repaired/recency,ewr-11,joint,shuffle,1,1.0,0.05024121643674679,0.0024500000000000632
repaired/reference,ewr-11,joint,shuffle,1,1.0,0.0009804805139614205,9.800000000392828e-07
repaired/transition1,ewr-11,joint,shuffle,1,1.0,0.6891170285446475,0.49501468742282784
repaired/transition2,ewr-11,joint,shuffle,1,1.0,0.0009804805139614205,9.800000000392828e-07
repaired/transition3,ewr-11,joint,shuffle,1,1.0,0.0009804805139614205,9.800000000392828e-07
streaming/absolute,ewr-11,joint,shuffle,1,0.0,10.819778284410283,1.3118752925
streaming/present,ewr-11,joint,shuffle,1,0.0,10.819778284410283,1.3118752925
streaming/recency,ewr-11,joint,shuffle,1,1.0,0.05024121643674679,0.0024500000000000632
streaming/reference,ewr-11,joint,shuffle,1,1.0,0.0009804805139614205,9.800000000392828e-07
streaming/transition1,ewr-11,joint,shuffle,1,0.0,10.819778284410283,1.3118752925
streaming/transition2,ewr-11,joint,shuffle,1,0.0,10.819778284410283,1.3118752925
streaming/transition3,ewr-11,joint,shuffle,1,0.0,10.819778284410283,1.3118752925
fixed/absolute,ewr-11,joint,shuffle,1,0.0,10.819778284410283,1.3118752925
fixed/present,ewr-11,joint,shuffle,1,0.0,10.819778284410283,1.3118752925
fixed/recency,ewr-11,joint,shuffle,1,0.0,6.907755278982137,1.90245
fixed/reference,ewr-11,joint,shuffle,1,0.0,10.819778284410283,1.3118752925
fixed/transition1,ewr-11,joint,shuffle,1,0.0,10.819778284410283,1.3118752925
fixed/transition2,ewr-11,joint,shuffle,1,0.0,10.819778284410283,1.3118752925
fixed/transition3,ewr-11,joint,shuffle,1,0.0,10.819778284410283,1.3118752925
oracle-boundary/absolute,ewr-11,joint,shuffle,1,1.0,0.0009804805139614205,9.800000000392828e-07
oracle-boundary/present,ewr-11,joint,shuffle,1,0.0,10.819778284410283,1.3118752925
oracle-boundary/recency,ewr-11,joint,shuffle,1,1.0,0.05024121643674679,0.0024500000000000632
oracle-boundary/reference,ewr-11,joint,shuffle,1,1.0,0.0009804805139614205,9.800000000392828e-07
oracle-boundary/transition1,ewr-11,joint,shuffle,1,0.0,0.69410764165507,0.50000048
oracle-boundary/transition2,ewr-11,joint,shuffle,1,1.0,0.0009804805139614205,9.800000000392828e-07
oracle-boundary/transition3,ewr-11,joint,shuffle,1,1.0,0.0009804805139614205,9.800000000392828e-07
repaired/absolute,ewr-11,joint,ambiguous,0,1.0,0.6941139195393037,0.5000067457971455
repaired/present,ewr-11,joint,ambiguous,0,0.0,10.819778284410283,1.3118752925
repaired/recency,ewr-11,joint,ambiguous,0,0.0,3.4789982477094417,0.95245
repaired/reference,ewr-11,joint,ambiguous,0,1.0,0.6941082538191194,0.5000010909888846
repaired/transition1,ewr-11,joint,ambiguous,0,1.0,0.6941139195393037,0.5000067457971455
repaired/transition2,ewr-11,joint,ambiguous,0,1.0,0.6941139195393037,0.5000067457971455
repaired/transition3,ewr-11,joint,ambiguous,0,1.0,0.6941139195393037,0.5000067457971455
streaming/absolute,ewr-11,joint,ambiguous,0,0.0,10.819778284410283,1.3118752925
streaming/present,ewr-11,joint,ambiguous,0,0.0,10.819778284410283,1.3118752925
streaming/recency,ewr-11,joint,ambiguous,0,0.0,3.4789982477094417,0.95245
streaming/reference,ewr-11,joint,ambiguous,0,0.0,5.410379382462122,0.9990009799999999
streaming/transition1,ewr-11,joint,ambiguous,0,0.0,10.819778284410283,1.3118752925
streaming/transition2,ewr-11,joint,ambiguous,0,0.0,10.819778284410283,1.3118752925
streaming/transition3,ewr-11,joint,ambiguous,0,0.0,10.819778284410283,1.3118752925
fixed/absolute,ewr-11,joint,ambiguous,0,0.0,10.819778284410283,1.3118752925
fixed/present,ewr-11,joint,ambiguous,0,0.0,10.819778284410283,1.3118752925
fixed/recency,ewr-11,joint,ambiguous,0,0.0,6.907755278982137,1.90245
fixed/reference,ewr-11,joint,ambiguous,0,0.0,10.819778284410283,1.3118752925
fixed/transition1,ewr-11,joint,ambiguous,0,0.0,10.819778284410283,1.3118752925
fixed/transition2,ewr-11,joint,ambiguous,0,0.0,10.819778284410283,1.3118752925
fixed/transition3,ewr-11,joint,ambiguous,0,0.0,10.819778284410283,1.3118752925
oracle-boundary/absolute,ewr-11,joint,ambiguous,0,1.0,0.69410764165507,0.50000048
oracle-boundary/present,ewr-11,joint,ambiguous,0,0.0,10.819778284410283,1.3118752925
oracle-boundary/recency,ewr-11,joint,ambiguous,0,0.0,3.4789982477094417,0.95245
oracle-boundary/reference,ewr-11,joint,ambiguous,0,1.0,0.69410764165507,0.50000048
oracle-boundary/transition1,ewr-11,joint,ambiguous,0,1.0,0.69410764165507,0.50000048
oracle-boundary/transition2,ewr-11,joint,ambiguous,0,1.0,0.69410764165507,0.50000048
oracle-boundary/transition3,ewr-11,joint,ambiguous,0,1.0,0.69410764165507,0.50000048
repaired/absolute,ewr-11,joint,ambiguous,1,0.0,0.6941139195393037,0.5000067457971455
repaired/present,ewr-11,joint,ambiguous,1,0.0,10.819778284410283,1.3118752925
repaired/recency,ewr-11,joint,ambiguous,1,1.0,3.4789982477094417,0.95245
repaired/reference,ewr-11,joint,ambiguous,1,0.0,0.6941082538191194,0.5000010909888846
repaired/transition1,ewr-11,joint,ambiguous,1,0.0,0.6941139195393037,0.5000067457971455
repaired/transition2,ewr-11,joint,ambiguous,1,0.0,0.6941139195393037,0.5000067457971455
repaired/transition3,ewr-11,joint,ambiguous,1,0.0,0.6941139195393037,0.5000067457971455
streaming/absolute,ewr-11,joint,ambiguous,1,0.0,10.819778284410283,1.3118752925
streaming/present,ewr-11,joint,ambiguous,1,0.0,10.819778284410283,1.3118752925
streaming/recency,ewr-11,joint,ambiguous,1,1.0,3.4789982477094417,0.95245
streaming/reference,ewr-11,joint,ambiguous,1,1.0,5.410379382462122,0.9990009799999999
streaming/transition1,ewr-11,joint,ambiguous,1,0.0,10.819778284410283,1.3118752925
streaming/transition2,ewr-11,joint,ambiguous,1,0.0,10.819778284410283,1.3118752925
streaming/transition3,ewr-11,joint,ambiguous,1,0.0,10.819778284410283,1.3118752925
fixed/absolute,ewr-11,joint,ambiguous,1,0.0,10.819778284410283,1.3118752925
fixed/present,ewr-11,joint,ambiguous,1,0.0,10.819778284410283,1.3118752925
fixed/recency,ewr-11,joint,ambiguous,1,0.0,6.907755278982137,1.90245
fixed/reference,ewr-11,joint,ambiguous,1,0.0,10.819778284410283,1.3118752925
fixed/transition1,ewr-11,joint,ambiguous,1,0.0,10.819778284410283,1.3118752925
fixed/transition2,ewr-11,joint,ambiguous,1,0.0,10.819778284410283,1.3118752925
fixed/transition3,ewr-11,joint,ambiguous,1,0.0,10.819778284410283,1.3118752925
oracle-boundary/absolute,ewr-11,joint,ambiguous,1,0.0,0.69410764165507,0.50000048
oracle-boundary/present,ewr-11,joint,ambiguous,1,0.0,10.819778284410283,1.3118752925
oracle-boundary/recency,ewr-11,joint,ambiguous,1,1.0,3.4789982477094417,0.95245
oracle-boundary/reference,ewr-11,joint,ambiguous,1,0.0,0.69410764165507,0.50000048
oracle-boundary/transition1,ewr-11,joint,ambiguous,1,0.0,0.69410764165507,0.50000048
oracle-boundary/transition2,ewr-11,joint,ambiguous,1,0.0,0.69410764165507,0.50000048
oracle-boundary/transition3,ewr-11,joint,ambiguous,1,0.0,0.69410764165507,0.50000048
repaired/absolute,ewr-12,detached,intact,0,1.0,0.0009804805139616427,9.800000000392828e-07
repaired/present,ewr-12,detached,intact,0,0.0,2.0802818946775288,1.0621252925000002
repaired/recency,ewr-12,detached,intact,0,1.0,0.05024121643674679,0.0024500000000000632
repaired/reference,ewr-12,detached,intact,0,1.0,0.0009804805139616427,9.800000000392828e-07
repaired/transition1,ewr-12,detached,intact,0,1.0,0.6437617964573098,0.44974582775819694
repaired/transition2,ewr-12,detached,intact,0,1.0,0.0009804805139616427,9.800000000392828e-07
repaired/transition3,ewr-12,detached,intact,0,1.0,0.0009804805139616427,9.800000000392828e-07
streaming/absolute,ewr-12,detached,intact,0,0.0,2.0802818946775288,1.0621252925000002
streaming/present,ewr-12,detached,intact,0,0.0,2.0802818946775288,1.0621252925000002
streaming/recency,ewr-12,detached,intact,0,1.0,0.05024121643674679,0.0024500000000000632
streaming/reference,ewr-12,detached,intact,0,0.0,2.0802818946775288,1.0621252925000002
streaming/transition1,ewr-12,detached,intact,0,0.0,2.0802818946775288,1.0621252925000002
streaming/transition2,ewr-12,detached,intact,0,0.0,2.0802818946775288,1.0621252925000002
streaming/transition3,ewr-12,detached,intact,0,0.0,2.0802818946775288,1.0621252925000002
fixed/absolute,ewr-12,detached,intact,0,0.0,2.0802818946775288,1.0621252925000002
fixed/present,ewr-12,detached,intact,0,0.0,2.0802818946775288,1.0621252925000002
fixed/recency,ewr-12,detached,intact,0,0.0,2.1223490426911127,1.0444812499999996
fixed/reference,ewr-12,detached,intact,0,0.0,2.0802818946775288,1.0621252925000002
fixed/transition1,ewr-12,detached,intact,0,0.0,2.0802818946775288,1.0621252925000002
fixed/transition2,ewr-12,detached,intact,0,0.0,2.0802818946775288,1.0621252925000002
fixed/transition3,ewr-12,detached,intact,0,0.0,2.0802818946775288,1.0621252925000002
oracle-boundary/absolute,ewr-12,detached,intact,0,1.0,0.0009804805139616427,9.800000000392828e-07
oracle-boundary/present,ewr-12,detached,intact,0,0.0,2.0802818946775288,1.0621252925000002
oracle-boundary/recency,ewr-12,detached,intact,0,1.0,0.05024121643674679,0.0024500000000000632
oracle-boundary/reference,ewr-12,detached,intact,0,1.0,0.0009804805139616427,9.800000000392828e-07
oracle-boundary/transition1,ewr-12,detached,intact,0,1.0,0.6941076416550698,0.5000004800000002
oracle-boundary/transition2,ewr-12,detached,intact,0,1.0,0.0009804805139616427,9.800000000392828e-07
oracle-boundary/transition3,ewr-12,detached,intact,0,1.0,0.0009804805139616427,9.800000000392828e-07
repaired/absolute,ewr-12,detached,intact,1,1.0,0.0009804805139614205,9.800000000392828e-07
repaired/present,ewr-12,detached,intact,1,0.0,2.0802818946775288,1.0621252925000002
repaired/recency,ewr-12,detached,intact,1,1.0,0.05024121643674679,0.0024500000000000632
repaired/reference,ewr-12,detached,intact,1,1.0,0.0009804805139614205,9.800000000392828e-07
repaired/transition1,ewr-12,detached,intact,1,1.0,0.686039614715221,0.4919403428500273
repaired/transition2,ewr-12,detached,intact,1,1.0,0.0009804805139614205,9.800000000392828e-07
repaired/transition3,ewr-12,detached,intact,1,1.0,0.0009804805139614205,9.800000000392828e-07
streaming/absolute,ewr-12,detached,intact,1,1.0,0.0009804805139614205,9.800000000392828e-07
streaming/present,ewr-12,detached,intact,1,0.0,2.0802818946775288,1.0621252925000002
streaming/recency,ewr-12,detached,intact,1,1.0,0.05024121643674679,0.0024500000000000632
streaming/reference,ewr-12,detached,intact,1,1.0,0.0009804805139614205,9.800000000392828e-07
streaming/transition1,ewr-12,detached,intact,1,1.0,0.0009804805139614205,9.800000000392828e-07
streaming/transition2,ewr-12,detached,intact,1,1.0,0.0009804805139614205,9.800000000392828e-07
streaming/transition3,ewr-12,detached,intact,1,1.0,0.0009804805139614205,9.800000000392828e-07
fixed/absolute,ewr-12,detached,intact,1,0.0,2.0802818946775288,1.0621252925000002
fixed/present,ewr-12,detached,intact,1,0.0,2.0802818946775288,1.0621252925000002
fixed/recency,ewr-12,detached,intact,1,0.0,2.1223490426911127,1.0444812499999996
fixed/reference,ewr-12,detached,intact,1,0.0,2.0802818946775288,1.0621252925000002
fixed/transition1,ewr-12,detached,intact,1,0.0,2.0802818946775288,1.0621252925000002
fixed/transition2,ewr-12,detached,intact,1,0.0,2.0802818946775288,1.0621252925000002
fixed/transition3,ewr-12,detached,intact,1,0.0,2.0802818946775288,1.0621252925000002
oracle-boundary/absolute,ewr-12,detached,intact,1,1.0,0.0009804805139614205,9.800000000392828e-07
oracle-boundary/present,ewr-12,detached,intact,1,0.0,2.0802818946775288,1.0621252925000002
oracle-boundary/recency,ewr-12,detached,intact,1,1.0,0.05024121643674679,0.0024500000000000632
oracle-boundary/reference,ewr-12,detached,intact,1,1.0,0.0009804805139614205,9.800000000392828e-07
oracle-boundary/transition1,ewr-12,detached,intact,1,0.0,0.6941076416550698,0.5000004800000002
oracle-boundary/transition2,ewr-12,detached,intact,1,1.0,0.0009804805139614205,9.800000000392828e-07
oracle-boundary/transition3,ewr-12,detached,intact,1,1.0,0.0009804805139614205,9.800000000392828e-07
repaired/absolute,ewr-12,legato,intact,0,0.0,2.0802818946775288,1.0621252925000002
repaired/present,ewr-12,legato,intact,0,0.0,2.0802818946775288,1.0621252925000002
repaired/recency,ewr-12,legato,intact,0,1.0,0.05024121643674679,0.0024500000000000632
repaired/reference,ewr-12,legato,intact,0,0.0,2.0802818946775288,1.0621252925000002
repaired/transition1,ewr-12,legato,intact,0,1.0,0.6912832619345317,0.4971788153666732
repaired/transition2,ewr-12,legato,intact,0,1.0,0.0009804805139616427,9.800000000392828e-07
repaired/transition3,ewr-12,legato,intact,0,0.0,2.0802818946775288,1.0621252925000002
streaming/absolute,ewr-12,legato,intact,0,0.0,2.0802818946775288,1.0621252925000002
streaming/present,ewr-12,legato,intact,0,0.0,2.0802818946775288,1.0621252925000002
streaming/recency,ewr-12,legato,intact,0,1.0,0.05024121643674679,0.0024500000000000632
streaming/reference,ewr-12,legato,intact,0,0.0,2.0802818946775288,1.0621252925000002
streaming/transition1,ewr-12,legato,intact,0,0.0,2.0802818946775288,1.0621252925000002
streaming/transition2,ewr-12,legato,intact,0,0.0,2.0802818946775288,1.0621252925000002
streaming/transition3,ewr-12,legato,intact,0,0.0,2.0802818946775288,1.0621252925000002
fixed/absolute,ewr-12,legato,intact,0,0.0,2.0802818946775288,1.0621252925000002
fixed/present,ewr-12,legato,intact,0,0.0,2.0802818946775288,1.0621252925000002
fixed/recency,ewr-12,legato,intact,0,0.0,2.1223490426911127,1.0444812499999996
fixed/reference,ewr-12,legato,intact,0,0.0,2.0802818946775288,1.0621252925000002
fixed/transition1,ewr-12,legato,intact,0,0.0,2.0802818946775288,1.0621252925000002
fixed/transition2,ewr-12,legato,intact,0,0.0,2.0802818946775288,1.0621252925000002
fixed/transition3,ewr-12,legato,intact,0,0.0,2.0802818946775288,1.0621252925000002
oracle-boundary/absolute,ewr-12,legato,intact,0,1.0,0.0009804805139616427,9.800000000392828e-07
oracle-boundary/present,ewr-12,legato,intact,0,0.0,2.0802818946775288,1.0621252925000002
oracle-boundary/recency,ewr-12,legato,intact,0,1.0,0.05024121643674679,0.0024500000000000632
oracle-boundary/reference,ewr-12,legato,intact,0,1.0,0.0009804805139616427,9.800000000392828e-07
oracle-boundary/transition1,ewr-12,legato,intact,0,1.0,0.6941076416550698,0.5000004800000002
oracle-boundary/transition2,ewr-12,legato,intact,0,1.0,0.0009804805139616427,9.800000000392828e-07
oracle-boundary/transition3,ewr-12,legato,intact,0,1.0,0.0009804805139616427,9.800000000392828e-07
repaired/absolute,ewr-12,legato,intact,1,0.0,2.0802818946775288,1.0621252925000002
repaired/present,ewr-12,legato,intact,1,0.0,2.0802818946775288,1.0621252925000002
repaired/recency,ewr-12,legato,intact,1,1.0,0.05024121643674679,0.0024500000000000632
repaired/reference,ewr-12,legato,intact,1,0.0,2.0802818946775288,1.0621252925000002
repaired/transition1,ewr-12,legato,intact,1,1.0,0.6935532708576981,0.49944664130789684
repaired/transition2,ewr-12,legato,intact,1,1.0,0.0009804805139614205,9.800000000392828e-07
repaired/transition3,ewr-12,legato,intact,1,0.0,2.0802818946775288,1.0621252925000002
streaming/absolute,ewr-12,legato,intact,1,0.0,2.0802818946775288,1.0621252925000002
streaming/present,ewr-12,legato,intact,1,0.0,2.0802818946775288,1.0621252925000002
streaming/recency,ewr-12,legato,intact,1,0.0,6.907755278982137,1.90245
streaming/reference,ewr-12,legato,intact,1,0.0,2.0802818946775288,1.0621252925000002
streaming/transition1,ewr-12,legato,intact,1,0.0,2.0802818946775288,1.0621252925000002
streaming/transition2,ewr-12,legato,intact,1,0.0,2.0802818946775288,1.0621252925000002
streaming/transition3,ewr-12,legato,intact,1,0.0,2.0802818946775288,1.0621252925000002
fixed/absolute,ewr-12,legato,intact,1,0.0,2.0802818946775288,1.0621252925000002
fixed/present,ewr-12,legato,intact,1,0.0,2.0802818946775288,1.0621252925000002
fixed/recency,ewr-12,legato,intact,1,0.0,2.1223490426911127,1.0444812499999996
fixed/reference,ewr-12,legato,intact,1,0.0,2.0802818946775288,1.0621252925000002
fixed/transition1,ewr-12,legato,intact,1,0.0,2.0802818946775288,1.0621252925000002
fixed/transition2,ewr-12,legato,intact,1,0.0,2.0802818946775288,1.0621252925000002
fixed/transition3,ewr-12,legato,intact,1,0.0,2.0802818946775288,1.0621252925000002
oracle-boundary/absolute,ewr-12,legato,intact,1,1.0,0.0009804805139614205,9.800000000392828e-07
oracle-boundary/present,ewr-12,legato,intact,1,0.0,2.0802818946775288,1.0621252925000002
oracle-boundary/recency,ewr-12,legato,intact,1,1.0,0.05024121643674679,0.0024500000000000632
oracle-boundary/reference,ewr-12,legato,intact,1,1.0,0.0009804805139614205,9.800000000392828e-07
oracle-boundary/transition1,ewr-12,legato,intact,1,0.0,0.6941076416550698,0.5000004800000002
oracle-boundary/transition2,ewr-12,legato,intact,1,1.0,0.0009804805139614205,9.800000000392828e-07
oracle-boundary/transition3,ewr-12,legato,intact,1,1.0,0.0009804805139614205,9.800000000392828e-07
repaired/absolute,ewr-12,duration,intact,0,1.0,0.0009804805139616427,9.800000000392828e-07
repaired/present,ewr-12,duration,intact,0,0.0,2.0802818946775288,1.0621252925000002
repaired/recency,ewr-12,duration,intact,0,1.0,0.05024121643674679,0.0024500000000000632
repaired/reference,ewr-12,duration,intact,0,1.0,0.0009804805139616427,9.800000000392828e-07
repaired/transition1,ewr-12,duration,intact,0,0.0,0.7005952560231403,0.5064817557144532
repaired/transition2,ewr-12,duration,intact,0,1.0,0.0009804805139616427,9.800000000392828e-07
repaired/transition3,ewr-12,duration,intact,0,1.0,0.0009804805139616427,9.800000000392828e-07
streaming/absolute,ewr-12,duration,intact,0,0.0,2.0802818946775288,1.0621252925000002
streaming/present,ewr-12,duration,intact,0,0.0,2.0802818946775288,1.0621252925000002
streaming/recency,ewr-12,duration,intact,0,0.0,2.1223490426911127,1.0444812499999996
streaming/reference,ewr-12,duration,intact,0,0.0,2.0802818946775288,1.0621252925000002
streaming/transition1,ewr-12,duration,intact,0,0.0,2.0802818946775288,1.0621252925000002
streaming/transition2,ewr-12,duration,intact,0,0.0,2.0802818946775288,1.0621252925000002
streaming/transition3,ewr-12,duration,intact,0,0.0,2.0802818946775288,1.0621252925000002
fixed/absolute,ewr-12,duration,intact,0,0.0,2.0802818946775288,1.0621252925000002
fixed/present,ewr-12,duration,intact,0,0.0,2.0802818946775288,1.0621252925000002
fixed/recency,ewr-12,duration,intact,0,0.0,2.1223490426911127,1.0444812499999996
fixed/reference,ewr-12,duration,intact,0,0.0,2.0802818946775288,1.0621252925000002
fixed/transition1,ewr-12,duration,intact,0,0.0,2.0802818946775288,1.0621252925000002
fixed/transition2,ewr-12,duration,intact,0,0.0,2.0802818946775288,1.0621252925000002
fixed/transition3,ewr-12,duration,intact,0,0.0,2.0802818946775288,1.0621252925000002
oracle-boundary/absolute,ewr-12,duration,intact,0,1.0,0.0009804805139616427,9.800000000392828e-07
oracle-boundary/present,ewr-12,duration,intact,0,0.0,2.0802818946775288,1.0621252925000002
oracle-boundary/recency,ewr-12,duration,intact,0,1.0,0.05024121643674679,0.0024500000000000632
oracle-boundary/reference,ewr-12,duration,intact,0,1.0,0.0009804805139616427,9.800000000392828e-07
oracle-boundary/transition1,ewr-12,duration,intact,0,1.0,0.6941076416550698,0.5000004800000002
oracle-boundary/transition2,ewr-12,duration,intact,0,1.0,0.0009804805139616427,9.800000000392828e-07
oracle-boundary/transition3,ewr-12,duration,intact,0,1.0,0.0009804805139616427,9.800000000392828e-07
repaired/absolute,ewr-12,duration,intact,1,1.0,0.0009804805139614205,9.800000000392828e-07
repaired/present,ewr-12,duration,intact,1,0.0,2.0802818946775288,1.0621252925000002
repaired/recency,ewr-12,duration,intact,1,1.0,0.05024121643674679,0.0024500000000000632
repaired/reference,ewr-12,duration,intact,1,1.0,0.0009804805139614205,9.800000000392828e-07
repaired/transition1,ewr-12,duration,intact,1,0.0,0.697117763235609,0.5030076984696557
repaired/transition2,ewr-12,duration,intact,1,1.0,0.0009804805139614205,9.800000000392828e-07
repaired/transition3,ewr-12,duration,intact,1,1.0,0.0009804805139614205,9.800000000392828e-07
streaming/absolute,ewr-12,duration,intact,1,0.0,2.0802818946775288,1.0621252925000002
streaming/present,ewr-12,duration,intact,1,0.0,2.0802818946775288,1.0621252925000002
streaming/recency,ewr-12,duration,intact,1,0.0,2.1223490426911127,1.0444812499999996
streaming/reference,ewr-12,duration,intact,1,0.0,2.0802818946775288,1.0621252925000002
streaming/transition1,ewr-12,duration,intact,1,0.0,2.0802818946775288,1.0621252925000002
streaming/transition2,ewr-12,duration,intact,1,0.0,2.0802818946775288,1.0621252925000002
streaming/transition3,ewr-12,duration,intact,1,0.0,2.0802818946775288,1.0621252925000002
fixed/absolute,ewr-12,duration,intact,1,0.0,2.0802818946775288,1.0621252925000002
fixed/present,ewr-12,duration,intact,1,0.0,2.0802818946775288,1.0621252925000002
fixed/recency,ewr-12,duration,intact,1,0.0,2.1223490426911127,1.0444812499999996
fixed/reference,ewr-12,duration,intact,1,0.0,2.0802818946775288,1.0621252925000002
fixed/transition1,ewr-12,duration,intact,1,0.0,2.0802818946775288,1.0621252925000002
fixed/transition2,ewr-12,duration,intact,1,0.0,2.0802818946775288,1.0621252925000002
fixed/transition3,ewr-12,duration,intact,1,0.0,2.0802818946775288,1.0621252925000002
oracle-boundary/absolute,ewr-12,duration,intact,1,1.0,0.0009804805139614205,9.800000000392828e-07
oracle-boundary/present,ewr-12,duration,intact,1,0.0,2.0802818946775288,1.0621252925000002
oracle-boundary/recency,ewr-12,duration,intact,1,1.0,0.05024121643674679,0.0024500000000000632
oracle-boundary/reference,ewr-12,duration,intact,1,1.0,0.0009804805139614205,9.800000000392828e-07
oracle-boundary/transition1,ewr-12,duration,intact,1,0.0,0.6941076416550698,0.5000004800000002
oracle-boundary/transition2,ewr-12,duration,intact,1,1.0,0.0009804805139614205,9.800000000392828e-07
oracle-boundary/transition3,ewr-12,duration,intact,1,1.0,0.0009804805139614205,9.800000000392828e-07
repaired/absolute,ewr-12,joint,intact,0,1.0,0.0009804805139616427,9.800000000392828e-07
repaired/present,ewr-12,joint,intact,0,0.0,2.0802818946775288,1.0621252925000002
repaired/recency,ewr-12,joint,intact,0,1.0,0.05024121643674679,0.0024500000000000632
repaired/reference,ewr-12,joint,intact,0,1.0,0.0009804805139616427,9.800000000392828e-07
repaired/transition1,ewr-12,joint,intact,0,0.0,0.7005952560231403,0.5064817557144532
repaired/transition2,ewr-12,joint,intact,0,1.0,0.0009804805139616427,9.800000000392828e-07
repaired/transition3,ewr-12,joint,intact,0,1.0,0.0009804805139616427,9.800000000392828e-07
streaming/absolute,ewr-12,joint,intact,0,0.0,2.0802818946775288,1.0621252925000002
streaming/present,ewr-12,joint,intact,0,0.0,2.0802818946775288,1.0621252925000002
streaming/recency,ewr-12,joint,intact,0,0.0,2.1223490426911127,1.0444812499999996
streaming/reference,ewr-12,joint,intact,0,0.0,2.0802818946775288,1.0621252925000002
streaming/transition1,ewr-12,joint,intact,0,0.0,2.0802818946775288,1.0621252925000002
streaming/transition2,ewr-12,joint,intact,0,0.0,2.0802818946775288,1.0621252925000002
streaming/transition3,ewr-12,joint,intact,0,0.0,2.0802818946775288,1.0621252925000002
fixed/absolute,ewr-12,joint,intact,0,0.0,2.0802818946775288,1.0621252925000002
fixed/present,ewr-12,joint,intact,0,0.0,2.0802818946775288,1.0621252925000002
fixed/recency,ewr-12,joint,intact,0,0.0,2.1223490426911127,1.0444812499999996
fixed/reference,ewr-12,joint,intact,0,0.0,2.0802818946775288,1.0621252925000002
fixed/transition1,ewr-12,joint,intact,0,0.0,2.0802818946775288,1.0621252925000002
fixed/transition2,ewr-12,joint,intact,0,0.0,2.0802818946775288,1.0621252925000002
fixed/transition3,ewr-12,joint,intact,0,0.0,2.0802818946775288,1.0621252925000002
oracle-boundary/absolute,ewr-12,joint,intact,0,1.0,0.0009804805139616427,9.800000000392828e-07
oracle-boundary/present,ewr-12,joint,intact,0,0.0,2.0802818946775288,1.0621252925000002
oracle-boundary/recency,ewr-12,joint,intact,0,1.0,0.05024121643674679,0.0024500000000000632
oracle-boundary/reference,ewr-12,joint,intact,0,1.0,0.0009804805139616427,9.800000000392828e-07
oracle-boundary/transition1,ewr-12,joint,intact,0,1.0,0.6941076416550698,0.5000004800000002
oracle-boundary/transition2,ewr-12,joint,intact,0,1.0,0.0009804805139616427,9.800000000392828e-07
oracle-boundary/transition3,ewr-12,joint,intact,0,1.0,0.0009804805139616427,9.800000000392828e-07
repaired/absolute,ewr-12,joint,intact,1,1.0,0.0009804805139614205,9.800000000392828e-07
repaired/present,ewr-12,joint,intact,1,0.0,2.0802818946775288,1.0621252925000002
repaired/recency,ewr-12,joint,intact,1,1.0,0.05024121643674679,0.0024500000000000632
repaired/reference,ewr-12,joint,intact,1,1.0,0.0009804805139614205,9.800000000392828e-07
repaired/transition1,ewr-12,joint,intact,1,0.0,0.6971177632356089,0.5030076984696557
repaired/transition2,ewr-12,joint,intact,1,1.0,0.0009804805139614205,9.800000000392828e-07
repaired/transition3,ewr-12,joint,intact,1,1.0,0.0009804805139614205,9.800000000392828e-07
streaming/absolute,ewr-12,joint,intact,1,0.0,2.0802818946775288,1.0621252925000002
streaming/present,ewr-12,joint,intact,1,0.0,2.0802818946775288,1.0621252925000002
streaming/recency,ewr-12,joint,intact,1,0.0,2.1223490426911127,1.0444812499999996
streaming/reference,ewr-12,joint,intact,1,0.0,2.0802818946775288,1.0621252925000002
streaming/transition1,ewr-12,joint,intact,1,0.0,2.0802818946775288,1.0621252925000002
streaming/transition2,ewr-12,joint,intact,1,0.0,2.0802818946775288,1.0621252925000002
streaming/transition3,ewr-12,joint,intact,1,0.0,2.0802818946775288,1.0621252925000002
fixed/absolute,ewr-12,joint,intact,1,0.0,2.0802818946775288,1.0621252925000002
fixed/present,ewr-12,joint,intact,1,0.0,2.0802818946775288,1.0621252925000002
fixed/recency,ewr-12,joint,intact,1,0.0,2.1223490426911127,1.0444812499999996
fixed/reference,ewr-12,joint,intact,1,0.0,2.0802818946775288,1.0621252925000002
fixed/transition1,ewr-12,joint,intact,1,0.0,2.0802818946775288,1.0621252925000002
fixed/transition2,ewr-12,joint,intact,1,0.0,2.0802818946775288,1.0621252925000002
fixed/transition3,ewr-12,joint,intact,1,0.0,2.0802818946775288,1.0621252925000002
oracle-boundary/absolute,ewr-12,joint,intact,1,1.0,0.0009804805139614205,9.800000000392828e-07
oracle-boundary/present,ewr-12,joint,intact,1,0.0,2.0802818946775288,1.0621252925000002
oracle-boundary/recency,ewr-12,joint,intact,1,1.0,0.05024121643674679,0.0024500000000000632
oracle-boundary/reference,ewr-12,joint,intact,1,1.0,0.0009804805139614205,9.800000000392828e-07
oracle-boundary/transition1,ewr-12,joint,intact,1,0.0,0.6941076416550698,0.5000004800000002
oracle-boundary/transition2,ewr-12,joint,intact,1,1.0,0.0009804805139614205,9.800000000392828e-07
oracle-boundary/transition3,ewr-12,joint,intact,1,1.0,0.0009804805139614205,9.800000000392828e-07
repaired/absolute,ewr-12,joint,reset,0,0.0,2.0802818946775288,1.0621252925000002
repaired/present,ewr-12,joint,reset,0,0.0,2.0802818946775288,1.0621252925000002
repaired/recency,ewr-12,joint,reset,0,0.0,2.1223490426911127,1.0444812499999996
repaired/reference,ewr-12,joint,reset,0,0.0,2.0802818946775288,1.0621252925000002
repaired/transition1,ewr-12,joint,reset,0,0.0,2.0802818946775288,1.0621252925000002
repaired/transition2,ewr-12,joint,reset,0,0.0,2.0802818946775288,1.0621252925000002
repaired/transition3,ewr-12,joint,reset,0,0.0,2.0802818946775288,1.0621252925000002
streaming/absolute,ewr-12,joint,reset,0,0.0,2.0802818946775288,1.0621252925000002
streaming/present,ewr-12,joint,reset,0,0.0,2.0802818946775288,1.0621252925000002
streaming/recency,ewr-12,joint,reset,0,0.0,2.1223490426911127,1.0444812499999996
streaming/reference,ewr-12,joint,reset,0,0.0,2.0802818946775288,1.0621252925000002
streaming/transition1,ewr-12,joint,reset,0,0.0,2.0802818946775288,1.0621252925000002
streaming/transition2,ewr-12,joint,reset,0,0.0,2.0802818946775288,1.0621252925000002
streaming/transition3,ewr-12,joint,reset,0,0.0,2.0802818946775288,1.0621252925000002
fixed/absolute,ewr-12,joint,reset,0,0.0,2.0802818946775288,1.0621252925000002
fixed/present,ewr-12,joint,reset,0,0.0,2.0802818946775288,1.0621252925000002
fixed/recency,ewr-12,joint,reset,0,0.0,2.1223490426911127,1.0444812499999996
fixed/reference,ewr-12,joint,reset,0,0.0,2.0802818946775288,1.0621252925000002
fixed/transition1,ewr-12,joint,reset,0,0.0,2.0802818946775288,1.0621252925000002
fixed/transition2,ewr-12,joint,reset,0,0.0,2.0802818946775288,1.0621252925000002
fixed/transition3,ewr-12,joint,reset,0,0.0,2.0802818946775288,1.0621252925000002
oracle-boundary/absolute,ewr-12,joint,reset,0,0.0,2.0802818946775288,1.0621252925000002
oracle-boundary/present,ewr-12,joint,reset,0,0.0,2.0802818946775288,1.0621252925000002
oracle-boundary/recency,ewr-12,joint,reset,0,0.0,2.1223490426911127,1.0444812499999996
oracle-boundary/reference,ewr-12,joint,reset,0,0.0,2.0802818946775288,1.0621252925000002
oracle-boundary/transition1,ewr-12,joint,reset,0,0.0,2.0802818946775288,1.0621252925000002
oracle-boundary/transition2,ewr-12,joint,reset,0,0.0,2.0802818946775288,1.0621252925000002
oracle-boundary/transition3,ewr-12,joint,reset,0,0.0,2.0802818946775288,1.0621252925000002
repaired/absolute,ewr-12,joint,reset,1,0.0,2.0802818946775288,1.0621252925000002
repaired/present,ewr-12,joint,reset,1,0.0,2.0802818946775288,1.0621252925000002
repaired/recency,ewr-12,joint,reset,1,0.0,2.1223490426911127,1.0444812499999996
repaired/reference,ewr-12,joint,reset,1,0.0,2.0802818946775288,1.0621252925000002
repaired/transition1,ewr-12,joint,reset,1,0.0,2.0802818946775288,1.0621252925000002
repaired/transition2,ewr-12,joint,reset,1,0.0,2.0802818946775288,1.0621252925000002
repaired/transition3,ewr-12,joint,reset,1,0.0,2.0802818946775288,1.0621252925000002
streaming/absolute,ewr-12,joint,reset,1,0.0,2.0802818946775288,1.0621252925000002
streaming/present,ewr-12,joint,reset,1,0.0,2.0802818946775288,1.0621252925000002
streaming/recency,ewr-12,joint,reset,1,0.0,2.1223490426911127,1.0444812499999996
streaming/reference,ewr-12,joint,reset,1,0.0,2.0802818946775288,1.0621252925000002
streaming/transition1,ewr-12,joint,reset,1,0.0,2.0802818946775288,1.0621252925000002
streaming/transition2,ewr-12,joint,reset,1,0.0,2.0802818946775288,1.0621252925000002
streaming/transition3,ewr-12,joint,reset,1,0.0,2.0802818946775288,1.0621252925000002
fixed/absolute,ewr-12,joint,reset,1,0.0,2.0802818946775288,1.0621252925000002
fixed/present,ewr-12,joint,reset,1,0.0,2.0802818946775288,1.0621252925000002
fixed/recency,ewr-12,joint,reset,1,0.0,2.1223490426911127,1.0444812499999996
fixed/reference,ewr-12,joint,reset,1,0.0,2.0802818946775288,1.0621252925000002
fixed/transition1,ewr-12,joint,reset,1,0.0,2.0802818946775288,1.0621252925000002
fixed/transition2,ewr-12,joint,reset,1,0.0,2.0802818946775288,1.0621252925000002
fixed/transition3,ewr-12,joint,reset,1,0.0,2.0802818946775288,1.0621252925000002
oracle-boundary/absolute,ewr-12,joint,reset,1,0.0,2.0802818946775288,1.0621252925000002
oracle-boundary/present,ewr-12,joint,reset,1,0.0,2.0802818946775288,1.0621252925000002
oracle-boundary/recency,ewr-12,joint,reset,1,0.0,2.1223490426911127,1.0444812499999996
oracle-boundary/reference,ewr-12,joint,reset,1,0.0,2.0802818946775288,1.0621252925000002
oracle-boundary/transition1,ewr-12,joint,reset,1,0.0,2.0802818946775288,1.0621252925000002
oracle-boundary/transition2,ewr-12,joint,reset,1,0.0,2.0802818946775288,1.0621252925000002
oracle-boundary/transition3,ewr-12,joint,reset,1,0.0,2.0802818946775288,1.0621252925000002
repaired/absolute,ewr-12,joint,removal,0,0.0,2.0802818946775288,1.0621252925000002
repaired/present,ewr-12,joint,removal,0,0.0,2.0802818946775288,1.0621252925000002
repaired/recency,ewr-12,joint,removal,0,0.0,2.1223490426911127,1.0444812499999996
repaired/reference,ewr-12,joint,removal,0,0.0,2.0802818946775288,1.0621252925000002
repaired/transition1,ewr-12,joint,removal,0,0.0,2.0802818946775288,1.0621252925000002
repaired/transition2,ewr-12,joint,removal,0,0.0,2.0802818946775288,1.0621252925000002
repaired/transition3,ewr-12,joint,removal,0,0.0,2.0802818946775288,1.0621252925000002
streaming/absolute,ewr-12,joint,removal,0,0.0,2.0802818946775288,1.0621252925000002
streaming/present,ewr-12,joint,removal,0,0.0,2.0802818946775288,1.0621252925000002
streaming/recency,ewr-12,joint,removal,0,0.0,2.1223490426911127,1.0444812499999996
streaming/reference,ewr-12,joint,removal,0,0.0,2.0802818946775288,1.0621252925000002
streaming/transition1,ewr-12,joint,removal,0,0.0,2.0802818946775288,1.0621252925000002
streaming/transition2,ewr-12,joint,removal,0,0.0,2.0802818946775288,1.0621252925000002
streaming/transition3,ewr-12,joint,removal,0,0.0,2.0802818946775288,1.0621252925000002
fixed/absolute,ewr-12,joint,removal,0,0.0,2.0802818946775288,1.0621252925000002
fixed/present,ewr-12,joint,removal,0,0.0,2.0802818946775288,1.0621252925000002
fixed/recency,ewr-12,joint,removal,0,0.0,2.1223490426911127,1.0444812499999996
fixed/reference,ewr-12,joint,removal,0,0.0,2.0802818946775288,1.0621252925000002
fixed/transition1,ewr-12,joint,removal,0,0.0,2.0802818946775288,1.0621252925000002
fixed/transition2,ewr-12,joint,removal,0,0.0,2.0802818946775288,1.0621252925000002
fixed/transition3,ewr-12,joint,removal,0,0.0,2.0802818946775288,1.0621252925000002
oracle-boundary/absolute,ewr-12,joint,removal,0,0.0,2.0802818946775288,1.0621252925000002
oracle-boundary/present,ewr-12,joint,removal,0,0.0,2.0802818946775288,1.0621252925000002
oracle-boundary/recency,ewr-12,joint,removal,0,0.0,2.1223490426911127,1.0444812499999996
oracle-boundary/reference,ewr-12,joint,removal,0,0.0,2.0802818946775288,1.0621252925000002
oracle-boundary/transition1,ewr-12,joint,removal,0,0.0,2.0802818946775288,1.0621252925000002
oracle-boundary/transition2,ewr-12,joint,removal,0,0.0,2.0802818946775288,1.0621252925000002
oracle-boundary/transition3,ewr-12,joint,removal,0,0.0,2.0802818946775288,1.0621252925000002
repaired/absolute,ewr-12,joint,removal,1,0.0,2.0802818946775288,1.0621252925000002
repaired/present,ewr-12,joint,removal,1,0.0,2.0802818946775288,1.0621252925000002
repaired/recency,ewr-12,joint,removal,1,0.0,2.1223490426911127,1.0444812499999996
repaired/reference,ewr-12,joint,removal,1,0.0,2.0802818946775288,1.0621252925000002
repaired/transition1,ewr-12,joint,removal,1,0.0,2.0802818946775288,1.0621252925000002
repaired/transition2,ewr-12,joint,removal,1,0.0,2.0802818946775288,1.0621252925000002
repaired/transition3,ewr-12,joint,removal,1,0.0,2.0802818946775288,1.0621252925000002
streaming/absolute,ewr-12,joint,removal,1,0.0,2.0802818946775288,1.0621252925000002
streaming/present,ewr-12,joint,removal,1,0.0,2.0802818946775288,1.0621252925000002
streaming/recency,ewr-12,joint,removal,1,0.0,2.1223490426911127,1.0444812499999996
streaming/reference,ewr-12,joint,removal,1,0.0,2.0802818946775288,1.0621252925000002
streaming/transition1,ewr-12,joint,removal,1,0.0,2.0802818946775288,1.0621252925000002
streaming/transition2,ewr-12,joint,removal,1,0.0,2.0802818946775288,1.0621252925000002
streaming/transition3,ewr-12,joint,removal,1,0.0,2.0802818946775288,1.0621252925000002
fixed/absolute,ewr-12,joint,removal,1,0.0,2.0802818946775288,1.0621252925000002
fixed/present,ewr-12,joint,removal,1,0.0,2.0802818946775288,1.0621252925000002
fixed/recency,ewr-12,joint,removal,1,0.0,2.1223490426911127,1.0444812499999996
fixed/reference,ewr-12,joint,removal,1,0.0,2.0802818946775288,1.0621252925000002
fixed/transition1,ewr-12,joint,removal,1,0.0,2.0802818946775288,1.0621252925000002
fixed/transition2,ewr-12,joint,removal,1,0.0,2.0802818946775288,1.0621252925000002
fixed/transition3,ewr-12,joint,removal,1,0.0,2.0802818946775288,1.0621252925000002
oracle-boundary/absolute,ewr-12,joint,removal,1,0.0,2.0802818946775288,1.0621252925000002
oracle-boundary/present,ewr-12,joint,removal,1,0.0,2.0802818946775288,1.0621252925000002
oracle-boundary/recency,ewr-12,joint,removal,1,0.0,2.1223490426911127,1.0444812499999996
oracle-boundary/reference,ewr-12,joint,removal,1,0.0,2.0802818946775288,1.0621252925000002
oracle-boundary/transition1,ewr-12,joint,removal,1,0.0,2.0802818946775288,1.0621252925000002
oracle-boundary/transition2,ewr-12,joint,removal,1,0.0,2.0802818946775288,1.0621252925000002
oracle-boundary/transition3,ewr-12,joint,removal,1,0.0,2.0802818946775288,1.0621252925000002
repaired/absolute,ewr-12,joint,swap,0,1.0,0.0009804805139614205,9.800000000392828e-07
repaired/present,ewr-12,joint,swap,0,0.0,2.0802818946775288,1.0621252925000002
repaired/recency,ewr-12,joint,swap,0,1.0,0.05024121643674679,0.0024500000000000632
repaired/reference,ewr-12,joint,swap,0,1.0,0.0009804805139614205,9.800000000392828e-07
repaired/transition1,ewr-12,joint,swap,0,0.0,0.6971177632356089,0.5030076984696557
repaired/transition2,ewr-12,joint,swap,0,1.0,0.0009804805139614205,9.800000000392828e-07
repaired/transition3,ewr-12,joint,swap,0,1.0,0.0009804805139614205,9.800000000392828e-07
streaming/absolute,ewr-12,joint,swap,0,0.0,2.0802818946775288,1.0621252925000002
streaming/present,ewr-12,joint,swap,0,0.0,2.0802818946775288,1.0621252925000002
streaming/recency,ewr-12,joint,swap,0,0.0,2.1223490426911127,1.0444812499999996
streaming/reference,ewr-12,joint,swap,0,0.0,2.0802818946775288,1.0621252925000002
streaming/transition1,ewr-12,joint,swap,0,0.0,2.0802818946775288,1.0621252925000002
streaming/transition2,ewr-12,joint,swap,0,0.0,2.0802818946775288,1.0621252925000002
streaming/transition3,ewr-12,joint,swap,0,0.0,2.0802818946775288,1.0621252925000002
fixed/absolute,ewr-12,joint,swap,0,0.0,2.0802818946775288,1.0621252925000002
fixed/present,ewr-12,joint,swap,0,0.0,2.0802818946775288,1.0621252925000002
fixed/recency,ewr-12,joint,swap,0,0.0,2.1223490426911127,1.0444812499999996
fixed/reference,ewr-12,joint,swap,0,0.0,2.0802818946775288,1.0621252925000002
fixed/transition1,ewr-12,joint,swap,0,0.0,2.0802818946775288,1.0621252925000002
fixed/transition2,ewr-12,joint,swap,0,0.0,2.0802818946775288,1.0621252925000002
fixed/transition3,ewr-12,joint,swap,0,0.0,2.0802818946775288,1.0621252925000002
oracle-boundary/absolute,ewr-12,joint,swap,0,1.0,0.0009804805139614205,9.800000000392828e-07
oracle-boundary/present,ewr-12,joint,swap,0,0.0,2.0802818946775288,1.0621252925000002
oracle-boundary/recency,ewr-12,joint,swap,0,1.0,0.05024121643674679,0.0024500000000000632
oracle-boundary/reference,ewr-12,joint,swap,0,1.0,0.0009804805139614205,9.800000000392828e-07
oracle-boundary/transition1,ewr-12,joint,swap,0,0.0,0.6941076416550698,0.5000004800000002
oracle-boundary/transition2,ewr-12,joint,swap,0,1.0,0.0009804805139614205,9.800000000392828e-07
oracle-boundary/transition3,ewr-12,joint,swap,0,1.0,0.0009804805139614205,9.800000000392828e-07
repaired/absolute,ewr-12,joint,swap,1,1.0,0.0009804805139616427,9.800000000392828e-07
repaired/present,ewr-12,joint,swap,1,0.0,2.0802818946775288,1.0621252925000002
repaired/recency,ewr-12,joint,swap,1,1.0,0.05024121643674679,0.0024500000000000632
repaired/reference,ewr-12,joint,swap,1,1.0,0.0009804805139616427,9.800000000392828e-07
repaired/transition1,ewr-12,joint,swap,1,0.0,0.7005952560231403,0.5064817557144532
repaired/transition2,ewr-12,joint,swap,1,1.0,0.0009804805139616427,9.800000000392828e-07
repaired/transition3,ewr-12,joint,swap,1,1.0,0.0009804805139616427,9.800000000392828e-07
streaming/absolute,ewr-12,joint,swap,1,0.0,2.0802818946775288,1.0621252925000002
streaming/present,ewr-12,joint,swap,1,0.0,2.0802818946775288,1.0621252925000002
streaming/recency,ewr-12,joint,swap,1,0.0,2.1223490426911127,1.0444812499999996
streaming/reference,ewr-12,joint,swap,1,0.0,2.0802818946775288,1.0621252925000002
streaming/transition1,ewr-12,joint,swap,1,0.0,2.0802818946775288,1.0621252925000002
streaming/transition2,ewr-12,joint,swap,1,0.0,2.0802818946775288,1.0621252925000002
streaming/transition3,ewr-12,joint,swap,1,0.0,2.0802818946775288,1.0621252925000002
fixed/absolute,ewr-12,joint,swap,1,0.0,2.0802818946775288,1.0621252925000002
fixed/present,ewr-12,joint,swap,1,0.0,2.0802818946775288,1.0621252925000002
fixed/recency,ewr-12,joint,swap,1,0.0,2.1223490426911127,1.0444812499999996
fixed/reference,ewr-12,joint,swap,1,0.0,2.0802818946775288,1.0621252925000002
fixed/transition1,ewr-12,joint,swap,1,0.0,2.0802818946775288,1.0621252925000002
fixed/transition2,ewr-12,joint,swap,1,0.0,2.0802818946775288,1.0621252925000002
fixed/transition3,ewr-12,joint,swap,1,0.0,2.0802818946775288,1.0621252925000002
oracle-boundary/absolute,ewr-12,joint,swap,1,1.0,0.0009804805139616427,9.800000000392828e-07
oracle-boundary/present,ewr-12,joint,swap,1,0.0,2.0802818946775288,1.0621252925000002
oracle-boundary/recency,ewr-12,joint,swap,1,1.0,0.05024121643674679,0.0024500000000000632
oracle-boundary/reference,ewr-12,joint,swap,1,1.0,0.0009804805139616427,9.800000000392828e-07
oracle-boundary/transition1,ewr-12,joint,swap,1,1.0,0.6941076416550698,0.5000004800000002
oracle-boundary/transition2,ewr-12,joint,swap,1,1.0,0.0009804805139616427,9.800000000392828e-07
oracle-boundary/transition3,ewr-12,joint,swap,1,1.0,0.0009804805139616427,9.800000000392828e-07
repaired/absolute,ewr-12,joint,shuffle,0,1.0,0.0009804805139616427,9.800000000392828e-07
repaired/present,ewr-12,joint,shuffle,0,0.0,2.0802818946775288,1.0621252925000002
repaired/recency,ewr-12,joint,shuffle,0,0.0,6.907755278982137,1.90245
repaired/reference,ewr-12,joint,shuffle,0,1.0,0.0009804805139616427,9.800000000392828e-07
repaired/transition1,ewr-12,joint,shuffle,0,0.0,0.705525774424388,0.5114070980424512
repaired/transition2,ewr-12,joint,shuffle,0,1.0,0.0009804805139616427,9.800000000392828e-07
repaired/transition3,ewr-12,joint,shuffle,0,1.0,0.0009804805139616427,9.800000000392828e-07
streaming/absolute,ewr-12,joint,shuffle,0,0.0,2.0802818946775288,1.0621252925000002
streaming/present,ewr-12,joint,shuffle,0,0.0,2.0802818946775288,1.0621252925000002
streaming/recency,ewr-12,joint,shuffle,0,1.0,0.05024121643674679,0.0024500000000000632
streaming/reference,ewr-12,joint,shuffle,0,0.0,2.0802818946775288,1.0621252925000002
streaming/transition1,ewr-12,joint,shuffle,0,0.0,2.0802818946775288,1.0621252925000002
streaming/transition2,ewr-12,joint,shuffle,0,0.0,2.0802818946775288,1.0621252925000002
streaming/transition3,ewr-12,joint,shuffle,0,0.0,2.0802818946775288,1.0621252925000002
fixed/absolute,ewr-12,joint,shuffle,0,0.0,2.0802818946775288,1.0621252925000002
fixed/present,ewr-12,joint,shuffle,0,0.0,2.0802818946775288,1.0621252925000002
fixed/recency,ewr-12,joint,shuffle,0,0.0,2.1223490426911127,1.0444812499999996
fixed/reference,ewr-12,joint,shuffle,0,0.0,2.0802818946775288,1.0621252925000002
fixed/transition1,ewr-12,joint,shuffle,0,0.0,2.0802818946775288,1.0621252925000002
fixed/transition2,ewr-12,joint,shuffle,0,0.0,2.0802818946775288,1.0621252925000002
fixed/transition3,ewr-12,joint,shuffle,0,0.0,2.0802818946775288,1.0621252925000002
oracle-boundary/absolute,ewr-12,joint,shuffle,0,1.0,0.0009804805139616427,9.800000000392828e-07
oracle-boundary/present,ewr-12,joint,shuffle,0,0.0,2.0802818946775288,1.0621252925000002
oracle-boundary/recency,ewr-12,joint,shuffle,0,0.0,6.907755278982137,1.90245
oracle-boundary/reference,ewr-12,joint,shuffle,0,1.0,0.0009804805139616427,9.800000000392828e-07
oracle-boundary/transition1,ewr-12,joint,shuffle,0,1.0,0.6941076416550698,0.5000004800000002
oracle-boundary/transition2,ewr-12,joint,shuffle,0,1.0,0.0009804805139616427,9.800000000392828e-07
oracle-boundary/transition3,ewr-12,joint,shuffle,0,1.0,0.0009804805139616427,9.800000000392828e-07
repaired/absolute,ewr-12,joint,shuffle,1,1.0,0.0009804805139614205,9.800000000392828e-07
repaired/present,ewr-12,joint,shuffle,1,0.0,2.0802818946775288,1.0621252925000002
repaired/recency,ewr-12,joint,shuffle,1,0.0,6.907755278982137,1.90245
repaired/reference,ewr-12,joint,shuffle,1,1.0,0.0009804805139614205,9.800000000392828e-07
repaired/transition1,ewr-12,joint,shuffle,1,0.0,0.7021667762903852,0.508051673707818
repaired/transition2,ewr-12,joint,shuffle,1,1.0,0.0009804805139614205,9.800000000392828e-07
repaired/transition3,ewr-12,joint,shuffle,1,1.0,0.0009804805139614205,9.800000000392828e-07
streaming/absolute,ewr-12,joint,shuffle,1,0.0,2.0802818946775288,1.0621252925000002
streaming/present,ewr-12,joint,shuffle,1,0.0,2.0802818946775288,1.0621252925000002
streaming/recency,ewr-12,joint,shuffle,1,0.0,2.1223490426911127,1.0444812499999996
streaming/reference,ewr-12,joint,shuffle,1,0.0,2.0802818946775288,1.0621252925000002
streaming/transition1,ewr-12,joint,shuffle,1,0.0,2.0802818946775288,1.0621252925000002
streaming/transition2,ewr-12,joint,shuffle,1,0.0,2.0802818946775288,1.0621252925000002
streaming/transition3,ewr-12,joint,shuffle,1,0.0,2.0802818946775288,1.0621252925000002
fixed/absolute,ewr-12,joint,shuffle,1,0.0,2.0802818946775288,1.0621252925000002
fixed/present,ewr-12,joint,shuffle,1,0.0,2.0802818946775288,1.0621252925000002
fixed/recency,ewr-12,joint,shuffle,1,0.0,2.1223490426911127,1.0444812499999996
fixed/reference,ewr-12,joint,shuffle,1,0.0,2.0802818946775288,1.0621252925000002
fixed/transition1,ewr-12,joint,shuffle,1,0.0,2.0802818946775288,1.0621252925000002
fixed/transition2,ewr-12,joint,shuffle,1,0.0,2.0802818946775288,1.0621252925000002
fixed/transition3,ewr-12,joint,shuffle,1,0.0,2.0802818946775288,1.0621252925000002
oracle-boundary/absolute,ewr-12,joint,shuffle,1,1.0,0.0009804805139614205,9.800000000392828e-07
oracle-boundary/present,ewr-12,joint,shuffle,1,0.0,2.0802818946775288,1.0621252925000002
oracle-boundary/recency,ewr-12,joint,shuffle,1,0.0,6.907755278982137,1.90245
oracle-boundary/reference,ewr-12,joint,shuffle,1,1.0,0.0009804805139614205,9.800000000392828e-07
oracle-boundary/transition1,ewr-12,joint,shuffle,1,0.0,0.6941076416550698,0.5000004800000002
oracle-boundary/transition2,ewr-12,joint,shuffle,1,1.0,0.0009804805139614205,9.800000000392828e-07
oracle-boundary/transition3,ewr-12,joint,shuffle,1,1.0,0.0009804805139614205,9.800000000392828e-07
repaired/absolute,ewr-12,joint,ambiguous,0,0.0,0.6941094859914119,0.5000023207935211
repaired/present,ewr-12,joint,ambiguous,0,0.0,2.0802818946775288,1.0621252925
repaired/recency,ewr-12,joint,ambiguous,0,1.0,3.4789982477094417,0.95245
repaired/reference,ewr-12,joint,ambiguous,0,0.0,0.6941093207935978,0.5000021559133152
repaired/transition1,ewr-12,joint,ambiguous,0,0.0,0.6941094859914119,0.5000023207935211
repaired/transition2,ewr-12,joint,ambiguous,0,0.0,0.6941094859914119,0.5000023207935211
repaired/transition3,ewr-12,joint,ambiguous,0,0.0,0.6941094859914119,0.5000023207935211
streaming/absolute,ewr-12,joint,ambiguous,0,0.0,2.0802818946775288,1.0621252925
streaming/present,ewr-12,joint,ambiguous,0,0.0,2.0802818946775288,1.0621252925
streaming/recency,ewr-12,joint,ambiguous,0,0.0,2.1223490426911127,1.04448125
streaming/reference,ewr-12,joint,ambiguous,0,0.0,2.0802818946775288,1.0621252925
streaming/transition1,ewr-12,joint,ambiguous,0,0.0,2.0802818946775288,1.0621252925
streaming/transition2,ewr-12,joint,ambiguous,0,0.0,2.0802818946775288,1.0621252925
streaming/transition3,ewr-12,joint,ambiguous,0,0.0,2.0802818946775288,1.0621252925
fixed/absolute,ewr-12,joint,ambiguous,0,0.0,2.0802818946775288,1.0621252925
fixed/present,ewr-12,joint,ambiguous,0,0.0,2.0802818946775288,1.0621252925
fixed/recency,ewr-12,joint,ambiguous,0,0.0,2.1223490426911127,1.04448125
fixed/reference,ewr-12,joint,ambiguous,0,0.0,2.0802818946775288,1.0621252925
fixed/transition1,ewr-12,joint,ambiguous,0,0.0,2.0802818946775288,1.0621252925
fixed/transition2,ewr-12,joint,ambiguous,0,0.0,2.0802818946775288,1.0621252925
fixed/transition3,ewr-12,joint,ambiguous,0,0.0,2.0802818946775288,1.0621252925
oracle-boundary/absolute,ewr-12,joint,ambiguous,0,1.0,0.6941076416550698,0.50000048
oracle-boundary/present,ewr-12,joint,ambiguous,0,0.0,2.0802818946775288,1.0621252925
oracle-boundary/recency,ewr-12,joint,ambiguous,0,1.0,3.4789982477094417,0.95245
oracle-boundary/reference,ewr-12,joint,ambiguous,0,1.0,0.6941076416550698,0.50000048
oracle-boundary/transition1,ewr-12,joint,ambiguous,0,1.0,0.6941076416550698,0.50000048
oracle-boundary/transition2,ewr-12,joint,ambiguous,0,1.0,0.6941076416550698,0.50000048
oracle-boundary/transition3,ewr-12,joint,ambiguous,0,1.0,0.6941076416550698,0.50000048
repaired/absolute,ewr-12,joint,ambiguous,1,1.0,0.6941094859914119,0.5000023207935211
repaired/present,ewr-12,joint,ambiguous,1,0.0,2.0802818946775288,1.0621252925
repaired/recency,ewr-12,joint,ambiguous,1,0.0,3.4789982477094417,0.95245
repaired/reference,ewr-12,joint,ambiguous,1,1.0,0.6941093207935978,0.5000021559133152
repaired/transition1,ewr-12,joint,ambiguous,1,1.0,0.6941094859914119,0.5000023207935211
repaired/transition2,ewr-12,joint,ambiguous,1,1.0,0.6941094859914119,0.5000023207935211
repaired/transition3,ewr-12,joint,ambiguous,1,1.0,0.6941094859914119,0.5000023207935211
streaming/absolute,ewr-12,joint,ambiguous,1,0.0,2.0802818946775288,1.0621252925
streaming/present,ewr-12,joint,ambiguous,1,0.0,2.0802818946775288,1.0621252925
streaming/recency,ewr-12,joint,ambiguous,1,0.0,2.1223490426911127,1.04448125
streaming/reference,ewr-12,joint,ambiguous,1,0.0,2.0802818946775288,1.0621252925
streaming/transition1,ewr-12,joint,ambiguous,1,0.0,2.0802818946775288,1.0621252925
streaming/transition2,ewr-12,joint,ambiguous,1,0.0,2.0802818946775288,1.0621252925
streaming/transition3,ewr-12,joint,ambiguous,1,0.0,2.0802818946775288,1.0621252925
fixed/absolute,ewr-12,joint,ambiguous,1,0.0,2.0802818946775288,1.0621252925
fixed/present,ewr-12,joint,ambiguous,1,0.0,2.0802818946775288,1.0621252925
fixed/recency,ewr-12,joint,ambiguous,1,0.0,2.1223490426911127,1.04448125
fixed/reference,ewr-12,joint,ambiguous,1,0.0,2.0802818946775288,1.0621252925
fixed/transition1,ewr-12,joint,ambiguous,1,0.0,2.0802818946775288,1.0621252925
fixed/transition2,ewr-12,joint,ambiguous,1,0.0,2.0802818946775288,1.0621252925
fixed/transition3,ewr-12,joint,ambiguous,1,0.0,2.0802818946775288,1.0621252925
oracle-boundary/absolute,ewr-12,joint,ambiguous,1,0.0,0.6941076416550698,0.50000048
oracle-boundary/present,ewr-12,joint,ambiguous,1,0.0,2.0802818946775288,1.0621252925
oracle-boundary/recency,ewr-12,joint,ambiguous,1,0.0,3.4789982477094417,0.95245
oracle-boundary/reference,ewr-12,joint,ambiguous,1,0.0,0.6941076416550698,0.50000048
oracle-boundary/transition1,ewr-12,joint,ambiguous,1,0.0,0.6941076416550698,0.50000048
oracle-boundary/transition2,ewr-12,joint,ambiguous,1,0.0,0.6941076416550698,0.50000048
oracle-boundary/transition3,ewr-12,joint,ambiguous,1,0.0,0.6941076416550698,0.50000048
repaired/absolute,ewr-13,detached,intact,0,1.0,0.0009804805139616427,9.800000000392828e-07
repaired/present,ewr-13,detached,intact,0,0.0,10.819778284410283,1.3118752925
repaired/recency,ewr-13,detached,intact,0,0.0,6.907755278982137,1.90245
repaired/reference,ewr-13,detached,intact,0,1.0,0.0009804805139616427,9.800000000392828e-07
repaired/transition1,ewr-13,detached,intact,0,1.0,0.6911844106897452,0.4970800595634839
repaired/transition2,ewr-13,detached,intact,0,1.0,0.0009804805139616427,9.800000000392828e-07
repaired/transition3,ewr-13,detached,intact,0,1.0,0.0009804805139616427,9.800000000392828e-07
streaming/absolute,ewr-13,detached,intact,0,1.0,0.0009804805139616427,9.800000000392828e-07
streaming/present,ewr-13,detached,intact,0,0.0,10.819778284410283,1.3118752925
streaming/recency,ewr-13,detached,intact,0,0.0,6.907755278982137,1.90245
streaming/reference,ewr-13,detached,intact,0,1.0,0.0009804805139616427,9.800000000392828e-07
streaming/transition1,ewr-13,detached,intact,0,0.0,1.095325114230797,0.8846876055251016
streaming/transition2,ewr-13,detached,intact,0,1.0,0.0009804805139616427,9.800000000392828e-07
streaming/transition3,ewr-13,detached,intact,0,1.0,0.0009804805139616427,9.800000000392828e-07
fixed/absolute,ewr-13,detached,intact,0,0.0,10.819778284410283,1.3118752925
fixed/present,ewr-13,detached,intact,0,0.0,10.819778284410283,1.3118752925
fixed/recency,ewr-13,detached,intact,0,0.0,6.907755278982137,1.90245
fixed/reference,ewr-13,detached,intact,0,0.0,10.819778284410283,1.3118752925
fixed/transition1,ewr-13,detached,intact,0,0.0,10.819778284410283,1.99800098
fixed/transition2,ewr-13,detached,intact,0,0.0,10.819778284410283,1.3118752925
fixed/transition3,ewr-13,detached,intact,0,0.0,10.819778284410283,1.3118752925
oracle-boundary/absolute,ewr-13,detached,intact,0,1.0,0.0009804805139616427,9.800000000392828e-07
oracle-boundary/present,ewr-13,detached,intact,0,0.0,10.819778284410283,1.3118752925
oracle-boundary/recency,ewr-13,detached,intact,0,0.0,6.907755278982137,1.90245
oracle-boundary/reference,ewr-13,detached,intact,0,1.0,0.0009804805139616427,9.800000000392828e-07
oracle-boundary/transition1,ewr-13,detached,intact,0,1.0,0.69410764165507,0.50000048
oracle-boundary/transition2,ewr-13,detached,intact,0,1.0,0.0009804805139616427,9.800000000392828e-07
oracle-boundary/transition3,ewr-13,detached,intact,0,1.0,0.0009804805139616427,9.800000000392828e-07
repaired/absolute,ewr-13,detached,intact,1,1.0,0.0009804805139614205,9.800000000392828e-07
repaired/present,ewr-13,detached,intact,1,0.0,10.819778284410283,1.3118752925
repaired/recency,ewr-13,detached,intact,1,0.0,6.907755278982137,1.90245
repaired/reference,ewr-13,detached,intact,1,1.0,0.0009804805139614205,9.800000000392828e-07
repaired/transition1,ewr-13,detached,intact,1,1.0,0.6927663023831789,0.49866042835434765
repaired/transition2,ewr-13,detached,intact,1,1.0,0.0009804805139614205,9.800000000392828e-07
repaired/transition3,ewr-13,detached,intact,1,1.0,0.0009804805139614205,9.800000000392828e-07
streaming/absolute,ewr-13,detached,intact,1,1.0,0.0009804805139614205,9.800000000392828e-07
streaming/present,ewr-13,detached,intact,1,0.0,10.819778284410283,1.3118752925
streaming/recency,ewr-13,detached,intact,1,0.0,6.907755278982137,1.90245
streaming/reference,ewr-13,detached,intact,1,1.0,0.0009804805139614205,9.800000000392828e-07
streaming/transition1,ewr-13,detached,intact,1,1.0,0.5136862593688383,0.3219778111284546
streaming/transition2,ewr-13,detached,intact,1,1.0,0.0009804805139614205,9.800000000392828e-07
streaming/transition3,ewr-13,detached,intact,1,1.0,0.0009804805139614205,9.800000000392828e-07
fixed/absolute,ewr-13,detached,intact,1,0.0,10.819778284410283,1.3118752925
fixed/present,ewr-13,detached,intact,1,0.0,10.819778284410283,1.3118752925
fixed/recency,ewr-13,detached,intact,1,0.0,6.907755278982137,1.90245
fixed/reference,ewr-13,detached,intact,1,0.0,10.819778284410283,1.3118752925
fixed/transition1,ewr-13,detached,intact,1,0.0,10.819778284410283,1.99800098
fixed/transition2,ewr-13,detached,intact,1,0.0,10.819778284410283,1.3118752925
fixed/transition3,ewr-13,detached,intact,1,0.0,10.819778284410283,1.3118752925
oracle-boundary/absolute,ewr-13,detached,intact,1,1.0,0.0009804805139614205,9.800000000392828e-07
oracle-boundary/present,ewr-13,detached,intact,1,0.0,10.819778284410283,1.3118752925
oracle-boundary/recency,ewr-13,detached,intact,1,0.0,6.907755278982137,1.90245
oracle-boundary/reference,ewr-13,detached,intact,1,1.0,0.0009804805139614205,9.800000000392828e-07
oracle-boundary/transition1,ewr-13,detached,intact,1,0.0,0.69410764165507,0.50000048
oracle-boundary/transition2,ewr-13,detached,intact,1,1.0,0.0009804805139614205,9.800000000392828e-07
oracle-boundary/transition3,ewr-13,detached,intact,1,1.0,0.0009804805139614205,9.800000000392828e-07
repaired/absolute,ewr-13,legato,intact,0,1.0,0.0009804805139616427,9.800000000392828e-07
repaired/present,ewr-13,legato,intact,0,0.0,10.819778284410283,1.3118752925
repaired/recency,ewr-13,legato,intact,0,0.0,6.907755278982137,1.90245
repaired/reference,ewr-13,legato,intact,0,1.0,0.0009804805139616427,9.800000000392828e-07
repaired/transition1,ewr-13,legato,intact,0,1.0,0.6936524763946869,0.4995457516302866
repaired/transition2,ewr-13,legato,intact,0,1.0,0.0009804805139616427,9.800000000392828e-07
repaired/transition3,ewr-13,legato,intact,0,1.0,0.0009804805139616427,9.800000000392828e-07
streaming/absolute,ewr-13,legato,intact,0,0.0,10.819778284410283,1.3118752925
streaming/present,ewr-13,legato,intact,0,0.0,10.819778284410283,1.3118752925
streaming/recency,ewr-13,legato,intact,0,1.0,0.05024121643674679,0.0024500000000000632
streaming/reference,ewr-13,legato,intact,0,0.0,10.819778284410283,1.3118752925
streaming/transition1,ewr-13,legato,intact,0,0.0,10.819778284410283,1.3118752925
streaming/transition2,ewr-13,legato,intact,0,0.0,10.819778284410283,1.3118752925
streaming/transition3,ewr-13,legato,intact,0,0.0,10.819778284410283,1.3118752925
fixed/absolute,ewr-13,legato,intact,0,0.0,10.819778284410283,1.3118752925
fixed/present,ewr-13,legato,intact,0,0.0,10.819778284410283,1.3118752925
fixed/recency,ewr-13,legato,intact,0,0.0,6.907755278982137,1.90245
fixed/reference,ewr-13,legato,intact,0,0.0,10.819778284410283,1.3118752925
fixed/transition1,ewr-13,legato,intact,0,0.0,10.819778284410283,1.99800098
fixed/transition2,ewr-13,legato,intact,0,0.0,10.819778284410283,1.3118752925
fixed/transition3,ewr-13,legato,intact,0,0.0,10.819778284410283,1.3118752925
oracle-boundary/absolute,ewr-13,legato,intact,0,1.0,0.0009804805139616427,9.800000000392828e-07
oracle-boundary/present,ewr-13,legato,intact,0,0.0,10.819778284410283,1.3118752925
oracle-boundary/recency,ewr-13,legato,intact,0,0.0,6.907755278982137,1.90245
oracle-boundary/reference,ewr-13,legato,intact,0,1.0,0.0009804805139616427,9.800000000392828e-07
oracle-boundary/transition1,ewr-13,legato,intact,0,1.0,0.69410764165507,0.50000048
oracle-boundary/transition2,ewr-13,legato,intact,0,1.0,0.0009804805139616427,9.800000000392828e-07
oracle-boundary/transition3,ewr-13,legato,intact,0,1.0,0.0009804805139616427,9.800000000392828e-07
repaired/absolute,ewr-13,legato,intact,1,1.0,0.0009804805139614205,9.800000000392828e-07
repaired/present,ewr-13,legato,intact,1,0.0,10.819778284410283,1.3118752925
repaired/recency,ewr-13,legato,intact,1,0.0,6.907755278982137,1.90245
repaired/reference,ewr-13,legato,intact,1,1.0,0.0009804805139614205,9.800000000392828e-07
repaired/transition1,ewr-13,legato,intact,1,1.0,0.6936524763946869,0.4995457516302866
repaired/transition2,ewr-13,legato,intact,1,1.0,0.0009804805139614205,9.800000000392828e-07
repaired/transition3,ewr-13,legato,intact,1,1.0,0.0009804805139614205,9.800000000392828e-07
streaming/absolute,ewr-13,legato,intact,1,0.0,10.819778284410283,1.3118752925
streaming/present,ewr-13,legato,intact,1,0.0,10.819778284410283,1.3118752925
streaming/recency,ewr-13,legato,intact,1,0.0,6.907755278982137,1.90245
streaming/reference,ewr-13,legato,intact,1,0.0,10.819778284410283,1.3118752925
streaming/transition1,ewr-13,legato,intact,1,0.0,10.819778284410283,1.3118752925
streaming/transition2,ewr-13,legato,intact,1,0.0,10.819778284410283,1.3118752925
streaming/transition3,ewr-13,legato,intact,1,0.0,10.819778284410283,1.3118752925
fixed/absolute,ewr-13,legato,intact,1,0.0,10.819778284410283,1.3118752925
fixed/present,ewr-13,legato,intact,1,0.0,10.819778284410283,1.3118752925
fixed/recency,ewr-13,legato,intact,1,0.0,6.907755278982137,1.90245
fixed/reference,ewr-13,legato,intact,1,0.0,10.819778284410283,1.3118752925
fixed/transition1,ewr-13,legato,intact,1,0.0,10.819778284410283,1.99800098
fixed/transition2,ewr-13,legato,intact,1,0.0,10.819778284410283,1.3118752925
fixed/transition3,ewr-13,legato,intact,1,0.0,10.819778284410283,1.3118752925
oracle-boundary/absolute,ewr-13,legato,intact,1,1.0,0.0009804805139614205,9.800000000392828e-07
oracle-boundary/present,ewr-13,legato,intact,1,0.0,10.819778284410283,1.3118752925
oracle-boundary/recency,ewr-13,legato,intact,1,0.0,6.907755278982137,1.90245
oracle-boundary/reference,ewr-13,legato,intact,1,1.0,0.0009804805139614205,9.800000000392828e-07
oracle-boundary/transition1,ewr-13,legato,intact,1,0.0,0.69410764165507,0.50000048
oracle-boundary/transition2,ewr-13,legato,intact,1,1.0,0.0009804805139614205,9.800000000392828e-07
oracle-boundary/transition3,ewr-13,legato,intact,1,1.0,0.0009804805139614205,9.800000000392828e-07
repaired/absolute,ewr-13,duration,intact,0,1.0,0.0009804805139616427,9.800000000392828e-07
repaired/present,ewr-13,duration,intact,0,0.0,10.819778284410283,1.3118752925
repaired/recency,ewr-13,duration,intact,0,0.0,6.907755278982137,1.90245
repaired/reference,ewr-13,duration,intact,0,1.0,0.0009804805139616427,9.800000000392828e-07
repaired/transition1,ewr-13,duration,intact,0,1.0,0.6913572617744054,0.49725274378932816
repaired/transition2,ewr-13,duration,intact,0,1.0,0.0009804805139616427,9.800000000392828e-07
repaired/transition3,ewr-13,duration,intact,0,1.0,0.0009804805139616427,9.800000000392828e-07
streaming/absolute,ewr-13,duration,intact,0,0.0,10.819778284410283,1.3118752925
streaming/present,ewr-13,duration,intact,0,0.0,10.819778284410283,1.3118752925
streaming/recency,ewr-13,duration,intact,0,0.0,6.907755278982137,1.90245
streaming/reference,ewr-13,duration,intact,0,0.0,10.819778284410283,1.3118752925
streaming/transition1,ewr-13,duration,intact,0,0.0,10.819778284410283,1.3118752925
streaming/transition2,ewr-13,duration,intact,0,0.0,10.819778284410283,1.3118752925
streaming/transition3,ewr-13,duration,intact,0,0.0,10.819778284410283,1.3118752925
fixed/absolute,ewr-13,duration,intact,0,0.0,10.819778284410283,1.3118752925
fixed/present,ewr-13,duration,intact,0,0.0,10.819778284410283,1.3118752925
fixed/recency,ewr-13,duration,intact,0,0.0,6.907755278982137,1.2819812499999999
fixed/reference,ewr-13,duration,intact,0,0.0,10.819778284410283,1.3118752925
fixed/transition1,ewr-13,duration,intact,0,0.0,10.819778284410283,1.3118752925
fixed/transition2,ewr-13,duration,intact,0,0.0,10.819778284410283,1.3118752925
fixed/transition3,ewr-13,duration,intact,0,0.0,10.819778284410283,1.3118752925
oracle-boundary/absolute,ewr-13,duration,intact,0,1.0,0.0009804805139616427,9.800000000392828e-07
oracle-boundary/present,ewr-13,duration,intact,0,0.0,10.819778284410283,1.3118752925
oracle-boundary/recency,ewr-13,duration,intact,0,0.0,6.907755278982137,1.90245
oracle-boundary/reference,ewr-13,duration,intact,0,1.0,0.0009804805139616427,9.800000000392828e-07
oracle-boundary/transition1,ewr-13,duration,intact,0,1.0,0.69410764165507,0.50000048
oracle-boundary/transition2,ewr-13,duration,intact,0,1.0,0.0009804805139616427,9.800000000392828e-07
oracle-boundary/transition3,ewr-13,duration,intact,0,1.0,0.0009804805139616427,9.800000000392828e-07
repaired/absolute,ewr-13,duration,intact,1,1.0,0.0009804805139614205,9.800000000392828e-07
repaired/present,ewr-13,duration,intact,1,0.0,10.819778284410283,1.3118752925
repaired/recency,ewr-13,duration,intact,1,0.0,6.907755278982137,1.90245
repaired/reference,ewr-13,duration,intact,1,1.0,0.0009804805139614205,9.800000000392828e-07
repaired/transition1,ewr-13,duration,intact,1,0.0,0.6957376278473852,0.501628898693181
repaired/transition2,ewr-13,duration,intact,1,1.0,0.0009804805139614205,9.800000000392828e-07
repaired/transition3,ewr-13,duration,intact,1,1.0,0.0009804805139614205,9.800000000392828e-07
streaming/absolute,ewr-13,duration,intact,1,0.0,10.819778284410283,1.3118752925
streaming/present,ewr-13,duration,intact,1,0.0,10.819778284410283,1.3118752925
streaming/recency,ewr-13,duration,intact,1,0.0,6.907755278982137,1.90245
streaming/reference,ewr-13,duration,intact,1,0.0,10.819778284410283,1.3118752925
streaming/transition1,ewr-13,duration,intact,1,0.0,10.819778284410283,1.9980009799999996
streaming/transition2,ewr-13,duration,intact,1,0.0,10.819778284410283,1.3118752925
streaming/transition3,ewr-13,duration,intact,1,0.0,10.819778284410283,1.3118752925
fixed/absolute,ewr-13,duration,intact,1,0.0,10.819778284410283,1.3118752925
fixed/present,ewr-13,duration,intact,1,0.0,10.819778284410283,1.3118752925
fixed/recency,ewr-13,duration,intact,1,0.0,6.907755278982137,1.2819812499999999
fixed/reference,ewr-13,duration,intact,1,0.0,10.819778284410283,1.3118752925
fixed/transition1,ewr-13,duration,intact,1,0.0,10.819778284410283,1.3118752925
fixed/transition2,ewr-13,duration,intact,1,0.0,10.819778284410283,1.3118752925
fixed/transition3,ewr-13,duration,intact,1,0.0,10.819778284410283,1.3118752925
oracle-boundary/absolute,ewr-13,duration,intact,1,1.0,0.0009804805139614205,9.800000000392828e-07
oracle-boundary/present,ewr-13,duration,intact,1,0.0,10.819778284410283,1.3118752925
oracle-boundary/recency,ewr-13,duration,intact,1,0.0,6.907755278982137,1.90245
oracle-boundary/reference,ewr-13,duration,intact,1,1.0,0.0009804805139614205,9.800000000392828e-07
oracle-boundary/transition1,ewr-13,duration,intact,1,0.0,0.69410764165507,0.50000048
oracle-boundary/transition2,ewr-13,duration,intact,1,1.0,0.0009804805139614205,9.800000000392828e-07
oracle-boundary/transition3,ewr-13,duration,intact,1,1.0,0.0009804805139614205,9.800000000392828e-07
repaired/absolute,ewr-13,joint,intact,0,1.0,0.0009804805139616427,9.800000000392828e-07
repaired/present,ewr-13,joint,intact,0,0.0,10.819778284410283,1.3118752925
repaired/recency,ewr-13,joint,intact,0,0.0,6.907755278982137,1.90245
repaired/reference,ewr-13,joint,intact,0,1.0,0.0009804805139616427,9.800000000392828e-07
repaired/transition1,ewr-13,joint,intact,0,1.0,0.6881577431629812,0.4940563467906425
repaired/transition2,ewr-13,joint,intact,0,1.0,0.0009804805139616427,9.800000000392828e-07
repaired/transition3,ewr-13,joint,intact,0,1.0,0.0009804805139616427,9.800000000392828e-07
streaming/absolute,ewr-13,joint,intact,0,0.0,10.819778284410283,1.3118752925
streaming/present,ewr-13,joint,intact,0,0.0,10.819778284410283,1.3118752925
streaming/recency,ewr-13,joint,intact,0,0.0,6.907755278982137,1.2819812499999999
streaming/reference,ewr-13,joint,intact,0,0.0,10.819778284410283,1.3118752925
streaming/transition1,ewr-13,joint,intact,0,0.0,10.819778284410283,1.3118752925
streaming/transition2,ewr-13,joint,intact,0,0.0,10.819778284410283,1.3118752925
streaming/transition3,ewr-13,joint,intact,0,0.0,10.819778284410283,1.3118752925
fixed/absolute,ewr-13,joint,intact,0,0.0,10.819778284410283,1.3118752925
fixed/present,ewr-13,joint,intact,0,0.0,10.819778284410283,1.3118752925
fixed/recency,ewr-13,joint,intact,0,0.0,6.907755278982137,1.2819812499999999
fixed/reference,ewr-13,joint,intact,0,0.0,10.819778284410283,1.3118752925
fixed/transition1,ewr-13,joint,intact,0,0.0,10.819778284410283,1.3118752925
fixed/transition2,ewr-13,joint,intact,0,0.0,10.819778284410283,1.3118752925
fixed/transition3,ewr-13,joint,intact,0,0.0,10.819778284410283,1.3118752925
oracle-boundary/absolute,ewr-13,joint,intact,0,1.0,0.0009804805139616427,9.800000000392828e-07
oracle-boundary/present,ewr-13,joint,intact,0,0.0,10.819778284410283,1.3118752925
oracle-boundary/recency,ewr-13,joint,intact,0,0.0,6.907755278982137,1.90245
oracle-boundary/reference,ewr-13,joint,intact,0,1.0,0.0009804805139616427,9.800000000392828e-07
oracle-boundary/transition1,ewr-13,joint,intact,0,1.0,0.69410764165507,0.50000048
oracle-boundary/transition2,ewr-13,joint,intact,0,1.0,0.0009804805139616427,9.800000000392828e-07
oracle-boundary/transition3,ewr-13,joint,intact,0,1.0,0.0009804805139616427,9.800000000392828e-07
repaired/absolute,ewr-13,joint,intact,1,1.0,0.0009804805139614205,9.800000000392828e-07
repaired/present,ewr-13,joint,intact,1,0.0,10.819778284410283,1.3118752925
repaired/recency,ewr-13,joint,intact,1,0.0,6.907755278982137,1.90245
repaired/reference,ewr-13,joint,intact,1,1.0,0.0009804805139614205,9.800000000392828e-07
repaired/transition1,ewr-13,joint,intact,1,1.0,0.688157743162981,0.4940563467906425
repaired/transition2,ewr-13,joint,intact,1,1.0,0.0009804805139614205,9.800000000392828e-07
repaired/transition3,ewr-13,joint,intact,1,1.0,0.0009804805139614205,9.800000000392828e-07
streaming/absolute,ewr-13,joint,intact,1,0.0,10.819778284410283,1.3118752925
streaming/present,ewr-13,joint,intact,1,0.0,10.819778284410283,1.3118752925
streaming/recency,ewr-13,joint,intact,1,0.0,6.907755278982137,1.2819812499999999
streaming/reference,ewr-13,joint,intact,1,0.0,10.819778284410283,1.3118752925
streaming/transition1,ewr-13,joint,intact,1,0.0,10.819778284410283,1.3118752925
streaming/transition2,ewr-13,joint,intact,1,0.0,10.819778284410283,1.3118752925
streaming/transition3,ewr-13,joint,intact,1,0.0,10.819778284410283,1.3118752925
fixed/absolute,ewr-13,joint,intact,1,0.0,10.819778284410283,1.3118752925
fixed/present,ewr-13,joint,intact,1,0.0,10.819778284410283,1.3118752925
fixed/recency,ewr-13,joint,intact,1,0.0,6.907755278982137,1.2819812499999999
fixed/reference,ewr-13,joint,intact,1,0.0,10.819778284410283,1.3118752925
fixed/transition1,ewr-13,joint,intact,1,0.0,10.819778284410283,1.3118752925
fixed/transition2,ewr-13,joint,intact,1,0.0,10.819778284410283,1.3118752925
fixed/transition3,ewr-13,joint,intact,1,0.0,10.819778284410283,1.3118752925
oracle-boundary/absolute,ewr-13,joint,intact,1,1.0,0.0009804805139614205,9.800000000392828e-07
oracle-boundary/present,ewr-13,joint,intact,1,0.0,10.819778284410283,1.3118752925
oracle-boundary/recency,ewr-13,joint,intact,1,0.0,6.907755278982137,1.90245
oracle-boundary/reference,ewr-13,joint,intact,1,1.0,0.0009804805139614205,9.800000000392828e-07
oracle-boundary/transition1,ewr-13,joint,intact,1,0.0,0.69410764165507,0.50000048
oracle-boundary/transition2,ewr-13,joint,intact,1,1.0,0.0009804805139614205,9.800000000392828e-07
oracle-boundary/transition3,ewr-13,joint,intact,1,1.0,0.0009804805139614205,9.800000000392828e-07
repaired/absolute,ewr-13,joint,reset,0,0.0,10.819778284410283,1.3118752925
repaired/present,ewr-13,joint,reset,0,0.0,10.819778284410283,1.3118752925
repaired/recency,ewr-13,joint,reset,0,0.0,6.907755278982137,1.2819812499999999
repaired/reference,ewr-13,joint,reset,0,0.0,10.819778284410283,1.3118752925
repaired/transition1,ewr-13,joint,reset,0,0.0,10.819778284410283,1.3118752925
repaired/transition2,ewr-13,joint,reset,0,0.0,10.819778284410283,1.3118752925
repaired/transition3,ewr-13,joint,reset,0,0.0,10.819778284410283,1.3118752925
streaming/absolute,ewr-13,joint,reset,0,0.0,10.819778284410283,1.3118752925
streaming/present,ewr-13,joint,reset,0,0.0,10.819778284410283,1.3118752925
streaming/recency,ewr-13,joint,reset,0,0.0,6.907755278982137,1.2819812499999999
streaming/reference,ewr-13,joint,reset,0,0.0,10.819778284410283,1.3118752925
streaming/transition1,ewr-13,joint,reset,0,0.0,10.819778284410283,1.3118752925
streaming/transition2,ewr-13,joint,reset,0,0.0,10.819778284410283,1.3118752925
streaming/transition3,ewr-13,joint,reset,0,0.0,10.819778284410283,1.3118752925
fixed/absolute,ewr-13,joint,reset,0,0.0,10.819778284410283,1.3118752925
fixed/present,ewr-13,joint,reset,0,0.0,10.819778284410283,1.3118752925
fixed/recency,ewr-13,joint,reset,0,0.0,6.907755278982137,1.2819812499999999
fixed/reference,ewr-13,joint,reset,0,0.0,10.819778284410283,1.3118752925
fixed/transition1,ewr-13,joint,reset,0,0.0,10.819778284410283,1.3118752925
fixed/transition2,ewr-13,joint,reset,0,0.0,10.819778284410283,1.3118752925
fixed/transition3,ewr-13,joint,reset,0,0.0,10.819778284410283,1.3118752925
oracle-boundary/absolute,ewr-13,joint,reset,0,0.0,10.819778284410283,1.3118752925
oracle-boundary/present,ewr-13,joint,reset,0,0.0,10.819778284410283,1.3118752925
oracle-boundary/recency,ewr-13,joint,reset,0,0.0,6.907755278982137,1.2819812499999999
oracle-boundary/reference,ewr-13,joint,reset,0,0.0,10.819778284410283,1.3118752925
oracle-boundary/transition1,ewr-13,joint,reset,0,0.0,10.819778284410283,1.3118752925
oracle-boundary/transition2,ewr-13,joint,reset,0,0.0,10.819778284410283,1.3118752925
oracle-boundary/transition3,ewr-13,joint,reset,0,0.0,10.819778284410283,1.3118752925
repaired/absolute,ewr-13,joint,reset,1,0.0,10.819778284410283,1.3118752925
repaired/present,ewr-13,joint,reset,1,0.0,10.819778284410283,1.3118752925
repaired/recency,ewr-13,joint,reset,1,0.0,6.907755278982137,1.2819812499999999
repaired/reference,ewr-13,joint,reset,1,0.0,10.819778284410283,1.3118752925
repaired/transition1,ewr-13,joint,reset,1,0.0,10.819778284410283,1.3118752925
repaired/transition2,ewr-13,joint,reset,1,0.0,10.819778284410283,1.3118752925
repaired/transition3,ewr-13,joint,reset,1,0.0,10.819778284410283,1.3118752925
streaming/absolute,ewr-13,joint,reset,1,0.0,10.819778284410283,1.3118752925
streaming/present,ewr-13,joint,reset,1,0.0,10.819778284410283,1.3118752925
streaming/recency,ewr-13,joint,reset,1,0.0,6.907755278982137,1.2819812499999999
streaming/reference,ewr-13,joint,reset,1,0.0,10.819778284410283,1.3118752925
streaming/transition1,ewr-13,joint,reset,1,0.0,10.819778284410283,1.3118752925
streaming/transition2,ewr-13,joint,reset,1,0.0,10.819778284410283,1.3118752925
streaming/transition3,ewr-13,joint,reset,1,0.0,10.819778284410283,1.3118752925
fixed/absolute,ewr-13,joint,reset,1,0.0,10.819778284410283,1.3118752925
fixed/present,ewr-13,joint,reset,1,0.0,10.819778284410283,1.3118752925
fixed/recency,ewr-13,joint,reset,1,0.0,6.907755278982137,1.2819812499999999
fixed/reference,ewr-13,joint,reset,1,0.0,10.819778284410283,1.3118752925
fixed/transition1,ewr-13,joint,reset,1,0.0,10.819778284410283,1.3118752925
fixed/transition2,ewr-13,joint,reset,1,0.0,10.819778284410283,1.3118752925
fixed/transition3,ewr-13,joint,reset,1,0.0,10.819778284410283,1.3118752925
oracle-boundary/absolute,ewr-13,joint,reset,1,0.0,10.819778284410283,1.3118752925
oracle-boundary/present,ewr-13,joint,reset,1,0.0,10.819778284410283,1.3118752925
oracle-boundary/recency,ewr-13,joint,reset,1,0.0,6.907755278982137,1.2819812499999999
oracle-boundary/reference,ewr-13,joint,reset,1,0.0,10.819778284410283,1.3118752925
oracle-boundary/transition1,ewr-13,joint,reset,1,0.0,10.819778284410283,1.3118752925
oracle-boundary/transition2,ewr-13,joint,reset,1,0.0,10.819778284410283,1.3118752925
oracle-boundary/transition3,ewr-13,joint,reset,1,0.0,10.819778284410283,1.3118752925
repaired/absolute,ewr-13,joint,removal,0,0.0,10.819778284410283,1.3118752925
repaired/present,ewr-13,joint,removal,0,0.0,10.819778284410283,1.3118752925
repaired/recency,ewr-13,joint,removal,0,0.0,6.907755278982137,1.2819812499999999
repaired/reference,ewr-13,joint,removal,0,0.0,10.819778284410283,1.3118752925
repaired/transition1,ewr-13,joint,removal,0,0.0,10.819778284410283,1.3118752925
repaired/transition2,ewr-13,joint,removal,0,0.0,10.819778284410283,1.3118752925
repaired/transition3,ewr-13,joint,removal,0,0.0,10.819778284410283,1.3118752925
streaming/absolute,ewr-13,joint,removal,0,0.0,10.819778284410283,1.3118752925
streaming/present,ewr-13,joint,removal,0,0.0,10.819778284410283,1.3118752925
streaming/recency,ewr-13,joint,removal,0,0.0,6.907755278982137,1.2819812499999999
streaming/reference,ewr-13,joint,removal,0,0.0,10.819778284410283,1.3118752925
streaming/transition1,ewr-13,joint,removal,0,0.0,10.819778284410283,1.3118752925
streaming/transition2,ewr-13,joint,removal,0,0.0,10.819778284410283,1.3118752925
streaming/transition3,ewr-13,joint,removal,0,0.0,10.819778284410283,1.3118752925
fixed/absolute,ewr-13,joint,removal,0,0.0,10.819778284410283,1.3118752925
fixed/present,ewr-13,joint,removal,0,0.0,10.819778284410283,1.3118752925
fixed/recency,ewr-13,joint,removal,0,0.0,6.907755278982137,1.2819812499999999
fixed/reference,ewr-13,joint,removal,0,0.0,10.819778284410283,1.3118752925
fixed/transition1,ewr-13,joint,removal,0,0.0,10.819778284410283,1.3118752925
fixed/transition2,ewr-13,joint,removal,0,0.0,10.819778284410283,1.3118752925
fixed/transition3,ewr-13,joint,removal,0,0.0,10.819778284410283,1.3118752925
oracle-boundary/absolute,ewr-13,joint,removal,0,0.0,10.819778284410283,1.3118752925
oracle-boundary/present,ewr-13,joint,removal,0,0.0,10.819778284410283,1.3118752925
oracle-boundary/recency,ewr-13,joint,removal,0,0.0,6.907755278982137,1.2819812499999999
oracle-boundary/reference,ewr-13,joint,removal,0,0.0,10.819778284410283,1.3118752925
oracle-boundary/transition1,ewr-13,joint,removal,0,0.0,10.819778284410283,1.3118752925
oracle-boundary/transition2,ewr-13,joint,removal,0,0.0,10.819778284410283,1.3118752925
oracle-boundary/transition3,ewr-13,joint,removal,0,0.0,10.819778284410283,1.3118752925
repaired/absolute,ewr-13,joint,removal,1,0.0,10.819778284410283,1.3118752925
repaired/present,ewr-13,joint,removal,1,0.0,10.819778284410283,1.3118752925
repaired/recency,ewr-13,joint,removal,1,0.0,6.907755278982137,1.2819812499999999
repaired/reference,ewr-13,joint,removal,1,0.0,10.819778284410283,1.3118752925
repaired/transition1,ewr-13,joint,removal,1,0.0,10.819778284410283,1.3118752925
repaired/transition2,ewr-13,joint,removal,1,0.0,10.819778284410283,1.3118752925
repaired/transition3,ewr-13,joint,removal,1,0.0,10.819778284410283,1.3118752925
streaming/absolute,ewr-13,joint,removal,1,0.0,10.819778284410283,1.3118752925
streaming/present,ewr-13,joint,removal,1,0.0,10.819778284410283,1.3118752925
streaming/recency,ewr-13,joint,removal,1,0.0,6.907755278982137,1.2819812499999999
streaming/reference,ewr-13,joint,removal,1,0.0,10.819778284410283,1.3118752925
streaming/transition1,ewr-13,joint,removal,1,0.0,10.819778284410283,1.3118752925
streaming/transition2,ewr-13,joint,removal,1,0.0,10.819778284410283,1.3118752925
streaming/transition3,ewr-13,joint,removal,1,0.0,10.819778284410283,1.3118752925
fixed/absolute,ewr-13,joint,removal,1,0.0,10.819778284410283,1.3118752925
fixed/present,ewr-13,joint,removal,1,0.0,10.819778284410283,1.3118752925
fixed/recency,ewr-13,joint,removal,1,0.0,6.907755278982137,1.2819812499999999
fixed/reference,ewr-13,joint,removal,1,0.0,10.819778284410283,1.3118752925
fixed/transition1,ewr-13,joint,removal,1,0.0,10.819778284410283,1.3118752925
fixed/transition2,ewr-13,joint,removal,1,0.0,10.819778284410283,1.3118752925
fixed/transition3,ewr-13,joint,removal,1,0.0,10.819778284410283,1.3118752925
oracle-boundary/absolute,ewr-13,joint,removal,1,0.0,10.819778284410283,1.3118752925
oracle-boundary/present,ewr-13,joint,removal,1,0.0,10.819778284410283,1.3118752925
oracle-boundary/recency,ewr-13,joint,removal,1,0.0,6.907755278982137,1.2819812499999999
oracle-boundary/reference,ewr-13,joint,removal,1,0.0,10.819778284410283,1.3118752925
oracle-boundary/transition1,ewr-13,joint,removal,1,0.0,10.819778284410283,1.3118752925
oracle-boundary/transition2,ewr-13,joint,removal,1,0.0,10.819778284410283,1.3118752925
oracle-boundary/transition3,ewr-13,joint,removal,1,0.0,10.819778284410283,1.3118752925
repaired/absolute,ewr-13,joint,swap,0,1.0,0.0009804805139614205,9.800000000392828e-07
repaired/present,ewr-13,joint,swap,0,0.0,10.819778284410283,1.3118752925
repaired/recency,ewr-13,joint,swap,0,0.0,6.907755278982137,1.90245
repaired/reference,ewr-13,joint,swap,0,1.0,0.0009804805139614205,9.800000000392828e-07
repaired/transition1,ewr-13,joint,swap,0,1.0,0.688157743162981,0.4940563467906425
repaired/transition2,ewr-13,joint,swap,0,1.0,0.0009804805139614205,9.800000000392828e-07
repaired/transition3,ewr-13,joint,swap,0,1.0,0.0009804805139614205,9.800000000392828e-07
streaming/absolute,ewr-13,joint,swap,0,0.0,10.819778284410283,1.3118752925
streaming/present,ewr-13,joint,swap,0,0.0,10.819778284410283,1.3118752925
streaming/recency,ewr-13,joint,swap,0,0.0,6.907755278982137,1.2819812499999999
streaming/reference,ewr-13,joint,swap,0,0.0,10.819778284410283,1.3118752925
streaming/transition1,ewr-13,joint,swap,0,0.0,10.819778284410283,1.3118752925
streaming/transition2,ewr-13,joint,swap,0,0.0,10.819778284410283,1.3118752925
streaming/transition3,ewr-13,joint,swap,0,0.0,10.819778284410283,1.3118752925
fixed/absolute,ewr-13,joint,swap,0,0.0,10.819778284410283,1.3118752925
fixed/present,ewr-13,joint,swap,0,0.0,10.819778284410283,1.3118752925
fixed/recency,ewr-13,joint,swap,0,0.0,6.907755278982137,1.2819812499999999
fixed/reference,ewr-13,joint,swap,0,0.0,10.819778284410283,1.3118752925
fixed/transition1,ewr-13,joint,swap,0,0.0,10.819778284410283,1.3118752925
fixed/transition2,ewr-13,joint,swap,0,0.0,10.819778284410283,1.3118752925
fixed/transition3,ewr-13,joint,swap,0,0.0,10.819778284410283,1.3118752925
oracle-boundary/absolute,ewr-13,joint,swap,0,1.0,0.0009804805139614205,9.800000000392828e-07
oracle-boundary/present,ewr-13,joint,swap,0,0.0,10.819778284410283,1.3118752925
oracle-boundary/recency,ewr-13,joint,swap,0,0.0,6.907755278982137,1.90245
oracle-boundary/reference,ewr-13,joint,swap,0,1.0,0.0009804805139614205,9.800000000392828e-07
oracle-boundary/transition1,ewr-13,joint,swap,0,0.0,0.69410764165507,0.50000048
oracle-boundary/transition2,ewr-13,joint,swap,0,1.0,0.0009804805139614205,9.800000000392828e-07
oracle-boundary/transition3,ewr-13,joint,swap,0,1.0,0.0009804805139614205,9.800000000392828e-07
repaired/absolute,ewr-13,joint,swap,1,1.0,0.0009804805139616427,9.800000000392828e-07
repaired/present,ewr-13,joint,swap,1,0.0,10.819778284410283,1.3118752925
repaired/recency,ewr-13,joint,swap,1,0.0,6.907755278982137,1.90245
repaired/reference,ewr-13,joint,swap,1,1.0,0.0009804805139616427,9.800000000392828e-07
repaired/transition1,ewr-13,joint,swap,1,1.0,0.6881577431629812,0.4940563467906425
repaired/transition2,ewr-13,joint,swap,1,1.0,0.0009804805139616427,9.800000000392828e-07
repaired/transition3,ewr-13,joint,swap,1,1.0,0.0009804805139616427,9.800000000392828e-07
streaming/absolute,ewr-13,joint,swap,1,0.0,10.819778284410283,1.3118752925
streaming/present,ewr-13,joint,swap,1,0.0,10.819778284410283,1.3118752925
streaming/recency,ewr-13,joint,swap,1,0.0,6.907755278982137,1.2819812499999999
streaming/reference,ewr-13,joint,swap,1,0.0,10.819778284410283,1.3118752925
streaming/transition1,ewr-13,joint,swap,1,0.0,10.819778284410283,1.3118752925
streaming/transition2,ewr-13,joint,swap,1,0.0,10.819778284410283,1.3118752925
streaming/transition3,ewr-13,joint,swap,1,0.0,10.819778284410283,1.3118752925
fixed/absolute,ewr-13,joint,swap,1,0.0,10.819778284410283,1.3118752925
fixed/present,ewr-13,joint,swap,1,0.0,10.819778284410283,1.3118752925
fixed/recency,ewr-13,joint,swap,1,0.0,6.907755278982137,1.2819812499999999
fixed/reference,ewr-13,joint,swap,1,0.0,10.819778284410283,1.3118752925
fixed/transition1,ewr-13,joint,swap,1,0.0,10.819778284410283,1.3118752925
fixed/transition2,ewr-13,joint,swap,1,0.0,10.819778284410283,1.3118752925
fixed/transition3,ewr-13,joint,swap,1,0.0,10.819778284410283,1.3118752925
oracle-boundary/absolute,ewr-13,joint,swap,1,1.0,0.0009804805139616427,9.800000000392828e-07
oracle-boundary/present,ewr-13,joint,swap,1,0.0,10.819778284410283,1.3118752925
oracle-boundary/recency,ewr-13,joint,swap,1,0.0,6.907755278982137,1.90245
oracle-boundary/reference,ewr-13,joint,swap,1,1.0,0.0009804805139616427,9.800000000392828e-07
oracle-boundary/transition1,ewr-13,joint,swap,1,1.0,0.69410764165507,0.50000048
oracle-boundary/transition2,ewr-13,joint,swap,1,1.0,0.0009804805139616427,9.800000000392828e-07
oracle-boundary/transition3,ewr-13,joint,swap,1,1.0,0.0009804805139616427,9.800000000392828e-07
repaired/absolute,ewr-13,joint,shuffle,0,1.0,0.0009804805139616427,9.800000000392828e-07
repaired/present,ewr-13,joint,shuffle,0,0.0,10.819778284410283,1.3118752925
repaired/recency,ewr-13,joint,shuffle,0,1.0,0.05024121643674679,0.0024500000000000632
repaired/reference,ewr-13,joint,shuffle,0,1.0,0.0009804805139616427,9.800000000392828e-07
repaired/transition1,ewr-13,joint,shuffle,0,0.0,0.698490267678481,0.504378861591245
repaired/transition2,ewr-13,joint,shuffle,0,1.0,0.0009804805139616427,9.800000000392828e-07
repaired/transition3,ewr-13,joint,shuffle,0,1.0,0.0009804805139616427,9.800000000392828e-07
streaming/absolute,ewr-13,joint,shuffle,0,0.0,10.819778284410283,1.3118752925
streaming/present,ewr-13,joint,shuffle,0,0.0,10.819778284410283,1.3118752925
streaming/recency,ewr-13,joint,shuffle,0,0.0,6.907755278982137,1.2819812499999999
streaming/reference,ewr-13,joint,shuffle,0,0.0,10.819778284410283,1.3118752925
streaming/transition1,ewr-13,joint,shuffle,0,0.0,10.819778284410283,1.3118752925
streaming/transition2,ewr-13,joint,shuffle,0,0.0,10.819778284410283,1.3118752925
streaming/transition3,ewr-13,joint,shuffle,0,0.0,10.819778284410283,1.3118752925
fixed/absolute,ewr-13,joint,shuffle,0,0.0,10.819778284410283,1.3118752925
fixed/present,ewr-13,joint,shuffle,0,0.0,10.819778284410283,1.3118752925
fixed/recency,ewr-13,joint,shuffle,0,0.0,6.907755278982137,1.2819812499999999
fixed/reference,ewr-13,joint,shuffle,0,0.0,10.819778284410283,1.3118752925
fixed/transition1,ewr-13,joint,shuffle,0,0.0,10.819778284410283,1.3118752925
fixed/transition2,ewr-13,joint,shuffle,0,0.0,10.819778284410283,1.3118752925
fixed/transition3,ewr-13,joint,shuffle,0,0.0,10.819778284410283,1.3118752925
oracle-boundary/absolute,ewr-13,joint,shuffle,0,1.0,0.0009804805139616427,9.800000000392828e-07
oracle-boundary/present,ewr-13,joint,shuffle,0,0.0,10.819778284410283,1.3118752925
oracle-boundary/recency,ewr-13,joint,shuffle,0,1.0,0.05024121643674679,0.0024500000000000632
oracle-boundary/reference,ewr-13,joint,shuffle,0,1.0,0.0009804805139616427,9.800000000392828e-07
oracle-boundary/transition1,ewr-13,joint,shuffle,0,1.0,0.69410764165507,0.50000048
oracle-boundary/transition2,ewr-13,joint,shuffle,0,1.0,0.0009804805139616427,9.800000000392828e-07
oracle-boundary/transition3,ewr-13,joint,shuffle,0,1.0,0.0009804805139616427,9.800000000392828e-07
repaired/absolute,ewr-13,joint,shuffle,1,1.0,0.0009804805139614205,9.800000000392828e-07
repaired/present,ewr-13,joint,shuffle,1,0.0,10.819778284410283,1.3118752925
repaired/recency,ewr-13,joint,shuffle,1,1.0,0.05024121643674679,0.0024500000000000632
repaired/reference,ewr-13,joint,shuffle,1,1.0,0.0009804805139614205,9.800000000392828e-07
repaired/transition1,ewr-13,joint,shuffle,1,0.0,0.698490267678481,0.504378861591245
repaired/transition2,ewr-13,joint,shuffle,1,1.0,0.0009804805139614205,9.800000000392828e-07
repaired/transition3,ewr-13,joint,shuffle,1,1.0,0.0009804805139614205,9.800000000392828e-07
streaming/absolute,ewr-13,joint,shuffle,1,0.0,10.819778284410283,1.3118752925
streaming/present,ewr-13,joint,shuffle,1,0.0,10.819778284410283,1.3118752925
streaming/recency,ewr-13,joint,shuffle,1,0.0,6.907755278982137,1.2819812499999999
streaming/reference,ewr-13,joint,shuffle,1,0.0,10.819778284410283,1.3118752925
streaming/transition1,ewr-13,joint,shuffle,1,0.0,10.819778284410283,1.3118752925
streaming/transition2,ewr-13,joint,shuffle,1,0.0,10.819778284410283,1.3118752925
streaming/transition3,ewr-13,joint,shuffle,1,0.0,10.819778284410283,1.3118752925
fixed/absolute,ewr-13,joint,shuffle,1,0.0,10.819778284410283,1.3118752925
fixed/present,ewr-13,joint,shuffle,1,0.0,10.819778284410283,1.3118752925
fixed/recency,ewr-13,joint,shuffle,1,0.0,6.907755278982137,1.2819812499999999
fixed/reference,ewr-13,joint,shuffle,1,0.0,10.819778284410283,1.3118752925
fixed/transition1,ewr-13,joint,shuffle,1,0.0,10.819778284410283,1.3118752925
fixed/transition2,ewr-13,joint,shuffle,1,0.0,10.819778284410283,1.3118752925
fixed/transition3,ewr-13,joint,shuffle,1,0.0,10.819778284410283,1.3118752925
oracle-boundary/absolute,ewr-13,joint,shuffle,1,1.0,0.0009804805139614205,9.800000000392828e-07
oracle-boundary/present,ewr-13,joint,shuffle,1,0.0,10.819778284410283,1.3118752925
oracle-boundary/recency,ewr-13,joint,shuffle,1,1.0,0.05024121643674679,0.0024500000000000632
oracle-boundary/reference,ewr-13,joint,shuffle,1,1.0,0.0009804805139614205,9.800000000392828e-07
oracle-boundary/transition1,ewr-13,joint,shuffle,1,0.0,0.69410764165507,0.50000048
oracle-boundary/transition2,ewr-13,joint,shuffle,1,1.0,0.0009804805139614205,9.800000000392828e-07
oracle-boundary/transition3,ewr-13,joint,shuffle,1,1.0,0.0009804805139614205,9.800000000392828e-07
repaired/absolute,ewr-13,joint,ambiguous,0,1.0,0.6941254483016889,0.5000182521578036
repaired/present,ewr-13,joint,ambiguous,0,0.0,10.819778284410283,1.3118752925
repaired/recency,ewr-13,joint,ambiguous,0,0.0,3.4789982477094417,0.95245
repaired/reference,ewr-13,joint,ambiguous,0,1.0,0.6941106063307487,0.5000034389774612
repaired/transition1,ewr-13,joint,ambiguous,0,1.0,0.6941254483016889,0.5000182521578036
repaired/transition2,ewr-13,joint,ambiguous,0,1.0,0.6941254483016889,0.5000182521578036
repaired/transition3,ewr-13,joint,ambiguous,0,1.0,0.6941254483016889,0.5000182521578036
streaming/absolute,ewr-13,joint,ambiguous,0,0.0,10.819778284410283,1.3118752925
streaming/present,ewr-13,joint,ambiguous,0,0.0,10.819778284410283,1.3118752925
streaming/recency,ewr-13,joint,ambiguous,0,0.0,6.907755278982137,1.2819812499999999
streaming/reference,ewr-13,joint,ambiguous,0,0.0,10.819778284410283,1.3118752925
streaming/transition1,ewr-13,joint,ambiguous,0,0.0,10.819778284410283,1.3118752925
streaming/transition2,ewr-13,joint,ambiguous,0,0.0,10.819778284410283,1.3118752925
streaming/transition3,ewr-13,joint,ambiguous,0,0.0,10.819778284410283,1.3118752925
fixed/absolute,ewr-13,joint,ambiguous,0,0.0,10.819778284410283,1.3118752925
fixed/present,ewr-13,joint,ambiguous,0,0.0,10.819778284410283,1.3118752925
fixed/recency,ewr-13,joint,ambiguous,0,0.0,6.907755278982137,1.2819812499999999
fixed/reference,ewr-13,joint,ambiguous,0,0.0,10.819778284410283,1.3118752925
fixed/transition1,ewr-13,joint,ambiguous,0,0.0,10.819778284410283,1.3118752925
fixed/transition2,ewr-13,joint,ambiguous,0,0.0,10.819778284410283,1.3118752925
fixed/transition3,ewr-13,joint,ambiguous,0,0.0,10.819778284410283,1.3118752925
oracle-boundary/absolute,ewr-13,joint,ambiguous,0,1.0,0.69410764165507,0.50000048
oracle-boundary/present,ewr-13,joint,ambiguous,0,0.0,10.819778284410283,1.3118752925
oracle-boundary/recency,ewr-13,joint,ambiguous,0,0.0,3.4789982477094417,0.95245
oracle-boundary/reference,ewr-13,joint,ambiguous,0,1.0,0.69410764165507,0.50000048
oracle-boundary/transition1,ewr-13,joint,ambiguous,0,1.0,0.69410764165507,0.50000048
oracle-boundary/transition2,ewr-13,joint,ambiguous,0,1.0,0.69410764165507,0.50000048
oracle-boundary/transition3,ewr-13,joint,ambiguous,0,1.0,0.69410764165507,0.50000048
repaired/absolute,ewr-13,joint,ambiguous,1,0.0,0.6941254483016889,0.5000182521578036
repaired/present,ewr-13,joint,ambiguous,1,0.0,10.819778284410283,1.3118752925
repaired/recency,ewr-13,joint,ambiguous,1,1.0,3.4789982477094417,0.95245
repaired/reference,ewr-13,joint,ambiguous,1,0.0,0.6941106063307487,0.5000034389774612
repaired/transition1,ewr-13,joint,ambiguous,1,0.0,0.6941254483016889,0.5000182521578036
repaired/transition2,ewr-13,joint,ambiguous,1,0.0,0.6941254483016889,0.5000182521578036
repaired/transition3,ewr-13,joint,ambiguous,1,0.0,0.6941254483016889,0.5000182521578036
streaming/absolute,ewr-13,joint,ambiguous,1,0.0,10.819778284410283,1.3118752925
streaming/present,ewr-13,joint,ambiguous,1,0.0,10.819778284410283,1.3118752925
streaming/recency,ewr-13,joint,ambiguous,1,0.0,6.907755278982137,1.2819812499999999
streaming/reference,ewr-13,joint,ambiguous,1,0.0,10.819778284410283,1.3118752925
streaming/transition1,ewr-13,joint,ambiguous,1,0.0,10.819778284410283,1.3118752925
streaming/transition2,ewr-13,joint,ambiguous,1,0.0,10.819778284410283,1.3118752925
streaming/transition3,ewr-13,joint,ambiguous,1,0.0,10.819778284410283,1.3118752925
fixed/absolute,ewr-13,joint,ambiguous,1,0.0,10.819778284410283,1.3118752925
fixed/present,ewr-13,joint,ambiguous,1,0.0,10.819778284410283,1.3118752925
fixed/recency,ewr-13,joint,ambiguous,1,0.0,6.907755278982137,1.2819812499999999
fixed/reference,ewr-13,joint,ambiguous,1,0.0,10.819778284410283,1.3118752925
fixed/transition1,ewr-13,joint,ambiguous,1,0.0,10.819778284410283,1.3118752925
fixed/transition2,ewr-13,joint,ambiguous,1,0.0,10.819778284410283,1.3118752925
fixed/transition3,ewr-13,joint,ambiguous,1,0.0,10.819778284410283,1.3118752925
oracle-boundary/absolute,ewr-13,joint,ambiguous,1,0.0,0.69410764165507,0.50000048
oracle-boundary/present,ewr-13,joint,ambiguous,1,0.0,10.819778284410283,1.3118752925
oracle-boundary/recency,ewr-13,joint,ambiguous,1,1.0,3.4789982477094417,0.95245
oracle-boundary/reference,ewr-13,joint,ambiguous,1,0.0,0.69410764165507,0.50000048
oracle-boundary/transition1,ewr-13,joint,ambiguous,1,0.0,0.69410764165507,0.50000048
oracle-boundary/transition2,ewr-13,joint,ambiguous,1,0.0,0.69410764165507,0.50000048
oracle-boundary/transition3,ewr-13,joint,ambiguous,1,0.0,0.69410764165507,0.50000048
repaired/absolute,ewr-14,detached,intact,0,1.0,0.0009804805139616427,9.800000000392828e-07
repaired/present,ewr-14,detached,intact,0,1.0,0.9817763680502767,0.5626252924999999
repaired/recency,ewr-14,detached,intact,0,0.0,6.907755278982137,1.90245
repaired/reference,ewr-14,detached,intact,0,1.0,0.0009804805139616427,9.800000000392828e-07
repaired/transition1,ewr-14,detached,intact,0,1.0,0.6939813778994314,0.4998743374505912
repaired/transition2,ewr-14,detached,intact,0,1.0,0.0009804805139616427,9.800000000392828e-07
repaired/transition3,ewr-14,detached,intact,0,1.0,0.0009804805139616427,9.800000000392828e-07
streaming/absolute,ewr-14,detached,intact,0,1.0,0.9817763680502767,0.5626252924999999
streaming/present,ewr-14,detached,intact,0,1.0,0.9817763680502767,0.5626252924999999
streaming/recency,ewr-14,detached,intact,0,0.0,6.907755278982137,1.90245
streaming/reference,ewr-14,detached,intact,0,1.0,0.9817763680502767,0.5626252924999999
streaming/transition1,ewr-14,detached,intact,0,0.0,10.819778284410283,1.99800098
streaming/transition2,ewr-14,detached,intact,0,1.0,0.9817763680502767,0.5626252924999999
streaming/transition3,ewr-14,detached,intact,0,1.0,0.9817763680502767,0.5626252924999999
fixed/absolute,ewr-14,detached,intact,0,1.0,0.9817763680502767,0.5626252924999999
fixed/present,ewr-14,detached,intact,0,1.0,0.9817763680502767,0.5626252924999999
fixed/recency,ewr-14,detached,intact,0,0.0,6.907755278982137,1.90245
fixed/reference,ewr-14,detached,intact,0,1.0,0.9817763680502767,0.5626252924999999
fixed/transition1,ewr-14,detached,intact,0,0.0,10.819778284410283,1.5029447320586375
fixed/transition2,ewr-14,detached,intact,0,1.0,0.9817763680502767,0.5626252924999999
fixed/transition3,ewr-14,detached,intact,0,1.0,0.9817763680502767,0.5626252924999999
oracle-boundary/absolute,ewr-14,detached,intact,0,1.0,0.0009804805139616427,9.800000000392828e-07
oracle-boundary/present,ewr-14,detached,intact,0,1.0,0.9817763680502767,0.5626252924999999
oracle-boundary/recency,ewr-14,detached,intact,0,0.0,6.907755278982137,1.90245
oracle-boundary/reference,ewr-14,detached,intact,0,1.0,0.0009804805139616427,9.800000000392828e-07
oracle-boundary/transition1,ewr-14,detached,intact,0,1.0,0.69410764165507,0.50000048
oracle-boundary/transition2,ewr-14,detached,intact,0,1.0,0.0009804805139616427,9.800000000392828e-07
oracle-boundary/transition3,ewr-14,detached,intact,0,1.0,0.0009804805139616427,9.800000000392828e-07
repaired/absolute,ewr-14,detached,intact,1,1.0,0.0009804805139614205,9.800000000392828e-07
repaired/present,ewr-14,detached,intact,1,0.0,0.9817763680502767,0.5626252924999999
repaired/recency,ewr-14,detached,intact,1,0.0,6.907755278982137,1.90245
repaired/reference,ewr-14,detached,intact,1,1.0,0.0009804805139614205,9.800000000392828e-07
repaired/transition1,ewr-14,detached,intact,1,1.0,0.6287026044791387,0.4347539283107842
repaired/transition2,ewr-14,detached,intact,1,1.0,0.0009804805139614205,9.800000000392828e-07
repaired/transition3,ewr-14,detached,intact,1,1.0,0.0009804805139614205,9.800000000392828e-07
streaming/absolute,ewr-14,detached,intact,1,0.0,0.9817763680502767,0.5626252924999999
streaming/present,ewr-14,detached,intact,1,0.0,0.9817763680502767,0.5626252924999999
streaming/recency,ewr-14,detached,intact,1,0.0,6.907755278982137,1.90245
streaming/reference,ewr-14,detached,intact,1,1.0,0.0009804805139614205,9.800000000392828e-07
streaming/transition1,ewr-14,detached,intact,1,0.0,0.9817763680502767,0.5626252924999999
streaming/transition2,ewr-14,detached,intact,1,0.0,0.9817763680502767,0.5626252924999999
streaming/transition3,ewr-14,detached,intact,1,0.0,0.9817763680502767,0.5626252924999999
fixed/absolute,ewr-14,detached,intact,1,0.0,0.9817763680502767,0.5626252924999999
fixed/present,ewr-14,detached,intact,1,0.0,0.9817763680502767,0.5626252924999999
fixed/recency,ewr-14,detached,intact,1,0.0,6.907755278982137,1.90245
fixed/reference,ewr-14,detached,intact,1,0.0,0.9817763680502767,0.5626252924999999
fixed/transition1,ewr-14,detached,intact,1,0.0,10.819778284410283,1.99800098
fixed/transition2,ewr-14,detached,intact,1,0.0,0.9817763680502767,0.5626252924999999
fixed/transition3,ewr-14,detached,intact,1,0.0,0.9817763680502767,0.5626252924999999
oracle-boundary/absolute,ewr-14,detached,intact,1,1.0,0.0009804805139614205,9.800000000392828e-07
oracle-boundary/present,ewr-14,detached,intact,1,0.0,0.9817763680502767,0.5626252924999999
oracle-boundary/recency,ewr-14,detached,intact,1,0.0,6.907755278982137,1.90245
oracle-boundary/reference,ewr-14,detached,intact,1,1.0,0.0009804805139614205,9.800000000392828e-07
oracle-boundary/transition1,ewr-14,detached,intact,1,0.0,0.69410764165507,0.50000048
oracle-boundary/transition2,ewr-14,detached,intact,1,1.0,0.0009804805139614205,9.800000000392828e-07
oracle-boundary/transition3,ewr-14,detached,intact,1,1.0,0.0009804805139614205,9.800000000392828e-07
repaired/absolute,ewr-14,legato,intact,0,1.0,0.0009804805139616427,9.800000000392828e-07
repaired/present,ewr-14,legato,intact,0,1.0,0.9817763680502767,0.5626252924999999
repaired/recency,ewr-14,legato,intact,0,0.0,6.907755278982137,1.90245
repaired/reference,ewr-14,legato,intact,0,1.0,0.0009804805139616427,9.800000000392828e-07
repaired/transition1,ewr-14,legato,intact,0,0.0,0.694263052625514,0.5001557417630824
repaired/transition2,ewr-14,legato,intact,0,1.0,0.0009804805139616427,9.800000000392828e-07
repaired/transition3,ewr-14,legato,intact,0,1.0,0.0009804805139616427,9.800000000392828e-07
streaming/absolute,ewr-14,legato,intact,0,1.0,0.9817763680502767,0.5626252924999999
streaming/present,ewr-14,legato,intact,0,1.0,0.9817763680502767,0.5626252924999999
streaming/recency,ewr-14,legato,intact,0,1.0,1.0293194621721604,0.5694812499999999
streaming/reference,ewr-14,legato,intact,0,1.0,0.9817763680502767,0.5626252924999999
streaming/transition1,ewr-14,legato,intact,0,1.0,0.9817763680502767,0.5626252924999999
streaming/transition2,ewr-14,legato,intact,0,1.0,0.9817763680502767,0.5626252924999999
streaming/transition3,ewr-14,legato,intact,0,1.0,0.9817763680502767,0.5626252924999999
fixed/absolute,ewr-14,legato,intact,0,1.0,0.9817763680502767,0.5626252924999999
fixed/present,ewr-14,legato,intact,0,1.0,0.9817763680502767,0.5626252924999999
fixed/recency,ewr-14,legato,intact,0,0.0,6.907755278982137,1.90245
fixed/reference,ewr-14,legato,intact,0,1.0,0.9817763680502767,0.5626252924999999
fixed/transition1,ewr-14,legato,intact,0,0.0,10.819778284410283,1.7051198833686376
fixed/transition2,ewr-14,legato,intact,0,1.0,0.9817763680502767,0.5626252924999999
fixed/transition3,ewr-14,legato,intact,0,1.0,0.9817763680502767,0.5626252924999999
oracle-boundary/absolute,ewr-14,legato,intact,0,1.0,0.0009804805139616427,9.800000000392828e-07
oracle-boundary/present,ewr-14,legato,intact,0,1.0,0.9817763680502767,0.5626252924999999
oracle-boundary/recency,ewr-14,legato,intact,0,0.0,6.907755278982137,1.90245
oracle-boundary/reference,ewr-14,legato,intact,0,1.0,0.0009804805139616427,9.800000000392828e-07
oracle-boundary/transition1,ewr-14,legato,intact,0,1.0,0.69410764165507,0.50000048
oracle-boundary/transition2,ewr-14,legato,intact,0,1.0,0.0009804805139616427,9.800000000392828e-07
oracle-boundary/transition3,ewr-14,legato,intact,0,1.0,0.0009804805139616427,9.800000000392828e-07
repaired/absolute,ewr-14,legato,intact,1,1.0,0.0009804805139614205,9.800000000392828e-07
repaired/present,ewr-14,legato,intact,1,0.0,0.9817763680502767,0.5626252924999999
repaired/recency,ewr-14,legato,intact,1,0.0,6.907755278982137,1.90245
repaired/reference,ewr-14,legato,intact,1,1.0,0.0009804805139614205,9.800000000392828e-07
repaired/transition1,ewr-14,legato,intact,1,1.0,0.693742122191043,0.4996353113868337
repaired/transition2,ewr-14,legato,intact,1,1.0,0.0009804805139614205,9.800000000392828e-07
repaired/transition3,ewr-14,legato,intact,1,1.0,0.0009804805139614205,9.800000000392828e-07
streaming/absolute,ewr-14,legato,intact,1,0.0,0.9817763680502767,0.5626252924999999
streaming/present,ewr-14,legato,intact,1,0.0,0.9817763680502767,0.5626252924999999
streaming/recency,ewr-14,legato,intact,1,0.0,1.0293194621721604,0.5694812499999999
streaming/reference,ewr-14,legato,intact,1,0.0,0.9817763680502767,0.5626252924999999
streaming/transition1,ewr-14,legato,intact,1,0.0,0.9817763680502767,0.5626252924999999
streaming/transition2,ewr-14,legato,intact,1,0.0,0.9817763680502767,0.5626252924999999
streaming/transition3,ewr-14,legato,intact,1,0.0,0.9817763680502767,0.5626252924999999
fixed/absolute,ewr-14,legato,intact,1,0.0,0.9817763680502767,0.5626252924999999
fixed/present,ewr-14,legato,intact,1,0.0,0.9817763680502767,0.5626252924999999
fixed/recency,ewr-14,legato,intact,1,0.0,6.907755278982137,1.90245
fixed/reference,ewr-14,legato,intact,1,0.0,0.9817763680502767,0.5626252924999999
fixed/transition1,ewr-14,legato,intact,1,0.0,10.819778284410283,1.99800098
fixed/transition2,ewr-14,legato,intact,1,0.0,0.9817763680502767,0.5626252924999999
fixed/transition3,ewr-14,legato,intact,1,0.0,0.9817763680502767,0.5626252924999999
oracle-boundary/absolute,ewr-14,legato,intact,1,1.0,0.0009804805139614205,9.800000000392828e-07
oracle-boundary/present,ewr-14,legato,intact,1,0.0,0.9817763680502767,0.5626252924999999
oracle-boundary/recency,ewr-14,legato,intact,1,0.0,6.907755278982137,1.90245
oracle-boundary/reference,ewr-14,legato,intact,1,1.0,0.0009804805139614205,9.800000000392828e-07
oracle-boundary/transition1,ewr-14,legato,intact,1,0.0,0.69410764165507,0.50000048
oracle-boundary/transition2,ewr-14,legato,intact,1,1.0,0.0009804805139614205,9.800000000392828e-07
oracle-boundary/transition3,ewr-14,legato,intact,1,1.0,0.0009804805139614205,9.800000000392828e-07
repaired/absolute,ewr-14,duration,intact,0,1.0,0.0009804805139616427,9.800000000392828e-07
repaired/present,ewr-14,duration,intact,0,1.0,0.9817763680502767,0.5626252924999999
repaired/recency,ewr-14,duration,intact,0,0.0,6.907755278982137,1.90245
repaired/reference,ewr-14,duration,intact,0,1.0,0.0009804805139616427,9.800000000392828e-07
repaired/transition1,ewr-14,duration,intact,0,0.0,0.6947625657435837,0.5006547750623347
repaired/transition2,ewr-14,duration,intact,0,1.0,0.0009804805139616427,9.800000000392828e-07
repaired/transition3,ewr-14,duration,intact,0,1.0,0.0009804805139616427,9.800000000392828e-07
streaming/absolute,ewr-14,duration,intact,0,1.0,0.9817763680502767,0.5626252924999999
streaming/present,ewr-14,duration,intact,0,1.0,0.9817763680502767,0.5626252924999999
streaming/recency,ewr-14,duration,intact,0,1.0,1.0293194621721604,0.5694812499999999
streaming/reference,ewr-14,duration,intact,0,1.0,0.9817763680502767,0.5626252924999999
streaming/transition1,ewr-14,duration,intact,0,1.0,0.9817763680502767,0.5626252924999999
streaming/transition2,ewr-14,duration,intact,0,1.0,0.9817763680502767,0.5626252924999999
streaming/transition3,ewr-14,duration,intact,0,1.0,0.9817763680502767,0.5626252924999999
fixed/absolute,ewr-14,duration,intact,0,1.0,0.9817763680502767,0.5626252924999999
fixed/present,ewr-14,duration,intact,0,1.0,0.9817763680502767,0.5626252924999999
fixed/recency,ewr-14,duration,intact,0,0.0,6.907755278982137,1.90245
fixed/reference,ewr-14,duration,intact,0,1.0,0.9817763680502767,0.5626252924999999
fixed/transition1,ewr-14,duration,intact,0,1.0,0.9817763680502767,0.5626252924999999
fixed/transition2,ewr-14,duration,intact,0,1.0,0.9817763680502767,0.5626252924999999
fixed/transition3,ewr-14,duration,intact,0,1.0,0.9817763680502767,0.5626252924999999
oracle-boundary/absolute,ewr-14,duration,intact,0,1.0,0.0009804805139616427,9.800000000392828e-07
oracle-boundary/present,ewr-14,duration,intact,0,1.0,0.9817763680502767,0.5626252924999999
oracle-boundary/recency,ewr-14,duration,intact,0,0.0,6.907755278982137,1.90245
oracle-boundary/reference,ewr-14,duration,intact,0,1.0,0.0009804805139616427,9.800000000392828e-07
oracle-boundary/transition1,ewr-14,duration,intact,0,1.0,0.69410764165507,0.50000048
oracle-boundary/transition2,ewr-14,duration,intact,0,1.0,0.0009804805139616427,9.800000000392828e-07
oracle-boundary/transition3,ewr-14,duration,intact,0,1.0,0.0009804805139616427,9.800000000392828e-07
repaired/absolute,ewr-14,duration,intact,1,1.0,0.0009804805139614205,9.800000000392828e-07
repaired/present,ewr-14,duration,intact,1,0.0,0.9817763680502767,0.5626252924999999
repaired/recency,ewr-14,duration,intact,1,0.0,6.907755278982137,1.90245
repaired/reference,ewr-14,duration,intact,1,1.0,0.0009804805139614205,9.800000000392828e-07
repaired/transition1,ewr-14,duration,intact,1,0.0,0.6960436528197296,0.501934628387052
repaired/transition2,ewr-14,duration,intact,1,1.0,0.0009804805139614205,9.800000000392828e-07
repaired/transition3,ewr-14,duration,intact,1,1.0,0.0009804805139614205,9.800000000392828e-07
streaming/absolute,ewr-14,duration,intact,1,0.0,0.9817763680502767,0.5626252924999999
streaming/present,ewr-14,duration,intact,1,0.0,0.9817763680502767,0.5626252924999999
streaming/recency,ewr-14,duration,intact,1,0.0,1.0293194621721604,0.5694812499999999
streaming/reference,ewr-14,duration,intact,1,0.0,0.9817763680502767,0.5626252924999999
streaming/transition1,ewr-14,duration,intact,1,0.0,0.9817763680502767,0.5626252924999999
streaming/transition2,ewr-14,duration,intact,1,0.0,0.9817763680502767,0.5626252924999999
streaming/transition3,ewr-14,duration,intact,1,0.0,0.9817763680502767,0.5626252924999999
fixed/absolute,ewr-14,duration,intact,1,0.0,0.9817763680502767,0.5626252924999999
fixed/present,ewr-14,duration,intact,1,0.0,0.9817763680502767,0.5626252924999999
fixed/recency,ewr-14,duration,intact,1,0.0,1.0293194621721604,0.5694812499999999
fixed/reference,ewr-14,duration,intact,1,0.0,0.9817763680502767,0.5626252924999999
fixed/transition1,ewr-14,duration,intact,1,0.0,0.9817763680502767,0.5626252924999999
fixed/transition2,ewr-14,duration,intact,1,0.0,0.9817763680502767,0.5626252924999999
fixed/transition3,ewr-14,duration,intact,1,0.0,0.9817763680502767,0.5626252924999999
oracle-boundary/absolute,ewr-14,duration,intact,1,1.0,0.0009804805139614205,9.800000000392828e-07
oracle-boundary/present,ewr-14,duration,intact,1,0.0,0.9817763680502767,0.5626252924999999
oracle-boundary/recency,ewr-14,duration,intact,1,0.0,6.907755278982137,1.90245
oracle-boundary/reference,ewr-14,duration,intact,1,1.0,0.0009804805139614205,9.800000000392828e-07
oracle-boundary/transition1,ewr-14,duration,intact,1,0.0,0.69410764165507,0.50000048
oracle-boundary/transition2,ewr-14,duration,intact,1,1.0,0.0009804805139614205,9.800000000392828e-07
oracle-boundary/transition3,ewr-14,duration,intact,1,1.0,0.0009804805139614205,9.800000000392828e-07
repaired/absolute,ewr-14,joint,intact,0,1.0,0.0009804805139616427,9.800000000392828e-07
repaired/present,ewr-14,joint,intact,0,1.0,0.9817763680502767,0.5626252924999999
repaired/recency,ewr-14,joint,intact,0,0.0,6.907755278982137,1.90245
repaired/reference,ewr-14,joint,intact,0,1.0,0.0009804805139616427,9.800000000392828e-07
repaired/transition1,ewr-14,joint,intact,0,1.0,0.6908139677639085,0.4967099747446728
repaired/transition2,ewr-14,joint,intact,0,1.0,0.0009804805139616427,9.800000000392828e-07
repaired/transition3,ewr-14,joint,intact,0,1.0,0.0009804805139616427,9.800000000392828e-07
streaming/absolute,ewr-14,joint,intact,0,1.0,0.9817763680502767,0.5626252924999999
streaming/present,ewr-14,joint,intact,0,1.0,0.9817763680502767,0.5626252924999999
streaming/recency,ewr-14,joint,intact,0,1.0,1.0293194621721604,0.5694812499999999
streaming/reference,ewr-14,joint,intact,0,1.0,0.9817763680502767,0.5626252924999999
streaming/transition1,ewr-14,joint,intact,0,1.0,0.9817763680502767,0.5626252924999999
streaming/transition2,ewr-14,joint,intact,0,1.0,0.9817763680502767,0.5626252924999999
streaming/transition3,ewr-14,joint,intact,0,1.0,0.9817763680502767,0.5626252924999999
fixed/absolute,ewr-14,joint,intact,0,1.0,0.9817763680502767,0.5626252924999999
fixed/present,ewr-14,joint,intact,0,1.0,0.9817763680502767,0.5626252924999999
fixed/recency,ewr-14,joint,intact,0,1.0,1.0293194621721604,0.5694812499999999
fixed/reference,ewr-14,joint,intact,0,1.0,0.9817763680502767,0.5626252924999999
fixed/transition1,ewr-14,joint,intact,0,1.0,0.9817763680502767,0.5626252924999999
fixed/transition2,ewr-14,joint,intact,0,1.0,0.9817763680502767,0.5626252924999999
fixed/transition3,ewr-14,joint,intact,0,1.0,0.9817763680502767,0.5626252924999999
oracle-boundary/absolute,ewr-14,joint,intact,0,1.0,0.0009804805139616427,9.800000000392828e-07
oracle-boundary/present,ewr-14,joint,intact,0,1.0,0.9817763680502767,0.5626252924999999
oracle-boundary/recency,ewr-14,joint,intact,0,0.0,6.907755278982137,1.90245
oracle-boundary/reference,ewr-14,joint,intact,0,1.0,0.0009804805139616427,9.800000000392828e-07
oracle-boundary/transition1,ewr-14,joint,intact,0,1.0,0.69410764165507,0.50000048
oracle-boundary/transition2,ewr-14,joint,intact,0,1.0,0.0009804805139616427,9.800000000392828e-07
oracle-boundary/transition3,ewr-14,joint,intact,0,1.0,0.0009804805139616427,9.800000000392828e-07
repaired/absolute,ewr-14,joint,intact,1,1.0,0.0009804805139614205,9.800000000392828e-07
repaired/present,ewr-14,joint,intact,1,0.0,0.9817763680502767,0.5626252924999999
repaired/recency,ewr-14,joint,intact,1,0.0,6.907755278982137,1.90245
repaired/reference,ewr-14,joint,intact,1,1.0,0.0009804805139614205,9.800000000392828e-07
repaired/transition1,ewr-14,joint,intact,1,1.0,0.6900930502025713,0.49598975640743137
repaired/transition2,ewr-14,joint,intact,1,1.0,0.0009804805139614205,9.800000000392828e-07
repaired/transition3,ewr-14,joint,intact,1,1.0,0.0009804805139614205,9.800000000392828e-07
streaming/absolute,ewr-14,joint,intact,1,0.0,0.9817763680502767,0.5626252924999999
streaming/present,ewr-14,joint,intact,1,0.0,0.9817763680502767,0.5626252924999999
streaming/recency,ewr-14,joint,intact,1,0.0,1.0293194621721604,0.5694812499999999
streaming/reference,ewr-14,joint,intact,1,0.0,0.9817763680502767,0.5626252924999999
streaming/transition1,ewr-14,joint,intact,1,0.0,0.9817763680502767,0.5626252924999999
streaming/transition2,ewr-14,joint,intact,1,0.0,0.9817763680502767,0.5626252924999999
streaming/transition3,ewr-14,joint,intact,1,0.0,0.9817763680502767,0.5626252924999999
fixed/absolute,ewr-14,joint,intact,1,0.0,0.9817763680502767,0.5626252924999999
fixed/present,ewr-14,joint,intact,1,0.0,0.9817763680502767,0.5626252924999999
fixed/recency,ewr-14,joint,intact,1,0.0,1.0293194621721604,0.5694812499999999
fixed/reference,ewr-14,joint,intact,1,0.0,0.9817763680502767,0.5626252924999999
fixed/transition1,ewr-14,joint,intact,1,0.0,0.9817763680502767,0.5626252924999999
fixed/transition2,ewr-14,joint,intact,1,0.0,0.9817763680502767,0.5626252924999999
fixed/transition3,ewr-14,joint,intact,1,0.0,0.9817763680502767,0.5626252924999999
oracle-boundary/absolute,ewr-14,joint,intact,1,1.0,0.0009804805139614205,9.800000000392828e-07
oracle-boundary/present,ewr-14,joint,intact,1,0.0,0.9817763680502767,0.5626252924999999
oracle-boundary/recency,ewr-14,joint,intact,1,0.0,6.907755278982137,1.90245
oracle-boundary/reference,ewr-14,joint,intact,1,1.0,0.0009804805139614205,9.800000000392828e-07
oracle-boundary/transition1,ewr-14,joint,intact,1,0.0,0.69410764165507,0.50000048
oracle-boundary/transition2,ewr-14,joint,intact,1,1.0,0.0009804805139614205,9.800000000392828e-07
oracle-boundary/transition3,ewr-14,joint,intact,1,1.0,0.0009804805139614205,9.800000000392828e-07
repaired/absolute,ewr-14,joint,reset,0,1.0,0.9817763680502767,0.5626252924999999
repaired/present,ewr-14,joint,reset,0,1.0,0.9817763680502767,0.5626252924999999
repaired/recency,ewr-14,joint,reset,0,1.0,1.0293194621721604,0.5694812499999999
repaired/reference,ewr-14,joint,reset,0,1.0,0.9817763680502767,0.5626252924999999
repaired/transition1,ewr-14,joint,reset,0,1.0,0.9817763680502767,0.5626252924999999
repaired/transition2,ewr-14,joint,reset,0,1.0,0.9817763680502767,0.5626252924999999
repaired/transition3,ewr-14,joint,reset,0,1.0,0.9817763680502767,0.5626252924999999
streaming/absolute,ewr-14,joint,reset,0,1.0,0.9817763680502767,0.5626252924999999
streaming/present,ewr-14,joint,reset,0,1.0,0.9817763680502767,0.5626252924999999
streaming/recency,ewr-14,joint,reset,0,1.0,1.0293194621721604,0.5694812499999999
streaming/reference,ewr-14,joint,reset,0,1.0,0.9817763680502767,0.5626252924999999
streaming/transition1,ewr-14,joint,reset,0,1.0,0.9817763680502767,0.5626252924999999
streaming/transition2,ewr-14,joint,reset,0,1.0,0.9817763680502767,0.5626252924999999
streaming/transition3,ewr-14,joint,reset,0,1.0,0.9817763680502767,0.5626252924999999
fixed/absolute,ewr-14,joint,reset,0,1.0,0.9817763680502767,0.5626252924999999
fixed/present,ewr-14,joint,reset,0,1.0,0.9817763680502767,0.5626252924999999
fixed/recency,ewr-14,joint,reset,0,1.0,1.0293194621721604,0.5694812499999999
fixed/reference,ewr-14,joint,reset,0,1.0,0.9817763680502767,0.5626252924999999
fixed/transition1,ewr-14,joint,reset,0,1.0,0.9817763680502767,0.5626252924999999
fixed/transition2,ewr-14,joint,reset,0,1.0,0.9817763680502767,0.5626252924999999
fixed/transition3,ewr-14,joint,reset,0,1.0,0.9817763680502767,0.5626252924999999
oracle-boundary/absolute,ewr-14,joint,reset,0,1.0,0.9817763680502767,0.5626252924999999
oracle-boundary/present,ewr-14,joint,reset,0,1.0,0.9817763680502767,0.5626252924999999
oracle-boundary/recency,ewr-14,joint,reset,0,1.0,1.0293194621721604,0.5694812499999999
oracle-boundary/reference,ewr-14,joint,reset,0,1.0,0.9817763680502767,0.5626252924999999
oracle-boundary/transition1,ewr-14,joint,reset,0,1.0,0.9817763680502767,0.5626252924999999
oracle-boundary/transition2,ewr-14,joint,reset,0,1.0,0.9817763680502767,0.5626252924999999
oracle-boundary/transition3,ewr-14,joint,reset,0,1.0,0.9817763680502767,0.5626252924999999
repaired/absolute,ewr-14,joint,reset,1,0.0,0.9817763680502767,0.5626252924999999
repaired/present,ewr-14,joint,reset,1,0.0,0.9817763680502767,0.5626252924999999
repaired/recency,ewr-14,joint,reset,1,0.0,1.0293194621721604,0.5694812499999999
repaired/reference,ewr-14,joint,reset,1,0.0,0.9817763680502767,0.5626252924999999
repaired/transition1,ewr-14,joint,reset,1,0.0,0.9817763680502767,0.5626252924999999
repaired/transition2,ewr-14,joint,reset,1,0.0,0.9817763680502767,0.5626252924999999
repaired/transition3,ewr-14,joint,reset,1,0.0,0.9817763680502767,0.5626252924999999
streaming/absolute,ewr-14,joint,reset,1,0.0,0.9817763680502767,0.5626252924999999
streaming/present,ewr-14,joint,reset,1,0.0,0.9817763680502767,0.5626252924999999
streaming/recency,ewr-14,joint,reset,1,0.0,1.0293194621721604,0.5694812499999999
streaming/reference,ewr-14,joint,reset,1,0.0,0.9817763680502767,0.5626252924999999
streaming/transition1,ewr-14,joint,reset,1,0.0,0.9817763680502767,0.5626252924999999
streaming/transition2,ewr-14,joint,reset,1,0.0,0.9817763680502767,0.5626252924999999
streaming/transition3,ewr-14,joint,reset,1,0.0,0.9817763680502767,0.5626252924999999
fixed/absolute,ewr-14,joint,reset,1,0.0,0.9817763680502767,0.5626252924999999
fixed/present,ewr-14,joint,reset,1,0.0,0.9817763680502767,0.5626252924999999
fixed/recency,ewr-14,joint,reset,1,0.0,1.0293194621721604,0.5694812499999999
fixed/reference,ewr-14,joint,reset,1,0.0,0.9817763680502767,0.5626252924999999
fixed/transition1,ewr-14,joint,reset,1,0.0,0.9817763680502767,0.5626252924999999
fixed/transition2,ewr-14,joint,reset,1,0.0,0.9817763680502767,0.5626252924999999
fixed/transition3,ewr-14,joint,reset,1,0.0,0.9817763680502767,0.5626252924999999
oracle-boundary/absolute,ewr-14,joint,reset,1,0.0,0.9817763680502767,0.5626252924999999
oracle-boundary/present,ewr-14,joint,reset,1,0.0,0.9817763680502767,0.5626252924999999
oracle-boundary/recency,ewr-14,joint,reset,1,0.0,1.0293194621721604,0.5694812499999999
oracle-boundary/reference,ewr-14,joint,reset,1,0.0,0.9817763680502767,0.5626252924999999
oracle-boundary/transition1,ewr-14,joint,reset,1,0.0,0.9817763680502767,0.5626252924999999
oracle-boundary/transition2,ewr-14,joint,reset,1,0.0,0.9817763680502767,0.5626252924999999
oracle-boundary/transition3,ewr-14,joint,reset,1,0.0,0.9817763680502767,0.5626252924999999
repaired/absolute,ewr-14,joint,removal,0,1.0,0.9817763680502767,0.5626252924999999
repaired/present,ewr-14,joint,removal,0,1.0,0.9817763680502767,0.5626252924999999
repaired/recency,ewr-14,joint,removal,0,1.0,1.0293194621721604,0.5694812499999999
repaired/reference,ewr-14,joint,removal,0,1.0,0.9817763680502767,0.5626252924999999
repaired/transition1,ewr-14,joint,removal,0,1.0,0.9817763680502767,0.5626252924999999
repaired/transition2,ewr-14,joint,removal,0,1.0,0.9817763680502767,0.5626252924999999
repaired/transition3,ewr-14,joint,removal,0,1.0,0.9817763680502767,0.5626252924999999
streaming/absolute,ewr-14,joint,removal,0,1.0,0.9817763680502767,0.5626252924999999
streaming/present,ewr-14,joint,removal,0,1.0,0.9817763680502767,0.5626252924999999
streaming/recency,ewr-14,joint,removal,0,1.0,1.0293194621721604,0.5694812499999999
streaming/reference,ewr-14,joint,removal,0,1.0,0.9817763680502767,0.5626252924999999
streaming/transition1,ewr-14,joint,removal,0,1.0,0.9817763680502767,0.5626252924999999
streaming/transition2,ewr-14,joint,removal,0,1.0,0.9817763680502767,0.5626252924999999
streaming/transition3,ewr-14,joint,removal,0,1.0,0.9817763680502767,0.5626252924999999
fixed/absolute,ewr-14,joint,removal,0,1.0,0.9817763680502767,0.5626252924999999
fixed/present,ewr-14,joint,removal,0,1.0,0.9817763680502767,0.5626252924999999
fixed/recency,ewr-14,joint,removal,0,1.0,1.0293194621721604,0.5694812499999999
fixed/reference,ewr-14,joint,removal,0,1.0,0.9817763680502767,0.5626252924999999
fixed/transition1,ewr-14,joint,removal,0,1.0,0.9817763680502767,0.5626252924999999
fixed/transition2,ewr-14,joint,removal,0,1.0,0.9817763680502767,0.5626252924999999
fixed/transition3,ewr-14,joint,removal,0,1.0,0.9817763680502767,0.5626252924999999
oracle-boundary/absolute,ewr-14,joint,removal,0,1.0,0.9817763680502767,0.5626252924999999
oracle-boundary/present,ewr-14,joint,removal,0,1.0,0.9817763680502767,0.5626252924999999
oracle-boundary/recency,ewr-14,joint,removal,0,1.0,1.0293194621721604,0.5694812499999999
oracle-boundary/reference,ewr-14,joint,removal,0,1.0,0.9817763680502767,0.5626252924999999
oracle-boundary/transition1,ewr-14,joint,removal,0,1.0,0.9817763680502767,0.5626252924999999
oracle-boundary/transition2,ewr-14,joint,removal,0,1.0,0.9817763680502767,0.5626252924999999
oracle-boundary/transition3,ewr-14,joint,removal,0,1.0,0.9817763680502767,0.5626252924999999
repaired/absolute,ewr-14,joint,removal,1,0.0,0.9817763680502767,0.5626252924999999
repaired/present,ewr-14,joint,removal,1,0.0,0.9817763680502767,0.5626252924999999
repaired/recency,ewr-14,joint,removal,1,0.0,1.0293194621721604,0.5694812499999999
repaired/reference,ewr-14,joint,removal,1,0.0,0.9817763680502767,0.5626252924999999
repaired/transition1,ewr-14,joint,removal,1,0.0,0.9817763680502767,0.5626252924999999
repaired/transition2,ewr-14,joint,removal,1,0.0,0.9817763680502767,0.5626252924999999
repaired/transition3,ewr-14,joint,removal,1,0.0,0.9817763680502767,0.5626252924999999
streaming/absolute,ewr-14,joint,removal,1,0.0,0.9817763680502767,0.5626252924999999
streaming/present,ewr-14,joint,removal,1,0.0,0.9817763680502767,0.5626252924999999
streaming/recency,ewr-14,joint,removal,1,0.0,1.0293194621721604,0.5694812499999999
streaming/reference,ewr-14,joint,removal,1,0.0,0.9817763680502767,0.5626252924999999
streaming/transition1,ewr-14,joint,removal,1,0.0,0.9817763680502767,0.5626252924999999
streaming/transition2,ewr-14,joint,removal,1,0.0,0.9817763680502767,0.5626252924999999
streaming/transition3,ewr-14,joint,removal,1,0.0,0.9817763680502767,0.5626252924999999
fixed/absolute,ewr-14,joint,removal,1,0.0,0.9817763680502767,0.5626252924999999
fixed/present,ewr-14,joint,removal,1,0.0,0.9817763680502767,0.5626252924999999
fixed/recency,ewr-14,joint,removal,1,0.0,1.0293194621721604,0.5694812499999999
fixed/reference,ewr-14,joint,removal,1,0.0,0.9817763680502767,0.5626252924999999
fixed/transition1,ewr-14,joint,removal,1,0.0,0.9817763680502767,0.5626252924999999
fixed/transition2,ewr-14,joint,removal,1,0.0,0.9817763680502767,0.5626252924999999
fixed/transition3,ewr-14,joint,removal,1,0.0,0.9817763680502767,0.5626252924999999
oracle-boundary/absolute,ewr-14,joint,removal,1,0.0,0.9817763680502767,0.5626252924999999
oracle-boundary/present,ewr-14,joint,removal,1,0.0,0.9817763680502767,0.5626252924999999
oracle-boundary/recency,ewr-14,joint,removal,1,0.0,1.0293194621721604,0.5694812499999999
oracle-boundary/reference,ewr-14,joint,removal,1,0.0,0.9817763680502767,0.5626252924999999
oracle-boundary/transition1,ewr-14,joint,removal,1,0.0,0.9817763680502767,0.5626252924999999
oracle-boundary/transition2,ewr-14,joint,removal,1,0.0,0.9817763680502767,0.5626252924999999
oracle-boundary/transition3,ewr-14,joint,removal,1,0.0,0.9817763680502767,0.5626252924999999
repaired/absolute,ewr-14,joint,swap,0,1.0,0.0009804805139614205,9.800000000392828e-07
repaired/present,ewr-14,joint,swap,0,0.0,0.9817763680502767,0.5626252924999999
repaired/recency,ewr-14,joint,swap,0,0.0,6.907755278982137,1.90245
repaired/reference,ewr-14,joint,swap,0,1.0,0.0009804805139614205,9.800000000392828e-07
repaired/transition1,ewr-14,joint,swap,0,1.0,0.6900930502025713,0.49598975640743137
repaired/transition2,ewr-14,joint,swap,0,1.0,0.0009804805139614205,9.800000000392828e-07
repaired/transition3,ewr-14,joint,swap,0,1.0,0.0009804805139614205,9.800000000392828e-07
streaming/absolute,ewr-14,joint,swap,0,0.0,0.9817763680502767,0.5626252924999999
streaming/present,ewr-14,joint,swap,0,0.0,0.9817763680502767,0.5626252924999999
streaming/recency,ewr-14,joint,swap,0,0.0,1.0293194621721604,0.5694812499999999
streaming/reference,ewr-14,joint,swap,0,0.0,0.9817763680502767,0.5626252924999999
streaming/transition1,ewr-14,joint,swap,0,0.0,0.9817763680502767,0.5626252924999999
streaming/transition2,ewr-14,joint,swap,0,0.0,0.9817763680502767,0.5626252924999999
streaming/transition3,ewr-14,joint,swap,0,0.0,0.9817763680502767,0.5626252924999999
fixed/absolute,ewr-14,joint,swap,0,0.0,0.9817763680502767,0.5626252924999999
fixed/present,ewr-14,joint,swap,0,0.0,0.9817763680502767,0.5626252924999999
fixed/recency,ewr-14,joint,swap,0,0.0,1.0293194621721604,0.5694812499999999
fixed/reference,ewr-14,joint,swap,0,0.0,0.9817763680502767,0.5626252924999999
fixed/transition1,ewr-14,joint,swap,0,0.0,0.9817763680502767,0.5626252924999999
fixed/transition2,ewr-14,joint,swap,0,0.0,0.9817763680502767,0.5626252924999999
fixed/transition3,ewr-14,joint,swap,0,0.0,0.9817763680502767,0.5626252924999999
oracle-boundary/absolute,ewr-14,joint,swap,0,1.0,0.0009804805139614205,9.800000000392828e-07
oracle-boundary/present,ewr-14,joint,swap,0,0.0,0.9817763680502767,0.5626252924999999
oracle-boundary/recency,ewr-14,joint,swap,0,0.0,6.907755278982137,1.90245
oracle-boundary/reference,ewr-14,joint,swap,0,1.0,0.0009804805139614205,9.800000000392828e-07
oracle-boundary/transition1,ewr-14,joint,swap,0,0.0,0.69410764165507,0.50000048
oracle-boundary/transition2,ewr-14,joint,swap,0,1.0,0.0009804805139614205,9.800000000392828e-07
oracle-boundary/transition3,ewr-14,joint,swap,0,1.0,0.0009804805139614205,9.800000000392828e-07
repaired/absolute,ewr-14,joint,swap,1,1.0,0.0009804805139616427,9.800000000392828e-07
repaired/present,ewr-14,joint,swap,1,1.0,0.9817763680502767,0.5626252924999999
repaired/recency,ewr-14,joint,swap,1,0.0,6.907755278982137,1.90245
repaired/reference,ewr-14,joint,swap,1,1.0,0.0009804805139616427,9.800000000392828e-07
repaired/transition1,ewr-14,joint,swap,1,1.0,0.6908139677639085,0.4967099747446728
repaired/transition2,ewr-14,joint,swap,1,1.0,0.0009804805139616427,9.800000000392828e-07
repaired/transition3,ewr-14,joint,swap,1,1.0,0.0009804805139616427,9.800000000392828e-07
streaming/absolute,ewr-14,joint,swap,1,1.0,0.9817763680502767,0.5626252924999999
streaming/present,ewr-14,joint,swap,1,1.0,0.9817763680502767,0.5626252924999999
streaming/recency,ewr-14,joint,swap,1,1.0,1.0293194621721604,0.5694812499999999
streaming/reference,ewr-14,joint,swap,1,1.0,0.9817763680502767,0.5626252924999999
streaming/transition1,ewr-14,joint,swap,1,1.0,0.9817763680502767,0.5626252924999999
streaming/transition2,ewr-14,joint,swap,1,1.0,0.9817763680502767,0.5626252924999999
streaming/transition3,ewr-14,joint,swap,1,1.0,0.9817763680502767,0.5626252924999999
fixed/absolute,ewr-14,joint,swap,1,1.0,0.9817763680502767,0.5626252924999999
fixed/present,ewr-14,joint,swap,1,1.0,0.9817763680502767,0.5626252924999999
fixed/recency,ewr-14,joint,swap,1,1.0,1.0293194621721604,0.5694812499999999
fixed/reference,ewr-14,joint,swap,1,1.0,0.9817763680502767,0.5626252924999999
fixed/transition1,ewr-14,joint,swap,1,1.0,0.9817763680502767,0.5626252924999999
fixed/transition2,ewr-14,joint,swap,1,1.0,0.9817763680502767,0.5626252924999999
fixed/transition3,ewr-14,joint,swap,1,1.0,0.9817763680502767,0.5626252924999999
oracle-boundary/absolute,ewr-14,joint,swap,1,1.0,0.0009804805139616427,9.800000000392828e-07
oracle-boundary/present,ewr-14,joint,swap,1,1.0,0.9817763680502767,0.5626252924999999
oracle-boundary/recency,ewr-14,joint,swap,1,0.0,6.907755278982137,1.90245
oracle-boundary/reference,ewr-14,joint,swap,1,1.0,0.0009804805139616427,9.800000000392828e-07
oracle-boundary/transition1,ewr-14,joint,swap,1,1.0,0.69410764165507,0.50000048
oracle-boundary/transition2,ewr-14,joint,swap,1,1.0,0.0009804805139616427,9.800000000392828e-07
oracle-boundary/transition3,ewr-14,joint,swap,1,1.0,0.0009804805139616427,9.800000000392828e-07
repaired/absolute,ewr-14,joint,shuffle,0,1.0,0.0009804805139616427,9.800000000392828e-07
repaired/present,ewr-14,joint,shuffle,0,1.0,0.9817763680502767,0.5626252924999999
repaired/recency,ewr-14,joint,shuffle,0,1.0,0.05024121643674679,0.0024500000000000632
repaired/reference,ewr-14,joint,shuffle,0,1.0,0.0009804805139616427,9.800000000392828e-07
repaired/transition1,ewr-14,joint,shuffle,0,0.0,0.6981384150377589,0.504027354337691
repaired/transition2,ewr-14,joint,shuffle,0,1.0,0.0009804805139616427,9.800000000392828e-07
repaired/transition3,ewr-14,joint,shuffle,0,1.0,0.0009804805139616427,9.800000000392828e-07
streaming/absolute,ewr-14,joint,shuffle,0,1.0,0.9817763680502767,0.5626252924999999
streaming/present,ewr-14,joint,shuffle,0,1.0,0.9817763680502767,0.5626252924999999
streaming/recency,ewr-14,joint,shuffle,0,1.0,1.0293194621721604,0.5694812499999999
streaming/reference,ewr-14,joint,shuffle,0,1.0,0.9817763680502767,0.5626252924999999
streaming/transition1,ewr-14,joint,shuffle,0,1.0,0.9817763680502767,0.5626252924999999
streaming/transition2,ewr-14,joint,shuffle,0,1.0,0.9817763680502767,0.5626252924999999
streaming/transition3,ewr-14,joint,shuffle,0,1.0,0.9817763680502767,0.5626252924999999
fixed/absolute,ewr-14,joint,shuffle,0,1.0,0.9817763680502767,0.5626252924999999
fixed/present,ewr-14,joint,shuffle,0,1.0,0.9817763680502767,0.5626252924999999
fixed/recency,ewr-14,joint,shuffle,0,1.0,1.0293194621721604,0.5694812499999999
fixed/reference,ewr-14,joint,shuffle,0,1.0,0.9817763680502767,0.5626252924999999
fixed/transition1,ewr-14,joint,shuffle,0,1.0,0.9817763680502767,0.5626252924999999
fixed/transition2,ewr-14,joint,shuffle,0,1.0,0.9817763680502767,0.5626252924999999
fixed/transition3,ewr-14,joint,shuffle,0,1.0,0.9817763680502767,0.5626252924999999
oracle-boundary/absolute,ewr-14,joint,shuffle,0,1.0,0.0009804805139616427,9.800000000392828e-07
oracle-boundary/present,ewr-14,joint,shuffle,0,1.0,0.9817763680502767,0.5626252924999999
oracle-boundary/recency,ewr-14,joint,shuffle,0,1.0,0.05024121643674679,0.0024500000000000632
oracle-boundary/reference,ewr-14,joint,shuffle,0,1.0,0.0009804805139616427,9.800000000392828e-07
oracle-boundary/transition1,ewr-14,joint,shuffle,0,1.0,0.69410764165507,0.50000048
oracle-boundary/transition2,ewr-14,joint,shuffle,0,1.0,0.0009804805139616427,9.800000000392828e-07
oracle-boundary/transition3,ewr-14,joint,shuffle,0,1.0,0.0009804805139616427,9.800000000392828e-07
repaired/absolute,ewr-14,joint,shuffle,1,1.0,0.0009804805139614205,9.800000000392828e-07
repaired/present,ewr-14,joint,shuffle,1,0.0,0.9817763680502767,0.5626252924999999
repaired/recency,ewr-14,joint,shuffle,1,1.0,0.05024121643674679,0.0024500000000000632
repaired/reference,ewr-14,joint,shuffle,1,1.0,0.0009804805139614205,9.800000000392828e-07
repaired/transition1,ewr-14,joint,shuffle,1,0.0,0.6974121996926336,0.5033018484550809
repaired/transition2,ewr-14,joint,shuffle,1,1.0,0.0009804805139614205,9.800000000392828e-07
repaired/transition3,ewr-14,joint,shuffle,1,1.0,0.0009804805139614205,9.800000000392828e-07
streaming/absolute,ewr-14,joint,shuffle,1,0.0,0.9817763680502767,0.5626252924999999
streaming/present,ewr-14,joint,shuffle,1,0.0,0.9817763680502767,0.5626252924999999
streaming/recency,ewr-14,joint,shuffle,1,0.0,1.0293194621721604,0.5694812499999999
streaming/reference,ewr-14,joint,shuffle,1,0.0,0.9817763680502767,0.5626252924999999
streaming/transition1,ewr-14,joint,shuffle,1,0.0,0.9817763680502767,0.5626252924999999
streaming/transition2,ewr-14,joint,shuffle,1,0.0,0.9817763680502767,0.5626252924999999
streaming/transition3,ewr-14,joint,shuffle,1,0.0,0.9817763680502767,0.5626252924999999
fixed/absolute,ewr-14,joint,shuffle,1,0.0,0.9817763680502767,0.5626252924999999
fixed/present,ewr-14,joint,shuffle,1,0.0,0.9817763680502767,0.5626252924999999
fixed/recency,ewr-14,joint,shuffle,1,0.0,1.0293194621721604,0.5694812499999999
fixed/reference,ewr-14,joint,shuffle,1,0.0,0.9817763680502767,0.5626252924999999
fixed/transition1,ewr-14,joint,shuffle,1,0.0,0.9817763680502767,0.5626252924999999
fixed/transition2,ewr-14,joint,shuffle,1,0.0,0.9817763680502767,0.5626252924999999
fixed/transition3,ewr-14,joint,shuffle,1,0.0,0.9817763680502767,0.5626252924999999
oracle-boundary/absolute,ewr-14,joint,shuffle,1,1.0,0.0009804805139614205,9.800000000392828e-07
oracle-boundary/present,ewr-14,joint,shuffle,1,0.0,0.9817763680502767,0.5626252924999999
oracle-boundary/recency,ewr-14,joint,shuffle,1,1.0,0.05024121643674679,0.0024500000000000632
oracle-boundary/reference,ewr-14,joint,shuffle,1,1.0,0.0009804805139614205,9.800000000392828e-07
oracle-boundary/transition1,ewr-14,joint,shuffle,1,0.0,0.69410764165507,0.50000048
oracle-boundary/transition2,ewr-14,joint,shuffle,1,1.0,0.0009804805139614205,9.800000000392828e-07
oracle-boundary/transition3,ewr-14,joint,shuffle,1,1.0,0.0009804805139614205,9.800000000392828e-07
repaired/absolute,ewr-14,joint,ambiguous,0,1.0,0.6941078123257536,0.500000650343124
repaired/present,ewr-14,joint,ambiguous,0,1.0,0.9817763680502767,0.5626252924999999
repaired/recency,ewr-14,joint,ambiguous,0,0.0,3.4789982477094417,0.95245
repaired/reference,ewr-14,joint,ambiguous,0,1.0,0.694107651249203,0.5000004895757211
repaired/transition1,ewr-14,joint,ambiguous,0,1.0,0.694113083728271,0.5000059115998767
repaired/transition2,ewr-14,joint,ambiguous,0,1.0,0.6941088447037134,0.5000016807384542
repaired/transition3,ewr-14,joint,ambiguous,0,1.0,0.6941078123257536,0.500000650343124
streaming/absolute,ewr-14,joint,ambiguous,0,1.0,0.9817763680502767,0.5626252924999999
streaming/present,ewr-14,joint,ambiguous,0,1.0,0.9817763680502767,0.5626252924999999
streaming/recency,ewr-14,joint,ambiguous,0,1.0,1.0293194621721604,0.5694812499999999
streaming/reference,ewr-14,joint,ambiguous,0,1.0,0.9817763680502767,0.5626252924999999
streaming/transition1,ewr-14,joint,ambiguous,0,1.0,0.9817763680502767,0.5626252924999999
streaming/transition2,ewr-14,joint,ambiguous,0,1.0,0.9817763680502767,0.5626252924999999
streaming/transition3,ewr-14,joint,ambiguous,0,1.0,0.9817763680502767,0.5626252924999999
fixed/absolute,ewr-14,joint,ambiguous,0,1.0,0.9817763680502767,0.5626252924999999
fixed/present,ewr-14,joint,ambiguous,0,1.0,0.9817763680502767,0.5626252924999999
fixed/recency,ewr-14,joint,ambiguous,0,1.0,1.0293194621721604,0.5694812499999999
fixed/reference,ewr-14,joint,ambiguous,0,1.0,0.9817763680502767,0.5626252924999999
fixed/transition1,ewr-14,joint,ambiguous,0,1.0,0.9817763680502767,0.5626252924999999
fixed/transition2,ewr-14,joint,ambiguous,0,1.0,0.9817763680502767,0.5626252924999999
fixed/transition3,ewr-14,joint,ambiguous,0,1.0,0.9817763680502767,0.5626252924999999
oracle-boundary/absolute,ewr-14,joint,ambiguous,0,1.0,0.69410764165507,0.50000048
oracle-boundary/present,ewr-14,joint,ambiguous,0,1.0,0.9817763680502767,0.5626252924999999
oracle-boundary/recency,ewr-14,joint,ambiguous,0,0.0,3.4789982477094417,0.95245
oracle-boundary/reference,ewr-14,joint,ambiguous,0,1.0,0.69410764165507,0.50000048
oracle-boundary/transition1,ewr-14,joint,ambiguous,0,1.0,0.69410764165507,0.50000048
oracle-boundary/transition2,ewr-14,joint,ambiguous,0,1.0,0.69410764165507,0.50000048
oracle-boundary/transition3,ewr-14,joint,ambiguous,0,1.0,0.69410764165507,0.50000048
repaired/absolute,ewr-14,joint,ambiguous,1,0.0,0.6941078123257536,0.500000650343124
repaired/present,ewr-14,joint,ambiguous,1,0.0,0.9817763680502767,0.5626252924999999
repaired/recency,ewr-14,joint,ambiguous,1,1.0,3.4789982477094417,0.95245
repaired/reference,ewr-14,joint,ambiguous,1,0.0,0.694107651249203,0.5000004895757211
repaired/transition1,ewr-14,joint,ambiguous,1,0.0,0.694113083728271,0.5000059115998767
repaired/transition2,ewr-14,joint,ambiguous,1,0.0,0.6941088447037134,0.5000016807384542
repaired/transition3,ewr-14,joint,ambiguous,1,0.0,0.6941078123257536,0.500000650343124
streaming/absolute,ewr-14,joint,ambiguous,1,0.0,0.9817763680502767,0.5626252924999999
streaming/present,ewr-14,joint,ambiguous,1,0.0,0.9817763680502767,0.5626252924999999
streaming/recency,ewr-14,joint,ambiguous,1,0.0,1.0293194621721604,0.5694812499999999
streaming/reference,ewr-14,joint,ambiguous,1,0.0,0.9817763680502767,0.5626252924999999
streaming/transition1,ewr-14,joint,ambiguous,1,0.0,0.9817763680502767,0.5626252924999999
streaming/transition2,ewr-14,joint,ambiguous,1,0.0,0.9817763680502767,0.5626252924999999
streaming/transition3,ewr-14,joint,ambiguous,1,0.0,0.9817763680502767,0.5626252924999999
fixed/absolute,ewr-14,joint,ambiguous,1,0.0,0.9817763680502767,0.5626252924999999
fixed/present,ewr-14,joint,ambiguous,1,0.0,0.9817763680502767,0.5626252924999999
fixed/recency,ewr-14,joint,ambiguous,1,0.0,1.0293194621721604,0.5694812499999999
fixed/reference,ewr-14,joint,ambiguous,1,0.0,0.9817763680502767,0.5626252924999999
fixed/transition1,ewr-14,joint,ambiguous,1,0.0,0.9817763680502767,0.5626252924999999
fixed/transition2,ewr-14,joint,ambiguous,1,0.0,0.9817763680502767,0.5626252924999999
fixed/transition3,ewr-14,joint,ambiguous,1,0.0,0.9817763680502767,0.5626252924999999
oracle-boundary/absolute,ewr-14,joint,ambiguous,1,0.0,0.69410764165507,0.50000048
oracle-boundary/present,ewr-14,joint,ambiguous,1,0.0,0.9817763680502767,0.5626252924999999
oracle-boundary/recency,ewr-14,joint,ambiguous,1,1.0,3.4789982477094417,0.95245
oracle-boundary/reference,ewr-14,joint,ambiguous,1,0.0,0.69410764165507,0.50000048
oracle-boundary/transition1,ewr-14,joint,ambiguous,1,0.0,0.69410764165507,0.50000048
oracle-boundary/transition2,ewr-14,joint,ambiguous,1,0.0,0.69410764165507,0.50000048
oracle-boundary/transition3,ewr-14,joint,ambiguous,1,0.0,0.69410764165507,0.50000048
repaired/absolute,ewr-15,detached,intact,0,1.0,0.0009804805139616427,9.800000000392828e-07
repaired/present,ewr-15,detached,intact,0,0.0,2.0802818946775288,1.0621252925000002
repaired/recency,ewr-15,detached,intact,0,1.0,0.05024121643674679,0.0024500000000000632
repaired/reference,ewr-15,detached,intact,0,1.0,0.0009804805139616427,9.800000000392828e-07
repaired/transition1,ewr-15,detached,intact,0,0.0,0.694677930113201,0.5005702207636011
repaired/transition2,ewr-15,detached,intact,0,1.0,0.0009804805139616427,9.800000000392828e-07
repaired/transition3,ewr-15,detached,intact,0,1.0,0.0009804805139616427,9.800000000392828e-07
streaming/absolute,ewr-15,detached,intact,0,0.0,2.0802818946775288,1.0621252925000002
streaming/present,ewr-15,detached,intact,0,0.0,2.0802818946775288,1.0621252925000002
streaming/recency,ewr-15,detached,intact,0,1.0,0.05024121643674679,0.0024500000000000632
streaming/reference,ewr-15,detached,intact,0,1.0,0.0009804805139616427,9.800000000392828e-07
streaming/transition1,ewr-15,detached,intact,0,0.0,2.0802818946775288,1.0621252925000002
streaming/transition2,ewr-15,detached,intact,0,0.0,2.0802818946775288,1.0621252925000002
streaming/transition3,ewr-15,detached,intact,0,0.0,2.0802818946775288,1.0621252925000002
fixed/absolute,ewr-15,detached,intact,0,0.0,2.0802818946775288,1.0621252925000002
fixed/present,ewr-15,detached,intact,0,0.0,2.0802818946775288,1.0621252925000002
fixed/recency,ewr-15,detached,intact,0,0.0,6.907755278982137,1.90245
fixed/reference,ewr-15,detached,intact,0,0.0,2.0802818946775288,1.0621252925000002
fixed/transition1,ewr-15,detached,intact,0,0.0,10.819778284410283,1.4995338888210918
fixed/transition2,ewr-15,detached,intact,0,0.0,2.0802818946775288,1.0621252925000002
fixed/transition3,ewr-15,detached,intact,0,0.0,2.0802818946775288,1.0621252925000002
oracle-boundary/absolute,ewr-15,detached,intact,0,1.0,0.0009804805139616427,9.800000000392828e-07
oracle-boundary/present,ewr-15,detached,intact,0,0.0,2.0802818946775288,1.0621252925000002
oracle-boundary/recency,ewr-15,detached,intact,0,1.0,0.05024121643674679,0.0024500000000000632
oracle-boundary/reference,ewr-15,detached,intact,0,1.0,0.0009804805139616427,9.800000000392828e-07
oracle-boundary/transition1,ewr-15,detached,intact,0,1.0,0.6941076416550698,0.5000004800000002
oracle-boundary/transition2,ewr-15,detached,intact,0,1.0,0.0009804805139616427,9.800000000392828e-07
oracle-boundary/transition3,ewr-15,detached,intact,0,1.0,0.0009804805139616427,9.800000000392828e-07
repaired/absolute,ewr-15,detached,intact,1,1.0,0.0009804805139614205,9.800000000392828e-07
repaired/present,ewr-15,detached,intact,1,0.0,2.0802818946775288,1.0621252925000002
repaired/recency,ewr-15,detached,intact,1,1.0,0.05024121643674679,0.0024500000000000632
repaired/reference,ewr-15,detached,intact,1,1.0,0.0009804805139614205,9.800000000392828e-07
repaired/transition1,ewr-15,detached,intact,1,0.0,0.694677930113201,0.5005702207636011
repaired/transition2,ewr-15,detached,intact,1,1.0,0.0009804805139614205,9.800000000392828e-07
repaired/transition3,ewr-15,detached,intact,1,1.0,0.0009804805139614205,9.800000000392828e-07
streaming/absolute,ewr-15,detached,intact,1,0.0,2.0802818946775288,1.0621252925000002
streaming/present,ewr-15,detached,intact,1,0.0,2.0802818946775288,1.0621252925000002
streaming/recency,ewr-15,detached,intact,1,1.0,0.05024121643674679,0.0024500000000000632
streaming/reference,ewr-15,detached,intact,1,0.0,2.0802818946775288,1.0621252925000002
streaming/transition1,ewr-15,detached,intact,1,0.0,2.0802818946775288,1.0621252925000002
streaming/transition2,ewr-15,detached,intact,1,0.0,2.0802818946775288,1.0621252925000002
streaming/transition3,ewr-15,detached,intact,1,0.0,2.0802818946775288,1.0621252925000002
fixed/absolute,ewr-15,detached,intact,1,0.0,2.0802818946775288,1.0621252925000002
fixed/present,ewr-15,detached,intact,1,0.0,2.0802818946775288,1.0621252925000002
fixed/recency,ewr-15,detached,intact,1,0.0,6.907755278982137,1.90245
fixed/reference,ewr-15,detached,intact,1,0.0,2.0802818946775288,1.0621252925000002
fixed/transition1,ewr-15,detached,intact,1,0.0,10.819778284410283,1.4995338888210918
fixed/transition2,ewr-15,detached,intact,1,0.0,2.0802818946775288,1.0621252925000002
fixed/transition3,ewr-15,detached,intact,1,0.0,2.0802818946775288,1.0621252925000002
oracle-boundary/absolute,ewr-15,detached,intact,1,1.0,0.0009804805139614205,9.800000000392828e-07
oracle-boundary/present,ewr-15,detached,intact,1,0.0,2.0802818946775288,1.0621252925000002
oracle-boundary/recency,ewr-15,detached,intact,1,1.0,0.05024121643674679,0.0024500000000000632
oracle-boundary/reference,ewr-15,detached,intact,1,1.0,0.0009804805139614205,9.800000000392828e-07
oracle-boundary/transition1,ewr-15,detached,intact,1,0.0,0.6941076416550698,0.5000004800000002
oracle-boundary/transition2,ewr-15,detached,intact,1,1.0,0.0009804805139614205,9.800000000392828e-07
oracle-boundary/transition3,ewr-15,detached,intact,1,1.0,0.0009804805139614205,9.800000000392828e-07
repaired/absolute,ewr-15,legato,intact,0,1.0,0.0009804805139616427,9.800000000392828e-07
repaired/present,ewr-15,legato,intact,0,0.0,2.0802818946775288,1.0621252925000002
repaired/recency,ewr-15,legato,intact,0,1.0,0.05024121643674679,0.0024500000000000632
repaired/reference,ewr-15,legato,intact,0,1.0,0.0009804805139616427,9.800000000392828e-07
repaired/transition1,ewr-15,legato,intact,0,0.0,0.6946922599570363,0.5005845368380859
repaired/transition2,ewr-15,legato,intact,0,1.0,0.0009804805139616427,9.800000000392828e-07
repaired/transition3,ewr-15,legato,intact,0,1.0,0.0009804805139616427,9.800000000392828e-07
streaming/absolute,ewr-15,legato,intact,0,0.0,2.0802818946775288,1.0621252925000002
streaming/present,ewr-15,legato,intact,0,0.0,2.0802818946775288,1.0621252925000002
streaming/recency,ewr-15,legato,intact,0,0.0,6.907755278982137,1.90245
streaming/reference,ewr-15,legato,intact,0,0.0,2.0802818946775288,1.0621252925000002
streaming/transition1,ewr-15,legato,intact,0,0.0,10.819778284410283,1.99800098
streaming/transition2,ewr-15,legato,intact,0,0.0,2.0802818946775288,1.0621252925000002
streaming/transition3,ewr-15,legato,intact,0,0.0,2.0802818946775288,1.0621252925000002
fixed/absolute,ewr-15,legato,intact,0,0.0,2.0802818946775288,1.0621252925000002
fixed/present,ewr-15,legato,intact,0,0.0,2.0802818946775288,1.0621252925000002
fixed/recency,ewr-15,legato,intact,0,0.0,6.907755278982137,1.90245
fixed/reference,ewr-15,legato,intact,0,0.0,2.0802818946775288,1.0621252925000002
fixed/transition1,ewr-15,legato,intact,0,0.0,10.819778284410283,1.694248050226176
fixed/transition2,ewr-15,legato,intact,0,0.0,2.0802818946775288,1.0621252925000002
fixed/transition3,ewr-15,legato,intact,0,0.0,2.0802818946775288,1.0621252925000002
oracle-boundary/absolute,ewr-15,legato,intact,0,1.0,0.0009804805139616427,9.800000000392828e-07
oracle-boundary/present,ewr-15,legato,intact,0,0.0,2.0802818946775288,1.0621252925000002
oracle-boundary/recency,ewr-15,legato,intact,0,1.0,0.05024121643674679,0.0024500000000000632
oracle-boundary/reference,ewr-15,legato,intact,0,1.0,0.0009804805139616427,9.800000000392828e-07
oracle-boundary/transition1,ewr-15,legato,intact,0,1.0,0.6941076416550698,0.5000004800000002
oracle-boundary/transition2,ewr-15,legato,intact,0,1.0,0.0009804805139616427,9.800000000392828e-07
oracle-boundary/transition3,ewr-15,legato,intact,0,1.0,0.0009804805139616427,9.800000000392828e-07
repaired/absolute,ewr-15,legato,intact,1,1.0,0.0009804805139614205,9.800000000392828e-07
repaired/present,ewr-15,legato,intact,1,0.0,2.0802818946775288,1.0621252925000002
repaired/recency,ewr-15,legato,intact,1,1.0,0.05024121643674679,0.0024500000000000632
repaired/reference,ewr-15,legato,intact,1,1.0,0.0009804805139614205,9.800000000392828e-07
repaired/transition1,ewr-15,legato,intact,1,1.0,0.6933391730839283,0.4992327490264934
repaired/transition2,ewr-15,legato,intact,1,1.0,0.0009804805139614205,9.800000000392828e-07
repaired/transition3,ewr-15,legato,intact,1,1.0,0.0009804805139614205,9.800000000392828e-07
streaming/absolute,ewr-15,legato,intact,1,1.0,0.0009804805139614205,9.800000000392828e-07
streaming/present,ewr-15,legato,intact,1,0.0,2.0802818946775288,1.0621252925000002
streaming/recency,ewr-15,legato,intact,1,1.0,0.05024121643674679,0.0024500000000000632
streaming/reference,ewr-15,legato,intact,1,1.0,0.0009804805139614205,9.800000000392828e-07
streaming/transition1,ewr-15,legato,intact,1,1.0,0.0009804805139614205,9.800000000392828e-07
streaming/transition2,ewr-15,legato,intact,1,1.0,0.0009804805139614205,9.800000000392828e-07
streaming/transition3,ewr-15,legato,intact,1,1.0,0.0009804805139614205,9.800000000392828e-07
fixed/absolute,ewr-15,legato,intact,1,0.0,2.0802818946775288,1.0621252925000002
fixed/present,ewr-15,legato,intact,1,0.0,2.0802818946775288,1.0621252925000002
fixed/recency,ewr-15,legato,intact,1,0.0,6.907755278982137,1.90245
fixed/reference,ewr-15,legato,intact,1,0.0,2.0802818946775288,1.0621252925000002
fixed/transition1,ewr-15,legato,intact,1,0.0,10.819778284410283,1.694248050226176
fixed/transition2,ewr-15,legato,intact,1,0.0,2.0802818946775288,1.0621252925000002
fixed/transition3,ewr-15,legato,intact,1,0.0,2.0802818946775288,1.0621252925000002
oracle-boundary/absolute,ewr-15,legato,intact,1,1.0,0.0009804805139614205,9.800000000392828e-07
oracle-boundary/present,ewr-15,legato,intact,1,0.0,2.0802818946775288,1.0621252925000002
oracle-boundary/recency,ewr-15,legato,intact,1,1.0,0.05024121643674679,0.0024500000000000632
oracle-boundary/reference,ewr-15,legato,intact,1,1.0,0.0009804805139614205,9.800000000392828e-07
oracle-boundary/transition1,ewr-15,legato,intact,1,0.0,0.6941076416550698,0.5000004800000002
oracle-boundary/transition2,ewr-15,legato,intact,1,1.0,0.0009804805139614205,9.800000000392828e-07
oracle-boundary/transition3,ewr-15,legato,intact,1,1.0,0.0009804805139614205,9.800000000392828e-07
repaired/absolute,ewr-15,duration,intact,0,1.0,0.0009804805139616427,9.800000000392828e-07
repaired/present,ewr-15,duration,intact,0,0.0,2.0802818946775288,1.0621252925000002
repaired/recency,ewr-15,duration,intact,0,1.0,0.05024121643674679,0.0024500000000000632
repaired/reference,ewr-15,duration,intact,0,1.0,0.0009804805139616427,9.800000000392828e-07
repaired/transition1,ewr-15,duration,intact,0,1.0,0.6910510927717938,0.4969468704411293
repaired/transition2,ewr-15,duration,intact,0,1.0,0.0009804805139616427,9.800000000392828e-07
repaired/transition3,ewr-15,duration,intact,0,1.0,0.0009804805139616427,9.800000000392828e-07
streaming/absolute,ewr-15,duration,intact,0,0.0,2.0802818946775288,1.0621252925000002
streaming/present,ewr-15,duration,intact,0,0.0,2.0802818946775288,1.0621252925000002
streaming/recency,ewr-15,duration,intact,0,0.0,6.907755278982137,1.90245
streaming/reference,ewr-15,duration,intact,0,0.0,2.0802818946775288,1.0621252925000002
streaming/transition1,ewr-15,duration,intact,0,0.0,10.819778284410283,1.99800098
streaming/transition2,ewr-15,duration,intact,0,0.0,2.0802818946775288,1.0621252925000002
streaming/transition3,ewr-15,duration,intact,0,0.0,2.0802818946775288,1.0621252925000002
fixed/absolute,ewr-15,duration,intact,0,0.0,2.0802818946775288,1.0621252925000002
fixed/present,ewr-15,duration,intact,0,0.0,2.0802818946775288,1.0621252925000002
fixed/recency,ewr-15,duration,intact,0,0.0,2.1223490426911127,1.0444812499999996
fixed/reference,ewr-15,duration,intact,0,0.0,2.0802818946775288,1.0621252925000002
fixed/transition1,ewr-15,duration,intact,0,0.0,2.0802818946775288,1.0621252925000002
fixed/transition2,ewr-15,duration,intact,0,0.0,2.0802818946775288,1.0621252925000002
fixed/transition3,ewr-15,duration,intact,0,0.0,2.0802818946775288,1.0621252925000002
oracle-boundary/absolute,ewr-15,duration,intact,0,1.0,0.0009804805139616427,9.800000000392828e-07
oracle-boundary/present,ewr-15,duration,intact,0,0.0,2.0802818946775288,1.0621252925000002
oracle-boundary/recency,ewr-15,duration,intact,0,1.0,0.05024121643674679,0.0024500000000000632
oracle-boundary/reference,ewr-15,duration,intact,0,1.0,0.0009804805139616427,9.800000000392828e-07
oracle-boundary/transition1,ewr-15,duration,intact,0,1.0,0.6941076416550698,0.5000004800000002
oracle-boundary/transition2,ewr-15,duration,intact,0,1.0,0.0009804805139616427,9.800000000392828e-07
oracle-boundary/transition3,ewr-15,duration,intact,0,1.0,0.0009804805139616427,9.800000000392828e-07
repaired/absolute,ewr-15,duration,intact,1,1.0,0.0009804805139614205,9.800000000392828e-07
repaired/present,ewr-15,duration,intact,1,0.0,2.0802818946775288,1.0621252925000002
repaired/recency,ewr-15,duration,intact,1,1.0,0.05024121643674679,0.0024500000000000632
repaired/reference,ewr-15,duration,intact,1,1.0,0.0009804805139614205,9.800000000392828e-07
repaired/transition1,ewr-15,duration,intact,1,1.0,0.6905617939162726,0.4964580451103173
repaired/transition2,ewr-15,duration,intact,1,1.0,0.0009804805139614205,9.800000000392828e-07
repaired/transition3,ewr-15,duration,intact,1,1.0,0.0009804805139614205,9.800000000392828e-07
streaming/absolute,ewr-15,duration,intact,1,0.0,2.0802818946775288,1.0621252925000002
streaming/present,ewr-15,duration,intact,1,0.0,2.0802818946775288,1.0621252925000002
streaming/recency,ewr-15,duration,intact,1,1.0,0.05024121643674679,0.0024500000000000632
streaming/reference,ewr-15,duration,intact,1,1.0,0.0009804805139614205,9.800000000392828e-07
streaming/transition1,ewr-15,duration,intact,1,1.0,0.0009804805139614205,9.800000000392828e-07
streaming/transition2,ewr-15,duration,intact,1,0.0,2.0802818946775288,1.0621252925000002
streaming/transition3,ewr-15,duration,intact,1,0.0,2.0802818946775288,1.0621252925000002
fixed/absolute,ewr-15,duration,intact,1,0.0,2.0802818946775288,1.0621252925000002
fixed/present,ewr-15,duration,intact,1,0.0,2.0802818946775288,1.0621252925000002
fixed/recency,ewr-15,duration,intact,1,0.0,2.1223490426911127,1.0444812499999996
fixed/reference,ewr-15,duration,intact,1,0.0,2.0802818946775288,1.0621252925000002
fixed/transition1,ewr-15,duration,intact,1,0.0,2.0802818946775288,1.0621252925000002
fixed/transition2,ewr-15,duration,intact,1,0.0,2.0802818946775288,1.0621252925000002
fixed/transition3,ewr-15,duration,intact,1,0.0,2.0802818946775288,1.0621252925000002
oracle-boundary/absolute,ewr-15,duration,intact,1,1.0,0.0009804805139614205,9.800000000392828e-07
oracle-boundary/present,ewr-15,duration,intact,1,0.0,2.0802818946775288,1.0621252925000002
oracle-boundary/recency,ewr-15,duration,intact,1,1.0,0.05024121643674679,0.0024500000000000632
oracle-boundary/reference,ewr-15,duration,intact,1,1.0,0.0009804805139614205,9.800000000392828e-07
oracle-boundary/transition1,ewr-15,duration,intact,1,0.0,0.6941076416550698,0.5000004800000002
oracle-boundary/transition2,ewr-15,duration,intact,1,1.0,0.0009804805139614205,9.800000000392828e-07
oracle-boundary/transition3,ewr-15,duration,intact,1,1.0,0.0009804805139614205,9.800000000392828e-07
repaired/absolute,ewr-15,joint,intact,0,1.0,0.0009804805139616427,9.800000000392828e-07
repaired/present,ewr-15,joint,intact,0,0.0,2.0802818946775288,1.0621252925000002
repaired/recency,ewr-15,joint,intact,0,1.0,0.05024121643674679,0.0024500000000000632
repaired/reference,ewr-15,joint,intact,0,1.0,0.0009804805139616427,9.800000000392828e-07
repaired/transition1,ewr-15,joint,intact,0,1.0,0.6805546341887498,0.4864612316412469
repaired/transition2,ewr-15,joint,intact,0,1.0,0.0009804805139616427,9.800000000392828e-07
repaired/transition3,ewr-15,joint,intact,0,1.0,0.0009804805139616427,9.800000000392828e-07
streaming/absolute,ewr-15,joint,intact,0,0.0,2.0802818946775288,1.0621252925000002
streaming/present,ewr-15,joint,intact,0,0.0,2.0802818946775288,1.0621252925000002
streaming/recency,ewr-15,joint,intact,0,0.0,2.1223490426911127,1.0444812499999996
streaming/reference,ewr-15,joint,intact,0,0.0,2.0802818946775288,1.0621252925000002
streaming/transition1,ewr-15,joint,intact,0,0.0,2.0802818946775288,1.0621252925000002
streaming/transition2,ewr-15,joint,intact,0,0.0,2.0802818946775288,1.0621252925000002
streaming/transition3,ewr-15,joint,intact,0,0.0,2.0802818946775288,1.0621252925000002
fixed/absolute,ewr-15,joint,intact,0,0.0,2.0802818946775288,1.0621252925000002
fixed/present,ewr-15,joint,intact,0,0.0,2.0802818946775288,1.0621252925000002
fixed/recency,ewr-15,joint,intact,0,0.0,2.1223490426911127,1.0444812499999996
fixed/reference,ewr-15,joint,intact,0,0.0,2.0802818946775288,1.0621252925000002
fixed/transition1,ewr-15,joint,intact,0,0.0,2.0802818946775288,1.0621252925000002
fixed/transition2,ewr-15,joint,intact,0,0.0,2.0802818946775288,1.0621252925000002
fixed/transition3,ewr-15,joint,intact,0,0.0,2.0802818946775288,1.0621252925000002
oracle-boundary/absolute,ewr-15,joint,intact,0,1.0,0.0009804805139616427,9.800000000392828e-07
oracle-boundary/present,ewr-15,joint,intact,0,0.0,2.0802818946775288,1.0621252925000002
oracle-boundary/recency,ewr-15,joint,intact,0,1.0,0.05024121643674679,0.0024500000000000632
oracle-boundary/reference,ewr-15,joint,intact,0,1.0,0.0009804805139616427,9.800000000392828e-07
oracle-boundary/transition1,ewr-15,joint,intact,0,1.0,0.6941076416550698,0.5000004800000002
oracle-boundary/transition2,ewr-15,joint,intact,0,1.0,0.0009804805139616427,9.800000000392828e-07
oracle-boundary/transition3,ewr-15,joint,intact,0,1.0,0.0009804805139616427,9.800000000392828e-07
repaired/absolute,ewr-15,joint,intact,1,1.0,0.0009804805139614205,9.800000000392828e-07
repaired/present,ewr-15,joint,intact,1,0.0,2.0802818946775288,1.0621252925000002
repaired/recency,ewr-15,joint,intact,1,1.0,0.05024121643674679,0.0024500000000000632
repaired/reference,ewr-15,joint,intact,1,1.0,0.0009804805139614205,9.800000000392828e-07
repaired/transition1,ewr-15,joint,intact,1,1.0,0.6805546341887498,0.4864612316412469
repaired/transition2,ewr-15,joint,intact,1,1.0,0.0009804805139614205,9.800000000392828e-07
repaired/transition3,ewr-15,joint,intact,1,1.0,0.0009804805139614205,9.800000000392828e-07
streaming/absolute,ewr-15,joint,intact,1,0.0,2.0802818946775288,1.0621252925000002
streaming/present,ewr-15,joint,intact,1,0.0,2.0802818946775288,1.0621252925000002
streaming/recency,ewr-15,joint,intact,1,0.0,2.1223490426911127,1.0444812499999996
streaming/reference,ewr-15,joint,intact,1,0.0,2.0802818946775288,1.0621252925000002
streaming/transition1,ewr-15,joint,intact,1,0.0,2.0802818946775288,1.0621252925000002
streaming/transition2,ewr-15,joint,intact,1,0.0,2.0802818946775288,1.0621252925000002
streaming/transition3,ewr-15,joint,intact,1,0.0,2.0802818946775288,1.0621252925000002
fixed/absolute,ewr-15,joint,intact,1,0.0,2.0802818946775288,1.0621252925000002
fixed/present,ewr-15,joint,intact,1,0.0,2.0802818946775288,1.0621252925000002
fixed/recency,ewr-15,joint,intact,1,0.0,2.1223490426911127,1.0444812499999996
fixed/reference,ewr-15,joint,intact,1,0.0,2.0802818946775288,1.0621252925000002
fixed/transition1,ewr-15,joint,intact,1,0.0,2.0802818946775288,1.0621252925000002
fixed/transition2,ewr-15,joint,intact,1,0.0,2.0802818946775288,1.0621252925000002
fixed/transition3,ewr-15,joint,intact,1,0.0,2.0802818946775288,1.0621252925000002
oracle-boundary/absolute,ewr-15,joint,intact,1,1.0,0.0009804805139614205,9.800000000392828e-07
oracle-boundary/present,ewr-15,joint,intact,1,0.0,2.0802818946775288,1.0621252925000002
oracle-boundary/recency,ewr-15,joint,intact,1,1.0,0.05024121643674679,0.0024500000000000632
oracle-boundary/reference,ewr-15,joint,intact,1,1.0,0.0009804805139614205,9.800000000392828e-07
oracle-boundary/transition1,ewr-15,joint,intact,1,0.0,0.6941076416550698,0.5000004800000002
oracle-boundary/transition2,ewr-15,joint,intact,1,1.0,0.0009804805139614205,9.800000000392828e-07
oracle-boundary/transition3,ewr-15,joint,intact,1,1.0,0.0009804805139614205,9.800000000392828e-07
repaired/absolute,ewr-15,joint,reset,0,0.0,2.0802818946775288,1.0621252925000002
repaired/present,ewr-15,joint,reset,0,0.0,2.0802818946775288,1.0621252925000002
repaired/recency,ewr-15,joint,reset,0,0.0,2.1223490426911127,1.0444812499999996
repaired/reference,ewr-15,joint,reset,0,0.0,2.0802818946775288,1.0621252925000002
repaired/transition1,ewr-15,joint,reset,0,0.0,2.0802818946775288,1.0621252925000002
repaired/transition2,ewr-15,joint,reset,0,0.0,2.0802818946775288,1.0621252925000002
repaired/transition3,ewr-15,joint,reset,0,0.0,2.0802818946775288,1.0621252925000002
streaming/absolute,ewr-15,joint,reset,0,0.0,2.0802818946775288,1.0621252925000002
streaming/present,ewr-15,joint,reset,0,0.0,2.0802818946775288,1.0621252925000002
streaming/recency,ewr-15,joint,reset,0,0.0,2.1223490426911127,1.0444812499999996
streaming/reference,ewr-15,joint,reset,0,0.0,2.0802818946775288,1.0621252925000002
streaming/transition1,ewr-15,joint,reset,0,0.0,2.0802818946775288,1.0621252925000002
streaming/transition2,ewr-15,joint,reset,0,0.0,2.0802818946775288,1.0621252925000002
streaming/transition3,ewr-15,joint,reset,0,0.0,2.0802818946775288,1.0621252925000002
fixed/absolute,ewr-15,joint,reset,0,0.0,2.0802818946775288,1.0621252925000002
fixed/present,ewr-15,joint,reset,0,0.0,2.0802818946775288,1.0621252925000002
fixed/recency,ewr-15,joint,reset,0,0.0,2.1223490426911127,1.0444812499999996
fixed/reference,ewr-15,joint,reset,0,0.0,2.0802818946775288,1.0621252925000002
fixed/transition1,ewr-15,joint,reset,0,0.0,2.0802818946775288,1.0621252925000002
fixed/transition2,ewr-15,joint,reset,0,0.0,2.0802818946775288,1.0621252925000002
fixed/transition3,ewr-15,joint,reset,0,0.0,2.0802818946775288,1.0621252925000002
oracle-boundary/absolute,ewr-15,joint,reset,0,0.0,2.0802818946775288,1.0621252925000002
oracle-boundary/present,ewr-15,joint,reset,0,0.0,2.0802818946775288,1.0621252925000002
oracle-boundary/recency,ewr-15,joint,reset,0,0.0,2.1223490426911127,1.0444812499999996
oracle-boundary/reference,ewr-15,joint,reset,0,0.0,2.0802818946775288,1.0621252925000002
oracle-boundary/transition1,ewr-15,joint,reset,0,0.0,2.0802818946775288,1.0621252925000002
oracle-boundary/transition2,ewr-15,joint,reset,0,0.0,2.0802818946775288,1.0621252925000002
oracle-boundary/transition3,ewr-15,joint,reset,0,0.0,2.0802818946775288,1.0621252925000002
repaired/absolute,ewr-15,joint,reset,1,0.0,2.0802818946775288,1.0621252925000002
repaired/present,ewr-15,joint,reset,1,0.0,2.0802818946775288,1.0621252925000002
repaired/recency,ewr-15,joint,reset,1,0.0,2.1223490426911127,1.0444812499999996
repaired/reference,ewr-15,joint,reset,1,0.0,2.0802818946775288,1.0621252925000002
repaired/transition1,ewr-15,joint,reset,1,0.0,2.0802818946775288,1.0621252925000002
repaired/transition2,ewr-15,joint,reset,1,0.0,2.0802818946775288,1.0621252925000002
repaired/transition3,ewr-15,joint,reset,1,0.0,2.0802818946775288,1.0621252925000002
streaming/absolute,ewr-15,joint,reset,1,0.0,2.0802818946775288,1.0621252925000002
streaming/present,ewr-15,joint,reset,1,0.0,2.0802818946775288,1.0621252925000002
streaming/recency,ewr-15,joint,reset,1,0.0,2.1223490426911127,1.0444812499999996
streaming/reference,ewr-15,joint,reset,1,0.0,2.0802818946775288,1.0621252925000002
streaming/transition1,ewr-15,joint,reset,1,0.0,2.0802818946775288,1.0621252925000002
streaming/transition2,ewr-15,joint,reset,1,0.0,2.0802818946775288,1.0621252925000002
streaming/transition3,ewr-15,joint,reset,1,0.0,2.0802818946775288,1.0621252925000002
fixed/absolute,ewr-15,joint,reset,1,0.0,2.0802818946775288,1.0621252925000002
fixed/present,ewr-15,joint,reset,1,0.0,2.0802818946775288,1.0621252925000002
fixed/recency,ewr-15,joint,reset,1,0.0,2.1223490426911127,1.0444812499999996
fixed/reference,ewr-15,joint,reset,1,0.0,2.0802818946775288,1.0621252925000002
fixed/transition1,ewr-15,joint,reset,1,0.0,2.0802818946775288,1.0621252925000002
fixed/transition2,ewr-15,joint,reset,1,0.0,2.0802818946775288,1.0621252925000002
fixed/transition3,ewr-15,joint,reset,1,0.0,2.0802818946775288,1.0621252925000002
oracle-boundary/absolute,ewr-15,joint,reset,1,0.0,2.0802818946775288,1.0621252925000002
oracle-boundary/present,ewr-15,joint,reset,1,0.0,2.0802818946775288,1.0621252925000002
oracle-boundary/recency,ewr-15,joint,reset,1,0.0,2.1223490426911127,1.0444812499999996
oracle-boundary/reference,ewr-15,joint,reset,1,0.0,2.0802818946775288,1.0621252925000002
oracle-boundary/transition1,ewr-15,joint,reset,1,0.0,2.0802818946775288,1.0621252925000002
oracle-boundary/transition2,ewr-15,joint,reset,1,0.0,2.0802818946775288,1.0621252925000002
oracle-boundary/transition3,ewr-15,joint,reset,1,0.0,2.0802818946775288,1.0621252925000002
repaired/absolute,ewr-15,joint,removal,0,0.0,2.0802818946775288,1.0621252925000002
repaired/present,ewr-15,joint,removal,0,0.0,2.0802818946775288,1.0621252925000002
repaired/recency,ewr-15,joint,removal,0,0.0,2.1223490426911127,1.0444812499999996
repaired/reference,ewr-15,joint,removal,0,0.0,2.0802818946775288,1.0621252925000002
repaired/transition1,ewr-15,joint,removal,0,0.0,2.0802818946775288,1.0621252925000002
repaired/transition2,ewr-15,joint,removal,0,0.0,2.0802818946775288,1.0621252925000002
repaired/transition3,ewr-15,joint,removal,0,0.0,2.0802818946775288,1.0621252925000002
streaming/absolute,ewr-15,joint,removal,0,0.0,2.0802818946775288,1.0621252925000002
streaming/present,ewr-15,joint,removal,0,0.0,2.0802818946775288,1.0621252925000002
streaming/recency,ewr-15,joint,removal,0,0.0,2.1223490426911127,1.0444812499999996
streaming/reference,ewr-15,joint,removal,0,0.0,2.0802818946775288,1.0621252925000002
streaming/transition1,ewr-15,joint,removal,0,0.0,2.0802818946775288,1.0621252925000002
streaming/transition2,ewr-15,joint,removal,0,0.0,2.0802818946775288,1.0621252925000002
streaming/transition3,ewr-15,joint,removal,0,0.0,2.0802818946775288,1.0621252925000002
fixed/absolute,ewr-15,joint,removal,0,0.0,2.0802818946775288,1.0621252925000002
fixed/present,ewr-15,joint,removal,0,0.0,2.0802818946775288,1.0621252925000002
fixed/recency,ewr-15,joint,removal,0,0.0,2.1223490426911127,1.0444812499999996
fixed/reference,ewr-15,joint,removal,0,0.0,2.0802818946775288,1.0621252925000002
fixed/transition1,ewr-15,joint,removal,0,0.0,2.0802818946775288,1.0621252925000002
fixed/transition2,ewr-15,joint,removal,0,0.0,2.0802818946775288,1.0621252925000002
fixed/transition3,ewr-15,joint,removal,0,0.0,2.0802818946775288,1.0621252925000002
oracle-boundary/absolute,ewr-15,joint,removal,0,0.0,2.0802818946775288,1.0621252925000002
oracle-boundary/present,ewr-15,joint,removal,0,0.0,2.0802818946775288,1.0621252925000002
oracle-boundary/recency,ewr-15,joint,removal,0,0.0,2.1223490426911127,1.0444812499999996
oracle-boundary/reference,ewr-15,joint,removal,0,0.0,2.0802818946775288,1.0621252925000002
oracle-boundary/transition1,ewr-15,joint,removal,0,0.0,2.0802818946775288,1.0621252925000002
oracle-boundary/transition2,ewr-15,joint,removal,0,0.0,2.0802818946775288,1.0621252925000002
oracle-boundary/transition3,ewr-15,joint,removal,0,0.0,2.0802818946775288,1.0621252925000002
repaired/absolute,ewr-15,joint,removal,1,0.0,2.0802818946775288,1.0621252925000002
repaired/present,ewr-15,joint,removal,1,0.0,2.0802818946775288,1.0621252925000002
repaired/recency,ewr-15,joint,removal,1,0.0,2.1223490426911127,1.0444812499999996
repaired/reference,ewr-15,joint,removal,1,0.0,2.0802818946775288,1.0621252925000002
repaired/transition1,ewr-15,joint,removal,1,0.0,2.0802818946775288,1.0621252925000002
repaired/transition2,ewr-15,joint,removal,1,0.0,2.0802818946775288,1.0621252925000002
repaired/transition3,ewr-15,joint,removal,1,0.0,2.0802818946775288,1.0621252925000002
streaming/absolute,ewr-15,joint,removal,1,0.0,2.0802818946775288,1.0621252925000002
streaming/present,ewr-15,joint,removal,1,0.0,2.0802818946775288,1.0621252925000002
streaming/recency,ewr-15,joint,removal,1,0.0,2.1223490426911127,1.0444812499999996
streaming/reference,ewr-15,joint,removal,1,0.0,2.0802818946775288,1.0621252925000002
streaming/transition1,ewr-15,joint,removal,1,0.0,2.0802818946775288,1.0621252925000002
streaming/transition2,ewr-15,joint,removal,1,0.0,2.0802818946775288,1.0621252925000002
streaming/transition3,ewr-15,joint,removal,1,0.0,2.0802818946775288,1.0621252925000002
fixed/absolute,ewr-15,joint,removal,1,0.0,2.0802818946775288,1.0621252925000002
fixed/present,ewr-15,joint,removal,1,0.0,2.0802818946775288,1.0621252925000002
fixed/recency,ewr-15,joint,removal,1,0.0,2.1223490426911127,1.0444812499999996
fixed/reference,ewr-15,joint,removal,1,0.0,2.0802818946775288,1.0621252925000002
fixed/transition1,ewr-15,joint,removal,1,0.0,2.0802818946775288,1.0621252925000002
fixed/transition2,ewr-15,joint,removal,1,0.0,2.0802818946775288,1.0621252925000002
fixed/transition3,ewr-15,joint,removal,1,0.0,2.0802818946775288,1.0621252925000002
oracle-boundary/absolute,ewr-15,joint,removal,1,0.0,2.0802818946775288,1.0621252925000002
oracle-boundary/present,ewr-15,joint,removal,1,0.0,2.0802818946775288,1.0621252925000002
oracle-boundary/recency,ewr-15,joint,removal,1,0.0,2.1223490426911127,1.0444812499999996
oracle-boundary/reference,ewr-15,joint,removal,1,0.0,2.0802818946775288,1.0621252925000002
oracle-boundary/transition1,ewr-15,joint,removal,1,0.0,2.0802818946775288,1.0621252925000002
oracle-boundary/transition2,ewr-15,joint,removal,1,0.0,2.0802818946775288,1.0621252925000002
oracle-boundary/transition3,ewr-15,joint,removal,1,0.0,2.0802818946775288,1.0621252925000002
repaired/absolute,ewr-15,joint,swap,0,1.0,0.0009804805139614205,9.800000000392828e-07
repaired/present,ewr-15,joint,swap,0,0.0,2.0802818946775288,1.0621252925000002
repaired/recency,ewr-15,joint,swap,0,1.0,0.05024121643674679,0.0024500000000000632
repaired/reference,ewr-15,joint,swap,0,1.0,0.0009804805139614205,9.800000000392828e-07
repaired/transition1,ewr-15,joint,swap,0,1.0,0.6805546341887498,0.4864612316412469
repaired/transition2,ewr-15,joint,swap,0,1.0,0.0009804805139614205,9.800000000392828e-07
repaired/transition3,ewr-15,joint,swap,0,1.0,0.0009804805139614205,9.800000000392828e-07
streaming/absolute,ewr-15,joint,swap,0,0.0,2.0802818946775288,1.0621252925000002
streaming/present,ewr-15,joint,swap,0,0.0,2.0802818946775288,1.0621252925000002
streaming/recency,ewr-15,joint,swap,0,0.0,2.1223490426911127,1.0444812499999996
streaming/reference,ewr-15,joint,swap,0,0.0,2.0802818946775288,1.0621252925000002
streaming/transition1,ewr-15,joint,swap,0,0.0,2.0802818946775288,1.0621252925000002
streaming/transition2,ewr-15,joint,swap,0,0.0,2.0802818946775288,1.0621252925000002
streaming/transition3,ewr-15,joint,swap,0,0.0,2.0802818946775288,1.0621252925000002
fixed/absolute,ewr-15,joint,swap,0,0.0,2.0802818946775288,1.0621252925000002
fixed/present,ewr-15,joint,swap,0,0.0,2.0802818946775288,1.0621252925000002
fixed/recency,ewr-15,joint,swap,0,0.0,2.1223490426911127,1.0444812499999996
fixed/reference,ewr-15,joint,swap,0,0.0,2.0802818946775288,1.0621252925000002
fixed/transition1,ewr-15,joint,swap,0,0.0,2.0802818946775288,1.0621252925000002
fixed/transition2,ewr-15,joint,swap,0,0.0,2.0802818946775288,1.0621252925000002
fixed/transition3,ewr-15,joint,swap,0,0.0,2.0802818946775288,1.0621252925000002
oracle-boundary/absolute,ewr-15,joint,swap,0,1.0,0.0009804805139614205,9.800000000392828e-07
oracle-boundary/present,ewr-15,joint,swap,0,0.0,2.0802818946775288,1.0621252925000002
oracle-boundary/recency,ewr-15,joint,swap,0,1.0,0.05024121643674679,0.0024500000000000632
oracle-boundary/reference,ewr-15,joint,swap,0,1.0,0.0009804805139614205,9.800000000392828e-07
oracle-boundary/transition1,ewr-15,joint,swap,0,0.0,0.6941076416550698,0.5000004800000002
oracle-boundary/transition2,ewr-15,joint,swap,0,1.0,0.0009804805139614205,9.800000000392828e-07
oracle-boundary/transition3,ewr-15,joint,swap,0,1.0,0.0009804805139614205,9.800000000392828e-07
repaired/absolute,ewr-15,joint,swap,1,1.0,0.0009804805139616427,9.800000000392828e-07
repaired/present,ewr-15,joint,swap,1,0.0,2.0802818946775288,1.0621252925000002
repaired/recency,ewr-15,joint,swap,1,1.0,0.05024121643674679,0.0024500000000000632
repaired/reference,ewr-15,joint,swap,1,1.0,0.0009804805139616427,9.800000000392828e-07
repaired/transition1,ewr-15,joint,swap,1,1.0,0.6805546341887498,0.4864612316412469
repaired/transition2,ewr-15,joint,swap,1,1.0,0.0009804805139616427,9.800000000392828e-07
repaired/transition3,ewr-15,joint,swap,1,1.0,0.0009804805139616427,9.800000000392828e-07
streaming/absolute,ewr-15,joint,swap,1,0.0,2.0802818946775288,1.0621252925000002
streaming/present,ewr-15,joint,swap,1,0.0,2.0802818946775288,1.0621252925000002
streaming/recency,ewr-15,joint,swap,1,0.0,2.1223490426911127,1.0444812499999996
streaming/reference,ewr-15,joint,swap,1,0.0,2.0802818946775288,1.0621252925000002
streaming/transition1,ewr-15,joint,swap,1,0.0,2.0802818946775288,1.0621252925000002
streaming/transition2,ewr-15,joint,swap,1,0.0,2.0802818946775288,1.0621252925000002
streaming/transition3,ewr-15,joint,swap,1,0.0,2.0802818946775288,1.0621252925000002
fixed/absolute,ewr-15,joint,swap,1,0.0,2.0802818946775288,1.0621252925000002
fixed/present,ewr-15,joint,swap,1,0.0,2.0802818946775288,1.0621252925000002
fixed/recency,ewr-15,joint,swap,1,0.0,2.1223490426911127,1.0444812499999996
fixed/reference,ewr-15,joint,swap,1,0.0,2.0802818946775288,1.0621252925000002
fixed/transition1,ewr-15,joint,swap,1,0.0,2.0802818946775288,1.0621252925000002
fixed/transition2,ewr-15,joint,swap,1,0.0,2.0802818946775288,1.0621252925000002
fixed/transition3,ewr-15,joint,swap,1,0.0,2.0802818946775288,1.0621252925000002
oracle-boundary/absolute,ewr-15,joint,swap,1,1.0,0.0009804805139616427,9.800000000392828e-07
oracle-boundary/present,ewr-15,joint,swap,1,0.0,2.0802818946775288,1.0621252925000002
oracle-boundary/recency,ewr-15,joint,swap,1,1.0,0.05024121643674679,0.0024500000000000632
oracle-boundary/reference,ewr-15,joint,swap,1,1.0,0.0009804805139616427,9.800000000392828e-07
oracle-boundary/transition1,ewr-15,joint,swap,1,1.0,0.6941076416550698,0.5000004800000002
oracle-boundary/transition2,ewr-15,joint,swap,1,1.0,0.0009804805139616427,9.800000000392828e-07
oracle-boundary/transition3,ewr-15,joint,swap,1,1.0,0.0009804805139616427,9.800000000392828e-07
repaired/absolute,ewr-15,joint,shuffle,0,1.0,0.0009804805139616427,9.800000000392828e-07
repaired/present,ewr-15,joint,shuffle,0,0.0,2.0802818946775288,1.0621252925000002
repaired/recency,ewr-15,joint,shuffle,0,0.0,6.907755278982137,1.90245
repaired/reference,ewr-15,joint,shuffle,0,1.0,0.0009804805139616427,9.800000000392828e-07
repaired/transition1,ewr-15,joint,shuffle,0,0.0,0.7078468597360844,0.513725564317828
repaired/transition2,ewr-15,joint,shuffle,0,1.0,0.0009804805139616427,9.800000000392828e-07
repaired/transition3,ewr-15,joint,shuffle,0,1.0,0.0009804805139616427,9.800000000392828e-07
streaming/absolute,ewr-15,joint,shuffle,0,0.0,2.0802818946775288,1.0621252925000002
streaming/present,ewr-15,joint,shuffle,0,0.0,2.0802818946775288,1.0621252925000002
streaming/recency,ewr-15,joint,shuffle,0,0.0,2.1223490426911127,1.0444812499999996
streaming/reference,ewr-15,joint,shuffle,0,0.0,2.0802818946775288,1.0621252925000002
streaming/transition1,ewr-15,joint,shuffle,0,0.0,2.0802818946775288,1.0621252925000002
streaming/transition2,ewr-15,joint,shuffle,0,0.0,2.0802818946775288,1.0621252925000002
streaming/transition3,ewr-15,joint,shuffle,0,0.0,2.0802818946775288,1.0621252925000002
fixed/absolute,ewr-15,joint,shuffle,0,0.0,2.0802818946775288,1.0621252925000002
fixed/present,ewr-15,joint,shuffle,0,0.0,2.0802818946775288,1.0621252925000002
fixed/recency,ewr-15,joint,shuffle,0,0.0,2.1223490426911127,1.0444812499999996
fixed/reference,ewr-15,joint,shuffle,0,0.0,2.0802818946775288,1.0621252925000002
fixed/transition1,ewr-15,joint,shuffle,0,0.0,2.0802818946775288,1.0621252925000002
fixed/transition2,ewr-15,joint,shuffle,0,0.0,2.0802818946775288,1.0621252925000002
fixed/transition3,ewr-15,joint,shuffle,0,0.0,2.0802818946775288,1.0621252925000002
oracle-boundary/absolute,ewr-15,joint,shuffle,0,1.0,0.0009804805139616427,9.800000000392828e-07
oracle-boundary/present,ewr-15,joint,shuffle,0,0.0,2.0802818946775288,1.0621252925000002
oracle-boundary/recency,ewr-15,joint,shuffle,0,0.0,6.907755278982137,1.90245
oracle-boundary/reference,ewr-15,joint,shuffle,0,1.0,0.0009804805139616427,9.800000000392828e-07
oracle-boundary/transition1,ewr-15,joint,shuffle,0,1.0,0.6941076416550698,0.5000004800000002
oracle-boundary/transition2,ewr-15,joint,shuffle,0,1.0,0.0009804805139616427,9.800000000392828e-07
oracle-boundary/transition3,ewr-15,joint,shuffle,0,1.0,0.0009804805139616427,9.800000000392828e-07
repaired/absolute,ewr-15,joint,shuffle,1,1.0,0.0009804805139614205,9.800000000392828e-07
repaired/present,ewr-15,joint,shuffle,1,0.0,2.0802818946775288,1.0621252925000002
repaired/recency,ewr-15,joint,shuffle,1,0.0,6.907755278982137,1.90245
repaired/reference,ewr-15,joint,shuffle,1,1.0,0.0009804805139614205,9.800000000392828e-07
repaired/transition1,ewr-15,joint,shuffle,1,0.0,0.7078468597360844,0.513725564317828
repaired/transition2,ewr-15,joint,shuffle,1,1.0,0.0009804805139614205,9.800000000392828e-07
repaired/transition3,ewr-15,joint,shuffle,1,1.0,0.0009804805139614205,9.800000000392828e-07
streaming/absolute,ewr-15,joint,shuffle,1,0.0,2.0802818946775288,1.0621252925000002
streaming/present,ewr-15,joint,shuffle,1,0.0,2.0802818946775288,1.0621252925000002
streaming/recency,ewr-15,joint,shuffle,1,0.0,2.1223490426911127,1.0444812499999996
streaming/reference,ewr-15,joint,shuffle,1,0.0,2.0802818946775288,1.0621252925000002
streaming/transition1,ewr-15,joint,shuffle,1,0.0,2.0802818946775288,1.0621252925000002
streaming/transition2,ewr-15,joint,shuffle,1,0.0,2.0802818946775288,1.0621252925000002
streaming/transition3,ewr-15,joint,shuffle,1,0.0,2.0802818946775288,1.0621252925000002
fixed/absolute,ewr-15,joint,shuffle,1,0.0,2.0802818946775288,1.0621252925000002
fixed/present,ewr-15,joint,shuffle,1,0.0,2.0802818946775288,1.0621252925000002
fixed/recency,ewr-15,joint,shuffle,1,0.0,2.1223490426911127,1.0444812499999996
fixed/reference,ewr-15,joint,shuffle,1,0.0,2.0802818946775288,1.0621252925000002
fixed/transition1,ewr-15,joint,shuffle,1,0.0,2.0802818946775288,1.0621252925000002
fixed/transition2,ewr-15,joint,shuffle,1,0.0,2.0802818946775288,1.0621252925000002
fixed/transition3,ewr-15,joint,shuffle,1,0.0,2.0802818946775288,1.0621252925000002
oracle-boundary/absolute,ewr-15,joint,shuffle,1,1.0,0.0009804805139614205,9.800000000392828e-07
oracle-boundary/present,ewr-15,joint,shuffle,1,0.0,2.0802818946775288,1.0621252925000002
oracle-boundary/recency,ewr-15,joint,shuffle,1,0.0,6.907755278982137,1.90245
oracle-boundary/reference,ewr-15,joint,shuffle,1,1.0,0.0009804805139614205,9.800000000392828e-07
oracle-boundary/transition1,ewr-15,joint,shuffle,1,0.0,0.6941076416550698,0.5000004800000002
oracle-boundary/transition2,ewr-15,joint,shuffle,1,1.0,0.0009804805139614205,9.800000000392828e-07
oracle-boundary/transition3,ewr-15,joint,shuffle,1,1.0,0.0009804805139614205,9.800000000392828e-07
repaired/absolute,ewr-15,joint,ambiguous,0,1.0,0.6942007469624172,0.5000933979795374
repaired/present,ewr-15,joint,ambiguous,0,0.0,2.0802818946775288,1.0621252925
repaired/recency,ewr-15,joint,ambiguous,0,1.0,3.4789982477094417,0.95245
repaired/reference,ewr-15,joint,ambiguous,0,1.0,0.6941366060725385,0.5000293879951694
repaired/transition1,ewr-15,joint,ambiguous,0,1.0,0.6942007469624172,0.5000933979795374
repaired/transition2,ewr-15,joint,ambiguous,0,1.0,0.6942007469624172,0.5000933979795374
repaired/transition3,ewr-15,joint,ambiguous,0,1.0,0.6942007469624172,0.5000933979795374
streaming/absolute,ewr-15,joint,ambiguous,0,0.0,2.0802818946775288,1.0621252925
streaming/present,ewr-15,joint,ambiguous,0,0.0,2.0802818946775288,1.0621252925
streaming/recency,ewr-15,joint,ambiguous,0,0.0,2.1223490426911127,1.04448125
streaming/reference,ewr-15,joint,ambiguous,0,0.0,2.0802818946775288,1.0621252925
streaming/transition1,ewr-15,joint,ambiguous,0,0.0,2.0802818946775288,1.0621252925
streaming/transition2,ewr-15,joint,ambiguous,0,0.0,2.0802818946775288,1.0621252925
streaming/transition3,ewr-15,joint,ambiguous,0,0.0,2.0802818946775288,1.0621252925
fixed/absolute,ewr-15,joint,ambiguous,0,0.0,2.0802818946775288,1.0621252925
fixed/present,ewr-15,joint,ambiguous,0,0.0,2.0802818946775288,1.0621252925
fixed/recency,ewr-15,joint,ambiguous,0,0.0,2.1223490426911127,1.04448125
fixed/reference,ewr-15,joint,ambiguous,0,0.0,2.0802818946775288,1.0621252925
fixed/transition1,ewr-15,joint,ambiguous,0,0.0,2.0802818946775288,1.0621252925
fixed/transition2,ewr-15,joint,ambiguous,0,0.0,2.0802818946775288,1.0621252925
fixed/transition3,ewr-15,joint,ambiguous,0,0.0,2.0802818946775288,1.0621252925
oracle-boundary/absolute,ewr-15,joint,ambiguous,0,1.0,0.6941076416550698,0.50000048
oracle-boundary/present,ewr-15,joint,ambiguous,0,0.0,2.0802818946775288,1.0621252925
oracle-boundary/recency,ewr-15,joint,ambiguous,0,1.0,3.4789982477094417,0.95245
oracle-boundary/reference,ewr-15,joint,ambiguous,0,1.0,0.6941076416550698,0.50000048
oracle-boundary/transition1,ewr-15,joint,ambiguous,0,1.0,0.6941076416550698,0.50000048
oracle-boundary/transition2,ewr-15,joint,ambiguous,0,1.0,0.6941076416550698,0.50000048
oracle-boundary/transition3,ewr-15,joint,ambiguous,0,1.0,0.6941076416550698,0.50000048
repaired/absolute,ewr-15,joint,ambiguous,1,0.0,0.6942007469624172,0.5000933979795374
repaired/present,ewr-15,joint,ambiguous,1,0.0,2.0802818946775288,1.0621252925
repaired/recency,ewr-15,joint,ambiguous,1,0.0,3.4789982477094417,0.95245
repaired/reference,ewr-15,joint,ambiguous,1,0.0,0.6941366060725385,0.5000293879951694
repaired/transition1,ewr-15,joint,ambiguous,1,0.0,0.6942007469624172,0.5000933979795374
repaired/transition2,ewr-15,joint,ambiguous,1,0.0,0.6942007469624172,0.5000933979795374
repaired/transition3,ewr-15,joint,ambiguous,1,0.0,0.6942007469624172,0.5000933979795374
streaming/absolute,ewr-15,joint,ambiguous,1,0.0,2.0802818946775288,1.0621252925
streaming/present,ewr-15,joint,ambiguous,1,0.0,2.0802818946775288,1.0621252925
streaming/recency,ewr-15,joint,ambiguous,1,0.0,2.1223490426911127,1.04448125
streaming/reference,ewr-15,joint,ambiguous,1,0.0,2.0802818946775288,1.0621252925
streaming/transition1,ewr-15,joint,ambiguous,1,0.0,2.0802818946775288,1.0621252925
streaming/transition2,ewr-15,joint,ambiguous,1,0.0,2.0802818946775288,1.0621252925
streaming/transition3,ewr-15,joint,ambiguous,1,0.0,2.0802818946775288,1.0621252925
fixed/absolute,ewr-15,joint,ambiguous,1,0.0,2.0802818946775288,1.0621252925
fixed/present,ewr-15,joint,ambiguous,1,0.0,2.0802818946775288,1.0621252925
fixed/recency,ewr-15,joint,ambiguous,1,0.0,2.1223490426911127,1.04448125
fixed/reference,ewr-15,joint,ambiguous,1,0.0,2.0802818946775288,1.0621252925
fixed/transition1,ewr-15,joint,ambiguous,1,0.0,2.0802818946775288,1.0621252925
fixed/transition2,ewr-15,joint,ambiguous,1,0.0,2.0802818946775288,1.0621252925
fixed/transition3,ewr-15,joint,ambiguous,1,0.0,2.0802818946775288,1.0621252925
oracle-boundary/absolute,ewr-15,joint,ambiguous,1,0.0,0.6941076416550698,0.50000048
oracle-boundary/present,ewr-15,joint,ambiguous,1,0.0,2.0802818946775288,1.0621252925
oracle-boundary/recency,ewr-15,joint,ambiguous,1,0.0,3.4789982477094417,0.95245
oracle-boundary/reference,ewr-15,joint,ambiguous,1,0.0,0.6941076416550698,0.50000048
oracle-boundary/transition1,ewr-15,joint,ambiguous,1,0.0,0.6941076416550698,0.50000048
oracle-boundary/transition2,ewr-15,joint,ambiguous,1,0.0,0.6941076416550698,0.50000048
oracle-boundary/transition3,ewr-15,joint,ambiguous,1,0.0,0.6941076416550698,0.50000048
