query_id,event_index,frame_order_0_based,original_frame_index,event_onset_s,event_offset_s,time_after_event_onset_s,inside_frozen_18ms_interior,frame_time_s,frame_rms,frame_energy_dbfs,frame_voiced,frame_pitch_hz,frame_spectral_peak_hz,frame_phase_refined,frame_spectral_centroid_hz,pitch_status,spectral_peak_status,pitch_semitones_re_220hz,spectral_peak_semitones_re_220hz
e08_query_a_merged,1,0,58,0.29899999499320984,0.4869999885559082,0.0010000169277191162,False,0.30000001192092896,0.09943117946386337,-20.04954719543457,False,nan,nan,False,529.4349975585938,nan,nan,,
e08_query_a_merged,1,1,59,0.29899999499320984,0.4869999885559082,0.006000012159347534,False,0.3050000071525574,0.1498187780380249,-16.48867416381836,True,425.7938537597656,425.7938537597656,False,529.4136962890625,finite_positive,finite_positive,11.431819214475647,11.431819214475647
e08_query_a_merged,1,2,60,0.29899999499320984,0.4869999885559082,0.011000007390975952,False,0.3100000023841858,0.18569040298461914,-14.624210357666016,True,425.80029296875,425.80029296875,False,529.43115234375,finite_positive,finite_positive,11.432081024115504,11.432081024115504
e08_query_a_merged,1,3,61,0.29899999499320984,0.4869999885559082,0.01600000262260437,False,0.3149999976158142,0.21037551760673523,-13.540096282958984,True,425.8085021972656,425.8085021972656,False,529.4176025390625,finite_positive,finite_positive,11.432414794644975,11.432414794644975
e08_query_a_merged,1,4,62,0.29899999499320984,0.4869999885559082,0.020999997854232788,True,0.3199999928474426,0.2194492369890213,-13.173317909240723,True,425.77874755859375,425.8036804199219,True,529.40283203125,finite_positive,finite_positive,11.431205000965653,11.432218751768065
e08_query_a_merged,1,5,63,0.29899999499320984,0.4869999885559082,0.025999993085861206,True,0.32499998807907104,0.21893872320652008,-13.193548202514648,True,425.7969665527344,425.8009338378906,True,529.4028930664062,finite_positive,finite_positive,11.43194577697601,11.432107080782462
e08_query_a_merged,1,6,64,0.29899999499320984,0.4869999885559082,0.03100001811981201,True,0.33000001311302185,0.22063858807086945,-13.126370429992676,True,425.8118896484375,425.81182861328125,True,529.404296875,finite_positive,finite_positive,11.432552519642275,11.432550038120485
e08_query_a_merged,1,7,65,0.29899999499320984,0.4869999885559082,0.03600001335144043,True,0.33500000834465027,0.2217387557029724,-13.083168029785156,True,425.8067626953125,425.81298828125,True,529.4080200195312,finite_positive,finite_positive,11.43234407057194,11.432597186973672
e08_query_a_merged,1,8,66,0.29899999499320984,0.4869999885559082,0.04100000858306885,True,0.3400000035762787,0.22503849864006042,-12.954863548278809,True,425.8078308105469,425.79766845703125,True,529.4114990234375,finite_positive,finite_positive,11.432387497668568,11.431974315451194
e08_query_a_merged,1,9,67,0.29899999499320984,0.4869999885559082,0.046000003814697266,True,0.3449999988079071,0.2255520522594452,-12.935064315795898,True,425.8094482421875,425.7952880859375,True,529.4124755859375,finite_positive,finite_positive,11.43245325849323,11.431877532605464
e08_query_a_merged,1,10,68,0.29899999499320984,0.4869999885559082,0.050999999046325684,True,0.3499999940395355,0.22349786758422852,-13.014532089233398,True,425.81341552734375,425.8092041015625,True,529.4104614257812,finite_positive,finite_positive,11.432614557571426,11.43244333234702
e08_query_a_merged,1,11,69,0.29899999499320984,0.4869999885559082,0.0559999942779541,True,0.35499998927116394,0.22233839333057404,-13.059710502624512,True,425.8233337402344,425.81378173828125,True,529.4066772460938,finite_positive,finite_positive,11.43301779869219,11.432629446641343
e08_query_a_merged,1,12,70,0.29899999499320984,0.4869999885559082,0.06100001931190491,True,0.36000001430511475,0.21937988698482513,-13.176063537597656,True,425.8160705566406,425.8023376464844,True,529.4036254882812,finite_positive,finite_positive,11.432722503038207,11.432164157153988
e08_query_a_merged,1,13,71,0.29899999499320984,0.4869999885559082,0.06600001454353333,True,0.36500000953674316,0.21772228181362152,-13.241942405700684,True,425.9079895019531,425.80194091796875,True,529.40380859375,finite_positive,finite_positive,11.436459234591528,11.43214802689415
e08_query_a_merged,1,14,72,0.29899999499320984,0.4869999885559082,0.07100000977516174,True,0.3700000047683716,0.2087647169828415,-13.606858253479004,True,425.91326904296875,425.80950927734375,True,529.419677734375,finite_positive,finite_positive,11.436673836447916,11.432455740028889
e08_query_a_merged,1,15,73,0.29899999499320984,0.4869999885559082,0.07600000500679016,True,0.375,0.18746982514858246,-14.541372299194336,True,426.0115966796875,425.8031005859375,True,529.4135131835938,finite_positive,finite_positive,11.440670154908776,11.432195176842198
e08_query_a_merged,1,16,74,0.29899999499320984,0.4869999885559082,0.08100000023841858,True,0.3799999952316284,0.15425653755664825,-16.23512840270996,True,426.6468811035156,425.7920227050781,True,529.4122314453125,finite_positive,finite_positive,11.466467734069521,11.431744765513814
e08_query_a_merged,1,17,75,0.29899999499320984,0.4869999885559082,0.085999995470047,True,0.38499999046325684,0.10956034809350967,-19.206932067871094,True,428.7485656738281,425.5652770996094,True,529.4146728515625,finite_positive,finite_positive,11.551539854193884,11.422523026955032
e08_query_a_merged,1,18,76,0.29899999499320984,0.4869999885559082,0.09099999070167542,True,0.38999998569488525,0.06915977597236633,-23.20292854309082,False,nan,nan,False,514.9140014648438,nan,nan,,
e08_query_a_merged,1,19,77,0.29899999499320984,0.4869999885559082,0.09600001573562622,True,0.39500001072883606,0.08865959197282791,-21.04548454284668,False,nan,nan,False,337.6195068359375,nan,nan,,
e08_query_a_merged,1,20,78,0.29899999499320984,0.4869999885559082,0.10100001096725464,True,0.4000000059604645,0.1407926082611084,-17.02840232849121,True,274.90972900390625,268.1258239746094,True,333.4956970214844,finite_positive,finite_positive,3.8574532885456208,3.4248798287976068
e08_query_a_merged,1,21,79,0.29899999499320984,0.4869999885559082,0.10600000619888306,True,0.4050000011920929,0.17416590452194214,-15.180736541748047,True,272.7965087890625,268.23577880859375,True,333.5175476074219,finite_positive,finite_positive,3.723859887891148,3.4319779340360173
e08_query_a_merged,1,22,80,0.29899999499320984,0.4869999885559082,0.11100000143051147,True,0.4099999964237213,0.20599427819252014,-13.722896575927734,True,265.0733337402344,268.2710266113281,True,333.5764465332031,finite_positive,finite_positive,3.2266562312875933,3.4342527307662682
e08_query_a_merged,1,23,81,0.29899999499320984,0.4869999885559082,0.11599999666213989,True,0.41499999165534973,0.2223932296037674,-13.057568550109863,True,268.0702819824219,268.2484130859375,True,333.4903564453125,finite_positive,finite_positive,3.421293223549876,3.432793350089552
e08_query_a_merged,1,24,82,0.29899999499320984,0.4869999885559082,0.12099999189376831,True,0.41999998688697815,0.2191772311925888,-13.184090614318848,True,270.23297119140625,268.2210388183594,True,333.5011901855469,finite_positive,finite_positive,3.5604022227639103,3.4310265667630273
e08_query_a_merged,1,25,83,0.29899999499320984,0.4869999885559082,0.12600001692771912,True,0.42500001192092896,0.22403645515441895,-12.993626594543457,True,265.59564208984375,268.2450866699219,True,333.52435302734375,finite_positive,finite_positive,3.2607354155674484,3.432578666978932
e08_query_a_merged,1,26,84,0.29899999499320984,0.4869999885559082,0.13100001215934753,True,0.4300000071525574,0.22382625937461853,-13.001779556274414,True,269.24371337890625,268.24884033203125,True,333.4916687011719,finite_positive,finite_positive,3.4969096279243868,3.4328209238741376
e08_query_a_merged,1,27,85,0.29899999499320984,0.4869999885559082,0.13600000739097595,True,0.4350000023841858,0.22082583606243134,-13.119002342224121,True,269.9463806152344,268.2283630371094,True,333.5029602050781,finite_positive,finite_positive,3.5420321977526377,3.431499302377599
e08_query_a_merged,1,28,86,0.29899999499320984,0.4869999885559082,0.14100000262260437,True,0.4399999976158142,0.22353066504001617,-13.01325798034668,True,265.3694763183594,268.2421569824219,True,333.5238952636719,finite_positive,finite_positive,3.245986954908447,3.432389586071112
e08_query_a_merged,1,29,87,0.29899999499320984,0.4869999885559082,0.1459999978542328,True,0.4449999928474426,0.22301262617111206,-13.033411026000977,True,269.60528564453125,268.2413024902344,True,333.4905090332031,finite_positive,finite_positive,3.520143087113521,3.432334437084001
e08_query_a_merged,1,30,88,0.29899999499320984,0.4869999885559082,0.1509999930858612,True,0.44999998807907104,0.22243952751159668,-13.055760383605957,True,269.70758056640625,268.2358703613281,True,333.5047912597656,finite_positive,finite_positive,3.526710571963815,3.4319838429861447
e08_query_a_merged,1,31,89,0.29899999499320984,0.4869999885559082,0.156000018119812,True,0.45500001311302185,0.22293516993522644,-13.036428451538086,True,265.43707275390625,268.24102783203125,True,333.5228576660156,finite_positive,finite_positive,3.2503962920446012,3.432316710586545
e08_query_a_merged,1,32,90,0.29899999499320984,0.4869999885559082,0.16100001335144043,True,0.46000000834465027,0.22130686044692993,-13.100102424621582,True,269.67510986328125,268.2325439453125,True,333.4876403808594,finite_positive,finite_positive,3.524626174821954,3.431769149836872
e08_query_a_merged,1,33,91,0.29899999499320984,0.4869999885559082,0.16600000858306885,True,0.4650000035762787,0.21370285749435425,-13.403793334960938,True,268.9052734375,268.2294006347656,True,333.5086669921875,finite_positive,finite_positive,3.475134289060012,3.4315662722124456
e08_query_a_merged,1,34,92,0.29899999499320984,0.4869999885559082,0.17100000381469727,False,0.4699999988079071,0.19170896708965302,-14.347151756286621,True,268.25787353515625,268.25787353515625,False,333.5281066894531,finite_positive,finite_positive,3.4334039021824934,3.4334039021824934
e08_query_a_merged,1,35,93,0.29899999499320984,0.4869999885559082,0.17599999904632568,False,0.4749999940395355,0.15960966050624847,-15.938817024230957,True,268.2532653808594,268.2532653808594,False,333.48583984375,finite_positive,finite_positive,3.4331065069172833,3.4331065069172833
e08_query_a_merged,1,36,94,0.29899999499320984,0.4869999885559082,0.1809999942779541,False,0.47999998927116394,0.11765599995851517,-18.587718963623047,True,268.1565246582031,268.1565246582031,False,333.5253601074219,finite_positive,finite_positive,3.4268619961749494,3.4268619961749494
e08_query_a_merged,1,37,95,0.29899999499320984,0.4869999885559082,0.1860000193119049,False,0.48500001430511475,0.06831289827823639,-23.309946060180664,False,nan,nan,False,333.6224060058594,nan,nan,,
e08_query_b_merged,1,0,58,0.29899999499320984,0.4869999885559082,0.0010000169277191162,False,0.30000001192092896,0.10283488035202026,-19.757190704345703,False,nan,nan,False,333.5080261230469,nan,nan,,
e08_query_b_merged,1,1,59,0.29899999499320984,0.4869999885559082,0.006000012159347534,False,0.3050000071525574,0.14151988923549652,-16.98365020751953,True,268.214599609375,268.214599609375,False,333.4800109863281,finite_positive,finite_positive,3.430610942705088,3.430610942705088
e08_query_b_merged,1,2,60,0.29899999499320984,0.4869999885559082,0.011000007390975952,False,0.3100000023841858,0.1838192194700241,-14.712181091308594,True,268.3034362792969,268.3034362792969,False,333.55206298828125,finite_positive,finite_positive,3.436344098308152,3.436344098308152
e08_query_b_merged,1,3,61,0.29899999499320984,0.4869999885559082,0.01600000262260437,False,0.3149999976158142,0.2129209041595459,-13.435633659362793,True,268.24456787109375,268.24456787109375,False,333.5504455566406,finite_positive,finite_positive,3.432545184051974,3.432545184051974
e08_query_b_merged,1,4,62,0.29899999499320984,0.4869999885559082,0.020999997854232788,True,0.3199999928474426,0.21566273272037506,-13.32449722290039,True,268.55010986328125,268.2025451660156,True,333.49493408203125,finite_positive,finite_positive,3.452253455365427,3.4298328518855454
e08_query_b_merged,1,5,63,0.29899999499320984,0.4869999885559082,0.025999993085861206,True,0.32499998807907104,0.22500945627689362,-12.955985069274902,True,268.1488952636719,268.25885009765625,True,333.52264404296875,finite_positive,finite_positive,3.4263694310396158,3.433466925688623
e08_query_b_merged,1,6,64,0.29899999499320984,0.4869999885559082,0.03100001811981201,True,0.33000001311302185,0.22453223168849945,-12.97442626953125,True,268.1842041015625,268.2627258300781,True,333.4978942871094,finite_positive,finite_positive,3.428648904842367,3.433717047966457
e08_query_b_merged,1,7,65,0.29899999499320984,0.4869999885559082,0.03600001335144043,True,0.33500000834465027,0.21657855808734894,-13.287691116333008,True,268.3768310546875,268.2091979980469,True,333.49774169921875,finite_positive,finite_positive,3.4410792653230766,3.430262283548165
e08_query_b_merged,1,8,66,0.29899999499320984,0.4869999885559082,0.04100000858306885,True,0.3400000035762787,0.2246655374765396,-12.969270706176758,True,268.1288146972656,268.2544860839844,True,333.5236511230469,finite_positive,finite_positive,3.4250729326151044,3.4331852876173947
e08_query_b_merged,1,9,67,0.29899999499320984,0.4869999885559082,0.046000003814697266,True,0.3449999988079071,0.22455185651779175,-12.97366714477539,True,268.2458190917969,268.2602233886719,True,333.4954833984375,finite_positive,finite_positive,3.432625936883218,3.4335555521059495
e08_query_b_merged,1,10,68,0.29899999499320984,0.4869999885559082,0.050999999046325684,True,0.3499999940395355,0.21760569512844086,-13.246594429016113,True,268.3477478027344,268.2142639160156,True,333.4993591308594,finite_positive,finite_positive,3.439203073396283,3.4305892748265205
e08_query_b_merged,1,11,69,0.29899999499320984,0.4869999885559082,0.0559999942779541,True,0.35499998927116394,0.22438479959964752,-12.980131149291992,True,268.09625244140625,268.2496643066406,True,333.5242614746094,finite_positive,finite_positive,3.422970349592335,3.432874101763246
e08_query_b_merged,1,12,70,0.29899999499320984,0.4869999885559082,0.06100001931190491,True,0.36000001430511475,0.22438812255859375,-12.980003356933594,True,268.31683349609375,268.2557373046875,True,333.4934387207031,finite_positive,finite_positive,3.437208535199292,3.4332660374629604
e08_query_b_merged,1,13,71,0.29899999499320984,0.4869999885559082,0.06600001454353333,True,0.36500000953674316,0.21750731766223907,-13.25052261352539,True,268.3191223144531,268.2152404785156,True,333.4940490722656,finite_positive,finite_positive,3.437356213722616,3.4306523085797798
e08_query_b_merged,1,14,72,0.29899999499320984,0.4869999885559082,0.07100000977516174,True,0.3700000047683716,0.21221818029880524,-13.464347839355469,True,268.0987854003906,268.2447509765625,True,333.5263671875,finite_positive,finite_positive,3.4231339148821687,3.4325570015630014
e08_query_b_merged,1,15,73,0.29899999499320984,0.4869999885559082,0.07600000500679016,True,0.375,0.18823418021202087,-14.506030082702637,True,268.2651672363281,268.2771911621094,True,333.5036926269531,finite_positive,finite_positive,3.4338746034517285,3.4346505432966854
e08_query_b_merged,1,16,74,0.29899999499320984,0.4869999885559082,0.08100000023841858,True,0.3799999952316284,0.15063105523586273,-16.441709518432617,True,268.3041687011719,268.1873474121094,True,333.51226806640625,finite_positive,finite_positive,3.436391357932374,3.428851816657142
e08_query_b_merged,1,17,75,0.29899999499320984,0.4869999885559082,0.085999995470047,True,0.38499999046325684,0.11073214560747147,-19.114524841308594,True,268.5982666015625,268.3852844238281,True,333.5668640136719,finite_positive,finite_positive,3.455357647386875,3.4416245631399205
e08_query_b_merged,1,18,76,0.29899999499320984,0.4869999885559082,0.09099999070167542,True,0.38999998569488525,0.07195359468460083,-22.858949661254883,False,nan,nan,False,340.19378662109375,nan,nan,,
e08_query_b_merged,1,19,77,0.29899999499320984,0.4869999885559082,0.09600001573562622,True,0.39500001072883606,0.09032684564590454,-20.883663177490234,False,nan,nan,False,418.9147644042969,nan,nan,,
e08_query_b_merged,1,20,78,0.29899999499320984,0.4869999885559082,0.10100001096725464,True,0.4000000059604645,0.1399938464164734,-17.077821731567383,True,338.2896728515625,338.18646240234375,True,420.2021179199219,finite_positive,finite_positive,7.449067345641282,7.443784633185318
e08_query_b_merged,1,21,79,0.29899999499320984,0.4869999885559082,0.10600000619888306,True,0.4050000011920929,0.17687134444713593,-15.04685115814209,True,337.8941650390625,337.9782409667969,True,420.1815185546875,finite_positive,finite_positive,7.428814963629511,7.4331221407907035
e08_query_b_merged,1,22,80,0.29899999499320984,0.4869999885559082,0.11100000143051147,True,0.4099999964237213,0.20682992041110992,-13.687732696533203,True,338.0118103027344,337.9324951171875,True,420.1785583496094,finite_positive,finite_positive,7.434841585546382,7.430778731569924
e08_query_b_merged,1,23,81,0.29899999499320984,0.4869999885559082,0.11599999666213989,True,0.41499999165534973,0.22216831147670746,-13.066357612609863,True,337.8924560546875,337.96044921875,True,420.1910400390625,finite_positive,finite_positive,7.428727401909672,7.4322107658253245
e08_query_b_merged,1,24,82,0.29899999499320984,0.4869999885559082,0.12099999189376831,True,0.41999998688697815,0.22075332701206207,-13.121854782104492,True,338.0141906738281,337.9960632324219,True,420.1899719238281,finite_positive,finite_positive,7.434963503327086,7.434035030907884
e08_query_b_merged,1,25,83,0.29899999499320984,0.4869999885559082,0.12600001692771912,True,0.42500001192092896,0.22229476273059845,-13.06141471862793,True,337.9472351074219,337.9368896484375,True,420.192138671875,finite_positive,finite_positive,7.431533847364627,7.431003862706241
e08_query_b_merged,1,26,84,0.29899999499320984,0.4869999885559082,0.13100001215934753,True,0.4300000071525574,0.2241586595773697,-12.988889694213867,True,337.9573974609375,337.9473876953125,True,420.19085693359375,finite_positive,finite_positive,7.432054435967769,7.431541664126081
e08_query_b_merged,1,27,85,0.29899999499320984,0.4869999885559082,0.13600000739097595,True,0.4350000023841858,0.21901756525039673,-13.190421104431152,True,337.9665832519531,337.99664306640625,True,420.19134521484375,finite_positive,finite_positive,7.432524984568754,7.434064730291539
e08_query_b_merged,1,28,86,0.29899999499320984,0.4869999885559082,0.14100000262260437,True,0.4399999976158142,0.22163324058055878,-13.087302207946777,True,337.9637145996094,337.9542236328125,True,420.19085693359375,finite_positive,finite_positive,7.4323780372095865,7.431891851418413
e08_query_b_merged,1,29,87,0.29899999499320984,0.4869999885559082,0.1459999978542328,True,0.4449999928474426,0.22405710816383362,-12.992825508117676,True,337.95941162109375,337.93609619140625,True,420.1912536621094,finite_positive,finite_positive,7.432157613832141,7.430963214245429
e08_query_b_merged,1,30,88,0.29899999499320984,0.4869999885559082,0.1509999930858612,True,0.44999998807907104,0.2184418886899948,-13.213281631469727,True,337.9573974609375,337.9908752441406,True,420.19219970703125,finite_positive,finite_positive,7.432054435967769,7.433769297313118
e08_query_b_merged,1,31,89,0.29899999499320984,0.4869999885559082,0.156000018119812,True,0.45500001311302185,0.22287359833717346,-13.038827896118164,True,337.98406982421875,337.97100830078125,True,420.18951416015625,finite_positive,finite_positive,7.433420711177693,7.43275165624069
e08_query_b_merged,1,32,90,0.29899999499320984,0.4869999885559082,0.16100001335144043,True,0.46000000834465027,0.22287024557590485,-13.038958549499512,True,337.9210510253906,337.9290466308594,True,420.1919250488281,finite_positive,finite_positive,7.430192438829597,7.43060206411423
e08_query_b_merged,1,33,91,0.29899999499320984,0.4869999885559082,0.16600000858306885,True,0.4650000035762787,0.21155527234077454,-13.491522789001465,True,338.014404296875,337.979248046875,True,420.1853332519531,finite_positive,finite_positive,7.434974444624398,7.433173726618204
e08_query_b_merged,1,34,92,0.29899999499320984,0.4869999885559082,0.17100000381469727,False,0.4699999988079071,0.19410915672779083,-14.239079475402832,True,337.9822082519531,337.9822082519531,False,420.1861267089844,finite_positive,finite_positive,7.433325356796988,7.433325356796988
e08_query_b_merged,1,35,93,0.29899999499320984,0.4869999885559082,0.17599999904632568,False,0.4749999940395355,0.16121329367160797,-15.851983070373535,True,337.9292297363281,337.9292297363281,False,420.19366455078125,finite_positive,finite_positive,7.4306114447324205,7.4306114447324205
e08_query_b_merged,1,36,94,0.29899999499320984,0.4869999885559082,0.1809999942779541,False,0.47999998927116394,0.11628742516040802,-18.68934440612793,True,337.9642333984375,337.9642333984375,False,420.1890563964844,finite_positive,finite_positive,7.4324046128882095,7.4324046128882095
e08_query_b_merged,1,37,95,0.29899999499320984,0.4869999885559082,0.1860000193119049,False,0.48500001430511475,0.07027041912078857,-23.06454849243164,False,nan,nan,False,420.1815490722656,nan,nan,,
e12_query_a_merged,1,0,58,0.29899999499320984,0.4869999885559082,0.0010000169277191162,False,0.30000001192092896,0.0997111052274704,-20.025129318237305,False,nan,nan,False,333.72930908203125,nan,nan,,
e12_query_a_merged,1,1,59,0.29899999499320984,0.4869999885559082,0.006000012159347534,False,0.3050000071525574,0.14508017897605896,-16.767839431762695,True,284.8845520019531,284.8845520019531,False,333.5821533203125,finite_positive,finite_positive,4.474486430635134,4.474486430635134
e12_query_a_merged,1,2,60,0.29899999499320984,0.4869999885559082,0.011000007390975952,False,0.3100000023841858,0.18687854707241058,-14.568811416625977,True,284.9014892578125,284.9014892578125,False,333.5856018066406,finite_positive,finite_positive,4.475515671505452,4.475515671505452
e12_query_a_merged,1,3,61,0.29899999499320984,0.4869999885559082,0.01600000262260437,False,0.3149999976158142,0.21257786452770233,-13.449639320373535,True,284.860107421875,284.860107421875,False,333.6397399902344,finite_positive,finite_positive,4.473000877811692,4.473000877811692
e12_query_a_merged,1,4,62,0.29899999499320984,0.4869999885559082,0.020999997854232788,True,0.3199999928474426,0.22062751650810242,-13.126806259155273,True,284.80145263671875,284.8993225097656,True,333.5830078125,finite_positive,finite_positive,4.469435772890392,4.475384006266758
e12_query_a_merged,1,5,63,0.29899999499320984,0.4869999885559082,0.025999993085861206,True,0.32499998807907104,0.22381024062633514,-13.002401351928711,True,284.91998291015625,284.83233642578125,True,333.6130065917969,finite_positive,finite_positive,4.4766394213886755,4.47131301642012
e12_query_a_merged,1,6,64,0.29899999499320984,0.4869999885559082,0.03100001811981201,True,0.33000001311302185,0.21654292941093445,-13.289119720458984,True,284.8511962890625,284.9293518066406,True,333.5865173339844,finite_positive,finite_positive,4.4724592962618255,4.477208685985799
e12_query_a_merged,1,7,65,0.29899999499320984,0.4869999885559082,0.03600001335144043,True,0.33500000834465027,0.2223385125398636,-13.05970573425293,True,284.8914489746094,284.8433837890625,True,333.6067810058594,finite_positive,finite_positive,4.474905552320781,4.471984471101743
e12_query_a_merged,1,8,66,0.29899999499320984,0.4869999885559082,0.04100000858306885,True,0.3400000035762787,0.22160553932189941,-13.088387489318848,True,284.8670654296875,284.89642333984375,True,333.5986328125,finite_positive,finite_positive,4.4734237447772625,4.4752078329022025
e12_query_a_merged,1,9,67,0.29899999499320984,0.4869999885559082,0.046000003814697266,True,0.3449999988079071,0.22477199137210846,-12.965156555175781,True,284.8839416503906,284.87744140625,True,333.5904235839844,finite_positive,finite_positive,4.474449339731769,4.474054316681114
e12_query_a_merged,1,10,68,0.29899999499320984,0.4869999885559082,0.050999999046325684,True,0.3499999940395355,0.2265838384628296,-12.895421028137207,True,284.8677062988281,284.84893798828125,True,333.6088562011719,finite_positive,finite_positive,4.473462692530927,4.4723220434521345
e12_query_a_merged,1,11,69,0.29899999499320984,0.4869999885559082,0.0559999942779541,True,0.35499998927116394,0.2199501246213913,-13.153515815734863,True,284.8879699707031,284.90826416015625,True,333.5818176269531,finite_positive,finite_positive,4.474694138225461,4.475927350721079
e12_query_a_merged,1,12,70,0.29899999499320984,0.4869999885559082,0.06100001931190491,True,0.36000001430511475,0.22317664325237274,-13.02702522277832,True,284.86676025390625,284.8312072753906,True,333.6129150390625,finite_positive,finite_positive,4.473405198197099,4.471244385607269
e12_query_a_merged,1,13,71,0.29899999499320984,0.4869999885559082,0.06600001454353333,True,0.36500000953674316,0.21515586972236633,-13.34493637084961,True,284.8657531738281,284.92462158203125,True,333.58428955078125,finite_positive,finite_positive,4.473343994341595,4.476921274603723
e12_query_a_merged,1,14,72,0.29899999499320984,0.4869999885559082,0.07100000977516174,True,0.3700000047683716,0.20914459228515625,-13.59106731414795,True,284.93585205078125,284.8483581542969,True,333.5650939941406,finite_positive,finite_positive,4.477603637069242,4.4722868026902995
e12_query_a_merged,1,15,73,0.29899999499320984,0.4869999885559082,0.07600000500679016,True,0.375,0.18841996788978577,-14.497461318969727,True,284.728515625,284.8893127441406,True,333.60906982421875,finite_positive,finite_positive,4.4650015535919625,4.4747757369541485
e12_query_a_merged,1,16,74,0.29899999499320984,0.4869999885559082,0.08100000023841858,True,0.3799999952316284,0.15190650522708893,-16.368473052978516,True,285.18896484375,284.8415832519531,True,333.57513427734375,finite_positive,finite_positive,4.492975622334448,4.471875036894043
e12_query_a_merged,1,17,75,0.29899999499320984,0.4869999885559082,0.085999995470047,True,0.38499999046325684,0.11278446763753891,-18.955013275146484,True,284.2839050292969,284.69921875,True,333.6383056640625,finite_positive,finite_positive,4.437946778315807,4.463220124816575
e12_query_a_merged,1,18,76,0.29899999499320984,0.4869999885559082,0.09099999070167542,True,0.38999998569488525,0.06959880888462067,-23.147964477539062,False,nan,nan,False,329.3404846191406,nan,nan,,
e12_query_a_merged,1,19,77,0.29899999499320984,0.4869999885559082,0.09600001573562622,True,0.39500001072883606,0.09303539991378784,-20.62703514099121,False,nan,nan,False,281.1752624511719,nan,nan,,
e12_query_a_merged,1,20,78,0.29899999499320984,0.4869999885559082,0.10100001096725464,True,0.4000000059604645,0.13676530122756958,-17.280481338500977,True,239.44558715820312,239.26719665527344,True,280.4557189941406,finite_positive,finite_positive,1.4663318885418024,1.4534291319227983
e12_query_a_merged,1,21,79,0.29899999499320984,0.4869999885559082,0.10600000619888306,True,0.4050000011920929,0.17261679470539093,-15.258338928222656,True,239.6917266845703,239.60887145996094,True,280.5683898925781,finite_positive,finite_positive,1.4841190720502422,1.4781336095671622
e12_query_a_merged,1,22,80,0.29899999499320984,0.4869999885559082,0.11100000143051147,True,0.4099999964237213,0.21037693321704865,-13.540038108825684,True,239.2152557373047,239.6003875732422,True,280.54620361328125,finite_positive,finite_positive,1.4496705035496658,1.4775206166718604
e12_query_a_merged,1,23,81,0.29899999499320984,0.4869999885559082,0.11599999666213989,True,0.41499999165534973,0.219343900680542,-13.177488327026367,True,239.72210693359375,239.4776611328125,True,280.53338623046875,finite_positive,finite_positive,1.4863132232369938,1.4686507384708394
e12_query_a_merged,1,24,82,0.29899999499320984,0.4869999885559082,0.12099999189376831,True,0.41999998688697815,0.22484177350997925,-12.9624605178833,True,239.64955139160156,239.45513916015625,True,280.53790283203125,finite_positive,finite_positive,1.481072586936409,1.4670225014438687
e12_query_a_merged,1,25,83,0.29899999499320984,0.4869999885559082,0.12600001692771912,True,0.42500001192092896,0.22511552274227142,-12.95189094543457,True,239.46945190429688,239.56170654296875,True,280.5150146484375,finite_positive,finite_positive,1.4680572660168916,1.4747254908624492
e12_query_a_merged,1,26,84,0.29899999499320984,0.4869999885559082,0.13100001215934753,True,0.4300000071525574,0.21464264392852783,-13.365679740905762,True,239.53367614746094,239.63528442382812,True,280.50701904296875,finite_positive,finite_positive,1.4726997073996728,1.4800419071173163
e12_query_a_merged,1,27,85,0.29899999499320984,0.4869999885559082,0.13600000739097595,True,0.4350000023841858,0.225959911942482,-12.91937255859375,True,239.5137939453125,239.62425231933594,True,280.51055908203125,finite_positive,finite_positive,1.4712626579422188,1.4792448794749289
e12_query_a_merged,1,28,86,0.29899999499320984,0.4869999885559082,0.14100000262260437,True,0.4399999976158142,0.22072987258434296,-13.122776985168457,True,239.57472229003906,239.48904418945312,True,280.5359802246094,finite_positive,finite_positive,1.475666070753759,1.469473623862387
e12_query_a_merged,1,29,87,0.29899999499320984,0.4869999885559082,0.1459999978542328,True,0.4449999928474426,0.22469425201416016,-12.968160629272461,True,239.63052368164062,239.4508819580078,True,280.5389709472656,finite_positive,finite_positive,1.4796979660793905,1.466714707722831
e12_query_a_merged,1,30,88,0.29899999499320984,0.4869999885559082,0.1509999930858612,True,0.44999998807907104,0.2254367470741272,-12.939505577087402,True,239.51840209960938,239.55613708496094,True,280.5159606933594,finite_positive,finite_positive,1.4715957375843896,1.4743229996813492
e12_query_a_merged,1,31,89,0.29899999499320984,0.4869999885559082,0.156000018119812,True,0.45500001311302185,0.21455812454223633,-13.369100570678711,True,239.52725219726562,239.63287353515625,True,280.50726318359375,finite_positive,finite_positive,1.4722354089920895,1.4798677327020957
e12_query_a_merged,1,32,90,0.29899999499320984,0.4869999885559082,0.16100001335144043,True,0.46000000834465027,0.22429721057415009,-12.983522415161133,True,239.53053283691406,239.63038635253906,True,280.5118103027344,finite_positive,finite_positive,1.4724725225612518,1.4796880446019
e12_query_a_merged,1,33,91,0.29899999499320984,0.4869999885559082,0.16600000858306885,True,0.4650000035762787,0.2114400863647461,-13.496253967285156,True,239.49234008789062,239.5002899169922,True,280.50848388671875,finite_positive,finite_positive,1.4697118782824834,1.4702865432758048
e12_query_a_merged,1,34,92,0.29899999499320984,0.4869999885559082,0.17100000381469727,False,0.4699999988079071,0.19343799352645874,-14.2691650390625,True,239.47645568847656,239.47645568847656,False,280.5191955566406,finite_positive,finite_positive,1.4685635941617963,1.4685635941617963
e12_query_a_merged,1,35,93,0.29899999499320984,0.4869999885559082,0.17599999904632568,False,0.4749999940395355,0.16534866392612457,-15.631986618041992,True,239.5626983642578,239.5626983642578,False,280.5430603027344,finite_positive,finite_positive,1.4747971663925885,1.4747971663925885
e12_query_a_merged,1,36,94,0.29899999499320984,0.4869999885559082,0.1809999942779541,False,0.47999998927116394,0.11111078411340714,-19.084875106811523,True,239.66012573242188,239.66012573242188,False,280.5181579589844,finite_positive,finite_positive,1.4818364629752714,1.4818364629752714
e12_query_a_merged,1,37,95,0.29899999499320984,0.4869999885559082,0.1860000193119049,False,0.48500001430511475,0.07003035396337509,-23.09427261352539,False,nan,nan,False,280.3058776855469,nan,nan,,
e12_query_b_merged,1,0,58,0.29899999499320984,0.4869999885559082,0.0010000169277191162,False,0.30000001192092896,0.09560919553041458,-20.39000701904297,False,nan,nan,False,445.3050537109375,nan,nan,,
e12_query_b_merged,1,1,59,0.29899999499320984,0.4869999885559082,0.006000012159347534,False,0.3050000071525574,0.14349465072155,-16.863285064697266,True,380.2660827636719,380.2660827636719,False,445.2984313964844,finite_positive,finite_positive,9.474068904448663,9.474068904448663
e12_query_b_merged,1,2,60,0.29899999499320984,0.4869999885559082,0.011000007390975952,False,0.3100000023841858,0.1823248565196991,-14.783082008361816,True,380.26513671875,380.26513671875,False,445.3044738769531,finite_positive,finite_positive,9.474025833891169,9.474025833891169
e12_query_b_merged,1,3,61,0.29899999499320984,0.4869999885559082,0.01600000262260437,False,0.3149999976158142,0.20972757041454315,-13.566889762878418,True,380.265625,380.265625,False,445.3107604980469,finite_positive,finite_positive,9.474048063869708,9.474048063869708
e12_query_b_merged,1,4,62,0.29899999499320984,0.4869999885559082,0.020999997854232788,True,0.3199999928474426,0.22373613715171814,-13.005276679992676,True,380.2546081542969,380.2547302246094,True,445.29901123046875,finite_positive,finite_positive,9.473546493035313,9.4735520506865
e12_query_b_merged,1,5,63,0.29899999499320984,0.4869999885559082,0.025999993085861206,True,0.32499998807907104,0.22571897506713867,-12.928638458251953,True,380.2240295410156,380.2478332519531,True,445.30010986328125,finite_positive,finite_positive,9.472154245209003,9.473238040597073
e12_query_b_merged,1,6,64,0.29899999499320984,0.4869999885559082,0.03100001811981201,True,0.33000001311302185,0.2235937863588333,-13.010805130004883,True,380.2637634277344,380.2533874511719,True,445.3016052246094,finite_positive,finite_positive,9.473963311923495,9.473490916425309
e12_query_b_merged,1,7,65,0.29899999499320984,0.4869999885559082,0.03600001335144043,True,0.33500000834465027,0.2223663181066513,-13.05862045288086,True,380.260009765625,380.2619934082031,True,445.3023986816406,finite_positive,finite_positive,9.473792417393131,9.473882727720987
e12_query_b_merged,1,8,66,0.29899999499320984,0.4869999885559082,0.04100000858306885,True,0.3400000035762787,0.22207129001617432,-13.070152282714844,True,380.2592468261719,380.2673645019531,True,445.3020324707031,finite_positive,finite_positive,9.473757682526204,9.474127257936269
e12_query_b_merged,1,9,67,0.29899999499320984,0.4869999885559082,0.046000003814697266,True,0.3449999988079071,0.22278445959091187,-13.042302131652832,True,380.2633056640625,380.2660217285156,True,445.3008117675781,finite_positive,finite_positive,9.473942471217427,9.474066125706251
e12_query_b_merged,1,10,68,0.29899999499320984,0.4869999885559082,0.050999999046325684,True,0.3499999940395355,0.2214924395084381,-13.092822074890137,True,380.27850341796875,380.2674560546875,True,445.2993469238281,finite_positive,finite_positive,9.474634369249097,9.474131426035001
e12_query_b_merged,1,11,69,0.29899999499320984,0.4869999885559082,0.0559999942779541,True,0.35499998927116394,0.22000057995319366,-13.15152359008789,True,380.3035888671875,380.2762756347656,True,445.298095703125,finite_positive,finite_positive,9.475776357320598,9.474532948174865
e12_query_b_merged,1,12,70,0.29899999499320984,0.4869999885559082,0.06100001931190491,True,0.36000001430511475,0.2196042239665985,-13.16718578338623,True,380.304443359375,380.2806701660156,True,445.2975158691406,finite_positive,finite_positive,9.47581525583092,9.474733011093802
e12_query_b_merged,1,13,71,0.29899999499320984,0.4869999885559082,0.06600001454353333,True,0.36500000953674316,0.21854574978351593,-13.209153175354004,True,380.4046936035156,380.2702331542969,True,445.2999267578125,finite_positive,finite_positive,9.480378278112505,9.474257857886299
e12_query_b_merged,1,14,72,0.29899999499320984,0.4869999885559082,0.07100000977516174,True,0.3700000047683716,0.2112366408109665,-13.50461483001709,True,380.1843566894531,380.25897216796875,True,445.3060607910156,finite_positive,finite_positive,9.470347768774639,9.473745177957051
e12_query_b_merged,1,15,73,0.29899999499320984,0.4869999885559082,0.07600000500679016,True,0.375,0.1896505206823349,-14.440919876098633,True,379.6756591796875,380.256591796875,True,445.30072021484375,finite_positive,finite_positive,9.447167852401723,9.473636804646045
e12_query_b_merged,1,16,74,0.29899999499320984,0.4869999885559082,0.08100000023841858,True,0.3799999952316284,0.15447108447551727,-16.223054885864258,True,378.73272705078125,380.2578430175781,True,445.3018798828125,finite_positive,finite_positive,9.404118828200431,9.473693770188971
e12_query_b_merged,1,17,75,0.29899999499320984,0.4869999885559082,0.085999995470047,True,0.38499999046325684,0.10834150016307831,-19.304101943969727,True,376.16156005859375,380.2017517089844,True,445.30035400390625,finite_positive,finite_positive,9.2861868440351,9.471139862416788
e12_query_b_merged,1,18,76,0.29899999499320984,0.4869999885559082,0.09099999070167542,True,0.38999998569488525,0.0693366751074791,-23.180740356445312,False,nan,nan,False,434.0622253417969,nan,nan,,
e12_query_b_merged,1,19,77,0.29899999499320984,0.4869999885559082,0.09600001573562622,True,0.39500001072883606,0.09267348051071167,-20.660890579223633,False,nan,nan,False,284.071044921875,nan,nan,,
e12_query_b_merged,1,20,78,0.29899999499320984,0.4869999885559082,0.10100001096725464,True,0.4000000059604645,0.13679438829421997,-17.278635025024414,True,236.06024169921875,239.35537719726562,True,280.46392822265625,finite_positive,finite_positive,1.2198186390377723,1.4598083194843277
e12_query_b_merged,1,21,79,0.29899999499320984,0.4869999885559082,0.10600000619888306,True,0.4050000011920929,0.17261679470539093,-15.258338928222656,True,236.9492950439453,239.60887145996094,True,280.5683898925781,finite_positive,finite_positive,1.2848981401797404,1.4781336095671622
e12_query_b_merged,1,22,80,0.29899999499320984,0.4869999885559082,0.11100000143051147,True,0.4099999964237213,0.21037693321704865,-13.540038108825684,True,237.25369262695312,239.6003875732422,True,280.54620361328125,finite_positive,finite_positive,1.3071242140864845,1.4775206166718604
e12_query_b_merged,1,23,81,0.29899999499320984,0.4869999885559082,0.11599999666213989,True,0.41499999165534973,0.219343900680542,-13.177488327026367,True,240.5498809814453,239.4776611328125,True,280.53338623046875,finite_positive,finite_positive,1.5459907422961774,1.4686507384708394
e12_query_b_merged,1,24,82,0.29899999499320984,0.4869999885559082,0.12099999189376831,True,0.41999998688697815,0.22484177350997925,-12.9624605178833,True,242.1605987548828,239.45513916015625,True,280.53790283203125,finite_positive,finite_positive,1.6615274840675887,1.4670225014438687
e12_query_b_merged,1,25,83,0.29899999499320984,0.4869999885559082,0.12600001692771912,True,0.42500001192092896,0.22511552274227142,-12.95189094543457,True,239.60540771484375,239.56170654296875,True,280.5150146484375,finite_positive,finite_positive,1.4778833435068663,1.4747254908624492
e12_query_b_merged,1,26,84,0.29899999499320984,0.4869999885559082,0.13100001215934753,True,0.4300000071525574,0.21464264392852783,-13.365679740905762,True,236.75401306152344,239.63528442382812,True,280.50701904296875,finite_positive,finite_positive,1.2706242759062618,1.4800419071173163
e12_query_b_merged,1,27,85,0.29899999499320984,0.4869999885559082,0.13600000739097595,True,0.4350000023841858,0.225959911942482,-12.91937255859375,True,237.7407684326172,239.62425231933594,True,280.51055908203125,finite_positive,finite_positive,1.3426295761036475,1.4792448794749289
e12_query_b_merged,1,28,86,0.29899999499320984,0.4869999885559082,0.14100000262260437,True,0.4399999976158142,0.22072987258434296,-13.122776985168457,True,241.24563598632812,239.48904418945312,True,280.5359802246094,finite_positive,finite_positive,1.5959918547655354,1.469473623862387
e12_query_b_merged,1,29,87,0.29899999499320984,0.4869999885559082,0.1459999978542328,True,0.4449999928474426,0.22469425201416016,-12.968160629272461,True,242.4993896484375,239.4508819580078,True,280.5389709472656,finite_positive,finite_positive,1.6857311088768645,1.466714707722831
e12_query_b_merged,1,30,88,0.29899999499320984,0.4869999885559082,0.1509999930858612,True,0.44999998807907104,0.2254367470741272,-12.939505577087402,True,239.8134765625,239.55613708496094,True,280.5159606933594,finite_positive,finite_positive,1.4929105319653315,1.4743229996813492
e12_query_b_merged,1,31,89,0.29899999499320984,0.4869999885559082,0.156000018119812,True,0.45500001311302185,0.21455812454223633,-13.369100570678711,True,236.73129272460938,239.63287353515625,True,280.50726318359375,finite_positive,finite_positive,1.2689628000200468,1.4798677327020957
e12_query_b_merged,1,32,90,0.29899999499320984,0.4869999885559082,0.16100001335144043,True,0.46000000834465027,0.22429721057415009,-12.983522415161133,True,237.29119873046875,239.63038635253906,True,280.5118103027344,finite_positive,finite_positive,1.3098608084433874,1.4796880446019
e12_query_b_merged,1,33,91,0.29899999499320984,0.4869999885559082,0.16600000858306885,True,0.4650000035762787,0.2114400863647461,-13.496253967285156,True,241.2264404296875,239.5002899169922,True,280.50848388671875,finite_positive,finite_positive,1.5946142827613086,1.4702865432758048
e12_query_b_merged,1,34,92,0.29899999499320984,0.4869999885559082,0.17100000381469727,False,0.4699999988079071,0.19343799352645874,-14.2691650390625,True,239.47645568847656,239.47645568847656,False,280.5191955566406,finite_positive,finite_positive,1.4685635941617963,1.4685635941617963
e12_query_b_merged,1,35,93,0.29899999499320984,0.4869999885559082,0.17599999904632568,False,0.4749999940395355,0.16534866392612457,-15.631986618041992,True,239.5626983642578,239.5626983642578,False,280.5430603027344,finite_positive,finite_positive,1.4747971663925885,1.4747971663925885
e12_query_b_merged,1,36,94,0.29899999499320984,0.4869999885559082,0.1809999942779541,False,0.47999998927116394,0.11111078411340714,-19.084875106811523,True,239.66012573242188,239.66012573242188,False,280.5181579589844,finite_positive,finite_positive,1.4818364629752714,1.4818364629752714
e12_query_b_merged,1,37,95,0.29899999499320984,0.4869999885559082,0.1860000193119049,False,0.48500001430511475,0.07003035396337509,-23.09427261352539,False,nan,nan,False,280.3058776855469,nan,nan,,
e14_query_a_merged,3,0,124,0.628000020980835,0.8169999718666077,0.001999974250793457,False,0.6299999952316284,0.07503411173820496,-22.49482536315918,False,nan,nan,False,269.2207336425781,nan,nan,,
e14_query_a_merged,3,1,125,0.628000020980835,0.8169999718666077,0.006999969482421875,False,0.6349999904632568,0.10890746116638184,-19.258848190307617,True,216.79307556152344,216.79307556152344,False,268.82000732421875,finite_positive,finite_positive,-0.2542181574241271,-0.2542181574241271
e14_query_a_merged,3,2,126,0.628000020980835,0.8169999718666077,0.011999964714050293,False,0.6399999856948853,0.13288754224777222,-17.530315399169922,True,216.80130004882812,216.80130004882812,False,268.6520080566406,finite_positive,finite_positive,-0.2535613909501783,-0.2535613909501783
e14_query_a_merged,3,3,127,0.628000020980835,0.8169999718666077,0.01699995994567871,False,0.6449999809265137,0.14991161227226257,-16.483295440673828,True,216.79864501953125,216.79864501953125,False,268.5601501464844,finite_positive,finite_positive,-0.25377340560434763,-0.25377340560434763
e14_query_a_merged,3,4,128,0.628000020980835,0.8169999718666077,0.02199995517730713,True,0.6499999761581421,0.15363696217536926,-16.27008628845215,True,211.6598663330078,216.7747344970703,True,268.7054138183594,finite_positive,finite_positive,-0.6690694032384894,-0.25568287295695413
e14_query_a_merged,3,5,129,0.628000020980835,0.8169999718666077,0.026999950408935547,True,0.6549999713897705,0.1526787132024765,-16.324430465698242,True,216.73643493652344,216.73643493652344,False,268.6701965332031,finite_positive,finite_positive,-0.25874187157708983,-0.25874187157708983
e14_query_a_merged,3,6,130,0.628000020980835,0.8169999718666077,0.03200000524520874,True,0.6600000262260437,0.15380436182022095,-16.26062774658203,True,216.74183654785156,216.74183654785156,False,268.64251708984375,finite_positive,finite_positive,-0.25831041034515556,-0.25831041034515556
e14_query_a_merged,3,7,131,0.628000020980835,0.8169999718666077,0.03700000047683716,True,0.6650000214576721,0.1555595099925995,-16.162067413330078,True,216.7711639404297,216.7711639404297,False,268.6297912597656,finite_positive,finite_positive,-0.2559680316565424,-0.2559680316565424
e14_query_a_merged,3,8,132,0.628000020980835,0.8169999718666077,0.041999995708465576,True,0.6700000166893005,0.15637749433517456,-16.116514205932617,True,216.7991180419922,216.7991180419922,False,268.6396179199219,finite_positive,finite_positive,-0.253735632688519,-0.253735632688519
e14_query_a_merged,3,9,133,0.628000020980835,0.8169999718666077,0.046999990940093994,True,0.675000011920929,0.1567404568195343,-16.096378326416016,True,210.13851928710938,216.8117218017578,True,268.67205810546875,finite_positive,finite_positive,-0.7939546241085053,-0.2527291976064771
e14_query_a_merged,3,10,134,0.628000020980835,0.8169999718666077,0.05199998617172241,True,0.6800000071525574,0.15559616684913635,-16.16002082824707,True,224.002197265625,216.80239868164062,True,268.7164001464844,finite_positive,finite_positive,0.3121123221456885,-0.25347366150792383
e14_query_a_merged,3,11,135,0.628000020980835,0.8169999718666077,0.05699998140335083,True,0.6850000023841858,0.15708795189857483,-16.0771427154541,True,235.6573028564453,216.79837036132812,True,268.7553405761719,finite_positive,finite_positive,1.1902423969829483,-0.25379533830297035
e14_query_a_merged,3,12,136,0.628000020980835,0.8169999718666077,0.06199997663497925,True,0.6899999976158142,0.16132153570652008,-15.846153259277344,True,242.40025329589844,216.82977294921875,True,268.7759094238281,finite_positive,finite_positive,1.6786521912532082,-0.25128787976649036
e14_query_a_merged,3,13,137,0.628000020980835,0.8169999718666077,0.06699997186660767,True,0.6949999928474426,0.16000966727733612,-15.917075157165527,True,243.0904541015625,216.8858642578125,True,268.7881164550781,finite_positive,finite_positive,1.7278766119170472,-0.24680996034163688
e14_query_a_merged,3,14,138,0.628000020980835,0.8169999718666077,0.07199996709823608,True,0.699999988079071,0.15213316679000854,-16.35552215576172,True,239.55418395996094,216.89752197265625,True,268.6685791015625,finite_positive,finite_positive,1.4741818498728991,-0.24587943909451948
e14_query_a_merged,3,15,139,0.628000020980835,0.8169999718666077,0.0769999623298645,True,0.7049999833106995,0.13319505751132965,-17.510236740112305,True,234.39292907714844,216.87539672851562,True,268.67779541015625,finite_positive,finite_positive,1.0971062992626257,-0.24764552334653278
e14_query_a_merged,3,16,140,0.628000020980835,0.8169999718666077,0.08199995756149292,True,0.7099999785423279,0.10284630954265594,-19.7562255859375,True,227.74522399902344,216.8657989501953,True,268.6387939453125,finite_positive,finite_positive,0.5990073133965012,-0.24841169454686068
e14_query_a_merged,3,17,141,0.628000020980835,0.8169999718666077,0.08699995279312134,True,0.7149999737739563,0.07049980759620667,-23.03624153137207,True,221.06455993652344,216.927734375,True,268.52734375,finite_positive,finite_positive,0.08357080371568511,-0.24346811153989473
e14_query_a_merged,3,18,142,0.628000020980835,0.8169999718666077,0.09200000762939453,True,0.7200000286102295,0.04734744504094124,-26.494068145751953,False,nan,nan,False,284.8800048828125,nan,nan,,
e14_query_a_merged,3,19,143,0.628000020980835,0.8169999718666077,0.09700000286102295,True,0.7250000238418579,0.06399863213300705,-23.876585006713867,False,nan,nan,False,502.63995361328125,nan,nan,,
e14_query_a_merged,3,20,144,0.628000020980835,0.8169999718666077,0.10199999809265137,True,0.7300000190734863,0.09779883176088333,-20.193326950073242,True,403.7193298339844,409.4487609863281,True,507.2507629394531,finite_positive,finite_positive,10.510189680914367,10.754152781466464
e14_query_a_merged,3,21,145,0.628000020980835,0.8169999718666077,0.10699999332427979,True,0.7350000143051147,0.12486012279987335,-18.07152557373047,True,405.9033508300781,409.24749755859375,True,507.2475280761719,finite_positive,finite_positive,10.603592713565016,10.745640855283632
e14_query_a_merged,3,22,146,0.628000020980835,0.8169999718666077,0.1119999885559082,True,0.7400000095367432,0.14519177377223969,-16.761159896850586,True,408.44842529296875,409.2511901855469,True,507.2375793457031,finite_positive,finite_positive,10.711804767427108,10.745797063268022
e14_query_a_merged,3,23,147,0.628000020980835,0.8169999718666077,0.11699998378753662,True,0.7450000047683716,0.1553792506456375,-16.17214012145996,True,409.17144775390625,409.2498779296875,True,507.2466735839844,finite_positive,finite_positive,10.742423431922825,10.745741551501125
e14_query_a_merged,3,24,148,0.628000020980835,0.8169999718666077,0.12199997901916504,True,0.75,0.15724511444568634,-16.068456649780273,True,409.0986633300781,409.2509765625,True,507.2483825683594,finite_positive,finite_positive,10.739343596269574,10.745788026480888
e14_query_a_merged,3,25,149,0.628000020980835,0.8169999718666077,0.12699997425079346,True,0.7549999952316284,0.15783409774303436,-16.03598403930664,True,409.1396179199219,409.25567626953125,True,507.2482604980469,finite_positive,finite_positive,10.74107663619418,10.745986834708166
e14_query_a_merged,3,26,150,0.628000020980835,0.8169999718666077,0.13199996948242188,True,0.7599999904632568,0.15780684351921082,-16.03748321533203,True,409.1990051269531,409.2618408203125,True,507.2481689453125,finite_positive,finite_positive,10.74358936508602,10.746247605674872
e14_query_a_merged,3,27,151,0.628000020980835,0.8169999718666077,0.1369999647140503,True,0.7649999856948853,0.1572742909193039,-16.066844940185547,True,409.2343444824219,409.26849365234375,True,507.2480773925781,finite_positive,finite_positive,10.745084433573313,10.746529027360797
e14_query_a_merged,3,28,152,0.628000020980835,0.8169999718666077,0.1419999599456787,True,0.7699999809265137,0.1563984751701355,-16.11534881591797,True,409.2517395019531,409.27508544921875,True,507.2480163574219,finite_positive,finite_positive,10.745820300698988,10.746807862684566
e14_query_a_merged,3,29,153,0.628000020980835,0.8169999718666077,0.14699995517730713,True,0.7749999761581421,0.1558709740638733,-16.144695281982422,True,409.2584533691406,409.280517578125,True,507.24786376953125,finite_positive,finite_positive,10.746104311223899,10.747037640270516
e14_query_a_merged,3,30,154,0.628000020980835,0.8169999718666077,0.15199995040893555,True,0.7799999713897705,0.1560235321521759,-16.136198043823242,True,409.25982666015625,409.2842102050781,True,507.2476806640625,finite_positive,finite_positive,10.746162403711837,10.74719383565238
e14_query_a_merged,3,31,155,0.628000020980835,0.8169999718666077,0.15700000524520874,True,0.7850000262260437,0.1566264033317566,-16.10270118713379,True,409.2887878417969,409.2860412597656,True,507.2474060058594,finite_positive,finite_positive,10.747387464334752,10.747271287385205
e14_query_a_merged,3,32,156,0.628000020980835,0.8169999718666077,0.16200000047683716,True,0.7900000214576721,0.1570383906364441,-16.079883575439453,True,409.42041015625,409.2865905761719,True,507.2478332519531,finite_positive,finite_positive,10.752954008228937,10.747294522837485
e14_query_a_merged,3,33,157,0.628000020980835,0.8169999718666077,0.16699999570846558,True,0.7950000166893005,0.1518900990486145,-16.36941146850586,True,409.2221374511719,409.2856750488281,True,507.24700927734375,finite_positive,finite_positive,10.74456801691327,10.747255797066359
e14_query_a_merged,3,34,158,0.628000020980835,0.8169999718666077,0.171999990940094,False,0.800000011920929,0.1374794989824295,-17.235240936279297,True,409.2855224609375,409.2855224609375,False,507.24560546875,finite_positive,finite_positive,10.747249342762753,10.747249342762753
e14_query_a_merged,3,35,159,0.628000020980835,0.8169999718666077,0.1769999861717224,False,0.8050000071525574,0.11429117619991302,-18.839746475219727,True,409.2848205566406,409.2848205566406,False,507.248779296875,finite_positive,finite_positive,10.747219652935156,10.747219652935156
e14_query_a_merged,3,36,160,0.628000020980835,0.8169999718666077,0.18199998140335083,False,0.8100000023841858,0.08312603831291199,-21.605257034301758,True,409.2878723144531,409.2878723144531,False,507.250732421875,finite_positive,finite_positive,10.747348738771528,10.747348738771528
e14_query_a_merged,3,37,161,0.628000020980835,0.8169999718666077,0.18699997663497925,False,0.8149999976158142,0.04931476339697838,-26.140460968017578,False,nan,nan,False,507.2583923339844,nan,nan,,
e16_query_a_merged,1,0,58,0.2980000078678131,0.4869999885559082,0.0020000040531158447,False,0.30000001192092896,0.10120972990989685,-19.895553588867188,False,nan,nan,False,447.53466796875,nan,nan,,
e16_query_a_merged,1,1,59,0.2980000078678131,0.4869999885559082,0.006999999284744263,False,0.3050000071525574,0.14584557712078094,-16.722135543823242,True,320.95343017578125,320.95343017578125,False,447.4614562988281,finite_positive,finite_positive,6.538325472759993,6.538325472759993
e16_query_a_merged,1,2,60,0.2980000078678131,0.4869999885559082,0.01199999451637268,False,0.3100000023841858,0.18375951051712036,-14.715003967285156,True,321.00390625,321.00390625,False,447.4914245605469,finite_positive,finite_positive,6.541047955815252,6.541047955815252
e16_query_a_merged,1,3,61,0.2980000078678131,0.4869999885559082,0.0169999897480011,False,0.3149999976158142,0.20586028695106506,-13.728548049926758,True,320.9844970703125,320.9844970703125,False,447.515869140625,finite_positive,finite_positive,6.540001150839462,6.540001150839462
e16_query_a_merged,1,4,62,0.2980000078678131,0.4869999885559082,0.021999984979629517,True,0.3199999928474426,0.22246094048023224,-13.054924964904785,True,321.243896484375,321.010986328125,True,447.4684753417969,finite_positive,finite_positive,6.55398624171557,6.5414297934474375
e16_query_a_merged,1,5,63,0.2980000078678131,0.4869999885559082,0.026999980211257935,True,0.32499998807907104,0.22427994012832642,-12.984190940856934,True,320.9789123535156,321.0115966796875,True,447.483642578125,finite_positive,finite_positive,6.539699935794135,6.541462710090401
e16_query_a_merged,1,6,64,0.2980000078678131,0.4869999885559082,0.03200000524520874,True,0.33000001311302185,0.22139984369277954,-13.096453666687012,True,320.8642883300781,320.99224853515625,True,447.466552734375,finite_positive,finite_positive,6.5335164625061335,6.540419222053417
e16_query_a_merged,1,7,65,0.2980000078678131,0.4869999885559082,0.03700000047683716,True,0.33500000834465027,0.22549378871917725,-12.937308311462402,True,321.19183349609375,320.9880676269531,True,447.47943115234375,finite_positive,finite_positive,6.551180257739283,6.540193728203992
e16_query_a_merged,1,8,66,0.2980000078678131,0.4869999885559082,0.041999995708465576,True,0.3400000035762787,0.2167772799730301,-13.279725074768066,True,320.82635498046875,320.985107421875,True,447.4774169921875,finite_positive,finite_positive,6.531469634889119,6.540034070198869
e16_query_a_merged,1,9,67,0.2980000078678131,0.4869999885559082,0.046999990940093994,True,0.3449999988079071,0.2229745090007782,-13.034895896911621,True,321.0748596191406,321.01129150390625,True,447.46673583984375,finite_positive,finite_positive,6.5448741807453334,6.541446251776742
e16_query_a_merged,1,10,68,0.2980000078678131,0.4869999885559082,0.05199998617172241,True,0.3499999940395355,0.22427982091903687,-12.984195709228516,True,321.04766845703125,321.0109558105469,True,447.4839172363281,finite_positive,finite_positive,6.543407972548384,6.541428147613647
e16_query_a_merged,1,11,69,0.2980000078678131,0.4869999885559082,0.05699998140335083,True,0.35499998927116394,0.2208203226327896,-13.119218826293945,True,320.8322448730469,320.98779296875,True,447.46759033203125,finite_positive,finite_positive,6.53178746067932,6.54017891463662
e16_query_a_merged,1,12,70,0.2980000078678131,0.4869999885559082,0.062000006437301636,True,0.36000001430511475,0.22526060044765472,-12.946295738220215,True,321.2094421386719,320.9879455566406,True,447.4779968261719,finite_positive,finite_positive,6.552129343077464,6.540187144397835
e16_query_a_merged,1,13,71,0.2980000078678131,0.4869999885559082,0.06700000166893005,True,0.36500000953674316,0.21706947684288025,-13.268024444580078,True,320.84625244140625,320.98724365234375,True,447.47271728515625,finite_positive,finite_positive,6.5325433027215185,6.540149287463849
e16_query_a_merged,1,14,72,0.2980000078678131,0.4869999885559082,0.07199999690055847,True,0.3700000047683716,0.20975589752197266,-13.565716743469238,True,320.9845275878906,321.02099609375,True,447.4626159667969,finite_positive,finite_positive,6.54000279680892,6.541969618488837
e16_query_a_merged,1,15,73,0.2980000078678131,0.4869999885559082,0.07699999213218689,True,0.375,0.18874944746494293,-14.48228645324707,True,321.0308532714844,320.9857177734375,True,447.4862365722656,finite_positive,finite_positive,6.5425011980408545,6.5400669894956796
e16_query_a_merged,1,16,74,0.2980000078678131,0.4869999885559082,0.08199998736381531,True,0.3799999952316284,0.15207549929618835,-16.358816146850586,True,320.7763977050781,321.0011291503906,True,447.4695739746094,finite_positive,finite_positive,6.528773644699935,6.540898180996164
e16_query_a_merged,1,17,75,0.2980000078678131,0.4869999885559082,0.08699998259544373,True,0.38499999046325684,0.11063689738512039,-19.121999740600586,True,321.380615234375,321.0122375488281,True,447.4793395996094,finite_positive,finite_positive,6.561352663456436,6.541497272498152
e16_query_a_merged,1,18,76,0.2980000078678131,0.4869999885559082,0.09199997782707214,True,0.38999998569488525,0.06774023920297623,-23.383066177368164,False,nan,nan,False,457.4579772949219,nan,nan,,
e16_query_a_merged,1,19,77,0.2980000078678131,0.4869999885559082,0.09700000286102295,True,0.39500001072883606,0.09059848636388779,-20.857580184936523,False,nan,nan,False,593.5306396484375,nan,nan,,
e16_query_a_merged,1,20,78,0.2980000078678131,0.4869999885559082,0.10199999809265137,True,0.4000000059604645,0.14126238226890564,-16.999469757080078,True,428.81219482421875,428.3834228515625,True,597.302734375,finite_positive,finite_positive,11.554108930507674,11.536789553577826
e16_query_a_merged,1,21,79,0.2980000078678131,0.4869999885559082,0.10699999332427979,True,0.4050000011920929,0.17784851789474487,-14.998994827270508,True,428.5298156738281,428.4820251464844,True,597.3080444335938,finite_positive,finite_positive,11.54270474380985,11.540773928287697
e16_query_a_merged,1,22,80,0.2980000078678131,0.4869999885559082,0.1119999885559082,True,0.4099999964237213,0.20708370208740234,-13.677081108093262,True,428.61767578125,428.4717102050781,True,597.322265625,finite_positive,finite_positive,11.54625387418875,11.540357159516157
e16_query_a_merged,1,23,81,0.2980000078678131,0.4869999885559082,0.11699998378753662,True,0.41499999165534973,0.2200678288936615,-13.148868560791016,True,428.4080810546875,428.47259521484375,True,597.3095092773438,finite_positive,finite_positive,11.53778604153682,11.540392918177025
e16_query_a_merged,1,24,82,0.2980000078678131,0.4869999885559082,0.12199997901916504,True,0.41999998688697815,0.22017745673656464,-13.144542694091797,True,428.4775085449219,428.48895263671875,True,597.3090209960938,finite_positive,finite_positive,11.540591439054456,11.54105382357656
e16_query_a_merged,1,25,83,0.2980000078678131,0.4869999885559082,0.12700000405311584,True,0.42500001192092896,0.2203301340341568,-13.138522148132324,True,428.4718933105469,428.49444580078125,True,597.3099975585938,finite_positive,finite_positive,11.540364557865846,11.541275763760689
e16_query_a_merged,1,26,84,0.2980000078678131,0.4869999885559082,0.13199999928474426,True,0.4300000071525574,0.22189415991306305,-13.077082633972168,True,428.4779357910156,428.4766845703125,True,597.3088989257812,finite_positive,finite_positive,11.54060870163187,11.540558146892266
e16_query_a_merged,1,27,85,0.2980000078678131,0.4869999885559082,0.13699999451637268,True,0.4350000023841858,0.22440293431282043,-12.979429244995117,True,428.4795227050781,428.4706115722656,True,597.3064575195312,finite_positive,finite_positive,11.540672819625842,11.540312769351637
e16_query_a_merged,1,28,86,0.2980000078678131,0.4869999885559082,0.1419999897480011,True,0.4399999976158142,0.22295883297920227,-13.035506248474121,True,428.48016357421875,428.4783935546875,True,597.3047485351562,finite_positive,finite_positive,11.540698713363785,11.540627197231423
e16_query_a_merged,1,29,87,0.2980000078678131,0.4869999885559082,0.14699998497962952,True,0.4449999928474426,0.22403886914253235,-12.993532180786133,True,428.47998046875,428.4762878417969,True,597.3046875,finite_positive,finite_positive,11.540691315156895,11.540542117309858
e16_query_a_merged,1,30,88,0.2980000078678131,0.4869999885559082,0.15199998021125793,True,0.44999998807907104,0.22196346521377563,-13.074370384216309,True,428.4775085449219,428.4732971191406,True,597.3065795898438,finite_positive,finite_positive,11.540591439054456,11.540421278441748
e16_query_a_merged,1,31,89,0.2980000078678131,0.4869999885559082,0.15700000524520874,True,0.45500001311302185,0.22017095983028412,-13.14479923248291,True,428.480712890625,428.4884033203125,True,597.3089599609375,finite_positive,finite_positive,11.540720907965483,11.541031629401658
e16_query_a_merged,1,32,90,0.2980000078678131,0.4869999885559082,0.16200000047683716,True,0.46000000834465027,0.21959294378757477,-13.167633056640625,True,428.44281005859375,428.49407958984375,True,597.3092041015625,finite_positive,finite_positive,11.53918941369198,11.54126096783693
e16_query_a_merged,1,33,91,0.2980000078678131,0.4869999885559082,0.16699999570846558,True,0.4650000035762787,0.2125692218542099,-13.449992179870605,True,428.54095458984375,428.4750671386719,True,597.3134765625,finite_positive,finite_positive,11.543154743304548,11.540492795424749
e16_query_a_merged,1,34,92,0.2980000078678131,0.4869999885559082,0.171999990940094,False,0.4699999988079071,0.19310228526592255,-14.28425121307373,True,428.46527099609375,428.46527099609375,False,597.3128662109375,finite_positive,finite_positive,11.540096982208198,11.540096982208198
e16_query_a_merged,1,35,93,0.2980000078678131,0.4869999885559082,0.1769999861717224,False,0.4749999940395355,0.16038303077220917,-15.896831512451172,True,428.47698974609375,428.47698974609375,False,597.3051147460938,finite_positive,finite_positive,11.54057047733017,11.54057047733017
e16_query_a_merged,1,36,94,0.2980000078678131,0.4869999885559082,0.18199998140335083,False,0.47999998927116394,0.11953321099281311,-18.450227737426758,True,428.500732421875,428.500732421875,False,597.2998046875,finite_positive,finite_positive,11.541529758480095,11.541529758480095
e16_query_a_merged,1,37,95,0.2980000078678131,0.4869999885559082,0.18700000643730164,False,0.48500001430511475,0.0710122212767601,-22.973337173461914,False,nan,nan,False,597.293212890625,nan,nan,,
e16_query_b_merged,1,0,58,0.29899999499320984,0.4860000014305115,0.0010000169277191162,False,0.30000001192092896,0.09849172830581665,-20.132003784179688,False,nan,nan,False,597.2989501953125,nan,nan,,
e16_query_b_merged,1,1,59,0.29899999499320984,0.4860000014305115,0.006000012159347534,False,0.3050000071525574,0.146401047706604,-16.689117431640625,True,428.4523010253906,428.4523010253906,False,597.3065185546875,finite_positive,finite_positive,11.539572916518999,11.539572916518999
e16_query_b_merged,1,2,60,0.29899999499320984,0.4860000014305115,0.011000007390975952,False,0.3100000023841858,0.18362492322921753,-14.721367835998535,True,428.4824523925781,428.4824523925781,False,597.3148803710938,finite_positive,finite_positive,11.540791190683146,11.540791190683146
e16_query_b_merged,1,3,61,0.29899999499320984,0.4860000014305115,0.01600000262260437,False,0.3149999976158142,0.20878417789936066,-13.606048583984375,True,428.4919128417969,428.4919128417969,False,597.3242797851562,finite_positive,finite_positive,11.541173425029285,11.541173425029285
e16_query_b_merged,1,4,62,0.29899999499320984,0.4860000014305115,0.020999997854232788,True,0.3199999928474426,0.2212444692850113,-13.102551460266113,True,428.4736328125,428.4766845703125,True,597.3093872070312,finite_positive,finite_positive,11.54043484203019,11.540558146892266
e16_query_b_merged,1,5,63,0.29899999499320984,0.4860000014305115,0.025999993085861206,True,0.32499998807907104,0.2244114875793457,-12.979098320007324,True,428.467041015625,428.47076416015625,True,597.3064575195312,finite_positive,finite_positive,11.540168500530871,11.540318934659071
e16_query_b_merged,1,6,64,0.29899999499320984,0.4860000014305115,0.03100001811981201,True,0.33000001311302185,0.2229488343000412,-13.035896301269531,True,428.4779968261719,428.4783935546875,True,597.3047485351562,finite_positive,finite_positive,11.54061116771295,11.540627197231423
e16_query_b_merged,1,7,65,0.29899999499320984,0.4860000014305115,0.03600001335144043,True,0.33500000834465027,0.22406846284866333,-12.992384910583496,True,428.4806213378906,428.4764099121094,True,597.3046875,finite_positive,finite_positive,11.540717208867175,11.540547049490645
e16_query_b_merged,1,8,66,0.29899999499320984,0.4860000014305115,0.04100000858306885,True,0.3400000035762787,0.2219061255455017,-13.076614379882812,True,428.4803161621094,428.47357177734375,True,597.3065795898438,finite_positive,finite_positive,11.540704878533779,11.540432375923992
e16_query_b_merged,1,9,67,0.29899999499320984,0.4860000014305115,0.046000003814697266,True,0.3449999988079071,0.22017377614974976,-13.14468765258789,True,428.47955322265625,428.488525390625,True,597.3089599609375,finite_positive,finite_positive,11.54067405266186,11.541036561442983
e16_query_b_merged,1,10,68,0.29899999499320984,0.4860000014305115,0.050999999046325684,True,0.3499999940395355,0.22032788395881653,-13.13861083984375,True,428.4798583984375,428.49444580078125,True,597.3099975585938,finite_positive,finite_positive,11.540686383017214,11.541275763760689
e16_query_b_merged,1,11,69,0.29899999499320984,0.4860000014305115,0.0559999942779541,True,0.35499998927116394,0.22185653448104858,-13.0785551071167,True,428.4827880859375,428.4769592285156,True,597.3089599609375,finite_positive,finite_positive,11.540804753981782,11.540569244286777
e16_query_b_merged,1,12,70,0.29899999499320984,0.4860000014305115,0.06100001931190491,True,0.36000001430511475,0.22439002990722656,-12.979928970336914,True,428.4858703613281,428.47076416015625,True,597.3065185546875,finite_positive,finite_positive,11.540929289227085,11.540318934659071
e16_query_b_merged,1,13,71,0.29899999499320984,0.4860000014305115,0.06600001454353333,True,0.36500000953674316,0.2211892306804657,-13.104720115661621,True,428.4635009765625,428.4788818359375,True,597.3043212890625,finite_positive,finite_positive,11.540025463590077,11.540646925849169
e16_query_b_merged,1,14,72,0.29899999499320984,0.4860000014305115,0.07100000977516174,True,0.3700000047683716,0.21159659326076508,-13.489826202392578,True,428.48455810546875,428.48095703125,True,597.311279296875,finite_positive,finite_positive,11.540876269380671,11.540730772223773
e16_query_b_merged,1,15,73,0.29899999499320984,0.4860000014305115,0.07600000500679016,True,0.375,0.1868944764137268,-14.568071365356445,True,428.4980773925781,428.4819030761719,True,597.31005859375,finite_positive,finite_positive,11.541422489320153,11.54076899617155
e16_query_b_merged,1,16,74,0.29899999499320984,0.4860000014305115,0.08100000023841858,True,0.3799999952316284,0.14951960742473602,-16.50603675842285,True,428.40277099609375,428.4923400878906,True,597.30908203125,finite_positive,finite_positive,11.53757145615387,11.541190687026395
e16_query_b_merged,1,17,75,0.29899999499320984,0.4860000014305115,0.085999995470047,True,0.38499999046325684,0.1070481613278389,-19.408416748046875,True,428.120361328125,428.4120788574219,True,597.314697265625,finite_positive,finite_positive,11.526155132829045,11.537947595443674
e16_query_b_merged,1,18,76,0.29899999499320984,0.4860000014305115,0.09099999070167542,True,0.38999998569488525,0.07038070261478424,-23.050928115844727,False,nan,nan,False,591.5353393554688,nan,nan,,
e16_query_b_merged,1,19,77,0.29899999499320984,0.4860000014305115,0.09600001573562622,True,0.39500001072883606,0.08628004044294357,-21.28179359436035,False,nan,nan,False,504.8466796875,nan,nan,,
e16_query_b_merged,1,20,78,0.29899999499320984,0.4860000014305115,0.10100001096725464,True,0.4000000059604645,0.13957011699676514,-17.104150772094727,True,360.38189697265625,360.12322998046875,True,502.2721252441406,finite_positive,finite_positive,8.544276221612884,8.53184568901203
e16_query_b_merged,1,21,79,0.29899999499320984,0.4860000014305115,0.10600000619888306,True,0.4050000011920929,0.17860527336597443,-14.962114334106445,True,360.3128662109375,360.2869567871094,True,502.29205322265625,finite_positive,finite_positive,8.540959743914113,8.539714801150856
e16_query_b_merged,1,22,80,0.29899999499320984,0.4860000014305115,0.11100000143051147,True,0.4099999964237213,0.20757631957530975,-13.65644359588623,True,360.1504821777344,360.339599609375,True,502.3101806640625,finite_positive,finite_positive,8.533155744649054,8.54224418466298
e16_query_b_merged,1,23,81,0.29899999499320984,0.4860000014305115,0.11599999666213989,True,0.41499999165534973,0.22146843373775482,-13.09376335144043,True,360.41033935546875,360.3173522949219,True,502.2771301269531,finite_positive,finite_positive,8.545642507738219,8.541175290282872
e16_query_b_merged,1,24,82,0.29899999499320984,0.4860000014305115,0.12099999189376831,True,0.41999998688697815,0.21933257579803467,-13.177936553955078,True,360.2898864746094,360.287109375,True,502.27435302734375,finite_positive,finite_positive,8.539855576553247,8.539722133231322
e16_query_b_merged,1,25,83,0.29899999499320984,0.4860000014305115,0.12600001692771912,True,0.42500001192092896,0.22191119194030762,-13.076416015625,True,360.34991455078125,360.27996826171875,True,502.2693786621094,finite_positive,finite_positive,8.54273975390402,8.539378988537516
e16_query_b_merged,1,26,84,0.29899999499320984,0.4860000014305115,0.13100001215934753,True,0.4300000071525574,0.22225959599018097,-13.062788963317871,True,360.29248046875,360.3157653808594,True,502.2713317871094,finite_positive,finite_positive,8.539980220485303,8.541099042894555
e16_query_b_merged,1,27,85,0.29899999499320984,0.4860000014305115,0.13600000739097595,True,0.4350000023841858,0.22388555109500885,-12.999478340148926,True,360.28118896484375,360.33837890625,True,502.2758483886719,finite_positive,finite_positive,8.53943764623208,8.542185536476776
e16_query_b_merged,1,28,86,0.29899999499320984,0.4860000014305115,0.14100000262260437,True,0.4399999976158142,0.22392138838768005,-12.998087882995605,True,360.2962341308594,360.3158264160156,True,502.2765808105469,finite_positive,finite_positive,8.540160585998137,8.541101975492623
e16_query_b_merged,1,29,87,0.29899999499320984,0.4860000014305115,0.1459999978542328,True,0.4449999928474426,0.2192828357219696,-13.17990779876709,True,360.3255920410156,360.28802490234375,True,502.2745666503906,finite_positive,finite_positive,8.541571184785301,8.539766125648903
e16_query_b_merged,1,30,88,0.29899999499320984,0.4860000014305115,0.1509999930858612,True,0.44999998807907104,0.22186453640460968,-13.078242301940918,True,360.34075927734375,360.2794494628906,True,502.26947021484375,finite_positive,finite_positive,8.542299900255845,8.539354058957144
e16_query_b_merged,1,31,89,0.29899999499320984,0.4860000014305115,0.156000018119812,True,0.45500001311302185,0.22233432531356812,-13.059869766235352,True,360.2817687988281,360.3139343261719,True,502.2711181640625,finite_positive,finite_positive,8.539465508567377,8.54101106472152
e16_query_b_merged,1,32,90,0.29899999499320984,0.4860000014305115,0.16100001335144043,True,0.46000000834465027,0.22256894409656525,-13.050708770751953,True,360.3310852050781,360.3376770019531,True,502.27728271484375,finite_positive,finite_positive,8.541835109424106,8.542151813679745
e16_query_b_merged,1,33,91,0.29899999499320984,0.4860000014305115,0.16600000858306885,True,0.4650000035762787,0.2151625156402588,-13.3446683883667,True,360.21356201171875,360.3125305175781,True,502.2903137207031,finite_positive,finite_positive,8.536187710432555,8.540943614486078
e16_query_b_merged,1,34,92,0.29899999499320984,0.4860000014305115,0.17100000381469727,False,0.4699999988079071,0.1912674903869629,-14.36717700958252,True,360.2849426269531,360.2849426269531,False,502.2789001464844,finite_positive,finite_positive,8.539618017397682,8.539618017397682
e16_query_b_merged,1,35,93,0.29899999499320984,0.4860000014305115,0.17599999904632568,False,0.4749999940395355,0.15867935121059418,-15.989591598510742,True,360.2841491699219,360.2841491699219,False,502.2724304199219,finite_positive,finite_positive,8.539579890316059,8.539579890316059
e16_query_b_merged,1,36,94,0.29899999499320984,0.4860000014305115,0.1809999942779541,False,0.47999998927116394,0.11570551246404648,-18.732919692993164,True,360.3670959472656,360.3670959472656,False,502.2578125,finite_positive,finite_positive,8.543565182419695,8.543565182419695
e16_query_b_merged,1,37,95,0.29899999499320984,0.4860000014305115,0.1860000193119049,False,0.48500001430511475,0.07122226059436798,-22.94768524169922,False,nan,nan,False,502.2752990722656,nan,nan,,
e20_query_a_merged,1,0,58,0.29899999499320984,0.4869999885559082,0.0010000169277191162,False,0.30000001192092896,0.10339590162038803,-19.70993423461914,False,nan,nan,False,538.0164184570312,nan,nan,,
e20_query_a_merged,1,1,59,0.29899999499320984,0.4869999885559082,0.006000012159347534,False,0.3050000071525574,0.15121100842952728,-16.4083309173584,True,400.18841552734375,400.18841552734375,False,538.0011596679688,finite_positive,finite_positive,10.358110579401442,10.358110579401442
e20_query_a_merged,1,2,60,0.29899999499320984,0.4869999885559082,0.011000007390975952,False,0.3100000023841858,0.18731793761253357,-14.548412322998047,True,400.1885681152344,400.1885681152344,False,538.0159301757812,finite_positive,finite_positive,10.358117180424639,10.358117180424639
e20_query_a_merged,1,3,61,0.29899999499320984,0.4869999885559082,0.01600000262260437,False,0.3149999976158142,0.21243084967136383,-13.455648422241211,True,400.1890869140625,400.1890869140625,False,538.0057983398438,finite_positive,finite_positive,10.358139623884679,10.358139623884679
e20_query_a_merged,1,4,62,0.29899999499320984,0.4869999885559082,0.020999997854232788,True,0.3199999928474426,0.22182685136795044,-13.079717636108398,True,400.2446594238281,400.1909484863281,True,537.9964599609375,finite_positive,finite_positive,10.360543546050456,10.358220156060607
e20_query_a_merged,1,5,63,0.29899999499320984,0.4869999885559082,0.025999993085861206,True,0.32499998807907104,0.22221019864082336,-13.064720153808594,True,400.1773681640625,400.1925048828125,True,537.9972534179688,finite_positive,finite_positive,10.357632658634317,10.358287485952955
e20_query_a_merged,1,6,64,0.29899999499320984,0.4869999885559082,0.03100001811981201,True,0.33000001311302185,0.22220982611179352,-13.064735412597656,True,400.1978454589844,400.1923828125,True,537.9972534179688,finite_positive,finite_positive,10.358518517906466,10.358282205186548
e20_query_a_merged,1,7,65,0.29899999499320984,0.4869999885559082,0.03600001335144043,True,0.33500000834465027,0.22220946848392487,-13.064748764038086,True,400.1914978027344,400.1921691894531,True,537.9972534179688,finite_positive,finite_positive,10.358243919581923,10.35827296384146
e20_query_a_merged,1,8,66,0.29899999499320984,0.4869999885559082,0.04100000858306885,True,0.3400000035762787,0.2222091257572174,-13.064762115478516,True,400.1922912597656,400.1921691894531,True,537.9972534179688,finite_positive,finite_positive,10.358278244610686,10.35827296384146
e20_query_a_merged,1,9,67,0.29899999499320984,0.4869999885559082,0.046000003814697266,True,0.3449999988079071,0.22220881283283234,-13.064774513244629,True,400.193603515625,400.1922607421875,True,537.9972534179688,finite_positive,finite_positive,10.358335012778133,10.358276924418531
e20_query_a_merged,1,10,68,0.29899999499320984,0.4869999885559082,0.050999999046325684,True,0.3499999940395355,0.22220849990844727,-13.064786911010742,True,400.188720703125,400.19195556640625,True,537.9972534179688,finite_positive,finite_positive,10.358123781445318,10.35826372249144
e20_query_a_merged,1,11,69,0.29899999499320984,0.4869999885559082,0.0559999942779541,True,0.35499998927116394,0.22220821678638458,-13.064797401428223,True,400.2002868652344,400.1920166015625,True,537.9972534179688,finite_positive,finite_positive,10.35862413148693,10.35826636287766
e20_query_a_merged,1,12,70,0.29899999499320984,0.4869999885559082,0.06100001931190491,True,0.36000001430511475,0.2222079485654831,-13.064807891845703,True,400.17181396484375,400.1919250488281,True,537.9972534179688,finite_positive,finite_positive,10.357392373043538,10.358262402298175
e20_query_a_merged,1,13,71,0.29899999499320984,0.4869999885559082,0.06600001454353333,True,0.36500000953674316,0.21997784078121185,-13.152420997619629,True,400.2375793457031,400.1924743652344,True,537.9950561523438,finite_positive,finite_positive,10.36023729884779,10.358286165761504
e20_query_a_merged,1,14,72,0.29899999499320984,0.4869999885559082,0.07100000977516174,True,0.3700000047683716,0.20818598568439484,-13.630970001220703,True,400.1674499511719,400.1922912597656,True,537.9840087890625,finite_positive,finite_positive,10.357203574882554,10.358278244610686
e20_query_a_merged,1,15,73,0.29899999499320984,0.4869999885559082,0.07600000500679016,True,0.375,0.18390078842639923,-14.708328247070312,True,400.14044189453125,400.19287109375,True,537.9924926757812,finite_positive,finite_positive,10.356035092908316,10.358303328242512
e20_query_a_merged,1,16,74,0.29899999499320984,0.4869999885559082,0.08100000023841858,True,0.3799999952316284,0.14819183945655823,-16.583513259887695,True,400.2543640136719,400.1947021484375,True,537.9934692382812,finite_positive,finite_positive,10.360963307121455,10.358382539472837
e20_query_a_merged,1,17,75,0.29899999499320984,0.4869999885559082,0.085999995470047,True,0.38499999046325684,0.10319676250219345,-19.7266788482666,True,400.07598876953125,400.4169006347656,True,537.9976806640625,finite_positive,finite_positive,10.353246261273918,10.367992132781799
e20_query_a_merged,1,18,76,0.29899999499320984,0.4869999885559082,0.09099999070167542,True,0.38999998569488525,0.06767822802066803,-23.391019821166992,False,nan,nan,False,548.7693481445312,nan,nan,,
e20_query_a_merged,1,19,77,0.29899999499320984,0.4869999885559082,0.09600001573562622,True,0.39500001072883606,0.09119158983230591,-20.8009033203125,False,nan,nan,False,675.4859619140625,nan,nan,,
e20_query_a_merged,1,20,78,0.29899999499320984,0.4869999885559082,0.10100001096725464,True,0.4000000059604645,0.13843466341495514,-17.17510223388672,True,504.0984191894531,504.45513916015625,True,677.84521484375,finite_positive,finite_positive,14.354422877199152,14.366669441199708
e20_query_a_merged,1,21,79,0.29899999499320984,0.4869999885559082,0.10600000619888306,True,0.4050000011920929,0.17789866030216217,-14.996546745300293,True,504.211669921875,504.20916748046875,True,677.817138671875,finite_positive,finite_positive,14.35831183015107,14.358225907456742
e20_query_a_merged,1,22,80,0.29899999499320984,0.4869999885559082,0.11100000143051147,True,0.4099999964237213,0.20591787993907928,-13.726119041442871,True,504.26287841796875,504.200927734375,True,677.8185424804688,finite_positive,finite_positive,14.36007000822827,14.357942988254306
e20_query_a_merged,1,23,81,0.29899999499320984,0.4869999885559082,0.11599999666213989,True,0.41499999165534973,0.2200319916009903,-13.150283813476562,True,504.1862487792969,504.2118225097656,True,677.8350219726562,finite_positive,finite_positive,14.35743896147908,14.358317069325956
e20_query_a_merged,1,24,82,0.29899999499320984,0.4869999885559082,0.12099999189376831,True,0.41999998688697815,0.22136817872524261,-13.097696304321289,True,504.1969299316406,504.2012023925781,True,677.83349609375,finite_positive,finite_positive,14.357805718382842,14.357952418968875
e20_query_a_merged,1,25,83,0.29899999499320984,0.4869999885559082,0.12600001692771912,True,0.42500001192092896,0.2224726527929306,-13.05446720123291,True,504.2015380859375,504.2080993652344,True,677.834716796875,finite_positive,finite_positive,14.357963945390818,14.358189233006138
e20_query_a_merged,1,26,84,0.29899999499320984,0.4869999885559082,0.13100001215934753,True,0.4300000071525574,0.22134043276309967,-13.098785400390625,True,504.2015380859375,504.2038269042969,True,677.83349609375,finite_positive,finite_positive,14.357963945390818,14.358042534426804
e20_query_a_merged,1,27,85,0.29899999499320984,0.4869999885559082,0.13600000739097595,True,0.4350000023841858,0.22333863377571106,-13.020723342895508,True,504.20147705078125,504.2023620605469,True,677.8346557617188,finite_positive,finite_positive,14.357961849678311,14.357992237484869
e20_query_a_merged,1,28,86,0.29899999499320984,0.4869999885559082,0.14100000262260437,True,0.4399999976158142,0.22144034504890442,-13.094864845275879,True,504.20147705078125,504.205322265625,True,677.83349609375,finite_positive,finite_positive,14.357961849678311,14.358093879070971
e20_query_a_merged,1,29,87,0.29899999499320984,0.4869999885559082,0.1459999978542328,True,0.4449999928474426,0.22276172041893005,-13.043188095092773,True,504.2014465332031,504.19622802734375,True,677.8345336914062,finite_positive,finite_positive,14.35796080182196,14.35778161745339
e20_query_a_merged,1,30,88,0.29899999499320984,0.4869999885559082,0.1509999930858612,True,0.44999998807907104,0.2217545360326767,-13.082550048828125,True,504.20159912109375,504.20635986328125,True,677.8335571289062,finite_positive,finite_positive,14.357966041103076,14.358129505877434
e20_query_a_merged,1,31,89,0.29899999499320984,0.4869999885559082,0.156000018119812,True,0.45500001311302185,0.22203226387500763,-13.071678161621094,True,504.19952392578125,504.1908874511719,True,677.8344116210938,finite_positive,finite_positive,14.357894786744046,14.35759823971743
e20_query_a_merged,1,32,90,0.29899999499320984,0.4869999885559082,0.16100001335144043,True,0.46000000834465027,0.22161290049552917,-13.088099479675293,True,504.19482421875,504.20697021484375,True,677.8338623046875,finite_positive,finite_positive,14.357733415493833,14.358150462788167
e20_query_a_merged,1,33,91,0.29899999499320984,0.4869999885559082,0.16600000858306885,True,0.4650000035762787,0.21213246881961823,-13.467857360839844,True,504.23541259765625,504.1893615722656,True,677.8427734375,finite_positive,finite_positive,14.35912702669333,14.357545845721814
e20_query_a_merged,1,34,92,0.29899999499320984,0.4869999885559082,0.17100000381469727,False,0.4699999988079071,0.19425734877586365,-14.232450485229492,True,504.2060546875,504.2060546875,False,677.8411865234375,finite_positive,finite_positive,14.358119027412554,14.358119027412554
e20_query_a_merged,1,35,93,0.29899999499320984,0.4869999885559082,0.17599999904632568,False,0.4749999940395355,0.1586322784423828,-15.992168426513672,True,504.1882019042969,504.1882019042969,False,677.8319091796875,finite_positive,finite_positive,14.357506026179099,14.357506026179099
e20_query_a_merged,1,36,94,0.29899999499320984,0.4869999885559082,0.1809999942779541,False,0.47999998927116394,0.11967733502388,-18.439762115478516,True,504.2078552246094,504.2078552246094,False,677.8386840820312,finite_positive,finite_positive,14.358180850263665,14.358180850263665
e20_query_a_merged,1,37,95,0.29899999499320984,0.4869999885559082,0.1860000193119049,False,0.48500001430511475,0.06947701424360275,-23.163177490234375,False,nan,nan,False,677.8202514648438,nan,nan,,
e20_query_b_merged,1,0,58,0.29899999499320984,0.4860000014305115,0.0010000169277191162,False,0.30000001192092896,0.098081573843956,-20.168251037597656,False,nan,nan,False,677.8377075195312,nan,nan,,
e20_query_b_merged,1,1,59,0.29899999499320984,0.4860000014305115,0.006000012159347534,False,0.3050000071525574,0.1479043811559677,-16.600379943847656,True,504.212890625,504.212890625,False,677.8321533203125,finite_positive,finite_positive,14.358353743505752,14.358353743505752
e20_query_b_merged,1,2,60,0.29899999499320984,0.4860000014305115,0.011000007390975952,False,0.3100000023841858,0.18380855023860931,-14.712686538696289,True,504.20025634765625,504.20025634765625,False,677.8143920898438,finite_positive,finite_positive,14.357919935374838,14.357919935374838
e20_query_b_merged,1,3,61,0.29899999499320984,0.4860000014305115,0.01600000262260437,False,0.3149999976158142,0.21037092804908752,-13.540285110473633,True,504.2112121582031,504.2112121582031,False,677.8230590820312,finite_positive,finite_positive,14.358296112616905,14.358296112616905
e20_query_b_merged,1,4,62,0.29899999499320984,0.4860000014305115,0.020999997854232788,True,0.3199999928474426,0.22076666355133057,-13.121330261230469,True,504.2174072265625,504.2005920410156,True,677.8343505859375,finite_positive,finite_positive,14.358508822035779,14.357931461818406
e20_query_b_merged,1,5,63,0.29899999499320984,0.4860000014305115,0.025999993085861206,True,0.32499998807907104,0.22199560701847076,-13.073112487792969,True,504.2030944824219,504.20989990234375,True,677.834716796875,finite_positive,finite_positive,14.358017385974104,14.35825105560654
e20_query_b_merged,1,6,64,0.29899999499320984,0.4860000014305115,0.03100001811981201,True,0.33000001311302185,0.2213324010372162,-13.099100112915039,True,504.2028503417969,504.20294189453125,True,677.83349609375,finite_positive,finite_positive,14.358009003148421,14.358012146708525
e20_query_b_merged,1,7,65,0.29899999499320984,0.4860000014305115,0.03600001335144043,True,0.33500000834465027,0.2231432944536209,-13.02832317352295,True,504.2019348144531,504.20489501953125,True,677.834716796875,finite_positive,finite_positive,14.357977567515949,14.358079209188176
e20_query_b_merged,1,8,66,0.29899999499320984,0.4860000014305115,0.04100000858306885,True,0.3400000035762787,0.2213812619447708,-13.097183227539062,True,504.2014465332031,504.20477294921875,True,677.83349609375,finite_positive,finite_positive,14.35796080182196,14.35807501779081
e20_query_b_merged,1,9,67,0.29899999499320984,0.4860000014305115,0.046000003814697266,True,0.3449999988079071,0.2231205701828003,-13.029208183288574,True,504.201171875,504.19879150390625,True,677.8345947265625,finite_positive,finite_positive,14.357951371111955,14.357869638076718
e20_query_b_merged,1,10,68,0.29899999499320984,0.4860000014305115,0.050999999046325684,True,0.3499999940395355,0.22159813344478607,-13.088678359985352,True,504.2008056640625,504.20587158203125,True,677.83349609375,finite_positive,finite_positive,14.357938796823957,14.358112740330585
e20_query_b_merged,1,11,69,0.29899999499320984,0.4860000014305115,0.0559999942779541,True,0.35499998927116394,0.22225259244441986,-13.063063621520996,True,504.20013427734375,504.1930847167969,True,677.83447265625,finite_positive,finite_positive,14.357915743938905,14.357673686792548
e20_query_b_merged,1,12,70,0.29899999499320984,0.4860000014305115,0.06100001931190491,True,0.36000001430511475,0.22206935286521912,-13.07022762298584,True,504.19744873046875,504.2068786621094,True,677.8335571289062,finite_positive,finite_positive,14.357823532091743,14.35814731925317
e20_query_b_merged,1,13,71,0.29899999499320984,0.4860000014305115,0.06600001454353333,True,0.36500000953674316,0.2199755758047104,-13.152510643005371,True,504.17706298828125,504.1893615722656,True,677.8350219726562,finite_positive,finite_positive,14.357123544327568,14.357545845721814
e20_query_b_merged,1,14,72,0.29899999499320984,0.4860000014305115,0.07100000977516174,True,0.3700000047683716,0.21117353439331055,-13.507210731506348,True,504.1994934082031,504.2066345214844,True,677.8449096679688,finite_positive,finite_positive,14.357893738883634,14.358138936490402
e20_query_b_merged,1,15,73,0.29899999499320984,0.4860000014305115,0.07600000500679016,True,0.375,0.18559902906417847,-14.628485679626465,True,504.22320556640625,504.18914794921875,True,677.8368530273438,finite_positive,finite_positive,14.358707907301449,14.357538510549777
e20_query_b_merged,1,16,74,0.29899999499320984,0.4860000014305115,0.08100000023841858,True,0.3799999952316284,0.1546565741300583,-16.212631225585938,True,504.2164001464844,504.20635986328125,True,677.8363037109375,finite_positive,finite_positive,14.35847424383523,14.358129505877434
e20_query_b_merged,1,17,75,0.29899999499320984,0.4860000014305115,0.085999995470047,True,0.38499999046325684,0.106411412358284,-19.460235595703125,True,504.3704833984375,503.9674072265625,True,677.8212890625,finite_positive,finite_positive,14.363763905610522,14.349922925582405
e20_query_b_merged,1,18,76,0.29899999499320984,0.4860000014305115,0.09099999070167542,True,0.38999998569488525,0.07258796691894531,-22.78270721435547,False,nan,nan,False,667.2648315429688,nan,nan,,
e20_query_b_merged,1,19,77,0.29899999499320984,0.4860000014305115,0.09600001573562622,True,0.39500001072883606,0.08921898156404495,-20.990854263305664,False,nan,nan,False,540.7650756835938,nan,nan,,
e20_query_b_merged,1,20,78,0.29899999499320984,0.4860000014305115,0.10100001096725464,True,0.4000000059604645,0.1375674307346344,-17.229686737060547,True,400.228515625,400.1004943847656,True,537.9871826171875,finite_positive,finite_positive,10.359845241720281,10.354306651235222
e20_query_b_merged,1,21,79,0.29899999499320984,0.4860000014305115,0.10600000619888306,True,0.4050000011920929,0.1766802966594696,-15.05623722076416,True,400.1960754394531,400.2021789550781,True,538.0084838867188,finite_positive,finite_positive,10.35844194765774,10.35870598156864
e20_query_b_merged,1,22,80,0.29899999499320984,0.4860000014305115,0.11100000143051147,True,0.4099999964237213,0.20588865876197815,-13.727351188659668,True,399.9837951660156,400.20123291015625,True,538.00732421875,finite_positive,finite_positive,10.349256341784809,10.358665056576157
e20_query_b_merged,1,23,81,0.29899999499320984,0.4860000014305115,0.11599999666213989,True,0.41499999165534973,0.22040246427059174,-13.13567066192627,True,400.2801513671875,400.2012939453125,True,537.995361328125,finite_positive,finite_positive,10.36207866051595,10.358667696901172
e20_query_b_merged,1,24,82,0.29899999499320984,0.4860000014305115,0.12099999189376831,True,0.41999998688697815,0.22220075130462646,-13.065089225769043,True,400.16314697265625,400.2019348144531,True,537.9971313476562,finite_positive,finite_positive,10.357017415239344,10.35869542028952
e20_query_b_merged,1,25,83,0.29899999499320984,0.4860000014305115,0.12600001692771912,True,0.42500001192092896,0.22220087051391602,-13.065085411071777,True,400.2099914550781,400.2020568847656,True,537.9971313476562,finite_positive,finite_positive,10.359043939098742,10.358700700929887
e20_query_b_merged,1,26,84,0.29899999499320984,0.4860000014305115,0.13100001215934753,True,0.4300000071525574,0.22220098972320557,-13.065080642700195,True,400.1930847167969,400.2022705078125,True,537.9971313476562,finite_positive,finite_positive,10.358312569571392,10.358709942046648
e20_query_b_merged,1,27,85,0.29899999499320984,0.4860000014305115,0.13600000739097595,True,0.4350000023841858,0.22220110893249512,-13.065074920654297,True,400.1990661621094,400.2023620605469,True,537.9971313476562,finite_positive,finite_positive,10.358571324777236,10.358713902523753
e20_query_b_merged,1,28,86,0.29899999499320984,0.4860000014305115,0.14100000262260437,True,0.4399999976158142,0.22220125794410706,-13.065070152282715,True,400.1981201171875,400.20257568359375,True,537.9971313476562,finite_positive,finite_positive,10.358530399466432,10.35872314363347
e20_query_b_merged,1,29,87,0.29899999499320984,0.4860000014305115,0.1459999978542328,True,0.4449999928474426,0.2222013920545578,-13.065064430236816,True,400.196044921875,400.20281982421875,True,537.9971313476562,finite_positive,finite_positive,10.358440627478071,10.358733704895679
e20_query_b_merged,1,30,88,0.29899999499320984,0.4860000014305115,0.1509999930858612,True,0.44999998807907104,0.22220155596733093,-13.065058708190918,True,400.2042541503906,400.20294189453125,True,537.9971313476562,finite_positive,finite_positive,10.358795752181042,10.358738985524369
e20_query_b_merged,1,31,89,0.29899999499320984,0.4860000014305115,0.156000018119812,True,0.45500001311302185,0.22220171988010406,-13.065052032470703,True,400.1819763183594,400.2030944824219,True,537.9971313476562,finite_positive,finite_positive,10.357832013928341,10.358745586307961
e20_query_b_merged,1,32,90,0.29899999499320984,0.4860000014305115,0.16100001335144043,True,0.46000000834465027,0.22138740122318268,-13.096941947937012,True,400.2437744140625,400.20263671875,True,537.9966430664062,finite_positive,finite_positive,10.360505265446383,10.358725783949627
e20_query_b_merged,1,33,91,0.29899999499320984,0.4860000014305115,0.16600000858306885,True,0.4650000035762787,0.21329455077648163,-13.420405387878418,True,400.115234375,400.199951171875,True,537.9865112304688,finite_positive,finite_positive,10.35494443857337,10.358609609657822
e20_query_b_merged,1,34,92,0.29899999499320984,0.4860000014305115,0.17100000381469727,False,0.4699999988079071,0.1930219978094101,-14.287863731384277,True,400.1977233886719,400.1977233886719,False,537.9932861328125,finite_positive,finite_positive,10.35851323721053,10.35851323721053
e20_query_b_merged,1,35,93,0.29899999499320984,0.4860000014305115,0.17599999904632568,False,0.4749999940395355,0.16090504825115204,-15.868606567382812,True,400.1977233886719,400.1977233886719,False,538.0001831054688,finite_positive,finite_positive,10.35851323721053,10.35851323721053
e20_query_b_merged,1,36,94,0.29899999499320984,0.4860000014305115,0.1809999942779541,False,0.47999998927116394,0.11819049715995789,-18.548349380493164,True,400.200439453125,400.200439453125,False,538.0050048828125,finite_positive,finite_positive,10.358630732314317,10.358630732314317
e20_query_b_merged,1,37,95,0.29899999499320984,0.4860000014305115,0.1860000193119049,False,0.48500001430511475,0.07171767950057983,-22.887475967407227,False,nan,nan,False,538.0219116210938,nan,nan,,
e21_query_a_merged,2,0,91,0.46299999952316284,0.6520000100135803,0.0020000040531158447,False,0.4650000035762787,0.07444898039102554,-22.56282615661621,False,nan,nan,False,333.083251953125,nan,nan,,
e21_query_a_merged,2,1,92,0.46299999952316284,0.6520000100135803,0.006999999284744263,False,0.4699999988079071,0.11937723308801651,-18.461570739746094,True,267.2207946777344,267.2207946777344,False,333.19866943359375,finite_positive,finite_positive,3.366345078705033,3.366345078705033
e21_query_a_merged,2,2,93,0.46299999952316284,0.6520000100135803,0.01199999451637268,False,0.4749999940395355,0.15230825543403625,-16.345531463623047,True,267.0939636230469,267.0939636230469,False,333.2393493652344,finite_positive,finite_positive,3.3581261687435573,3.3581261687435573
e21_query_a_merged,2,3,94,0.46299999952316284,0.6520000100135803,0.0169999897480011,False,0.47999998927116394,0.1685105264186859,-15.467458724975586,True,267.0787658691406,267.0787658691406,False,333.18536376953125,finite_positive,finite_positive,3.357141061583036,3.357141061583036
e21_query_a_merged,2,4,95,0.46299999952316284,0.6520000100135803,0.022000014781951904,True,0.48500001430511475,0.18274059891700745,-14.763298988342285,True,535.42626953125,267.13818359375,True,333.21014404296875,finite_positive,finite_positive,15.398212796104758,3.360992155730812
e21_query_a_merged,2,5,96,0.46299999952316284,0.6520000100135803,0.027000010013580322,True,0.49000000953674316,0.18353810906410217,-14.72547435760498,True,534.5263061523438,267.146484375,True,333.20208740234375,finite_positive,finite_positive,15.36908912002192,3.3615300935005665
e21_query_a_merged,2,6,97,0.46299999952316284,0.6520000100135803,0.03200000524520874,True,0.4950000047683716,0.17706046998500824,-15.037568092346191,True,530.1848754882812,267.0797119140625,True,333.18524169921875,finite_positive,finite_positive,15.227903897728137,3.357202385150808
e21_query_a_merged,2,7,98,0.46299999952316284,0.6520000100135803,0.03700000047683716,True,0.5,0.18363745510578156,-14.72077465057373,True,537.5355224609375,267.1336975097656,True,333.2104797363281,finite_positive,finite_positive,15.46627887676237,3.36070142505171
e21_query_a_merged,2,8,99,0.46299999952316284,0.6520000100135803,0.041999995708465576,True,0.5049999952316284,0.183525949716568,-14.72605037689209,True,534.9815063476562,267.1454162597656,True,333.201416015625,finite_positive,finite_positive,15.383825957203314,3.3614608745039867
e21_query_a_merged,2,9,100,0.46299999952316284,0.6520000100135803,0.046999990940093994,True,0.5099999904632568,0.1771102398633957,-15.035126686096191,True,530.2847290039062,267.08154296875,True,333.1851806640625,finite_positive,finite_positive,15.23116414782767,3.3573210753100717
e21_query_a_merged,2,10,101,0.46299999952316284,0.6520000100135803,0.05199998617172241,True,0.5149999856948853,0.1836189329624176,-14.721651077270508,True,537.6422729492188,267.1324768066406,True,333.2112121582031,finite_positive,finite_positive,15.469716635270093,3.3606223138178204
e21_query_a_merged,2,11,102,0.46299999952316284,0.6520000100135803,0.05699998140335083,True,0.5199999809265137,0.18349263072013855,-14.727627754211426,True,534.988037109375,267.14410400390625,True,333.2007751464844,finite_positive,finite_positive,15.384037295500242,3.3613758336436046
e21_query_a_merged,2,12,103,0.46299999952316284,0.6520000100135803,0.06199997663497925,True,0.5249999761581421,0.1771852821111679,-15.031447410583496,True,530.6925659179688,267.0835266113281,True,333.1851501464844,finite_positive,finite_positive,15.244473785842487,3.35744965539769
e21_query_a_merged,2,13,104,0.46299999952316284,0.6520000100135803,0.06699997186660767,True,0.5299999713897705,0.18225891888141632,-14.786224365234375,True,537.3816528320312,267.129150390625,True,333.20892333984375,finite_positive,finite_positive,15.461322507125303,3.3604067338706747
e21_query_a_merged,2,14,105,0.46299999952316284,0.6520000100135803,0.07200002670288086,True,0.5350000262260437,0.17264866828918457,-15.256734848022461,True,531.5797119140625,267.1563415527344,True,333.2315368652344,finite_positive,finite_positive,15.273390246227411,3.362168872892897
e21_query_a_merged,2,15,106,0.46299999952316284,0.6520000100135803,0.07700002193450928,True,0.5400000214576721,0.15028628706932068,-16.461612701416016,True,523.5935668945312,267.0788879394531,True,333.1990966796875,finite_positive,finite_positive,15.011326176523017,3.357148974313663
e21_query_a_merged,2,16,107,0.46299999952316284,0.6520000100135803,0.0820000171661377,True,0.5450000166893005,0.12801358103752136,-17.85487937927246,True,536.1930541992188,267.08502197265625,True,333.2220153808594,finite_positive,finite_positive,15.422988085662318,3.357546584370904
e21_query_a_merged,2,17,108,0.46299999952316284,0.6520000100135803,0.08700001239776611,True,0.550000011920929,0.08896725624799728,-21.015396118164062,True,556.9782104492188,267.25152587890625,True,333.1953125,finite_positive,finite_positive,16.081408382766618,3.36833593584954
e21_query_a_merged,2,18,109,0.46299999952316284,0.6520000100135803,0.09200000762939453,True,0.5550000071525574,0.0553475022315979,-25.138038635253906,False,nan,nan,False,367.2290344238281,nan,nan,,
e21_query_a_merged,2,19,110,0.46299999952316284,0.6520000100135803,0.09700000286102295,True,0.5600000023841858,0.07471588999032974,-22.531740188598633,False,nan,nan,False,827.66796875,nan,nan,,
e21_query_a_merged,2,20,111,0.46299999952316284,0.6520000100135803,0.10199999809265137,True,0.5649999976158142,0.11279943585395813,-18.953861236572266,True,662.99658203125,672.9967651367188,True,839.5968627929688,finite_positive,finite_positive,19.097974908389507,19.35715255877951
e21_query_a_merged,2,21,112,0.46299999952316284,0.6520000100135803,0.10699999332427979,True,0.5699999928474426,0.14575546979904175,-16.727502822875977,True,666.3982543945312,673.0979614257812,True,839.609130859375,finite_positive,finite_positive,19.18657317446899,19.35975556224037
e21_query_a_merged,2,22,113,0.46299999952316284,0.6520000100135803,0.1119999885559082,True,0.574999988079071,0.16893085837364197,-15.445819854736328,True,670.99755859375,673.0938720703125,True,839.611083984375,finite_positive,finite_positive,19.30564792174389,19.35965038211299
e21_query_a_merged,2,23,114,0.46299999952316284,0.6520000100135803,0.11699998378753662,True,0.5799999833106995,0.1793067902326584,-14.928065299987793,True,672.8522338867188,673.095947265625,True,839.609130859375,finite_positive,finite_positive,19.353434200742353,19.35970375718286
e21_query_a_merged,2,24,115,0.46299999952316284,0.6520000100135803,0.12199997901916504,True,0.5849999785423279,0.18246793746948242,-14.77626895904541,True,673.0625,673.0968017578125,True,839.6090698242188,finite_positive,finite_positive,19.35884345659599,19.359725735104977
e21_query_a_merged,2,25,116,0.46299999952316284,0.6520000100135803,0.12699997425079346,True,0.5899999737739563,0.18124744296073914,-14.834562301635742,True,673.0925903320312,673.0946044921875,True,839.6087036132812,finite_positive,finite_positive,19.35961741507586,19.359669220391737
e21_query_a_merged,2,26,117,0.46299999952316284,0.6520000100135803,0.13200002908706665,True,0.5950000286102295,0.17992347478866577,-14.898242950439453,True,673.0960083007812,673.0945434570312,True,839.6087036132812,finite_positive,finite_positive,19.359705327035368,19.359667650535954
e21_query_a_merged,2,27,118,0.46299999952316284,0.6520000100135803,0.13700002431869507,True,0.6000000238418579,0.18243195116519928,-14.777981758117676,True,673.0957641601562,673.0973510742188,True,839.6090087890625,finite_positive,finite_positive,19.359699047624495,19.359739863754463
e21_query_a_merged,2,28,119,0.46299999952316284,0.6520000100135803,0.1420000195503235,True,0.6050000190734863,0.18091915547847748,-14.850309371948242,True,673.0955200195312,673.0963745117188,True,839.6085205078125,finite_positive,finite_positive,19.359692768211342,19.35971474614741
e21_query_a_merged,2,29,120,0.46299999952316284,0.6520000100135803,0.1470000147819519,True,0.6100000143051147,0.1804979145526886,-14.870556831359863,True,673.0953369140625,673.0940551757812,True,839.60888671875,finite_positive,finite_positive,19.35968805864998,19.359655091684598
e21_query_a_merged,2,30,121,0.46299999952316284,0.6520000100135803,0.15200001001358032,True,0.6150000095367432,0.18290773034095764,-14.755358695983887,True,673.0935668945312,673.095703125,True,839.6089477539062,finite_positive,finite_positive,19.35964253282413,19.359697477771416
e21_query_a_merged,2,31,122,0.46299999952316284,0.6520000100135803,0.15700000524520874,True,0.6200000047683716,0.1809341162443161,-14.849591255187988,True,673.0792236328125,673.0968017578125,True,839.6084594726562,finite_positive,finite_positive,19.35927361223328,19.359725735104977
e21_query_a_merged,2,32,123,0.46299999952316284,0.6520000100135803,0.16200000047683716,True,0.625,0.18122242391109467,-14.835761070251465,True,672.9655151367188,673.0952758789062,True,839.608642578125,finite_positive,finite_positive,19.356348657142206,19.35968648879591
e21_query_a_merged,2,33,124,0.46299999952316284,0.6520000100135803,0.16699999570846558,True,0.6299999952316284,0.17445839941501617,-15.166162490844727,True,671.9217529296875,673.0946655273438,True,839.6071166992188,finite_positive,finite_positive,19.32947656045949,19.35967079024737
e21_query_a_merged,2,34,125,0.46299999952316284,0.6520000100135803,0.171999990940094,False,0.6349999904632568,0.1567605584859848,-16.095264434814453,True,673.0955810546875,673.0955810546875,False,839.6082763671875,finite_positive,finite_positive,19.35969433806484,19.35969433806484
e21_query_a_merged,2,35,126,0.46299999952316284,0.6520000100135803,0.1769999861717224,False,0.6399999856948853,0.1310320645570755,-17.652448654174805,True,673.0943603515625,673.0943603515625,False,839.6090698242188,finite_positive,finite_positive,19.359662940967766,19.359662940967766
e21_query_a_merged,2,36,127,0.46299999952316284,0.6520000100135803,0.18199998140335083,False,0.6449999809265137,0.09403660893440247,-20.534061431884766,True,673.100830078125,673.100830078125,False,839.6085205078125,finite_positive,finite_positive,19.359829344933445,19.359829344933445
e21_query_a_merged,2,37,128,0.46299999952316284,0.6520000100135803,0.18699997663497925,False,0.6499999761581421,0.057322729378938675,-24.83346176147461,False,nan,nan,False,839.608154296875,nan,nan,,
