query_id,group_id,length,stage,family,source,delay_s,mode,method,accepted_present,accepted_absent,correct_singleton,source_covered,absent_false_accept,joint_best,joint_account_set
e08_query_a_exact,e08,4,core,exact,a,16,intact,accounts,"[""e08_reference_a""]",[],true,true,false,true,true
e08_query_a_exact,e08,4,core,exact,a,16,intact,old07,"[""e08_reference_a""]",[],true,true,false,,
e08_query_a_exact,e08,4,core,exact,a,16,intact,count,[],[],false,false,false,,
e08_query_a_exact,e08,4,core,exact,a,16,intact,envelope,"[""e08_reference_a""]",[],true,true,false,,
e08_query_a_transpose,e08,4,core,transpose,a,16,intact,accounts,"[""e08_reference_a""]",[],true,true,false,true,true
e08_query_a_transpose,e08,4,core,transpose,a,16,intact,old07,"[""e08_reference_a""]",[],true,true,false,,
e08_query_a_transpose,e08,4,core,transpose,a,16,intact,count,[],[],false,false,false,,
e08_query_a_transpose,e08,4,core,transpose,a,16,intact,envelope,[],[],false,false,false,,
e08_query_a_detune,e08,4,core,detune,a,16,intact,accounts,[],[],false,false,false,false,false
e08_query_a_detune,e08,4,core,detune,a,16,intact,old07,[],[],false,false,false,,
e08_query_a_detune,e08,4,core,detune,a,16,intact,count,[],[],false,false,false,,
e08_query_a_detune,e08,4,core,detune,a,16,intact,envelope,"[""e08_reference_a""]",[],true,true,false,,
e08_query_a_timing,e08,4,core,timing,a,16,intact,accounts,"[""e08_reference_a""]",[],true,true,false,true,true
e08_query_a_timing,e08,4,core,timing,a,16,intact,old07,"[""e08_reference_a""]",[],true,true,false,,
e08_query_a_timing,e08,4,core,timing,a,16,intact,count,[],[],false,false,false,,
e08_query_a_timing,e08,4,core,timing,a,16,intact,envelope,[],[],false,false,false,,
e08_query_a_delete_rest,e08,4,core,delete_rest,a,16,intact,accounts,[],[],false,false,false,false,false
e08_query_a_delete_rest,e08,4,core,delete_rest,a,16,intact,old07,[],[],false,false,false,,
e08_query_a_delete_rest,e08,4,core,delete_rest,a,16,intact,count,[],[],false,false,false,,
e08_query_a_delete_rest,e08,4,core,delete_rest,a,16,intact,envelope,[],[],false,false,false,,
e08_query_a_delete_closed,e08,4,core,delete_closed,a,16,intact,accounts,[],[],false,false,false,false,false
e08_query_a_delete_closed,e08,4,core,delete_closed,a,16,intact,old07,[],[],false,false,false,,
e08_query_a_delete_closed,e08,4,core,delete_closed,a,16,intact,count,[],[],false,false,false,,
e08_query_a_delete_closed,e08,4,core,delete_closed,a,16,intact,envelope,[],[],false,false,false,,
e08_query_a_delete_two,e08,4,core,delete_two,a,16,intact,accounts,[],[],false,false,false,false,false
e08_query_a_delete_two,e08,4,core,delete_two,a,16,intact,old07,[],[],false,false,false,,
e08_query_a_delete_two,e08,4,core,delete_two,a,16,intact,count,[],[],false,false,false,,
e08_query_a_delete_two,e08,4,core,delete_two,a,16,intact,envelope,[],[],false,false,false,,
e08_query_a_substitute,e08,4,core,substitute,a,16,intact,accounts,[],[],false,false,false,false,false
e08_query_a_substitute,e08,4,core,substitute,a,16,intact,old07,[],[],false,false,false,,
e08_query_a_substitute,e08,4,core,substitute,a,16,intact,count,[],[],false,false,false,,
e08_query_a_substitute,e08,4,core,substitute,a,16,intact,envelope,[],[],false,false,false,,
e08_query_a_insert,e08,4,core,insert,a,16,intact,accounts,[],[],false,false,false,false,false
e08_query_a_insert,e08,4,core,insert,a,16,intact,old07,[],[],false,false,false,,
e08_query_a_insert,e08,4,core,insert,a,16,intact,count,[],[],false,false,false,,
e08_query_a_insert,e08,4,core,insert,a,16,intact,envelope,[],[],false,false,false,,
e08_query_a_delete_insert,e08,4,core,delete_insert,a,16,intact,accounts,[],[],false,false,false,false,false
e08_query_a_delete_insert,e08,4,core,delete_insert,a,16,intact,old07,[],[],false,false,false,,
e08_query_a_delete_insert,e08,4,core,delete_insert,a,16,intact,count,[],[],false,false,false,,
e08_query_a_delete_insert,e08,4,core,delete_insert,a,16,intact,envelope,[],[],false,false,false,,
e08_query_a_weak_present,e08,4,core,weak_present,a,16,intact,accounts,[],[],false,false,false,false,false
e08_query_a_weak_present,e08,4,core,weak_present,a,16,intact,old07,[],[],false,false,false,,
e08_query_a_weak_present,e08,4,core,weak_present,a,16,intact,count,[],[],false,false,false,,
e08_query_a_weak_present,e08,4,core,weak_present,a,16,intact,envelope,[],[],false,false,false,,
e08_query_a_mask_present,e08,4,core,mask_present,a,16,intact,accounts,[],[],false,false,false,false,false
e08_query_a_mask_present,e08,4,core,mask_present,a,16,intact,old07,[],[],false,false,false,,
e08_query_a_mask_present,e08,4,core,mask_present,a,16,intact,count,[],[],false,false,false,,
e08_query_a_mask_present,e08,4,core,mask_present,a,16,intact,envelope,[],[],false,false,false,,
e08_query_a_mask_absent,e08,4,core,mask_absent,a,16,intact,accounts,[],[],false,false,false,false,false
e08_query_a_mask_absent,e08,4,core,mask_absent,a,16,intact,old07,[],[],false,false,false,,
e08_query_a_mask_absent,e08,4,core,mask_absent,a,16,intact,count,[],[],false,false,false,,
e08_query_a_mask_absent,e08,4,core,mask_absent,a,16,intact,envelope,[],[],false,false,false,,
e08_query_a_merged,e08,4,core,merged,a,16,intact,accounts,[],[],false,false,false,false,false
e08_query_a_merged,e08,4,core,merged,a,16,intact,old07,[],[],false,false,false,,
e08_query_a_merged,e08,4,core,merged,a,16,intact,count,[],[],false,false,false,,
e08_query_a_merged,e08,4,core,merged,a,16,intact,envelope,[],[],false,false,false,,
e08_query_a_legitimate_rest,e08,4,core,legitimate_rest,a,16,intact,accounts,"[""e08_reference_a""]",[],true,true,false,true,true
e08_query_a_legitimate_rest,e08,4,core,legitimate_rest,a,16,intact,old07,[],[],false,false,false,,
e08_query_a_legitimate_rest,e08,4,core,legitimate_rest,a,16,intact,count,[],[],false,false,false,,
e08_query_a_legitimate_rest,e08,4,core,legitimate_rest,a,16,intact,envelope,[],[],false,false,false,,
e08_query_b_exact,e08,4,core,exact,b,16,intact,accounts,"[""e08_reference_b""]",[],true,true,false,true,true
e08_query_b_exact,e08,4,core,exact,b,16,intact,old07,"[""e08_reference_b""]",[],true,true,false,,
e08_query_b_exact,e08,4,core,exact,b,16,intact,count,[],[],false,false,false,,
e08_query_b_exact,e08,4,core,exact,b,16,intact,envelope,"[""e08_reference_b"",""e08_distractor_1"",""e08_distractor_2""]","[""e08_distractor_1"",""e08_distractor_2""]",false,true,true,,
e08_query_b_transpose,e08,4,core,transpose,b,16,intact,accounts,"[""e08_reference_b""]",[],true,true,false,true,true
e08_query_b_transpose,e08,4,core,transpose,b,16,intact,old07,"[""e08_reference_b""]",[],true,true,false,,
e08_query_b_transpose,e08,4,core,transpose,b,16,intact,count,[],[],false,false,false,,
e08_query_b_transpose,e08,4,core,transpose,b,16,intact,envelope,[],[],false,false,false,,
e08_query_b_detune,e08,4,core,detune,b,16,intact,accounts,[],[],false,false,false,false,false
e08_query_b_detune,e08,4,core,detune,b,16,intact,old07,[],[],false,false,false,,
e08_query_b_detune,e08,4,core,detune,b,16,intact,count,[],[],false,false,false,,
e08_query_b_detune,e08,4,core,detune,b,16,intact,envelope,"[""e08_reference_b"",""e08_distractor_2""]","[""e08_distractor_2""]",false,true,true,,
e08_query_b_timing,e08,4,core,timing,b,16,intact,accounts,"[""e08_reference_b""]",[],true,true,false,true,true
e08_query_b_timing,e08,4,core,timing,b,16,intact,old07,"[""e08_reference_b""]",[],true,true,false,,
e08_query_b_timing,e08,4,core,timing,b,16,intact,count,[],[],false,false,false,,
e08_query_b_timing,e08,4,core,timing,b,16,intact,envelope,[],[],false,false,false,,
e08_query_b_delete_rest,e08,4,core,delete_rest,b,16,intact,accounts,[],[],false,false,false,false,false
e08_query_b_delete_rest,e08,4,core,delete_rest,b,16,intact,old07,[],[],false,false,false,,
e08_query_b_delete_rest,e08,4,core,delete_rest,b,16,intact,count,[],[],false,false,false,,
e08_query_b_delete_rest,e08,4,core,delete_rest,b,16,intact,envelope,[],[],false,false,false,,
e08_query_b_delete_closed,e08,4,core,delete_closed,b,16,intact,accounts,[],[],false,false,false,false,false
e08_query_b_delete_closed,e08,4,core,delete_closed,b,16,intact,old07,[],[],false,false,false,,
e08_query_b_delete_closed,e08,4,core,delete_closed,b,16,intact,count,[],[],false,false,false,,
e08_query_b_delete_closed,e08,4,core,delete_closed,b,16,intact,envelope,[],[],false,false,false,,
e08_query_b_delete_two,e08,4,core,delete_two,b,16,intact,accounts,[],[],false,false,false,false,false
e08_query_b_delete_two,e08,4,core,delete_two,b,16,intact,old07,[],[],false,false,false,,
e08_query_b_delete_two,e08,4,core,delete_two,b,16,intact,count,[],[],false,false,false,,
e08_query_b_delete_two,e08,4,core,delete_two,b,16,intact,envelope,[],[],false,false,false,,
e08_query_b_substitute,e08,4,core,substitute,b,16,intact,accounts,[],[],false,false,false,false,false
e08_query_b_substitute,e08,4,core,substitute,b,16,intact,old07,[],[],false,false,false,,
e08_query_b_substitute,e08,4,core,substitute,b,16,intact,count,[],[],false,false,false,,
e08_query_b_substitute,e08,4,core,substitute,b,16,intact,envelope,"[""e08_reference_b"",""e08_distractor_2""]","[""e08_distractor_2""]",false,true,true,,
e08_query_b_insert,e08,4,core,insert,b,16,intact,accounts,[],[],false,false,false,false,false
e08_query_b_insert,e08,4,core,insert,b,16,intact,old07,[],[],false,false,false,,
e08_query_b_insert,e08,4,core,insert,b,16,intact,count,[],[],false,false,false,,
e08_query_b_insert,e08,4,core,insert,b,16,intact,envelope,[],[],false,false,false,,
e08_query_b_delete_insert,e08,4,core,delete_insert,b,16,intact,accounts,[],[],false,false,false,false,false
e08_query_b_delete_insert,e08,4,core,delete_insert,b,16,intact,old07,[],[],false,false,false,,
e08_query_b_delete_insert,e08,4,core,delete_insert,b,16,intact,count,[],[],false,false,false,,
e08_query_b_delete_insert,e08,4,core,delete_insert,b,16,intact,envelope,[],[],false,false,false,,
e08_query_b_weak_present,e08,4,core,weak_present,b,16,intact,accounts,[],[],false,false,false,false,false
e08_query_b_weak_present,e08,4,core,weak_present,b,16,intact,old07,[],[],false,false,false,,
e08_query_b_weak_present,e08,4,core,weak_present,b,16,intact,count,[],[],false,false,false,,
e08_query_b_weak_present,e08,4,core,weak_present,b,16,intact,envelope,[],[],false,false,false,,
e08_query_b_mask_present,e08,4,core,mask_present,b,16,intact,accounts,[],[],false,false,false,false,false
e08_query_b_mask_present,e08,4,core,mask_present,b,16,intact,old07,[],[],false,false,false,,
e08_query_b_mask_present,e08,4,core,mask_present,b,16,intact,count,[],[],false,false,false,,
e08_query_b_mask_present,e08,4,core,mask_present,b,16,intact,envelope,[],[],false,false,false,,
e08_query_b_mask_absent,e08,4,core,mask_absent,b,16,intact,accounts,[],[],false,false,false,false,false
e08_query_b_mask_absent,e08,4,core,mask_absent,b,16,intact,old07,[],[],false,false,false,,
e08_query_b_mask_absent,e08,4,core,mask_absent,b,16,intact,count,[],[],false,false,false,,
e08_query_b_mask_absent,e08,4,core,mask_absent,b,16,intact,envelope,[],[],false,false,false,,
e08_query_b_merged,e08,4,core,merged,b,16,intact,accounts,[],[],false,false,false,false,false
e08_query_b_merged,e08,4,core,merged,b,16,intact,old07,[],[],false,false,false,,
e08_query_b_merged,e08,4,core,merged,b,16,intact,count,[],[],false,false,false,,
e08_query_b_merged,e08,4,core,merged,b,16,intact,envelope,[],[],false,false,false,,
e08_query_b_legitimate_rest,e08,4,core,legitimate_rest,b,16,intact,accounts,"[""e08_reference_b""]",[],true,true,false,true,true
e08_query_b_legitimate_rest,e08,4,core,legitimate_rest,b,16,intact,old07,[],[],false,false,false,,
e08_query_b_legitimate_rest,e08,4,core,legitimate_rest,b,16,intact,count,[],[],false,false,false,,
e08_query_b_legitimate_rest,e08,4,core,legitimate_rest,b,16,intact,envelope,[],[],false,false,false,,
e09_query_a_exact,e09,6,core,exact,a,16,intact,accounts,"[""e09_reference_a""]",[],true,true,false,true,true
e09_query_a_exact,e09,6,core,exact,a,16,intact,old07,"[""e09_reference_a""]",[],true,true,false,,
e09_query_a_exact,e09,6,core,exact,a,16,intact,count,[],[],false,false,false,,
e09_query_a_exact,e09,6,core,exact,a,16,intact,envelope,"[""e09_reference_a"",""e09_distractor_0""]","[""e09_distractor_0""]",false,true,true,,
e09_query_a_transpose,e09,6,core,transpose,a,16,intact,accounts,"[""e09_reference_a""]",[],true,true,false,true,true
e09_query_a_transpose,e09,6,core,transpose,a,16,intact,old07,"[""e09_reference_a""]",[],true,true,false,,
e09_query_a_transpose,e09,6,core,transpose,a,16,intact,count,[],[],false,false,false,,
e09_query_a_transpose,e09,6,core,transpose,a,16,intact,envelope,[],[],false,false,false,,
e09_query_a_detune,e09,6,core,detune,a,16,intact,accounts,[],[],false,false,false,false,false
e09_query_a_detune,e09,6,core,detune,a,16,intact,old07,[],[],false,false,false,,
e09_query_a_detune,e09,6,core,detune,a,16,intact,count,[],[],false,false,false,,
e09_query_a_detune,e09,6,core,detune,a,16,intact,envelope,"[""e09_reference_a"",""e09_distractor_0""]","[""e09_distractor_0""]",false,true,true,,
e09_query_a_timing,e09,6,core,timing,a,16,intact,accounts,"[""e09_reference_a""]",[],true,true,false,true,true
e09_query_a_timing,e09,6,core,timing,a,16,intact,old07,"[""e09_reference_a""]",[],true,true,false,,
e09_query_a_timing,e09,6,core,timing,a,16,intact,count,[],[],false,false,false,,
e09_query_a_timing,e09,6,core,timing,a,16,intact,envelope,[],[],false,false,false,,
e09_query_a_delete_rest,e09,6,core,delete_rest,a,16,intact,accounts,"[""e09_reference_a""]",[],true,true,false,true,true
e09_query_a_delete_rest,e09,6,core,delete_rest,a,16,intact,old07,"[""e09_reference_a""]",[],true,true,false,,
e09_query_a_delete_rest,e09,6,core,delete_rest,a,16,intact,count,[],[],false,false,false,,
e09_query_a_delete_rest,e09,6,core,delete_rest,a,16,intact,envelope,[],[],false,false,false,,
e09_query_a_delete_closed,e09,6,core,delete_closed,a,16,intact,accounts,"[""e09_reference_a""]",[],true,true,false,true,true
e09_query_a_delete_closed,e09,6,core,delete_closed,a,16,intact,old07,[],[],false,false,false,,
e09_query_a_delete_closed,e09,6,core,delete_closed,a,16,intact,count,[],[],false,false,false,,
e09_query_a_delete_closed,e09,6,core,delete_closed,a,16,intact,envelope,[],[],false,false,false,,
e09_query_a_delete_two,e09,6,core,delete_two,a,16,intact,accounts,[],[],false,false,false,false,false
e09_query_a_delete_two,e09,6,core,delete_two,a,16,intact,old07,[],[],false,false,false,,
e09_query_a_delete_two,e09,6,core,delete_two,a,16,intact,count,[],[],false,false,false,,
e09_query_a_delete_two,e09,6,core,delete_two,a,16,intact,envelope,[],[],false,false,false,,
e09_query_a_substitute,e09,6,core,substitute,a,16,intact,accounts,[],[],false,false,false,false,false
e09_query_a_substitute,e09,6,core,substitute,a,16,intact,old07,[],[],false,false,false,,
e09_query_a_substitute,e09,6,core,substitute,a,16,intact,count,[],[],false,false,false,,
e09_query_a_substitute,e09,6,core,substitute,a,16,intact,envelope,"[""e09_reference_a"",""e09_distractor_0""]","[""e09_distractor_0""]",false,true,true,,
e09_query_a_insert,e09,6,core,insert,a,16,intact,accounts,[],[],false,false,false,false,false
e09_query_a_insert,e09,6,core,insert,a,16,intact,old07,[],[],false,false,false,,
e09_query_a_insert,e09,6,core,insert,a,16,intact,count,[],[],false,false,false,,
e09_query_a_insert,e09,6,core,insert,a,16,intact,envelope,[],[],false,false,false,,
e09_query_a_delete_insert,e09,6,core,delete_insert,a,16,intact,accounts,[],[],false,false,false,false,false
e09_query_a_delete_insert,e09,6,core,delete_insert,a,16,intact,old07,[],[],false,false,false,,
e09_query_a_delete_insert,e09,6,core,delete_insert,a,16,intact,count,[],[],false,false,false,,
e09_query_a_delete_insert,e09,6,core,delete_insert,a,16,intact,envelope,[],[],false,false,false,,
e09_query_a_weak_present,e09,6,core,weak_present,a,16,intact,accounts,"[""e09_reference_a""]",[],true,true,false,false,false
e09_query_a_weak_present,e09,6,core,weak_present,a,16,intact,old07,"[""e09_reference_a""]",[],true,true,false,,
e09_query_a_weak_present,e09,6,core,weak_present,a,16,intact,count,[],[],false,false,false,,
e09_query_a_weak_present,e09,6,core,weak_present,a,16,intact,envelope,[],[],false,false,false,,
e09_query_a_mask_present,e09,6,core,mask_present,a,16,intact,accounts,[],[],false,false,false,false,false
e09_query_a_mask_present,e09,6,core,mask_present,a,16,intact,old07,[],[],false,false,false,,
e09_query_a_mask_present,e09,6,core,mask_present,a,16,intact,count,[],[],false,false,false,,
e09_query_a_mask_present,e09,6,core,mask_present,a,16,intact,envelope,[],[],false,false,false,,
e09_query_a_mask_absent,e09,6,core,mask_absent,a,16,intact,accounts,[],[],false,false,false,false,false
e09_query_a_mask_absent,e09,6,core,mask_absent,a,16,intact,old07,[],[],false,false,false,,
e09_query_a_mask_absent,e09,6,core,mask_absent,a,16,intact,count,[],[],false,false,false,,
e09_query_a_mask_absent,e09,6,core,mask_absent,a,16,intact,envelope,[],[],false,false,false,,
e09_query_a_merged,e09,6,core,merged,a,16,intact,accounts,[],[],false,false,false,false,false
e09_query_a_merged,e09,6,core,merged,a,16,intact,old07,[],[],false,false,false,,
e09_query_a_merged,e09,6,core,merged,a,16,intact,count,[],[],false,false,false,,
e09_query_a_merged,e09,6,core,merged,a,16,intact,envelope,[],[],false,false,false,,
e09_query_a_legitimate_rest,e09,6,core,legitimate_rest,a,16,intact,accounts,"[""e09_reference_a""]",[],true,true,false,true,true
e09_query_a_legitimate_rest,e09,6,core,legitimate_rest,a,16,intact,old07,[],[],false,false,false,,
e09_query_a_legitimate_rest,e09,6,core,legitimate_rest,a,16,intact,count,[],[],false,false,false,,
e09_query_a_legitimate_rest,e09,6,core,legitimate_rest,a,16,intact,envelope,[],[],false,false,false,,
e09_query_b_exact,e09,6,core,exact,b,16,intact,accounts,"[""e09_reference_b""]",[],true,true,false,true,true
e09_query_b_exact,e09,6,core,exact,b,16,intact,old07,"[""e09_reference_b""]",[],true,true,false,,
e09_query_b_exact,e09,6,core,exact,b,16,intact,count,[],[],false,false,false,,
e09_query_b_exact,e09,6,core,exact,b,16,intact,envelope,"[""e09_reference_b""]",[],true,true,false,,
e09_query_b_transpose,e09,6,core,transpose,b,16,intact,accounts,"[""e09_reference_b""]",[],true,true,false,true,true
e09_query_b_transpose,e09,6,core,transpose,b,16,intact,old07,"[""e09_reference_b""]",[],true,true,false,,
e09_query_b_transpose,e09,6,core,transpose,b,16,intact,count,[],[],false,false,false,,
e09_query_b_transpose,e09,6,core,transpose,b,16,intact,envelope,[],[],false,false,false,,
e09_query_b_detune,e09,6,core,detune,b,16,intact,accounts,[],[],false,false,false,false,false
e09_query_b_detune,e09,6,core,detune,b,16,intact,old07,[],[],false,false,false,,
e09_query_b_detune,e09,6,core,detune,b,16,intact,count,[],[],false,false,false,,
e09_query_b_detune,e09,6,core,detune,b,16,intact,envelope,[],[],false,false,false,,
e09_query_b_timing,e09,6,core,timing,b,16,intact,accounts,"[""e09_reference_b""]",[],true,true,false,true,true
e09_query_b_timing,e09,6,core,timing,b,16,intact,old07,"[""e09_reference_b""]",[],true,true,false,,
e09_query_b_timing,e09,6,core,timing,b,16,intact,count,[],[],false,false,false,,
e09_query_b_timing,e09,6,core,timing,b,16,intact,envelope,[],[],false,false,false,,
e09_query_b_delete_rest,e09,6,core,delete_rest,b,16,intact,accounts,"[""e09_reference_b""]",[],true,true,false,true,true
e09_query_b_delete_rest,e09,6,core,delete_rest,b,16,intact,old07,"[""e09_reference_b""]",[],true,true,false,,
e09_query_b_delete_rest,e09,6,core,delete_rest,b,16,intact,count,[],[],false,false,false,,
e09_query_b_delete_rest,e09,6,core,delete_rest,b,16,intact,envelope,[],[],false,false,false,,
e09_query_b_delete_closed,e09,6,core,delete_closed,b,16,intact,accounts,"[""e09_reference_b""]",[],true,true,false,true,true
e09_query_b_delete_closed,e09,6,core,delete_closed,b,16,intact,old07,[],[],false,false,false,,
e09_query_b_delete_closed,e09,6,core,delete_closed,b,16,intact,count,[],[],false,false,false,,
e09_query_b_delete_closed,e09,6,core,delete_closed,b,16,intact,envelope,[],[],false,false,false,,
e09_query_b_delete_two,e09,6,core,delete_two,b,16,intact,accounts,[],[],false,false,false,false,false
e09_query_b_delete_two,e09,6,core,delete_two,b,16,intact,old07,[],[],false,false,false,,
e09_query_b_delete_two,e09,6,core,delete_two,b,16,intact,count,[],[],false,false,false,,
e09_query_b_delete_two,e09,6,core,delete_two,b,16,intact,envelope,[],[],false,false,false,,
e09_query_b_substitute,e09,6,core,substitute,b,16,intact,accounts,[],[],false,false,false,false,false
e09_query_b_substitute,e09,6,core,substitute,b,16,intact,old07,[],[],false,false,false,,
e09_query_b_substitute,e09,6,core,substitute,b,16,intact,count,[],[],false,false,false,,
e09_query_b_substitute,e09,6,core,substitute,b,16,intact,envelope,"[""e09_reference_b""]",[],true,true,false,,
e09_query_b_insert,e09,6,core,insert,b,16,intact,accounts,[],[],false,false,false,false,false
e09_query_b_insert,e09,6,core,insert,b,16,intact,old07,[],[],false,false,false,,
e09_query_b_insert,e09,6,core,insert,b,16,intact,count,[],[],false,false,false,,
e09_query_b_insert,e09,6,core,insert,b,16,intact,envelope,[],[],false,false,false,,
e09_query_b_delete_insert,e09,6,core,delete_insert,b,16,intact,accounts,[],[],false,false,false,false,false
e09_query_b_delete_insert,e09,6,core,delete_insert,b,16,intact,old07,[],[],false,false,false,,
e09_query_b_delete_insert,e09,6,core,delete_insert,b,16,intact,count,[],[],false,false,false,,
e09_query_b_delete_insert,e09,6,core,delete_insert,b,16,intact,envelope,[],[],false,false,false,,
e09_query_b_weak_present,e09,6,core,weak_present,b,16,intact,accounts,"[""e09_reference_b""]",[],true,true,false,false,false
e09_query_b_weak_present,e09,6,core,weak_present,b,16,intact,old07,"[""e09_reference_b""]",[],true,true,false,,
e09_query_b_weak_present,e09,6,core,weak_present,b,16,intact,count,[],[],false,false,false,,
e09_query_b_weak_present,e09,6,core,weak_present,b,16,intact,envelope,[],[],false,false,false,,
e09_query_b_mask_present,e09,6,core,mask_present,b,16,intact,accounts,[],[],false,false,false,false,false
e09_query_b_mask_present,e09,6,core,mask_present,b,16,intact,old07,[],[],false,false,false,,
e09_query_b_mask_present,e09,6,core,mask_present,b,16,intact,count,[],[],false,false,false,,
e09_query_b_mask_present,e09,6,core,mask_present,b,16,intact,envelope,[],[],false,false,false,,
e09_query_b_mask_absent,e09,6,core,mask_absent,b,16,intact,accounts,[],[],false,false,false,false,false
e09_query_b_mask_absent,e09,6,core,mask_absent,b,16,intact,old07,[],[],false,false,false,,
e09_query_b_mask_absent,e09,6,core,mask_absent,b,16,intact,count,[],[],false,false,false,,
e09_query_b_mask_absent,e09,6,core,mask_absent,b,16,intact,envelope,[],[],false,false,false,,
e09_query_b_merged,e09,6,core,merged,b,16,intact,accounts,[],[],false,false,false,false,false
e09_query_b_merged,e09,6,core,merged,b,16,intact,old07,[],[],false,false,false,,
e09_query_b_merged,e09,6,core,merged,b,16,intact,count,[],[],false,false,false,,
e09_query_b_merged,e09,6,core,merged,b,16,intact,envelope,[],[],false,false,false,,
e09_query_b_legitimate_rest,e09,6,core,legitimate_rest,b,16,intact,accounts,"[""e09_reference_b""]",[],true,true,false,true,true
e09_query_b_legitimate_rest,e09,6,core,legitimate_rest,b,16,intact,old07,[],[],false,false,false,,
e09_query_b_legitimate_rest,e09,6,core,legitimate_rest,b,16,intact,count,[],[],false,false,false,,
e09_query_b_legitimate_rest,e09,6,core,legitimate_rest,b,16,intact,envelope,[],[],false,false,false,,
e10_query_a_exact,e10,8,core,exact,a,16,intact,accounts,"[""e10_reference_a""]",[],true,true,false,true,true
e10_query_a_exact,e10,8,core,exact,a,16,intact,old07,"[""e10_reference_a""]",[],true,true,false,,
e10_query_a_exact,e10,8,core,exact,a,16,intact,count,[],[],false,false,false,,
e10_query_a_exact,e10,8,core,exact,a,16,intact,envelope,"[""e10_reference_a"",""e10_distractor_0""]","[""e10_distractor_0""]",false,true,true,,
e10_query_a_transpose,e10,8,core,transpose,a,16,intact,accounts,"[""e10_reference_a""]",[],true,true,false,true,true
e10_query_a_transpose,e10,8,core,transpose,a,16,intact,old07,"[""e10_reference_a""]",[],true,true,false,,
e10_query_a_transpose,e10,8,core,transpose,a,16,intact,count,[],[],false,false,false,,
e10_query_a_transpose,e10,8,core,transpose,a,16,intact,envelope,[],[],false,false,false,,
e10_query_a_detune,e10,8,core,detune,a,16,intact,accounts,[],[],false,false,false,false,false
e10_query_a_detune,e10,8,core,detune,a,16,intact,old07,[],[],false,false,false,,
e10_query_a_detune,e10,8,core,detune,a,16,intact,count,[],[],false,false,false,,
e10_query_a_detune,e10,8,core,detune,a,16,intact,envelope,[],[],false,false,false,,
e10_query_a_timing,e10,8,core,timing,a,16,intact,accounts,"[""e10_reference_a""]",[],true,true,false,true,true
e10_query_a_timing,e10,8,core,timing,a,16,intact,old07,"[""e10_reference_a""]",[],true,true,false,,
e10_query_a_timing,e10,8,core,timing,a,16,intact,count,[],[],false,false,false,,
e10_query_a_timing,e10,8,core,timing,a,16,intact,envelope,[],[],false,false,false,,
e10_query_a_delete_rest,e10,8,core,delete_rest,a,16,intact,accounts,[],[],false,false,false,false,false
e10_query_a_delete_rest,e10,8,core,delete_rest,a,16,intact,old07,"[""e10_reference_a""]",[],true,true,false,,
e10_query_a_delete_rest,e10,8,core,delete_rest,a,16,intact,count,[],[],false,false,false,,
e10_query_a_delete_rest,e10,8,core,delete_rest,a,16,intact,envelope,[],[],false,false,false,,
e10_query_a_delete_closed,e10,8,core,delete_closed,a,16,intact,accounts,[],[],false,false,false,false,false
e10_query_a_delete_closed,e10,8,core,delete_closed,a,16,intact,old07,[],[],false,false,false,,
e10_query_a_delete_closed,e10,8,core,delete_closed,a,16,intact,count,[],[],false,false,false,,
e10_query_a_delete_closed,e10,8,core,delete_closed,a,16,intact,envelope,[],[],false,false,false,,
e10_query_a_delete_two,e10,8,core,delete_two,a,16,intact,accounts,[],[],false,false,false,false,false
e10_query_a_delete_two,e10,8,core,delete_two,a,16,intact,old07,[],[],false,false,false,,
e10_query_a_delete_two,e10,8,core,delete_two,a,16,intact,count,[],[],false,false,false,,
e10_query_a_delete_two,e10,8,core,delete_two,a,16,intact,envelope,[],[],false,false,false,,
e10_query_a_substitute,e10,8,core,substitute,a,16,intact,accounts,[],[],false,false,false,false,false
e10_query_a_substitute,e10,8,core,substitute,a,16,intact,old07,[],[],false,false,false,,
e10_query_a_substitute,e10,8,core,substitute,a,16,intact,count,[],[],false,false,false,,
e10_query_a_substitute,e10,8,core,substitute,a,16,intact,envelope,"[""e10_reference_a"",""e10_distractor_0""]","[""e10_distractor_0""]",false,true,true,,
e10_query_a_insert,e10,8,core,insert,a,16,intact,accounts,[],[],false,false,false,false,false
e10_query_a_insert,e10,8,core,insert,a,16,intact,old07,[],[],false,false,false,,
e10_query_a_insert,e10,8,core,insert,a,16,intact,count,[],[],false,false,false,,
e10_query_a_insert,e10,8,core,insert,a,16,intact,envelope,[],[],false,false,false,,
e10_query_a_delete_insert,e10,8,core,delete_insert,a,16,intact,accounts,[],[],false,false,false,false,false
e10_query_a_delete_insert,e10,8,core,delete_insert,a,16,intact,old07,[],[],false,false,false,,
e10_query_a_delete_insert,e10,8,core,delete_insert,a,16,intact,count,[],[],false,false,false,,
e10_query_a_delete_insert,e10,8,core,delete_insert,a,16,intact,envelope,[],[],false,false,false,,
e10_query_a_weak_present,e10,8,core,weak_present,a,16,intact,accounts,[],[],false,false,false,false,false
e10_query_a_weak_present,e10,8,core,weak_present,a,16,intact,old07,"[""e10_reference_a""]",[],true,true,false,,
e10_query_a_weak_present,e10,8,core,weak_present,a,16,intact,count,[],[],false,false,false,,
e10_query_a_weak_present,e10,8,core,weak_present,a,16,intact,envelope,[],[],false,false,false,,
e10_query_a_mask_present,e10,8,core,mask_present,a,16,intact,accounts,[],[],false,false,false,false,false
e10_query_a_mask_present,e10,8,core,mask_present,a,16,intact,old07,[],[],false,false,false,,
e10_query_a_mask_present,e10,8,core,mask_present,a,16,intact,count,[],[],false,false,false,,
e10_query_a_mask_present,e10,8,core,mask_present,a,16,intact,envelope,[],[],false,false,false,,
e10_query_a_mask_absent,e10,8,core,mask_absent,a,16,intact,accounts,[],[],false,false,false,false,false
e10_query_a_mask_absent,e10,8,core,mask_absent,a,16,intact,old07,[],[],false,false,false,,
e10_query_a_mask_absent,e10,8,core,mask_absent,a,16,intact,count,[],[],false,false,false,,
e10_query_a_mask_absent,e10,8,core,mask_absent,a,16,intact,envelope,[],[],false,false,false,,
e10_query_a_merged,e10,8,core,merged,a,16,intact,accounts,[],[],false,false,false,false,false
e10_query_a_merged,e10,8,core,merged,a,16,intact,old07,[],[],false,false,false,,
e10_query_a_merged,e10,8,core,merged,a,16,intact,count,[],[],false,false,false,,
e10_query_a_merged,e10,8,core,merged,a,16,intact,envelope,[],[],false,false,false,,
e10_query_a_legitimate_rest,e10,8,core,legitimate_rest,a,16,intact,accounts,"[""e10_reference_a""]",[],true,true,false,true,true
e10_query_a_legitimate_rest,e10,8,core,legitimate_rest,a,16,intact,old07,[],[],false,false,false,,
e10_query_a_legitimate_rest,e10,8,core,legitimate_rest,a,16,intact,count,[],[],false,false,false,,
e10_query_a_legitimate_rest,e10,8,core,legitimate_rest,a,16,intact,envelope,[],[],false,false,false,,
e10_query_b_exact,e10,8,core,exact,b,16,intact,accounts,"[""e10_reference_b""]",[],true,true,false,true,true
e10_query_b_exact,e10,8,core,exact,b,16,intact,old07,"[""e10_reference_b""]",[],true,true,false,,
e10_query_b_exact,e10,8,core,exact,b,16,intact,count,[],[],false,false,false,,
e10_query_b_exact,e10,8,core,exact,b,16,intact,envelope,"[""e10_reference_b"",""e10_distractor_1""]","[""e10_distractor_1""]",false,true,true,,
e10_query_b_transpose,e10,8,core,transpose,b,16,intact,accounts,"[""e10_reference_b""]",[],true,true,false,true,true
e10_query_b_transpose,e10,8,core,transpose,b,16,intact,old07,"[""e10_reference_b""]",[],true,true,false,,
e10_query_b_transpose,e10,8,core,transpose,b,16,intact,count,[],[],false,false,false,,
e10_query_b_transpose,e10,8,core,transpose,b,16,intact,envelope,[],[],false,false,false,,
e10_query_b_detune,e10,8,core,detune,b,16,intact,accounts,[],[],false,false,false,false,false
e10_query_b_detune,e10,8,core,detune,b,16,intact,old07,[],[],false,false,false,,
e10_query_b_detune,e10,8,core,detune,b,16,intact,count,[],[],false,false,false,,
e10_query_b_detune,e10,8,core,detune,b,16,intact,envelope,[],[],false,false,false,,
e10_query_b_timing,e10,8,core,timing,b,16,intact,accounts,"[""e10_reference_b""]",[],true,true,false,true,true
e10_query_b_timing,e10,8,core,timing,b,16,intact,old07,"[""e10_reference_b""]",[],true,true,false,,
e10_query_b_timing,e10,8,core,timing,b,16,intact,count,[],[],false,false,false,,
e10_query_b_timing,e10,8,core,timing,b,16,intact,envelope,[],[],false,false,false,,
e10_query_b_delete_rest,e10,8,core,delete_rest,b,16,intact,accounts,[],[],false,false,false,false,false
e10_query_b_delete_rest,e10,8,core,delete_rest,b,16,intact,old07,"[""e10_reference_b""]",[],true,true,false,,
e10_query_b_delete_rest,e10,8,core,delete_rest,b,16,intact,count,[],[],false,false,false,,
e10_query_b_delete_rest,e10,8,core,delete_rest,b,16,intact,envelope,[],[],false,false,false,,
e10_query_b_delete_closed,e10,8,core,delete_closed,b,16,intact,accounts,[],[],false,false,false,false,false
e10_query_b_delete_closed,e10,8,core,delete_closed,b,16,intact,old07,[],[],false,false,false,,
e10_query_b_delete_closed,e10,8,core,delete_closed,b,16,intact,count,[],[],false,false,false,,
e10_query_b_delete_closed,e10,8,core,delete_closed,b,16,intact,envelope,[],[],false,false,false,,
e10_query_b_delete_two,e10,8,core,delete_two,b,16,intact,accounts,[],[],false,false,false,false,false
e10_query_b_delete_two,e10,8,core,delete_two,b,16,intact,old07,[],[],false,false,false,,
e10_query_b_delete_two,e10,8,core,delete_two,b,16,intact,count,[],[],false,false,false,,
e10_query_b_delete_two,e10,8,core,delete_two,b,16,intact,envelope,[],[],false,false,false,,
e10_query_b_substitute,e10,8,core,substitute,b,16,intact,accounts,[],[],false,false,false,false,false
e10_query_b_substitute,e10,8,core,substitute,b,16,intact,old07,[],[],false,false,false,,
e10_query_b_substitute,e10,8,core,substitute,b,16,intact,count,[],[],false,false,false,,
e10_query_b_substitute,e10,8,core,substitute,b,16,intact,envelope,"[""e10_reference_b"",""e10_distractor_1""]","[""e10_distractor_1""]",false,true,true,,
e10_query_b_insert,e10,8,core,insert,b,16,intact,accounts,[],[],false,false,false,false,false
e10_query_b_insert,e10,8,core,insert,b,16,intact,old07,[],[],false,false,false,,
e10_query_b_insert,e10,8,core,insert,b,16,intact,count,[],[],false,false,false,,
e10_query_b_insert,e10,8,core,insert,b,16,intact,envelope,[],[],false,false,false,,
e10_query_b_delete_insert,e10,8,core,delete_insert,b,16,intact,accounts,[],[],false,false,false,false,false
e10_query_b_delete_insert,e10,8,core,delete_insert,b,16,intact,old07,[],[],false,false,false,,
e10_query_b_delete_insert,e10,8,core,delete_insert,b,16,intact,count,[],[],false,false,false,,
e10_query_b_delete_insert,e10,8,core,delete_insert,b,16,intact,envelope,[],[],false,false,false,,
e10_query_b_weak_present,e10,8,core,weak_present,b,16,intact,accounts,[],[],false,false,false,false,false
e10_query_b_weak_present,e10,8,core,weak_present,b,16,intact,old07,"[""e10_reference_b""]",[],true,true,false,,
e10_query_b_weak_present,e10,8,core,weak_present,b,16,intact,count,[],[],false,false,false,,
e10_query_b_weak_present,e10,8,core,weak_present,b,16,intact,envelope,[],[],false,false,false,,
e10_query_b_mask_present,e10,8,core,mask_present,b,16,intact,accounts,[],[],false,false,false,false,false
e10_query_b_mask_present,e10,8,core,mask_present,b,16,intact,old07,"[""e10_reference_b""]",[],true,true,false,,
e10_query_b_mask_present,e10,8,core,mask_present,b,16,intact,count,[],[],false,false,false,,
e10_query_b_mask_present,e10,8,core,mask_present,b,16,intact,envelope,[],[],false,false,false,,
e10_query_b_mask_absent,e10,8,core,mask_absent,b,16,intact,accounts,[],[],false,false,false,false,false
e10_query_b_mask_absent,e10,8,core,mask_absent,b,16,intact,old07,[],[],false,false,false,,
e10_query_b_mask_absent,e10,8,core,mask_absent,b,16,intact,count,[],[],false,false,false,,
e10_query_b_mask_absent,e10,8,core,mask_absent,b,16,intact,envelope,[],[],false,false,false,,
e10_query_b_merged,e10,8,core,merged,b,16,intact,accounts,[],[],false,false,false,false,false
e10_query_b_merged,e10,8,core,merged,b,16,intact,old07,[],[],false,false,false,,
e10_query_b_merged,e10,8,core,merged,b,16,intact,count,[],[],false,false,false,,
e10_query_b_merged,e10,8,core,merged,b,16,intact,envelope,[],[],false,false,false,,
e10_query_b_legitimate_rest,e10,8,core,legitimate_rest,b,16,intact,accounts,"[""e10_reference_b""]",[],true,true,false,true,true
e10_query_b_legitimate_rest,e10,8,core,legitimate_rest,b,16,intact,old07,[],[],false,false,false,,
e10_query_b_legitimate_rest,e10,8,core,legitimate_rest,b,16,intact,count,[],[],false,false,false,,
e10_query_b_legitimate_rest,e10,8,core,legitimate_rest,b,16,intact,envelope,[],[],false,false,false,,
e11_query_a_exact,e11,10,core,exact,a,16,intact,accounts,"[""e11_reference_a""]",[],true,true,false,true,true
e11_query_a_exact,e11,10,core,exact,a,16,intact,old07,"[""e11_reference_a""]",[],true,true,false,,
e11_query_a_exact,e11,10,core,exact,a,16,intact,count,[],[],false,false,false,,
e11_query_a_exact,e11,10,core,exact,a,16,intact,envelope,"[""e11_reference_a"",""e11_distractor_0""]","[""e11_distractor_0""]",false,true,true,,
e11_query_a_transpose,e11,10,core,transpose,a,16,intact,accounts,"[""e11_reference_a""]",[],true,true,false,true,true
e11_query_a_transpose,e11,10,core,transpose,a,16,intact,old07,"[""e11_reference_a""]",[],true,true,false,,
e11_query_a_transpose,e11,10,core,transpose,a,16,intact,count,[],[],false,false,false,,
e11_query_a_transpose,e11,10,core,transpose,a,16,intact,envelope,[],[],false,false,false,,
e11_query_a_detune,e11,10,core,detune,a,16,intact,accounts,[],[],false,false,false,false,false
e11_query_a_detune,e11,10,core,detune,a,16,intact,old07,[],[],false,false,false,,
e11_query_a_detune,e11,10,core,detune,a,16,intact,count,[],[],false,false,false,,
e11_query_a_detune,e11,10,core,detune,a,16,intact,envelope,[],[],false,false,false,,
e11_query_a_timing,e11,10,core,timing,a,16,intact,accounts,"[""e11_reference_a""]",[],true,true,false,true,true
e11_query_a_timing,e11,10,core,timing,a,16,intact,old07,"[""e11_reference_a""]",[],true,true,false,,
e11_query_a_timing,e11,10,core,timing,a,16,intact,count,[],[],false,false,false,,
e11_query_a_timing,e11,10,core,timing,a,16,intact,envelope,[],[],false,false,false,,
e11_query_a_delete_rest,e11,10,core,delete_rest,a,16,intact,accounts,[],[],false,false,false,false,false
e11_query_a_delete_rest,e11,10,core,delete_rest,a,16,intact,old07,"[""e11_reference_a""]",[],true,true,false,,
e11_query_a_delete_rest,e11,10,core,delete_rest,a,16,intact,count,[],[],false,false,false,,
e11_query_a_delete_rest,e11,10,core,delete_rest,a,16,intact,envelope,[],[],false,false,false,,
e11_query_a_delete_closed,e11,10,core,delete_closed,a,16,intact,accounts,[],[],false,false,false,false,false
e11_query_a_delete_closed,e11,10,core,delete_closed,a,16,intact,old07,[],[],false,false,false,,
e11_query_a_delete_closed,e11,10,core,delete_closed,a,16,intact,count,[],[],false,false,false,,
e11_query_a_delete_closed,e11,10,core,delete_closed,a,16,intact,envelope,[],[],false,false,false,,
e11_query_a_delete_two,e11,10,core,delete_two,a,16,intact,accounts,[],[],false,false,false,false,false
e11_query_a_delete_two,e11,10,core,delete_two,a,16,intact,old07,[],[],false,false,false,,
e11_query_a_delete_two,e11,10,core,delete_two,a,16,intact,count,[],[],false,false,false,,
e11_query_a_delete_two,e11,10,core,delete_two,a,16,intact,envelope,[],[],false,false,false,,
e11_query_a_substitute,e11,10,core,substitute,a,16,intact,accounts,[],[],false,false,false,false,false
e11_query_a_substitute,e11,10,core,substitute,a,16,intact,old07,[],[],false,false,false,,
e11_query_a_substitute,e11,10,core,substitute,a,16,intact,count,[],[],false,false,false,,
e11_query_a_substitute,e11,10,core,substitute,a,16,intact,envelope,[],[],false,false,false,,
e11_query_a_insert,e11,10,core,insert,a,16,intact,accounts,[],[],false,false,false,false,false
e11_query_a_insert,e11,10,core,insert,a,16,intact,old07,[],[],false,false,false,,
e11_query_a_insert,e11,10,core,insert,a,16,intact,count,[],[],false,false,false,,
e11_query_a_insert,e11,10,core,insert,a,16,intact,envelope,[],[],false,false,false,,
e11_query_a_delete_insert,e11,10,core,delete_insert,a,16,intact,accounts,[],[],false,false,false,false,false
e11_query_a_delete_insert,e11,10,core,delete_insert,a,16,intact,old07,[],[],false,false,false,,
e11_query_a_delete_insert,e11,10,core,delete_insert,a,16,intact,count,[],[],false,false,false,,
e11_query_a_delete_insert,e11,10,core,delete_insert,a,16,intact,envelope,[],[],false,false,false,,
e11_query_a_weak_present,e11,10,core,weak_present,a,16,intact,accounts,[],[],false,false,false,false,false
e11_query_a_weak_present,e11,10,core,weak_present,a,16,intact,old07,"[""e11_reference_a""]",[],true,true,false,,
e11_query_a_weak_present,e11,10,core,weak_present,a,16,intact,count,[],[],false,false,false,,
e11_query_a_weak_present,e11,10,core,weak_present,a,16,intact,envelope,[],[],false,false,false,,
e11_query_a_mask_present,e11,10,core,mask_present,a,16,intact,accounts,[],[],false,false,false,false,false
e11_query_a_mask_present,e11,10,core,mask_present,a,16,intact,old07,[],[],false,false,false,,
e11_query_a_mask_present,e11,10,core,mask_present,a,16,intact,count,[],[],false,false,false,,
e11_query_a_mask_present,e11,10,core,mask_present,a,16,intact,envelope,[],[],false,false,false,,
e11_query_a_mask_absent,e11,10,core,mask_absent,a,16,intact,accounts,[],[],false,false,false,false,false
e11_query_a_mask_absent,e11,10,core,mask_absent,a,16,intact,old07,[],[],false,false,false,,
e11_query_a_mask_absent,e11,10,core,mask_absent,a,16,intact,count,[],[],false,false,false,,
e11_query_a_mask_absent,e11,10,core,mask_absent,a,16,intact,envelope,[],[],false,false,false,,
e11_query_a_merged,e11,10,core,merged,a,16,intact,accounts,[],[],false,false,false,false,false
e11_query_a_merged,e11,10,core,merged,a,16,intact,old07,[],[],false,false,false,,
e11_query_a_merged,e11,10,core,merged,a,16,intact,count,[],[],false,false,false,,
e11_query_a_merged,e11,10,core,merged,a,16,intact,envelope,[],[],false,false,false,,
e11_query_a_legitimate_rest,e11,10,core,legitimate_rest,a,16,intact,accounts,"[""e11_reference_a""]",[],true,true,false,true,true
e11_query_a_legitimate_rest,e11,10,core,legitimate_rest,a,16,intact,old07,[],[],false,false,false,,
e11_query_a_legitimate_rest,e11,10,core,legitimate_rest,a,16,intact,count,[],[],false,false,false,,
e11_query_a_legitimate_rest,e11,10,core,legitimate_rest,a,16,intact,envelope,[],[],false,false,false,,
e11_query_b_exact,e11,10,core,exact,b,16,intact,accounts,"[""e11_reference_b""]",[],true,true,false,true,true
e11_query_b_exact,e11,10,core,exact,b,16,intact,old07,"[""e11_reference_b""]",[],true,true,false,,
e11_query_b_exact,e11,10,core,exact,b,16,intact,count,[],[],false,false,false,,
e11_query_b_exact,e11,10,core,exact,b,16,intact,envelope,"[""e11_reference_b""]",[],true,true,false,,
e11_query_b_transpose,e11,10,core,transpose,b,16,intact,accounts,"[""e11_reference_b""]",[],true,true,false,true,true
e11_query_b_transpose,e11,10,core,transpose,b,16,intact,old07,"[""e11_reference_b""]",[],true,true,false,,
e11_query_b_transpose,e11,10,core,transpose,b,16,intact,count,[],[],false,false,false,,
e11_query_b_transpose,e11,10,core,transpose,b,16,intact,envelope,[],[],false,false,false,,
e11_query_b_detune,e11,10,core,detune,b,16,intact,accounts,[],[],false,false,false,false,false
e11_query_b_detune,e11,10,core,detune,b,16,intact,old07,[],[],false,false,false,,
e11_query_b_detune,e11,10,core,detune,b,16,intact,count,[],[],false,false,false,,
e11_query_b_detune,e11,10,core,detune,b,16,intact,envelope,"[""e11_reference_b""]",[],true,true,false,,
e11_query_b_timing,e11,10,core,timing,b,16,intact,accounts,"[""e11_reference_b""]",[],true,true,false,true,true
e11_query_b_timing,e11,10,core,timing,b,16,intact,old07,"[""e11_reference_b""]",[],true,true,false,,
e11_query_b_timing,e11,10,core,timing,b,16,intact,count,[],[],false,false,false,,
e11_query_b_timing,e11,10,core,timing,b,16,intact,envelope,[],[],false,false,false,,
e11_query_b_delete_rest,e11,10,core,delete_rest,b,16,intact,accounts,[],[],false,false,false,false,false
e11_query_b_delete_rest,e11,10,core,delete_rest,b,16,intact,old07,"[""e11_reference_b""]",[],true,true,false,,
e11_query_b_delete_rest,e11,10,core,delete_rest,b,16,intact,count,[],[],false,false,false,,
e11_query_b_delete_rest,e11,10,core,delete_rest,b,16,intact,envelope,[],[],false,false,false,,
e11_query_b_delete_closed,e11,10,core,delete_closed,b,16,intact,accounts,[],[],false,false,false,false,false
e11_query_b_delete_closed,e11,10,core,delete_closed,b,16,intact,old07,[],[],false,false,false,,
e11_query_b_delete_closed,e11,10,core,delete_closed,b,16,intact,count,[],[],false,false,false,,
e11_query_b_delete_closed,e11,10,core,delete_closed,b,16,intact,envelope,[],[],false,false,false,,
e11_query_b_delete_two,e11,10,core,delete_two,b,16,intact,accounts,[],[],false,false,false,false,false
e11_query_b_delete_two,e11,10,core,delete_two,b,16,intact,old07,[],[],false,false,false,,
e11_query_b_delete_two,e11,10,core,delete_two,b,16,intact,count,[],[],false,false,false,,
e11_query_b_delete_two,e11,10,core,delete_two,b,16,intact,envelope,[],[],false,false,false,,
e11_query_b_substitute,e11,10,core,substitute,b,16,intact,accounts,[],[],false,false,false,false,false
e11_query_b_substitute,e11,10,core,substitute,b,16,intact,old07,[],[],false,false,false,,
e11_query_b_substitute,e11,10,core,substitute,b,16,intact,count,[],[],false,false,false,,
e11_query_b_substitute,e11,10,core,substitute,b,16,intact,envelope,"[""e11_reference_b""]",[],true,true,false,,
e11_query_b_insert,e11,10,core,insert,b,16,intact,accounts,[],[],false,false,false,false,false
e11_query_b_insert,e11,10,core,insert,b,16,intact,old07,[],[],false,false,false,,
e11_query_b_insert,e11,10,core,insert,b,16,intact,count,[],[],false,false,false,,
e11_query_b_insert,e11,10,core,insert,b,16,intact,envelope,[],[],false,false,false,,
e11_query_b_delete_insert,e11,10,core,delete_insert,b,16,intact,accounts,[],[],false,false,false,false,false
e11_query_b_delete_insert,e11,10,core,delete_insert,b,16,intact,old07,[],[],false,false,false,,
e11_query_b_delete_insert,e11,10,core,delete_insert,b,16,intact,count,[],[],false,false,false,,
e11_query_b_delete_insert,e11,10,core,delete_insert,b,16,intact,envelope,[],[],false,false,false,,
e11_query_b_weak_present,e11,10,core,weak_present,b,16,intact,accounts,[],[],false,false,false,false,false
e11_query_b_weak_present,e11,10,core,weak_present,b,16,intact,old07,"[""e11_reference_b""]",[],true,true,false,,
e11_query_b_weak_present,e11,10,core,weak_present,b,16,intact,count,[],[],false,false,false,,
e11_query_b_weak_present,e11,10,core,weak_present,b,16,intact,envelope,[],[],false,false,false,,
e11_query_b_mask_present,e11,10,core,mask_present,b,16,intact,accounts,[],[],false,false,false,false,false
e11_query_b_mask_present,e11,10,core,mask_present,b,16,intact,old07,[],[],false,false,false,,
e11_query_b_mask_present,e11,10,core,mask_present,b,16,intact,count,[],[],false,false,false,,
e11_query_b_mask_present,e11,10,core,mask_present,b,16,intact,envelope,[],[],false,false,false,,
e11_query_b_mask_absent,e11,10,core,mask_absent,b,16,intact,accounts,[],[],false,false,false,false,false
e11_query_b_mask_absent,e11,10,core,mask_absent,b,16,intact,old07,[],[],false,false,false,,
e11_query_b_mask_absent,e11,10,core,mask_absent,b,16,intact,count,[],[],false,false,false,,
e11_query_b_mask_absent,e11,10,core,mask_absent,b,16,intact,envelope,[],[],false,false,false,,
e11_query_b_merged,e11,10,core,merged,b,16,intact,accounts,[],[],false,false,false,false,false
e11_query_b_merged,e11,10,core,merged,b,16,intact,old07,[],[],false,false,false,,
e11_query_b_merged,e11,10,core,merged,b,16,intact,count,[],[],false,false,false,,
e11_query_b_merged,e11,10,core,merged,b,16,intact,envelope,[],[],false,false,false,,
e11_query_b_legitimate_rest,e11,10,core,legitimate_rest,b,16,intact,accounts,"[""e11_reference_b""]",[],true,true,false,true,true
e11_query_b_legitimate_rest,e11,10,core,legitimate_rest,b,16,intact,old07,[],[],false,false,false,,
e11_query_b_legitimate_rest,e11,10,core,legitimate_rest,b,16,intact,count,[],[],false,false,false,,
e11_query_b_legitimate_rest,e11,10,core,legitimate_rest,b,16,intact,envelope,[],[],false,false,false,,
e12_query_a_exact,e12,4,core,exact,a,16,intact,accounts,"[""e12_reference_a""]",[],true,true,false,true,true
e12_query_a_exact,e12,4,core,exact,a,16,intact,old07,"[""e12_reference_a""]",[],true,true,false,,
e12_query_a_exact,e12,4,core,exact,a,16,intact,count,[],[],false,false,false,,
e12_query_a_exact,e12,4,core,exact,a,16,intact,envelope,"[""e12_reference_a"",""e12_distractor_0""]","[""e12_distractor_0""]",false,true,true,,
e12_query_a_transpose,e12,4,core,transpose,a,16,intact,accounts,"[""e12_reference_a""]",[],true,true,false,true,true
e12_query_a_transpose,e12,4,core,transpose,a,16,intact,old07,"[""e12_reference_a""]",[],true,true,false,,
e12_query_a_transpose,e12,4,core,transpose,a,16,intact,count,[],[],false,false,false,,
e12_query_a_transpose,e12,4,core,transpose,a,16,intact,envelope,[],[],false,false,false,,
e12_query_a_detune,e12,4,core,detune,a,16,intact,accounts,[],[],false,false,false,false,false
e12_query_a_detune,e12,4,core,detune,a,16,intact,old07,[],[],false,false,false,,
e12_query_a_detune,e12,4,core,detune,a,16,intact,count,[],[],false,false,false,,
e12_query_a_detune,e12,4,core,detune,a,16,intact,envelope,"[""e12_reference_a"",""e12_distractor_0""]","[""e12_distractor_0""]",false,true,true,,
e12_query_a_timing,e12,4,core,timing,a,16,intact,accounts,"[""e12_reference_a""]",[],true,true,false,true,true
e12_query_a_timing,e12,4,core,timing,a,16,intact,old07,"[""e12_reference_a""]",[],true,true,false,,
e12_query_a_timing,e12,4,core,timing,a,16,intact,count,[],[],false,false,false,,
e12_query_a_timing,e12,4,core,timing,a,16,intact,envelope,[],[],false,false,false,,
e12_query_a_delete_rest,e12,4,core,delete_rest,a,16,intact,accounts,[],[],false,false,false,false,false
e12_query_a_delete_rest,e12,4,core,delete_rest,a,16,intact,old07,[],[],false,false,false,,
e12_query_a_delete_rest,e12,4,core,delete_rest,a,16,intact,count,[],[],false,false,false,,
e12_query_a_delete_rest,e12,4,core,delete_rest,a,16,intact,envelope,[],[],false,false,false,,
e12_query_a_delete_closed,e12,4,core,delete_closed,a,16,intact,accounts,[],[],false,false,false,false,false
e12_query_a_delete_closed,e12,4,core,delete_closed,a,16,intact,old07,[],[],false,false,false,,
e12_query_a_delete_closed,e12,4,core,delete_closed,a,16,intact,count,[],[],false,false,false,,
e12_query_a_delete_closed,e12,4,core,delete_closed,a,16,intact,envelope,[],[],false,false,false,,
e12_query_a_delete_two,e12,4,core,delete_two,a,16,intact,accounts,[],[],false,false,false,false,false
e12_query_a_delete_two,e12,4,core,delete_two,a,16,intact,old07,[],[],false,false,false,,
e12_query_a_delete_two,e12,4,core,delete_two,a,16,intact,count,[],[],false,false,false,,
e12_query_a_delete_two,e12,4,core,delete_two,a,16,intact,envelope,[],[],false,false,false,,
e12_query_a_substitute,e12,4,core,substitute,a,16,intact,accounts,[],[],false,false,false,false,false
e12_query_a_substitute,e12,4,core,substitute,a,16,intact,old07,[],[],false,false,false,,
e12_query_a_substitute,e12,4,core,substitute,a,16,intact,count,[],[],false,false,false,,
e12_query_a_substitute,e12,4,core,substitute,a,16,intact,envelope,"[""e12_reference_a""]",[],true,true,false,,
e12_query_a_insert,e12,4,core,insert,a,16,intact,accounts,[],[],false,false,false,false,false
e12_query_a_insert,e12,4,core,insert,a,16,intact,old07,[],[],false,false,false,,
e12_query_a_insert,e12,4,core,insert,a,16,intact,count,[],[],false,false,false,,
e12_query_a_insert,e12,4,core,insert,a,16,intact,envelope,[],[],false,false,false,,
e12_query_a_delete_insert,e12,4,core,delete_insert,a,16,intact,accounts,[],[],false,false,false,false,false
e12_query_a_delete_insert,e12,4,core,delete_insert,a,16,intact,old07,[],[],false,false,false,,
e12_query_a_delete_insert,e12,4,core,delete_insert,a,16,intact,count,[],[],false,false,false,,
e12_query_a_delete_insert,e12,4,core,delete_insert,a,16,intact,envelope,[],[],false,false,false,,
e12_query_a_weak_present,e12,4,core,weak_present,a,16,intact,accounts,[],[],false,false,false,false,false
e12_query_a_weak_present,e12,4,core,weak_present,a,16,intact,old07,[],[],false,false,false,,
e12_query_a_weak_present,e12,4,core,weak_present,a,16,intact,count,[],[],false,false,false,,
e12_query_a_weak_present,e12,4,core,weak_present,a,16,intact,envelope,[],[],false,false,false,,
e12_query_a_mask_present,e12,4,core,mask_present,a,16,intact,accounts,[],[],false,false,false,false,false
e12_query_a_mask_present,e12,4,core,mask_present,a,16,intact,old07,"[""e12_reference_a""]",[],true,true,false,,
e12_query_a_mask_present,e12,4,core,mask_present,a,16,intact,count,[],[],false,false,false,,
e12_query_a_mask_present,e12,4,core,mask_present,a,16,intact,envelope,[],[],false,false,false,,
e12_query_a_mask_absent,e12,4,core,mask_absent,a,16,intact,accounts,[],[],false,false,false,false,false
e12_query_a_mask_absent,e12,4,core,mask_absent,a,16,intact,old07,[],[],false,false,false,,
e12_query_a_mask_absent,e12,4,core,mask_absent,a,16,intact,count,[],[],false,false,false,,
e12_query_a_mask_absent,e12,4,core,mask_absent,a,16,intact,envelope,[],[],false,false,false,,
e12_query_a_merged,e12,4,core,merged,a,16,intact,accounts,[],[],false,false,false,false,false
e12_query_a_merged,e12,4,core,merged,a,16,intact,old07,[],[],false,false,false,,
e12_query_a_merged,e12,4,core,merged,a,16,intact,count,[],[],false,false,false,,
e12_query_a_merged,e12,4,core,merged,a,16,intact,envelope,[],[],false,false,false,,
e12_query_a_legitimate_rest,e12,4,core,legitimate_rest,a,16,intact,accounts,"[""e12_reference_a""]",[],true,true,false,true,true
e12_query_a_legitimate_rest,e12,4,core,legitimate_rest,a,16,intact,old07,[],[],false,false,false,,
e12_query_a_legitimate_rest,e12,4,core,legitimate_rest,a,16,intact,count,[],[],false,false,false,,
e12_query_a_legitimate_rest,e12,4,core,legitimate_rest,a,16,intact,envelope,[],[],false,false,false,,
e12_query_b_exact,e12,4,core,exact,b,16,intact,accounts,"[""e12_reference_b""]",[],true,true,false,true,true
e12_query_b_exact,e12,4,core,exact,b,16,intact,old07,"[""e12_reference_b""]",[],true,true,false,,
e12_query_b_exact,e12,4,core,exact,b,16,intact,count,[],[],false,false,false,,
e12_query_b_exact,e12,4,core,exact,b,16,intact,envelope,"[""e12_reference_b"",""e12_distractor_1""]","[""e12_distractor_1""]",false,true,true,,
e12_query_b_transpose,e12,4,core,transpose,b,16,intact,accounts,"[""e12_reference_b""]",[],true,true,false,true,true
e12_query_b_transpose,e12,4,core,transpose,b,16,intact,old07,"[""e12_reference_b""]",[],true,true,false,,
e12_query_b_transpose,e12,4,core,transpose,b,16,intact,count,[],[],false,false,false,,
e12_query_b_transpose,e12,4,core,transpose,b,16,intact,envelope,[],[],false,false,false,,
e12_query_b_detune,e12,4,core,detune,b,16,intact,accounts,[],[],false,false,false,false,false
e12_query_b_detune,e12,4,core,detune,b,16,intact,old07,[],[],false,false,false,,
e12_query_b_detune,e12,4,core,detune,b,16,intact,count,[],[],false,false,false,,
e12_query_b_detune,e12,4,core,detune,b,16,intact,envelope,"[""e12_reference_b"",""e12_distractor_1""]","[""e12_distractor_1""]",false,true,true,,
e12_query_b_timing,e12,4,core,timing,b,16,intact,accounts,"[""e12_reference_b""]",[],true,true,false,true,true
e12_query_b_timing,e12,4,core,timing,b,16,intact,old07,"[""e12_reference_b""]",[],true,true,false,,
e12_query_b_timing,e12,4,core,timing,b,16,intact,count,[],[],false,false,false,,
e12_query_b_timing,e12,4,core,timing,b,16,intact,envelope,[],[],false,false,false,,
e12_query_b_delete_rest,e12,4,core,delete_rest,b,16,intact,accounts,[],[],false,false,false,false,false
e12_query_b_delete_rest,e12,4,core,delete_rest,b,16,intact,old07,[],[],false,false,false,,
e12_query_b_delete_rest,e12,4,core,delete_rest,b,16,intact,count,[],[],false,false,false,,
e12_query_b_delete_rest,e12,4,core,delete_rest,b,16,intact,envelope,[],[],false,false,false,,
e12_query_b_delete_closed,e12,4,core,delete_closed,b,16,intact,accounts,[],[],false,false,false,false,false
e12_query_b_delete_closed,e12,4,core,delete_closed,b,16,intact,old07,[],[],false,false,false,,
e12_query_b_delete_closed,e12,4,core,delete_closed,b,16,intact,count,[],[],false,false,false,,
e12_query_b_delete_closed,e12,4,core,delete_closed,b,16,intact,envelope,[],[],false,false,false,,
e12_query_b_delete_two,e12,4,core,delete_two,b,16,intact,accounts,[],[],false,false,false,false,false
e12_query_b_delete_two,e12,4,core,delete_two,b,16,intact,old07,[],[],false,false,false,,
e12_query_b_delete_two,e12,4,core,delete_two,b,16,intact,count,[],[],false,false,false,,
e12_query_b_delete_two,e12,4,core,delete_two,b,16,intact,envelope,[],[],false,false,false,,
e12_query_b_substitute,e12,4,core,substitute,b,16,intact,accounts,[],[],false,false,false,false,false
e12_query_b_substitute,e12,4,core,substitute,b,16,intact,old07,[],[],false,false,false,,
e12_query_b_substitute,e12,4,core,substitute,b,16,intact,count,[],[],false,false,false,,
e12_query_b_substitute,e12,4,core,substitute,b,16,intact,envelope,"[""e12_reference_b""]",[],true,true,false,,
e12_query_b_insert,e12,4,core,insert,b,16,intact,accounts,[],[],false,false,false,false,false
e12_query_b_insert,e12,4,core,insert,b,16,intact,old07,[],[],false,false,false,,
e12_query_b_insert,e12,4,core,insert,b,16,intact,count,[],[],false,false,false,,
e12_query_b_insert,e12,4,core,insert,b,16,intact,envelope,[],[],false,false,false,,
e12_query_b_delete_insert,e12,4,core,delete_insert,b,16,intact,accounts,[],[],false,false,false,false,false
e12_query_b_delete_insert,e12,4,core,delete_insert,b,16,intact,old07,[],[],false,false,false,,
e12_query_b_delete_insert,e12,4,core,delete_insert,b,16,intact,count,[],[],false,false,false,,
e12_query_b_delete_insert,e12,4,core,delete_insert,b,16,intact,envelope,[],[],false,false,false,,
e12_query_b_weak_present,e12,4,core,weak_present,b,16,intact,accounts,[],[],false,false,false,false,false
e12_query_b_weak_present,e12,4,core,weak_present,b,16,intact,old07,[],[],false,false,false,,
e12_query_b_weak_present,e12,4,core,weak_present,b,16,intact,count,[],[],false,false,false,,
e12_query_b_weak_present,e12,4,core,weak_present,b,16,intact,envelope,[],[],false,false,false,,
e12_query_b_mask_present,e12,4,core,mask_present,b,16,intact,accounts,[],[],false,false,false,false,false
e12_query_b_mask_present,e12,4,core,mask_present,b,16,intact,old07,[],[],false,false,false,,
e12_query_b_mask_present,e12,4,core,mask_present,b,16,intact,count,[],[],false,false,false,,
e12_query_b_mask_present,e12,4,core,mask_present,b,16,intact,envelope,[],[],false,false,false,,
e12_query_b_mask_absent,e12,4,core,mask_absent,b,16,intact,accounts,[],[],false,false,false,false,false
e12_query_b_mask_absent,e12,4,core,mask_absent,b,16,intact,old07,[],[],false,false,false,,
e12_query_b_mask_absent,e12,4,core,mask_absent,b,16,intact,count,[],[],false,false,false,,
e12_query_b_mask_absent,e12,4,core,mask_absent,b,16,intact,envelope,[],[],false,false,false,,
e12_query_b_merged,e12,4,core,merged,b,16,intact,accounts,[],[],false,false,false,false,false
e12_query_b_merged,e12,4,core,merged,b,16,intact,old07,[],[],false,false,false,,
e12_query_b_merged,e12,4,core,merged,b,16,intact,count,[],[],false,false,false,,
e12_query_b_merged,e12,4,core,merged,b,16,intact,envelope,[],[],false,false,false,,
e12_query_b_legitimate_rest,e12,4,core,legitimate_rest,b,16,intact,accounts,"[""e12_reference_b""]",[],true,true,false,true,true
e12_query_b_legitimate_rest,e12,4,core,legitimate_rest,b,16,intact,old07,[],[],false,false,false,,
e12_query_b_legitimate_rest,e12,4,core,legitimate_rest,b,16,intact,count,[],[],false,false,false,,
e12_query_b_legitimate_rest,e12,4,core,legitimate_rest,b,16,intact,envelope,[],[],false,false,false,,
e13_query_a_exact,e13,6,core,exact,a,16,intact,accounts,"[""e13_reference_a""]",[],true,true,false,true,true
e13_query_a_exact,e13,6,core,exact,a,16,intact,old07,"[""e13_reference_a""]",[],true,true,false,,
e13_query_a_exact,e13,6,core,exact,a,16,intact,count,[],[],false,false,false,,
e13_query_a_exact,e13,6,core,exact,a,16,intact,envelope,"[""e13_reference_a"",""e13_distractor_5""]","[""e13_distractor_5""]",false,true,true,,
e13_query_a_transpose,e13,6,core,transpose,a,16,intact,accounts,"[""e13_reference_a""]",[],true,true,false,true,true
e13_query_a_transpose,e13,6,core,transpose,a,16,intact,old07,"[""e13_reference_a""]",[],true,true,false,,
e13_query_a_transpose,e13,6,core,transpose,a,16,intact,count,[],[],false,false,false,,
e13_query_a_transpose,e13,6,core,transpose,a,16,intact,envelope,[],[],false,false,false,,
e13_query_a_detune,e13,6,core,detune,a,16,intact,accounts,[],[],false,false,false,false,false
e13_query_a_detune,e13,6,core,detune,a,16,intact,old07,[],[],false,false,false,,
e13_query_a_detune,e13,6,core,detune,a,16,intact,count,[],[],false,false,false,,
e13_query_a_detune,e13,6,core,detune,a,16,intact,envelope,"[""e13_reference_a"",""e13_distractor_5""]","[""e13_distractor_5""]",false,true,true,,
e13_query_a_timing,e13,6,core,timing,a,16,intact,accounts,"[""e13_reference_a""]",[],true,true,false,true,true
e13_query_a_timing,e13,6,core,timing,a,16,intact,old07,"[""e13_reference_a""]",[],true,true,false,,
e13_query_a_timing,e13,6,core,timing,a,16,intact,count,[],[],false,false,false,,
e13_query_a_timing,e13,6,core,timing,a,16,intact,envelope,[],[],false,false,false,,
e13_query_a_delete_rest,e13,6,core,delete_rest,a,16,intact,accounts,"[""e13_reference_a""]",[],true,true,false,true,true
e13_query_a_delete_rest,e13,6,core,delete_rest,a,16,intact,old07,"[""e13_reference_a""]",[],true,true,false,,
e13_query_a_delete_rest,e13,6,core,delete_rest,a,16,intact,count,[],[],false,false,false,,
e13_query_a_delete_rest,e13,6,core,delete_rest,a,16,intact,envelope,[],[],false,false,false,,
e13_query_a_delete_closed,e13,6,core,delete_closed,a,16,intact,accounts,[],[],false,false,false,false,false
e13_query_a_delete_closed,e13,6,core,delete_closed,a,16,intact,old07,[],[],false,false,false,,
e13_query_a_delete_closed,e13,6,core,delete_closed,a,16,intact,count,[],[],false,false,false,,
e13_query_a_delete_closed,e13,6,core,delete_closed,a,16,intact,envelope,[],[],false,false,false,,
e13_query_a_delete_two,e13,6,core,delete_two,a,16,intact,accounts,[],[],false,false,false,false,false
e13_query_a_delete_two,e13,6,core,delete_two,a,16,intact,old07,[],[],false,false,false,,
e13_query_a_delete_two,e13,6,core,delete_two,a,16,intact,count,[],[],false,false,false,,
e13_query_a_delete_two,e13,6,core,delete_two,a,16,intact,envelope,[],[],false,false,false,,
e13_query_a_substitute,e13,6,core,substitute,a,16,intact,accounts,[],[],false,false,false,false,false
e13_query_a_substitute,e13,6,core,substitute,a,16,intact,old07,[],[],false,false,false,,
e13_query_a_substitute,e13,6,core,substitute,a,16,intact,count,[],[],false,false,false,,
e13_query_a_substitute,e13,6,core,substitute,a,16,intact,envelope,[],[],false,false,false,,
e13_query_a_insert,e13,6,core,insert,a,16,intact,accounts,[],[],false,false,false,false,false
e13_query_a_insert,e13,6,core,insert,a,16,intact,old07,[],[],false,false,false,,
e13_query_a_insert,e13,6,core,insert,a,16,intact,count,[],[],false,false,false,,
e13_query_a_insert,e13,6,core,insert,a,16,intact,envelope,[],[],false,false,false,,
e13_query_a_delete_insert,e13,6,core,delete_insert,a,16,intact,accounts,[],[],false,false,false,false,false
e13_query_a_delete_insert,e13,6,core,delete_insert,a,16,intact,old07,[],[],false,false,false,,
e13_query_a_delete_insert,e13,6,core,delete_insert,a,16,intact,count,[],[],false,false,false,,
e13_query_a_delete_insert,e13,6,core,delete_insert,a,16,intact,envelope,[],[],false,false,false,,
e13_query_a_weak_present,e13,6,core,weak_present,a,16,intact,accounts,"[""e13_reference_a""]",[],true,true,false,false,false
e13_query_a_weak_present,e13,6,core,weak_present,a,16,intact,old07,"[""e13_reference_a""]",[],true,true,false,,
e13_query_a_weak_present,e13,6,core,weak_present,a,16,intact,count,[],[],false,false,false,,
e13_query_a_weak_present,e13,6,core,weak_present,a,16,intact,envelope,[],[],false,false,false,,
e13_query_a_mask_present,e13,6,core,mask_present,a,16,intact,accounts,[],[],false,false,false,false,false
e13_query_a_mask_present,e13,6,core,mask_present,a,16,intact,old07,[],[],false,false,false,,
e13_query_a_mask_present,e13,6,core,mask_present,a,16,intact,count,[],[],false,false,false,,
e13_query_a_mask_present,e13,6,core,mask_present,a,16,intact,envelope,[],[],false,false,false,,
e13_query_a_mask_absent,e13,6,core,mask_absent,a,16,intact,accounts,[],[],false,false,false,false,false
e13_query_a_mask_absent,e13,6,core,mask_absent,a,16,intact,old07,[],[],false,false,false,,
e13_query_a_mask_absent,e13,6,core,mask_absent,a,16,intact,count,[],[],false,false,false,,
e13_query_a_mask_absent,e13,6,core,mask_absent,a,16,intact,envelope,[],[],false,false,false,,
e13_query_a_merged,e13,6,core,merged,a,16,intact,accounts,[],[],false,false,false,false,false
e13_query_a_merged,e13,6,core,merged,a,16,intact,old07,[],[],false,false,false,,
e13_query_a_merged,e13,6,core,merged,a,16,intact,count,[],[],false,false,false,,
e13_query_a_merged,e13,6,core,merged,a,16,intact,envelope,[],[],false,false,false,,
e13_query_a_legitimate_rest,e13,6,core,legitimate_rest,a,16,intact,accounts,"[""e13_reference_a""]",[],true,true,false,true,true
e13_query_a_legitimate_rest,e13,6,core,legitimate_rest,a,16,intact,old07,[],[],false,false,false,,
e13_query_a_legitimate_rest,e13,6,core,legitimate_rest,a,16,intact,count,[],[],false,false,false,,
e13_query_a_legitimate_rest,e13,6,core,legitimate_rest,a,16,intact,envelope,[],[],false,false,false,,
e13_query_b_exact,e13,6,core,exact,b,16,intact,accounts,"[""e13_reference_b""]",[],true,true,false,true,true
e13_query_b_exact,e13,6,core,exact,b,16,intact,old07,"[""e13_reference_b""]",[],true,true,false,,
e13_query_b_exact,e13,6,core,exact,b,16,intact,count,[],[],false,false,false,,
e13_query_b_exact,e13,6,core,exact,b,16,intact,envelope,"[""e13_reference_b"",""e13_distractor_4""]","[""e13_distractor_4""]",false,true,true,,
e13_query_b_transpose,e13,6,core,transpose,b,16,intact,accounts,"[""e13_reference_b""]",[],true,true,false,true,true
e13_query_b_transpose,e13,6,core,transpose,b,16,intact,old07,"[""e13_reference_b""]",[],true,true,false,,
e13_query_b_transpose,e13,6,core,transpose,b,16,intact,count,[],[],false,false,false,,
e13_query_b_transpose,e13,6,core,transpose,b,16,intact,envelope,[],[],false,false,false,,
e13_query_b_detune,e13,6,core,detune,b,16,intact,accounts,[],[],false,false,false,false,false
e13_query_b_detune,e13,6,core,detune,b,16,intact,old07,[],[],false,false,false,,
e13_query_b_detune,e13,6,core,detune,b,16,intact,count,[],[],false,false,false,,
e13_query_b_detune,e13,6,core,detune,b,16,intact,envelope,[],[],false,false,false,,
e13_query_b_timing,e13,6,core,timing,b,16,intact,accounts,"[""e13_reference_b""]",[],true,true,false,true,true
e13_query_b_timing,e13,6,core,timing,b,16,intact,old07,"[""e13_reference_b""]",[],true,true,false,,
e13_query_b_timing,e13,6,core,timing,b,16,intact,count,[],[],false,false,false,,
e13_query_b_timing,e13,6,core,timing,b,16,intact,envelope,[],[],false,false,false,,
e13_query_b_delete_rest,e13,6,core,delete_rest,b,16,intact,accounts,"[""e13_reference_b""]",[],true,true,false,true,true
e13_query_b_delete_rest,e13,6,core,delete_rest,b,16,intact,old07,"[""e13_reference_b""]",[],true,true,false,,
e13_query_b_delete_rest,e13,6,core,delete_rest,b,16,intact,count,[],[],false,false,false,,
e13_query_b_delete_rest,e13,6,core,delete_rest,b,16,intact,envelope,[],[],false,false,false,,
e13_query_b_delete_closed,e13,6,core,delete_closed,b,16,intact,accounts,"[""e13_reference_b""]",[],true,true,false,true,true
e13_query_b_delete_closed,e13,6,core,delete_closed,b,16,intact,old07,[],[],false,false,false,,
e13_query_b_delete_closed,e13,6,core,delete_closed,b,16,intact,count,[],[],false,false,false,,
e13_query_b_delete_closed,e13,6,core,delete_closed,b,16,intact,envelope,[],[],false,false,false,,
e13_query_b_delete_two,e13,6,core,delete_two,b,16,intact,accounts,[],[],false,false,false,false,false
e13_query_b_delete_two,e13,6,core,delete_two,b,16,intact,old07,[],[],false,false,false,,
e13_query_b_delete_two,e13,6,core,delete_two,b,16,intact,count,[],[],false,false,false,,
e13_query_b_delete_two,e13,6,core,delete_two,b,16,intact,envelope,[],[],false,false,false,,
e13_query_b_substitute,e13,6,core,substitute,b,16,intact,accounts,[],[],false,false,false,false,false
e13_query_b_substitute,e13,6,core,substitute,b,16,intact,old07,[],[],false,false,false,,
e13_query_b_substitute,e13,6,core,substitute,b,16,intact,count,[],[],false,false,false,,
e13_query_b_substitute,e13,6,core,substitute,b,16,intact,envelope,[],[],false,false,false,,
e13_query_b_insert,e13,6,core,insert,b,16,intact,accounts,[],[],false,false,false,false,false
e13_query_b_insert,e13,6,core,insert,b,16,intact,old07,[],[],false,false,false,,
e13_query_b_insert,e13,6,core,insert,b,16,intact,count,[],[],false,false,false,,
e13_query_b_insert,e13,6,core,insert,b,16,intact,envelope,[],[],false,false,false,,
e13_query_b_delete_insert,e13,6,core,delete_insert,b,16,intact,accounts,[],[],false,false,false,false,false
e13_query_b_delete_insert,e13,6,core,delete_insert,b,16,intact,old07,[],[],false,false,false,,
e13_query_b_delete_insert,e13,6,core,delete_insert,b,16,intact,count,[],[],false,false,false,,
e13_query_b_delete_insert,e13,6,core,delete_insert,b,16,intact,envelope,[],[],false,false,false,,
e13_query_b_weak_present,e13,6,core,weak_present,b,16,intact,accounts,"[""e13_reference_b""]",[],true,true,false,false,false
e13_query_b_weak_present,e13,6,core,weak_present,b,16,intact,old07,"[""e13_reference_b""]",[],true,true,false,,
e13_query_b_weak_present,e13,6,core,weak_present,b,16,intact,count,[],[],false,false,false,,
e13_query_b_weak_present,e13,6,core,weak_present,b,16,intact,envelope,[],[],false,false,false,,
e13_query_b_mask_present,e13,6,core,mask_present,b,16,intact,accounts,[],[],false,false,false,false,false
e13_query_b_mask_present,e13,6,core,mask_present,b,16,intact,old07,[],[],false,false,false,,
e13_query_b_mask_present,e13,6,core,mask_present,b,16,intact,count,[],[],false,false,false,,
e13_query_b_mask_present,e13,6,core,mask_present,b,16,intact,envelope,[],[],false,false,false,,
e13_query_b_mask_absent,e13,6,core,mask_absent,b,16,intact,accounts,[],[],false,false,false,false,false
e13_query_b_mask_absent,e13,6,core,mask_absent,b,16,intact,old07,[],[],false,false,false,,
e13_query_b_mask_absent,e13,6,core,mask_absent,b,16,intact,count,[],[],false,false,false,,
e13_query_b_mask_absent,e13,6,core,mask_absent,b,16,intact,envelope,[],[],false,false,false,,
e13_query_b_merged,e13,6,core,merged,b,16,intact,accounts,[],[],false,false,false,false,false
e13_query_b_merged,e13,6,core,merged,b,16,intact,old07,[],[],false,false,false,,
e13_query_b_merged,e13,6,core,merged,b,16,intact,count,[],[],false,false,false,,
e13_query_b_merged,e13,6,core,merged,b,16,intact,envelope,[],[],false,false,false,,
e13_query_b_legitimate_rest,e13,6,core,legitimate_rest,b,16,intact,accounts,"[""e13_reference_b""]",[],true,true,false,true,true
e13_query_b_legitimate_rest,e13,6,core,legitimate_rest,b,16,intact,old07,[],[],false,false,false,,
e13_query_b_legitimate_rest,e13,6,core,legitimate_rest,b,16,intact,count,[],[],false,false,false,,
e13_query_b_legitimate_rest,e13,6,core,legitimate_rest,b,16,intact,envelope,[],[],false,false,false,,
e14_query_a_exact,e14,8,core,exact,a,16,intact,accounts,"[""e14_reference_a""]",[],true,true,false,true,true
e14_query_a_exact,e14,8,core,exact,a,16,intact,old07,"[""e14_reference_a""]",[],true,true,false,,
e14_query_a_exact,e14,8,core,exact,a,16,intact,count,[],[],false,false,false,,
e14_query_a_exact,e14,8,core,exact,a,16,intact,envelope,"[""e14_reference_a""]",[],true,true,false,,
e14_query_a_transpose,e14,8,core,transpose,a,16,intact,accounts,"[""e14_reference_a""]",[],true,true,false,true,true
e14_query_a_transpose,e14,8,core,transpose,a,16,intact,old07,"[""e14_reference_a""]",[],true,true,false,,
e14_query_a_transpose,e14,8,core,transpose,a,16,intact,count,[],[],false,false,false,,
e14_query_a_transpose,e14,8,core,transpose,a,16,intact,envelope,[],[],false,false,false,,
e14_query_a_detune,e14,8,core,detune,a,16,intact,accounts,[],[],false,false,false,false,false
e14_query_a_detune,e14,8,core,detune,a,16,intact,old07,[],[],false,false,false,,
e14_query_a_detune,e14,8,core,detune,a,16,intact,count,[],[],false,false,false,,
e14_query_a_detune,e14,8,core,detune,a,16,intact,envelope,"[""e14_reference_a""]",[],true,true,false,,
e14_query_a_timing,e14,8,core,timing,a,16,intact,accounts,"[""e14_reference_a""]",[],true,true,false,true,true
e14_query_a_timing,e14,8,core,timing,a,16,intact,old07,"[""e14_reference_a""]",[],true,true,false,,
e14_query_a_timing,e14,8,core,timing,a,16,intact,count,[],[],false,false,false,,
e14_query_a_timing,e14,8,core,timing,a,16,intact,envelope,[],[],false,false,false,,
e14_query_a_delete_rest,e14,8,core,delete_rest,a,16,intact,accounts,[],[],false,false,false,false,false
e14_query_a_delete_rest,e14,8,core,delete_rest,a,16,intact,old07,"[""e14_reference_a""]",[],true,true,false,,
e14_query_a_delete_rest,e14,8,core,delete_rest,a,16,intact,count,[],[],false,false,false,,
e14_query_a_delete_rest,e14,8,core,delete_rest,a,16,intact,envelope,[],[],false,false,false,,
e14_query_a_delete_closed,e14,8,core,delete_closed,a,16,intact,accounts,[],[],false,false,false,false,false
e14_query_a_delete_closed,e14,8,core,delete_closed,a,16,intact,old07,[],[],false,false,false,,
e14_query_a_delete_closed,e14,8,core,delete_closed,a,16,intact,count,[],[],false,false,false,,
e14_query_a_delete_closed,e14,8,core,delete_closed,a,16,intact,envelope,[],[],false,false,false,,
e14_query_a_delete_two,e14,8,core,delete_two,a,16,intact,accounts,[],[],false,false,false,false,false
e14_query_a_delete_two,e14,8,core,delete_two,a,16,intact,old07,[],[],false,false,false,,
e14_query_a_delete_two,e14,8,core,delete_two,a,16,intact,count,[],[],false,false,false,,
e14_query_a_delete_two,e14,8,core,delete_two,a,16,intact,envelope,[],[],false,false,false,,
e14_query_a_substitute,e14,8,core,substitute,a,16,intact,accounts,[],[],false,false,false,false,false
e14_query_a_substitute,e14,8,core,substitute,a,16,intact,old07,[],[],false,false,false,,
e14_query_a_substitute,e14,8,core,substitute,a,16,intact,count,[],[],false,false,false,,
e14_query_a_substitute,e14,8,core,substitute,a,16,intact,envelope,[],[],false,false,false,,
e14_query_a_insert,e14,8,core,insert,a,16,intact,accounts,[],[],false,false,false,false,false
e14_query_a_insert,e14,8,core,insert,a,16,intact,old07,[],[],false,false,false,,
e14_query_a_insert,e14,8,core,insert,a,16,intact,count,[],[],false,false,false,,
e14_query_a_insert,e14,8,core,insert,a,16,intact,envelope,[],[],false,false,false,,
e14_query_a_delete_insert,e14,8,core,delete_insert,a,16,intact,accounts,[],[],false,false,false,false,false
e14_query_a_delete_insert,e14,8,core,delete_insert,a,16,intact,old07,[],[],false,false,false,,
e14_query_a_delete_insert,e14,8,core,delete_insert,a,16,intact,count,[],[],false,false,false,,
e14_query_a_delete_insert,e14,8,core,delete_insert,a,16,intact,envelope,[],[],false,false,false,,
e14_query_a_weak_present,e14,8,core,weak_present,a,16,intact,accounts,[],[],false,false,false,false,false
e14_query_a_weak_present,e14,8,core,weak_present,a,16,intact,old07,"[""e14_reference_a""]",[],true,true,false,,
e14_query_a_weak_present,e14,8,core,weak_present,a,16,intact,count,[],[],false,false,false,,
e14_query_a_weak_present,e14,8,core,weak_present,a,16,intact,envelope,[],[],false,false,false,,
e14_query_a_mask_present,e14,8,core,mask_present,a,16,intact,accounts,[],[],false,false,false,false,false
e14_query_a_mask_present,e14,8,core,mask_present,a,16,intact,old07,[],[],false,false,false,,
e14_query_a_mask_present,e14,8,core,mask_present,a,16,intact,count,[],[],false,false,false,,
e14_query_a_mask_present,e14,8,core,mask_present,a,16,intact,envelope,[],[],false,false,false,,
e14_query_a_mask_absent,e14,8,core,mask_absent,a,16,intact,accounts,[],[],false,false,false,false,false
e14_query_a_mask_absent,e14,8,core,mask_absent,a,16,intact,old07,[],[],false,false,false,,
e14_query_a_mask_absent,e14,8,core,mask_absent,a,16,intact,count,[],[],false,false,false,,
e14_query_a_mask_absent,e14,8,core,mask_absent,a,16,intact,envelope,[],[],false,false,false,,
e14_query_a_merged,e14,8,core,merged,a,16,intact,accounts,[],[],false,false,false,false,false
e14_query_a_merged,e14,8,core,merged,a,16,intact,old07,[],[],false,false,false,,
e14_query_a_merged,e14,8,core,merged,a,16,intact,count,[],[],false,false,false,,
e14_query_a_merged,e14,8,core,merged,a,16,intact,envelope,[],[],false,false,false,,
e14_query_a_legitimate_rest,e14,8,core,legitimate_rest,a,16,intact,accounts,"[""e14_reference_a""]",[],true,true,false,true,true
e14_query_a_legitimate_rest,e14,8,core,legitimate_rest,a,16,intact,old07,[],[],false,false,false,,
e14_query_a_legitimate_rest,e14,8,core,legitimate_rest,a,16,intact,count,[],[],false,false,false,,
e14_query_a_legitimate_rest,e14,8,core,legitimate_rest,a,16,intact,envelope,[],[],false,false,false,,
e14_query_b_exact,e14,8,core,exact,b,16,intact,accounts,"[""e14_reference_b""]",[],true,true,false,true,true
e14_query_b_exact,e14,8,core,exact,b,16,intact,old07,"[""e14_reference_b""]",[],true,true,false,,
e14_query_b_exact,e14,8,core,exact,b,16,intact,count,[],[],false,false,false,,
e14_query_b_exact,e14,8,core,exact,b,16,intact,envelope,"[""e14_reference_b""]",[],true,true,false,,
e14_query_b_transpose,e14,8,core,transpose,b,16,intact,accounts,"[""e14_reference_b""]",[],true,true,false,true,true
e14_query_b_transpose,e14,8,core,transpose,b,16,intact,old07,"[""e14_reference_b""]",[],true,true,false,,
e14_query_b_transpose,e14,8,core,transpose,b,16,intact,count,[],[],false,false,false,,
e14_query_b_transpose,e14,8,core,transpose,b,16,intact,envelope,[],[],false,false,false,,
e14_query_b_detune,e14,8,core,detune,b,16,intact,accounts,[],[],false,false,false,false,false
e14_query_b_detune,e14,8,core,detune,b,16,intact,old07,[],[],false,false,false,,
e14_query_b_detune,e14,8,core,detune,b,16,intact,count,[],[],false,false,false,,
e14_query_b_detune,e14,8,core,detune,b,16,intact,envelope,[],[],false,false,false,,
e14_query_b_timing,e14,8,core,timing,b,16,intact,accounts,"[""e14_reference_b""]",[],true,true,false,true,true
e14_query_b_timing,e14,8,core,timing,b,16,intact,old07,"[""e14_reference_b""]",[],true,true,false,,
e14_query_b_timing,e14,8,core,timing,b,16,intact,count,[],[],false,false,false,,
e14_query_b_timing,e14,8,core,timing,b,16,intact,envelope,[],[],false,false,false,,
e14_query_b_delete_rest,e14,8,core,delete_rest,b,16,intact,accounts,[],[],false,false,false,false,false
e14_query_b_delete_rest,e14,8,core,delete_rest,b,16,intact,old07,"[""e14_reference_b""]",[],true,true,false,,
e14_query_b_delete_rest,e14,8,core,delete_rest,b,16,intact,count,[],[],false,false,false,,
e14_query_b_delete_rest,e14,8,core,delete_rest,b,16,intact,envelope,[],[],false,false,false,,
e14_query_b_delete_closed,e14,8,core,delete_closed,b,16,intact,accounts,[],[],false,false,false,false,false
e14_query_b_delete_closed,e14,8,core,delete_closed,b,16,intact,old07,[],[],false,false,false,,
e14_query_b_delete_closed,e14,8,core,delete_closed,b,16,intact,count,[],[],false,false,false,,
e14_query_b_delete_closed,e14,8,core,delete_closed,b,16,intact,envelope,[],[],false,false,false,,
e14_query_b_delete_two,e14,8,core,delete_two,b,16,intact,accounts,[],[],false,false,false,false,false
e14_query_b_delete_two,e14,8,core,delete_two,b,16,intact,old07,[],[],false,false,false,,
e14_query_b_delete_two,e14,8,core,delete_two,b,16,intact,count,[],[],false,false,false,,
e14_query_b_delete_two,e14,8,core,delete_two,b,16,intact,envelope,[],[],false,false,false,,
e14_query_b_substitute,e14,8,core,substitute,b,16,intact,accounts,[],[],false,false,false,false,false
e14_query_b_substitute,e14,8,core,substitute,b,16,intact,old07,[],[],false,false,false,,
e14_query_b_substitute,e14,8,core,substitute,b,16,intact,count,[],[],false,false,false,,
e14_query_b_substitute,e14,8,core,substitute,b,16,intact,envelope,"[""e14_reference_b""]",[],true,true,false,,
e14_query_b_insert,e14,8,core,insert,b,16,intact,accounts,[],[],false,false,false,false,false
e14_query_b_insert,e14,8,core,insert,b,16,intact,old07,[],[],false,false,false,,
e14_query_b_insert,e14,8,core,insert,b,16,intact,count,[],[],false,false,false,,
e14_query_b_insert,e14,8,core,insert,b,16,intact,envelope,[],[],false,false,false,,
e14_query_b_delete_insert,e14,8,core,delete_insert,b,16,intact,accounts,[],[],false,false,false,false,false
e14_query_b_delete_insert,e14,8,core,delete_insert,b,16,intact,old07,[],[],false,false,false,,
e14_query_b_delete_insert,e14,8,core,delete_insert,b,16,intact,count,[],[],false,false,false,,
e14_query_b_delete_insert,e14,8,core,delete_insert,b,16,intact,envelope,[],[],false,false,false,,
e14_query_b_weak_present,e14,8,core,weak_present,b,16,intact,accounts,[],[],false,false,false,false,false
e14_query_b_weak_present,e14,8,core,weak_present,b,16,intact,old07,"[""e14_reference_b""]",[],true,true,false,,
e14_query_b_weak_present,e14,8,core,weak_present,b,16,intact,count,[],[],false,false,false,,
e14_query_b_weak_present,e14,8,core,weak_present,b,16,intact,envelope,[],[],false,false,false,,
e14_query_b_mask_present,e14,8,core,mask_present,b,16,intact,accounts,[],[],false,false,false,false,false
e14_query_b_mask_present,e14,8,core,mask_present,b,16,intact,old07,[],[],false,false,false,,
e14_query_b_mask_present,e14,8,core,mask_present,b,16,intact,count,[],[],false,false,false,,
e14_query_b_mask_present,e14,8,core,mask_present,b,16,intact,envelope,[],[],false,false,false,,
e14_query_b_mask_absent,e14,8,core,mask_absent,b,16,intact,accounts,[],[],false,false,false,false,false
e14_query_b_mask_absent,e14,8,core,mask_absent,b,16,intact,old07,[],[],false,false,false,,
e14_query_b_mask_absent,e14,8,core,mask_absent,b,16,intact,count,[],[],false,false,false,,
e14_query_b_mask_absent,e14,8,core,mask_absent,b,16,intact,envelope,[],[],false,false,false,,
e14_query_b_merged,e14,8,core,merged,b,16,intact,accounts,[],[],false,false,false,false,false
e14_query_b_merged,e14,8,core,merged,b,16,intact,old07,[],[],false,false,false,,
e14_query_b_merged,e14,8,core,merged,b,16,intact,count,[],[],false,false,false,,
e14_query_b_merged,e14,8,core,merged,b,16,intact,envelope,[],[],false,false,false,,
e14_query_b_legitimate_rest,e14,8,core,legitimate_rest,b,16,intact,accounts,"[""e14_reference_b""]",[],true,true,false,true,true
e14_query_b_legitimate_rest,e14,8,core,legitimate_rest,b,16,intact,old07,[],[],false,false,false,,
e14_query_b_legitimate_rest,e14,8,core,legitimate_rest,b,16,intact,count,[],[],false,false,false,,
e14_query_b_legitimate_rest,e14,8,core,legitimate_rest,b,16,intact,envelope,[],[],false,false,false,,
e15_query_a_exact,e15,10,core,exact,a,16,intact,accounts,"[""e15_reference_a""]",[],true,true,false,true,true
e15_query_a_exact,e15,10,core,exact,a,16,intact,old07,"[""e15_reference_a""]",[],true,true,false,,
e15_query_a_exact,e15,10,core,exact,a,16,intact,count,[],[],false,false,false,,
e15_query_a_exact,e15,10,core,exact,a,16,intact,envelope,"[""e15_reference_a"",""e15_distractor_0""]","[""e15_distractor_0""]",false,true,true,,
e15_query_a_transpose,e15,10,core,transpose,a,16,intact,accounts,"[""e15_reference_a""]",[],true,true,false,true,true
e15_query_a_transpose,e15,10,core,transpose,a,16,intact,old07,"[""e15_reference_a""]",[],true,true,false,,
e15_query_a_transpose,e15,10,core,transpose,a,16,intact,count,[],[],false,false,false,,
e15_query_a_transpose,e15,10,core,transpose,a,16,intact,envelope,[],[],false,false,false,,
e15_query_a_detune,e15,10,core,detune,a,16,intact,accounts,[],[],false,false,false,false,false
e15_query_a_detune,e15,10,core,detune,a,16,intact,old07,[],[],false,false,false,,
e15_query_a_detune,e15,10,core,detune,a,16,intact,count,[],[],false,false,false,,
e15_query_a_detune,e15,10,core,detune,a,16,intact,envelope,"[""e15_reference_a"",""e15_distractor_0""]","[""e15_distractor_0""]",false,true,true,,
e15_query_a_timing,e15,10,core,timing,a,16,intact,accounts,"[""e15_reference_a""]",[],true,true,false,true,true
e15_query_a_timing,e15,10,core,timing,a,16,intact,old07,"[""e15_reference_a""]",[],true,true,false,,
e15_query_a_timing,e15,10,core,timing,a,16,intact,count,[],[],false,false,false,,
e15_query_a_timing,e15,10,core,timing,a,16,intact,envelope,[],[],false,false,false,,
e15_query_a_delete_rest,e15,10,core,delete_rest,a,16,intact,accounts,[],[],false,false,false,false,false
e15_query_a_delete_rest,e15,10,core,delete_rest,a,16,intact,old07,"[""e15_reference_a""]",[],true,true,false,,
e15_query_a_delete_rest,e15,10,core,delete_rest,a,16,intact,count,[],[],false,false,false,,
e15_query_a_delete_rest,e15,10,core,delete_rest,a,16,intact,envelope,[],[],false,false,false,,
e15_query_a_delete_closed,e15,10,core,delete_closed,a,16,intact,accounts,[],[],false,false,false,false,false
e15_query_a_delete_closed,e15,10,core,delete_closed,a,16,intact,old07,[],[],false,false,false,,
e15_query_a_delete_closed,e15,10,core,delete_closed,a,16,intact,count,[],[],false,false,false,,
e15_query_a_delete_closed,e15,10,core,delete_closed,a,16,intact,envelope,[],[],false,false,false,,
e15_query_a_delete_two,e15,10,core,delete_two,a,16,intact,accounts,[],[],false,false,false,false,false
e15_query_a_delete_two,e15,10,core,delete_two,a,16,intact,old07,[],[],false,false,false,,
e15_query_a_delete_two,e15,10,core,delete_two,a,16,intact,count,[],[],false,false,false,,
e15_query_a_delete_two,e15,10,core,delete_two,a,16,intact,envelope,[],[],false,false,false,,
e15_query_a_substitute,e15,10,core,substitute,a,16,intact,accounts,[],[],false,false,false,false,false
e15_query_a_substitute,e15,10,core,substitute,a,16,intact,old07,[],[],false,false,false,,
e15_query_a_substitute,e15,10,core,substitute,a,16,intact,count,[],[],false,false,false,,
e15_query_a_substitute,e15,10,core,substitute,a,16,intact,envelope,"[""e15_reference_a"",""e15_distractor_0""]","[""e15_distractor_0""]",false,true,true,,
e15_query_a_insert,e15,10,core,insert,a,16,intact,accounts,[],[],false,false,false,false,false
e15_query_a_insert,e15,10,core,insert,a,16,intact,old07,[],[],false,false,false,,
e15_query_a_insert,e15,10,core,insert,a,16,intact,count,[],[],false,false,false,,
e15_query_a_insert,e15,10,core,insert,a,16,intact,envelope,[],[],false,false,false,,
e15_query_a_delete_insert,e15,10,core,delete_insert,a,16,intact,accounts,[],[],false,false,false,false,false
e15_query_a_delete_insert,e15,10,core,delete_insert,a,16,intact,old07,[],[],false,false,false,,
e15_query_a_delete_insert,e15,10,core,delete_insert,a,16,intact,count,[],[],false,false,false,,
e15_query_a_delete_insert,e15,10,core,delete_insert,a,16,intact,envelope,[],[],false,false,false,,
e15_query_a_weak_present,e15,10,core,weak_present,a,16,intact,accounts,[],[],false,false,false,false,false
e15_query_a_weak_present,e15,10,core,weak_present,a,16,intact,old07,"[""e15_reference_a""]",[],true,true,false,,
e15_query_a_weak_present,e15,10,core,weak_present,a,16,intact,count,[],[],false,false,false,,
e15_query_a_weak_present,e15,10,core,weak_present,a,16,intact,envelope,[],[],false,false,false,,
e15_query_a_mask_present,e15,10,core,mask_present,a,16,intact,accounts,[],[],false,false,false,false,false
e15_query_a_mask_present,e15,10,core,mask_present,a,16,intact,old07,[],[],false,false,false,,
e15_query_a_mask_present,e15,10,core,mask_present,a,16,intact,count,[],[],false,false,false,,
e15_query_a_mask_present,e15,10,core,mask_present,a,16,intact,envelope,[],[],false,false,false,,
e15_query_a_mask_absent,e15,10,core,mask_absent,a,16,intact,accounts,[],[],false,false,false,false,false
e15_query_a_mask_absent,e15,10,core,mask_absent,a,16,intact,old07,[],[],false,false,false,,
e15_query_a_mask_absent,e15,10,core,mask_absent,a,16,intact,count,[],[],false,false,false,,
e15_query_a_mask_absent,e15,10,core,mask_absent,a,16,intact,envelope,[],[],false,false,false,,
e15_query_a_merged,e15,10,core,merged,a,16,intact,accounts,[],[],false,false,false,false,false
e15_query_a_merged,e15,10,core,merged,a,16,intact,old07,[],[],false,false,false,,
e15_query_a_merged,e15,10,core,merged,a,16,intact,count,[],[],false,false,false,,
e15_query_a_merged,e15,10,core,merged,a,16,intact,envelope,[],[],false,false,false,,
e15_query_a_legitimate_rest,e15,10,core,legitimate_rest,a,16,intact,accounts,"[""e15_reference_a""]",[],true,true,false,true,true
e15_query_a_legitimate_rest,e15,10,core,legitimate_rest,a,16,intact,old07,[],[],false,false,false,,
e15_query_a_legitimate_rest,e15,10,core,legitimate_rest,a,16,intact,count,[],[],false,false,false,,
e15_query_a_legitimate_rest,e15,10,core,legitimate_rest,a,16,intact,envelope,[],[],false,false,false,,
e15_query_b_exact,e15,10,core,exact,b,16,intact,accounts,"[""e15_reference_b""]",[],true,true,false,true,true
e15_query_b_exact,e15,10,core,exact,b,16,intact,old07,"[""e15_reference_b""]",[],true,true,false,,
e15_query_b_exact,e15,10,core,exact,b,16,intact,count,[],[],false,false,false,,
e15_query_b_exact,e15,10,core,exact,b,16,intact,envelope,"[""e15_reference_b"",""e15_distractor_1""]","[""e15_distractor_1""]",false,true,true,,
e15_query_b_transpose,e15,10,core,transpose,b,16,intact,accounts,"[""e15_reference_b""]",[],true,true,false,true,true
e15_query_b_transpose,e15,10,core,transpose,b,16,intact,old07,"[""e15_reference_b""]",[],true,true,false,,
e15_query_b_transpose,e15,10,core,transpose,b,16,intact,count,[],[],false,false,false,,
e15_query_b_transpose,e15,10,core,transpose,b,16,intact,envelope,[],[],false,false,false,,
e15_query_b_detune,e15,10,core,detune,b,16,intact,accounts,[],[],false,false,false,false,false
e15_query_b_detune,e15,10,core,detune,b,16,intact,old07,[],[],false,false,false,,
e15_query_b_detune,e15,10,core,detune,b,16,intact,count,[],[],false,false,false,,
e15_query_b_detune,e15,10,core,detune,b,16,intact,envelope,"[""e15_reference_b"",""e15_distractor_1""]","[""e15_distractor_1""]",false,true,true,,
e15_query_b_timing,e15,10,core,timing,b,16,intact,accounts,"[""e15_reference_b""]",[],true,true,false,true,true
e15_query_b_timing,e15,10,core,timing,b,16,intact,old07,"[""e15_reference_b""]",[],true,true,false,,
e15_query_b_timing,e15,10,core,timing,b,16,intact,count,[],[],false,false,false,,
e15_query_b_timing,e15,10,core,timing,b,16,intact,envelope,[],[],false,false,false,,
e15_query_b_delete_rest,e15,10,core,delete_rest,b,16,intact,accounts,[],[],false,false,false,false,false
e15_query_b_delete_rest,e15,10,core,delete_rest,b,16,intact,old07,"[""e15_reference_b""]",[],true,true,false,,
e15_query_b_delete_rest,e15,10,core,delete_rest,b,16,intact,count,[],[],false,false,false,,
e15_query_b_delete_rest,e15,10,core,delete_rest,b,16,intact,envelope,[],[],false,false,false,,
e15_query_b_delete_closed,e15,10,core,delete_closed,b,16,intact,accounts,[],[],false,false,false,false,false
e15_query_b_delete_closed,e15,10,core,delete_closed,b,16,intact,old07,[],[],false,false,false,,
e15_query_b_delete_closed,e15,10,core,delete_closed,b,16,intact,count,[],[],false,false,false,,
e15_query_b_delete_closed,e15,10,core,delete_closed,b,16,intact,envelope,[],[],false,false,false,,
e15_query_b_delete_two,e15,10,core,delete_two,b,16,intact,accounts,[],[],false,false,false,false,false
e15_query_b_delete_two,e15,10,core,delete_two,b,16,intact,old07,[],[],false,false,false,,
e15_query_b_delete_two,e15,10,core,delete_two,b,16,intact,count,[],[],false,false,false,,
e15_query_b_delete_two,e15,10,core,delete_two,b,16,intact,envelope,[],[],false,false,false,,
e15_query_b_substitute,e15,10,core,substitute,b,16,intact,accounts,[],[],false,false,false,false,false
e15_query_b_substitute,e15,10,core,substitute,b,16,intact,old07,[],[],false,false,false,,
e15_query_b_substitute,e15,10,core,substitute,b,16,intact,count,[],[],false,false,false,,
e15_query_b_substitute,e15,10,core,substitute,b,16,intact,envelope,"[""e15_reference_b"",""e15_distractor_1""]","[""e15_distractor_1""]",false,true,true,,
e15_query_b_insert,e15,10,core,insert,b,16,intact,accounts,[],[],false,false,false,false,false
e15_query_b_insert,e15,10,core,insert,b,16,intact,old07,[],[],false,false,false,,
e15_query_b_insert,e15,10,core,insert,b,16,intact,count,[],[],false,false,false,,
e15_query_b_insert,e15,10,core,insert,b,16,intact,envelope,[],[],false,false,false,,
e15_query_b_delete_insert,e15,10,core,delete_insert,b,16,intact,accounts,[],[],false,false,false,false,false
e15_query_b_delete_insert,e15,10,core,delete_insert,b,16,intact,old07,[],[],false,false,false,,
e15_query_b_delete_insert,e15,10,core,delete_insert,b,16,intact,count,[],[],false,false,false,,
e15_query_b_delete_insert,e15,10,core,delete_insert,b,16,intact,envelope,[],[],false,false,false,,
e15_query_b_weak_present,e15,10,core,weak_present,b,16,intact,accounts,[],[],false,false,false,false,false
e15_query_b_weak_present,e15,10,core,weak_present,b,16,intact,old07,"[""e15_reference_b""]",[],true,true,false,,
e15_query_b_weak_present,e15,10,core,weak_present,b,16,intact,count,[],[],false,false,false,,
e15_query_b_weak_present,e15,10,core,weak_present,b,16,intact,envelope,[],[],false,false,false,,
e15_query_b_mask_present,e15,10,core,mask_present,b,16,intact,accounts,[],[],false,false,false,false,false
e15_query_b_mask_present,e15,10,core,mask_present,b,16,intact,old07,[],[],false,false,false,,
e15_query_b_mask_present,e15,10,core,mask_present,b,16,intact,count,[],[],false,false,false,,
e15_query_b_mask_present,e15,10,core,mask_present,b,16,intact,envelope,[],[],false,false,false,,
e15_query_b_mask_absent,e15,10,core,mask_absent,b,16,intact,accounts,[],[],false,false,false,false,false
e15_query_b_mask_absent,e15,10,core,mask_absent,b,16,intact,old07,[],[],false,false,false,,
e15_query_b_mask_absent,e15,10,core,mask_absent,b,16,intact,count,[],[],false,false,false,,
e15_query_b_mask_absent,e15,10,core,mask_absent,b,16,intact,envelope,[],[],false,false,false,,
e15_query_b_merged,e15,10,core,merged,b,16,intact,accounts,[],[],false,false,false,false,false
e15_query_b_merged,e15,10,core,merged,b,16,intact,old07,[],[],false,false,false,,
e15_query_b_merged,e15,10,core,merged,b,16,intact,count,[],[],false,false,false,,
e15_query_b_merged,e15,10,core,merged,b,16,intact,envelope,[],[],false,false,false,,
e15_query_b_legitimate_rest,e15,10,core,legitimate_rest,b,16,intact,accounts,"[""e15_reference_b""]",[],true,true,false,true,true
e15_query_b_legitimate_rest,e15,10,core,legitimate_rest,b,16,intact,old07,[],[],false,false,false,,
e15_query_b_legitimate_rest,e15,10,core,legitimate_rest,b,16,intact,count,[],[],false,false,false,,
e15_query_b_legitimate_rest,e15,10,core,legitimate_rest,b,16,intact,envelope,[],[],false,false,false,,
e16_query_a_exact,e16,4,core,exact,a,16,intact,accounts,"[""e16_reference_a""]",[],true,true,false,true,true
e16_query_a_exact,e16,4,core,exact,a,16,intact,old07,"[""e16_reference_a""]",[],true,true,false,,
e16_query_a_exact,e16,4,core,exact,a,16,intact,count,[],[],false,false,false,,
e16_query_a_exact,e16,4,core,exact,a,16,intact,envelope,"[""e16_reference_a"",""e16_distractor_3""]","[""e16_reference_b"",""e16_distractor_3""]",false,true,true,,
e16_query_a_transpose,e16,4,core,transpose,a,16,intact,accounts,"[""e16_reference_a""]",[],true,true,false,true,true
e16_query_a_transpose,e16,4,core,transpose,a,16,intact,old07,"[""e16_reference_a""]",[],true,true,false,,
e16_query_a_transpose,e16,4,core,transpose,a,16,intact,count,[],[],false,false,false,,
e16_query_a_transpose,e16,4,core,transpose,a,16,intact,envelope,[],[],false,false,false,,
e16_query_a_detune,e16,4,core,detune,a,16,intact,accounts,[],[],false,false,false,false,false
e16_query_a_detune,e16,4,core,detune,a,16,intact,old07,[],[],false,false,false,,
e16_query_a_detune,e16,4,core,detune,a,16,intact,count,[],[],false,false,false,,
e16_query_a_detune,e16,4,core,detune,a,16,intact,envelope,[],[],false,false,false,,
e16_query_a_timing,e16,4,core,timing,a,16,intact,accounts,"[""e16_reference_a""]",[],true,true,false,true,true
e16_query_a_timing,e16,4,core,timing,a,16,intact,old07,"[""e16_reference_a""]",[],true,true,false,,
e16_query_a_timing,e16,4,core,timing,a,16,intact,count,[],[],false,false,false,,
e16_query_a_timing,e16,4,core,timing,a,16,intact,envelope,[],[],false,false,false,,
e16_query_a_delete_rest,e16,4,core,delete_rest,a,16,intact,accounts,[],[],false,false,false,false,false
e16_query_a_delete_rest,e16,4,core,delete_rest,a,16,intact,old07,[],[],false,false,false,,
e16_query_a_delete_rest,e16,4,core,delete_rest,a,16,intact,count,[],[],false,false,false,,
e16_query_a_delete_rest,e16,4,core,delete_rest,a,16,intact,envelope,[],[],false,false,false,,
e16_query_a_delete_closed,e16,4,core,delete_closed,a,16,intact,accounts,[],[],false,false,false,false,false
e16_query_a_delete_closed,e16,4,core,delete_closed,a,16,intact,old07,[],[],false,false,false,,
e16_query_a_delete_closed,e16,4,core,delete_closed,a,16,intact,count,[],[],false,false,false,,
e16_query_a_delete_closed,e16,4,core,delete_closed,a,16,intact,envelope,[],[],false,false,false,,
e16_query_a_delete_two,e16,4,core,delete_two,a,16,intact,accounts,[],[],false,false,false,false,false
e16_query_a_delete_two,e16,4,core,delete_two,a,16,intact,old07,[],[],false,false,false,,
e16_query_a_delete_two,e16,4,core,delete_two,a,16,intact,count,[],[],false,false,false,,
e16_query_a_delete_two,e16,4,core,delete_two,a,16,intact,envelope,[],[],false,false,false,,
e16_query_a_substitute,e16,4,core,substitute,a,16,intact,accounts,[],[],false,false,false,false,false
e16_query_a_substitute,e16,4,core,substitute,a,16,intact,old07,[],[],false,false,false,,
e16_query_a_substitute,e16,4,core,substitute,a,16,intact,count,[],[],false,false,false,,
e16_query_a_substitute,e16,4,core,substitute,a,16,intact,envelope,"[""e16_reference_a"",""e16_distractor_3""]","[""e16_reference_b"",""e16_distractor_3""]",false,true,true,,
e16_query_a_insert,e16,4,core,insert,a,16,intact,accounts,[],[],false,false,false,false,false
e16_query_a_insert,e16,4,core,insert,a,16,intact,old07,[],[],false,false,false,,
e16_query_a_insert,e16,4,core,insert,a,16,intact,count,[],[],false,false,false,,
e16_query_a_insert,e16,4,core,insert,a,16,intact,envelope,[],[],false,false,false,,
e16_query_a_delete_insert,e16,4,core,delete_insert,a,16,intact,accounts,[],[],false,false,false,false,false
e16_query_a_delete_insert,e16,4,core,delete_insert,a,16,intact,old07,[],[],false,false,false,,
e16_query_a_delete_insert,e16,4,core,delete_insert,a,16,intact,count,[],[],false,false,false,,
e16_query_a_delete_insert,e16,4,core,delete_insert,a,16,intact,envelope,[],[],false,false,false,,
e16_query_a_weak_present,e16,4,core,weak_present,a,16,intact,accounts,[],[],false,false,false,false,false
e16_query_a_weak_present,e16,4,core,weak_present,a,16,intact,old07,[],[],false,false,false,,
e16_query_a_weak_present,e16,4,core,weak_present,a,16,intact,count,[],[],false,false,false,,
e16_query_a_weak_present,e16,4,core,weak_present,a,16,intact,envelope,[],[],false,false,false,,
e16_query_a_mask_present,e16,4,core,mask_present,a,16,intact,accounts,[],[],false,false,false,false,false
e16_query_a_mask_present,e16,4,core,mask_present,a,16,intact,old07,[],[],false,false,false,,
e16_query_a_mask_present,e16,4,core,mask_present,a,16,intact,count,[],[],false,false,false,,
e16_query_a_mask_present,e16,4,core,mask_present,a,16,intact,envelope,[],[],false,false,false,,
e16_query_a_mask_absent,e16,4,core,mask_absent,a,16,intact,accounts,[],[],false,false,false,false,false
e16_query_a_mask_absent,e16,4,core,mask_absent,a,16,intact,old07,[],[],false,false,false,,
e16_query_a_mask_absent,e16,4,core,mask_absent,a,16,intact,count,[],[],false,false,false,,
e16_query_a_mask_absent,e16,4,core,mask_absent,a,16,intact,envelope,[],[],false,false,false,,
e16_query_a_merged,e16,4,core,merged,a,16,intact,accounts,[],[],false,false,false,false,false
e16_query_a_merged,e16,4,core,merged,a,16,intact,old07,[],[],false,false,false,,
e16_query_a_merged,e16,4,core,merged,a,16,intact,count,[],[],false,false,false,,
e16_query_a_merged,e16,4,core,merged,a,16,intact,envelope,[],[],false,false,false,,
e16_query_a_legitimate_rest,e16,4,core,legitimate_rest,a,16,intact,accounts,"[""e16_reference_a""]",[],true,true,false,true,true
e16_query_a_legitimate_rest,e16,4,core,legitimate_rest,a,16,intact,old07,[],[],false,false,false,,
e16_query_a_legitimate_rest,e16,4,core,legitimate_rest,a,16,intact,count,[],[],false,false,false,,
e16_query_a_legitimate_rest,e16,4,core,legitimate_rest,a,16,intact,envelope,[],[],false,false,false,,
e16_query_b_exact,e16,4,core,exact,b,16,intact,accounts,"[""e16_reference_b""]",[],true,true,false,true,true
e16_query_b_exact,e16,4,core,exact,b,16,intact,old07,"[""e16_reference_b""]",[],true,true,false,,
e16_query_b_exact,e16,4,core,exact,b,16,intact,count,[],[],false,false,false,,
e16_query_b_exact,e16,4,core,exact,b,16,intact,envelope,"[""e16_reference_b"",""e16_distractor_3""]","[""e16_reference_a"",""e16_distractor_3""]",false,true,true,,
e16_query_b_transpose,e16,4,core,transpose,b,16,intact,accounts,"[""e16_reference_b""]",[],true,true,false,true,true
e16_query_b_transpose,e16,4,core,transpose,b,16,intact,old07,"[""e16_reference_b""]",[],true,true,false,,
e16_query_b_transpose,e16,4,core,transpose,b,16,intact,count,[],[],false,false,false,,
e16_query_b_transpose,e16,4,core,transpose,b,16,intact,envelope,[],[],false,false,false,,
e16_query_b_detune,e16,4,core,detune,b,16,intact,accounts,[],[],false,false,false,false,false
e16_query_b_detune,e16,4,core,detune,b,16,intact,old07,[],[],false,false,false,,
e16_query_b_detune,e16,4,core,detune,b,16,intact,count,[],[],false,false,false,,
e16_query_b_detune,e16,4,core,detune,b,16,intact,envelope,[],[],false,false,false,,
e16_query_b_timing,e16,4,core,timing,b,16,intact,accounts,"[""e16_reference_b""]",[],true,true,false,true,true
e16_query_b_timing,e16,4,core,timing,b,16,intact,old07,"[""e16_reference_b""]",[],true,true,false,,
e16_query_b_timing,e16,4,core,timing,b,16,intact,count,[],[],false,false,false,,
e16_query_b_timing,e16,4,core,timing,b,16,intact,envelope,[],[],false,false,false,,
e16_query_b_delete_rest,e16,4,core,delete_rest,b,16,intact,accounts,[],[],false,false,false,false,false
e16_query_b_delete_rest,e16,4,core,delete_rest,b,16,intact,old07,[],[],false,false,false,,
e16_query_b_delete_rest,e16,4,core,delete_rest,b,16,intact,count,[],[],false,false,false,,
e16_query_b_delete_rest,e16,4,core,delete_rest,b,16,intact,envelope,[],[],false,false,false,,
e16_query_b_delete_closed,e16,4,core,delete_closed,b,16,intact,accounts,[],[],false,false,false,false,false
e16_query_b_delete_closed,e16,4,core,delete_closed,b,16,intact,old07,[],[],false,false,false,,
e16_query_b_delete_closed,e16,4,core,delete_closed,b,16,intact,count,[],[],false,false,false,,
e16_query_b_delete_closed,e16,4,core,delete_closed,b,16,intact,envelope,[],[],false,false,false,,
e16_query_b_delete_two,e16,4,core,delete_two,b,16,intact,accounts,[],[],false,false,false,false,false
e16_query_b_delete_two,e16,4,core,delete_two,b,16,intact,old07,[],[],false,false,false,,
e16_query_b_delete_two,e16,4,core,delete_two,b,16,intact,count,[],[],false,false,false,,
e16_query_b_delete_two,e16,4,core,delete_two,b,16,intact,envelope,[],[],false,false,false,,
e16_query_b_substitute,e16,4,core,substitute,b,16,intact,accounts,[],[],false,false,false,false,false
e16_query_b_substitute,e16,4,core,substitute,b,16,intact,old07,[],[],false,false,false,,
e16_query_b_substitute,e16,4,core,substitute,b,16,intact,count,[],[],false,false,false,,
e16_query_b_substitute,e16,4,core,substitute,b,16,intact,envelope,"[""e16_reference_b"",""e16_distractor_3""]","[""e16_distractor_3""]",false,true,true,,
e16_query_b_insert,e16,4,core,insert,b,16,intact,accounts,[],[],false,false,false,false,false
e16_query_b_insert,e16,4,core,insert,b,16,intact,old07,[],[],false,false,false,,
e16_query_b_insert,e16,4,core,insert,b,16,intact,count,[],[],false,false,false,,
e16_query_b_insert,e16,4,core,insert,b,16,intact,envelope,[],[],false,false,false,,
e16_query_b_delete_insert,e16,4,core,delete_insert,b,16,intact,accounts,[],[],false,false,false,false,false
e16_query_b_delete_insert,e16,4,core,delete_insert,b,16,intact,old07,[],[],false,false,false,,
e16_query_b_delete_insert,e16,4,core,delete_insert,b,16,intact,count,[],[],false,false,false,,
e16_query_b_delete_insert,e16,4,core,delete_insert,b,16,intact,envelope,[],[],false,false,false,,
e16_query_b_weak_present,e16,4,core,weak_present,b,16,intact,accounts,[],[],false,false,false,false,false
e16_query_b_weak_present,e16,4,core,weak_present,b,16,intact,old07,[],[],false,false,false,,
e16_query_b_weak_present,e16,4,core,weak_present,b,16,intact,count,[],[],false,false,false,,
e16_query_b_weak_present,e16,4,core,weak_present,b,16,intact,envelope,[],[],false,false,false,,
e16_query_b_mask_present,e16,4,core,mask_present,b,16,intact,accounts,[],[],false,false,false,false,false
e16_query_b_mask_present,e16,4,core,mask_present,b,16,intact,old07,"[""e16_reference_b""]",[],true,true,false,,
e16_query_b_mask_present,e16,4,core,mask_present,b,16,intact,count,[],[],false,false,false,,
e16_query_b_mask_present,e16,4,core,mask_present,b,16,intact,envelope,[],[],false,false,false,,
e16_query_b_mask_absent,e16,4,core,mask_absent,b,16,intact,accounts,[],[],false,false,false,false,false
e16_query_b_mask_absent,e16,4,core,mask_absent,b,16,intact,old07,[],[],false,false,false,,
e16_query_b_mask_absent,e16,4,core,mask_absent,b,16,intact,count,[],[],false,false,false,,
e16_query_b_mask_absent,e16,4,core,mask_absent,b,16,intact,envelope,[],[],false,false,false,,
e16_query_b_merged,e16,4,core,merged,b,16,intact,accounts,[],[],false,false,false,false,false
e16_query_b_merged,e16,4,core,merged,b,16,intact,old07,[],[],false,false,false,,
e16_query_b_merged,e16,4,core,merged,b,16,intact,count,[],[],false,false,false,,
e16_query_b_merged,e16,4,core,merged,b,16,intact,envelope,[],[],false,false,false,,
e16_query_b_legitimate_rest,e16,4,core,legitimate_rest,b,16,intact,accounts,"[""e16_reference_b""]",[],true,true,false,true,true
e16_query_b_legitimate_rest,e16,4,core,legitimate_rest,b,16,intact,old07,[],[],false,false,false,,
e16_query_b_legitimate_rest,e16,4,core,legitimate_rest,b,16,intact,count,[],[],false,false,false,,
e16_query_b_legitimate_rest,e16,4,core,legitimate_rest,b,16,intact,envelope,[],[],false,false,false,,
e17_query_a_exact,e17,6,core,exact,a,16,intact,accounts,"[""e17_reference_a""]",[],true,true,false,true,true
e17_query_a_exact,e17,6,core,exact,a,16,intact,old07,"[""e17_reference_a""]",[],true,true,false,,
e17_query_a_exact,e17,6,core,exact,a,16,intact,count,[],[],false,false,false,,
e17_query_a_exact,e17,6,core,exact,a,16,intact,envelope,"[""e17_reference_a""]",[],true,true,false,,
e17_query_a_transpose,e17,6,core,transpose,a,16,intact,accounts,"[""e17_reference_a""]",[],true,true,false,true,true
e17_query_a_transpose,e17,6,core,transpose,a,16,intact,old07,"[""e17_reference_a""]",[],true,true,false,,
e17_query_a_transpose,e17,6,core,transpose,a,16,intact,count,[],[],false,false,false,,
e17_query_a_transpose,e17,6,core,transpose,a,16,intact,envelope,[],[],false,false,false,,
e17_query_a_detune,e17,6,core,detune,a,16,intact,accounts,[],[],false,false,false,false,false
e17_query_a_detune,e17,6,core,detune,a,16,intact,old07,[],[],false,false,false,,
e17_query_a_detune,e17,6,core,detune,a,16,intact,count,[],[],false,false,false,,
e17_query_a_detune,e17,6,core,detune,a,16,intact,envelope,"[""e17_reference_a""]",[],true,true,false,,
e17_query_a_timing,e17,6,core,timing,a,16,intact,accounts,"[""e17_reference_a""]",[],true,true,false,true,true
e17_query_a_timing,e17,6,core,timing,a,16,intact,old07,"[""e17_reference_a""]",[],true,true,false,,
e17_query_a_timing,e17,6,core,timing,a,16,intact,count,[],[],false,false,false,,
e17_query_a_timing,e17,6,core,timing,a,16,intact,envelope,[],[],false,false,false,,
e17_query_a_delete_rest,e17,6,core,delete_rest,a,16,intact,accounts,"[""e17_reference_a""]",[],true,true,false,true,true
e17_query_a_delete_rest,e17,6,core,delete_rest,a,16,intact,old07,"[""e17_reference_a""]",[],true,true,false,,
e17_query_a_delete_rest,e17,6,core,delete_rest,a,16,intact,count,[],[],false,false,false,,
e17_query_a_delete_rest,e17,6,core,delete_rest,a,16,intact,envelope,[],[],false,false,false,,
e17_query_a_delete_closed,e17,6,core,delete_closed,a,16,intact,accounts,"[""e17_reference_a""]",[],true,true,false,true,true
e17_query_a_delete_closed,e17,6,core,delete_closed,a,16,intact,old07,[],[],false,false,false,,
e17_query_a_delete_closed,e17,6,core,delete_closed,a,16,intact,count,[],[],false,false,false,,
e17_query_a_delete_closed,e17,6,core,delete_closed,a,16,intact,envelope,[],[],false,false,false,,
e17_query_a_delete_two,e17,6,core,delete_two,a,16,intact,accounts,[],[],false,false,false,false,false
e17_query_a_delete_two,e17,6,core,delete_two,a,16,intact,old07,[],[],false,false,false,,
e17_query_a_delete_two,e17,6,core,delete_two,a,16,intact,count,[],[],false,false,false,,
e17_query_a_delete_two,e17,6,core,delete_two,a,16,intact,envelope,[],[],false,false,false,,
e17_query_a_substitute,e17,6,core,substitute,a,16,intact,accounts,[],[],false,false,false,false,false
e17_query_a_substitute,e17,6,core,substitute,a,16,intact,old07,[],[],false,false,false,,
e17_query_a_substitute,e17,6,core,substitute,a,16,intact,count,[],[],false,false,false,,
e17_query_a_substitute,e17,6,core,substitute,a,16,intact,envelope,"[""e17_reference_a""]",[],true,true,false,,
e17_query_a_insert,e17,6,core,insert,a,16,intact,accounts,[],[],false,false,false,false,false
e17_query_a_insert,e17,6,core,insert,a,16,intact,old07,[],[],false,false,false,,
e17_query_a_insert,e17,6,core,insert,a,16,intact,count,[],[],false,false,false,,
e17_query_a_insert,e17,6,core,insert,a,16,intact,envelope,[],[],false,false,false,,
e17_query_a_delete_insert,e17,6,core,delete_insert,a,16,intact,accounts,[],[],false,false,false,false,false
e17_query_a_delete_insert,e17,6,core,delete_insert,a,16,intact,old07,[],[],false,false,false,,
e17_query_a_delete_insert,e17,6,core,delete_insert,a,16,intact,count,[],[],false,false,false,,
e17_query_a_delete_insert,e17,6,core,delete_insert,a,16,intact,envelope,[],[],false,false,false,,
e17_query_a_weak_present,e17,6,core,weak_present,a,16,intact,accounts,"[""e17_reference_a""]",[],true,true,false,false,false
e17_query_a_weak_present,e17,6,core,weak_present,a,16,intact,old07,"[""e17_reference_a""]",[],true,true,false,,
e17_query_a_weak_present,e17,6,core,weak_present,a,16,intact,count,[],[],false,false,false,,
e17_query_a_weak_present,e17,6,core,weak_present,a,16,intact,envelope,[],[],false,false,false,,
e17_query_a_mask_present,e17,6,core,mask_present,a,16,intact,accounts,[],[],false,false,false,false,false
e17_query_a_mask_present,e17,6,core,mask_present,a,16,intact,old07,"[""e17_reference_a""]",[],true,true,false,,
e17_query_a_mask_present,e17,6,core,mask_present,a,16,intact,count,[],[],false,false,false,,
e17_query_a_mask_present,e17,6,core,mask_present,a,16,intact,envelope,[],[],false,false,false,,
e17_query_a_mask_absent,e17,6,core,mask_absent,a,16,intact,accounts,[],[],false,false,false,false,false
e17_query_a_mask_absent,e17,6,core,mask_absent,a,16,intact,old07,[],[],false,false,false,,
e17_query_a_mask_absent,e17,6,core,mask_absent,a,16,intact,count,[],[],false,false,false,,
e17_query_a_mask_absent,e17,6,core,mask_absent,a,16,intact,envelope,[],[],false,false,false,,
e17_query_a_merged,e17,6,core,merged,a,16,intact,accounts,[],[],false,false,false,false,false
e17_query_a_merged,e17,6,core,merged,a,16,intact,old07,[],[],false,false,false,,
e17_query_a_merged,e17,6,core,merged,a,16,intact,count,[],[],false,false,false,,
e17_query_a_merged,e17,6,core,merged,a,16,intact,envelope,[],[],false,false,false,,
e17_query_a_legitimate_rest,e17,6,core,legitimate_rest,a,16,intact,accounts,"[""e17_reference_a""]",[],true,true,false,true,true
e17_query_a_legitimate_rest,e17,6,core,legitimate_rest,a,16,intact,old07,[],[],false,false,false,,
e17_query_a_legitimate_rest,e17,6,core,legitimate_rest,a,16,intact,count,[],[],false,false,false,,
e17_query_a_legitimate_rest,e17,6,core,legitimate_rest,a,16,intact,envelope,[],[],false,false,false,,
e17_query_b_exact,e17,6,core,exact,b,16,intact,accounts,"[""e17_reference_b""]",[],true,true,false,true,true
e17_query_b_exact,e17,6,core,exact,b,16,intact,old07,"[""e17_reference_b""]",[],true,true,false,,
e17_query_b_exact,e17,6,core,exact,b,16,intact,count,[],[],false,false,false,,
e17_query_b_exact,e17,6,core,exact,b,16,intact,envelope,"[""e17_reference_b""]",[],true,true,false,,
e17_query_b_transpose,e17,6,core,transpose,b,16,intact,accounts,"[""e17_reference_b""]",[],true,true,false,true,true
e17_query_b_transpose,e17,6,core,transpose,b,16,intact,old07,"[""e17_reference_b""]",[],true,true,false,,
e17_query_b_transpose,e17,6,core,transpose,b,16,intact,count,[],[],false,false,false,,
e17_query_b_transpose,e17,6,core,transpose,b,16,intact,envelope,[],[],false,false,false,,
e17_query_b_detune,e17,6,core,detune,b,16,intact,accounts,[],[],false,false,false,false,false
e17_query_b_detune,e17,6,core,detune,b,16,intact,old07,[],[],false,false,false,,
e17_query_b_detune,e17,6,core,detune,b,16,intact,count,[],[],false,false,false,,
e17_query_b_detune,e17,6,core,detune,b,16,intact,envelope,"[""e17_reference_b""]",[],true,true,false,,
e17_query_b_timing,e17,6,core,timing,b,16,intact,accounts,"[""e17_reference_b""]",[],true,true,false,true,true
e17_query_b_timing,e17,6,core,timing,b,16,intact,old07,"[""e17_reference_b""]",[],true,true,false,,
e17_query_b_timing,e17,6,core,timing,b,16,intact,count,[],[],false,false,false,,
e17_query_b_timing,e17,6,core,timing,b,16,intact,envelope,[],[],false,false,false,,
e17_query_b_delete_rest,e17,6,core,delete_rest,b,16,intact,accounts,"[""e17_reference_b""]",[],true,true,false,true,true
e17_query_b_delete_rest,e17,6,core,delete_rest,b,16,intact,old07,"[""e17_reference_b""]",[],true,true,false,,
e17_query_b_delete_rest,e17,6,core,delete_rest,b,16,intact,count,[],[],false,false,false,,
e17_query_b_delete_rest,e17,6,core,delete_rest,b,16,intact,envelope,[],[],false,false,false,,
e17_query_b_delete_closed,e17,6,core,delete_closed,b,16,intact,accounts,[],[],false,false,false,false,false
e17_query_b_delete_closed,e17,6,core,delete_closed,b,16,intact,old07,[],[],false,false,false,,
e17_query_b_delete_closed,e17,6,core,delete_closed,b,16,intact,count,[],[],false,false,false,,
e17_query_b_delete_closed,e17,6,core,delete_closed,b,16,intact,envelope,[],[],false,false,false,,
e17_query_b_delete_two,e17,6,core,delete_two,b,16,intact,accounts,[],[],false,false,false,false,false
e17_query_b_delete_two,e17,6,core,delete_two,b,16,intact,old07,[],[],false,false,false,,
e17_query_b_delete_two,e17,6,core,delete_two,b,16,intact,count,[],[],false,false,false,,
e17_query_b_delete_two,e17,6,core,delete_two,b,16,intact,envelope,[],[],false,false,false,,
e17_query_b_substitute,e17,6,core,substitute,b,16,intact,accounts,[],[],false,false,false,false,false
e17_query_b_substitute,e17,6,core,substitute,b,16,intact,old07,[],[],false,false,false,,
e17_query_b_substitute,e17,6,core,substitute,b,16,intact,count,[],[],false,false,false,,
e17_query_b_substitute,e17,6,core,substitute,b,16,intact,envelope,[],[],false,false,false,,
e17_query_b_insert,e17,6,core,insert,b,16,intact,accounts,[],[],false,false,false,false,false
e17_query_b_insert,e17,6,core,insert,b,16,intact,old07,[],[],false,false,false,,
e17_query_b_insert,e17,6,core,insert,b,16,intact,count,[],[],false,false,false,,
e17_query_b_insert,e17,6,core,insert,b,16,intact,envelope,[],[],false,false,false,,
e17_query_b_delete_insert,e17,6,core,delete_insert,b,16,intact,accounts,[],[],false,false,false,false,false
e17_query_b_delete_insert,e17,6,core,delete_insert,b,16,intact,old07,[],[],false,false,false,,
e17_query_b_delete_insert,e17,6,core,delete_insert,b,16,intact,count,[],[],false,false,false,,
e17_query_b_delete_insert,e17,6,core,delete_insert,b,16,intact,envelope,[],[],false,false,false,,
e17_query_b_weak_present,e17,6,core,weak_present,b,16,intact,accounts,"[""e17_reference_b""]",[],true,true,false,false,false
e17_query_b_weak_present,e17,6,core,weak_present,b,16,intact,old07,"[""e17_reference_b""]",[],true,true,false,,
e17_query_b_weak_present,e17,6,core,weak_present,b,16,intact,count,[],[],false,false,false,,
e17_query_b_weak_present,e17,6,core,weak_present,b,16,intact,envelope,[],[],false,false,false,,
e17_query_b_mask_present,e17,6,core,mask_present,b,16,intact,accounts,[],[],false,false,false,false,false
e17_query_b_mask_present,e17,6,core,mask_present,b,16,intact,old07,[],[],false,false,false,,
e17_query_b_mask_present,e17,6,core,mask_present,b,16,intact,count,[],[],false,false,false,,
e17_query_b_mask_present,e17,6,core,mask_present,b,16,intact,envelope,[],[],false,false,false,,
e17_query_b_mask_absent,e17,6,core,mask_absent,b,16,intact,accounts,[],[],false,false,false,false,false
e17_query_b_mask_absent,e17,6,core,mask_absent,b,16,intact,old07,[],[],false,false,false,,
e17_query_b_mask_absent,e17,6,core,mask_absent,b,16,intact,count,[],[],false,false,false,,
e17_query_b_mask_absent,e17,6,core,mask_absent,b,16,intact,envelope,[],[],false,false,false,,
e17_query_b_merged,e17,6,core,merged,b,16,intact,accounts,[],[],false,false,false,false,false
e17_query_b_merged,e17,6,core,merged,b,16,intact,old07,[],[],false,false,false,,
e17_query_b_merged,e17,6,core,merged,b,16,intact,count,[],[],false,false,false,,
e17_query_b_merged,e17,6,core,merged,b,16,intact,envelope,[],[],false,false,false,,
e17_query_b_legitimate_rest,e17,6,core,legitimate_rest,b,16,intact,accounts,"[""e17_reference_b""]",[],true,true,false,true,true
e17_query_b_legitimate_rest,e17,6,core,legitimate_rest,b,16,intact,old07,[],[],false,false,false,,
e17_query_b_legitimate_rest,e17,6,core,legitimate_rest,b,16,intact,count,[],[],false,false,false,,
e17_query_b_legitimate_rest,e17,6,core,legitimate_rest,b,16,intact,envelope,[],[],false,false,false,,
e18_query_a_exact,e18,8,core,exact,a,16,intact,accounts,"[""e18_reference_a""]",[],true,true,false,true,true
e18_query_a_exact,e18,8,core,exact,a,16,intact,old07,"[""e18_reference_a""]",[],true,true,false,,
e18_query_a_exact,e18,8,core,exact,a,16,intact,count,[],[],false,false,false,,
e18_query_a_exact,e18,8,core,exact,a,16,intact,envelope,"[""e18_reference_a""]",[],true,true,false,,
e18_query_a_transpose,e18,8,core,transpose,a,16,intact,accounts,"[""e18_reference_a""]",[],true,true,false,true,true
e18_query_a_transpose,e18,8,core,transpose,a,16,intact,old07,"[""e18_reference_a""]",[],true,true,false,,
e18_query_a_transpose,e18,8,core,transpose,a,16,intact,count,[],[],false,false,false,,
e18_query_a_transpose,e18,8,core,transpose,a,16,intact,envelope,[],[],false,false,false,,
e18_query_a_detune,e18,8,core,detune,a,16,intact,accounts,[],[],false,false,false,false,false
e18_query_a_detune,e18,8,core,detune,a,16,intact,old07,[],[],false,false,false,,
e18_query_a_detune,e18,8,core,detune,a,16,intact,count,[],[],false,false,false,,
e18_query_a_detune,e18,8,core,detune,a,16,intact,envelope,"[""e18_reference_a""]",[],true,true,false,,
e18_query_a_timing,e18,8,core,timing,a,16,intact,accounts,"[""e18_reference_a""]",[],true,true,false,true,true
e18_query_a_timing,e18,8,core,timing,a,16,intact,old07,"[""e18_reference_a""]",[],true,true,false,,
e18_query_a_timing,e18,8,core,timing,a,16,intact,count,[],[],false,false,false,,
e18_query_a_timing,e18,8,core,timing,a,16,intact,envelope,[],[],false,false,false,,
e18_query_a_delete_rest,e18,8,core,delete_rest,a,16,intact,accounts,[],[],false,false,false,false,false
e18_query_a_delete_rest,e18,8,core,delete_rest,a,16,intact,old07,"[""e18_reference_a""]",[],true,true,false,,
e18_query_a_delete_rest,e18,8,core,delete_rest,a,16,intact,count,[],[],false,false,false,,
e18_query_a_delete_rest,e18,8,core,delete_rest,a,16,intact,envelope,[],[],false,false,false,,
e18_query_a_delete_closed,e18,8,core,delete_closed,a,16,intact,accounts,[],[],false,false,false,false,false
e18_query_a_delete_closed,e18,8,core,delete_closed,a,16,intact,old07,[],[],false,false,false,,
e18_query_a_delete_closed,e18,8,core,delete_closed,a,16,intact,count,[],[],false,false,false,,
e18_query_a_delete_closed,e18,8,core,delete_closed,a,16,intact,envelope,[],[],false,false,false,,
e18_query_a_delete_two,e18,8,core,delete_two,a,16,intact,accounts,[],[],false,false,false,false,false
e18_query_a_delete_two,e18,8,core,delete_two,a,16,intact,old07,[],[],false,false,false,,
e18_query_a_delete_two,e18,8,core,delete_two,a,16,intact,count,[],[],false,false,false,,
e18_query_a_delete_two,e18,8,core,delete_two,a,16,intact,envelope,[],[],false,false,false,,
e18_query_a_substitute,e18,8,core,substitute,a,16,intact,accounts,[],[],false,false,false,false,false
e18_query_a_substitute,e18,8,core,substitute,a,16,intact,old07,[],[],false,false,false,,
e18_query_a_substitute,e18,8,core,substitute,a,16,intact,count,[],[],false,false,false,,
e18_query_a_substitute,e18,8,core,substitute,a,16,intact,envelope,"[""e18_reference_a""]",[],true,true,false,,
e18_query_a_insert,e18,8,core,insert,a,16,intact,accounts,[],[],false,false,false,false,false
e18_query_a_insert,e18,8,core,insert,a,16,intact,old07,[],[],false,false,false,,
e18_query_a_insert,e18,8,core,insert,a,16,intact,count,[],[],false,false,false,,
e18_query_a_insert,e18,8,core,insert,a,16,intact,envelope,[],[],false,false,false,,
e18_query_a_delete_insert,e18,8,core,delete_insert,a,16,intact,accounts,[],[],false,false,false,false,false
e18_query_a_delete_insert,e18,8,core,delete_insert,a,16,intact,old07,[],[],false,false,false,,
e18_query_a_delete_insert,e18,8,core,delete_insert,a,16,intact,count,[],[],false,false,false,,
e18_query_a_delete_insert,e18,8,core,delete_insert,a,16,intact,envelope,[],[],false,false,false,,
e18_query_a_weak_present,e18,8,core,weak_present,a,16,intact,accounts,[],[],false,false,false,false,false
e18_query_a_weak_present,e18,8,core,weak_present,a,16,intact,old07,"[""e18_reference_a""]",[],true,true,false,,
e18_query_a_weak_present,e18,8,core,weak_present,a,16,intact,count,[],[],false,false,false,,
e18_query_a_weak_present,e18,8,core,weak_present,a,16,intact,envelope,[],[],false,false,false,,
e18_query_a_mask_present,e18,8,core,mask_present,a,16,intact,accounts,[],[],false,false,false,false,false
e18_query_a_mask_present,e18,8,core,mask_present,a,16,intact,old07,[],[],false,false,false,,
e18_query_a_mask_present,e18,8,core,mask_present,a,16,intact,count,[],[],false,false,false,,
e18_query_a_mask_present,e18,8,core,mask_present,a,16,intact,envelope,[],[],false,false,false,,
e18_query_a_mask_absent,e18,8,core,mask_absent,a,16,intact,accounts,[],[],false,false,false,false,false
e18_query_a_mask_absent,e18,8,core,mask_absent,a,16,intact,old07,[],[],false,false,false,,
e18_query_a_mask_absent,e18,8,core,mask_absent,a,16,intact,count,[],[],false,false,false,,
e18_query_a_mask_absent,e18,8,core,mask_absent,a,16,intact,envelope,[],[],false,false,false,,
e18_query_a_merged,e18,8,core,merged,a,16,intact,accounts,[],[],false,false,false,false,false
e18_query_a_merged,e18,8,core,merged,a,16,intact,old07,[],[],false,false,false,,
e18_query_a_merged,e18,8,core,merged,a,16,intact,count,[],[],false,false,false,,
e18_query_a_merged,e18,8,core,merged,a,16,intact,envelope,[],[],false,false,false,,
e18_query_a_legitimate_rest,e18,8,core,legitimate_rest,a,16,intact,accounts,"[""e18_reference_a""]",[],true,true,false,true,true
e18_query_a_legitimate_rest,e18,8,core,legitimate_rest,a,16,intact,old07,[],[],false,false,false,,
e18_query_a_legitimate_rest,e18,8,core,legitimate_rest,a,16,intact,count,[],[],false,false,false,,
e18_query_a_legitimate_rest,e18,8,core,legitimate_rest,a,16,intact,envelope,[],[],false,false,false,,
e18_query_b_exact,e18,8,core,exact,b,16,intact,accounts,"[""e18_reference_b""]",[],true,true,false,true,true
e18_query_b_exact,e18,8,core,exact,b,16,intact,old07,"[""e18_reference_b""]",[],true,true,false,,
e18_query_b_exact,e18,8,core,exact,b,16,intact,count,[],[],false,false,false,,
e18_query_b_exact,e18,8,core,exact,b,16,intact,envelope,"[""e18_reference_b"",""e18_distractor_1""]","[""e18_distractor_1""]",false,true,true,,
e18_query_b_transpose,e18,8,core,transpose,b,16,intact,accounts,"[""e18_reference_b""]",[],true,true,false,true,true
e18_query_b_transpose,e18,8,core,transpose,b,16,intact,old07,"[""e18_reference_b""]",[],true,true,false,,
e18_query_b_transpose,e18,8,core,transpose,b,16,intact,count,[],[],false,false,false,,
e18_query_b_transpose,e18,8,core,transpose,b,16,intact,envelope,[],[],false,false,false,,
e18_query_b_detune,e18,8,core,detune,b,16,intact,accounts,[],[],false,false,false,false,false
e18_query_b_detune,e18,8,core,detune,b,16,intact,old07,[],[],false,false,false,,
e18_query_b_detune,e18,8,core,detune,b,16,intact,count,[],[],false,false,false,,
e18_query_b_detune,e18,8,core,detune,b,16,intact,envelope,"[""e18_reference_b""]",[],true,true,false,,
e18_query_b_timing,e18,8,core,timing,b,16,intact,accounts,"[""e18_reference_b""]",[],true,true,false,true,true
e18_query_b_timing,e18,8,core,timing,b,16,intact,old07,"[""e18_reference_b""]",[],true,true,false,,
e18_query_b_timing,e18,8,core,timing,b,16,intact,count,[],[],false,false,false,,
e18_query_b_timing,e18,8,core,timing,b,16,intact,envelope,[],[],false,false,false,,
e18_query_b_delete_rest,e18,8,core,delete_rest,b,16,intact,accounts,[],[],false,false,false,false,false
e18_query_b_delete_rest,e18,8,core,delete_rest,b,16,intact,old07,"[""e18_reference_b""]",[],true,true,false,,
e18_query_b_delete_rest,e18,8,core,delete_rest,b,16,intact,count,[],[],false,false,false,,
e18_query_b_delete_rest,e18,8,core,delete_rest,b,16,intact,envelope,[],[],false,false,false,,
e18_query_b_delete_closed,e18,8,core,delete_closed,b,16,intact,accounts,[],[],false,false,false,false,false
e18_query_b_delete_closed,e18,8,core,delete_closed,b,16,intact,old07,[],[],false,false,false,,
e18_query_b_delete_closed,e18,8,core,delete_closed,b,16,intact,count,[],[],false,false,false,,
e18_query_b_delete_closed,e18,8,core,delete_closed,b,16,intact,envelope,[],[],false,false,false,,
e18_query_b_delete_two,e18,8,core,delete_two,b,16,intact,accounts,[],[],false,false,false,false,false
e18_query_b_delete_two,e18,8,core,delete_two,b,16,intact,old07,[],[],false,false,false,,
e18_query_b_delete_two,e18,8,core,delete_two,b,16,intact,count,[],[],false,false,false,,
e18_query_b_delete_two,e18,8,core,delete_two,b,16,intact,envelope,[],[],false,false,false,,
e18_query_b_substitute,e18,8,core,substitute,b,16,intact,accounts,[],[],false,false,false,false,false
e18_query_b_substitute,e18,8,core,substitute,b,16,intact,old07,[],[],false,false,false,,
e18_query_b_substitute,e18,8,core,substitute,b,16,intact,count,[],[],false,false,false,,
e18_query_b_substitute,e18,8,core,substitute,b,16,intact,envelope,"[""e18_reference_b""]",[],true,true,false,,
e18_query_b_insert,e18,8,core,insert,b,16,intact,accounts,[],[],false,false,false,false,false
e18_query_b_insert,e18,8,core,insert,b,16,intact,old07,[],[],false,false,false,,
e18_query_b_insert,e18,8,core,insert,b,16,intact,count,[],[],false,false,false,,
e18_query_b_insert,e18,8,core,insert,b,16,intact,envelope,[],[],false,false,false,,
e18_query_b_delete_insert,e18,8,core,delete_insert,b,16,intact,accounts,[],[],false,false,false,false,false
e18_query_b_delete_insert,e18,8,core,delete_insert,b,16,intact,old07,[],[],false,false,false,,
e18_query_b_delete_insert,e18,8,core,delete_insert,b,16,intact,count,[],[],false,false,false,,
e18_query_b_delete_insert,e18,8,core,delete_insert,b,16,intact,envelope,[],[],false,false,false,,
e18_query_b_weak_present,e18,8,core,weak_present,b,16,intact,accounts,[],[],false,false,false,false,false
e18_query_b_weak_present,e18,8,core,weak_present,b,16,intact,old07,"[""e18_reference_b""]",[],true,true,false,,
e18_query_b_weak_present,e18,8,core,weak_present,b,16,intact,count,[],[],false,false,false,,
e18_query_b_weak_present,e18,8,core,weak_present,b,16,intact,envelope,[],[],false,false,false,,
e18_query_b_mask_present,e18,8,core,mask_present,b,16,intact,accounts,[],[],false,false,false,false,false
e18_query_b_mask_present,e18,8,core,mask_present,b,16,intact,old07,[],[],false,false,false,,
e18_query_b_mask_present,e18,8,core,mask_present,b,16,intact,count,[],[],false,false,false,,
e18_query_b_mask_present,e18,8,core,mask_present,b,16,intact,envelope,[],[],false,false,false,,
e18_query_b_mask_absent,e18,8,core,mask_absent,b,16,intact,accounts,[],[],false,false,false,false,false
e18_query_b_mask_absent,e18,8,core,mask_absent,b,16,intact,old07,[],[],false,false,false,,
e18_query_b_mask_absent,e18,8,core,mask_absent,b,16,intact,count,[],[],false,false,false,,
e18_query_b_mask_absent,e18,8,core,mask_absent,b,16,intact,envelope,[],[],false,false,false,,
e18_query_b_merged,e18,8,core,merged,b,16,intact,accounts,[],[],false,false,false,false,false
e18_query_b_merged,e18,8,core,merged,b,16,intact,old07,[],[],false,false,false,,
e18_query_b_merged,e18,8,core,merged,b,16,intact,count,[],[],false,false,false,,
e18_query_b_merged,e18,8,core,merged,b,16,intact,envelope,[],[],false,false,false,,
e18_query_b_legitimate_rest,e18,8,core,legitimate_rest,b,16,intact,accounts,"[""e18_reference_b""]",[],true,true,false,true,true
e18_query_b_legitimate_rest,e18,8,core,legitimate_rest,b,16,intact,old07,[],[],false,false,false,,
e18_query_b_legitimate_rest,e18,8,core,legitimate_rest,b,16,intact,count,[],[],false,false,false,,
e18_query_b_legitimate_rest,e18,8,core,legitimate_rest,b,16,intact,envelope,[],[],false,false,false,,
e19_query_a_exact,e19,10,core,exact,a,16,intact,accounts,"[""e19_reference_a""]",[],true,true,false,true,true
e19_query_a_exact,e19,10,core,exact,a,16,intact,old07,"[""e19_reference_a""]",[],true,true,false,,
e19_query_a_exact,e19,10,core,exact,a,16,intact,count,[],[],false,false,false,,
e19_query_a_exact,e19,10,core,exact,a,16,intact,envelope,"[""e19_reference_a"",""e19_distractor_0""]","[""e19_distractor_0""]",false,true,true,,
e19_query_a_transpose,e19,10,core,transpose,a,16,intact,accounts,"[""e19_reference_a""]",[],true,true,false,true,true
e19_query_a_transpose,e19,10,core,transpose,a,16,intact,old07,"[""e19_reference_a""]",[],true,true,false,,
e19_query_a_transpose,e19,10,core,transpose,a,16,intact,count,[],[],false,false,false,,
e19_query_a_transpose,e19,10,core,transpose,a,16,intact,envelope,[],[],false,false,false,,
e19_query_a_detune,e19,10,core,detune,a,16,intact,accounts,[],[],false,false,false,false,false
e19_query_a_detune,e19,10,core,detune,a,16,intact,old07,[],[],false,false,false,,
e19_query_a_detune,e19,10,core,detune,a,16,intact,count,[],[],false,false,false,,
e19_query_a_detune,e19,10,core,detune,a,16,intact,envelope,"[""e19_reference_a"",""e19_distractor_0""]","[""e19_distractor_0""]",false,true,true,,
e19_query_a_timing,e19,10,core,timing,a,16,intact,accounts,"[""e19_reference_a""]",[],true,true,false,true,true
e19_query_a_timing,e19,10,core,timing,a,16,intact,old07,"[""e19_reference_a""]",[],true,true,false,,
e19_query_a_timing,e19,10,core,timing,a,16,intact,count,[],[],false,false,false,,
e19_query_a_timing,e19,10,core,timing,a,16,intact,envelope,[],[],false,false,false,,
e19_query_a_delete_rest,e19,10,core,delete_rest,a,16,intact,accounts,[],[],false,false,false,false,false
e19_query_a_delete_rest,e19,10,core,delete_rest,a,16,intact,old07,"[""e19_reference_a""]",[],true,true,false,,
e19_query_a_delete_rest,e19,10,core,delete_rest,a,16,intact,count,[],[],false,false,false,,
e19_query_a_delete_rest,e19,10,core,delete_rest,a,16,intact,envelope,[],[],false,false,false,,
e19_query_a_delete_closed,e19,10,core,delete_closed,a,16,intact,accounts,[],[],false,false,false,false,false
e19_query_a_delete_closed,e19,10,core,delete_closed,a,16,intact,old07,[],[],false,false,false,,
e19_query_a_delete_closed,e19,10,core,delete_closed,a,16,intact,count,[],[],false,false,false,,
e19_query_a_delete_closed,e19,10,core,delete_closed,a,16,intact,envelope,[],[],false,false,false,,
e19_query_a_delete_two,e19,10,core,delete_two,a,16,intact,accounts,[],[],false,false,false,false,false
e19_query_a_delete_two,e19,10,core,delete_two,a,16,intact,old07,[],[],false,false,false,,
e19_query_a_delete_two,e19,10,core,delete_two,a,16,intact,count,[],[],false,false,false,,
e19_query_a_delete_two,e19,10,core,delete_two,a,16,intact,envelope,[],[],false,false,false,,
e19_query_a_substitute,e19,10,core,substitute,a,16,intact,accounts,[],[],false,false,false,false,false
e19_query_a_substitute,e19,10,core,substitute,a,16,intact,old07,[],[],false,false,false,,
e19_query_a_substitute,e19,10,core,substitute,a,16,intact,count,[],[],false,false,false,,
e19_query_a_substitute,e19,10,core,substitute,a,16,intact,envelope,"[""e19_reference_a"",""e19_distractor_0""]","[""e19_distractor_0""]",false,true,true,,
e19_query_a_insert,e19,10,core,insert,a,16,intact,accounts,[],[],false,false,false,false,false
e19_query_a_insert,e19,10,core,insert,a,16,intact,old07,[],[],false,false,false,,
e19_query_a_insert,e19,10,core,insert,a,16,intact,count,[],[],false,false,false,,
e19_query_a_insert,e19,10,core,insert,a,16,intact,envelope,[],[],false,false,false,,
e19_query_a_delete_insert,e19,10,core,delete_insert,a,16,intact,accounts,[],[],false,false,false,false,false
e19_query_a_delete_insert,e19,10,core,delete_insert,a,16,intact,old07,[],[],false,false,false,,
e19_query_a_delete_insert,e19,10,core,delete_insert,a,16,intact,count,[],[],false,false,false,,
e19_query_a_delete_insert,e19,10,core,delete_insert,a,16,intact,envelope,[],[],false,false,false,,
e19_query_a_weak_present,e19,10,core,weak_present,a,16,intact,accounts,[],[],false,false,false,false,false
e19_query_a_weak_present,e19,10,core,weak_present,a,16,intact,old07,"[""e19_reference_a""]",[],true,true,false,,
e19_query_a_weak_present,e19,10,core,weak_present,a,16,intact,count,[],[],false,false,false,,
e19_query_a_weak_present,e19,10,core,weak_present,a,16,intact,envelope,[],[],false,false,false,,
e19_query_a_mask_present,e19,10,core,mask_present,a,16,intact,accounts,[],[],false,false,false,false,false
e19_query_a_mask_present,e19,10,core,mask_present,a,16,intact,old07,[],[],false,false,false,,
e19_query_a_mask_present,e19,10,core,mask_present,a,16,intact,count,[],[],false,false,false,,
e19_query_a_mask_present,e19,10,core,mask_present,a,16,intact,envelope,[],[],false,false,false,,
e19_query_a_mask_absent,e19,10,core,mask_absent,a,16,intact,accounts,[],[],false,false,false,false,false
e19_query_a_mask_absent,e19,10,core,mask_absent,a,16,intact,old07,[],[],false,false,false,,
e19_query_a_mask_absent,e19,10,core,mask_absent,a,16,intact,count,[],[],false,false,false,,
e19_query_a_mask_absent,e19,10,core,mask_absent,a,16,intact,envelope,[],[],false,false,false,,
e19_query_a_merged,e19,10,core,merged,a,16,intact,accounts,[],[],false,false,false,false,false
e19_query_a_merged,e19,10,core,merged,a,16,intact,old07,[],[],false,false,false,,
e19_query_a_merged,e19,10,core,merged,a,16,intact,count,[],[],false,false,false,,
e19_query_a_merged,e19,10,core,merged,a,16,intact,envelope,[],[],false,false,false,,
e19_query_a_legitimate_rest,e19,10,core,legitimate_rest,a,16,intact,accounts,"[""e19_reference_a""]",[],true,true,false,true,true
e19_query_a_legitimate_rest,e19,10,core,legitimate_rest,a,16,intact,old07,[],[],false,false,false,,
e19_query_a_legitimate_rest,e19,10,core,legitimate_rest,a,16,intact,count,[],[],false,false,false,,
e19_query_a_legitimate_rest,e19,10,core,legitimate_rest,a,16,intact,envelope,[],[],false,false,false,,
e19_query_b_exact,e19,10,core,exact,b,16,intact,accounts,"[""e19_reference_b""]",[],true,true,false,true,true
e19_query_b_exact,e19,10,core,exact,b,16,intact,old07,"[""e19_reference_b""]",[],true,true,false,,
e19_query_b_exact,e19,10,core,exact,b,16,intact,count,[],[],false,false,false,,
e19_query_b_exact,e19,10,core,exact,b,16,intact,envelope,"[""e19_reference_b"",""e19_distractor_1""]","[""e19_distractor_1""]",false,true,true,,
e19_query_b_transpose,e19,10,core,transpose,b,16,intact,accounts,"[""e19_reference_b""]",[],true,true,false,true,true
e19_query_b_transpose,e19,10,core,transpose,b,16,intact,old07,"[""e19_reference_b""]",[],true,true,false,,
e19_query_b_transpose,e19,10,core,transpose,b,16,intact,count,[],[],false,false,false,,
e19_query_b_transpose,e19,10,core,transpose,b,16,intact,envelope,[],[],false,false,false,,
e19_query_b_detune,e19,10,core,detune,b,16,intact,accounts,[],[],false,false,false,false,false
e19_query_b_detune,e19,10,core,detune,b,16,intact,old07,[],[],false,false,false,,
e19_query_b_detune,e19,10,core,detune,b,16,intact,count,[],[],false,false,false,,
e19_query_b_detune,e19,10,core,detune,b,16,intact,envelope,"[""e19_reference_b""]",[],true,true,false,,
e19_query_b_timing,e19,10,core,timing,b,16,intact,accounts,"[""e19_reference_b""]",[],true,true,false,true,true
e19_query_b_timing,e19,10,core,timing,b,16,intact,old07,"[""e19_reference_b""]",[],true,true,false,,
e19_query_b_timing,e19,10,core,timing,b,16,intact,count,[],[],false,false,false,,
e19_query_b_timing,e19,10,core,timing,b,16,intact,envelope,[],[],false,false,false,,
e19_query_b_delete_rest,e19,10,core,delete_rest,b,16,intact,accounts,[],[],false,false,false,false,false
e19_query_b_delete_rest,e19,10,core,delete_rest,b,16,intact,old07,"[""e19_reference_b""]",[],true,true,false,,
e19_query_b_delete_rest,e19,10,core,delete_rest,b,16,intact,count,[],[],false,false,false,,
e19_query_b_delete_rest,e19,10,core,delete_rest,b,16,intact,envelope,[],[],false,false,false,,
e19_query_b_delete_closed,e19,10,core,delete_closed,b,16,intact,accounts,[],[],false,false,false,false,false
e19_query_b_delete_closed,e19,10,core,delete_closed,b,16,intact,old07,[],[],false,false,false,,
e19_query_b_delete_closed,e19,10,core,delete_closed,b,16,intact,count,[],[],false,false,false,,
e19_query_b_delete_closed,e19,10,core,delete_closed,b,16,intact,envelope,[],[],false,false,false,,
e19_query_b_delete_two,e19,10,core,delete_two,b,16,intact,accounts,[],[],false,false,false,false,false
e19_query_b_delete_two,e19,10,core,delete_two,b,16,intact,old07,[],[],false,false,false,,
e19_query_b_delete_two,e19,10,core,delete_two,b,16,intact,count,[],[],false,false,false,,
e19_query_b_delete_two,e19,10,core,delete_two,b,16,intact,envelope,[],[],false,false,false,,
e19_query_b_substitute,e19,10,core,substitute,b,16,intact,accounts,[],[],false,false,false,false,false
e19_query_b_substitute,e19,10,core,substitute,b,16,intact,old07,[],[],false,false,false,,
e19_query_b_substitute,e19,10,core,substitute,b,16,intact,count,[],[],false,false,false,,
e19_query_b_substitute,e19,10,core,substitute,b,16,intact,envelope,"[""e19_reference_b""]",[],true,true,false,,
e19_query_b_insert,e19,10,core,insert,b,16,intact,accounts,[],[],false,false,false,false,false
e19_query_b_insert,e19,10,core,insert,b,16,intact,old07,[],[],false,false,false,,
e19_query_b_insert,e19,10,core,insert,b,16,intact,count,[],[],false,false,false,,
e19_query_b_insert,e19,10,core,insert,b,16,intact,envelope,[],[],false,false,false,,
e19_query_b_delete_insert,e19,10,core,delete_insert,b,16,intact,accounts,[],[],false,false,false,false,false
e19_query_b_delete_insert,e19,10,core,delete_insert,b,16,intact,old07,[],[],false,false,false,,
e19_query_b_delete_insert,e19,10,core,delete_insert,b,16,intact,count,[],[],false,false,false,,
e19_query_b_delete_insert,e19,10,core,delete_insert,b,16,intact,envelope,[],[],false,false,false,,
e19_query_b_weak_present,e19,10,core,weak_present,b,16,intact,accounts,[],[],false,false,false,false,false
e19_query_b_weak_present,e19,10,core,weak_present,b,16,intact,old07,"[""e19_reference_b""]",[],true,true,false,,
e19_query_b_weak_present,e19,10,core,weak_present,b,16,intact,count,[],[],false,false,false,,
e19_query_b_weak_present,e19,10,core,weak_present,b,16,intact,envelope,[],[],false,false,false,,
e19_query_b_mask_present,e19,10,core,mask_present,b,16,intact,accounts,[],[],false,false,false,false,false
e19_query_b_mask_present,e19,10,core,mask_present,b,16,intact,old07,[],[],false,false,false,,
e19_query_b_mask_present,e19,10,core,mask_present,b,16,intact,count,[],[],false,false,false,,
e19_query_b_mask_present,e19,10,core,mask_present,b,16,intact,envelope,[],[],false,false,false,,
e19_query_b_mask_absent,e19,10,core,mask_absent,b,16,intact,accounts,[],[],false,false,false,false,false
e19_query_b_mask_absent,e19,10,core,mask_absent,b,16,intact,old07,[],[],false,false,false,,
e19_query_b_mask_absent,e19,10,core,mask_absent,b,16,intact,count,[],[],false,false,false,,
e19_query_b_mask_absent,e19,10,core,mask_absent,b,16,intact,envelope,[],[],false,false,false,,
e19_query_b_merged,e19,10,core,merged,b,16,intact,accounts,[],[],false,false,false,false,false
e19_query_b_merged,e19,10,core,merged,b,16,intact,old07,[],[],false,false,false,,
e19_query_b_merged,e19,10,core,merged,b,16,intact,count,[],[],false,false,false,,
e19_query_b_merged,e19,10,core,merged,b,16,intact,envelope,[],[],false,false,false,,
e19_query_b_legitimate_rest,e19,10,core,legitimate_rest,b,16,intact,accounts,"[""e19_reference_b""]",[],true,true,false,true,true
e19_query_b_legitimate_rest,e19,10,core,legitimate_rest,b,16,intact,old07,[],[],false,false,false,,
e19_query_b_legitimate_rest,e19,10,core,legitimate_rest,b,16,intact,count,[],[],false,false,false,,
e19_query_b_legitimate_rest,e19,10,core,legitimate_rest,b,16,intact,envelope,[],[],false,false,false,,
e20_query_a_exact,e20,4,core,exact,a,16,intact,accounts,"[""e20_reference_a""]",[],true,true,false,true,true
e20_query_a_exact,e20,4,core,exact,a,16,intact,old07,"[""e20_reference_a""]",[],true,true,false,,
e20_query_a_exact,e20,4,core,exact,a,16,intact,count,[],[],false,false,false,,
e20_query_a_exact,e20,4,core,exact,a,16,intact,envelope,"[""e20_reference_a""]",[],true,true,false,,
e20_query_a_transpose,e20,4,core,transpose,a,16,intact,accounts,"[""e20_reference_a""]",[],true,true,false,true,true
e20_query_a_transpose,e20,4,core,transpose,a,16,intact,old07,"[""e20_reference_a""]",[],true,true,false,,
e20_query_a_transpose,e20,4,core,transpose,a,16,intact,count,[],[],false,false,false,,
e20_query_a_transpose,e20,4,core,transpose,a,16,intact,envelope,[],[],false,false,false,,
e20_query_a_detune,e20,4,core,detune,a,16,intact,accounts,[],[],false,false,false,false,false
e20_query_a_detune,e20,4,core,detune,a,16,intact,old07,[],[],false,false,false,,
e20_query_a_detune,e20,4,core,detune,a,16,intact,count,[],[],false,false,false,,
e20_query_a_detune,e20,4,core,detune,a,16,intact,envelope,"[""e20_reference_a""]",[],true,true,false,,
e20_query_a_timing,e20,4,core,timing,a,16,intact,accounts,"[""e20_reference_a""]",[],true,true,false,true,true
e20_query_a_timing,e20,4,core,timing,a,16,intact,old07,"[""e20_reference_a""]",[],true,true,false,,
e20_query_a_timing,e20,4,core,timing,a,16,intact,count,[],[],false,false,false,,
e20_query_a_timing,e20,4,core,timing,a,16,intact,envelope,[],[],false,false,false,,
e20_query_a_delete_rest,e20,4,core,delete_rest,a,16,intact,accounts,[],[],false,false,false,false,false
e20_query_a_delete_rest,e20,4,core,delete_rest,a,16,intact,old07,[],[],false,false,false,,
e20_query_a_delete_rest,e20,4,core,delete_rest,a,16,intact,count,[],[],false,false,false,,
e20_query_a_delete_rest,e20,4,core,delete_rest,a,16,intact,envelope,[],[],false,false,false,,
e20_query_a_delete_closed,e20,4,core,delete_closed,a,16,intact,accounts,[],[],false,false,false,false,false
e20_query_a_delete_closed,e20,4,core,delete_closed,a,16,intact,old07,[],[],false,false,false,,
e20_query_a_delete_closed,e20,4,core,delete_closed,a,16,intact,count,[],[],false,false,false,,
e20_query_a_delete_closed,e20,4,core,delete_closed,a,16,intact,envelope,[],[],false,false,false,,
e20_query_a_delete_two,e20,4,core,delete_two,a,16,intact,accounts,[],[],false,false,false,false,false
e20_query_a_delete_two,e20,4,core,delete_two,a,16,intact,old07,[],[],false,false,false,,
e20_query_a_delete_two,e20,4,core,delete_two,a,16,intact,count,[],[],false,false,false,,
e20_query_a_delete_two,e20,4,core,delete_two,a,16,intact,envelope,[],[],false,false,false,,
e20_query_a_substitute,e20,4,core,substitute,a,16,intact,accounts,[],[],false,false,false,false,false
e20_query_a_substitute,e20,4,core,substitute,a,16,intact,old07,[],[],false,false,false,,
e20_query_a_substitute,e20,4,core,substitute,a,16,intact,count,[],[],false,false,false,,
e20_query_a_substitute,e20,4,core,substitute,a,16,intact,envelope,[],[],false,false,false,,
e20_query_a_insert,e20,4,core,insert,a,16,intact,accounts,[],[],false,false,false,false,false
e20_query_a_insert,e20,4,core,insert,a,16,intact,old07,[],[],false,false,false,,
e20_query_a_insert,e20,4,core,insert,a,16,intact,count,[],[],false,false,false,,
e20_query_a_insert,e20,4,core,insert,a,16,intact,envelope,[],[],false,false,false,,
e20_query_a_delete_insert,e20,4,core,delete_insert,a,16,intact,accounts,[],[],false,false,false,false,false
e20_query_a_delete_insert,e20,4,core,delete_insert,a,16,intact,old07,[],[],false,false,false,,
e20_query_a_delete_insert,e20,4,core,delete_insert,a,16,intact,count,[],[],false,false,false,,
e20_query_a_delete_insert,e20,4,core,delete_insert,a,16,intact,envelope,[],[],false,false,false,,
e20_query_a_weak_present,e20,4,core,weak_present,a,16,intact,accounts,[],[],false,false,false,false,false
e20_query_a_weak_present,e20,4,core,weak_present,a,16,intact,old07,[],[],false,false,false,,
e20_query_a_weak_present,e20,4,core,weak_present,a,16,intact,count,[],[],false,false,false,,
e20_query_a_weak_present,e20,4,core,weak_present,a,16,intact,envelope,[],[],false,false,false,,
e20_query_a_mask_present,e20,4,core,mask_present,a,16,intact,accounts,[],[],false,false,false,false,false
e20_query_a_mask_present,e20,4,core,mask_present,a,16,intact,old07,[],[],false,false,false,,
e20_query_a_mask_present,e20,4,core,mask_present,a,16,intact,count,[],[],false,false,false,,
e20_query_a_mask_present,e20,4,core,mask_present,a,16,intact,envelope,[],[],false,false,false,,
e20_query_a_mask_absent,e20,4,core,mask_absent,a,16,intact,accounts,[],[],false,false,false,false,false
e20_query_a_mask_absent,e20,4,core,mask_absent,a,16,intact,old07,[],[],false,false,false,,
e20_query_a_mask_absent,e20,4,core,mask_absent,a,16,intact,count,[],[],false,false,false,,
e20_query_a_mask_absent,e20,4,core,mask_absent,a,16,intact,envelope,[],[],false,false,false,,
e20_query_a_merged,e20,4,core,merged,a,16,intact,accounts,[],[],false,false,false,false,false
e20_query_a_merged,e20,4,core,merged,a,16,intact,old07,[],[],false,false,false,,
e20_query_a_merged,e20,4,core,merged,a,16,intact,count,[],[],false,false,false,,
e20_query_a_merged,e20,4,core,merged,a,16,intact,envelope,[],[],false,false,false,,
e20_query_a_legitimate_rest,e20,4,core,legitimate_rest,a,16,intact,accounts,"[""e20_reference_a""]",[],true,true,false,true,true
e20_query_a_legitimate_rest,e20,4,core,legitimate_rest,a,16,intact,old07,[],[],false,false,false,,
e20_query_a_legitimate_rest,e20,4,core,legitimate_rest,a,16,intact,count,[],[],false,false,false,,
e20_query_a_legitimate_rest,e20,4,core,legitimate_rest,a,16,intact,envelope,[],[],false,false,false,,
e20_query_b_exact,e20,4,core,exact,b,16,intact,accounts,"[""e20_reference_b""]",[],true,true,false,true,true
e20_query_b_exact,e20,4,core,exact,b,16,intact,old07,"[""e20_reference_b""]",[],true,true,false,,
e20_query_b_exact,e20,4,core,exact,b,16,intact,count,[],[],false,false,false,,
e20_query_b_exact,e20,4,core,exact,b,16,intact,envelope,"[""e20_reference_b""]",[],true,true,false,,
e20_query_b_transpose,e20,4,core,transpose,b,16,intact,accounts,"[""e20_reference_b""]",[],true,true,false,true,true
e20_query_b_transpose,e20,4,core,transpose,b,16,intact,old07,"[""e20_reference_b""]",[],true,true,false,,
e20_query_b_transpose,e20,4,core,transpose,b,16,intact,count,[],[],false,false,false,,
e20_query_b_transpose,e20,4,core,transpose,b,16,intact,envelope,[],[],false,false,false,,
e20_query_b_detune,e20,4,core,detune,b,16,intact,accounts,[],[],false,false,false,false,false
e20_query_b_detune,e20,4,core,detune,b,16,intact,old07,[],[],false,false,false,,
e20_query_b_detune,e20,4,core,detune,b,16,intact,count,[],[],false,false,false,,
e20_query_b_detune,e20,4,core,detune,b,16,intact,envelope,"[""e20_reference_b""]",[],true,true,false,,
e20_query_b_timing,e20,4,core,timing,b,16,intact,accounts,"[""e20_reference_b""]",[],true,true,false,true,true
e20_query_b_timing,e20,4,core,timing,b,16,intact,old07,"[""e20_reference_b""]",[],true,true,false,,
e20_query_b_timing,e20,4,core,timing,b,16,intact,count,[],[],false,false,false,,
e20_query_b_timing,e20,4,core,timing,b,16,intact,envelope,[],[],false,false,false,,
e20_query_b_delete_rest,e20,4,core,delete_rest,b,16,intact,accounts,[],[],false,false,false,false,false
e20_query_b_delete_rest,e20,4,core,delete_rest,b,16,intact,old07,[],[],false,false,false,,
e20_query_b_delete_rest,e20,4,core,delete_rest,b,16,intact,count,[],[],false,false,false,,
e20_query_b_delete_rest,e20,4,core,delete_rest,b,16,intact,envelope,[],[],false,false,false,,
e20_query_b_delete_closed,e20,4,core,delete_closed,b,16,intact,accounts,[],[],false,false,false,false,false
e20_query_b_delete_closed,e20,4,core,delete_closed,b,16,intact,old07,[],[],false,false,false,,
e20_query_b_delete_closed,e20,4,core,delete_closed,b,16,intact,count,[],[],false,false,false,,
e20_query_b_delete_closed,e20,4,core,delete_closed,b,16,intact,envelope,[],[],false,false,false,,
e20_query_b_delete_two,e20,4,core,delete_two,b,16,intact,accounts,[],[],false,false,false,false,false
e20_query_b_delete_two,e20,4,core,delete_two,b,16,intact,old07,[],[],false,false,false,,
e20_query_b_delete_two,e20,4,core,delete_two,b,16,intact,count,[],[],false,false,false,,
e20_query_b_delete_two,e20,4,core,delete_two,b,16,intact,envelope,[],[],false,false,false,,
e20_query_b_substitute,e20,4,core,substitute,b,16,intact,accounts,[],[],false,false,false,false,false
e20_query_b_substitute,e20,4,core,substitute,b,16,intact,old07,[],[],false,false,false,,
e20_query_b_substitute,e20,4,core,substitute,b,16,intact,count,[],[],false,false,false,,
e20_query_b_substitute,e20,4,core,substitute,b,16,intact,envelope,[],[],false,false,false,,
e20_query_b_insert,e20,4,core,insert,b,16,intact,accounts,[],[],false,false,false,false,false
e20_query_b_insert,e20,4,core,insert,b,16,intact,old07,[],[],false,false,false,,
e20_query_b_insert,e20,4,core,insert,b,16,intact,count,[],[],false,false,false,,
e20_query_b_insert,e20,4,core,insert,b,16,intact,envelope,[],[],false,false,false,,
e20_query_b_delete_insert,e20,4,core,delete_insert,b,16,intact,accounts,[],[],false,false,false,false,false
e20_query_b_delete_insert,e20,4,core,delete_insert,b,16,intact,old07,[],[],false,false,false,,
e20_query_b_delete_insert,e20,4,core,delete_insert,b,16,intact,count,[],[],false,false,false,,
e20_query_b_delete_insert,e20,4,core,delete_insert,b,16,intact,envelope,[],[],false,false,false,,
e20_query_b_weak_present,e20,4,core,weak_present,b,16,intact,accounts,[],[],false,false,false,false,false
e20_query_b_weak_present,e20,4,core,weak_present,b,16,intact,old07,[],[],false,false,false,,
e20_query_b_weak_present,e20,4,core,weak_present,b,16,intact,count,[],[],false,false,false,,
e20_query_b_weak_present,e20,4,core,weak_present,b,16,intact,envelope,[],[],false,false,false,,
e20_query_b_mask_present,e20,4,core,mask_present,b,16,intact,accounts,[],[],false,false,false,false,false
e20_query_b_mask_present,e20,4,core,mask_present,b,16,intact,old07,[],[],false,false,false,,
e20_query_b_mask_present,e20,4,core,mask_present,b,16,intact,count,[],[],false,false,false,,
e20_query_b_mask_present,e20,4,core,mask_present,b,16,intact,envelope,[],[],false,false,false,,
e20_query_b_mask_absent,e20,4,core,mask_absent,b,16,intact,accounts,[],[],false,false,false,false,false
e20_query_b_mask_absent,e20,4,core,mask_absent,b,16,intact,old07,[],[],false,false,false,,
e20_query_b_mask_absent,e20,4,core,mask_absent,b,16,intact,count,[],[],false,false,false,,
e20_query_b_mask_absent,e20,4,core,mask_absent,b,16,intact,envelope,[],[],false,false,false,,
e20_query_b_merged,e20,4,core,merged,b,16,intact,accounts,[],[],false,false,false,false,false
e20_query_b_merged,e20,4,core,merged,b,16,intact,old07,[],[],false,false,false,,
e20_query_b_merged,e20,4,core,merged,b,16,intact,count,[],[],false,false,false,,
e20_query_b_merged,e20,4,core,merged,b,16,intact,envelope,[],[],false,false,false,,
e20_query_b_legitimate_rest,e20,4,core,legitimate_rest,b,16,intact,accounts,"[""e20_reference_b""]",[],true,true,false,true,true
e20_query_b_legitimate_rest,e20,4,core,legitimate_rest,b,16,intact,old07,[],[],false,false,false,,
e20_query_b_legitimate_rest,e20,4,core,legitimate_rest,b,16,intact,count,[],[],false,false,false,,
e20_query_b_legitimate_rest,e20,4,core,legitimate_rest,b,16,intact,envelope,[],[],false,false,false,,
e21_query_a_exact,e21,6,core,exact,a,16,intact,accounts,"[""e21_reference_a""]",[],true,true,false,true,true
e21_query_a_exact,e21,6,core,exact,a,16,intact,old07,"[""e21_reference_a""]",[],true,true,false,,
e21_query_a_exact,e21,6,core,exact,a,16,intact,count,[],[],false,false,false,,
e21_query_a_exact,e21,6,core,exact,a,16,intact,envelope,"[""e21_reference_a""]",[],true,true,false,,
e21_query_a_transpose,e21,6,core,transpose,a,16,intact,accounts,"[""e21_reference_a""]",[],true,true,false,true,true
e21_query_a_transpose,e21,6,core,transpose,a,16,intact,old07,"[""e21_reference_a""]",[],true,true,false,,
e21_query_a_transpose,e21,6,core,transpose,a,16,intact,count,[],[],false,false,false,,
e21_query_a_transpose,e21,6,core,transpose,a,16,intact,envelope,[],[],false,false,false,,
e21_query_a_detune,e21,6,core,detune,a,16,intact,accounts,[],[],false,false,false,false,false
e21_query_a_detune,e21,6,core,detune,a,16,intact,old07,[],[],false,false,false,,
e21_query_a_detune,e21,6,core,detune,a,16,intact,count,[],[],false,false,false,,
e21_query_a_detune,e21,6,core,detune,a,16,intact,envelope,"[""e21_reference_a""]",[],true,true,false,,
e21_query_a_timing,e21,6,core,timing,a,16,intact,accounts,"[""e21_reference_a""]",[],true,true,false,true,true
e21_query_a_timing,e21,6,core,timing,a,16,intact,old07,"[""e21_reference_a""]",[],true,true,false,,
e21_query_a_timing,e21,6,core,timing,a,16,intact,count,[],[],false,false,false,,
e21_query_a_timing,e21,6,core,timing,a,16,intact,envelope,[],[],false,false,false,,
e21_query_a_delete_rest,e21,6,core,delete_rest,a,16,intact,accounts,"[""e21_reference_a""]",[],true,true,false,true,true
e21_query_a_delete_rest,e21,6,core,delete_rest,a,16,intact,old07,"[""e21_reference_a""]",[],true,true,false,,
e21_query_a_delete_rest,e21,6,core,delete_rest,a,16,intact,count,[],[],false,false,false,,
e21_query_a_delete_rest,e21,6,core,delete_rest,a,16,intact,envelope,[],[],false,false,false,,
e21_query_a_delete_closed,e21,6,core,delete_closed,a,16,intact,accounts,[],[],false,false,false,false,false
e21_query_a_delete_closed,e21,6,core,delete_closed,a,16,intact,old07,[],[],false,false,false,,
e21_query_a_delete_closed,e21,6,core,delete_closed,a,16,intact,count,[],[],false,false,false,,
e21_query_a_delete_closed,e21,6,core,delete_closed,a,16,intact,envelope,[],[],false,false,false,,
e21_query_a_delete_two,e21,6,core,delete_two,a,16,intact,accounts,[],[],false,false,false,false,false
e21_query_a_delete_two,e21,6,core,delete_two,a,16,intact,old07,[],[],false,false,false,,
e21_query_a_delete_two,e21,6,core,delete_two,a,16,intact,count,[],[],false,false,false,,
e21_query_a_delete_two,e21,6,core,delete_two,a,16,intact,envelope,[],[],false,false,false,,
e21_query_a_substitute,e21,6,core,substitute,a,16,intact,accounts,[],[],false,false,false,false,false
e21_query_a_substitute,e21,6,core,substitute,a,16,intact,old07,[],[],false,false,false,,
e21_query_a_substitute,e21,6,core,substitute,a,16,intact,count,[],[],false,false,false,,
e21_query_a_substitute,e21,6,core,substitute,a,16,intact,envelope,[],[],false,false,false,,
e21_query_a_insert,e21,6,core,insert,a,16,intact,accounts,[],[],false,false,false,false,false
e21_query_a_insert,e21,6,core,insert,a,16,intact,old07,[],[],false,false,false,,
e21_query_a_insert,e21,6,core,insert,a,16,intact,count,[],[],false,false,false,,
e21_query_a_insert,e21,6,core,insert,a,16,intact,envelope,[],[],false,false,false,,
e21_query_a_delete_insert,e21,6,core,delete_insert,a,16,intact,accounts,[],[],false,false,false,false,false
e21_query_a_delete_insert,e21,6,core,delete_insert,a,16,intact,old07,[],[],false,false,false,,
e21_query_a_delete_insert,e21,6,core,delete_insert,a,16,intact,count,[],[],false,false,false,,
e21_query_a_delete_insert,e21,6,core,delete_insert,a,16,intact,envelope,[],[],false,false,false,,
e21_query_a_weak_present,e21,6,core,weak_present,a,16,intact,accounts,"[""e21_reference_a""]",[],true,true,false,false,false
e21_query_a_weak_present,e21,6,core,weak_present,a,16,intact,old07,"[""e21_reference_a""]",[],true,true,false,,
e21_query_a_weak_present,e21,6,core,weak_present,a,16,intact,count,[],[],false,false,false,,
e21_query_a_weak_present,e21,6,core,weak_present,a,16,intact,envelope,[],[],false,false,false,,
e21_query_a_mask_present,e21,6,core,mask_present,a,16,intact,accounts,[],[],false,false,false,false,false
e21_query_a_mask_present,e21,6,core,mask_present,a,16,intact,old07,[],[],false,false,false,,
e21_query_a_mask_present,e21,6,core,mask_present,a,16,intact,count,[],[],false,false,false,,
e21_query_a_mask_present,e21,6,core,mask_present,a,16,intact,envelope,[],[],false,false,false,,
e21_query_a_mask_absent,e21,6,core,mask_absent,a,16,intact,accounts,[],[],false,false,false,false,false
e21_query_a_mask_absent,e21,6,core,mask_absent,a,16,intact,old07,[],[],false,false,false,,
e21_query_a_mask_absent,e21,6,core,mask_absent,a,16,intact,count,[],[],false,false,false,,
e21_query_a_mask_absent,e21,6,core,mask_absent,a,16,intact,envelope,[],[],false,false,false,,
e21_query_a_merged,e21,6,core,merged,a,16,intact,accounts,[],[],false,false,false,false,false
e21_query_a_merged,e21,6,core,merged,a,16,intact,old07,[],[],false,false,false,,
e21_query_a_merged,e21,6,core,merged,a,16,intact,count,[],[],false,false,false,,
e21_query_a_merged,e21,6,core,merged,a,16,intact,envelope,[],[],false,false,false,,
e21_query_a_legitimate_rest,e21,6,core,legitimate_rest,a,16,intact,accounts,"[""e21_reference_a""]",[],true,true,false,true,true
e21_query_a_legitimate_rest,e21,6,core,legitimate_rest,a,16,intact,old07,[],[],false,false,false,,
e21_query_a_legitimate_rest,e21,6,core,legitimate_rest,a,16,intact,count,[],[],false,false,false,,
e21_query_a_legitimate_rest,e21,6,core,legitimate_rest,a,16,intact,envelope,[],[],false,false,false,,
e21_query_b_exact,e21,6,core,exact,b,16,intact,accounts,"[""e21_reference_b""]",[],true,true,false,true,true
e21_query_b_exact,e21,6,core,exact,b,16,intact,old07,"[""e21_reference_b""]",[],true,true,false,,
e21_query_b_exact,e21,6,core,exact,b,16,intact,count,[],[],false,false,false,,
e21_query_b_exact,e21,6,core,exact,b,16,intact,envelope,"[""e21_reference_b"",""e21_distractor_1""]","[""e21_distractor_1""]",false,true,true,,
e21_query_b_transpose,e21,6,core,transpose,b,16,intact,accounts,"[""e21_reference_b""]",[],true,true,false,true,true
e21_query_b_transpose,e21,6,core,transpose,b,16,intact,old07,"[""e21_reference_b""]",[],true,true,false,,
e21_query_b_transpose,e21,6,core,transpose,b,16,intact,count,[],[],false,false,false,,
e21_query_b_transpose,e21,6,core,transpose,b,16,intact,envelope,[],[],false,false,false,,
e21_query_b_detune,e21,6,core,detune,b,16,intact,accounts,[],[],false,false,false,false,false
e21_query_b_detune,e21,6,core,detune,b,16,intact,old07,[],[],false,false,false,,
e21_query_b_detune,e21,6,core,detune,b,16,intact,count,[],[],false,false,false,,
e21_query_b_detune,e21,6,core,detune,b,16,intact,envelope,"[""e21_reference_b""]",[],true,true,false,,
e21_query_b_timing,e21,6,core,timing,b,16,intact,accounts,"[""e21_reference_b""]",[],true,true,false,true,true
e21_query_b_timing,e21,6,core,timing,b,16,intact,old07,"[""e21_reference_b""]",[],true,true,false,,
e21_query_b_timing,e21,6,core,timing,b,16,intact,count,[],[],false,false,false,,
e21_query_b_timing,e21,6,core,timing,b,16,intact,envelope,[],[],false,false,false,,
e21_query_b_delete_rest,e21,6,core,delete_rest,b,16,intact,accounts,"[""e21_reference_b""]",[],true,true,false,true,true
e21_query_b_delete_rest,e21,6,core,delete_rest,b,16,intact,old07,"[""e21_reference_b""]",[],true,true,false,,
e21_query_b_delete_rest,e21,6,core,delete_rest,b,16,intact,count,[],[],false,false,false,,
e21_query_b_delete_rest,e21,6,core,delete_rest,b,16,intact,envelope,[],[],false,false,false,,
e21_query_b_delete_closed,e21,6,core,delete_closed,b,16,intact,accounts,[],[],false,false,false,false,false
e21_query_b_delete_closed,e21,6,core,delete_closed,b,16,intact,old07,[],[],false,false,false,,
e21_query_b_delete_closed,e21,6,core,delete_closed,b,16,intact,count,[],[],false,false,false,,
e21_query_b_delete_closed,e21,6,core,delete_closed,b,16,intact,envelope,[],[],false,false,false,,
e21_query_b_delete_two,e21,6,core,delete_two,b,16,intact,accounts,[],[],false,false,false,false,false
e21_query_b_delete_two,e21,6,core,delete_two,b,16,intact,old07,[],[],false,false,false,,
e21_query_b_delete_two,e21,6,core,delete_two,b,16,intact,count,[],[],false,false,false,,
e21_query_b_delete_two,e21,6,core,delete_two,b,16,intact,envelope,[],[],false,false,false,,
e21_query_b_substitute,e21,6,core,substitute,b,16,intact,accounts,[],[],false,false,false,false,false
e21_query_b_substitute,e21,6,core,substitute,b,16,intact,old07,[],[],false,false,false,,
e21_query_b_substitute,e21,6,core,substitute,b,16,intact,count,[],[],false,false,false,,
e21_query_b_substitute,e21,6,core,substitute,b,16,intact,envelope,[],[],false,false,false,,
e21_query_b_insert,e21,6,core,insert,b,16,intact,accounts,[],[],false,false,false,false,false
e21_query_b_insert,e21,6,core,insert,b,16,intact,old07,[],[],false,false,false,,
e21_query_b_insert,e21,6,core,insert,b,16,intact,count,[],[],false,false,false,,
e21_query_b_insert,e21,6,core,insert,b,16,intact,envelope,[],[],false,false,false,,
e21_query_b_delete_insert,e21,6,core,delete_insert,b,16,intact,accounts,[],[],false,false,false,false,false
e21_query_b_delete_insert,e21,6,core,delete_insert,b,16,intact,old07,[],[],false,false,false,,
e21_query_b_delete_insert,e21,6,core,delete_insert,b,16,intact,count,[],[],false,false,false,,
e21_query_b_delete_insert,e21,6,core,delete_insert,b,16,intact,envelope,[],[],false,false,false,,
e21_query_b_weak_present,e21,6,core,weak_present,b,16,intact,accounts,"[""e21_reference_b""]",[],true,true,false,false,false
e21_query_b_weak_present,e21,6,core,weak_present,b,16,intact,old07,"[""e21_reference_b""]",[],true,true,false,,
e21_query_b_weak_present,e21,6,core,weak_present,b,16,intact,count,[],[],false,false,false,,
e21_query_b_weak_present,e21,6,core,weak_present,b,16,intact,envelope,[],[],false,false,false,,
e21_query_b_mask_present,e21,6,core,mask_present,b,16,intact,accounts,[],[],false,false,false,false,false
e21_query_b_mask_present,e21,6,core,mask_present,b,16,intact,old07,"[""e21_reference_b""]",[],true,true,false,,
e21_query_b_mask_present,e21,6,core,mask_present,b,16,intact,count,[],[],false,false,false,,
e21_query_b_mask_present,e21,6,core,mask_present,b,16,intact,envelope,[],[],false,false,false,,
e21_query_b_mask_absent,e21,6,core,mask_absent,b,16,intact,accounts,[],[],false,false,false,false,false
e21_query_b_mask_absent,e21,6,core,mask_absent,b,16,intact,old07,[],[],false,false,false,,
e21_query_b_mask_absent,e21,6,core,mask_absent,b,16,intact,count,[],[],false,false,false,,
e21_query_b_mask_absent,e21,6,core,mask_absent,b,16,intact,envelope,[],[],false,false,false,,
e21_query_b_merged,e21,6,core,merged,b,16,intact,accounts,[],[],false,false,false,false,false
e21_query_b_merged,e21,6,core,merged,b,16,intact,old07,[],[],false,false,false,,
e21_query_b_merged,e21,6,core,merged,b,16,intact,count,[],[],false,false,false,,
e21_query_b_merged,e21,6,core,merged,b,16,intact,envelope,[],[],false,false,false,,
e21_query_b_legitimate_rest,e21,6,core,legitimate_rest,b,16,intact,accounts,"[""e21_reference_b""]",[],true,true,false,true,true
e21_query_b_legitimate_rest,e21,6,core,legitimate_rest,b,16,intact,old07,[],[],false,false,false,,
e21_query_b_legitimate_rest,e21,6,core,legitimate_rest,b,16,intact,count,[],[],false,false,false,,
e21_query_b_legitimate_rest,e21,6,core,legitimate_rest,b,16,intact,envelope,[],[],false,false,false,,
e22_query_a_exact,e22,8,core,exact,a,16,intact,accounts,"[""e22_reference_a""]",[],true,true,false,true,true
e22_query_a_exact,e22,8,core,exact,a,16,intact,old07,"[""e22_reference_a""]",[],true,true,false,,
e22_query_a_exact,e22,8,core,exact,a,16,intact,count,[],[],false,false,false,,
e22_query_a_exact,e22,8,core,exact,a,16,intact,envelope,"[""e22_reference_a""]",[],true,true,false,,
e22_query_a_transpose,e22,8,core,transpose,a,16,intact,accounts,"[""e22_reference_a""]",[],true,true,false,true,true
e22_query_a_transpose,e22,8,core,transpose,a,16,intact,old07,"[""e22_reference_a""]",[],true,true,false,,
e22_query_a_transpose,e22,8,core,transpose,a,16,intact,count,[],[],false,false,false,,
e22_query_a_transpose,e22,8,core,transpose,a,16,intact,envelope,[],[],false,false,false,,
e22_query_a_detune,e22,8,core,detune,a,16,intact,accounts,[],[],false,false,false,false,false
e22_query_a_detune,e22,8,core,detune,a,16,intact,old07,[],[],false,false,false,,
e22_query_a_detune,e22,8,core,detune,a,16,intact,count,[],[],false,false,false,,
e22_query_a_detune,e22,8,core,detune,a,16,intact,envelope,"[""e22_reference_a""]",[],true,true,false,,
e22_query_a_timing,e22,8,core,timing,a,16,intact,accounts,"[""e22_reference_a""]",[],true,true,false,true,true
e22_query_a_timing,e22,8,core,timing,a,16,intact,old07,"[""e22_reference_a""]",[],true,true,false,,
e22_query_a_timing,e22,8,core,timing,a,16,intact,count,[],[],false,false,false,,
e22_query_a_timing,e22,8,core,timing,a,16,intact,envelope,[],[],false,false,false,,
e22_query_a_delete_rest,e22,8,core,delete_rest,a,16,intact,accounts,[],[],false,false,false,false,false
e22_query_a_delete_rest,e22,8,core,delete_rest,a,16,intact,old07,"[""e22_reference_a""]",[],true,true,false,,
e22_query_a_delete_rest,e22,8,core,delete_rest,a,16,intact,count,[],[],false,false,false,,
e22_query_a_delete_rest,e22,8,core,delete_rest,a,16,intact,envelope,[],[],false,false,false,,
e22_query_a_delete_closed,e22,8,core,delete_closed,a,16,intact,accounts,[],[],false,false,false,false,false
e22_query_a_delete_closed,e22,8,core,delete_closed,a,16,intact,old07,[],[],false,false,false,,
e22_query_a_delete_closed,e22,8,core,delete_closed,a,16,intact,count,[],[],false,false,false,,
e22_query_a_delete_closed,e22,8,core,delete_closed,a,16,intact,envelope,[],[],false,false,false,,
e22_query_a_delete_two,e22,8,core,delete_two,a,16,intact,accounts,[],[],false,false,false,false,false
e22_query_a_delete_two,e22,8,core,delete_two,a,16,intact,old07,[],[],false,false,false,,
e22_query_a_delete_two,e22,8,core,delete_two,a,16,intact,count,[],[],false,false,false,,
e22_query_a_delete_two,e22,8,core,delete_two,a,16,intact,envelope,[],[],false,false,false,,
e22_query_a_substitute,e22,8,core,substitute,a,16,intact,accounts,[],[],false,false,false,false,false
e22_query_a_substitute,e22,8,core,substitute,a,16,intact,old07,[],[],false,false,false,,
e22_query_a_substitute,e22,8,core,substitute,a,16,intact,count,[],[],false,false,false,,
e22_query_a_substitute,e22,8,core,substitute,a,16,intact,envelope,"[""e22_reference_a""]",[],true,true,false,,
e22_query_a_insert,e22,8,core,insert,a,16,intact,accounts,[],[],false,false,false,false,false
e22_query_a_insert,e22,8,core,insert,a,16,intact,old07,[],[],false,false,false,,
e22_query_a_insert,e22,8,core,insert,a,16,intact,count,[],[],false,false,false,,
e22_query_a_insert,e22,8,core,insert,a,16,intact,envelope,[],[],false,false,false,,
e22_query_a_delete_insert,e22,8,core,delete_insert,a,16,intact,accounts,[],[],false,false,false,false,false
e22_query_a_delete_insert,e22,8,core,delete_insert,a,16,intact,old07,[],[],false,false,false,,
e22_query_a_delete_insert,e22,8,core,delete_insert,a,16,intact,count,[],[],false,false,false,,
e22_query_a_delete_insert,e22,8,core,delete_insert,a,16,intact,envelope,[],[],false,false,false,,
e22_query_a_weak_present,e22,8,core,weak_present,a,16,intact,accounts,[],[],false,false,false,false,false
e22_query_a_weak_present,e22,8,core,weak_present,a,16,intact,old07,"[""e22_reference_a""]",[],true,true,false,,
e22_query_a_weak_present,e22,8,core,weak_present,a,16,intact,count,[],[],false,false,false,,
e22_query_a_weak_present,e22,8,core,weak_present,a,16,intact,envelope,[],[],false,false,false,,
e22_query_a_mask_present,e22,8,core,mask_present,a,16,intact,accounts,[],[],false,false,false,false,false
e22_query_a_mask_present,e22,8,core,mask_present,a,16,intact,old07,[],[],false,false,false,,
e22_query_a_mask_present,e22,8,core,mask_present,a,16,intact,count,[],[],false,false,false,,
e22_query_a_mask_present,e22,8,core,mask_present,a,16,intact,envelope,[],[],false,false,false,,
e22_query_a_mask_absent,e22,8,core,mask_absent,a,16,intact,accounts,[],[],false,false,false,false,false
e22_query_a_mask_absent,e22,8,core,mask_absent,a,16,intact,old07,[],[],false,false,false,,
e22_query_a_mask_absent,e22,8,core,mask_absent,a,16,intact,count,[],[],false,false,false,,
e22_query_a_mask_absent,e22,8,core,mask_absent,a,16,intact,envelope,[],[],false,false,false,,
e22_query_a_merged,e22,8,core,merged,a,16,intact,accounts,[],[],false,false,false,false,false
e22_query_a_merged,e22,8,core,merged,a,16,intact,old07,[],[],false,false,false,,
e22_query_a_merged,e22,8,core,merged,a,16,intact,count,[],[],false,false,false,,
e22_query_a_merged,e22,8,core,merged,a,16,intact,envelope,[],[],false,false,false,,
e22_query_a_legitimate_rest,e22,8,core,legitimate_rest,a,16,intact,accounts,"[""e22_reference_a""]",[],true,true,false,true,true
e22_query_a_legitimate_rest,e22,8,core,legitimate_rest,a,16,intact,old07,[],[],false,false,false,,
e22_query_a_legitimate_rest,e22,8,core,legitimate_rest,a,16,intact,count,[],[],false,false,false,,
e22_query_a_legitimate_rest,e22,8,core,legitimate_rest,a,16,intact,envelope,[],[],false,false,false,,
e22_query_b_exact,e22,8,core,exact,b,16,intact,accounts,"[""e22_reference_b""]",[],true,true,false,true,true
e22_query_b_exact,e22,8,core,exact,b,16,intact,old07,"[""e22_reference_b""]",[],true,true,false,,
e22_query_b_exact,e22,8,core,exact,b,16,intact,count,[],[],false,false,false,,
e22_query_b_exact,e22,8,core,exact,b,16,intact,envelope,"[""e22_reference_b""]",[],true,true,false,,
e22_query_b_transpose,e22,8,core,transpose,b,16,intact,accounts,"[""e22_reference_b""]",[],true,true,false,true,true
e22_query_b_transpose,e22,8,core,transpose,b,16,intact,old07,"[""e22_reference_b""]",[],true,true,false,,
e22_query_b_transpose,e22,8,core,transpose,b,16,intact,count,[],[],false,false,false,,
e22_query_b_transpose,e22,8,core,transpose,b,16,intact,envelope,[],[],false,false,false,,
e22_query_b_detune,e22,8,core,detune,b,16,intact,accounts,[],[],false,false,false,false,false
e22_query_b_detune,e22,8,core,detune,b,16,intact,old07,[],[],false,false,false,,
e22_query_b_detune,e22,8,core,detune,b,16,intact,count,[],[],false,false,false,,
e22_query_b_detune,e22,8,core,detune,b,16,intact,envelope,"[""e22_reference_b""]",[],true,true,false,,
e22_query_b_timing,e22,8,core,timing,b,16,intact,accounts,"[""e22_reference_b""]",[],true,true,false,true,true
e22_query_b_timing,e22,8,core,timing,b,16,intact,old07,"[""e22_reference_b""]",[],true,true,false,,
e22_query_b_timing,e22,8,core,timing,b,16,intact,count,[],[],false,false,false,,
e22_query_b_timing,e22,8,core,timing,b,16,intact,envelope,[],[],false,false,false,,
e22_query_b_delete_rest,e22,8,core,delete_rest,b,16,intact,accounts,[],[],false,false,false,false,false
e22_query_b_delete_rest,e22,8,core,delete_rest,b,16,intact,old07,"[""e22_reference_b""]",[],true,true,false,,
e22_query_b_delete_rest,e22,8,core,delete_rest,b,16,intact,count,[],[],false,false,false,,
e22_query_b_delete_rest,e22,8,core,delete_rest,b,16,intact,envelope,[],[],false,false,false,,
e22_query_b_delete_closed,e22,8,core,delete_closed,b,16,intact,accounts,[],[],false,false,false,false,false
e22_query_b_delete_closed,e22,8,core,delete_closed,b,16,intact,old07,[],[],false,false,false,,
e22_query_b_delete_closed,e22,8,core,delete_closed,b,16,intact,count,[],[],false,false,false,,
e22_query_b_delete_closed,e22,8,core,delete_closed,b,16,intact,envelope,[],[],false,false,false,,
e22_query_b_delete_two,e22,8,core,delete_two,b,16,intact,accounts,[],[],false,false,false,false,false
e22_query_b_delete_two,e22,8,core,delete_two,b,16,intact,old07,[],[],false,false,false,,
e22_query_b_delete_two,e22,8,core,delete_two,b,16,intact,count,[],[],false,false,false,,
e22_query_b_delete_two,e22,8,core,delete_two,b,16,intact,envelope,[],[],false,false,false,,
e22_query_b_substitute,e22,8,core,substitute,b,16,intact,accounts,[],[],false,false,false,false,false
e22_query_b_substitute,e22,8,core,substitute,b,16,intact,old07,[],[],false,false,false,,
e22_query_b_substitute,e22,8,core,substitute,b,16,intact,count,[],[],false,false,false,,
e22_query_b_substitute,e22,8,core,substitute,b,16,intact,envelope,"[""e22_reference_b""]",[],true,true,false,,
e22_query_b_insert,e22,8,core,insert,b,16,intact,accounts,[],[],false,false,false,false,false
e22_query_b_insert,e22,8,core,insert,b,16,intact,old07,[],[],false,false,false,,
e22_query_b_insert,e22,8,core,insert,b,16,intact,count,[],[],false,false,false,,
e22_query_b_insert,e22,8,core,insert,b,16,intact,envelope,[],[],false,false,false,,
e22_query_b_delete_insert,e22,8,core,delete_insert,b,16,intact,accounts,[],[],false,false,false,false,false
e22_query_b_delete_insert,e22,8,core,delete_insert,b,16,intact,old07,[],[],false,false,false,,
e22_query_b_delete_insert,e22,8,core,delete_insert,b,16,intact,count,[],[],false,false,false,,
e22_query_b_delete_insert,e22,8,core,delete_insert,b,16,intact,envelope,[],[],false,false,false,,
e22_query_b_weak_present,e22,8,core,weak_present,b,16,intact,accounts,[],[],false,false,false,false,false
e22_query_b_weak_present,e22,8,core,weak_present,b,16,intact,old07,"[""e22_reference_b""]",[],true,true,false,,
e22_query_b_weak_present,e22,8,core,weak_present,b,16,intact,count,[],[],false,false,false,,
e22_query_b_weak_present,e22,8,core,weak_present,b,16,intact,envelope,[],[],false,false,false,,
e22_query_b_mask_present,e22,8,core,mask_present,b,16,intact,accounts,[],[],false,false,false,false,false
e22_query_b_mask_present,e22,8,core,mask_present,b,16,intact,old07,[],[],false,false,false,,
e22_query_b_mask_present,e22,8,core,mask_present,b,16,intact,count,[],[],false,false,false,,
e22_query_b_mask_present,e22,8,core,mask_present,b,16,intact,envelope,[],[],false,false,false,,
e22_query_b_mask_absent,e22,8,core,mask_absent,b,16,intact,accounts,[],[],false,false,false,false,false
e22_query_b_mask_absent,e22,8,core,mask_absent,b,16,intact,old07,[],[],false,false,false,,
e22_query_b_mask_absent,e22,8,core,mask_absent,b,16,intact,count,[],[],false,false,false,,
e22_query_b_mask_absent,e22,8,core,mask_absent,b,16,intact,envelope,[],[],false,false,false,,
e22_query_b_merged,e22,8,core,merged,b,16,intact,accounts,[],[],false,false,false,false,false
e22_query_b_merged,e22,8,core,merged,b,16,intact,old07,[],[],false,false,false,,
e22_query_b_merged,e22,8,core,merged,b,16,intact,count,[],[],false,false,false,,
e22_query_b_merged,e22,8,core,merged,b,16,intact,envelope,[],[],false,false,false,,
e22_query_b_legitimate_rest,e22,8,core,legitimate_rest,b,16,intact,accounts,"[""e22_reference_b""]",[],true,true,false,true,true
e22_query_b_legitimate_rest,e22,8,core,legitimate_rest,b,16,intact,old07,[],[],false,false,false,,
e22_query_b_legitimate_rest,e22,8,core,legitimate_rest,b,16,intact,count,[],[],false,false,false,,
e22_query_b_legitimate_rest,e22,8,core,legitimate_rest,b,16,intact,envelope,[],[],false,false,false,,
e23_query_a_exact,e23,10,core,exact,a,16,intact,accounts,"[""e23_reference_a""]",[],true,true,false,true,true
e23_query_a_exact,e23,10,core,exact,a,16,intact,old07,"[""e23_reference_a""]",[],true,true,false,,
e23_query_a_exact,e23,10,core,exact,a,16,intact,count,[],[],false,false,false,,
e23_query_a_exact,e23,10,core,exact,a,16,intact,envelope,"[""e23_reference_a"",""e23_distractor_0""]","[""e23_distractor_0""]",false,true,true,,
e23_query_a_transpose,e23,10,core,transpose,a,16,intact,accounts,"[""e23_reference_a""]",[],true,true,false,true,true
e23_query_a_transpose,e23,10,core,transpose,a,16,intact,old07,"[""e23_reference_a""]",[],true,true,false,,
e23_query_a_transpose,e23,10,core,transpose,a,16,intact,count,[],[],false,false,false,,
e23_query_a_transpose,e23,10,core,transpose,a,16,intact,envelope,[],[],false,false,false,,
e23_query_a_detune,e23,10,core,detune,a,16,intact,accounts,[],[],false,false,false,false,false
e23_query_a_detune,e23,10,core,detune,a,16,intact,old07,[],[],false,false,false,,
e23_query_a_detune,e23,10,core,detune,a,16,intact,count,[],[],false,false,false,,
e23_query_a_detune,e23,10,core,detune,a,16,intact,envelope,"[""e23_reference_a"",""e23_distractor_0""]","[""e23_distractor_0""]",false,true,true,,
e23_query_a_timing,e23,10,core,timing,a,16,intact,accounts,"[""e23_reference_a""]",[],true,true,false,true,true
e23_query_a_timing,e23,10,core,timing,a,16,intact,old07,"[""e23_reference_a""]",[],true,true,false,,
e23_query_a_timing,e23,10,core,timing,a,16,intact,count,[],[],false,false,false,,
e23_query_a_timing,e23,10,core,timing,a,16,intact,envelope,[],[],false,false,false,,
e23_query_a_delete_rest,e23,10,core,delete_rest,a,16,intact,accounts,[],[],false,false,false,false,false
e23_query_a_delete_rest,e23,10,core,delete_rest,a,16,intact,old07,"[""e23_reference_a""]",[],true,true,false,,
e23_query_a_delete_rest,e23,10,core,delete_rest,a,16,intact,count,[],[],false,false,false,,
e23_query_a_delete_rest,e23,10,core,delete_rest,a,16,intact,envelope,[],[],false,false,false,,
e23_query_a_delete_closed,e23,10,core,delete_closed,a,16,intact,accounts,[],[],false,false,false,false,false
e23_query_a_delete_closed,e23,10,core,delete_closed,a,16,intact,old07,[],[],false,false,false,,
e23_query_a_delete_closed,e23,10,core,delete_closed,a,16,intact,count,[],[],false,false,false,,
e23_query_a_delete_closed,e23,10,core,delete_closed,a,16,intact,envelope,[],[],false,false,false,,
e23_query_a_delete_two,e23,10,core,delete_two,a,16,intact,accounts,[],[],false,false,false,false,false
e23_query_a_delete_two,e23,10,core,delete_two,a,16,intact,old07,[],[],false,false,false,,
e23_query_a_delete_two,e23,10,core,delete_two,a,16,intact,count,[],[],false,false,false,,
e23_query_a_delete_two,e23,10,core,delete_two,a,16,intact,envelope,[],[],false,false,false,,
e23_query_a_substitute,e23,10,core,substitute,a,16,intact,accounts,[],[],false,false,false,false,false
e23_query_a_substitute,e23,10,core,substitute,a,16,intact,old07,[],[],false,false,false,,
e23_query_a_substitute,e23,10,core,substitute,a,16,intact,count,[],[],false,false,false,,
e23_query_a_substitute,e23,10,core,substitute,a,16,intact,envelope,"[""e23_reference_a"",""e23_distractor_0""]","[""e23_distractor_0""]",false,true,true,,
e23_query_a_insert,e23,10,core,insert,a,16,intact,accounts,[],[],false,false,false,false,false
e23_query_a_insert,e23,10,core,insert,a,16,intact,old07,[],[],false,false,false,,
e23_query_a_insert,e23,10,core,insert,a,16,intact,count,[],[],false,false,false,,
e23_query_a_insert,e23,10,core,insert,a,16,intact,envelope,[],[],false,false,false,,
e23_query_a_delete_insert,e23,10,core,delete_insert,a,16,intact,accounts,[],[],false,false,false,false,false
e23_query_a_delete_insert,e23,10,core,delete_insert,a,16,intact,old07,[],[],false,false,false,,
e23_query_a_delete_insert,e23,10,core,delete_insert,a,16,intact,count,[],[],false,false,false,,
e23_query_a_delete_insert,e23,10,core,delete_insert,a,16,intact,envelope,[],[],false,false,false,,
e23_query_a_weak_present,e23,10,core,weak_present,a,16,intact,accounts,[],[],false,false,false,false,false
e23_query_a_weak_present,e23,10,core,weak_present,a,16,intact,old07,"[""e23_reference_a""]",[],true,true,false,,
e23_query_a_weak_present,e23,10,core,weak_present,a,16,intact,count,[],[],false,false,false,,
e23_query_a_weak_present,e23,10,core,weak_present,a,16,intact,envelope,[],[],false,false,false,,
e23_query_a_mask_present,e23,10,core,mask_present,a,16,intact,accounts,[],[],false,false,false,false,false
e23_query_a_mask_present,e23,10,core,mask_present,a,16,intact,old07,[],[],false,false,false,,
e23_query_a_mask_present,e23,10,core,mask_present,a,16,intact,count,[],[],false,false,false,,
e23_query_a_mask_present,e23,10,core,mask_present,a,16,intact,envelope,[],[],false,false,false,,
e23_query_a_mask_absent,e23,10,core,mask_absent,a,16,intact,accounts,[],[],false,false,false,false,false
e23_query_a_mask_absent,e23,10,core,mask_absent,a,16,intact,old07,[],[],false,false,false,,
e23_query_a_mask_absent,e23,10,core,mask_absent,a,16,intact,count,[],[],false,false,false,,
e23_query_a_mask_absent,e23,10,core,mask_absent,a,16,intact,envelope,[],[],false,false,false,,
e23_query_a_merged,e23,10,core,merged,a,16,intact,accounts,[],[],false,false,false,false,false
e23_query_a_merged,e23,10,core,merged,a,16,intact,old07,"[""e23_reference_a""]",[],true,true,false,,
e23_query_a_merged,e23,10,core,merged,a,16,intact,count,[],[],false,false,false,,
e23_query_a_merged,e23,10,core,merged,a,16,intact,envelope,[],[],false,false,false,,
e23_query_a_legitimate_rest,e23,10,core,legitimate_rest,a,16,intact,accounts,"[""e23_reference_a""]",[],true,true,false,true,true
e23_query_a_legitimate_rest,e23,10,core,legitimate_rest,a,16,intact,old07,[],[],false,false,false,,
e23_query_a_legitimate_rest,e23,10,core,legitimate_rest,a,16,intact,count,[],[],false,false,false,,
e23_query_a_legitimate_rest,e23,10,core,legitimate_rest,a,16,intact,envelope,[],[],false,false,false,,
e23_query_b_exact,e23,10,core,exact,b,16,intact,accounts,"[""e23_reference_b""]",[],true,true,false,true,true
e23_query_b_exact,e23,10,core,exact,b,16,intact,old07,"[""e23_reference_b""]",[],true,true,false,,
e23_query_b_exact,e23,10,core,exact,b,16,intact,count,[],[],false,false,false,,
e23_query_b_exact,e23,10,core,exact,b,16,intact,envelope,"[""e23_reference_b"",""e23_distractor_1""]","[""e23_distractor_1""]",false,true,true,,
e23_query_b_transpose,e23,10,core,transpose,b,16,intact,accounts,"[""e23_reference_b""]",[],true,true,false,true,true
e23_query_b_transpose,e23,10,core,transpose,b,16,intact,old07,"[""e23_reference_b""]",[],true,true,false,,
e23_query_b_transpose,e23,10,core,transpose,b,16,intact,count,[],[],false,false,false,,
e23_query_b_transpose,e23,10,core,transpose,b,16,intact,envelope,[],[],false,false,false,,
e23_query_b_detune,e23,10,core,detune,b,16,intact,accounts,[],[],false,false,false,false,false
e23_query_b_detune,e23,10,core,detune,b,16,intact,old07,[],[],false,false,false,,
e23_query_b_detune,e23,10,core,detune,b,16,intact,count,[],[],false,false,false,,
e23_query_b_detune,e23,10,core,detune,b,16,intact,envelope,"[""e23_reference_b"",""e23_distractor_1""]","[""e23_distractor_1""]",false,true,true,,
e23_query_b_timing,e23,10,core,timing,b,16,intact,accounts,"[""e23_reference_b""]",[],true,true,false,true,true
e23_query_b_timing,e23,10,core,timing,b,16,intact,old07,"[""e23_reference_b""]",[],true,true,false,,
e23_query_b_timing,e23,10,core,timing,b,16,intact,count,[],[],false,false,false,,
e23_query_b_timing,e23,10,core,timing,b,16,intact,envelope,[],[],false,false,false,,
e23_query_b_delete_rest,e23,10,core,delete_rest,b,16,intact,accounts,[],[],false,false,false,false,false
e23_query_b_delete_rest,e23,10,core,delete_rest,b,16,intact,old07,"[""e23_reference_b""]",[],true,true,false,,
e23_query_b_delete_rest,e23,10,core,delete_rest,b,16,intact,count,[],[],false,false,false,,
e23_query_b_delete_rest,e23,10,core,delete_rest,b,16,intact,envelope,[],[],false,false,false,,
e23_query_b_delete_closed,e23,10,core,delete_closed,b,16,intact,accounts,[],[],false,false,false,false,false
e23_query_b_delete_closed,e23,10,core,delete_closed,b,16,intact,old07,[],[],false,false,false,,
e23_query_b_delete_closed,e23,10,core,delete_closed,b,16,intact,count,[],[],false,false,false,,
e23_query_b_delete_closed,e23,10,core,delete_closed,b,16,intact,envelope,[],[],false,false,false,,
e23_query_b_delete_two,e23,10,core,delete_two,b,16,intact,accounts,[],[],false,false,false,false,false
e23_query_b_delete_two,e23,10,core,delete_two,b,16,intact,old07,[],[],false,false,false,,
e23_query_b_delete_two,e23,10,core,delete_two,b,16,intact,count,[],[],false,false,false,,
e23_query_b_delete_two,e23,10,core,delete_two,b,16,intact,envelope,[],[],false,false,false,,
e23_query_b_substitute,e23,10,core,substitute,b,16,intact,accounts,[],[],false,false,false,false,false
e23_query_b_substitute,e23,10,core,substitute,b,16,intact,old07,[],[],false,false,false,,
e23_query_b_substitute,e23,10,core,substitute,b,16,intact,count,[],[],false,false,false,,
e23_query_b_substitute,e23,10,core,substitute,b,16,intact,envelope,"[""e23_reference_b"",""e23_distractor_1""]","[""e23_distractor_1""]",false,true,true,,
e23_query_b_insert,e23,10,core,insert,b,16,intact,accounts,[],[],false,false,false,false,false
e23_query_b_insert,e23,10,core,insert,b,16,intact,old07,[],[],false,false,false,,
e23_query_b_insert,e23,10,core,insert,b,16,intact,count,[],[],false,false,false,,
e23_query_b_insert,e23,10,core,insert,b,16,intact,envelope,[],[],false,false,false,,
e23_query_b_delete_insert,e23,10,core,delete_insert,b,16,intact,accounts,[],[],false,false,false,false,false
e23_query_b_delete_insert,e23,10,core,delete_insert,b,16,intact,old07,[],[],false,false,false,,
e23_query_b_delete_insert,e23,10,core,delete_insert,b,16,intact,count,[],[],false,false,false,,
e23_query_b_delete_insert,e23,10,core,delete_insert,b,16,intact,envelope,[],[],false,false,false,,
e23_query_b_weak_present,e23,10,core,weak_present,b,16,intact,accounts,[],[],false,false,false,false,false
e23_query_b_weak_present,e23,10,core,weak_present,b,16,intact,old07,"[""e23_reference_b""]",[],true,true,false,,
e23_query_b_weak_present,e23,10,core,weak_present,b,16,intact,count,[],[],false,false,false,,
e23_query_b_weak_present,e23,10,core,weak_present,b,16,intact,envelope,[],[],false,false,false,,
e23_query_b_mask_present,e23,10,core,mask_present,b,16,intact,accounts,[],[],false,false,false,false,false
e23_query_b_mask_present,e23,10,core,mask_present,b,16,intact,old07,[],[],false,false,false,,
e23_query_b_mask_present,e23,10,core,mask_present,b,16,intact,count,[],[],false,false,false,,
e23_query_b_mask_present,e23,10,core,mask_present,b,16,intact,envelope,[],[],false,false,false,,
e23_query_b_mask_absent,e23,10,core,mask_absent,b,16,intact,accounts,[],[],false,false,false,false,false
e23_query_b_mask_absent,e23,10,core,mask_absent,b,16,intact,old07,[],[],false,false,false,,
e23_query_b_mask_absent,e23,10,core,mask_absent,b,16,intact,count,[],[],false,false,false,,
e23_query_b_mask_absent,e23,10,core,mask_absent,b,16,intact,envelope,[],[],false,false,false,,
e23_query_b_merged,e23,10,core,merged,b,16,intact,accounts,[],[],false,false,false,false,false
e23_query_b_merged,e23,10,core,merged,b,16,intact,old07,[],[],false,false,false,,
e23_query_b_merged,e23,10,core,merged,b,16,intact,count,[],[],false,false,false,,
e23_query_b_merged,e23,10,core,merged,b,16,intact,envelope,[],[],false,false,false,,
e23_query_b_legitimate_rest,e23,10,core,legitimate_rest,b,16,intact,accounts,"[""e23_reference_b""]",[],true,true,false,true,true
e23_query_b_legitimate_rest,e23,10,core,legitimate_rest,b,16,intact,old07,[],[],false,false,false,,
e23_query_b_legitimate_rest,e23,10,core,legitimate_rest,b,16,intact,count,[],[],false,false,false,,
e23_query_b_legitimate_rest,e23,10,core,legitimate_rest,b,16,intact,envelope,[],[],false,false,false,,
e08_query_a_delete_transpose,e08,4,delete_transpose,delete_transpose,a,16,intact,accounts,[],[],false,false,false,false,false
e08_query_a_delete_transpose,e08,4,delete_transpose,delete_transpose,a,16,intact,old07,[],[],false,false,false,,
e08_query_a_delete_transpose,e08,4,delete_transpose,delete_transpose,a,16,intact,count,[],[],false,false,false,,
e08_query_a_delete_transpose,e08,4,delete_transpose,delete_transpose,a,16,intact,envelope,[],[],false,false,false,,
e08_query_b_delete_transpose,e08,4,delete_transpose,delete_transpose,b,16,intact,accounts,[],[],false,false,false,false,false
e08_query_b_delete_transpose,e08,4,delete_transpose,delete_transpose,b,16,intact,old07,[],[],false,false,false,,
e08_query_b_delete_transpose,e08,4,delete_transpose,delete_transpose,b,16,intact,count,[],[],false,false,false,,
e08_query_b_delete_transpose,e08,4,delete_transpose,delete_transpose,b,16,intact,envelope,[],[],false,false,false,,
e09_query_a_delete_transpose,e09,6,delete_transpose,delete_transpose,a,16,intact,accounts,"[""e09_reference_a""]",[],true,true,false,true,true
e09_query_a_delete_transpose,e09,6,delete_transpose,delete_transpose,a,16,intact,old07,"[""e09_reference_a""]",[],true,true,false,,
e09_query_a_delete_transpose,e09,6,delete_transpose,delete_transpose,a,16,intact,count,[],[],false,false,false,,
e09_query_a_delete_transpose,e09,6,delete_transpose,delete_transpose,a,16,intact,envelope,[],[],false,false,false,,
e09_query_b_delete_transpose,e09,6,delete_transpose,delete_transpose,b,16,intact,accounts,"[""e09_reference_b""]",[],true,true,false,true,true
e09_query_b_delete_transpose,e09,6,delete_transpose,delete_transpose,b,16,intact,old07,"[""e09_reference_b""]",[],true,true,false,,
e09_query_b_delete_transpose,e09,6,delete_transpose,delete_transpose,b,16,intact,count,[],[],false,false,false,,
e09_query_b_delete_transpose,e09,6,delete_transpose,delete_transpose,b,16,intact,envelope,[],[],false,false,false,,
e10_query_a_delete_transpose,e10,8,delete_transpose,delete_transpose,a,16,intact,accounts,[],[],false,false,false,false,false
e10_query_a_delete_transpose,e10,8,delete_transpose,delete_transpose,a,16,intact,old07,"[""e10_reference_a""]",[],true,true,false,,
e10_query_a_delete_transpose,e10,8,delete_transpose,delete_transpose,a,16,intact,count,[],[],false,false,false,,
e10_query_a_delete_transpose,e10,8,delete_transpose,delete_transpose,a,16,intact,envelope,[],[],false,false,false,,
e10_query_b_delete_transpose,e10,8,delete_transpose,delete_transpose,b,16,intact,accounts,[],[],false,false,false,false,false
e10_query_b_delete_transpose,e10,8,delete_transpose,delete_transpose,b,16,intact,old07,"[""e10_reference_b""]",[],true,true,false,,
e10_query_b_delete_transpose,e10,8,delete_transpose,delete_transpose,b,16,intact,count,[],[],false,false,false,,
e10_query_b_delete_transpose,e10,8,delete_transpose,delete_transpose,b,16,intact,envelope,[],[],false,false,false,,
e11_query_a_delete_transpose,e11,10,delete_transpose,delete_transpose,a,16,intact,accounts,[],[],false,false,false,false,false
e11_query_a_delete_transpose,e11,10,delete_transpose,delete_transpose,a,16,intact,old07,"[""e11_reference_a""]",[],true,true,false,,
e11_query_a_delete_transpose,e11,10,delete_transpose,delete_transpose,a,16,intact,count,[],[],false,false,false,,
e11_query_a_delete_transpose,e11,10,delete_transpose,delete_transpose,a,16,intact,envelope,[],[],false,false,false,,
e11_query_b_delete_transpose,e11,10,delete_transpose,delete_transpose,b,16,intact,accounts,[],[],false,false,false,false,false
e11_query_b_delete_transpose,e11,10,delete_transpose,delete_transpose,b,16,intact,old07,"[""e11_reference_b""]",[],true,true,false,,
e11_query_b_delete_transpose,e11,10,delete_transpose,delete_transpose,b,16,intact,count,[],[],false,false,false,,
e11_query_b_delete_transpose,e11,10,delete_transpose,delete_transpose,b,16,intact,envelope,[],[],false,false,false,,
e12_query_a_delete_transpose,e12,4,delete_transpose,delete_transpose,a,16,intact,accounts,[],[],false,false,false,false,false
e12_query_a_delete_transpose,e12,4,delete_transpose,delete_transpose,a,16,intact,old07,[],[],false,false,false,,
e12_query_a_delete_transpose,e12,4,delete_transpose,delete_transpose,a,16,intact,count,[],[],false,false,false,,
e12_query_a_delete_transpose,e12,4,delete_transpose,delete_transpose,a,16,intact,envelope,[],[],false,false,false,,
e12_query_b_delete_transpose,e12,4,delete_transpose,delete_transpose,b,16,intact,accounts,[],[],false,false,false,false,false
e12_query_b_delete_transpose,e12,4,delete_transpose,delete_transpose,b,16,intact,old07,[],[],false,false,false,,
e12_query_b_delete_transpose,e12,4,delete_transpose,delete_transpose,b,16,intact,count,[],[],false,false,false,,
e12_query_b_delete_transpose,e12,4,delete_transpose,delete_transpose,b,16,intact,envelope,[],[],false,false,false,,
e13_query_a_delete_transpose,e13,6,delete_transpose,delete_transpose,a,16,intact,accounts,"[""e13_reference_a""]",[],true,true,false,true,true
e13_query_a_delete_transpose,e13,6,delete_transpose,delete_transpose,a,16,intact,old07,"[""e13_reference_a""]",[],true,true,false,,
e13_query_a_delete_transpose,e13,6,delete_transpose,delete_transpose,a,16,intact,count,[],[],false,false,false,,
e13_query_a_delete_transpose,e13,6,delete_transpose,delete_transpose,a,16,intact,envelope,[],[],false,false,false,,
e13_query_b_delete_transpose,e13,6,delete_transpose,delete_transpose,b,16,intact,accounts,"[""e13_reference_b""]",[],true,true,false,true,true
e13_query_b_delete_transpose,e13,6,delete_transpose,delete_transpose,b,16,intact,old07,"[""e13_reference_b""]",[],true,true,false,,
e13_query_b_delete_transpose,e13,6,delete_transpose,delete_transpose,b,16,intact,count,[],[],false,false,false,,
e13_query_b_delete_transpose,e13,6,delete_transpose,delete_transpose,b,16,intact,envelope,[],[],false,false,false,,
e14_query_a_delete_transpose,e14,8,delete_transpose,delete_transpose,a,16,intact,accounts,[],[],false,false,false,false,false
e14_query_a_delete_transpose,e14,8,delete_transpose,delete_transpose,a,16,intact,old07,"[""e14_reference_a""]",[],true,true,false,,
e14_query_a_delete_transpose,e14,8,delete_transpose,delete_transpose,a,16,intact,count,[],[],false,false,false,,
e14_query_a_delete_transpose,e14,8,delete_transpose,delete_transpose,a,16,intact,envelope,[],[],false,false,false,,
e14_query_b_delete_transpose,e14,8,delete_transpose,delete_transpose,b,16,intact,accounts,[],[],false,false,false,false,false
e14_query_b_delete_transpose,e14,8,delete_transpose,delete_transpose,b,16,intact,old07,"[""e14_reference_b""]",[],true,true,false,,
e14_query_b_delete_transpose,e14,8,delete_transpose,delete_transpose,b,16,intact,count,[],[],false,false,false,,
e14_query_b_delete_transpose,e14,8,delete_transpose,delete_transpose,b,16,intact,envelope,[],[],false,false,false,,
e15_query_a_delete_transpose,e15,10,delete_transpose,delete_transpose,a,16,intact,accounts,[],[],false,false,false,false,false
e15_query_a_delete_transpose,e15,10,delete_transpose,delete_transpose,a,16,intact,old07,"[""e15_reference_a""]",[],true,true,false,,
e15_query_a_delete_transpose,e15,10,delete_transpose,delete_transpose,a,16,intact,count,[],[],false,false,false,,
e15_query_a_delete_transpose,e15,10,delete_transpose,delete_transpose,a,16,intact,envelope,[],[],false,false,false,,
e15_query_b_delete_transpose,e15,10,delete_transpose,delete_transpose,b,16,intact,accounts,[],[],false,false,false,false,false
e15_query_b_delete_transpose,e15,10,delete_transpose,delete_transpose,b,16,intact,old07,"[""e15_reference_b""]",[],true,true,false,,
e15_query_b_delete_transpose,e15,10,delete_transpose,delete_transpose,b,16,intact,count,[],[],false,false,false,,
e15_query_b_delete_transpose,e15,10,delete_transpose,delete_transpose,b,16,intact,envelope,[],[],false,false,false,,
e16_query_a_delete_transpose,e16,4,delete_transpose,delete_transpose,a,16,intact,accounts,[],[],false,false,false,false,false
e16_query_a_delete_transpose,e16,4,delete_transpose,delete_transpose,a,16,intact,old07,[],[],false,false,false,,
e16_query_a_delete_transpose,e16,4,delete_transpose,delete_transpose,a,16,intact,count,[],[],false,false,false,,
e16_query_a_delete_transpose,e16,4,delete_transpose,delete_transpose,a,16,intact,envelope,[],[],false,false,false,,
e16_query_b_delete_transpose,e16,4,delete_transpose,delete_transpose,b,16,intact,accounts,[],[],false,false,false,false,false
e16_query_b_delete_transpose,e16,4,delete_transpose,delete_transpose,b,16,intact,old07,[],[],false,false,false,,
e16_query_b_delete_transpose,e16,4,delete_transpose,delete_transpose,b,16,intact,count,[],[],false,false,false,,
e16_query_b_delete_transpose,e16,4,delete_transpose,delete_transpose,b,16,intact,envelope,[],[],false,false,false,,
e17_query_a_delete_transpose,e17,6,delete_transpose,delete_transpose,a,16,intact,accounts,"[""e17_reference_a""]",[],true,true,false,true,true
e17_query_a_delete_transpose,e17,6,delete_transpose,delete_transpose,a,16,intact,old07,"[""e17_reference_a""]",[],true,true,false,,
e17_query_a_delete_transpose,e17,6,delete_transpose,delete_transpose,a,16,intact,count,[],[],false,false,false,,
e17_query_a_delete_transpose,e17,6,delete_transpose,delete_transpose,a,16,intact,envelope,[],[],false,false,false,,
e17_query_b_delete_transpose,e17,6,delete_transpose,delete_transpose,b,16,intact,accounts,"[""e17_reference_b""]",[],true,true,false,true,true
e17_query_b_delete_transpose,e17,6,delete_transpose,delete_transpose,b,16,intact,old07,"[""e17_reference_b""]",[],true,true,false,,
e17_query_b_delete_transpose,e17,6,delete_transpose,delete_transpose,b,16,intact,count,[],[],false,false,false,,
e17_query_b_delete_transpose,e17,6,delete_transpose,delete_transpose,b,16,intact,envelope,[],[],false,false,false,,
e18_query_a_delete_transpose,e18,8,delete_transpose,delete_transpose,a,16,intact,accounts,[],[],false,false,false,false,false
e18_query_a_delete_transpose,e18,8,delete_transpose,delete_transpose,a,16,intact,old07,"[""e18_reference_a""]",[],true,true,false,,
e18_query_a_delete_transpose,e18,8,delete_transpose,delete_transpose,a,16,intact,count,[],[],false,false,false,,
e18_query_a_delete_transpose,e18,8,delete_transpose,delete_transpose,a,16,intact,envelope,[],[],false,false,false,,
e18_query_b_delete_transpose,e18,8,delete_transpose,delete_transpose,b,16,intact,accounts,[],[],false,false,false,false,false
e18_query_b_delete_transpose,e18,8,delete_transpose,delete_transpose,b,16,intact,old07,"[""e18_reference_b""]",[],true,true,false,,
e18_query_b_delete_transpose,e18,8,delete_transpose,delete_transpose,b,16,intact,count,[],[],false,false,false,,
e18_query_b_delete_transpose,e18,8,delete_transpose,delete_transpose,b,16,intact,envelope,[],[],false,false,false,,
e19_query_a_delete_transpose,e19,10,delete_transpose,delete_transpose,a,16,intact,accounts,[],[],false,false,false,false,false
e19_query_a_delete_transpose,e19,10,delete_transpose,delete_transpose,a,16,intact,old07,"[""e19_reference_a""]",[],true,true,false,,
e19_query_a_delete_transpose,e19,10,delete_transpose,delete_transpose,a,16,intact,count,[],[],false,false,false,,
e19_query_a_delete_transpose,e19,10,delete_transpose,delete_transpose,a,16,intact,envelope,[],[],false,false,false,,
e19_query_b_delete_transpose,e19,10,delete_transpose,delete_transpose,b,16,intact,accounts,[],[],false,false,false,false,false
e19_query_b_delete_transpose,e19,10,delete_transpose,delete_transpose,b,16,intact,old07,"[""e19_reference_b""]",[],true,true,false,,
e19_query_b_delete_transpose,e19,10,delete_transpose,delete_transpose,b,16,intact,count,[],[],false,false,false,,
e19_query_b_delete_transpose,e19,10,delete_transpose,delete_transpose,b,16,intact,envelope,[],[],false,false,false,,
e20_query_a_delete_transpose,e20,4,delete_transpose,delete_transpose,a,16,intact,accounts,[],[],false,false,false,false,false
e20_query_a_delete_transpose,e20,4,delete_transpose,delete_transpose,a,16,intact,old07,[],[],false,false,false,,
e20_query_a_delete_transpose,e20,4,delete_transpose,delete_transpose,a,16,intact,count,[],[],false,false,false,,
e20_query_a_delete_transpose,e20,4,delete_transpose,delete_transpose,a,16,intact,envelope,[],[],false,false,false,,
e20_query_b_delete_transpose,e20,4,delete_transpose,delete_transpose,b,16,intact,accounts,[],[],false,false,false,false,false
e20_query_b_delete_transpose,e20,4,delete_transpose,delete_transpose,b,16,intact,old07,[],[],false,false,false,,
e20_query_b_delete_transpose,e20,4,delete_transpose,delete_transpose,b,16,intact,count,[],[],false,false,false,,
e20_query_b_delete_transpose,e20,4,delete_transpose,delete_transpose,b,16,intact,envelope,[],[],false,false,false,,
e21_query_a_delete_transpose,e21,6,delete_transpose,delete_transpose,a,16,intact,accounts,"[""e21_reference_a""]",[],true,true,false,true,true
e21_query_a_delete_transpose,e21,6,delete_transpose,delete_transpose,a,16,intact,old07,"[""e21_reference_a""]",[],true,true,false,,
e21_query_a_delete_transpose,e21,6,delete_transpose,delete_transpose,a,16,intact,count,[],[],false,false,false,,
e21_query_a_delete_transpose,e21,6,delete_transpose,delete_transpose,a,16,intact,envelope,[],[],false,false,false,,
e21_query_b_delete_transpose,e21,6,delete_transpose,delete_transpose,b,16,intact,accounts,"[""e21_reference_b""]",[],true,true,false,true,true
e21_query_b_delete_transpose,e21,6,delete_transpose,delete_transpose,b,16,intact,old07,"[""e21_reference_b""]",[],true,true,false,,
e21_query_b_delete_transpose,e21,6,delete_transpose,delete_transpose,b,16,intact,count,[],[],false,false,false,,
e21_query_b_delete_transpose,e21,6,delete_transpose,delete_transpose,b,16,intact,envelope,[],[],false,false,false,,
e22_query_a_delete_transpose,e22,8,delete_transpose,delete_transpose,a,16,intact,accounts,[],[],false,false,false,false,false
e22_query_a_delete_transpose,e22,8,delete_transpose,delete_transpose,a,16,intact,old07,"[""e22_reference_a""]",[],true,true,false,,
e22_query_a_delete_transpose,e22,8,delete_transpose,delete_transpose,a,16,intact,count,[],[],false,false,false,,
e22_query_a_delete_transpose,e22,8,delete_transpose,delete_transpose,a,16,intact,envelope,[],[],false,false,false,,
e22_query_b_delete_transpose,e22,8,delete_transpose,delete_transpose,b,16,intact,accounts,[],[],false,false,false,false,false
e22_query_b_delete_transpose,e22,8,delete_transpose,delete_transpose,b,16,intact,old07,"[""e22_reference_b""]",[],true,true,false,,
e22_query_b_delete_transpose,e22,8,delete_transpose,delete_transpose,b,16,intact,count,[],[],false,false,false,,
e22_query_b_delete_transpose,e22,8,delete_transpose,delete_transpose,b,16,intact,envelope,[],[],false,false,false,,
e23_query_a_delete_transpose,e23,10,delete_transpose,delete_transpose,a,16,intact,accounts,[],[],false,false,false,false,false
e23_query_a_delete_transpose,e23,10,delete_transpose,delete_transpose,a,16,intact,old07,"[""e23_reference_a""]",[],true,true,false,,
e23_query_a_delete_transpose,e23,10,delete_transpose,delete_transpose,a,16,intact,count,[],[],false,false,false,,
e23_query_a_delete_transpose,e23,10,delete_transpose,delete_transpose,a,16,intact,envelope,[],[],false,false,false,,
e23_query_b_delete_transpose,e23,10,delete_transpose,delete_transpose,b,16,intact,accounts,[],[],false,false,false,false,false
e23_query_b_delete_transpose,e23,10,delete_transpose,delete_transpose,b,16,intact,old07,"[""e23_reference_b""]",[],true,true,false,,
e23_query_b_delete_transpose,e23,10,delete_transpose,delete_transpose,b,16,intact,count,[],[],false,false,false,,
e23_query_b_delete_transpose,e23,10,delete_transpose,delete_transpose,b,16,intact,envelope,[],[],false,false,false,,
e08_query_a_delete_timing,e08,4,delete_timing,delete_timing,a,16,intact,accounts,[],[],false,false,false,false,false
e08_query_a_delete_timing,e08,4,delete_timing,delete_timing,a,16,intact,old07,[],[],false,false,false,,
e08_query_a_delete_timing,e08,4,delete_timing,delete_timing,a,16,intact,count,[],[],false,false,false,,
e08_query_a_delete_timing,e08,4,delete_timing,delete_timing,a,16,intact,envelope,[],[],false,false,false,,
e08_query_b_delete_timing,e08,4,delete_timing,delete_timing,b,16,intact,accounts,[],[],false,false,false,false,false
e08_query_b_delete_timing,e08,4,delete_timing,delete_timing,b,16,intact,old07,[],[],false,false,false,,
e08_query_b_delete_timing,e08,4,delete_timing,delete_timing,b,16,intact,count,[],[],false,false,false,,
e08_query_b_delete_timing,e08,4,delete_timing,delete_timing,b,16,intact,envelope,[],[],false,false,false,,
e09_query_a_delete_timing,e09,6,delete_timing,delete_timing,a,16,intact,accounts,"[""e09_reference_a""]",[],true,true,false,true,true
e09_query_a_delete_timing,e09,6,delete_timing,delete_timing,a,16,intact,old07,"[""e09_reference_a""]",[],true,true,false,,
e09_query_a_delete_timing,e09,6,delete_timing,delete_timing,a,16,intact,count,[],[],false,false,false,,
e09_query_a_delete_timing,e09,6,delete_timing,delete_timing,a,16,intact,envelope,[],[],false,false,false,,
e09_query_b_delete_timing,e09,6,delete_timing,delete_timing,b,16,intact,accounts,"[""e09_reference_b""]",[],true,true,false,true,true
e09_query_b_delete_timing,e09,6,delete_timing,delete_timing,b,16,intact,old07,"[""e09_reference_b""]",[],true,true,false,,
e09_query_b_delete_timing,e09,6,delete_timing,delete_timing,b,16,intact,count,[],[],false,false,false,,
e09_query_b_delete_timing,e09,6,delete_timing,delete_timing,b,16,intact,envelope,[],[],false,false,false,,
e10_query_a_delete_timing,e10,8,delete_timing,delete_timing,a,16,intact,accounts,[],[],false,false,false,false,false
e10_query_a_delete_timing,e10,8,delete_timing,delete_timing,a,16,intact,old07,"[""e10_reference_a""]",[],true,true,false,,
e10_query_a_delete_timing,e10,8,delete_timing,delete_timing,a,16,intact,count,[],[],false,false,false,,
e10_query_a_delete_timing,e10,8,delete_timing,delete_timing,a,16,intact,envelope,[],[],false,false,false,,
e10_query_b_delete_timing,e10,8,delete_timing,delete_timing,b,16,intact,accounts,[],[],false,false,false,false,false
e10_query_b_delete_timing,e10,8,delete_timing,delete_timing,b,16,intact,old07,"[""e10_reference_b""]",[],true,true,false,,
e10_query_b_delete_timing,e10,8,delete_timing,delete_timing,b,16,intact,count,[],[],false,false,false,,
e10_query_b_delete_timing,e10,8,delete_timing,delete_timing,b,16,intact,envelope,[],[],false,false,false,,
e11_query_a_delete_timing,e11,10,delete_timing,delete_timing,a,16,intact,accounts,[],[],false,false,false,false,false
e11_query_a_delete_timing,e11,10,delete_timing,delete_timing,a,16,intact,old07,"[""e11_reference_a""]",[],true,true,false,,
e11_query_a_delete_timing,e11,10,delete_timing,delete_timing,a,16,intact,count,[],[],false,false,false,,
e11_query_a_delete_timing,e11,10,delete_timing,delete_timing,a,16,intact,envelope,[],[],false,false,false,,
e11_query_b_delete_timing,e11,10,delete_timing,delete_timing,b,16,intact,accounts,[],[],false,false,false,false,false
e11_query_b_delete_timing,e11,10,delete_timing,delete_timing,b,16,intact,old07,"[""e11_reference_b""]",[],true,true,false,,
e11_query_b_delete_timing,e11,10,delete_timing,delete_timing,b,16,intact,count,[],[],false,false,false,,
e11_query_b_delete_timing,e11,10,delete_timing,delete_timing,b,16,intact,envelope,[],[],false,false,false,,
e12_query_a_delete_timing,e12,4,delete_timing,delete_timing,a,16,intact,accounts,[],[],false,false,false,false,false
e12_query_a_delete_timing,e12,4,delete_timing,delete_timing,a,16,intact,old07,[],[],false,false,false,,
e12_query_a_delete_timing,e12,4,delete_timing,delete_timing,a,16,intact,count,[],[],false,false,false,,
e12_query_a_delete_timing,e12,4,delete_timing,delete_timing,a,16,intact,envelope,[],[],false,false,false,,
e12_query_b_delete_timing,e12,4,delete_timing,delete_timing,b,16,intact,accounts,[],[],false,false,false,false,false
e12_query_b_delete_timing,e12,4,delete_timing,delete_timing,b,16,intact,old07,[],[],false,false,false,,
e12_query_b_delete_timing,e12,4,delete_timing,delete_timing,b,16,intact,count,[],[],false,false,false,,
e12_query_b_delete_timing,e12,4,delete_timing,delete_timing,b,16,intact,envelope,[],[],false,false,false,,
e13_query_a_delete_timing,e13,6,delete_timing,delete_timing,a,16,intact,accounts,"[""e13_reference_a""]",[],true,true,false,true,true
e13_query_a_delete_timing,e13,6,delete_timing,delete_timing,a,16,intact,old07,"[""e13_reference_a""]",[],true,true,false,,
e13_query_a_delete_timing,e13,6,delete_timing,delete_timing,a,16,intact,count,[],[],false,false,false,,
e13_query_a_delete_timing,e13,6,delete_timing,delete_timing,a,16,intact,envelope,[],[],false,false,false,,
e13_query_b_delete_timing,e13,6,delete_timing,delete_timing,b,16,intact,accounts,"[""e13_reference_b""]",[],true,true,false,true,true
e13_query_b_delete_timing,e13,6,delete_timing,delete_timing,b,16,intact,old07,"[""e13_reference_b""]",[],true,true,false,,
e13_query_b_delete_timing,e13,6,delete_timing,delete_timing,b,16,intact,count,[],[],false,false,false,,
e13_query_b_delete_timing,e13,6,delete_timing,delete_timing,b,16,intact,envelope,[],[],false,false,false,,
e14_query_a_delete_timing,e14,8,delete_timing,delete_timing,a,16,intact,accounts,[],[],false,false,false,false,false
e14_query_a_delete_timing,e14,8,delete_timing,delete_timing,a,16,intact,old07,"[""e14_reference_a""]",[],true,true,false,,
e14_query_a_delete_timing,e14,8,delete_timing,delete_timing,a,16,intact,count,[],[],false,false,false,,
e14_query_a_delete_timing,e14,8,delete_timing,delete_timing,a,16,intact,envelope,[],[],false,false,false,,
e14_query_b_delete_timing,e14,8,delete_timing,delete_timing,b,16,intact,accounts,[],[],false,false,false,false,false
e14_query_b_delete_timing,e14,8,delete_timing,delete_timing,b,16,intact,old07,"[""e14_reference_b""]",[],true,true,false,,
e14_query_b_delete_timing,e14,8,delete_timing,delete_timing,b,16,intact,count,[],[],false,false,false,,
e14_query_b_delete_timing,e14,8,delete_timing,delete_timing,b,16,intact,envelope,[],[],false,false,false,,
e15_query_a_delete_timing,e15,10,delete_timing,delete_timing,a,16,intact,accounts,[],[],false,false,false,false,false
e15_query_a_delete_timing,e15,10,delete_timing,delete_timing,a,16,intact,old07,"[""e15_reference_a""]",[],true,true,false,,
e15_query_a_delete_timing,e15,10,delete_timing,delete_timing,a,16,intact,count,[],[],false,false,false,,
e15_query_a_delete_timing,e15,10,delete_timing,delete_timing,a,16,intact,envelope,[],[],false,false,false,,
e15_query_b_delete_timing,e15,10,delete_timing,delete_timing,b,16,intact,accounts,[],[],false,false,false,false,false
e15_query_b_delete_timing,e15,10,delete_timing,delete_timing,b,16,intact,old07,"[""e15_reference_b""]",[],true,true,false,,
e15_query_b_delete_timing,e15,10,delete_timing,delete_timing,b,16,intact,count,[],[],false,false,false,,
e15_query_b_delete_timing,e15,10,delete_timing,delete_timing,b,16,intact,envelope,[],[],false,false,false,,
e16_query_a_delete_timing,e16,4,delete_timing,delete_timing,a,16,intact,accounts,[],[],false,false,false,false,false
e16_query_a_delete_timing,e16,4,delete_timing,delete_timing,a,16,intact,old07,[],[],false,false,false,,
e16_query_a_delete_timing,e16,4,delete_timing,delete_timing,a,16,intact,count,[],[],false,false,false,,
e16_query_a_delete_timing,e16,4,delete_timing,delete_timing,a,16,intact,envelope,[],[],false,false,false,,
e16_query_b_delete_timing,e16,4,delete_timing,delete_timing,b,16,intact,accounts,[],[],false,false,false,false,false
e16_query_b_delete_timing,e16,4,delete_timing,delete_timing,b,16,intact,old07,[],[],false,false,false,,
e16_query_b_delete_timing,e16,4,delete_timing,delete_timing,b,16,intact,count,[],[],false,false,false,,
e16_query_b_delete_timing,e16,4,delete_timing,delete_timing,b,16,intact,envelope,[],[],false,false,false,,
e17_query_a_delete_timing,e17,6,delete_timing,delete_timing,a,16,intact,accounts,"[""e17_reference_a""]",[],true,true,false,true,true
e17_query_a_delete_timing,e17,6,delete_timing,delete_timing,a,16,intact,old07,"[""e17_reference_a""]",[],true,true,false,,
e17_query_a_delete_timing,e17,6,delete_timing,delete_timing,a,16,intact,count,[],[],false,false,false,,
e17_query_a_delete_timing,e17,6,delete_timing,delete_timing,a,16,intact,envelope,[],[],false,false,false,,
e17_query_b_delete_timing,e17,6,delete_timing,delete_timing,b,16,intact,accounts,"[""e17_reference_b""]",[],true,true,false,true,true
e17_query_b_delete_timing,e17,6,delete_timing,delete_timing,b,16,intact,old07,"[""e17_reference_b""]",[],true,true,false,,
e17_query_b_delete_timing,e17,6,delete_timing,delete_timing,b,16,intact,count,[],[],false,false,false,,
e17_query_b_delete_timing,e17,6,delete_timing,delete_timing,b,16,intact,envelope,[],[],false,false,false,,
e18_query_a_delete_timing,e18,8,delete_timing,delete_timing,a,16,intact,accounts,[],[],false,false,false,false,false
e18_query_a_delete_timing,e18,8,delete_timing,delete_timing,a,16,intact,old07,"[""e18_reference_a""]",[],true,true,false,,
e18_query_a_delete_timing,e18,8,delete_timing,delete_timing,a,16,intact,count,[],[],false,false,false,,
e18_query_a_delete_timing,e18,8,delete_timing,delete_timing,a,16,intact,envelope,[],[],false,false,false,,
e18_query_b_delete_timing,e18,8,delete_timing,delete_timing,b,16,intact,accounts,[],[],false,false,false,false,false
e18_query_b_delete_timing,e18,8,delete_timing,delete_timing,b,16,intact,old07,"[""e18_reference_b""]",[],true,true,false,,
e18_query_b_delete_timing,e18,8,delete_timing,delete_timing,b,16,intact,count,[],[],false,false,false,,
e18_query_b_delete_timing,e18,8,delete_timing,delete_timing,b,16,intact,envelope,[],[],false,false,false,,
e19_query_a_delete_timing,e19,10,delete_timing,delete_timing,a,16,intact,accounts,[],[],false,false,false,false,false
e19_query_a_delete_timing,e19,10,delete_timing,delete_timing,a,16,intact,old07,"[""e19_reference_a""]",[],true,true,false,,
e19_query_a_delete_timing,e19,10,delete_timing,delete_timing,a,16,intact,count,[],[],false,false,false,,
e19_query_a_delete_timing,e19,10,delete_timing,delete_timing,a,16,intact,envelope,[],[],false,false,false,,
e19_query_b_delete_timing,e19,10,delete_timing,delete_timing,b,16,intact,accounts,[],[],false,false,false,false,false
e19_query_b_delete_timing,e19,10,delete_timing,delete_timing,b,16,intact,old07,"[""e19_reference_b""]",[],true,true,false,,
e19_query_b_delete_timing,e19,10,delete_timing,delete_timing,b,16,intact,count,[],[],false,false,false,,
e19_query_b_delete_timing,e19,10,delete_timing,delete_timing,b,16,intact,envelope,[],[],false,false,false,,
e20_query_a_delete_timing,e20,4,delete_timing,delete_timing,a,16,intact,accounts,[],[],false,false,false,false,false
e20_query_a_delete_timing,e20,4,delete_timing,delete_timing,a,16,intact,old07,[],[],false,false,false,,
e20_query_a_delete_timing,e20,4,delete_timing,delete_timing,a,16,intact,count,[],[],false,false,false,,
e20_query_a_delete_timing,e20,4,delete_timing,delete_timing,a,16,intact,envelope,[],[],false,false,false,,
e20_query_b_delete_timing,e20,4,delete_timing,delete_timing,b,16,intact,accounts,[],[],false,false,false,false,false
e20_query_b_delete_timing,e20,4,delete_timing,delete_timing,b,16,intact,old07,[],[],false,false,false,,
e20_query_b_delete_timing,e20,4,delete_timing,delete_timing,b,16,intact,count,[],[],false,false,false,,
e20_query_b_delete_timing,e20,4,delete_timing,delete_timing,b,16,intact,envelope,[],[],false,false,false,,
e21_query_a_delete_timing,e21,6,delete_timing,delete_timing,a,16,intact,accounts,"[""e21_reference_a""]",[],true,true,false,true,true
e21_query_a_delete_timing,e21,6,delete_timing,delete_timing,a,16,intact,old07,"[""e21_reference_a""]",[],true,true,false,,
e21_query_a_delete_timing,e21,6,delete_timing,delete_timing,a,16,intact,count,[],[],false,false,false,,
e21_query_a_delete_timing,e21,6,delete_timing,delete_timing,a,16,intact,envelope,[],[],false,false,false,,
e21_query_b_delete_timing,e21,6,delete_timing,delete_timing,b,16,intact,accounts,"[""e21_reference_b""]",[],true,true,false,true,true
e21_query_b_delete_timing,e21,6,delete_timing,delete_timing,b,16,intact,old07,"[""e21_reference_b""]",[],true,true,false,,
e21_query_b_delete_timing,e21,6,delete_timing,delete_timing,b,16,intact,count,[],[],false,false,false,,
e21_query_b_delete_timing,e21,6,delete_timing,delete_timing,b,16,intact,envelope,[],[],false,false,false,,
e22_query_a_delete_timing,e22,8,delete_timing,delete_timing,a,16,intact,accounts,[],[],false,false,false,false,false
e22_query_a_delete_timing,e22,8,delete_timing,delete_timing,a,16,intact,old07,"[""e22_reference_a""]",[],true,true,false,,
e22_query_a_delete_timing,e22,8,delete_timing,delete_timing,a,16,intact,count,[],[],false,false,false,,
e22_query_a_delete_timing,e22,8,delete_timing,delete_timing,a,16,intact,envelope,[],[],false,false,false,,
e22_query_b_delete_timing,e22,8,delete_timing,delete_timing,b,16,intact,accounts,[],[],false,false,false,false,false
e22_query_b_delete_timing,e22,8,delete_timing,delete_timing,b,16,intact,old07,"[""e22_reference_b""]",[],true,true,false,,
e22_query_b_delete_timing,e22,8,delete_timing,delete_timing,b,16,intact,count,[],[],false,false,false,,
e22_query_b_delete_timing,e22,8,delete_timing,delete_timing,b,16,intact,envelope,[],[],false,false,false,,
e23_query_a_delete_timing,e23,10,delete_timing,delete_timing,a,16,intact,accounts,[],[],false,false,false,false,false
e23_query_a_delete_timing,e23,10,delete_timing,delete_timing,a,16,intact,old07,"[""e23_reference_a""]",[],true,true,false,,
e23_query_a_delete_timing,e23,10,delete_timing,delete_timing,a,16,intact,count,[],[],false,false,false,,
e23_query_a_delete_timing,e23,10,delete_timing,delete_timing,a,16,intact,envelope,[],[],false,false,false,,
e23_query_b_delete_timing,e23,10,delete_timing,delete_timing,b,16,intact,accounts,[],[],false,false,false,false,false
e23_query_b_delete_timing,e23,10,delete_timing,delete_timing,b,16,intact,old07,"[""e23_reference_b""]",[],true,true,false,,
e23_query_b_delete_timing,e23,10,delete_timing,delete_timing,b,16,intact,count,[],[],false,false,false,,
e23_query_b_delete_timing,e23,10,delete_timing,delete_timing,b,16,intact,envelope,[],[],false,false,false,,
e08_query_a_delete_detune,e08,4,delete_detune,delete_detune,a,16,intact,accounts,[],[],false,false,false,false,false
e08_query_a_delete_detune,e08,4,delete_detune,delete_detune,a,16,intact,old07,[],[],false,false,false,,
e08_query_a_delete_detune,e08,4,delete_detune,delete_detune,a,16,intact,count,[],[],false,false,false,,
e08_query_a_delete_detune,e08,4,delete_detune,delete_detune,a,16,intact,envelope,[],[],false,false,false,,
e08_query_b_delete_detune,e08,4,delete_detune,delete_detune,b,16,intact,accounts,[],[],false,false,false,false,false
e08_query_b_delete_detune,e08,4,delete_detune,delete_detune,b,16,intact,old07,[],[],false,false,false,,
e08_query_b_delete_detune,e08,4,delete_detune,delete_detune,b,16,intact,count,[],[],false,false,false,,
e08_query_b_delete_detune,e08,4,delete_detune,delete_detune,b,16,intact,envelope,[],[],false,false,false,,
e09_query_a_delete_detune,e09,6,delete_detune,delete_detune,a,16,intact,accounts,[],[],false,false,false,false,false
e09_query_a_delete_detune,e09,6,delete_detune,delete_detune,a,16,intact,old07,[],[],false,false,false,,
e09_query_a_delete_detune,e09,6,delete_detune,delete_detune,a,16,intact,count,[],[],false,false,false,,
e09_query_a_delete_detune,e09,6,delete_detune,delete_detune,a,16,intact,envelope,[],[],false,false,false,,
e09_query_b_delete_detune,e09,6,delete_detune,delete_detune,b,16,intact,accounts,[],[],false,false,false,false,false
e09_query_b_delete_detune,e09,6,delete_detune,delete_detune,b,16,intact,old07,[],[],false,false,false,,
e09_query_b_delete_detune,e09,6,delete_detune,delete_detune,b,16,intact,count,[],[],false,false,false,,
e09_query_b_delete_detune,e09,6,delete_detune,delete_detune,b,16,intact,envelope,[],[],false,false,false,,
e10_query_a_delete_detune,e10,8,delete_detune,delete_detune,a,16,intact,accounts,[],[],false,false,false,false,false
e10_query_a_delete_detune,e10,8,delete_detune,delete_detune,a,16,intact,old07,[],[],false,false,false,,
e10_query_a_delete_detune,e10,8,delete_detune,delete_detune,a,16,intact,count,[],[],false,false,false,,
e10_query_a_delete_detune,e10,8,delete_detune,delete_detune,a,16,intact,envelope,[],[],false,false,false,,
e10_query_b_delete_detune,e10,8,delete_detune,delete_detune,b,16,intact,accounts,[],[],false,false,false,false,false
e10_query_b_delete_detune,e10,8,delete_detune,delete_detune,b,16,intact,old07,[],[],false,false,false,,
e10_query_b_delete_detune,e10,8,delete_detune,delete_detune,b,16,intact,count,[],[],false,false,false,,
e10_query_b_delete_detune,e10,8,delete_detune,delete_detune,b,16,intact,envelope,[],[],false,false,false,,
e11_query_a_delete_detune,e11,10,delete_detune,delete_detune,a,16,intact,accounts,[],[],false,false,false,false,false
e11_query_a_delete_detune,e11,10,delete_detune,delete_detune,a,16,intact,old07,[],[],false,false,false,,
e11_query_a_delete_detune,e11,10,delete_detune,delete_detune,a,16,intact,count,[],[],false,false,false,,
e11_query_a_delete_detune,e11,10,delete_detune,delete_detune,a,16,intact,envelope,[],[],false,false,false,,
e11_query_b_delete_detune,e11,10,delete_detune,delete_detune,b,16,intact,accounts,[],[],false,false,false,false,false
e11_query_b_delete_detune,e11,10,delete_detune,delete_detune,b,16,intact,old07,[],[],false,false,false,,
e11_query_b_delete_detune,e11,10,delete_detune,delete_detune,b,16,intact,count,[],[],false,false,false,,
e11_query_b_delete_detune,e11,10,delete_detune,delete_detune,b,16,intact,envelope,[],[],false,false,false,,
e12_query_a_delete_detune,e12,4,delete_detune,delete_detune,a,16,intact,accounts,[],[],false,false,false,false,false
e12_query_a_delete_detune,e12,4,delete_detune,delete_detune,a,16,intact,old07,[],[],false,false,false,,
e12_query_a_delete_detune,e12,4,delete_detune,delete_detune,a,16,intact,count,[],[],false,false,false,,
e12_query_a_delete_detune,e12,4,delete_detune,delete_detune,a,16,intact,envelope,[],[],false,false,false,,
e12_query_b_delete_detune,e12,4,delete_detune,delete_detune,b,16,intact,accounts,[],[],false,false,false,false,false
e12_query_b_delete_detune,e12,4,delete_detune,delete_detune,b,16,intact,old07,[],[],false,false,false,,
e12_query_b_delete_detune,e12,4,delete_detune,delete_detune,b,16,intact,count,[],[],false,false,false,,
e12_query_b_delete_detune,e12,4,delete_detune,delete_detune,b,16,intact,envelope,[],[],false,false,false,,
e13_query_a_delete_detune,e13,6,delete_detune,delete_detune,a,16,intact,accounts,[],[],false,false,false,false,false
e13_query_a_delete_detune,e13,6,delete_detune,delete_detune,a,16,intact,old07,[],[],false,false,false,,
e13_query_a_delete_detune,e13,6,delete_detune,delete_detune,a,16,intact,count,[],[],false,false,false,,
e13_query_a_delete_detune,e13,6,delete_detune,delete_detune,a,16,intact,envelope,[],[],false,false,false,,
e13_query_b_delete_detune,e13,6,delete_detune,delete_detune,b,16,intact,accounts,[],[],false,false,false,false,false
e13_query_b_delete_detune,e13,6,delete_detune,delete_detune,b,16,intact,old07,[],[],false,false,false,,
e13_query_b_delete_detune,e13,6,delete_detune,delete_detune,b,16,intact,count,[],[],false,false,false,,
e13_query_b_delete_detune,e13,6,delete_detune,delete_detune,b,16,intact,envelope,[],[],false,false,false,,
e14_query_a_delete_detune,e14,8,delete_detune,delete_detune,a,16,intact,accounts,[],[],false,false,false,false,false
e14_query_a_delete_detune,e14,8,delete_detune,delete_detune,a,16,intact,old07,[],[],false,false,false,,
e14_query_a_delete_detune,e14,8,delete_detune,delete_detune,a,16,intact,count,[],[],false,false,false,,
e14_query_a_delete_detune,e14,8,delete_detune,delete_detune,a,16,intact,envelope,[],[],false,false,false,,
e14_query_b_delete_detune,e14,8,delete_detune,delete_detune,b,16,intact,accounts,[],[],false,false,false,false,false
e14_query_b_delete_detune,e14,8,delete_detune,delete_detune,b,16,intact,old07,[],[],false,false,false,,
e14_query_b_delete_detune,e14,8,delete_detune,delete_detune,b,16,intact,count,[],[],false,false,false,,
e14_query_b_delete_detune,e14,8,delete_detune,delete_detune,b,16,intact,envelope,[],[],false,false,false,,
e15_query_a_delete_detune,e15,10,delete_detune,delete_detune,a,16,intact,accounts,[],[],false,false,false,false,false
e15_query_a_delete_detune,e15,10,delete_detune,delete_detune,a,16,intact,old07,[],[],false,false,false,,
e15_query_a_delete_detune,e15,10,delete_detune,delete_detune,a,16,intact,count,[],[],false,false,false,,
e15_query_a_delete_detune,e15,10,delete_detune,delete_detune,a,16,intact,envelope,[],[],false,false,false,,
e15_query_b_delete_detune,e15,10,delete_detune,delete_detune,b,16,intact,accounts,[],[],false,false,false,false,false
e15_query_b_delete_detune,e15,10,delete_detune,delete_detune,b,16,intact,old07,[],[],false,false,false,,
e15_query_b_delete_detune,e15,10,delete_detune,delete_detune,b,16,intact,count,[],[],false,false,false,,
e15_query_b_delete_detune,e15,10,delete_detune,delete_detune,b,16,intact,envelope,[],[],false,false,false,,
e16_query_a_delete_detune,e16,4,delete_detune,delete_detune,a,16,intact,accounts,[],[],false,false,false,false,false
e16_query_a_delete_detune,e16,4,delete_detune,delete_detune,a,16,intact,old07,[],[],false,false,false,,
e16_query_a_delete_detune,e16,4,delete_detune,delete_detune,a,16,intact,count,[],[],false,false,false,,
e16_query_a_delete_detune,e16,4,delete_detune,delete_detune,a,16,intact,envelope,[],[],false,false,false,,
e16_query_b_delete_detune,e16,4,delete_detune,delete_detune,b,16,intact,accounts,[],[],false,false,false,false,false
e16_query_b_delete_detune,e16,4,delete_detune,delete_detune,b,16,intact,old07,[],[],false,false,false,,
e16_query_b_delete_detune,e16,4,delete_detune,delete_detune,b,16,intact,count,[],[],false,false,false,,
e16_query_b_delete_detune,e16,4,delete_detune,delete_detune,b,16,intact,envelope,[],[],false,false,false,,
e17_query_a_delete_detune,e17,6,delete_detune,delete_detune,a,16,intact,accounts,[],[],false,false,false,false,false
e17_query_a_delete_detune,e17,6,delete_detune,delete_detune,a,16,intact,old07,[],[],false,false,false,,
e17_query_a_delete_detune,e17,6,delete_detune,delete_detune,a,16,intact,count,[],[],false,false,false,,
e17_query_a_delete_detune,e17,6,delete_detune,delete_detune,a,16,intact,envelope,[],[],false,false,false,,
e17_query_b_delete_detune,e17,6,delete_detune,delete_detune,b,16,intact,accounts,[],[],false,false,false,false,false
e17_query_b_delete_detune,e17,6,delete_detune,delete_detune,b,16,intact,old07,[],[],false,false,false,,
e17_query_b_delete_detune,e17,6,delete_detune,delete_detune,b,16,intact,count,[],[],false,false,false,,
e17_query_b_delete_detune,e17,6,delete_detune,delete_detune,b,16,intact,envelope,[],[],false,false,false,,
e18_query_a_delete_detune,e18,8,delete_detune,delete_detune,a,16,intact,accounts,[],[],false,false,false,false,false
e18_query_a_delete_detune,e18,8,delete_detune,delete_detune,a,16,intact,old07,[],[],false,false,false,,
e18_query_a_delete_detune,e18,8,delete_detune,delete_detune,a,16,intact,count,[],[],false,false,false,,
e18_query_a_delete_detune,e18,8,delete_detune,delete_detune,a,16,intact,envelope,[],[],false,false,false,,
e18_query_b_delete_detune,e18,8,delete_detune,delete_detune,b,16,intact,accounts,[],[],false,false,false,false,false
e18_query_b_delete_detune,e18,8,delete_detune,delete_detune,b,16,intact,old07,[],[],false,false,false,,
e18_query_b_delete_detune,e18,8,delete_detune,delete_detune,b,16,intact,count,[],[],false,false,false,,
e18_query_b_delete_detune,e18,8,delete_detune,delete_detune,b,16,intact,envelope,[],[],false,false,false,,
e19_query_a_delete_detune,e19,10,delete_detune,delete_detune,a,16,intact,accounts,[],[],false,false,false,false,false
e19_query_a_delete_detune,e19,10,delete_detune,delete_detune,a,16,intact,old07,[],[],false,false,false,,
e19_query_a_delete_detune,e19,10,delete_detune,delete_detune,a,16,intact,count,[],[],false,false,false,,
e19_query_a_delete_detune,e19,10,delete_detune,delete_detune,a,16,intact,envelope,[],[],false,false,false,,
e19_query_b_delete_detune,e19,10,delete_detune,delete_detune,b,16,intact,accounts,[],[],false,false,false,false,false
e19_query_b_delete_detune,e19,10,delete_detune,delete_detune,b,16,intact,old07,[],[],false,false,false,,
e19_query_b_delete_detune,e19,10,delete_detune,delete_detune,b,16,intact,count,[],[],false,false,false,,
e19_query_b_delete_detune,e19,10,delete_detune,delete_detune,b,16,intact,envelope,[],[],false,false,false,,
e20_query_a_delete_detune,e20,4,delete_detune,delete_detune,a,16,intact,accounts,[],[],false,false,false,false,false
e20_query_a_delete_detune,e20,4,delete_detune,delete_detune,a,16,intact,old07,[],[],false,false,false,,
e20_query_a_delete_detune,e20,4,delete_detune,delete_detune,a,16,intact,count,[],[],false,false,false,,
e20_query_a_delete_detune,e20,4,delete_detune,delete_detune,a,16,intact,envelope,[],[],false,false,false,,
e20_query_b_delete_detune,e20,4,delete_detune,delete_detune,b,16,intact,accounts,[],[],false,false,false,false,false
e20_query_b_delete_detune,e20,4,delete_detune,delete_detune,b,16,intact,old07,[],[],false,false,false,,
e20_query_b_delete_detune,e20,4,delete_detune,delete_detune,b,16,intact,count,[],[],false,false,false,,
e20_query_b_delete_detune,e20,4,delete_detune,delete_detune,b,16,intact,envelope,[],[],false,false,false,,
e21_query_a_delete_detune,e21,6,delete_detune,delete_detune,a,16,intact,accounts,[],[],false,false,false,false,false
e21_query_a_delete_detune,e21,6,delete_detune,delete_detune,a,16,intact,old07,[],[],false,false,false,,
e21_query_a_delete_detune,e21,6,delete_detune,delete_detune,a,16,intact,count,[],[],false,false,false,,
e21_query_a_delete_detune,e21,6,delete_detune,delete_detune,a,16,intact,envelope,[],[],false,false,false,,
e21_query_b_delete_detune,e21,6,delete_detune,delete_detune,b,16,intact,accounts,[],[],false,false,false,false,false
e21_query_b_delete_detune,e21,6,delete_detune,delete_detune,b,16,intact,old07,[],[],false,false,false,,
e21_query_b_delete_detune,e21,6,delete_detune,delete_detune,b,16,intact,count,[],[],false,false,false,,
e21_query_b_delete_detune,e21,6,delete_detune,delete_detune,b,16,intact,envelope,[],[],false,false,false,,
e22_query_a_delete_detune,e22,8,delete_detune,delete_detune,a,16,intact,accounts,[],[],false,false,false,false,false
e22_query_a_delete_detune,e22,8,delete_detune,delete_detune,a,16,intact,old07,[],[],false,false,false,,
e22_query_a_delete_detune,e22,8,delete_detune,delete_detune,a,16,intact,count,[],[],false,false,false,,
e22_query_a_delete_detune,e22,8,delete_detune,delete_detune,a,16,intact,envelope,[],[],false,false,false,,
e22_query_b_delete_detune,e22,8,delete_detune,delete_detune,b,16,intact,accounts,[],[],false,false,false,false,false
e22_query_b_delete_detune,e22,8,delete_detune,delete_detune,b,16,intact,old07,[],[],false,false,false,,
e22_query_b_delete_detune,e22,8,delete_detune,delete_detune,b,16,intact,count,[],[],false,false,false,,
e22_query_b_delete_detune,e22,8,delete_detune,delete_detune,b,16,intact,envelope,[],[],false,false,false,,
e23_query_a_delete_detune,e23,10,delete_detune,delete_detune,a,16,intact,accounts,[],[],false,false,false,false,false
e23_query_a_delete_detune,e23,10,delete_detune,delete_detune,a,16,intact,old07,[],[],false,false,false,,
e23_query_a_delete_detune,e23,10,delete_detune,delete_detune,a,16,intact,count,[],[],false,false,false,,
e23_query_a_delete_detune,e23,10,delete_detune,delete_detune,a,16,intact,envelope,[],[],false,false,false,,
e23_query_b_delete_detune,e23,10,delete_detune,delete_detune,b,16,intact,accounts,[],[],false,false,false,false,false
e23_query_b_delete_detune,e23,10,delete_detune,delete_detune,b,16,intact,old07,[],[],false,false,false,,
e23_query_b_delete_detune,e23,10,delete_detune,delete_detune,b,16,intact,count,[],[],false,false,false,,
e23_query_b_delete_detune,e23,10,delete_detune,delete_detune,b,16,intact,envelope,[],[],false,false,false,,
