id,group_id,split,role,family,audio_sha256
e00_reference_a,e00,fit,reference,base,83920b9b1196909a831ebfae55cf20860d89cd2bc2dd561b756f809ff5a5278c
e00_reference_b,e00,fit,reference,base,8d331183e46d0f0ba33177b0155b11e46d813cbf62fd03818217138d8d8144e0
e00_distractor_0,e00,fit,distractor,base,029a719819a4085b266790a5c329da1e26b09cb1b39b9ff81d0880afa1f9e6b8
e00_distractor_1,e00,fit,distractor,base,6b4d4f480437328bf8cc76524d8350e4b81c9d8da9f4bf7925112fbab6730bda
e00_distractor_2,e00,fit,distractor,base,023ea5a07fddfc59f59a3eed8e9fcb62c6815a01435779100af7f149c0acb5b6
e00_distractor_3,e00,fit,distractor,base,bbd0099757d2e29e98ae55c4305fbc4e75ae92f874ffd9fc9ced76a5432855de
e00_distractor_4,e00,fit,distractor,base,1c8ff9487f20ce1e9b3c65b2c80ea2bc376221fc0e15d17eefb79985d2dbf90e
e00_distractor_5,e00,fit,distractor,base,11fa0d968785ddff093865b7a2877473852b2628872b09b9da7ec07c08e472a6
e00_distractor_6,e00,fit,distractor,base,62f4d61934df70736f198b44dfab56a2a673cbd3ab82e296e3f67ac2541e0301
e00_distractor_7,e00,fit,distractor,base,070438dc0c72de8fc6520d6fde9ef5d2cab0698e91f18c55c13fc37baf453a20
e00_twin_a,e00,fit,twin,base,9d1b8b004b864c035129d29b7b6216b2591a6f447915fa38be9e2ac4995ff92c
e00_query_a_exact,e00,fit,query,exact,83920b9b1196909a831ebfae55cf20860d89cd2bc2dd561b756f809ff5a5278c
e00_query_a_transpose,e00,fit,query,transpose,21d4eddb78ec889223b4ecda08bca1f53a47105f3d37b60600c3ca0d354df84a
e00_query_a_detune,e00,fit,query,detune,21bbe8fa80aeb516b923052d693d077d1361c88646a491d3ba2b350a334a093e
e00_query_a_timing,e00,fit,query,timing,d35efe05fe802f93e6ca1bbc0012b23df0670d87a610b1493e9b98bb17ea7733
e00_query_a_delete_rest,e00,fit,query,delete_rest,5c4b98bbcee05c20a096be37a7a4f341dd4b5482dfda546da3deafbed5e4aa4c
e00_query_a_delete_closed,e00,fit,query,delete_closed,4eecc8a6aeb58e171c149d8f25e6ab8e559a1a4f9413ef4817d1d925c2236146
e00_query_a_delete_two,e00,fit,query,delete_two,d1ed4c1ec2ad1f3eec8599a6da4de9f27cff864e6ddce1095b39ec8f115807a0
e00_query_a_substitute,e00,fit,query,substitute,423b85a436d89fa7148356c189c12d60d194ada12d9fb6be8f83e627b7437506
e00_query_a_insert,e00,fit,query,insert,ffd56efd57a7bf1631c52d2ea08b5ad80cd834a84a90b272599211a1b4f52df3
e00_query_a_delete_insert,e00,fit,query,delete_insert,b2cf217348b0bfd0cbba3fb4b7a3ee6842e05bf33c21a663b1de258d7dc22f94
e00_query_a_weak_present,e00,fit,query,weak_present,e1b8c5b1e11eb7d3e746b8e68e7f31bff69297ca740d8cc418c27c17ca643b81
e00_query_a_mask_present,e00,fit,query,mask_present,f18b0e4823aa12cd62897e0c5f8abc5a26ad2f34730580a50bff5b020eb4d5d4
e00_query_a_mask_absent,e00,fit,query,mask_absent,859af4e28915171c0c291a2a7a6ea5f2c960a5f92cb0b99bd9a4f8da8814b40e
e00_query_a_merged,e00,fit,query,merged,ec45ff93708c3ca2e4f9117c8aa2e83ab6206e5188974cddfd24c3d7a2416079
e00_query_a_legitimate_rest,e00,fit,query,legitimate_rest,4d281d455a7ad3fb979e14a003b50296806886338cb38722506a5ed0fe5b340f
e00_query_a_delete_transpose,e00,fit,query,delete_transpose,f309129c07f7e31fb3f20c87df9640eff7cfd44a3c0701a1e3bfbddaae8f601e
e00_query_a_delete_timing,e00,fit,query,delete_timing,5a726dad8fdbe6782ebbddf333669a017a86468c38f19480b0fb34a6aa55c5cb
e00_query_a_delete_detune,e00,fit,query,delete_detune,e5f9145f4cdd7a411a31789bb63759758715fe114ee516e0b7e9d2bdd4251ab5
e00_query_b_exact,e00,fit,query,exact,8d331183e46d0f0ba33177b0155b11e46d813cbf62fd03818217138d8d8144e0
e00_query_b_transpose,e00,fit,query,transpose,ee385e3962ca3166326cd1c5a7c266cc2648402f3d99c17c6f5c54c20c155bec
e00_query_b_detune,e00,fit,query,detune,afabbab973a2d198b3ffc667847d56d8194f597bdf9669c2a4805e81de0ccd41
e00_query_b_timing,e00,fit,query,timing,24f74f8a0b48534f2fa5bd9d99e41d6a3a83b62434d169d26d83b7ca48fa771f
e00_query_b_delete_rest,e00,fit,query,delete_rest,3ad8c55c57a7fed71dc75dfa2cf137b048ccc19abc6fea66c3af87273e7965ec
e00_query_b_delete_closed,e00,fit,query,delete_closed,106e500f877c91be0a280296e448d91b6675fd092d6dc05a7a35292d2ebda401
e00_query_b_delete_two,e00,fit,query,delete_two,275fe4c65db129fff28c2b735d1631d9b6515c662435e22276a8ca4d2ee559db
e00_query_b_substitute,e00,fit,query,substitute,43d42decbe2d22d6d276590908361f26bfb7165dcd9fce5682b5b93a3cd748a1
e00_query_b_insert,e00,fit,query,insert,614e3e078d9cbe4c661779ba38cc4fb2b0366d13c3f43588f5024b41b1761fcc
e00_query_b_delete_insert,e00,fit,query,delete_insert,0733d79e8a33152bf265b2867e86835ca47659003fae64c9f433d45b58da47f8
e00_query_b_weak_present,e00,fit,query,weak_present,b280aaf33d14e9338a6b54362c5196cdd63d2e96a97508278f1655ae6f869011
e00_query_b_mask_present,e00,fit,query,mask_present,c3060e68a182b441cd78836fb27dec5e9633d81ed8af218edabb4f09ef286622
e00_query_b_mask_absent,e00,fit,query,mask_absent,aaa4aef7c588ee097e234e479ced690974d5f2f8bfaadf79a4b4299328aa7f72
e00_query_b_merged,e00,fit,query,merged,b79270b92e0ac7e962d6480f69eb121be4018a0addc92d8cb0b635291baa576a
e00_query_b_legitimate_rest,e00,fit,query,legitimate_rest,005007a3de888811b4532f1cacda37e59ab0f10834febb5821bf0a183f8f604b
e00_query_b_delete_transpose,e00,fit,query,delete_transpose,d9bb754fa2f4ec5c22e4e2dedfbd629e00e678b845c11f44c5a6c59c04e957a6
e00_query_b_delete_timing,e00,fit,query,delete_timing,52039f8521433c97c6abb650f7614d40a4fada54f8034d33d1d1b72928b88c9b
e00_query_b_delete_detune,e00,fit,query,delete_detune,8116de7915e4f474d61a89e6e291238eedf1f873fc23374e943ebbf9e56b0162
e01_reference_a,e01,fit,reference,base,3fc347f280ce8dbdcde14563c8fb2195851795c0a6e8add3f10355ca154bae7f
e01_reference_b,e01,fit,reference,base,61307b3eddb4e85b7cdd7866da2b3beee7c5bf1289fa3023338aac19733ffc5a
e01_distractor_0,e01,fit,distractor,base,42eb7422462494fe53ded322d0550ee7392cfa3e1debdcd83c3bcfe7969cc5c5
e01_distractor_1,e01,fit,distractor,base,6d502780a9b4dbeae2b1aceb4f17d3f3f0181c16caa496b4f2d4ce7850605538
e01_distractor_2,e01,fit,distractor,base,ef077958c91de058b3047a052c53fcb61087937afe71ba6581d35993225ca7be
e01_distractor_3,e01,fit,distractor,base,b08ffaea444c5183c026a1b862574bfd7c0deb470497285f13ca04e0b43a2528
e01_distractor_4,e01,fit,distractor,base,f4f408adaa6ae12a19589ef7b2643757777f7091c3c66ea072c46fa6baa49084
e01_distractor_5,e01,fit,distractor,base,a202f0395b90d0d5742de4285a425e226f859590dfcc3d91c6eb709b99332862
e01_distractor_6,e01,fit,distractor,base,e192e4c761dab4c0da1180cde2da0697bc8c5d68c8e960bdea1b7d23b1eef913
e01_distractor_7,e01,fit,distractor,base,a7ebfd1b736512f07b6a143568d6688cca8dc3a6711c5a9a871726320db30122
e01_twin_a,e01,fit,twin,base,e2bec7d2605802b692d0966dc90a3b7dcaeffa7462b6f44b0f06b3db164c54f5
e01_query_a_exact,e01,fit,query,exact,3fc347f280ce8dbdcde14563c8fb2195851795c0a6e8add3f10355ca154bae7f
e01_query_a_transpose,e01,fit,query,transpose,30c491f031a616c8846518cc48a59ce525613026dc6035134042feb65269e627
e01_query_a_detune,e01,fit,query,detune,f6019ef997ee140b8d7394bb403490b79a4698e0f53f160a2a95c2e5d6851e6a
e01_query_a_timing,e01,fit,query,timing,d1b506935942bf020a500b44744317fc7499b4f74b395a5ac6eaa47a222a6673
e01_query_a_delete_rest,e01,fit,query,delete_rest,8cd3e2546865571a7451f065da26a54f40d7162820c41538979a777e78080571
e01_query_a_delete_closed,e01,fit,query,delete_closed,1b483338064199678f02314557f8d4cbe09ba4b960bd0e1ee334d65619127758
e01_query_a_delete_two,e01,fit,query,delete_two,8e3282c440dda2e3e09c745bb63a4a7cafaa5ed6a96953a0919a96de9feb5836
e01_query_a_substitute,e01,fit,query,substitute,c9aa3aed9f8bc69344532fcca3e9d405ac995dcaf5b118df8e4146c80e20613d
e01_query_a_insert,e01,fit,query,insert,c7ff717e3a10e0730b0ec6b1a163f12ee9ac692415999c0f209112abec895ae5
e01_query_a_delete_insert,e01,fit,query,delete_insert,a6b2f7f31f8611375274543c1f85da66abfcba4d2a000100cb54bb263cfa3c72
e01_query_a_weak_present,e01,fit,query,weak_present,da242dbf720b5faf424e2cd7f083766a5c566f8dc7f9a0368a89b8b3a23b8569
e01_query_a_mask_present,e01,fit,query,mask_present,0104a7978a5cf4482fbdf29137ae0e526c662db758828d1343ce620e3c0bf743
e01_query_a_mask_absent,e01,fit,query,mask_absent,27d0a6062be233ba01b78ad6bbea980cf16156e297dc1667255eda13c59e5e3f
e01_query_a_merged,e01,fit,query,merged,991bf784362ce91f8cdba6297a04301f28710bee8d412f5e9ef7723ea51e6a02
e01_query_a_legitimate_rest,e01,fit,query,legitimate_rest,81ed283200a56b0c513d6516e8de9f9a0faf9787f8a79a5b86b25a19b409469b
e01_query_a_delete_transpose,e01,fit,query,delete_transpose,8f6b624557fe04830166f603a497a8ea9c5eb626ec3fe7bd8bba5b4e90c580e9
e01_query_a_delete_timing,e01,fit,query,delete_timing,619194e455c7065d77b5040c7b67f7d6300df3c2826c003bacb64d5b91797597
e01_query_a_delete_detune,e01,fit,query,delete_detune,7aeaa0c8a3ac3347050fab698b0807c66537103d227efa9e3b0c51bbc1104780
e01_query_b_exact,e01,fit,query,exact,61307b3eddb4e85b7cdd7866da2b3beee7c5bf1289fa3023338aac19733ffc5a
e01_query_b_transpose,e01,fit,query,transpose,192ce2a7799bbd2b3cbed4d4e808b87f436fd5c8f30e2bbb4e7dc56209511c7e
e01_query_b_detune,e01,fit,query,detune,6da9900483764d15bf0ca6f7f996a06cb81594f98acdee24cf98ab97c2cef40a
e01_query_b_timing,e01,fit,query,timing,36821e214ab0e5cebdad459cab1049fc62b47c6d11d073ba738ac618eb96dc77
e01_query_b_delete_rest,e01,fit,query,delete_rest,da652541b827b86ef92998daa4f9d625890feac089b6f324979b8f9c412303a5
e01_query_b_delete_closed,e01,fit,query,delete_closed,b58ba0e16966a2383bdb5ce100ba95bc263cf3d1aa066a1b667a2071b49799bf
e01_query_b_delete_two,e01,fit,query,delete_two,e5a44f2b4cd4e9f4efc2bf0e5ee80def89380b3df3d09488e298e724963c9d08
e01_query_b_substitute,e01,fit,query,substitute,b87dda933ac8e4c8c46e3c091ac2f314448badf2a365af1e71aa4f873029db4e
e01_query_b_insert,e01,fit,query,insert,159bacf9c2ae48bda9c4cfdf5d5126771c87fd501728542a1a96924102f1da16
e01_query_b_delete_insert,e01,fit,query,delete_insert,fecb98cb4ae2074f79244e5b334e9fbac299c6735bbc080908132a324663b8d5
e01_query_b_weak_present,e01,fit,query,weak_present,d7566c85df08130237543b0e6e40c8948392b11352e9d30b94f24cb9ea29cea4
e01_query_b_mask_present,e01,fit,query,mask_present,05285191ee65abeec6d3b3fcabf92023201c71344819fcf353ead1d4a0c8f84c
e01_query_b_mask_absent,e01,fit,query,mask_absent,9b058d4d5379134bf209685656423937979f4057e6460d40336258ce4adaa5b5
e01_query_b_merged,e01,fit,query,merged,bfbca8449d0f7a3809e642ef554ce79d64865035740aa9d7a0dbc61049e6b265
e01_query_b_legitimate_rest,e01,fit,query,legitimate_rest,0d2e33053e4a7670652136adaad037edf0b6e1089bf09cf1e748275d556a9325
e01_query_b_delete_transpose,e01,fit,query,delete_transpose,a3deb479d7037dc28b005b02404a6b3e99c81a8dd8bee36b436c4dcadbed6bea
e01_query_b_delete_timing,e01,fit,query,delete_timing,2101bbc54c8fd93922bb9cc5c3755ef69d5e5db1ee45a5e0f6316e39af4c799a
e01_query_b_delete_detune,e01,fit,query,delete_detune,cdf863a7f9d2bacebace32ae5a80c00fd1be446d6953e1597b03e23520470c43
e02_reference_a,e02,fit,reference,base,34fcba2edd9813ca6fad70dc503c92d4b798af7c2372d01612352016ef1e390a
e02_reference_b,e02,fit,reference,base,d18f29d16d0cc73f6706ee34ce702ad6d9c39b9e9c12651732263af65743f4d5
e02_distractor_0,e02,fit,distractor,base,fb2d5f4446e9178e554d90755e2625901dd53272a77620c8f3f45d8f5e65b025
e02_distractor_1,e02,fit,distractor,base,d6d5f1ef850129f0cc602408d84e16658fae22547e1cf51fa20622bd7b377522
e02_distractor_2,e02,fit,distractor,base,81fe36bbbac202c050afbab0635c82377e80b579c45620a75408a8d58bc03330
e02_distractor_3,e02,fit,distractor,base,7e02bbcf1c573292e029e557ca5e4111f71e62524e0a93cd1f4e83b7bcba1e8e
e02_distractor_4,e02,fit,distractor,base,25ba1cb81738af9ae7cfc319714bedbeb88073e20b656e7781b468575349fe07
e02_distractor_5,e02,fit,distractor,base,eccdeea54f64862864e816d019d3ffee42714e0701fdfc3101b0f64f3cde6d06
e02_distractor_6,e02,fit,distractor,base,30bc4f68b404ead1ac439ca569a25c5009416d6c1bceaed1a2c4304fffa07d1b
e02_distractor_7,e02,fit,distractor,base,0352188796886c908d35fa1745c085a3fe86087d27ba2e1038132e68814c5c20
e02_twin_a,e02,fit,twin,base,eee1e3d95e21dddc85b7e21d29da0aec4d77c3c5fbd32222a5332cfc5c1453bd
e02_query_a_exact,e02,fit,query,exact,34fcba2edd9813ca6fad70dc503c92d4b798af7c2372d01612352016ef1e390a
e02_query_a_transpose,e02,fit,query,transpose,97b8a92e09c1530b8f686901c6f4a544fafdd4108e8eec43656775c10aa4e982
e02_query_a_detune,e02,fit,query,detune,b3c5b6dae902a0a7344f624dd52df5028a22fd6d7973f42534576545e877e015
e02_query_a_timing,e02,fit,query,timing,f26273393612c88dcab497117778560b07a993cbf3e418006359c43052aefaaa
e02_query_a_delete_rest,e02,fit,query,delete_rest,32f66a2b1129cd524f76bd628de1099162c0dfb4aa8cdd185941a4fef7608aaf
e02_query_a_delete_closed,e02,fit,query,delete_closed,6d44baf12a62998975cbc512dbf0c182cc595b14a7fe7c7ca64e08b8c6016827
e02_query_a_delete_two,e02,fit,query,delete_two,b7d95f37a0c29bed21da72be24165db7f559d3a287db3f6a6d1d416f0c7d062d
e02_query_a_substitute,e02,fit,query,substitute,0a1b4c10cdfbadd16dc54304eed5c796426fedb792cd5e15c1f1af7558b7f352
e02_query_a_insert,e02,fit,query,insert,11e77f4ec419059f59c7b97a835cec6c7b7b54723294a351f540346069374c2a
e02_query_a_delete_insert,e02,fit,query,delete_insert,3520a0bdcaf8c3ab30f34914f95d8ea3463093796abb9d634e62db9d0d75102e
e02_query_a_weak_present,e02,fit,query,weak_present,485ec67aedea3e7e8c0319aeffa26859373dd7be41956fe1ebe8b4d723145be7
e02_query_a_mask_present,e02,fit,query,mask_present,bb8536187fbb8c862ba675655cfd030bcbfbd0b880de379e80f61e2fd979504f
e02_query_a_mask_absent,e02,fit,query,mask_absent,a641fc0e9fdf421ed478d2efd5a007c1a3f7ff376693e6118d14f4626de2ece4
e02_query_a_merged,e02,fit,query,merged,1a27bcc348f0968f62ed7b492354f88137e4a8c762a07a099bea5eacbc47ec32
e02_query_a_legitimate_rest,e02,fit,query,legitimate_rest,1498b5e0478af2990110e5313084c366e5f7e63c98b8499d18a11d1d1260fcc0
e02_query_a_delete_transpose,e02,fit,query,delete_transpose,b68163265781eccb028b0bc10ce6ab911a3a1135cc77330b4a9ece30d7d16c10
e02_query_a_delete_timing,e02,fit,query,delete_timing,fb16e2e78293d4ac18815b9d0db547eb30c49755d7b310f69c0a5171a440f1c5
e02_query_a_delete_detune,e02,fit,query,delete_detune,07eef6eb5f81fbce52769f6f50dbac4f65c57d7f18b764f339dadd8d2561e00c
e02_query_b_exact,e02,fit,query,exact,d18f29d16d0cc73f6706ee34ce702ad6d9c39b9e9c12651732263af65743f4d5
e02_query_b_transpose,e02,fit,query,transpose,95255b240e7de37eacfef9642be3590577170f7c6887f2ee2bd1de03207f7b55
e02_query_b_detune,e02,fit,query,detune,b00f862385de8139824a275d21fa7b35875b2394dfe2bb3b914e90608457aafd
e02_query_b_timing,e02,fit,query,timing,a064cc3e827e7032714e9d7d61eb6bd01f9f73385d8c56a4b31cb7cf53e5a940
e02_query_b_delete_rest,e02,fit,query,delete_rest,8b1c03a1783601827c59e1473d374ef84522b4c984ce6b5edcdcbf9e0bb690f4
e02_query_b_delete_closed,e02,fit,query,delete_closed,3cf24ba2e3b4b75fbc3d94cfcb49b30ed60cfb5b8f3bdaf0a675fd7e6ef60841
e02_query_b_delete_two,e02,fit,query,delete_two,9d60998d26813d5da3339500fee9932bd40c8730368cd463b4bb6d5234f4d611
e02_query_b_substitute,e02,fit,query,substitute,45c25999c92795d7ace879f62f5cb7a3bab1693fe70b70076dd030f3d37b68a0
e02_query_b_insert,e02,fit,query,insert,339501b7e0f153193e0e8c0f7d808e5e60151311f045780fa9938e8fc217e6a1
e02_query_b_delete_insert,e02,fit,query,delete_insert,e540c914d5131eec6e51f724ad2ef3ee930b4ad7240105a73b780796e0b82578
e02_query_b_weak_present,e02,fit,query,weak_present,b78838f0fa72ef69975e91273a980ef2881141ea43b4841991362796bb645f7b
e02_query_b_mask_present,e02,fit,query,mask_present,156b7e8728e418b9f91592178bb6f6f44df1bb0c894edba1fc4199a9c9159578
e02_query_b_mask_absent,e02,fit,query,mask_absent,79c06a12c5e91a7fa87bbfe0fa50c69cd7c481f1f58afccfec7460c85b242a79
e02_query_b_merged,e02,fit,query,merged,0c119c391808728ba4034060ab6827836ce25b1a34ef3af4a7aaa901856d4880
e02_query_b_legitimate_rest,e02,fit,query,legitimate_rest,48ae1ca60a6113b17766700e266bf3627eebba3b3fe1438b13a379d79c3b4eb2
e02_query_b_delete_transpose,e02,fit,query,delete_transpose,41047b796a14671a5723ef08aa28c0a131c91f210e3d340c7537efe18cf0c1bf
e02_query_b_delete_timing,e02,fit,query,delete_timing,c68583d88f830ca5ce0aa132aa6b1bd4bdc559c42dd4ea0ec8031c0e12bec298
e02_query_b_delete_detune,e02,fit,query,delete_detune,d542ce41499fd0b48d9f82f48afb81c74defcce80f81478d8f11f16c74a1e902
e03_reference_a,e03,fit,reference,base,f140b5e83e8afcac9091baeea96cbf7a6b71acbe913373a22ba0b7bae3242185
e03_reference_b,e03,fit,reference,base,81f5b8a1804417e2956bf52cb636ef0d74220e3ea21f6dd5f652417311e867da
e03_distractor_0,e03,fit,distractor,base,40bb9f5bb33641777bacc5bebfa2ea861d246ab6b6b6fb34f4eec847a03d6aa2
e03_distractor_1,e03,fit,distractor,base,9dd608d97cafb18e6419def6de762efd6aa2314c42588b3c98907526c2003e3b
e03_distractor_2,e03,fit,distractor,base,fac301d52f8c94be23633ae14277ab97e7ef6f4a451231994acd5cba4506b111
e03_distractor_3,e03,fit,distractor,base,564bd462b1fd0a19b0ded14486b22e5b3fe7d4b1398b3a568539a06ca954f397
e03_distractor_4,e03,fit,distractor,base,19c6eb06d702ee98927f693af4bd498d6438d8f4a2bd6cdf507fedf728842580
e03_distractor_5,e03,fit,distractor,base,c65e4b7201ee9d42e9a34298b2b4826eaee00c0406f62c6a33fb19cab9e1598a
e03_distractor_6,e03,fit,distractor,base,f210dcef732346f06b1b20f50dcca037ff571ff49195e54aea7830ec0766c46a
e03_distractor_7,e03,fit,distractor,base,e4faec45e2ac54b07ff6d84b815e892b4170da0852627c4fcde4ac0fda7c15ba
e03_twin_a,e03,fit,twin,base,b256c7f7ab0e5b2a535b7b9ddbd405c1b369da3c3c1c0628fae3387fc2ec4d3c
e03_query_a_exact,e03,fit,query,exact,f140b5e83e8afcac9091baeea96cbf7a6b71acbe913373a22ba0b7bae3242185
e03_query_a_transpose,e03,fit,query,transpose,a48262f110d8885daa22da00d7a7b2b7b2b9ff90ed29842fee0df28b8062749c
e03_query_a_detune,e03,fit,query,detune,a0cde8b998b849b77384340c9d2e155e37546a7ec016d3029380de922c597f11
e03_query_a_timing,e03,fit,query,timing,6108173e161cf9879def49ca3174bae23616cf4325594e1d728f92bc53ca539e
e03_query_a_delete_rest,e03,fit,query,delete_rest,7c291a74138ade59037c9cd29e164dd5a00eb7295e8abb8e27f548e4a9ce4dba
e03_query_a_delete_closed,e03,fit,query,delete_closed,635f58f43d16001fbcef0a388493e0f3db22f627495013dcd42c989b2faa10f3
e03_query_a_delete_two,e03,fit,query,delete_two,9502cbd08b3b66d1bc52155147a2afb7d420d79cb9466cdbf8105dc2e1cc3c23
e03_query_a_substitute,e03,fit,query,substitute,6b66ba2ba4b9846efae873f367cb4254546d5e75334e93a2d31786adf8113ce9
e03_query_a_insert,e03,fit,query,insert,e1fe9cdbcf2923d16f94d8138eac31c48fcf0be4b6dba1596ecbbbeff0ed9e14
e03_query_a_delete_insert,e03,fit,query,delete_insert,49c094a9c405ab360a3c0eade37e03b1890e3c95bb5bf00cc5b1e27393780d1a
e03_query_a_weak_present,e03,fit,query,weak_present,c210d8e36239fb218323653ae0e0e596e402af03e781894f84a7452634998488
e03_query_a_mask_present,e03,fit,query,mask_present,ec3d3fe6518478e179095b50c3edf2c6cfc55c8bb633039214fe45c77bde5835
e03_query_a_mask_absent,e03,fit,query,mask_absent,a5b5040aae688e5eef9df4f68b17042c4bb42bdd5eba4fc9dd719dc9c8659634
e03_query_a_merged,e03,fit,query,merged,af50a1f69d1bc5599b08f69d453e9e0d4ddb02e67cb0070e82e8b6f26994d510
e03_query_a_legitimate_rest,e03,fit,query,legitimate_rest,0b333258deb861b52dbc9d3b5d580b502247d80e573727e915ec82112fde01e6
e03_query_a_delete_transpose,e03,fit,query,delete_transpose,f5d86220e3376da650c4539456ae842d3be9f3daaa874f60a57d84f2197e73f6
e03_query_a_delete_timing,e03,fit,query,delete_timing,6360f2061afd23fc543b6d2dd2487203bb3db72708774a498a2ef5b1e48050c6
e03_query_a_delete_detune,e03,fit,query,delete_detune,1aea662267d4bd4bb5de112f2efef1149405b347fa269db4bba4b850b62a41c8
e03_query_b_exact,e03,fit,query,exact,81f5b8a1804417e2956bf52cb636ef0d74220e3ea21f6dd5f652417311e867da
e03_query_b_transpose,e03,fit,query,transpose,e19d1843fa3d19e10bb599b226f6c3f64cabd8f3f5d0db8945f254d2dc1f4a6e
e03_query_b_detune,e03,fit,query,detune,6ecff9c6775a83d51620ac1cdcd7e24358d347a2d3b78bb4f0915a620b17de08
e03_query_b_timing,e03,fit,query,timing,5da821a11d3e8ed7495fa94ca09144b603837537fe32deb9ad00cf7e1668432e
e03_query_b_delete_rest,e03,fit,query,delete_rest,d62700e3cbfa08e90d8d288187e91ff9caa682253e06a97ef48afb8c89180dd3
e03_query_b_delete_closed,e03,fit,query,delete_closed,e22626e0396995d679bdd24f09df297a846d2ecf22580e8b5f49606ff7c73d7c
e03_query_b_delete_two,e03,fit,query,delete_two,ac33e14910c40b966e9a19d7cfae8e13a4350e362b6bf22c6ef48c8e616ef718
e03_query_b_substitute,e03,fit,query,substitute,15ad14bc85ed41ba1a3a0d29e52dea1faf143ce9b4060157a5adf2350756760b
e03_query_b_insert,e03,fit,query,insert,857dfdd2f5dbd5679a38b3ab6024fa0cbaada324b2336dfad7eaaa83a97855ae
e03_query_b_delete_insert,e03,fit,query,delete_insert,98cf6e2705f179a9daa3f5013273753de85b24048639c5ab985e176b53492c76
e03_query_b_weak_present,e03,fit,query,weak_present,fa7a97911b58ddb219d2acf3dd1db68f5d695063fabe819311dc3c131f6fc28d
e03_query_b_mask_present,e03,fit,query,mask_present,6854af6c5743d6d3eae64a336c55e782941f3f313134fd47050ae9237b68dca1
e03_query_b_mask_absent,e03,fit,query,mask_absent,6cf9078d7e2b5aad326a558f67c4e047c1610185c0715e120f4b6afccad3f795
e03_query_b_merged,e03,fit,query,merged,9e37b9b57fced848c6a2d147f8b6c89230f772f66b4cbdb324fb15f21b73ce59
e03_query_b_legitimate_rest,e03,fit,query,legitimate_rest,0acaf5c17be4123f3106f1ec0398a4cacb6fedd5994ae660556aa8ee32abf1dd
e03_query_b_delete_transpose,e03,fit,query,delete_transpose,508b11c15a5f5d2fe2193ec176a818620cca91899e6fddd683bd97334bb7bd1e
e03_query_b_delete_timing,e03,fit,query,delete_timing,a0f16ef51877795d15b7e29de29f67e3094c186c2220a2ba5c6192af8e142679
e03_query_b_delete_detune,e03,fit,query,delete_detune,6c89e42781f5e10801736c0a75281f23b436f587fee9a323449cc070bc7e386d
e04_reference_a,e04,calibration,reference,base,4b7cd9ed31379ded4e075f78952af13c2fd7ad4f93d8ae47a0fe087eacb1748e
e04_reference_b,e04,calibration,reference,base,749d961d6a1a412d9490d666c2e2a86649639bd96f1f281a7aa518a113966d85
e04_distractor_0,e04,calibration,distractor,base,f64a61964590679899e75505dfc0488043beccced50bf57907ff3781d4475a99
e04_distractor_1,e04,calibration,distractor,base,2d877300087380189bb234dd8868850c4777e794a5aef904d036170599f20d9f
e04_distractor_2,e04,calibration,distractor,base,9178dad27b858086b2d6d35c5e0a22448723de6c9d7afc43eed684f4b63816c4
e04_distractor_3,e04,calibration,distractor,base,209e4f7b944d4d6de1c0f2622a399ec67be8700e9913afe5f0c67886eb004ed2
e04_distractor_4,e04,calibration,distractor,base,053c17a3afbaa6f9ac4a753c3e942a29dccd710a228f80488cd9eb65970de326
e04_distractor_5,e04,calibration,distractor,base,aefb24023deda252c9248cda1fb2e172ad2ba42c0b0fb89d5f35e31dd17a5fb9
e04_distractor_6,e04,calibration,distractor,base,232bcaf2d73044e9f4cead7541269cbeb6e2510caa775cb01ea74866f3d40066
e04_distractor_7,e04,calibration,distractor,base,c0abc802c61fbb1c3128c6842530c14824f194a5a0404465ea4e1563c46bbfa5
e04_twin_a,e04,calibration,twin,base,45a1338b0f01e29417c7f8a10ed66d30690b9a5b2bad535da94cef286c55e3c4
e04_query_a_exact,e04,calibration,query,exact,4b7cd9ed31379ded4e075f78952af13c2fd7ad4f93d8ae47a0fe087eacb1748e
e04_query_a_transpose,e04,calibration,query,transpose,defb36e790aa34ff5b6f9c2e0cf071335c053e9133fb366c9f36afb4280c77e5
e04_query_a_detune,e04,calibration,query,detune,87d4540e310fd6b42818a1ce385883dea796d0bdabc83cf604282ddd0edce969
e04_query_a_timing,e04,calibration,query,timing,bb19755b5d29112ba44f0ec55d81aff527089060b336aaa6ab0caa409cf9ce7a
e04_query_a_delete_rest,e04,calibration,query,delete_rest,204fc3f64676e471f839e170d8c3be6fcf1b1a22489ae793b50d58ef5b0afcaa
e04_query_a_delete_closed,e04,calibration,query,delete_closed,228f1f295b4cd77b468f630354d9a2da8b591693873847ad721430c84f257237
e04_query_a_delete_two,e04,calibration,query,delete_two,94e95e9d46d4e435e2723e86b351501de0348e55524c3105b9dc71a9dfc55abe
e04_query_a_substitute,e04,calibration,query,substitute,a75d74495f6e98322d82d9de38eb274e06b0a532bf519424791812ce9225d12d
e04_query_a_insert,e04,calibration,query,insert,5198d5c302c94f107162e9d36929b5592f621c32439d533d46fdd7986cd05614
e04_query_a_delete_insert,e04,calibration,query,delete_insert,daa88f0aa47857f31b5ac9db1f0d6df829370ceba111bee6280e7d155d75b822
e04_query_a_weak_present,e04,calibration,query,weak_present,524431f9118de0dd57245bd3d65cff345f908c452f12678ae3de2dae5655a217
e04_query_a_mask_present,e04,calibration,query,mask_present,6fc7c2baef01ab3acf247e10b3fe0b0a0dd6f546107d4cec38db5755ac473011
e04_query_a_mask_absent,e04,calibration,query,mask_absent,7c03ba3702c70b9df3c9cf24c59cb2874158a1be5dff00328a6320d48236ad05
e04_query_a_merged,e04,calibration,query,merged,5ad046b96645f669a2be074d4e4f0a885be5a518fbe3b668ea0c47b1de4a6686
e04_query_a_legitimate_rest,e04,calibration,query,legitimate_rest,ed286fbaf896bff6126e388c0d273edf6eed7c125be5c545d19865e344996de4
e04_query_a_delete_transpose,e04,calibration,query,delete_transpose,31c0b48da0248fe1b2e45aef5189adcb8f8ff220f986d9573fdd3e70e48cb8b1
e04_query_a_delete_timing,e04,calibration,query,delete_timing,692e4a69b0303aa04ec4f330e4d0ba352972035bc28ee5fdbe5a1c416ff2972e
e04_query_a_delete_detune,e04,calibration,query,delete_detune,1c83ffe7a1e9d0a2f95bef118d02865cc1bf3a12abfe4f6cf7551a0c58791cfe
e04_query_b_exact,e04,calibration,query,exact,749d961d6a1a412d9490d666c2e2a86649639bd96f1f281a7aa518a113966d85
e04_query_b_transpose,e04,calibration,query,transpose,673d096993b4b5a4bb127e3ae4fdb0436c4a51925022d95da37906b760e35784
e04_query_b_detune,e04,calibration,query,detune,52d14ba28d0385a6bb96d6ea550e05dcb9b628d82dd5bf94afd14a93ddb8e72d
e04_query_b_timing,e04,calibration,query,timing,57b838bb3e0613303cf932baee4b2df1e86b144d2fcc4466303c63342f166aae
e04_query_b_delete_rest,e04,calibration,query,delete_rest,604968d480d5be0a12d45903c711372bf507d0bd82ee398b3428400f317e98b7
e04_query_b_delete_closed,e04,calibration,query,delete_closed,849a2e155cbc35b87e71bf43b9c9e2f7e3b275d8e33bd29f19df0cebc8d9efda
e04_query_b_delete_two,e04,calibration,query,delete_two,d34b0479057ca37cbdad0c95ebc4820c704b6a1dbb93cdc90185c6a93617f097
e04_query_b_substitute,e04,calibration,query,substitute,719b6b9187de8d31d4397f0035fdc0b695c5e63bf37b288aea93cc0beed45fa0
e04_query_b_insert,e04,calibration,query,insert,f1059f8e0eb60a209aca15012634794f1d0d9b59d1e4ea6de4c89da033ed97b8
e04_query_b_delete_insert,e04,calibration,query,delete_insert,8ca346ca16d061e808da4142560611f2a06cfa7d6b80212219484b360b2f086a
e04_query_b_weak_present,e04,calibration,query,weak_present,7bc7fb1e27d31075448a4374e3a4450b5861f064442638deb395af4c3faa3ccb
e04_query_b_mask_present,e04,calibration,query,mask_present,6b0ac4c4a4afdc1baa5038c303dc44aa61f41746a707f170cda386d8a20d63c5
e04_query_b_mask_absent,e04,calibration,query,mask_absent,940a45ef49685a9408354acf5e9d59ee09f3147411d977ce48a48ca3d0e55901
e04_query_b_merged,e04,calibration,query,merged,ae8df855270666491a1eec77614607db42a7190fe21e6b3be6e7b6bba330b2f1
e04_query_b_legitimate_rest,e04,calibration,query,legitimate_rest,386830277d15aa3105cbe8b53572bdd3e851817d937c85ddaba57d031dd97335
e04_query_b_delete_transpose,e04,calibration,query,delete_transpose,704405079affbcdd8ce294a5003da9943d8d30f2226679c5f6c433924784496e
e04_query_b_delete_timing,e04,calibration,query,delete_timing,c56d09d294f6983dc2b4f218ab81cb14045e8872200e099ace7eb5605aa65b5c
e04_query_b_delete_detune,e04,calibration,query,delete_detune,7946a4b787f18a7e7c0c512b3ed89615131bdfd481ed67e86138ab043f1eee50
e05_reference_a,e05,calibration,reference,base,aeafedfc4d0fbaea4b9ecd22fe24c0bf397e883cecf52105c79bdff5e4183587
e05_reference_b,e05,calibration,reference,base,a58a477e39e6b4aa4e571ded486132d5fb87cbf3ed21d5ce74ede739aece8094
e05_distractor_0,e05,calibration,distractor,base,ae53350e978c9d253f95e716a5e9cd07cdd83f231ec0f50d7f92f2ae495c87f8
e05_distractor_1,e05,calibration,distractor,base,a4ac65e692ad4c453538951ab9c84a0074271fa240ca89fab027c1e7930e5eac
e05_distractor_2,e05,calibration,distractor,base,0b59f1ee39acbfbae84ad9f6034e495ca0ec9ebbb9c562f8863c8b241ef050a0
e05_distractor_3,e05,calibration,distractor,base,a3eb70a718fe824f7cab0a11c0a672e0608229319c099570ecf3e7c604129021
e05_distractor_4,e05,calibration,distractor,base,74e50d30a6ec8c3186cfde4b59a91161fc3f8622da853dd8b0237dc88723a441
e05_distractor_5,e05,calibration,distractor,base,22fe4e657e7270de56c18e4b7a1c2653f391d2c7a64331d4cd014fba4f516b91
e05_distractor_6,e05,calibration,distractor,base,a07c8a2a47f3d85cac1b74edae12e9936855744b4ffb7c44bcef5189b171a399
e05_distractor_7,e05,calibration,distractor,base,9227d5b7c16a025b5a07ee8ca255f21909fecbac3071ad5ac7d006ee88427210
e05_twin_a,e05,calibration,twin,base,df743eb99fb4fc9366128d8b49570d0f6868b709d2ebf73fb384d43c41950eb0
e05_query_a_exact,e05,calibration,query,exact,aeafedfc4d0fbaea4b9ecd22fe24c0bf397e883cecf52105c79bdff5e4183587
e05_query_a_transpose,e05,calibration,query,transpose,f581fac7ff4e0a6ea0508e24d6cfebd8efe6efbdb275e62710833ffc36b6fef5
e05_query_a_detune,e05,calibration,query,detune,c9d92973dd8cfbc5325967803f9bb0109ddd9da2cb8318ed346d418436d693ae
e05_query_a_timing,e05,calibration,query,timing,87f3a5d7d9e9e09e13a07f5aa9a34c0e74d15cb07e953d3c2f50ebd4ee75a835
e05_query_a_delete_rest,e05,calibration,query,delete_rest,f8b658444afbe2884b1abf4a67ba69fe54acb292cfdf1719b3095ab0f6cbc395
e05_query_a_delete_closed,e05,calibration,query,delete_closed,96a2d5167bbd782b94d836c0449a5a39bc6601a3a379217b940d7bccbc43e731
e05_query_a_delete_two,e05,calibration,query,delete_two,fce3d8bf0d0fc86808d39bd481f04e2a823bd71a212f5775bb15de6711e494bc
e05_query_a_substitute,e05,calibration,query,substitute,24341b19aaef034ff808feae4c19e1318ec7d06d7d04e8420ce6014da9bbb1b9
e05_query_a_insert,e05,calibration,query,insert,6eeb705e687301c8cd684967944f34566e98fa706f9d77b2b6b8766682ef047f
e05_query_a_delete_insert,e05,calibration,query,delete_insert,f6146f939353186de1a46750ea446e0e6b5e877c97fd22fe3be9fdd873a3c1ef
e05_query_a_weak_present,e05,calibration,query,weak_present,f26a282bd445be067dceca00436406db0c5f0b5a66e7bd965e3800d99ae68910
e05_query_a_mask_present,e05,calibration,query,mask_present,d3bd69861b8e03549a354d5ef14fb0a37274d98459c9587e3b2b2777f78c631e
e05_query_a_mask_absent,e05,calibration,query,mask_absent,3065f4f6049b616bccf025379b1ab70e7a941c02056d68f0b806e9fc11b13fb5
e05_query_a_merged,e05,calibration,query,merged,537274a662f70545fac74673cbd814a4578bc9de70cd3392a105af06797f6be1
e05_query_a_legitimate_rest,e05,calibration,query,legitimate_rest,2b9c26d0515f86eda3fe621daa7ff9a2263dc3ee080362d3c4925b9ae9deef9b
e05_query_a_delete_transpose,e05,calibration,query,delete_transpose,5661168846ff109584cac7e1f7034cec720393b7cebfb3224eb58d3894e50866
e05_query_a_delete_timing,e05,calibration,query,delete_timing,d575585b9c239585c227e82e35414f3f794d9bad3c6f9914c2827db02ce092bd
e05_query_a_delete_detune,e05,calibration,query,delete_detune,7804821547081d765545772a19fd5a543e964400dcffdb3eb7f35443d4df80a4
e05_query_b_exact,e05,calibration,query,exact,a58a477e39e6b4aa4e571ded486132d5fb87cbf3ed21d5ce74ede739aece8094
e05_query_b_transpose,e05,calibration,query,transpose,4bfee5b1cc4011b8a6b71b83b619cc2db2989a17b6a5c73dde581342c0cee31e
e05_query_b_detune,e05,calibration,query,detune,8ddddccf149cd48d6285c8cd82d7f20c2cea6afed21373f2472c515500997f3a
e05_query_b_timing,e05,calibration,query,timing,80637b8cb92b6a1323c1b8f3669796b0a8054ced7a5ede6a92716787f2726cf9
e05_query_b_delete_rest,e05,calibration,query,delete_rest,7d6e11ca4b7008102a8e576b357fbb146e96b795fde9f98539c74a80a331cddb
e05_query_b_delete_closed,e05,calibration,query,delete_closed,27233ded2b5555bbdd776d99d7ae3a5783b2890d5ad059d0e156dd4f92b41064
e05_query_b_delete_two,e05,calibration,query,delete_two,aaf07d45edfb13da994e226a9cdb5ded205650c90742da5da5d0a6795a49b0b2
e05_query_b_substitute,e05,calibration,query,substitute,c1869375ca63b6d80f5631986cb6835d60eff2e94af1e6b8f4db1c7e845a622e
e05_query_b_insert,e05,calibration,query,insert,92c8ecf475402b6884f74f990dd6399ca55200c089f755a3cd1484616ab65cf5
e05_query_b_delete_insert,e05,calibration,query,delete_insert,215efa7a5c669800268959520d572bdd0a34f55b65222b43b7b903b02901ae8d
e05_query_b_weak_present,e05,calibration,query,weak_present,5a41321f8c3710498c90cca659c612d674b04709f09460b28af6a9f27493d523
e05_query_b_mask_present,e05,calibration,query,mask_present,b30a3f2db8f4c8c5f0329beb116a9f111049102181e5d745cb2c461601d776a1
e05_query_b_mask_absent,e05,calibration,query,mask_absent,58b18a16ca61ac00863b8d46c262796200dd15222b94c309622827f05f83d51a
e05_query_b_merged,e05,calibration,query,merged,1f43f6f3ea77f81fcaf464535d7fd5c32bd442885d28cc30db99ce76dc9d4a9e
e05_query_b_legitimate_rest,e05,calibration,query,legitimate_rest,aa155794328f12fd9bcddb2433098cc59339349687440aeab14b55d41925e220
e05_query_b_delete_transpose,e05,calibration,query,delete_transpose,750af7dffa1db44e3ac957211093fb0041e77db8d9cdd8eabc0c2e3649f00a50
e05_query_b_delete_timing,e05,calibration,query,delete_timing,96889fad134931869d8ccd38485644072b3002ce43cb3e5f7e8d1ed2c2ca9ada
e05_query_b_delete_detune,e05,calibration,query,delete_detune,f7896653478b39c2603dd8afe53bee3b2229116335fee261717d684d14e33bd2
e06_reference_a,e06,calibration,reference,base,d6fd15f7bd2159b68845c450940019932043bd2674bd62d0de107974f581f871
e06_reference_b,e06,calibration,reference,base,1d28f2619b95e6fbc98752721cb55ce2f987663b1745f1137d5459dd3bbdb3a8
e06_distractor_0,e06,calibration,distractor,base,bb3df54b44f1a0bcdfc792933d9b3b8e065f4be31dea59ee744146e1f5ae529e
e06_distractor_1,e06,calibration,distractor,base,4882ad4f6e7732512743076e5a324c4f00a0b5dddc1af685256103575bc948c9
e06_distractor_2,e06,calibration,distractor,base,4fb3ade52a508ab161c777e1f7761ddec345c429b74ea97232d35d06321c06db
e06_distractor_3,e06,calibration,distractor,base,383d399b3276193691e5a4ff3a1a4c8ed7738c5ce0bcec688bd6f04796a8d164
e06_distractor_4,e06,calibration,distractor,base,4d544c3ea99041805663b74d560802f756cd7a49aa9e5a64192e6bb1bd885cde
e06_distractor_5,e06,calibration,distractor,base,1b62e792512cc6dfd30d22612378dc2e4deab9f3bd726bd6a83960c2d90b4a39
e06_distractor_6,e06,calibration,distractor,base,d8b87f45b544f99d76920d51618ffd805b53f4a5e073ab9ed0941f0d0d0c15b1
e06_distractor_7,e06,calibration,distractor,base,5dcc17a0c1852135aaee2abafe2513d7af19d94a0d89271ffc12de4e62963da3
e06_twin_a,e06,calibration,twin,base,e9d307faa4e49a181007cf97a8e46ab3a0fdd4fb8534cd3a1ffa81a343defc7c
e06_query_a_exact,e06,calibration,query,exact,d6fd15f7bd2159b68845c450940019932043bd2674bd62d0de107974f581f871
e06_query_a_transpose,e06,calibration,query,transpose,ff0a8dc3d1296221eb86737ac73aa94979375ed5887fa880e3da85aa1801b084
e06_query_a_detune,e06,calibration,query,detune,be37753698f7df7c82a2a47663454a442b17b395a5c99be4ef1e72cccfecbbe6
e06_query_a_timing,e06,calibration,query,timing,84d9191d11954217b169124ff395b2ecd0125ee015b00044972c2a65dd104ccf
e06_query_a_delete_rest,e06,calibration,query,delete_rest,06372abaeed1e6b295e2015210645d2780327467aacffccbb1a8188faaf55249
e06_query_a_delete_closed,e06,calibration,query,delete_closed,e0e823c7da9e8fc735873eef40d02c7e2b18c7ae0edabae55fde5f775647aa8a
e06_query_a_delete_two,e06,calibration,query,delete_two,012094b40ff6deb844a69f0d63b0be38c1cbd70efd1a7106071d4197d436142a
e06_query_a_substitute,e06,calibration,query,substitute,10f585acb56a8fe48d7d328bb123dc6deaaf170ebff885e1ecd30901b82e9c53
e06_query_a_insert,e06,calibration,query,insert,111bb42870aab570de7943df3caee9eb703c5c885972e7913e9c64285bc6b7b0
e06_query_a_delete_insert,e06,calibration,query,delete_insert,29114f1c06670c1597be3737344d7c766ffa81307deb40b4bf1a7e224ba01f9b
e06_query_a_weak_present,e06,calibration,query,weak_present,cd4b7929ce7fedd1d00bb8fb76b1caad19a65fd094cc1a68a285ec2b03797b5a
e06_query_a_mask_present,e06,calibration,query,mask_present,413c8efa8ee285895012d6191d5b2611ee516ae97d7555ebfbd36e75502e9b17
e06_query_a_mask_absent,e06,calibration,query,mask_absent,fda068f33c4f6386792ee83b2d5e89432e3aa7eedcf8e356df62676963e5c8c7
e06_query_a_merged,e06,calibration,query,merged,bdf61d228e4b158f4ade29a0bb67a7200c06a110198653b536de142e2f27e3a2
e06_query_a_legitimate_rest,e06,calibration,query,legitimate_rest,a5d0d8f0f0e4f821e59e4da48cf7ee54690a499771d879b767434287fd9ff678
e06_query_a_delete_transpose,e06,calibration,query,delete_transpose,24cba1e9d833bacbd4538886a747ae927deee0f834e91261776634a7448e9c75
e06_query_a_delete_timing,e06,calibration,query,delete_timing,f8a0fa3de561077ddd4990ee1a09a33ba08063770e570bf28fd421384e2efb06
e06_query_a_delete_detune,e06,calibration,query,delete_detune,9b5566e9d267cb46d31922a12105d46d25d014ad182fb38f87a6a41a8de00e4f
e06_query_b_exact,e06,calibration,query,exact,1d28f2619b95e6fbc98752721cb55ce2f987663b1745f1137d5459dd3bbdb3a8
e06_query_b_transpose,e06,calibration,query,transpose,ec3d86869b9bb1efa1adfe810aaa063262a40eb5f3e596b2143fdd207c06c5c6
e06_query_b_detune,e06,calibration,query,detune,411f16e9622bfb73ff177a0099236601554f76da9fa97c93297f15fd80f28abd
e06_query_b_timing,e06,calibration,query,timing,e89366fbdf9849ec903dc98c21b310b1b2c86d347962ac8c869aac7bc673992f
e06_query_b_delete_rest,e06,calibration,query,delete_rest,0fd384a7ed96574f1b40afbcdf5ba59bce2f9223add21f89c3e317c64cba4b12
e06_query_b_delete_closed,e06,calibration,query,delete_closed,5a6fdc68031c2069b5a54780f7483a17c2d36eeb9ef36c5c605274e281a8c539
e06_query_b_delete_two,e06,calibration,query,delete_two,4cad849ae22891a5519cc97a0ecae4ba1b8717405f86b27df461057267226c04
e06_query_b_substitute,e06,calibration,query,substitute,00b49c78b7f9df9e80a798acc91006815c0610bb8e5d0c8d1dc2be0b246bbcfa
e06_query_b_insert,e06,calibration,query,insert,c850ce10d695b133cf33fbe2ae0962a68b9b84842ed67f3244a1bd172d23cfb2
e06_query_b_delete_insert,e06,calibration,query,delete_insert,1d55f8e8ce4f738512e8587f4b35ed53b8af6eb41ac46634e3f7411bd3877759
e06_query_b_weak_present,e06,calibration,query,weak_present,eb17855d9e8386937c9823319787fb7f22023ef00000800558644298e3cf11d2
e06_query_b_mask_present,e06,calibration,query,mask_present,ba774b8ee589b13aed3f97c6863c1f4257be245e9221ac751dfbe9ebaf2abd0e
e06_query_b_mask_absent,e06,calibration,query,mask_absent,3e791f61728aa2a346e04e1833a3b756ea2e36bb796d265d66a5070273a0e8a6
e06_query_b_merged,e06,calibration,query,merged,51f41d9c5b6f5054f8d7a70c10c3cf9fbde0c91fed7a7dc1d8477a8937e33cac
e06_query_b_legitimate_rest,e06,calibration,query,legitimate_rest,1d3b526829180c7a59948e3d32b594a8bb6f547c49b5f151ebb3e331e44bd7dc
e06_query_b_delete_transpose,e06,calibration,query,delete_transpose,a5385445f2cdf733843d989883eeb4c8996750453efdfe89b4c9fbbcdc1bd47b
e06_query_b_delete_timing,e06,calibration,query,delete_timing,1de7558d6a23aea0499dc1c2d92bf4ae2af13296f522c37a32edf91b606a8bfa
e06_query_b_delete_detune,e06,calibration,query,delete_detune,a9378f2fc8d4fc53544324b8009d99ed4344cbcf860c9bdeba971ea9a1b64ae8
e07_reference_a,e07,calibration,reference,base,073e74bc03b1e631fde65928b737c2a478f10743c4db3311f80a47fbf92a321b
e07_reference_b,e07,calibration,reference,base,eb30dca85fdd11a81ac214149ab34ed4f152aa38d57ff06c8273eb2b3316e049
e07_distractor_0,e07,calibration,distractor,base,b2883d648c39555567c83273bbb2509593edc87469f844a4e0ccc12f20594045
e07_distractor_1,e07,calibration,distractor,base,69619986ccf6c2bb313fc3e4fa918be9c5c1ae78783cbef5c53a78dbea75b5ad
e07_distractor_2,e07,calibration,distractor,base,9def5b0f47097b84989f8c3883aca1183438410b0bb4a656e2d7d7a71f0f0916
e07_distractor_3,e07,calibration,distractor,base,f14b88e39b4fb9c7b6fc28312f7250985854dbdf500ccc30cba6fbcec9c46d62
e07_distractor_4,e07,calibration,distractor,base,6ac844bc5442bba3d1fa412a9fd40f19914d186c9200fd79cf91a20ec66123d8
e07_distractor_5,e07,calibration,distractor,base,646152f37b50e60f1fd25a4c43889d236c98a72cbfdd35f07ee719c53c3bf140
e07_distractor_6,e07,calibration,distractor,base,b4a2f7d1d441c81a65e79932fd3b03a562014c1e1cdf1c456ae0b2662c4cc25a
e07_distractor_7,e07,calibration,distractor,base,07e5f824102ee7ce37e2eba3202ce6feb8a8e9a81d337382d0f88704bfaad964
e07_twin_a,e07,calibration,twin,base,14082cbe0e598db076a42acb7702238b8d6c49581218f92f184ea9a1b6ff0b7c
e07_query_a_exact,e07,calibration,query,exact,073e74bc03b1e631fde65928b737c2a478f10743c4db3311f80a47fbf92a321b
e07_query_a_transpose,e07,calibration,query,transpose,f9649569b6f0b98ab0c01fd831f90286f0b74bdd5bc3c9586825d65ec841b5ca
e07_query_a_detune,e07,calibration,query,detune,0778f9a83d90ca9f726c6217c49435040af84cf20bf638fe9b299c907ca746d2
e07_query_a_timing,e07,calibration,query,timing,bdae9c8a4f79ba4392a590a22466ea2887b323a8b223cb8e10c2b6f3f23c0dfa
e07_query_a_delete_rest,e07,calibration,query,delete_rest,c8db290948d757374dec6f0c0b39507449735f96825493c4ca8bc4e9f34939bc
e07_query_a_delete_closed,e07,calibration,query,delete_closed,2f3b3074852024baef3f38d38dfdc8534c580e9bf5a13ea3fbcc59338e15fd94
e07_query_a_delete_two,e07,calibration,query,delete_two,65a4e95543f86e48599862aceee68dc2d6769b748be301e1c237875af266adfc
e07_query_a_substitute,e07,calibration,query,substitute,138ac0549ef0c0f5ee2c324d6e54ecde6f02c95220edb159297f3fef1dd057e5
e07_query_a_insert,e07,calibration,query,insert,2851fa02da4467a06d2e27e1b358621bbe19820a1d3aa2cd66cb5f2d74fed8b9
e07_query_a_delete_insert,e07,calibration,query,delete_insert,8abf81cfad776e4f0d8aac58e791095cc4ec4bddf82e252a9070f7accd358a6c
e07_query_a_weak_present,e07,calibration,query,weak_present,27d7797183cbaeb90b45bf4929f79eebedc1b09c8c42dc36598125de8ef0ac32
e07_query_a_mask_present,e07,calibration,query,mask_present,2323bd6ca6d3250c8721a013e43b246f7250827cfa9017824325244a9d7451dc
e07_query_a_mask_absent,e07,calibration,query,mask_absent,5aa73eccf10b58115d97c3d6ca4709b42f95aaa3f12b975726731b0b946fd115
e07_query_a_merged,e07,calibration,query,merged,8343bda35dbab3ddd9c66ccad24dab4c5a8f1c8d9cfac1f5156b1e7596c47b9d
e07_query_a_legitimate_rest,e07,calibration,query,legitimate_rest,422aa6675eea235f87e72e13bb295d93f7f9f36aa4e53067b6b2f8ed7959fa90
e07_query_a_delete_transpose,e07,calibration,query,delete_transpose,7629df701a9bd63850751adec57928edceebb329d82adb418f8529b73ed756ff
e07_query_a_delete_timing,e07,calibration,query,delete_timing,18f334fe7f41feabd91b56da1b3284eb7328df9498b2867ddd537b1fed1b67eb
e07_query_a_delete_detune,e07,calibration,query,delete_detune,383e137baa600e83f8b93222e812a351347f001a3d822c99c2c37684e61cc5d6
e07_query_b_exact,e07,calibration,query,exact,eb30dca85fdd11a81ac214149ab34ed4f152aa38d57ff06c8273eb2b3316e049
e07_query_b_transpose,e07,calibration,query,transpose,7bde2e0bbfbdd88f000fcacd8223183dfb4a4c6b37254027784616c33eea0beb
e07_query_b_detune,e07,calibration,query,detune,ff571d230d2567340ead202c4c0fe1e7f1f67c3df97d95c285d1c3187b4881f4
e07_query_b_timing,e07,calibration,query,timing,35524176185121cd991556fe5229533b408cc1754f26fdf45fc3e34a440d0238
e07_query_b_delete_rest,e07,calibration,query,delete_rest,a7a0541cbd139e9c181edb116607cf6589ba15e2df8c33d51d2d4f06f099377a
e07_query_b_delete_closed,e07,calibration,query,delete_closed,2b528b7a9b410e7b877a786d95d52f590af326fd50f86a210ffcaa218b868491
e07_query_b_delete_two,e07,calibration,query,delete_two,74675b4c76266d33c1c540259c3cfbe1d6f5352f97af19a7dd508adcd7f35a73
e07_query_b_substitute,e07,calibration,query,substitute,7d6f497a3cb54bdd62782caa3c63c5ddd6a8a770859c5c082e73c59b69fc5bf2
e07_query_b_insert,e07,calibration,query,insert,97cfdf93389514755a365744a9bb4a5d04909063dd89d964e8ee482aef0c6fe6
e07_query_b_delete_insert,e07,calibration,query,delete_insert,a8bca5e89672083a2aae1c6e8d02f361e74ffc37d0490cd3bebae28fe38b34e0
e07_query_b_weak_present,e07,calibration,query,weak_present,1c66f3100376206411b80fbc94eaa514ceb41d151bc7e4500749a7f2bbfce6e2
e07_query_b_mask_present,e07,calibration,query,mask_present,643ec683c488a32ee4747d35bdd1574f5e73efcc9a45aff0e236d00e40595b7d
e07_query_b_mask_absent,e07,calibration,query,mask_absent,fcc72977b44e40d6a2fbbf7cd5e859c9fc9420d11de4afa51f76d3a3a5a5f563
e07_query_b_merged,e07,calibration,query,merged,9459fce5c263b2f0417361bd6f495d73fe5062166c129bf10bc74f5056d06a6c
e07_query_b_legitimate_rest,e07,calibration,query,legitimate_rest,31564d9eaf7465eaf5306251dbd359b2dfb4be6df802127c6ce07e184cb16dcc
e07_query_b_delete_transpose,e07,calibration,query,delete_transpose,35a09d21dfe332e1bcdb27a120d047c802ac034e957022f68d9dce57dc909046
e07_query_b_delete_timing,e07,calibration,query,delete_timing,622597b3c2b7d62d7cc02677900032cec45640f0c6b9ee793a9c5d7fd395902c
e07_query_b_delete_detune,e07,calibration,query,delete_detune,425184968e2f97b2019163b4d4088a036cc4b54a6bcab584c6a0988b15966484
e08_reference_a,e08,held_out,reference,base,63cbcdcd586c71762895cf3d2f2fc2c942111241c360227fd9af875d400b3900
e08_reference_b,e08,held_out,reference,base,959259993cfc6e57a6cc4737e240a3e15a23c6ec016b960d847ead1fd2822423
e08_distractor_0,e08,held_out,distractor,base,2eed9870a7d6e1effd1a137693ede22328d16b1091ec19a45c07a5a378367c3f
e08_distractor_1,e08,held_out,distractor,base,f10bf4a2c4cc8785ded2073f43e9779d0a0d2563ff6aa9763a682041afa72474
e08_distractor_2,e08,held_out,distractor,base,0ad7c44c4bc2c18f50f683e269f51e975712af98a38d1f92176d205755cf25ed
e08_distractor_3,e08,held_out,distractor,base,6040d33f6060a0b7245a08ab1c395b46655aec676f2e4d5ef1329ccd0c927120
e08_distractor_4,e08,held_out,distractor,base,1cfbc4a4efe2e4bbe06a8409b5cf9f46eb65dcc9d54a7ad564eb48197ef66776
e08_distractor_5,e08,held_out,distractor,base,b7ad981cb00cd402a100389a1066e62b046af0101e2eb3323dc32b8ece35197d
e08_distractor_6,e08,held_out,distractor,base,552162d2f0d108675b63f471ca25b2f7317d2648b9dc7907a918f93f6da5c34a
e08_distractor_7,e08,held_out,distractor,base,f716fd5661cae81fe196f1ce99a6518222ca782e70c96e0e5b1c62aa26a9e829
e08_twin_a,e08,held_out,twin,base,f7ef35c7c495249d4b90828b3d77ebb1cd35a1dba397e03ede2ffab65afd611b
e08_query_a_exact,e08,held_out,query,exact,63cbcdcd586c71762895cf3d2f2fc2c942111241c360227fd9af875d400b3900
e08_query_a_transpose,e08,held_out,query,transpose,764de6fc5ff7f8bece819b52970214db536760ce313ebb1a8fe944e7c5e4f14e
e08_query_a_detune,e08,held_out,query,detune,c952bfdd60e88f52c3522bbd8803a99c35053d34f74c7c382ef4b892348528ce
e08_query_a_timing,e08,held_out,query,timing,4daa1b53d0ffcd69c7910156f05ea54839f705c24e189720658c0cbe6d1e5647
e08_query_a_delete_rest,e08,held_out,query,delete_rest,ffcae0d060fe7814ff36a7325975afb75a5945408365cb433f92b2ec26c01e7d
e08_query_a_delete_closed,e08,held_out,query,delete_closed,0111a43e680ea438175d6b4d6f08e9bc18746b58790102bfa5feae563dc9f8af
e08_query_a_delete_two,e08,held_out,query,delete_two,25cf923ce1e9af31aeed573e37722ed7eb0017413adbbebe802fe684b74f5089
e08_query_a_substitute,e08,held_out,query,substitute,55a29d69164c02eb61bc6f62a6e36f674f7101a48d56a12593068d205d065946
e08_query_a_insert,e08,held_out,query,insert,eb0965c00cbbd63bc4245aa255990be11a505597d41fb174af37fed6165380d1
e08_query_a_delete_insert,e08,held_out,query,delete_insert,66a0ee9b96371405e9ae844f19eb98cb41daa731d98b1ef74656f4feb016a1b8
e08_query_a_weak_present,e08,held_out,query,weak_present,f65dd7074cc38ac6409345ea29f9849e3f3a988afd45fcdc680f7ebca8fb4e3f
e08_query_a_mask_present,e08,held_out,query,mask_present,fb154f5194a3b5c3bc3a97b534960e0c4f640ed5292d6b202be946806893908a
e08_query_a_mask_absent,e08,held_out,query,mask_absent,415e1e9b5bc5881ab76df13453a104223c2104d298b8ae1256cec0a7c94cca54
e08_query_a_merged,e08,held_out,query,merged,5b07a21dc0e4162c728cb1e63d5db3cb4f159266b7d0b47928a359fb6753a40d
e08_query_a_legitimate_rest,e08,held_out,query,legitimate_rest,18d9b2456e251acfa5845f2ee47d24c18c89b6d7808bd644caa3637da22360e5
e08_query_a_delete_transpose,e08,held_out,query,delete_transpose,fa24526fae78b31d3afb9a0f52961ce97d5f1f8f9c8169c880261c24e038bb67
e08_query_a_delete_timing,e08,held_out,query,delete_timing,30daeb5d8b3804692ce51b738fb12d2746958dffcd6e8ccf167013ff57f8831f
e08_query_a_delete_detune,e08,held_out,query,delete_detune,f8bbec6d8f73be1a442d26d1d3ca53765a10f252e2f85b7553a03c5db2aa5c2e
e08_query_b_exact,e08,held_out,query,exact,959259993cfc6e57a6cc4737e240a3e15a23c6ec016b960d847ead1fd2822423
e08_query_b_transpose,e08,held_out,query,transpose,e580d0f87fd700a5d6c8866b9ab85874df44494ea8e8a6cabede98f823a1815b
e08_query_b_detune,e08,held_out,query,detune,77fd607de4f91d733d52dd9c86f9e72043e1e0d215cac0e7e351bc74b802215b
e08_query_b_timing,e08,held_out,query,timing,54db8fe7fd9545164fd53c2d7dbdea0ea28742abdfd1ae2d3d51c0f683d53471
e08_query_b_delete_rest,e08,held_out,query,delete_rest,ba47382cf63bfb9f4e87cfeab6c56ad4227ed71f31cd095e7b462c0db70ea43a
e08_query_b_delete_closed,e08,held_out,query,delete_closed,31e84f1f3c2bd744fd0835ac4e8b1516e952b7568cb3f8a546d505e6483e676e
e08_query_b_delete_two,e08,held_out,query,delete_two,d4756085fccc714957a6c9c58f45f26376a2336c5e0210ebaeea38d566c8897f
e08_query_b_substitute,e08,held_out,query,substitute,b1af7f48bfde5644566d675d7382681c1d8f76232d720af8a1397a30d9edccb1
e08_query_b_insert,e08,held_out,query,insert,08e9f9f17eaa83dfe8ec1444ce8643489a330a8547e45ddeb203f0d03c3f8106
e08_query_b_delete_insert,e08,held_out,query,delete_insert,6848bd9f1315725db532b437670c88c3cdb6c7550aed73b02784882e8014c660
e08_query_b_weak_present,e08,held_out,query,weak_present,fa01f1906485f42ae4e333af45c1cdcd21fdccb47e826b930821ec7a39184506
e08_query_b_mask_present,e08,held_out,query,mask_present,45d0c515f94e842ea868dd4e9e08003ef9f82ef26d89e61c2b62ef150b09658f
e08_query_b_mask_absent,e08,held_out,query,mask_absent,7cbdd5f2e002b02f645b29d6ce2c52964bc018f5d695d55f7a2e1a5c4fb7563b
e08_query_b_merged,e08,held_out,query,merged,7815f30eafd195bade5ab24f49d7198ac74cef97c0c0b670a3fe00a97fbb1d0e
e08_query_b_legitimate_rest,e08,held_out,query,legitimate_rest,ebc919ed36db4934d91b1a06988128b70992173e2f3b621c066af9e42e216f1d
e08_query_b_delete_transpose,e08,held_out,query,delete_transpose,f4bd380952f1f0f64876d84801725d1d78c8a9aa6e0e7366281d8af09d0f85f8
e08_query_b_delete_timing,e08,held_out,query,delete_timing,906df2b0c05a8d8f272f6d41d3f50fccb22a0ff27c6d7cce8a754210be5d870d
e08_query_b_delete_detune,e08,held_out,query,delete_detune,6030bc25ad77be8969c65e11cc3754c37817f3c94c0c09b06ecb00447d4b4b23
e09_reference_a,e09,held_out,reference,base,075fb05161edd8ac5497cd3fd55080c62046a95433b9b02bcd4d48b2af9f33f8
e09_reference_b,e09,held_out,reference,base,b54dff53dba5c573d1e02bc976f59e80dfa1e8a1c2b0e6df2dee9e45856dda2d
e09_distractor_0,e09,held_out,distractor,base,dff2ec35deb87bde0f3a6d62ab10d6c574e68f6b65d4bb103150f0c29b100ad6
e09_distractor_1,e09,held_out,distractor,base,d6b3c44ecb5b197a83247ae3cb8637ebc8453d9ae6c30c3f8afe9462ba6d997d
e09_distractor_2,e09,held_out,distractor,base,392134380ce25fbeb3c3318363156de4e44a95288d1e66ff51b6ea49f4d205d2
e09_distractor_3,e09,held_out,distractor,base,61212228e8925c154f9fec118f97891042bbaa53210ca7a6b5489a0961b61238
e09_distractor_4,e09,held_out,distractor,base,ba13c7ce9a82355239053b35999184e663d3182c4e5b991224502c0a390048cf
e09_distractor_5,e09,held_out,distractor,base,dc32fcdeeb4eb988fd0c8f6616bd1ce457b8e6c7e43cd38354e0fb670eedc5cc
e09_distractor_6,e09,held_out,distractor,base,e0daceee6b0c481fa60932e28d91ec008c1fd432cad02805b5eef6fa7134c946
e09_distractor_7,e09,held_out,distractor,base,3ffe1f68213e91cd6affcce222aa526cf5f9919ac24a3e2b43c68a80b8c45e3d
e09_twin_a,e09,held_out,twin,base,a20cf83942f8127ee521d49e06951d4fca94c2ac202449aec005df8f25f3a8e5
e09_query_a_exact,e09,held_out,query,exact,075fb05161edd8ac5497cd3fd55080c62046a95433b9b02bcd4d48b2af9f33f8
e09_query_a_transpose,e09,held_out,query,transpose,a11d993f61e67ac36ffdd756d9f21f6e21c88017febe79687b02ccbba2178972
e09_query_a_detune,e09,held_out,query,detune,00c8cdd3198765a06f9402a97c056cd752098368e919add3a9f991a3acb04a17
e09_query_a_timing,e09,held_out,query,timing,0fa10c6fa7e0b38bf8e386cfac86570e0d7f7ea9d45f180c49d2e86a710e1463
e09_query_a_delete_rest,e09,held_out,query,delete_rest,23adc7122a83ba10c0f6fc46baef78eed8d7d979dcc898f733864bb021b1cfdf
e09_query_a_delete_closed,e09,held_out,query,delete_closed,cff6be673503db55a38a4aa9cf992cd4449c7a56dae82d1bae2848a35626051b
e09_query_a_delete_two,e09,held_out,query,delete_two,e0fe41bc63a24fe4e631d128ca4ec517500ca74f20cfb3512deecd95e509b363
e09_query_a_substitute,e09,held_out,query,substitute,e3d97ee5cb35ff359b6497ce8ea9a35155250b220b6b3b3822336ca1dfe8bac3
e09_query_a_insert,e09,held_out,query,insert,f8fae36cb0013d0a6185205b027908f5bc450c7f2909e35e5335375895eea7a9
e09_query_a_delete_insert,e09,held_out,query,delete_insert,1cbcc6dac15caebf2585614bacc6ccee9fde128b7be92c4d193c1b440039a099
e09_query_a_weak_present,e09,held_out,query,weak_present,10ff68856597f1fd56298a56275553561cc32bfbed8b634c27e9c5e2ec488bc9
e09_query_a_mask_present,e09,held_out,query,mask_present,e7cd6b81ef63f7fbf5be57fcfa6c53200d1da3dbcedfd62098806b315a1e455d
e09_query_a_mask_absent,e09,held_out,query,mask_absent,f5557fbb79d4527f9bc31248ddca29bb21358a649e899f48725b12b003d79e5f
e09_query_a_merged,e09,held_out,query,merged,729b85493ca5a2d7b80575a740fbf679a38a5cfe78dec627a47194c29a18ca58
e09_query_a_legitimate_rest,e09,held_out,query,legitimate_rest,6e42be9c0c35971547ff44037546a0e51957d036cbec31f203a780cf80288162
e09_query_a_delete_transpose,e09,held_out,query,delete_transpose,04f55895477588f56be302a1a0665f05aab8936116eda828bc9502c9998a9379
e09_query_a_delete_timing,e09,held_out,query,delete_timing,81fbe6db3c4df327c86045f4d8c6c7581d4eeaa51005c2a177db375410ece784
e09_query_a_delete_detune,e09,held_out,query,delete_detune,b289b630c6186f50fa7d6988767f5c73c6671ed8197200c7c7f8982b97a53291
e09_query_b_exact,e09,held_out,query,exact,b54dff53dba5c573d1e02bc976f59e80dfa1e8a1c2b0e6df2dee9e45856dda2d
e09_query_b_transpose,e09,held_out,query,transpose,8cfae2fd5a7a3972749cf02e2d7520ed4d4d5a8a81b9c634adb772d37640f6a6
e09_query_b_detune,e09,held_out,query,detune,267d2f2f235f26cec1d2315ead9b7644b7d4a2562a28e6e9ab312940484f08d7
e09_query_b_timing,e09,held_out,query,timing,ab48edf01dd9460c4dc71a8c5691bd736cc93fc3ecb3ee9e8a5b6ab87a787ea0
e09_query_b_delete_rest,e09,held_out,query,delete_rest,9b85b4c867b60cd03f14715d095cdc94e0447e029edeebc73521e33f50fd9fef
e09_query_b_delete_closed,e09,held_out,query,delete_closed,403f4fcf07c651047db16a0625398b5c60fefd7ab58a1d50be8804288af57a84
e09_query_b_delete_two,e09,held_out,query,delete_two,b1dc25738a3f4e4a5343cda713bfd6a4b7377a52397be88d580a91789c607889
e09_query_b_substitute,e09,held_out,query,substitute,d5071d1a945c36f3589aab74cde57f5ddf41ed1a6ec756d621edbaeb791d499e
e09_query_b_insert,e09,held_out,query,insert,82a45e9f93c4f554c8c779a1505b044cfda2c0d0f9134f392b0ac221e94a2b83
e09_query_b_delete_insert,e09,held_out,query,delete_insert,b0a433d0e1fefba70b7721faa5b0fdcd491e2b5f71a06be094e00906c03b9044
e09_query_b_weak_present,e09,held_out,query,weak_present,4864623e2677e67a1840d4e0fd80797cc9961ae7c8fe71d8f5b2905dcc56938a
e09_query_b_mask_present,e09,held_out,query,mask_present,535927ffd16b09f7e16a2e392a4ef528c41cf9383dd5dbe0d72db8a5f36c4089
e09_query_b_mask_absent,e09,held_out,query,mask_absent,1a9df62e547fb5ad4fae0ea882cb7c99b04b6f66e9e5fc74507763e0900507fd
e09_query_b_merged,e09,held_out,query,merged,6e43ece2fc8eb6cc9843add2271a33ad19251558b23fda34cd4e947989f16db8
e09_query_b_legitimate_rest,e09,held_out,query,legitimate_rest,fe0b3b2802b0a0dc48ff982841b41a0570e065a3276773050d1dcceb038bf1c6
e09_query_b_delete_transpose,e09,held_out,query,delete_transpose,18e3ab41ff8c8231ad70d4532d9396ac53c2744f2ad4b8613931ac61a34fe0d0
e09_query_b_delete_timing,e09,held_out,query,delete_timing,9c4fd1eefd7ad8d00cb47cf5dc4d33f9d74b0bfa4aaa6af128d4e233d9720d3a
e09_query_b_delete_detune,e09,held_out,query,delete_detune,68d0f4c419b6871c56c17e334b1c89e8c31fd3509f72f0a77e7a9eb43d2eb9a9
e10_reference_a,e10,held_out,reference,base,af23616bd6bc0b09ea8ac185ca1c1b547c12e81adcd3d6156865eeea876bda82
e10_reference_b,e10,held_out,reference,base,45f3e1e52f4d95aa303cff64540b7e617f74450f166faacab9e40683a090a4c2
e10_distractor_0,e10,held_out,distractor,base,e64bbd98ad352144d9f1c0cdb6b3f7b7228237f7077930614f55b8cb60207b47
e10_distractor_1,e10,held_out,distractor,base,8a9917abad44bcc564cc2ac2b6f4c07c6d31ca175d9ade5feddb72e3dbd7c8a2
e10_distractor_2,e10,held_out,distractor,base,8f0ba4188e077953d4e81de85d303a992ee0c7749acf023688b0eef6481d8940
e10_distractor_3,e10,held_out,distractor,base,e487bbb155904279d140d98c5cbcb01b86c70e07ae1c397cd5e0bc5f9e234701
e10_distractor_4,e10,held_out,distractor,base,e5186d6f5460f5d55accd802ae8a788bd7143dc171a9e198aca91c3d83fd2f65
e10_distractor_5,e10,held_out,distractor,base,e0ded19c3ae5cbc26bd83faa1074cff8db4ab772a5671adb3165239dccd5972c
e10_distractor_6,e10,held_out,distractor,base,27dc226f4150ec4a3188e7fe069d04c9a487e20900423c180019cdbf8351b70c
e10_distractor_7,e10,held_out,distractor,base,7f31419714b6c46417467cad8ec5561da4205656d5577c12e095ce0e52c768e7
e10_twin_a,e10,held_out,twin,base,6c1214459882ce4ac8e0593fd24d9a9e2fb3d732d40f800671fab890822f313c
e10_query_a_exact,e10,held_out,query,exact,af23616bd6bc0b09ea8ac185ca1c1b547c12e81adcd3d6156865eeea876bda82
e10_query_a_transpose,e10,held_out,query,transpose,57230102582d61204342f6583e605f393e43822febf26b04916d0fff87fa9eec
e10_query_a_detune,e10,held_out,query,detune,9b5bd5e77c24011d35bc7f9102ad5defa8285a012608655440529514b054ea34
e10_query_a_timing,e10,held_out,query,timing,c5d19654d0729613e893d731493350133c06d3498e7781f40f5d005ba16fd33e
e10_query_a_delete_rest,e10,held_out,query,delete_rest,c2a7baacffe778c70c9025587c3a6e67ccda18f6cd6cc883a331cc075fd4733a
e10_query_a_delete_closed,e10,held_out,query,delete_closed,6d063ebf796c31b4841c04b05f124d52732329c52ac122bf25d966022811cc60
e10_query_a_delete_two,e10,held_out,query,delete_two,4e4a564b08f7ddeda56c29d5cab1c140c2313a41a3d34206be89a26fc07bd20b
e10_query_a_substitute,e10,held_out,query,substitute,82429f806688b4e01da4dfd86c707fdae460cbdce092bc1415e357bd643f9fb1
e10_query_a_insert,e10,held_out,query,insert,050ba6cc9afecf792c822d3592f9f7b37311305dfc21e181c9b578fe7894844b
e10_query_a_delete_insert,e10,held_out,query,delete_insert,ac228b5ad1797a6da591d8bf30059ad9ddd852694f4fc12390becd0a54a20fed
e10_query_a_weak_present,e10,held_out,query,weak_present,dd35bab816a2efcdad69f708198c0328c80b70efb979e0782d4cbf8226c42cb5
e10_query_a_mask_present,e10,held_out,query,mask_present,f32edb7a1f5acf84f42b4d623fb73bd6e5bf2e960d0bd50ec9c69244afaae152
e10_query_a_mask_absent,e10,held_out,query,mask_absent,a01afaa1df3bc76926795ddf187262e33d3fdf822a7951aea2f318b6951c1ccb
e10_query_a_merged,e10,held_out,query,merged,0c60d991615802d5f09859725be4e967fcb67387b9bb5620909dcbb97efde4f3
e10_query_a_legitimate_rest,e10,held_out,query,legitimate_rest,d178ec024eee429e7434eba27ab2bc2477dd08badf6d0bd2ba75c1dec752f35d
e10_query_a_delete_transpose,e10,held_out,query,delete_transpose,39827b2543bf6db68823018f471b0963a8469baa912101b116af928401200f90
e10_query_a_delete_timing,e10,held_out,query,delete_timing,0ffd1798d6d85676efa3f4814735d3fac69df2381b486b1dad5ae1a3a3780070
e10_query_a_delete_detune,e10,held_out,query,delete_detune,ce696e36980e60da3f0cfeee1f712c210c78be621fc178aae52b192d45cf1cec
e10_query_b_exact,e10,held_out,query,exact,45f3e1e52f4d95aa303cff64540b7e617f74450f166faacab9e40683a090a4c2
e10_query_b_transpose,e10,held_out,query,transpose,0ad7f320d68ca1293311e8256f198622ece169010549d78df81b1414728a2712
e10_query_b_detune,e10,held_out,query,detune,136e3e243940eee02c85f753a180aebde5fa7b6cafdbce9abba325f8f5fa8f4d
e10_query_b_timing,e10,held_out,query,timing,4603e7fc8810a7ebbe69fd4ac7b0efd6b98403e448debe8308e196f3bab98586
e10_query_b_delete_rest,e10,held_out,query,delete_rest,5cee40f3c4d7c140332170525d1cdb2b63fdfdab190e87932f0b1abbabc56e9a
e10_query_b_delete_closed,e10,held_out,query,delete_closed,fdc17f4f727ca572bd40f527fd2541ceb50c0e83c6c6d58273bc11d4a818e8cc
e10_query_b_delete_two,e10,held_out,query,delete_two,25a73f96468830d1fe1263b312708373698ad8b49bb2ad40ab36c7b46f98a480
e10_query_b_substitute,e10,held_out,query,substitute,572eae360078320aeed77ce6b0fea02ee335c2f9d929014e005142378fab59ff
e10_query_b_insert,e10,held_out,query,insert,f0e987baeb22fdf015bd211221d23ec27d23900bcb847190d6ea371b708b5a3a
e10_query_b_delete_insert,e10,held_out,query,delete_insert,232f3dba90e877d962f5b3aa2afa0a0e11594555dc6ee9e07bf310c3d937e554
e10_query_b_weak_present,e10,held_out,query,weak_present,f9df0c29eef30ce09fd2cf621f816c24c6a24238f18bacf266ec13abf3e03a27
e10_query_b_mask_present,e10,held_out,query,mask_present,662400147ce96ce56347e41a4ee77e15ad05d26eda9236193cc966e7ca09585b
e10_query_b_mask_absent,e10,held_out,query,mask_absent,cc21e42a7c2b6eeaaeee975b2e7d07de533051f5e8a29311bb24c30a677476be
e10_query_b_merged,e10,held_out,query,merged,e2dd163fea33a6310619c9204d4b758a452dec5220544edd1d5ec21d643c7755
e10_query_b_legitimate_rest,e10,held_out,query,legitimate_rest,d1e11718755030e0f8824e199e3a5f2d3ad295d25c51fae4abf595857a33ebd6
e10_query_b_delete_transpose,e10,held_out,query,delete_transpose,76b6a973547a8fa7d0ce79a1dbf8d62bbbe007d58179bf9fea29fb9b2a3a303b
e10_query_b_delete_timing,e10,held_out,query,delete_timing,053227d2d069f03e2ec76fcb0f3959d2d43a790ba00561614091a3805713ff17
e10_query_b_delete_detune,e10,held_out,query,delete_detune,2331921de1decb68a4a02e0968a1831441e70beefcf1a06553263a7030c837d4
e11_reference_a,e11,held_out,reference,base,70fd563d958c85b0c6f250e6b55e9500c630418e98314a8d9933acbc2cfccfac
e11_reference_b,e11,held_out,reference,base,4bf2cf3856046d7843bf854cb736431b8e14bf67cd8dc41028816be236fa8858
e11_distractor_0,e11,held_out,distractor,base,9db32eb7c7389a16b5073f58fa1f3520d61afa0dd6d3b8ffdae8eaa4812bf115
e11_distractor_1,e11,held_out,distractor,base,657f8ffae8c5a55191bc409b69a96ec468c6d21b6e0db7ba2a84328924c3b696
e11_distractor_2,e11,held_out,distractor,base,1013741026473b973c9a54ffae181f97041f29d4e4279693d32eaf91d30ad5e0
e11_distractor_3,e11,held_out,distractor,base,fff325344ce29fd0e0bd615370a27332e2750ab49e7c110942062f637ff89441
e11_distractor_4,e11,held_out,distractor,base,5d7fc62f36dbf28831d7d8014b60c660cb7b461fe9589f77e26f378c05062dfa
e11_distractor_5,e11,held_out,distractor,base,fab93a13ed52bce711658f02fa7bbd2ed36f0ec90249d1485fabbdd94a63010f
e11_distractor_6,e11,held_out,distractor,base,b211530c5182e88247207c6fe2a4bf745edc038098ef61f025c317e889983179
e11_distractor_7,e11,held_out,distractor,base,ae1c5354266cd0a24f08f55f1def607f85b54a18b243224a21bbdb65acaf471b
e11_twin_a,e11,held_out,twin,base,7421d5a72740b46fc073fd150df9c2bcbfa306c7fa314753c9f1c17f338a8332
e11_query_a_exact,e11,held_out,query,exact,70fd563d958c85b0c6f250e6b55e9500c630418e98314a8d9933acbc2cfccfac
e11_query_a_transpose,e11,held_out,query,transpose,9cfea3cab666e36c2e10db5bb9c7db7759162d06b266a8112136252898c3a858
e11_query_a_detune,e11,held_out,query,detune,77d3730f157f218cf2a5b3fe2a58a87d30541de3b176c496cf0df3bb0fa9d428
e11_query_a_timing,e11,held_out,query,timing,ad5091c8d68492ee959993171126a9d7d49ee281a44a031d0dc5a9643e84e014
e11_query_a_delete_rest,e11,held_out,query,delete_rest,27a465df02d93626d967307bda22536c8bf52d8f25bd216c92db6dc12931b58e
e11_query_a_delete_closed,e11,held_out,query,delete_closed,3645ad46fea3b2f86b8b1a7cd4098dd28af42a73e132cfaa9370eca4ff77bc23
e11_query_a_delete_two,e11,held_out,query,delete_two,3b14ec081178499b377d81616f585b811771481221ef5a3aa5c5fee556df208a
e11_query_a_substitute,e11,held_out,query,substitute,e83371554f0a5bbb50202190852f812bf6ea1e6edb0ecac8c40478ba59a558cf
e11_query_a_insert,e11,held_out,query,insert,fb9a46ab5291ee25833a6bea397745138e19b200f4fe3853506f8f5ef2c26e51
e11_query_a_delete_insert,e11,held_out,query,delete_insert,5dfa9ad2d968c3c1fea3805e3b851a7dc240df434a5f085c4a07d731c4cec9af
e11_query_a_weak_present,e11,held_out,query,weak_present,56b97099b339ccdfa63be93647f1f7e371aa27ce685e907af50f4308a0a12963
e11_query_a_mask_present,e11,held_out,query,mask_present,77164c8b9ff69c4993845e29f5ce7d7c31cde8388aeb628f30e23ddb8c251462
e11_query_a_mask_absent,e11,held_out,query,mask_absent,b6d6f485f894eedf7243121f1f938174ed9646f57af90ecaa57caf92ac9c19ea
e11_query_a_merged,e11,held_out,query,merged,029fb95de85491776a491e14b83d1966752c5e24dfd6fe6dfe5238912f9c9ba2
e11_query_a_legitimate_rest,e11,held_out,query,legitimate_rest,14175aa8181ebe66ff0793a219b1adf185d0a074280723fe147e2b6aca7dca44
e11_query_a_delete_transpose,e11,held_out,query,delete_transpose,2610dda8f6f023fdf8b0206ff905ddcf47565880ca55e1fef2fe8d433e943c6c
e11_query_a_delete_timing,e11,held_out,query,delete_timing,131dd74cba85f571d5585d4cdc5a0f44f9509a7db20010190e977e3d203383a3
e11_query_a_delete_detune,e11,held_out,query,delete_detune,ef8db6449e2ea89dacc5266d8fce851ecd587d011bbdcc9a73862ce9e63ea6b6
e11_query_b_exact,e11,held_out,query,exact,4bf2cf3856046d7843bf854cb736431b8e14bf67cd8dc41028816be236fa8858
e11_query_b_transpose,e11,held_out,query,transpose,330074263fefe31bd23a5a7175c901800af7bc0c2dad75da4b78f7b7423fdacc
e11_query_b_detune,e11,held_out,query,detune,148b7966aacb05ca731e7e14a942e8fdd6cbda2661af9c1489317b49a4d0c9ca
e11_query_b_timing,e11,held_out,query,timing,8bb186e346e9e6a178af64e6f92306cbf6c6b4c7d776c5e809c294ff598cbf4f
e11_query_b_delete_rest,e11,held_out,query,delete_rest,54027631a9ca2cd58132cea77515b0afa8604a374a6c1366647b0c2dba476c7e
e11_query_b_delete_closed,e11,held_out,query,delete_closed,70992165af976526818947319b275f7916965ce9e9085b92033ee09367fa76b1
e11_query_b_delete_two,e11,held_out,query,delete_two,afcab7e7b774240bcfbec80584fb24cf427a8e5fe8b0a52f662969cc684faff2
e11_query_b_substitute,e11,held_out,query,substitute,e46685f52c541d807eaf79426bd9ec7613129ff1b7f54d123e5bc1e12edb810a
e11_query_b_insert,e11,held_out,query,insert,52ea6e1bc07982d8a99ebaee5c9bba71e01a996abb8f63db4b862d840090c326
e11_query_b_delete_insert,e11,held_out,query,delete_insert,57175ab9b40347e2f14e33c74a381627b6929d863fd834485b69472287608e33
e11_query_b_weak_present,e11,held_out,query,weak_present,6c54b8b98e83942908779fa111b51b2b1f4d1212f2bae111aca9173d4a988a60
e11_query_b_mask_present,e11,held_out,query,mask_present,5569ef12708b050d991222795db67e2ca604d0dd0311c0acaab988439d4aa339
e11_query_b_mask_absent,e11,held_out,query,mask_absent,760ebd509bd7f45dd77c012b7a64a00c2b160d04b4183aaf81de6c69b8e79444
e11_query_b_merged,e11,held_out,query,merged,7db1eb7b1498be3d835dc26a898ba12430f52b8664b299ce2b4123a5900a8889
e11_query_b_legitimate_rest,e11,held_out,query,legitimate_rest,8b690e8f296e1eb1930186ab9dd1e80d9b3246e8c4dbe97f815644c6d46ab775
e11_query_b_delete_transpose,e11,held_out,query,delete_transpose,40e30957be9cedc74bab929ab1e7142c487f66c24428ac9d5f027db28296ef0c
e11_query_b_delete_timing,e11,held_out,query,delete_timing,b84a2448db36846ed2e153f8c42c7970c7ea0e23156cb9b827ba7b59594dbec5
e11_query_b_delete_detune,e11,held_out,query,delete_detune,d044cb7b34d83d05e2cf244a70ec0e09e7bdbeb766391518ed4b6fd0a54a9d85
e12_reference_a,e12,held_out,reference,base,a4362b5d591dd288ef64cb1696620d76db4fd7091714c0fc3f6bd396c8e7ee48
e12_reference_b,e12,held_out,reference,base,e1c348091d03dc60175fa02e2b48b73dc662ea824900b256374dbbb5fa8dc315
e12_distractor_0,e12,held_out,distractor,base,e8ea922c455112411b93fefb9abdd1c576a7410bb15f00e455441fb5eb96bdf9
e12_distractor_1,e12,held_out,distractor,base,24578258bd2c0f2889a4159a410d867117b92059dc14fa2f54cf836dfd2923a1
e12_distractor_2,e12,held_out,distractor,base,e2accf27528988cf191850d0021fd95267a98a9584a604c910147c595e7bedb1
e12_distractor_3,e12,held_out,distractor,base,b9f5f4ce55223dd38caefe7c3e09517c33cf9f7756fb5053b7be998fa3d47e06
e12_distractor_4,e12,held_out,distractor,base,edbe4f2a9cfb063eafa8cc2a8c1d8ba0724de4cde64621ad381174e44ae2b24f
e12_distractor_5,e12,held_out,distractor,base,8807d026223b74727469be10e23477f1ae246e88da7d175e27e3e094509caaab
e12_distractor_6,e12,held_out,distractor,base,655aa3c8a3b64fc437f143a08a80784515529f04ac077c187bf7397220a60e8b
e12_distractor_7,e12,held_out,distractor,base,74b7cdf2b29f11a45bd174604ed8e14b2957ed7fcfa4a1ad4b730a45a132fd35
e12_twin_a,e12,held_out,twin,base,b3e0313a53e9be24812a25b714e5b5552771ae58ea4cf8d7cd9e82e004a85124
e12_query_a_exact,e12,held_out,query,exact,a4362b5d591dd288ef64cb1696620d76db4fd7091714c0fc3f6bd396c8e7ee48
e12_query_a_transpose,e12,held_out,query,transpose,d0d58574f93534be213020101f5a7b8a802b1404de0d454c30fd4f558cb71b96
e12_query_a_detune,e12,held_out,query,detune,17a2ca0ffe8af9bf73326097ccf70891dff13099958843870bebd29d9b41af2f
e12_query_a_timing,e12,held_out,query,timing,80f38fc16ece7cc2008be3c60cd9578693209ffaf2ab8ca3cb8c0871654a38b1
e12_query_a_delete_rest,e12,held_out,query,delete_rest,6857dec1174bd5c0a6b7a59435ac63dcc1363599453365e8ebba42dbb96e2125
e12_query_a_delete_closed,e12,held_out,query,delete_closed,459e2258ca54111130d6158166cfa0dac56024cec2f65c690af591c138543c7f
e12_query_a_delete_two,e12,held_out,query,delete_two,9414f3405d9fdacfabbdb26d5bb3521f062fc612df9a0e5f8a2ca5daee5fa4eb
e12_query_a_substitute,e12,held_out,query,substitute,3e311801c2c4e4ccacfb162d6758519ebe1813935112edec427351bdb93bf19e
e12_query_a_insert,e12,held_out,query,insert,235ab8841391d01e1cc0361bf40104fcfde4bc69a6731945529456005aa28a2a
e12_query_a_delete_insert,e12,held_out,query,delete_insert,40b7c741e44ac2bd020eff0aa43bdcf665564e747b76fd68d07a7bb68403a660
e12_query_a_weak_present,e12,held_out,query,weak_present,d48cdcfe50aee56cb29cd6526f2c5911183a99789d94467ed5565b0b87ad4b89
e12_query_a_mask_present,e12,held_out,query,mask_present,cecb3f13f15904208a20ce65c269d07da7ed8a7f8687712b5e69cc78aa1cc077
e12_query_a_mask_absent,e12,held_out,query,mask_absent,80ccf790a700a7bddb9d5b5bbe46a43102d60449d30bccf920078b8c575c86b3
e12_query_a_merged,e12,held_out,query,merged,db18420ac5320d95bde74372ff6da74b70c05211c05451712f051dbd4051673a
e12_query_a_legitimate_rest,e12,held_out,query,legitimate_rest,b2a086b6b47d9acd93e398fd56d685885ebc2ee694c6f5fff02f736e714e1659
e12_query_a_delete_transpose,e12,held_out,query,delete_transpose,aa22b3ac77631c930bfbfe400b50c351702c2667f48f5bb9c237ce05261d9e16
e12_query_a_delete_timing,e12,held_out,query,delete_timing,6a0d3a4d8ea60537c69a011ad6d4fb7725e427edb58833e23bb75980952eb97a
e12_query_a_delete_detune,e12,held_out,query,delete_detune,d45361bf0bc4904dc1c12474e0e9920694905ed318a8bb25013657e6e5996d0b
e12_query_b_exact,e12,held_out,query,exact,e1c348091d03dc60175fa02e2b48b73dc662ea824900b256374dbbb5fa8dc315
e12_query_b_transpose,e12,held_out,query,transpose,2bfe5556dd9ab4d9418dcca0774f2f38e597e26ba0e9fd0a68317e52b9fe5dab
e12_query_b_detune,e12,held_out,query,detune,7efe2186298ee515f53921d27165792697c91294ba6b66877766680cf590b32b
e12_query_b_timing,e12,held_out,query,timing,18ba34822e12b15e6c9842fa6d74f7ae6a3d7b2c3022becf0bc558acf71ee4b1
e12_query_b_delete_rest,e12,held_out,query,delete_rest,9b70c2de1bc4e5ab95254e260e547b599a6716c7792aad0a82387d1570d56a3d
e12_query_b_delete_closed,e12,held_out,query,delete_closed,5cc4525df654dae97f8a05d2ce1c68d0b111cbc79df0b9bb38a41c33dba46087
e12_query_b_delete_two,e12,held_out,query,delete_two,e164e05e5cedeb1d3cfe9c7dea91e30b706df48388e029dc691be5859539b86b
e12_query_b_substitute,e12,held_out,query,substitute,ffa096f5a8dc7f7b2103e2c0bd1ca39b9178724f25e867cd551ac8068a2feb0b
e12_query_b_insert,e12,held_out,query,insert,89cf0c3e207a4db4890633745161b41822505ffe62d9f9c5f6816189f4b790f0
e12_query_b_delete_insert,e12,held_out,query,delete_insert,0ac465b3f0a335fdfd173340382e71e008948b88d4d1214429e4653dd916884f
e12_query_b_weak_present,e12,held_out,query,weak_present,146cb1ba44495985a5d5757294b3d940a92d2201f780d47ae09b1ce25bd8fa12
e12_query_b_mask_present,e12,held_out,query,mask_present,f50396c3777f6d3c3fd28ccbdbeb8dda72f8238814aae35e14cbb78bfc8d171a
e12_query_b_mask_absent,e12,held_out,query,mask_absent,6e4521352cb6fc54f167ee9d24b120ae1a448723e33ea94d02f7604c6a43931f
e12_query_b_merged,e12,held_out,query,merged,b41060cd0250cdc5e7638bf12241a7e58d7ee8f4160ecb6854fc0240c5a34a0a
e12_query_b_legitimate_rest,e12,held_out,query,legitimate_rest,acd555d957bde5a59f3892ffc5cacbde8d7888014581815acb5419c28f80b58b
e12_query_b_delete_transpose,e12,held_out,query,delete_transpose,ff2f34df5c71dd9dbce02e58a8285bcaa206b880731e399cd1f74b1a8f1cbaea
e12_query_b_delete_timing,e12,held_out,query,delete_timing,230c938e8d33c835685d9639afe235c834fba9853fc7a0364a958e2314c99ec0
e12_query_b_delete_detune,e12,held_out,query,delete_detune,aa2019b94bd0de378c614c71af40bee47c8cd8c8f66dbe472831c8223389275a
e13_reference_a,e13,held_out,reference,base,2527c1262997b2a3f00a3fad324eb922f56e59d8d6909916a2b27241cb8da0d0
e13_reference_b,e13,held_out,reference,base,29f63e6f4d8651821b381e20bf763fc2a81137c039639ec2c7be2ba8dcf9f13e
e13_distractor_0,e13,held_out,distractor,base,9cbce2cdb50115269a2040c61af46370b0166618aadc7342951a3c7538b67791
e13_distractor_1,e13,held_out,distractor,base,992830e86ba389c3da0bbce9b56bb5a03ec5a90734bd177ea76394d9809fba2f
e13_distractor_2,e13,held_out,distractor,base,98cd66b0e80d73b6f94a42b8c622a665e975bca325f9accf0c74d88ce217e9a0
e13_distractor_3,e13,held_out,distractor,base,1812dc81d8e02d21a7540ad04b7579a5be42878759f656e1fa24cfebc7b6b18a
e13_distractor_4,e13,held_out,distractor,base,b0fce8aee3674e7f138d94b7e3dc6b1832040bd511f5d70aab2e1984a97c3fb1
e13_distractor_5,e13,held_out,distractor,base,62c4185d7f5515a32efa6a2e135a44fd9540c97dbd2834644b9de7688aa41a35
e13_distractor_6,e13,held_out,distractor,base,78aab51a329fe9e6c2e8afbc93f76aca0430893d6b121924cc975258ca073266
e13_distractor_7,e13,held_out,distractor,base,36fa28ead154d5a43a787471a1612512bf693b37364cfb674f92f8fb1f949a33
e13_twin_a,e13,held_out,twin,base,e72368ef612dd1cd8eb825013025475c643980cfccd97e2d96ea6018a3f3e2c5
e13_query_a_exact,e13,held_out,query,exact,2527c1262997b2a3f00a3fad324eb922f56e59d8d6909916a2b27241cb8da0d0
e13_query_a_transpose,e13,held_out,query,transpose,2c5ea1f65bc92caf11300950ce0c61464c1ff608d715ed1d5d94cf39b913f63e
e13_query_a_detune,e13,held_out,query,detune,148f89aeaf91b7ad1f03a912fc8a25adbda6fe9a3880ee9b09d761311a0142c5
e13_query_a_timing,e13,held_out,query,timing,37d25f70b1a1c0c85c07346d71879c5d69127469650e79c7a3fece158d6ddfc9
e13_query_a_delete_rest,e13,held_out,query,delete_rest,0a77ed9288c448382adad295edad9a6d8d6e35dbb860baff271883a07dc96edb
e13_query_a_delete_closed,e13,held_out,query,delete_closed,f344d280f5c99e7ecf385e69f8d7ba56a4a07ca85e517be583bf0bb83425d869
e13_query_a_delete_two,e13,held_out,query,delete_two,604f2360eaba7677628b5dad7d4d9fde1bfe350dcc8e2647c536f821052093fe
e13_query_a_substitute,e13,held_out,query,substitute,0d24ca33fcdd7bbf0ee01c4f9f6507ef927fa14f56b3291635fc8dda1ee26068
e13_query_a_insert,e13,held_out,query,insert,8d179d3aec44a6e315b960e69f34d7f9b003e62014e5964ed5621334f7af358d
e13_query_a_delete_insert,e13,held_out,query,delete_insert,c919342cb6d304747edeba3ecba1172a0c42257bd2586a2ef6043178166042cd
e13_query_a_weak_present,e13,held_out,query,weak_present,ee6e485d45e8a9c4b5a2af97e244f97f4bce804a2e20a56a9022a1fb4d67766d
e13_query_a_mask_present,e13,held_out,query,mask_present,263b4f5975cffd6220847ab2d1aec221ae2883c24f53f59eb6485b20981512c6
e13_query_a_mask_absent,e13,held_out,query,mask_absent,b8f76030f651a0f8c5520e878738fa99c239dfe944db86def11e979caf1be15f
e13_query_a_merged,e13,held_out,query,merged,b3295211d79e29317c8933e1729b85965875ba3c42ced179016735194c20a68a
e13_query_a_legitimate_rest,e13,held_out,query,legitimate_rest,83d43034560e9cee4a4c4eb74bf16679b19615c339fd2dd9b8df359949cbbdd7
e13_query_a_delete_transpose,e13,held_out,query,delete_transpose,a0e1a263d235cb9b7ccee2f01f8907005974cfd3cadcbf6301105038e1c63b53
e13_query_a_delete_timing,e13,held_out,query,delete_timing,9ac96549cade915f7175e6d2bb393f0934ae7ab645997c3c5f1a7d5b7a915dd8
e13_query_a_delete_detune,e13,held_out,query,delete_detune,a2f7e2fc352ccaf7068c2efd8eca35714e60a76f5a10cd0474e61385fbbfed04
e13_query_b_exact,e13,held_out,query,exact,29f63e6f4d8651821b381e20bf763fc2a81137c039639ec2c7be2ba8dcf9f13e
e13_query_b_transpose,e13,held_out,query,transpose,644fe7d8d0fe5a07cdef757c734e8815b996ecb257bee747580b9775b42e8cc6
e13_query_b_detune,e13,held_out,query,detune,e7d056b76ca8926ef2bda64a361806b798175a54ca0c7d982c95a60e3760e4b7
e13_query_b_timing,e13,held_out,query,timing,f1412a4a6bb4ec64625aa098217e3e2e158529b729d41bdbcf520c9cf7a615ae
e13_query_b_delete_rest,e13,held_out,query,delete_rest,07e8ec89047e1d96483c29a9acfc74379e32707e66ddf0a305a2b618f26ed118
e13_query_b_delete_closed,e13,held_out,query,delete_closed,ddde66b771eae699c1455006c9945c4aed97d507832c90e6049b1edadb2cb116
e13_query_b_delete_two,e13,held_out,query,delete_two,c3a0c236f73b69aa800f03b1f6f4b589149b9edc81e714eec7924e7acee4d57b
e13_query_b_substitute,e13,held_out,query,substitute,44b5e5b1aed8c9a9a496e36625ec7c6f866ff474a4f543a22ca357cfb45d3bc3
e13_query_b_insert,e13,held_out,query,insert,e9d2c2c40cca93f8c21d974eb1af361b140b859ecc12c8e9ee24a33377ac93bc
e13_query_b_delete_insert,e13,held_out,query,delete_insert,d3346b718af196eda9d48d93e6c433c7603939bea0f5b3626ea6203ca70917e7
e13_query_b_weak_present,e13,held_out,query,weak_present,e87d751016a3be11cff2182064827d9a4d45781df0a004d2af6c416a5f793647
e13_query_b_mask_present,e13,held_out,query,mask_present,83f94642d770f91f97d6f55f40ff8d3beee19ea6886617e1f23d03dae4725201
e13_query_b_mask_absent,e13,held_out,query,mask_absent,ee6e8735138761bb6a530119fc7ce1ed0d19e3cb0f037b9a34a55f66acd13c42
e13_query_b_merged,e13,held_out,query,merged,8defa7e0f1bd300e2a299b487634dcf6874254205cbe8c0196304d5b143f6994
e13_query_b_legitimate_rest,e13,held_out,query,legitimate_rest,a5928521d52303bc12603c8d4bde80b452be883a32ba37ab2df7e10ea74cc84b
e13_query_b_delete_transpose,e13,held_out,query,delete_transpose,d2171af7daa28d2b206a003e75947ea240bf6d9385f961185beebcadf43b5abf
e13_query_b_delete_timing,e13,held_out,query,delete_timing,37a6602257b7793fcae293a8467bf99809aa1bc075969901d589ba73065f1cd4
e13_query_b_delete_detune,e13,held_out,query,delete_detune,f919071c5d6c1054ef8c9da512270e53d82ed9cc438b8b696a4084f813dd574d
e14_reference_a,e14,held_out,reference,base,c38f60e23e96b52af37b9d89ceeea96226ffb7bec375594e10e1066d3495c407
e14_reference_b,e14,held_out,reference,base,e36ebb17e2db642371ed44a4c31b0a33590e89f39f88c2d8394dbf21995a02e1
e14_distractor_0,e14,held_out,distractor,base,44ff4fc5b3f5a4a089fa11ac631543c3640b53e1fe82c5256f0fe8ef7c5fb20c
e14_distractor_1,e14,held_out,distractor,base,c3c2d3729e77a0026293bdf247423ba7f31094eaf1575f7168c6a2b0b6f3f3d5
e14_distractor_2,e14,held_out,distractor,base,96d3583f157395a81c3751b755ec1662faef0b94b579cf108c9ca6aa9a3da8ce
e14_distractor_3,e14,held_out,distractor,base,a34470dceb085a30d2fc16ed3470e6cff6513cc1b4aa08871625aeb39eb6ae96
e14_distractor_4,e14,held_out,distractor,base,0b55d6de25cdb14ad2cf9cb4ff402edadc18c3722fce32993cb1f50fa2efb059
e14_distractor_5,e14,held_out,distractor,base,b1b958263bdc700c89cc9c57c3d6256533e2dd9393fcdcad2bcb9516d3172e17
e14_distractor_6,e14,held_out,distractor,base,148a11f0633f71df1fe43b9d5bbb4cd579c57ede3c3bcd244b9984b64be635ce
e14_distractor_7,e14,held_out,distractor,base,4a4cdfcebaa8624e69b0dfe562e56f9dc086c71e1b83c328b0ca1d19dfd074ac
e14_twin_a,e14,held_out,twin,base,08f1baed4d4f5e43b31e1963bd36dae4b162daf07200b4bd83e3c38d02fa9b2f
e14_query_a_exact,e14,held_out,query,exact,c38f60e23e96b52af37b9d89ceeea96226ffb7bec375594e10e1066d3495c407
e14_query_a_transpose,e14,held_out,query,transpose,afcb425a0fca49406e4557093f437a49c85c14db8f657659a0ecc1dc764ed0c6
e14_query_a_detune,e14,held_out,query,detune,8c92ae7bede079fed807335314477caf8a5c2f3a1e2dabd595770ff12ac54643
e14_query_a_timing,e14,held_out,query,timing,3fc037f7c5d06d123c017ece8b2166410469710d4132b55beb9e8df13a41f7b0
e14_query_a_delete_rest,e14,held_out,query,delete_rest,bda037254d18a01ae9e43eddcdf2e14ec3ed8855ebea93c28f3cc91365f3d1ce
e14_query_a_delete_closed,e14,held_out,query,delete_closed,1cd1b73cfe51c2708571c0d86b9c0c2b7560ab4e051bda93d3acf78fe8501155
e14_query_a_delete_two,e14,held_out,query,delete_two,114cb1dc7066446357a332a29db8ec3a4553cc588aaf942a22a8d34c78961eb4
e14_query_a_substitute,e14,held_out,query,substitute,4cc1e8fa44616b0b6e4dee0278bfbe9681addaafb7b5c5503622b02f507eb835
e14_query_a_insert,e14,held_out,query,insert,2a63bb1a24387d30e8019ae992b5db4b7dc86c7b4e71e53603d9fc51e4ed7dbd
e14_query_a_delete_insert,e14,held_out,query,delete_insert,9e3d4199013da4f24f1fc228fec1caf33ffa1d7998217dbff1b63fad044568b1
e14_query_a_weak_present,e14,held_out,query,weak_present,e30894c3ba109b0206649cd7a8dac55e4c25f76bb05ecc66a99528b8b7ff35d4
e14_query_a_mask_present,e14,held_out,query,mask_present,7533f0add30b3bbe3fad0b935afff7e3c63f2246de80766eab124169966bd639
e14_query_a_mask_absent,e14,held_out,query,mask_absent,9b27f19a8913b6d846d9cc38624020db1f1b2b54b2862b9c615c49de5c878479
e14_query_a_merged,e14,held_out,query,merged,6aa72cf60e4b881e57d5b0711cd5ee627996f2316d53727529e69da0441619b1
e14_query_a_legitimate_rest,e14,held_out,query,legitimate_rest,25192747bd48f05b246afd248f66624541ed8cc5b84f8554f2dd44a677f30435
e14_query_a_delete_transpose,e14,held_out,query,delete_transpose,6c50dec664fca38e7876708da217606f7fcff0d3a522110ea7df675e1fddaaa3
e14_query_a_delete_timing,e14,held_out,query,delete_timing,7f5209ce6b00d7db7be2b1d113a499856cb5dcb73aface10abd20e3a07787d2d
e14_query_a_delete_detune,e14,held_out,query,delete_detune,33ac7e60f3a2cf6e1a44158f803ac741375816eb333556d9f35aa2533cb2bd9d
e14_query_b_exact,e14,held_out,query,exact,e36ebb17e2db642371ed44a4c31b0a33590e89f39f88c2d8394dbf21995a02e1
e14_query_b_transpose,e14,held_out,query,transpose,ca12a9dbeb2b18867cb40d78c2d81c75ee2ec1f23341c101b0c8f42d39126d51
e14_query_b_detune,e14,held_out,query,detune,9b367c3457c1cf374b012cb96bd1fb54cb1e004228c32431069847dcd613edee
e14_query_b_timing,e14,held_out,query,timing,20ba1e9d769a53d062232cb5e4c5239fbf9f72889da37d3a4d7620d7cdead6df
e14_query_b_delete_rest,e14,held_out,query,delete_rest,2faf8856c654f44629a44864daa6c4b0a676b5f1738d1cff4681e7a401d944e1
e14_query_b_delete_closed,e14,held_out,query,delete_closed,2bffc520532189781866d3328132861ace1de20841993ced553368973ed2fde2
e14_query_b_delete_two,e14,held_out,query,delete_two,63ca9a51ed1faa7ce8ee0f9d9872f3edf5ab9a48d6dee7bdb466b57adc54f45c
e14_query_b_substitute,e14,held_out,query,substitute,ef14f219ce30b33ce17ab83def55d1cfd4bb3a33d1ee26951aa85015cb0efbdf
e14_query_b_insert,e14,held_out,query,insert,70d3a874d00104f072898e4a9da19c14f7247b9e07ec2f4cf4ee3a7254f03fc2
e14_query_b_delete_insert,e14,held_out,query,delete_insert,05a7c46da53c54d277b162884846701221e25e1c06f79917341a4714925c4173
e14_query_b_weak_present,e14,held_out,query,weak_present,2fff368f8066ff06007388e19015e5412d5761bc3922357ada78976c6bc2c46f
e14_query_b_mask_present,e14,held_out,query,mask_present,6dd9bf8b33fe6cac29d6598b62042fb1e22b43abf378a823974740903c65f0bc
e14_query_b_mask_absent,e14,held_out,query,mask_absent,79586cb91dabb3ff463752e7fd072dfabd0275c98e143fbdd4400104655f88d6
e14_query_b_merged,e14,held_out,query,merged,610ce77de2314c81a88e7bf9c3dc3764f5c442ce84dc226386a6cb2b07591d93
e14_query_b_legitimate_rest,e14,held_out,query,legitimate_rest,9399553c6e00117469fe73f3d9f22123356ce771336380c1d3e29690719958ef
e14_query_b_delete_transpose,e14,held_out,query,delete_transpose,a278c05e68eae3cbd3668024daf7ecf18542c87c6f40cd16f8b1d4ce1aa50a8d
e14_query_b_delete_timing,e14,held_out,query,delete_timing,21516e7e3136a21485d0a560cc393140045ad12e59a1fb5715cae9b3b088b7f5
e14_query_b_delete_detune,e14,held_out,query,delete_detune,b3292a89a70bb749cd45628c564c08031d9b9f9ef96d386393d287eff2832f01
e15_reference_a,e15,held_out,reference,base,d9dd16a25bd536ace0b653eed2c0f843a4beed039fd7be87bc3ae1a9258bdea1
e15_reference_b,e15,held_out,reference,base,7f48a36b125058cd5df56ac3f75e3c53567b7510f7f4693ac1563d917e20c895
e15_distractor_0,e15,held_out,distractor,base,bc5e1dd8b35402b17f75a51df67f868ff2ad10ba1d5ab749cd1050e0e1d30f71
e15_distractor_1,e15,held_out,distractor,base,3e62d84ec9340a39f7c914eb03561e0a215fe19291b8396bc6aef725cb4ef2be
e15_distractor_2,e15,held_out,distractor,base,b0cd4a272fb06a30d80fc7118ea86bab46fa0b9e64d850170f20b3fb80c4c6c4
e15_distractor_3,e15,held_out,distractor,base,78b4959bec066e0f67ad130261f3c3d8d8cb754105a1ed3a87fa997880f16519
e15_distractor_4,e15,held_out,distractor,base,11dd6776af156ba47ce1fa9fe8162c0120e1350975dc9dc623cde2e23dc4fd99
e15_distractor_5,e15,held_out,distractor,base,3aa388b4e4914042917fd2d8c3226894824d8b0baa8f16c71f829734cc646551
e15_distractor_6,e15,held_out,distractor,base,a3704bc2e41d37a8ccec8bc9b243975d7fbabe0146edbe46474330a214fdbbd3
e15_distractor_7,e15,held_out,distractor,base,21b8e46dd52373b5547f8c3a13614a2f19a23894dc54d55b58e36bdabc8fe368
e15_twin_a,e15,held_out,twin,base,9e5f904d204f72dbeae84c52b3e400a1828d8f96cf6bc2105a2277ee99cf717b
e15_query_a_exact,e15,held_out,query,exact,d9dd16a25bd536ace0b653eed2c0f843a4beed039fd7be87bc3ae1a9258bdea1
e15_query_a_transpose,e15,held_out,query,transpose,be77247e295dbd5341f8e0b939c775f1a760bc001bd256ca512a51e09045bf03
e15_query_a_detune,e15,held_out,query,detune,6c85569fdbf54a867c508c94f31c0faa3a0a2f6c6704b1ec966caf0427157873
e15_query_a_timing,e15,held_out,query,timing,54dacc460fb97f04838a0e06c3fb87639f4770892f4052581d0e718eb0de922d
e15_query_a_delete_rest,e15,held_out,query,delete_rest,4f73c572d73271a6797e99b31f6d1c9a35a10c9908db89ea7986f94149ec5852
e15_query_a_delete_closed,e15,held_out,query,delete_closed,c83b5ad0a3d3b4a5a6fad2ddcd51c2971c04010fe14d9c5c5694750779be7b95
e15_query_a_delete_two,e15,held_out,query,delete_two,f5009e50db3a725a90f8985e69523ea663a847d5881491ca3e6e8fe1874554a2
e15_query_a_substitute,e15,held_out,query,substitute,76d431db89756647ca8f4951a7937cab9328c48171c9f45e26702f2a8b8f90d9
e15_query_a_insert,e15,held_out,query,insert,cdf8d057aa2d039cd2bd8aebe68a08c97be4f61d364c46dc04d38613d3bca880
e15_query_a_delete_insert,e15,held_out,query,delete_insert,096ad4c6a924e98e93c74a6f046678e41e28c00d1b1b8192db70ce9d623e5e97
e15_query_a_weak_present,e15,held_out,query,weak_present,3291f21c2b8804feb57afc283eb2dbd89b8ec4a8386ff6a5f3bcd93992637350
e15_query_a_mask_present,e15,held_out,query,mask_present,6a19ccc74f87504125e941b845912e609bdd815026388c434d3076cfdb79eb79
e15_query_a_mask_absent,e15,held_out,query,mask_absent,1ffd8d793e802c0bf5d3149416cb4b653d933c96c63047145fefb463f59a4cfc
e15_query_a_merged,e15,held_out,query,merged,9aef8398e9ed1b7b40205e5d4ad2b1287d9086068766d1254f4b33c12ca7e0de
e15_query_a_legitimate_rest,e15,held_out,query,legitimate_rest,3d7d57661f474304da46ad85d2c1ea53c39a15960e4eec84af17de5ccdfa2d16
e15_query_a_delete_transpose,e15,held_out,query,delete_transpose,0923f6cd4921d870f1546d1239d634650120da18380eb885a78adb155987a83b
e15_query_a_delete_timing,e15,held_out,query,delete_timing,61fd6995e5fe54d2156c79b03149559d54d4781663c97d3af47d54c96f7b2e61
e15_query_a_delete_detune,e15,held_out,query,delete_detune,16443aeb5d920ecb5888d7d7c8b875d7a9c8d7d27c46d51b49eea93b87d27561
e15_query_b_exact,e15,held_out,query,exact,7f48a36b125058cd5df56ac3f75e3c53567b7510f7f4693ac1563d917e20c895
e15_query_b_transpose,e15,held_out,query,transpose,f2a82fd11a6116427a11b3b11889bf4b86f10923428000c510a2c094516818fc
e15_query_b_detune,e15,held_out,query,detune,268409ffd2eb1228eb7d3449663de4a41afca493df37d0c179228b5def802476
e15_query_b_timing,e15,held_out,query,timing,80c6fe54a16b86acd0dedbebb07db5c87f7b08d9146f4a001625644e42d74f4f
e15_query_b_delete_rest,e15,held_out,query,delete_rest,9b752cdcd40a977bb7671ede92645ed95254df46f0e993710e1965ede047f51e
e15_query_b_delete_closed,e15,held_out,query,delete_closed,a880a3ad81feac786951f78b1fe6079293207b5017d5a111fd528184f8bb071e
e15_query_b_delete_two,e15,held_out,query,delete_two,f0b2379363ffd20daef72db33ab24fb1f094ca8fdf00446ea42612ea71438e5e
e15_query_b_substitute,e15,held_out,query,substitute,897a92e5d14b62deca258edcd585aa3762ad02165b07f7090ebac8959e750c2a
e15_query_b_insert,e15,held_out,query,insert,a84e74eb60c530adfad70c88b05fecf28eb569ff0d7cf4170336dd50a9b4490c
e15_query_b_delete_insert,e15,held_out,query,delete_insert,735dc3b71dc96acf8b865f10586490822c8640010dbc65a094f1d4d9ca465e9f
e15_query_b_weak_present,e15,held_out,query,weak_present,7feeea8674e0de475958ca08a0b36837591676ef5cc9947fb6728406f944adc5
e15_query_b_mask_present,e15,held_out,query,mask_present,ac86f2e8f818a9a57744e95ac85ac009965ff0538d7f4a2cc8a60f5239de7c04
e15_query_b_mask_absent,e15,held_out,query,mask_absent,555d013efe956ea8499cfc201db2971d29f23cd2c4fbd798e2843f7833228e9c
e15_query_b_merged,e15,held_out,query,merged,d24050365c7df9f2944b8d3d2c7659fa83d14ab9b0f06758b2c35507ef685c0a
e15_query_b_legitimate_rest,e15,held_out,query,legitimate_rest,8e088d122eeed74d597cbf5b566cc562f303b5db4ed3afce9459c535e6c534c4
e15_query_b_delete_transpose,e15,held_out,query,delete_transpose,96c8664b37e0eba4a81a98002fc94c22f784b35683c6793f416ef114876614ba
e15_query_b_delete_timing,e15,held_out,query,delete_timing,c784fce3493d1b0944d310ea311394009ffb66d591d50fb1d048fb611be6a6fe
e15_query_b_delete_detune,e15,held_out,query,delete_detune,4cbd9cba482088f237922c4a23b51aff2d1905e992c8a3ed9b915173a5172c35
e16_reference_a,e16,held_out,reference,base,0bbfb4dfb41800f1943fcab1f643b1cc0d2efc5d6c9283ab58c7d01f3a1dadb0
e16_reference_b,e16,held_out,reference,base,cfe9e8107c01db5dbf8d0b37a6e639fcc4f7611fffcbfec5bcac299591b08c8b
e16_distractor_0,e16,held_out,distractor,base,ac9f4d8ebd8f39f8c2eec141501bef0b48f9449d250fce573da37533171c6577
e16_distractor_1,e16,held_out,distractor,base,5b7a7eb2d5bba8809ab5f9d51bc2a86be73b6f38db6f5b27e2e27abc71011151
e16_distractor_2,e16,held_out,distractor,base,09500ceaf2c4156f15048ce915256076be8fccf4f534499bd8b8e4083106c891
e16_distractor_3,e16,held_out,distractor,base,2463916901b65356cdf41603a293fac469f535cadbc637e3821f87cc3956bb67
e16_distractor_4,e16,held_out,distractor,base,d3899385ef127a29a1b9f9b4566fc5dbd994ea517bd706db17d213a9775d9620
e16_distractor_5,e16,held_out,distractor,base,31e62d2e62a32db50a4a9cd6419dd11c751cb6f5fb9406520148fa91c24bf5ab
e16_distractor_6,e16,held_out,distractor,base,1ed7ddbcaa356cfe35f8bf996ba3013d9e338c5f905e02d509494ac443323ea6
e16_distractor_7,e16,held_out,distractor,base,25d213a05c6e6d666ff7b857efd7db9061d81e914e4abcd8820bbcf6c4b20786
e16_twin_a,e16,held_out,twin,base,c9c92af4134e87c533c419e31ce9568fa454a57478679f8e644fd5b1c9e70853
e16_query_a_exact,e16,held_out,query,exact,0bbfb4dfb41800f1943fcab1f643b1cc0d2efc5d6c9283ab58c7d01f3a1dadb0
e16_query_a_transpose,e16,held_out,query,transpose,0648761ffee47896396d1227811ac794a866d5255576f4138b8e471db2d32138
e16_query_a_detune,e16,held_out,query,detune,1440559201af7fc379ecea552af65a098d65d2f2331f0f70e8bafc2f42dc937c
e16_query_a_timing,e16,held_out,query,timing,33580762ff0c38f200830644ff5421746f27b560855c937cbe04e24d21a790d1
e16_query_a_delete_rest,e16,held_out,query,delete_rest,2defa4cb9797bc14fab371334962188a072af1ea5976f74d93f9163ff3452d5e
e16_query_a_delete_closed,e16,held_out,query,delete_closed,4154f9909c83ab9186835af204d4805de1f39a064536af7dcba4c28657e56541
e16_query_a_delete_two,e16,held_out,query,delete_two,129a63ded0038118e5ce56b49d0235151192abadf491b9d5099e8245e2b6abcb
e16_query_a_substitute,e16,held_out,query,substitute,ae01b2e7bc4d71fbeeb94a5c80db23be7c0c3311e9b3fde685ecde70ea35ddba
e16_query_a_insert,e16,held_out,query,insert,c63272b873d2344d2fc22b8831e870e55b9c2ec42abd0f3afa56c77c3db38d01
e16_query_a_delete_insert,e16,held_out,query,delete_insert,9b81cd17e1993ca5aae2dccffb5fb5a690becfe4b6664b606ae5410e56339565
e16_query_a_weak_present,e16,held_out,query,weak_present,6882fe92e4241295fb8fcfa142b7e1dc1f74f14911a2273ea52ad32ea2c8caf9
e16_query_a_mask_present,e16,held_out,query,mask_present,42c75f3c5535850f194b4261489f191d514054e04c81c30911ee17180e0c2ddd
e16_query_a_mask_absent,e16,held_out,query,mask_absent,e0283f9596841abdae3f15980ef4c31716124f644f1d41b317916ccc95264d40
e16_query_a_merged,e16,held_out,query,merged,3d2d3fe9cf4f2c6fe6d965437fa5fb9e3946aace18535007be7067333a86292b
e16_query_a_legitimate_rest,e16,held_out,query,legitimate_rest,617ba7e789d7f9cbef044041b21a1e134970a6ce73013998af854487ed412c60
e16_query_a_delete_transpose,e16,held_out,query,delete_transpose,817798ec8e7eabe05a43584e541bd1ca8c937183513dbb4b4b6fc85d18a62ba4
e16_query_a_delete_timing,e16,held_out,query,delete_timing,a31382d22afc27fc89f1400c839fbb6130ae1417394c51213651c79f3f25b8c5
e16_query_a_delete_detune,e16,held_out,query,delete_detune,04906909327382371701da70e79c32f77c48a3af79938a4eac4d6976d1110113
e16_query_b_exact,e16,held_out,query,exact,cfe9e8107c01db5dbf8d0b37a6e639fcc4f7611fffcbfec5bcac299591b08c8b
e16_query_b_transpose,e16,held_out,query,transpose,a0d3ba4b16a88135f6a2fbad741634c000e4200aa13ff58ee09d1884d2fc3ba3
e16_query_b_detune,e16,held_out,query,detune,30ef521133aabb19929879672973d436909be28001c0e1141003595c611c5d20
e16_query_b_timing,e16,held_out,query,timing,65151cf52105b74e31484f8cfd92b77567eb49bf48b920c6caad8d0921c8f437
e16_query_b_delete_rest,e16,held_out,query,delete_rest,06adf495fff87c1506214d94b497f16dd13355b004b8aa934e4f9616ee58d8ba
e16_query_b_delete_closed,e16,held_out,query,delete_closed,c2f7c665f3d9a8ee89c23e7baf26428d6e068d6529eb1a6c91706de3e811ac5f
e16_query_b_delete_two,e16,held_out,query,delete_two,536b6e161ec71b8f044fdb80d78c69e30edaab1f5e7943256e747721bd3170af
e16_query_b_substitute,e16,held_out,query,substitute,7a5d279683ae144ebb8786587ef448d6e4f1825ebf2a48d73627bdbb51e80284
e16_query_b_insert,e16,held_out,query,insert,177051f776389c01d305e1958f84b120175c07aff5b0933417c4559740c6205d
e16_query_b_delete_insert,e16,held_out,query,delete_insert,6c93f7c04c28e372fc4f04f0d4ff607403b627402e33e7e9e34e30bb5e309776
e16_query_b_weak_present,e16,held_out,query,weak_present,6dea2fa6e92a282365d15843fc75cb63ceeaedb5f1e2fbc030b95703cda56ce5
e16_query_b_mask_present,e16,held_out,query,mask_present,cc743b7cfdfe16832b025efd96a0410f8a90ade651d8d3264d4dc05e7d69c28c
e16_query_b_mask_absent,e16,held_out,query,mask_absent,9c887c657ba7055a48612be90f1abf866f1988d0e53d08cba132098c7bffed51
e16_query_b_merged,e16,held_out,query,merged,df03257290f377c27d8a58461d91cf4168f6a27e3619d4669c772b2b8b2026d1
e16_query_b_legitimate_rest,e16,held_out,query,legitimate_rest,9c47942bc881f61b060c5a0c3c91f0a081d76537d762a58d871374b9ddc98252
e16_query_b_delete_transpose,e16,held_out,query,delete_transpose,ddbf040160d4e92138bc1a657b67489a2104a0094bae711aec80f6042605f847
e16_query_b_delete_timing,e16,held_out,query,delete_timing,e163d79125960d865d80379bab86b36c407ae7bf68af0e9f2712963069f4f590
e16_query_b_delete_detune,e16,held_out,query,delete_detune,ab6cbbfa05784d3a49ad39fadf7f87c195b7d96a1d8c23d16bfb700cc8c7716f
e17_reference_a,e17,held_out,reference,base,705c205955c0eeb87f6625eaf06527e0bd66e76e0c329dd81694f585d5005e11
e17_reference_b,e17,held_out,reference,base,d4f3d88b70acf39755160b79457ec73cffdc4d36e2f567d708f0ea9c48b0e41b
e17_distractor_0,e17,held_out,distractor,base,6acc38aef587552bb7161e980f40175d6aff5a260e94e6b7572a3c6636269c16
e17_distractor_1,e17,held_out,distractor,base,a925e8edf451362ea72b45272d7e3cf8fcd505b71d0bedc2091547f847fde68f
e17_distractor_2,e17,held_out,distractor,base,42b5b0b69c58b99e7513715f437e251f29b930b0f155b2e3dc2bde7bafc7b189
e17_distractor_3,e17,held_out,distractor,base,19126fd13c40531fe41cdd96cf11fec4103c33a4c4dae29c3e5eab80d429e123
e17_distractor_4,e17,held_out,distractor,base,122a62bed47e028f8aef8f76f345fb4a3a7b2dc7cc242a429ad9a871f8c801ef
e17_distractor_5,e17,held_out,distractor,base,47456272590d91074670967d39fb8f69873b029b780664c77df7fd5184c9c21e
e17_distractor_6,e17,held_out,distractor,base,122e74eb85dc91762e6656d446fcd124030fc7703424593ac4c968edcaa47253
e17_distractor_7,e17,held_out,distractor,base,29ceb356bc0ca74aaafb0e64f3e43f86f30c423aa0b389a460632f127b58c2c5
e17_twin_a,e17,held_out,twin,base,a283db14983b91c18c0a9ef87fe795c6d712beec8a138a3decf3c94cf92a34fc
e17_query_a_exact,e17,held_out,query,exact,705c205955c0eeb87f6625eaf06527e0bd66e76e0c329dd81694f585d5005e11
e17_query_a_transpose,e17,held_out,query,transpose,c28e47270bc6c287f70dc6a0c41d917a16a5411a2ee6848c045e20a1cc617e64
e17_query_a_detune,e17,held_out,query,detune,785fee97f4c8f5176b7c28075f043bf648acaa6d00a2f00ad4bd785bc8a37b1a
e17_query_a_timing,e17,held_out,query,timing,fccd3c0b784bf2d9b9c06d3878dfcf7b23dc083d6c23b6118b2f13d2491478bf
e17_query_a_delete_rest,e17,held_out,query,delete_rest,e21d5dc1c48708102c796c59bfc730f8c26534f0508b5db660597a57bc558ad3
e17_query_a_delete_closed,e17,held_out,query,delete_closed,84b01134d7948c4474c53f7402319360b5a25931392ca7792d0b1bbeedb99bef
e17_query_a_delete_two,e17,held_out,query,delete_two,347eb3b9822298c8ec4bfb3f1dcd890151e61b470390af82aeffaaf163dafc15
e17_query_a_substitute,e17,held_out,query,substitute,05033f44b65a51ef1b1f20d886ff3e28419b671b0478826b9ee880ed1a7a73ee
e17_query_a_insert,e17,held_out,query,insert,b0a3cb5ea9abdf38711cec66f4cdd0e8434c64641cab4f6dcbf1f936097744f9
e17_query_a_delete_insert,e17,held_out,query,delete_insert,5064536461738738833b143fc872bc66132fabd865d19bcb379f5d23d5c343b1
e17_query_a_weak_present,e17,held_out,query,weak_present,7d71908c8e46247e0569f1df817f8300befc8ec55ad856130f98fcd767e5322c
e17_query_a_mask_present,e17,held_out,query,mask_present,89ea9065ab15f9c7398bbeef7a309155c8d501a0fcb60b23060675a443619415
e17_query_a_mask_absent,e17,held_out,query,mask_absent,e30abfcd77d9399fd4bbf56b1bae406469293f7de10d143bc11da3778e9d0d5e
e17_query_a_merged,e17,held_out,query,merged,974bf05f21e412931ca6f612cab4938681089edc85785b7da5cb34cb5f6ea5ed
e17_query_a_legitimate_rest,e17,held_out,query,legitimate_rest,8f54969c4c2003b0a63807d795ae53d142fa0d783e32c0481b8f0348c2457632
e17_query_a_delete_transpose,e17,held_out,query,delete_transpose,f7d512e82977fa48a2e330e964ccf3e9f90cd4f2e6b0c3922021481df46ef864
e17_query_a_delete_timing,e17,held_out,query,delete_timing,dd890da2c18a9dd8fed62d60a37bf876942470e5c3eb9ce811ba204d7770be8f
e17_query_a_delete_detune,e17,held_out,query,delete_detune,d00b955e78a60752c302d3de71eb80700454a4f97254110902d2e62408873c8e
e17_query_b_exact,e17,held_out,query,exact,d4f3d88b70acf39755160b79457ec73cffdc4d36e2f567d708f0ea9c48b0e41b
e17_query_b_transpose,e17,held_out,query,transpose,457fe7ff57f19ddef29e260bdf7a9659f51605f9a6e844e773ad54bc14a744e3
e17_query_b_detune,e17,held_out,query,detune,3427c385197a869957384d590c9c0538e309d89993464d6d590e5ff29986343b
e17_query_b_timing,e17,held_out,query,timing,c193148d9e18799d98aa7bcf474879ffb96b29749035800eb1056982f61cb03a
e17_query_b_delete_rest,e17,held_out,query,delete_rest,2fee810eb76b08782942f586077f3fa879980f1407c7d7b8cefd0265c67b6bf6
e17_query_b_delete_closed,e17,held_out,query,delete_closed,ae947b47805e53e2768d5144a93e28449b49a28c029215c2221ac798c16cd43e
e17_query_b_delete_two,e17,held_out,query,delete_two,386a376fab3fb75354e3bf1d4b195d1a4149dbe17d78bbb0aaa6e52e2841a3bd
e17_query_b_substitute,e17,held_out,query,substitute,f4e2401596aa6d52eb66f1c5b741b0a44a74abd09520ca04a25127b95de3dcf9
e17_query_b_insert,e17,held_out,query,insert,4f3524d3eab4c0a1ae6f114efdcd705265f75df500d17865381a7062df76c7fd
e17_query_b_delete_insert,e17,held_out,query,delete_insert,e2f66ef2f9ba57592d2f368e7c49398f42f5506256d25f215e9b452ac44c4652
e17_query_b_weak_present,e17,held_out,query,weak_present,fdcceea94f88274656b0148f81a7695af1ea7e75ca1618aa8d0cf376b805050d
e17_query_b_mask_present,e17,held_out,query,mask_present,d24ff96024daa46827bd2694ac95b753d1087da1851637e74d10f9af79d13318
e17_query_b_mask_absent,e17,held_out,query,mask_absent,8ee1f05157e67639cac7b67a05402b50ed2e765e9241a193316e02a99c62f747
e17_query_b_merged,e17,held_out,query,merged,e37d8034b6e39f3e482b77a3470ed2f8f1602ae2585b6dc8f403fde2478b5958
e17_query_b_legitimate_rest,e17,held_out,query,legitimate_rest,a3e1b2a6d34849b4fd32cce207be546eed4d995275623d8e1eb67b40c28f34e5
e17_query_b_delete_transpose,e17,held_out,query,delete_transpose,d635288295ac71c3afc54440d65472b8fa688bd14bf116d475995387b4032326
e17_query_b_delete_timing,e17,held_out,query,delete_timing,0d9a8deacb1176855187881dc630ac7d85921d8da323da037e712b3affcab80d
e17_query_b_delete_detune,e17,held_out,query,delete_detune,13f4f37352dbae478f137896e581955013568654dffe1ef9b1a53f59483fccac
e18_reference_a,e18,held_out,reference,base,b5bd635c3a149af4def0abacb0a41b73a162068cda9910293b70961cf59cd408
e18_reference_b,e18,held_out,reference,base,5aba53d8de318cb373fc74f9fd7a3555a8f1fc9ba36b1abed4ff8d05ce0fa77e
e18_distractor_0,e18,held_out,distractor,base,1efc62df843fad94ff1dd9014e989cd3e16499c76158e1d451a37d3f3bb51cb2
e18_distractor_1,e18,held_out,distractor,base,ecc02f6f76d1c22d403d27fdd3f27bde008436b748540e293722b086a86559f8
e18_distractor_2,e18,held_out,distractor,base,1b5203028ed546d5d29bfd21883b95697a366b045488034fddf52b4e2cc2c79f
e18_distractor_3,e18,held_out,distractor,base,6bafabfa8083a39fcbb4605ac836ffd54d7f5d4ce02cf5d62560a76410be57a1
e18_distractor_4,e18,held_out,distractor,base,82d2eda0b63cb0e8547e4fde99c5e71b13fd93ed8717ee3cff0b9cf80f8009cd
e18_distractor_5,e18,held_out,distractor,base,881e2bb14eb1861975caf7e99a84aca1958a134c270bf4aa0d2a3a19effa1a9d
e18_distractor_6,e18,held_out,distractor,base,9033868927a5cd138fe8889cfc224f29eb3ff2421d5d8ae0d701fd18324a130c
e18_distractor_7,e18,held_out,distractor,base,4345a7b621f23174f2429c84950fc12c7ead1afa719e21b520620d1189bb4565
e18_twin_a,e18,held_out,twin,base,ed1aaf4715e5f8fe531421713acc6b72b5975cfdf038ac0e8be516c4c9bab669
e18_query_a_exact,e18,held_out,query,exact,b5bd635c3a149af4def0abacb0a41b73a162068cda9910293b70961cf59cd408
e18_query_a_transpose,e18,held_out,query,transpose,493e49af1110336d14ddf46152f9c860a83d5f96553c806b404512e66f01f6b4
e18_query_a_detune,e18,held_out,query,detune,556c1f185373689a1e0c068aa51f9a7f4de81893c62fd1e469026638ac686b30
e18_query_a_timing,e18,held_out,query,timing,d110c2148c44f6b3c83b0d5b6244bbbc3ac7edeaff925fd6556cfe3815805424
e18_query_a_delete_rest,e18,held_out,query,delete_rest,e87ad725ff8977301cc2e7e24a362e7dfff30d5b34088b6241f5bf8f85116dbd
e18_query_a_delete_closed,e18,held_out,query,delete_closed,4dd8543fef4f5ebc00304a9c2240578f48995dbbb926f574223cb4cfad76e581
e18_query_a_delete_two,e18,held_out,query,delete_two,9e7d560f10d079ff55d6ace4987d21f1d65d1f83c8c279ca0500f5b474d5c6b1
e18_query_a_substitute,e18,held_out,query,substitute,a51964b01bd180bc0b989b87bc730792fa030edc65e2c001aa972d81b0e6a295
e18_query_a_insert,e18,held_out,query,insert,d1f7d09ff43244704ac4d98be2eb4992135f658e4ddcd5326a710b99335f9cab
e18_query_a_delete_insert,e18,held_out,query,delete_insert,4e9e01133b67c4d569b555fd17a8f3b2d0cb17bfe2c814b786ba6ea6ebc60af5
e18_query_a_weak_present,e18,held_out,query,weak_present,9236ceb33441a7a9005d9db718cf178758879fe1a06904c1818693f906273575
e18_query_a_mask_present,e18,held_out,query,mask_present,f9c186d40420bd9ffd855bbbccbe99e61c8d09e17dde4a1b500d46147493c4a3
e18_query_a_mask_absent,e18,held_out,query,mask_absent,9c3917ec63a43ec79e07cdee481ee13a1f55ada09f5b6d49f4999b27612c87dd
e18_query_a_merged,e18,held_out,query,merged,6a9207ac8300fb5a51ed76b986277b7470564c072358862f52d8378203df18cd
e18_query_a_legitimate_rest,e18,held_out,query,legitimate_rest,7879e770839d72fc3f8b6849c167b1fc011b4a5f7d780cf1136b4a9e91f77840
e18_query_a_delete_transpose,e18,held_out,query,delete_transpose,9ea0a908a96b7142e5c51c448f27094baebdd5c16833b581c9f178a820346851
e18_query_a_delete_timing,e18,held_out,query,delete_timing,0af6194fe6a2d004ddc3bb4638822724138d26265c3f5a6d8c734966f2fc47e3
e18_query_a_delete_detune,e18,held_out,query,delete_detune,74efab47cba4a84f58a70df0d0885e543891bbff2ce5a2f1bfba2524b3279a19
e18_query_b_exact,e18,held_out,query,exact,5aba53d8de318cb373fc74f9fd7a3555a8f1fc9ba36b1abed4ff8d05ce0fa77e
e18_query_b_transpose,e18,held_out,query,transpose,524102b96af2a48ebe53ed831356c03106f41f71a1e18c2d2946b92aa7c82a81
e18_query_b_detune,e18,held_out,query,detune,a0ccae82682d509afb4c9da093c959e598554433c8766635ef6e15e74c3a2c18
e18_query_b_timing,e18,held_out,query,timing,5c65ae705de8b2c59656e9ee99bd1b868852ad44d214ef875a03bc07eb347140
e18_query_b_delete_rest,e18,held_out,query,delete_rest,035b18019e5187a98a26b3e126acfaeb58cbb4bc5e70a50d81a4d9fbfca8919d
e18_query_b_delete_closed,e18,held_out,query,delete_closed,a8047713286552e4d6aa9b2ed2890599394719c294f375757f707984d9876ccb
e18_query_b_delete_two,e18,held_out,query,delete_two,9f9799f39c9a27c946fdb99e6f8d66b7a474bba92d53f1ed1e890487b889505d
e18_query_b_substitute,e18,held_out,query,substitute,01845d15840c12cb79317a6edaec97ccc48b7675c1aec47c6cfa349c1c0bd818
e18_query_b_insert,e18,held_out,query,insert,bc4e158512ec8fcca400464263ede7004c326d6f66fb6f8da4b2836ea8747103
e18_query_b_delete_insert,e18,held_out,query,delete_insert,7878345ca1bcef9d577d21990cac8201a11b3ae07d40ba8469cbbfa6c710a2df
e18_query_b_weak_present,e18,held_out,query,weak_present,b8af3705c51ef6b61a75335fed81bc6b290f10dde3b8f447a520d78a37dd1333
e18_query_b_mask_present,e18,held_out,query,mask_present,7a42108613836f337943cff43bc30c78ff814c02f1632dd8574bc2c3d1b5a923
e18_query_b_mask_absent,e18,held_out,query,mask_absent,b311025480c1bb9e6327b9e0d90ef55a54ce31425a0536dbf0f6034e051e34eb
e18_query_b_merged,e18,held_out,query,merged,615613647f9e1ae451c8b4975cf9c51ccb82db23999e9928b9aee128192b315e
e18_query_b_legitimate_rest,e18,held_out,query,legitimate_rest,b170a969f150ed5f190de3173e89811adfdcfe0140f7e5fa0124767a23a8999c
e18_query_b_delete_transpose,e18,held_out,query,delete_transpose,579a5f81617b79d6bda43f21387657c7149d8f30d72a27c0fc44cb0b1ae63dda
e18_query_b_delete_timing,e18,held_out,query,delete_timing,ee405de59f84576bcd2b0bef70cd9dec07ad53a6845607617cb941765fcf6370
e18_query_b_delete_detune,e18,held_out,query,delete_detune,657403b828c59342b7ed92dc857f6110339757d0a217e8cdb5460c82875c0322
e19_reference_a,e19,held_out,reference,base,d0cca29ba84be4ef89ebfd82dccbd662d04777b6331438c3a5198fd0a80601a4
e19_reference_b,e19,held_out,reference,base,6ac19c331a8bddf31c2be4b275358564f05beac278f075cd67fcdacd0f9df578
e19_distractor_0,e19,held_out,distractor,base,11ae4f6b0e0658e1ebd069e47d950664e48a8eecea5601b301a19c8efc6503cd
e19_distractor_1,e19,held_out,distractor,base,663c95f1d57a73086cc01f151f2d60b7a2da2fdfe1310ac9c630b138c12dbf94
e19_distractor_2,e19,held_out,distractor,base,19a58842900afb09cf1344c9bd89c55e1b5b878d8dcd2037aab572a8fd311366
e19_distractor_3,e19,held_out,distractor,base,e9b0a90d8e39d05fbfab2c4222a79c8e0072f4d8cf20472b9c530960fd8792da
e19_distractor_4,e19,held_out,distractor,base,0a8f5fd43f3be07dd2b91322c1f375ff5d48b1c78679eb99a92b509883f0bf25
e19_distractor_5,e19,held_out,distractor,base,1de98b602d6231e9db943d64ecd8c998d573ea0c6307750eda00bf8e43cb0b33
e19_distractor_6,e19,held_out,distractor,base,309b33e0742e569ed44369d62cb8ec24efb96f946966aae7b0c1b513246f601b
e19_distractor_7,e19,held_out,distractor,base,d4392c797d067646770c0ce0d63140e7b33184da048aa579b8684e7ccc3e2531
e19_twin_a,e19,held_out,twin,base,92c4e2f950a4744281fad866894bdf7619d16acdf3fbdb5b4cde1301c6bf1f8a
e19_query_a_exact,e19,held_out,query,exact,d0cca29ba84be4ef89ebfd82dccbd662d04777b6331438c3a5198fd0a80601a4
e19_query_a_transpose,e19,held_out,query,transpose,b2bfe68e8ed2029517ee79baf3963fb34cb6c4d574200342e68a105aab88a1e6
e19_query_a_detune,e19,held_out,query,detune,e4455a6996aa16a9bca0eb8d7a747616de411576acb0c5db188bf2894e2a3f69
e19_query_a_timing,e19,held_out,query,timing,ca4132442b156b9fb81d73d0392e5776434d6c15405b55912ae2fe0e1b856035
e19_query_a_delete_rest,e19,held_out,query,delete_rest,088f24a0f21f4e5f3a9803eb496f314c6289474ea5e5ac4bc816de5b5e1c4518
e19_query_a_delete_closed,e19,held_out,query,delete_closed,7ce92d0669b9211ce597b008d4a4f4c6417533f1f7fe096300bfe38bf5d27a4b
e19_query_a_delete_two,e19,held_out,query,delete_two,4828ad460607496e2be8fb28ecab5a7990e965e31586f3c8205492c0e67a7b9c
e19_query_a_substitute,e19,held_out,query,substitute,1485dffb65f7566ac03315678ba52f9294a8d3c2ffdc75d4b08435442020437f
e19_query_a_insert,e19,held_out,query,insert,94726fc6bd3c8b80baec5c3279fa5cdb71231b29d6cea088ca8d4f16e8e0cf00
e19_query_a_delete_insert,e19,held_out,query,delete_insert,59679553a16f849259cc8f785f2731880d4879486a13d287a33912af03f51fda
e19_query_a_weak_present,e19,held_out,query,weak_present,b70f807220f16968a0e77e955df113f4eb1ccd607ae92ac093bd831f380218c1
e19_query_a_mask_present,e19,held_out,query,mask_present,9b56c262361703b219ea1780906c086a45079f066d1d8158c530b6816e2db90e
e19_query_a_mask_absent,e19,held_out,query,mask_absent,6cfc96118e624d797e7910ebe2d8d00e0c0ed013a4b34ad1ddb3c8499ebc0839
e19_query_a_merged,e19,held_out,query,merged,5244f808b909572c50299cc24c23664178c783eb78d61258e915c869fbf241d9
e19_query_a_legitimate_rest,e19,held_out,query,legitimate_rest,176628b3f1948b0eb3898c7d22da2079474afc021765d50b00b53a90a4fcfa42
e19_query_a_delete_transpose,e19,held_out,query,delete_transpose,4ba453c6a97f2595d79e0e403edf429701cced4734bdefa406fc4e287a2a80c8
e19_query_a_delete_timing,e19,held_out,query,delete_timing,534764cd3d422a8adae3281134abf8205c1ff5b9d877a2d712093d56b7702097
e19_query_a_delete_detune,e19,held_out,query,delete_detune,2e576cfbd70aacc5086a101349fab3967a1db8b3b5d149f8474f85fdd92b3582
e19_query_b_exact,e19,held_out,query,exact,6ac19c331a8bddf31c2be4b275358564f05beac278f075cd67fcdacd0f9df578
e19_query_b_transpose,e19,held_out,query,transpose,5fb4a5f0d72098f53a1f2c633036c1bbf05e357d60c42a9f46a97a4bc7bfeda3
e19_query_b_detune,e19,held_out,query,detune,4d27f5d910c902f3909ef4bd0fec804d27cf0bd4bd722e900ba15431eff5beb0
e19_query_b_timing,e19,held_out,query,timing,51de4c6cbb1df6315b623efabea41485372776119e3a3279ecd2770c51de42b7
e19_query_b_delete_rest,e19,held_out,query,delete_rest,81a9df1276151e7d1d0b9c44fe6a4d27a41e3831bd8f555100ef59ef86f634f5
e19_query_b_delete_closed,e19,held_out,query,delete_closed,55aedc831e7fb2ac0313f195a98b16d31d5f605c7b13f431dc15adf8c80e36f2
e19_query_b_delete_two,e19,held_out,query,delete_two,e36f27646907578dfd618fa2e1d7786515ded9e43bc9bd68a8c2a349cf848948
e19_query_b_substitute,e19,held_out,query,substitute,6575ca82e10b8c231ceb7989725f12573da22d784453f4f07109da8507d5fa66
e19_query_b_insert,e19,held_out,query,insert,f0f5bcde2626c136c1bf89c2af3a3a5ee7d8846459e8bd734e63ec22c692b032
e19_query_b_delete_insert,e19,held_out,query,delete_insert,c94412811923332e5f3f28b8168dcf4d48a2442ae600346fe1b91f090b8ed8c2
e19_query_b_weak_present,e19,held_out,query,weak_present,78d77aae66d8d5fa5c2da37c2a574ba674bbfd50f0ffc1438f5ea7482a7133ad
e19_query_b_mask_present,e19,held_out,query,mask_present,371dfa35490a9103e6e8e830247ddcf19ee83a9e2b3b12cdf6b3f423d47a5685
e19_query_b_mask_absent,e19,held_out,query,mask_absent,feba7e513c15b7ac370159482bdd7b8abe35654e6b888d8af8c4306c4aa35f17
e19_query_b_merged,e19,held_out,query,merged,841cb66f24fa4d09ee43cc96f43ad9bc622d0c4f7a58a73bad8af3d3684d44ef
e19_query_b_legitimate_rest,e19,held_out,query,legitimate_rest,bd1febd5050c9c313a4775e2f1454f7bfb23139d621d93f02c88cab8983502b6
e19_query_b_delete_transpose,e19,held_out,query,delete_transpose,cc576d5320c414172d3533cba155f998bc3ba59be4ab0b3ad143f4eaf1200c34
e19_query_b_delete_timing,e19,held_out,query,delete_timing,cd541bb6729a3fbaa0561b03737928533ce3ed347dbb8f26fd93b7700faa5bcb
e19_query_b_delete_detune,e19,held_out,query,delete_detune,7f888beeac0bb17678c4bd56ba8aec239f38fa7481d396bf489ddd5c68518579
e20_reference_a,e20,held_out,reference,base,f826d8c7d1445c4767ba250392df053a03b81d4569f40192d9acf996e70b9c5a
e20_reference_b,e20,held_out,reference,base,156d3ddec74bcd33252ed12930f20e218f1f3bb490e0a0a944647c91b424cb0b
e20_distractor_0,e20,held_out,distractor,base,3955cbd60f2afff4fe29705e088f1d29a589bdb3d9e99c64cfd9d378cba8a0da
e20_distractor_1,e20,held_out,distractor,base,de9ef35f8f2dc3a31a4dcb6617c2477e7a090feb66ef29e2757358e0d17933ca
e20_distractor_2,e20,held_out,distractor,base,c1b0c3dda2d714ae9889b9fcdf9162dee370fabd3c4c606e266097290f7288b8
e20_distractor_3,e20,held_out,distractor,base,e6c267c954ec24ec33f3ad6f12e9f9a63febb4089668cb3cda976996cda87705
e20_distractor_4,e20,held_out,distractor,base,53c32ca678a2f47a674b2cfc031485595208b79f027e206cfb008f52708db563
e20_distractor_5,e20,held_out,distractor,base,1171a309fa782692afa15645d51550e677b50e52ec19b5f68c73f4ae2d65bcfb
e20_distractor_6,e20,held_out,distractor,base,e1386384c92624b96d068e2a1698c640b1f8e1f245eec58904a6f498e5708e74
e20_distractor_7,e20,held_out,distractor,base,74e4b1762830fbb1e9407cd4e7267ce5bce85f2fdcbc7209310a0fe799283fd5
e20_twin_a,e20,held_out,twin,base,7725ce10669a7fb58740c3a0e0bd3c691a40c5180b8165330abc49890961552f
e20_query_a_exact,e20,held_out,query,exact,f826d8c7d1445c4767ba250392df053a03b81d4569f40192d9acf996e70b9c5a
e20_query_a_transpose,e20,held_out,query,transpose,0bb1b7acaed358bfb1a1dddd2351026c08c216ecf9dbd87602bb054dc3ac993e
e20_query_a_detune,e20,held_out,query,detune,93fb6f323b79516ef3ae1a5be5459b8bab950945868e266e96c876608cdf9a90
e20_query_a_timing,e20,held_out,query,timing,4e0205c0ce370ee4bf1cce9ed0f5b4b0cb9245e3a8be017a84fa27721ef0a437
e20_query_a_delete_rest,e20,held_out,query,delete_rest,bf8ada2b5994e26c4bca7717b6ea0eeb15377876e586e5d61aa3664a4253473b
e20_query_a_delete_closed,e20,held_out,query,delete_closed,f81624549c1c32788d65617494002fcbc251ea243e316c99627f3d07e2920c73
e20_query_a_delete_two,e20,held_out,query,delete_two,4612a7f2fddb75213f6dafe37437efb045ad045e1d6beeaf39862425dd158649
e20_query_a_substitute,e20,held_out,query,substitute,3778ec42d2a23bd8d164fed3e3dee585e6a3fb485a3369179f48f030b8fc9b8a
e20_query_a_insert,e20,held_out,query,insert,795cf469a60aaa8422b3acc712cc69fd4e75c0d7e06d3b5ab2fc674ff8d99c1d
e20_query_a_delete_insert,e20,held_out,query,delete_insert,b0ac737b3e1db801a52f384e8a89fd9443b6ed15087370bfa0d41afb8fae1be4
e20_query_a_weak_present,e20,held_out,query,weak_present,08558192a9d190b1f1267e47351b61897d7738842aa8bf817e0375bc785c6107
e20_query_a_mask_present,e20,held_out,query,mask_present,889a2fc46d40a775fd40ccbc74ef2070615997db20778d1bb60891e64cd24df3
e20_query_a_mask_absent,e20,held_out,query,mask_absent,9f274618d311fae75b64b87ecd480bbb4ffbcf9033dda20d90d9824da90ef2c8
e20_query_a_merged,e20,held_out,query,merged,b2173e1571128c2358cc121004b3d9a81b52b76034b1d835852afd6ba3d4fa57
e20_query_a_legitimate_rest,e20,held_out,query,legitimate_rest,d0e3e16c87229677e0421fa7a64d4292b348fc90dab7641fad06152d4bb20d3c
e20_query_a_delete_transpose,e20,held_out,query,delete_transpose,5495c38e35c1f0f14de8f03a1888d113c54ecede3bdbc0fed643f963b878fd81
e20_query_a_delete_timing,e20,held_out,query,delete_timing,ff7be35d44d7754e353bfd4588a3cd085c62ede7ace7e1e9d0a537d34309faf5
e20_query_a_delete_detune,e20,held_out,query,delete_detune,65eee09303dc080018fe2252534f2290c7872ada3d25328df24092fd3cb93543
e20_query_b_exact,e20,held_out,query,exact,156d3ddec74bcd33252ed12930f20e218f1f3bb490e0a0a944647c91b424cb0b
e20_query_b_transpose,e20,held_out,query,transpose,844316480a5ae1fbdca3a11fa8f57b19eab4752d5be8dad6aaa3694be8791c19
e20_query_b_detune,e20,held_out,query,detune,e7fffe4c503649c13685354cc1098ea5c25c39b83420a04d93f87195e9e480af
e20_query_b_timing,e20,held_out,query,timing,679c1d493f1adfa48dd718ad8fd667e1cfd6b44f451820d320ac6b4d86cac497
e20_query_b_delete_rest,e20,held_out,query,delete_rest,b870db44bdca2cf24f7d527123ffcefc7bc3dfcbbebbe4c3a35606c75aa3de05
e20_query_b_delete_closed,e20,held_out,query,delete_closed,1e430170cf90a09634e9fbc28303bd5f7b14eee0ac2067ab1ae0dde85d1c3336
e20_query_b_delete_two,e20,held_out,query,delete_two,1e558e72946cfecd44a88356c049379085986e59bd4209c11c3320922b2e258e
e20_query_b_substitute,e20,held_out,query,substitute,37a934534cd5edc21427d6d5e9825dae6cffc028641ad5a95fe6a79659a329c4
e20_query_b_insert,e20,held_out,query,insert,c612d604dbadcbd496f37bf05093ca991df3289dc737d53967f2e9f7efd5e7fe
e20_query_b_delete_insert,e20,held_out,query,delete_insert,2abfeba1df2a106f759df80e470ee3ea1635d7496624ac5c9a71ec715e315794
e20_query_b_weak_present,e20,held_out,query,weak_present,f9f604bf2b24ce082b34433ee5f465672c3cd9d347b5cf5aaa2d389e1fba3a7c
e20_query_b_mask_present,e20,held_out,query,mask_present,63b1ea0951ab2b68ab5d753f087b4f81cb7a35bf500b03a1d9bd08b58acf06a2
e20_query_b_mask_absent,e20,held_out,query,mask_absent,1edfcfce9a6cf5c29d0997749695ce95ac284f17353e0dbe101a07aa5d8dbfc3
e20_query_b_merged,e20,held_out,query,merged,5092acef9e13b87c3e693c4ad08027990111fa4456e617f54f75dee667607a29
e20_query_b_legitimate_rest,e20,held_out,query,legitimate_rest,b24658bd5baf3f00717a5733e51f715bfeb343dc9a851fe3278958dbb1c09b6e
e20_query_b_delete_transpose,e20,held_out,query,delete_transpose,473841070050fe52cd6820764e42dc7f506abdc18c19cd9f7bf0e23747356f00
e20_query_b_delete_timing,e20,held_out,query,delete_timing,386aa517ab54415b69c25b7702b0376d89d5aef2a52c275a28fa26c338d9e5d7
e20_query_b_delete_detune,e20,held_out,query,delete_detune,b099269ef2ce4ca0f5ff441408fee2afb748235cdbb30dbb88e0fb69cd2ed294
e21_reference_a,e21,held_out,reference,base,af978d991e10cd862951d3f44d7eb1eb54c127835e1d676eea5df101598994ae
e21_reference_b,e21,held_out,reference,base,7a70e68d528a1c793c16bdcb12b2228d4175f5c6709d4898c789d6ad01e608ea
e21_distractor_0,e21,held_out,distractor,base,f55116fd4e67710b74ba77bdb5cd2dae40b7b8bcc57a1d87c6f391ce09301b8e
e21_distractor_1,e21,held_out,distractor,base,596f0ab9af0a3a74be92801c94c126824f507bf200a31c34269298882674c30d
e21_distractor_2,e21,held_out,distractor,base,ed44f1ca03708e872b0bd8892b3b2107a049a83f0ddf5011985d17f438eb6656
e21_distractor_3,e21,held_out,distractor,base,eeab907a329913c154de2fae41351fc0459acad0b5f11e5dfb1ced8f2f503791
e21_distractor_4,e21,held_out,distractor,base,53c97d26268fb61ca9f1fe4d0c21059d8657fc7d6455a21f742721f5e9acc46c
e21_distractor_5,e21,held_out,distractor,base,71fd4e7d8e8f1963ade4a3b82ecc75425eac4abaf3feb2997a9ab2f5abe89da2
e21_distractor_6,e21,held_out,distractor,base,f66ee39f7e981c0573999cc597c50435fba3233bfc70c21c8785ee20a5f3dafe
e21_distractor_7,e21,held_out,distractor,base,35bf6d6b1c4847ee0f773ceafc11e3d036ac3a08cc1ff214067e04adc34e6757
e21_twin_a,e21,held_out,twin,base,a8fa962d5e26bd8e0b6a98e450078e91346fd426617c4e1c26917b2b7c2cd403
e21_query_a_exact,e21,held_out,query,exact,af978d991e10cd862951d3f44d7eb1eb54c127835e1d676eea5df101598994ae
e21_query_a_transpose,e21,held_out,query,transpose,fd4b2db5c198a68be5029da539258d3394593481057bef5f09833d73dd4c9311
e21_query_a_detune,e21,held_out,query,detune,fc60be37de79300e71676350b22424cedd1f36b0394ec17188bbddf518554ba3
e21_query_a_timing,e21,held_out,query,timing,b1230442d163823f6f6d5a082182d99f01d297ca8d238f4588f77f2fc51db86a
e21_query_a_delete_rest,e21,held_out,query,delete_rest,4718e1bb7944c4eb759875ca7693e8b9f4baaabde4902900e2e27788b8d5ec05
e21_query_a_delete_closed,e21,held_out,query,delete_closed,f460e359dba94dbb965068e43415a3ff62215b9379cc387c5d306acaac489511
e21_query_a_delete_two,e21,held_out,query,delete_two,52efbbd204a1a005950f3e249836c8022ed61f43e1694dab180c58f534dd77b2
e21_query_a_substitute,e21,held_out,query,substitute,bc2d7a66700f6027ebe89db8849b28ff79ad317a27ab6ac065deda43cdda27b9
e21_query_a_insert,e21,held_out,query,insert,3e1288a0baba89cfc771f714f21da89000942c6dc18e47c992b53c970444f271
e21_query_a_delete_insert,e21,held_out,query,delete_insert,b5c743d19329df690a69c27408a60aefc66c8f9443c9f483aa51bb632c1c5053
e21_query_a_weak_present,e21,held_out,query,weak_present,1eb1e83f4be3cfb967b24444a13497fca83445a89b9fcee618a768baae4d6615
e21_query_a_mask_present,e21,held_out,query,mask_present,c836503a79d646c0690ff8d46c0f21cc9a1bcb646e0ac466558aa08a877814bc
e21_query_a_mask_absent,e21,held_out,query,mask_absent,9af5654add7dbf672e900e8325bcec4433fa638074827e9d0b7839fb3c919e29
e21_query_a_merged,e21,held_out,query,merged,9d5fe61cdca179e207e2086220ef6931491fe86e2938392df379255dd10fc6ee
e21_query_a_legitimate_rest,e21,held_out,query,legitimate_rest,f41694b2a656f0fdaeb22a5d67e0238eafb1277edb1597170b3abde49e72a209
e21_query_a_delete_transpose,e21,held_out,query,delete_transpose,fde9d65933c1026ba7901b4eec993c06b5f69a88b7e2d4e84cc02f2af70c770f
e21_query_a_delete_timing,e21,held_out,query,delete_timing,2bbcc5e2ebff20380717fe136c35d25fb38417c08f80081732e37e1885168dc5
e21_query_a_delete_detune,e21,held_out,query,delete_detune,35ab7067b716782a6e19aaf44258ee7493252293f4fe3ce03759707f7c02301e
e21_query_b_exact,e21,held_out,query,exact,7a70e68d528a1c793c16bdcb12b2228d4175f5c6709d4898c789d6ad01e608ea
e21_query_b_transpose,e21,held_out,query,transpose,02a908cecb382c61b5301ea357c4e8e140ab2d7aa5cde6df9d83ebe3bd6ac3da
e21_query_b_detune,e21,held_out,query,detune,70c727cb2ad21598bb107f6598dced9a7dad0367ec10f2ec0cab5f3f17e6d0d3
e21_query_b_timing,e21,held_out,query,timing,cca35f28724bf0f44c98f3ff2d82cf546a6b7ce59dd1a274600d2b1b07d95f92
e21_query_b_delete_rest,e21,held_out,query,delete_rest,6a0c680d8678b31d61cd711f63ad7fa82bbeec120d101d0db24268df175c4e57
e21_query_b_delete_closed,e21,held_out,query,delete_closed,b56bf1b960595e54a781b8e3fd218ef174d6a15882243b3e08c3a9b44475cdda
e21_query_b_delete_two,e21,held_out,query,delete_two,1ec1f1680b92d0d747049df5c6c6d52cb6af2adceaaf6906cf22ee794d5b3e70
e21_query_b_substitute,e21,held_out,query,substitute,1816d221b19ac7fdc439066938d9b9a7fc7e57ca0311afa3fff2906ccecb219b
e21_query_b_insert,e21,held_out,query,insert,b4990776bda957d54f9126e82feac779bc9240bb5b6b411a04086de5384f46fe
e21_query_b_delete_insert,e21,held_out,query,delete_insert,0612b12fdcc0fbf51e3a29315739b9dc8c32404f013b7c19e3b8772a3ccccbb1
e21_query_b_weak_present,e21,held_out,query,weak_present,a31ee3e7ef8194268d8759d9dfcf338fc05c5b6842bd83ba5b47f26c85f9c678
e21_query_b_mask_present,e21,held_out,query,mask_present,45a449d18a254cdb992e88014bd65a00370bfa544ea9d75b7b19b866978cf5ad
e21_query_b_mask_absent,e21,held_out,query,mask_absent,6c074f1ab57938fddfd4afee8e89ab2ef7978343052854102f2e4b90f6f7d559
e21_query_b_merged,e21,held_out,query,merged,b420f30a462e581b6176232a12b4773924fcd6ca160d2b6a37883f006db22709
e21_query_b_legitimate_rest,e21,held_out,query,legitimate_rest,26aa6e6135b9a4b1603b262c76f6644a73ce9344bd21984cc290da9ba5bcbc2e
e21_query_b_delete_transpose,e21,held_out,query,delete_transpose,4051c6e129dce45c4c971f832f2fdcaf25d092b0b004759302de4d7da0442b0a
e21_query_b_delete_timing,e21,held_out,query,delete_timing,d64793fc5b8f88a76f7da1723fb8e1da973248c73e69978828f7193ee9e85cf8
e21_query_b_delete_detune,e21,held_out,query,delete_detune,897773bc4388ef1298312efb0abd2402a2851281964c227cbd7a8589d86a458a
e22_reference_a,e22,held_out,reference,base,237a5f355e16b38d8dd9372601fdd6e442a647d588537985845d4237b070e729
e22_reference_b,e22,held_out,reference,base,c73259f41f7f00f29a2fc6898bb195df575bd53ad6a92e86a8eea02605de1167
e22_distractor_0,e22,held_out,distractor,base,9b01d7e446afb2b69aa23f5f1535ac6c5004f6113a1143b181297b442a02b215
e22_distractor_1,e22,held_out,distractor,base,0f6f8a9ec4455c3e627d279afa7b63f4cfb9d26105173591d4a213356472e6bb
e22_distractor_2,e22,held_out,distractor,base,d6d3178f85819730ff09f6acd8fbbc7c87627db35807e1adc4239c4b06782b81
e22_distractor_3,e22,held_out,distractor,base,8c41760800af7d189645697fede296c01e988b08e4c1d7ba946b6aaffc5f5478
e22_distractor_4,e22,held_out,distractor,base,2ef38d9fdfe7c5d96c0b9db221811bafc546395aff573ae16af9deb910bc9e2c
e22_distractor_5,e22,held_out,distractor,base,5b30e6184124805ecbe7ce732cb478476caf38bf6664ac96dfc6730794fe958d
e22_distractor_6,e22,held_out,distractor,base,000204fbe7b46a056abc459aa35d7331496118c7ac8f33d0ff031feef14e2c0b
e22_distractor_7,e22,held_out,distractor,base,32a6d7f9a5f57266d1c658ac490cc332773ace7546d6415bc07c6d9263cd4c6a
e22_twin_a,e22,held_out,twin,base,39a61d5e99d55a3306a2f3acb946a6ae983fdaefc440632c37f34b9e61fa5acf
e22_query_a_exact,e22,held_out,query,exact,237a5f355e16b38d8dd9372601fdd6e442a647d588537985845d4237b070e729
e22_query_a_transpose,e22,held_out,query,transpose,2b3739130eb7320b54e62bb595bd687efaada4fbe31328c20a6af669d47effc3
e22_query_a_detune,e22,held_out,query,detune,f06b8a28fcc5d821d03602ccfca6515c41908024c232474407f9bb496797cd81
e22_query_a_timing,e22,held_out,query,timing,70a1b4a5b5dedb195ca099caf42dd80d8a1a6f90abf88c8477441fbdb2b73729
e22_query_a_delete_rest,e22,held_out,query,delete_rest,b33c4535c54f9b4f9b16bed4d99e708debbadc3c1aad6d2e2e270505bd83755f
e22_query_a_delete_closed,e22,held_out,query,delete_closed,d36032f503280ce0132b3b593c32b32a697ee3f7bc8ea26dad97d731568c75be
e22_query_a_delete_two,e22,held_out,query,delete_two,cafc26f188b0f926ac831d256578d2b029ae4956a678ae8c45dcd0e2b61ce48d
e22_query_a_substitute,e22,held_out,query,substitute,65098c7695e58b2a3e4d142a80afbb4851d90326a24239206cf2b7ecaf103387
e22_query_a_insert,e22,held_out,query,insert,003c2967c8f0dcb364005f5d2d109c5f7549d29786c1226afcf10b4f736290b7
e22_query_a_delete_insert,e22,held_out,query,delete_insert,c20db8a8fd1680b7bf46bd78a5914021f3141b2637268a59d53cb38faac8c6f7
e22_query_a_weak_present,e22,held_out,query,weak_present,26d86968d28ae557a7d1d69d1d5d4785891ba3efd8b30690a7968f7fcaa9bd3b
e22_query_a_mask_present,e22,held_out,query,mask_present,44a50c841a3d8534639246acf3a1d7a00dd750a1f3dc63fbef25a9838ea89d56
e22_query_a_mask_absent,e22,held_out,query,mask_absent,4a3c3c173f44ec3e0ac7328fad975a120c916610b2f9dc8a70bc11c107a2eb65
e22_query_a_merged,e22,held_out,query,merged,fa826923d96f876c84da8943d838bbcef1be7073c5bdf9480d3985514ba6f961
e22_query_a_legitimate_rest,e22,held_out,query,legitimate_rest,91d75ff1c412863681594e693b2b3d8c1acd0befcbc9b024f422ded8c4edeb91
e22_query_a_delete_transpose,e22,held_out,query,delete_transpose,dcf402bdc8597fce89df0e340ae5aa5f8e8c39589336cd284b6984a61d92fcbb
e22_query_a_delete_timing,e22,held_out,query,delete_timing,6b81a4a2560d1303ef0d59aec139b18cb30a7d2795083f5e2c787e1193e466f1
e22_query_a_delete_detune,e22,held_out,query,delete_detune,5c647ebffad39aff992abad6190eec644d4204309f4561b5c8335fd072b3e351
e22_query_b_exact,e22,held_out,query,exact,c73259f41f7f00f29a2fc6898bb195df575bd53ad6a92e86a8eea02605de1167
e22_query_b_transpose,e22,held_out,query,transpose,4ba6c4794ca6836739b30e9b3572a3aa29bb33de31e6adbaeb559666d0509bd0
e22_query_b_detune,e22,held_out,query,detune,2b5d5daa9aae9de4c1d8dbc5707badfe27ba36de7253281db4970906a0486728
e22_query_b_timing,e22,held_out,query,timing,575821d436beaaa34295afd8ef8cefed61baa2d485c2203dc9c837b09d3f5e72
e22_query_b_delete_rest,e22,held_out,query,delete_rest,53815a5eb9c8c8d8eda57246d7e2ef59e6b1d3ce9ada2bd33636dfb135bd4315
e22_query_b_delete_closed,e22,held_out,query,delete_closed,9a246a843936d1fea146062ba7000c7839a25119fe886b2a9714ca9ada5c5f83
e22_query_b_delete_two,e22,held_out,query,delete_two,291a9b5bd45c409a6cbe3de95f352d6c9049255d45f32ff1048c3e20aeceb934
e22_query_b_substitute,e22,held_out,query,substitute,d8b4765bf2eedf8dad2e34e832a73858526120f5539c37b33fef20b05d6f5d2f
e22_query_b_insert,e22,held_out,query,insert,2f86a255fa8bb4e8d8dd33ec08b0f668d2bf4777d98e6d76060a76635ab0d629
e22_query_b_delete_insert,e22,held_out,query,delete_insert,76c33e23f9bcddfbac36598799cce593bebb87ab21cb2de3a6bbc1816b00b95b
e22_query_b_weak_present,e22,held_out,query,weak_present,9d3971dafdcc3c8a3209fe455564fb40f09b0aa57b4531ef9cf8ffc1fa3b07e1
e22_query_b_mask_present,e22,held_out,query,mask_present,5267bf88e522b8378dd6164294469642f298fef5457dbf4b8a578c946dadfce7
e22_query_b_mask_absent,e22,held_out,query,mask_absent,3f1c23c25c92531afd483b5feef34af6d4ff48e2365c5856b741f49c5029b732
e22_query_b_merged,e22,held_out,query,merged,142f402fa97d1d5a68d87674b9d9d06a3152088a6c1b1143586a73689a7568ef
e22_query_b_legitimate_rest,e22,held_out,query,legitimate_rest,5e28cb6efc1dad8716b3e7e5c702c7708ddb5bb3eb40928e792714f9555795bb
e22_query_b_delete_transpose,e22,held_out,query,delete_transpose,754c87b11420a54daf14c3ff8ff077da8b7105c29be99da8f7a5f27a74631ddb
e22_query_b_delete_timing,e22,held_out,query,delete_timing,867248736e1fa268280cc4248da7471fdc159e7f0e07d010128e3d822b169e36
e22_query_b_delete_detune,e22,held_out,query,delete_detune,ae4d2f40e7e3f7b65f829b8f51f0dd4f7568f522352f2f3306703784e6e9e3b9
e23_reference_a,e23,held_out,reference,base,32c27dbffc0f6c5f24f290e0b0d627e4e0390733ba22668ebd635c27fb2de6d0
e23_reference_b,e23,held_out,reference,base,34c6c345a71e22dd49dcd160f5cf215f0046c33a47042d017a25e1c0fca0d058
e23_distractor_0,e23,held_out,distractor,base,0f8bbeeb81733e0fb6b994cbeb37d1e1e8c534b0516bc1593650ba28c47f46b8
e23_distractor_1,e23,held_out,distractor,base,b46dc1be8efc036b5629290fda10d649f8632ef03cc73f67f4592108b54504bd
e23_distractor_2,e23,held_out,distractor,base,fe38593716d9754edf9e0c59fc127badb3ee8d18b1f94d466a73077bc35a52f6
e23_distractor_3,e23,held_out,distractor,base,7a823fef67e9b188fb8f24135231dd9f903ca4530a9843af23a79ef05d0ae08d
e23_distractor_4,e23,held_out,distractor,base,4318907344d0c4dcfa6f729d7bcf972ee40211f40b9f30290f51e34a2f25c265
e23_distractor_5,e23,held_out,distractor,base,b8d288cf99cb34924cc2261e3fd907c1e1020930b5f5a3e189d97efbb9b72a09
e23_distractor_6,e23,held_out,distractor,base,d921cae3db1b398e2102e86a4bd029a923b5955be7ed2088d785423d7be1ae13
e23_distractor_7,e23,held_out,distractor,base,1c042c41508b15d53db78bc4a9fd45cd01ad393cb9ae825eab9ba1323ff89844
e23_twin_a,e23,held_out,twin,base,5c6a7cbdc7de5ef7dddbe5b1c012366ec5a3aba7fbf6136bcacb5d94acf0476f
e23_query_a_exact,e23,held_out,query,exact,32c27dbffc0f6c5f24f290e0b0d627e4e0390733ba22668ebd635c27fb2de6d0
e23_query_a_transpose,e23,held_out,query,transpose,b1b20ae14c0c056ae40b0c527dc313149c84e16f05455a7ceb650aaa4315bf8c
e23_query_a_detune,e23,held_out,query,detune,e91d6b37c0406808aa73e2ba31abdaad2480fcb473b26d75691b08e57c742d26
e23_query_a_timing,e23,held_out,query,timing,cdf98c0e5d74b910cdea7b9fd604c80cd132ab97776ce6dcae5fc66cb4ac53c6
e23_query_a_delete_rest,e23,held_out,query,delete_rest,aff5b0312c6bb46313597dd6622bb4c21dfdd73fec4ee034957e100878924318
e23_query_a_delete_closed,e23,held_out,query,delete_closed,9511533f46eea2e9c2ceb913edcf478816687dc035a3eecb20ae3a3460cdf5d6
e23_query_a_delete_two,e23,held_out,query,delete_two,8e8daa373b2ec5692f72ea456efd4a86005bd678b2a7f0311eb75deabf66c918
e23_query_a_substitute,e23,held_out,query,substitute,7400a5fc9bfe0dc466f4c1d04775489854aeaa78ec68bbdf001b1a0edc392017
e23_query_a_insert,e23,held_out,query,insert,1b7a0528140bf459663d68ca2c8cf6c500888a8de774dd25f18d2702bbdb86d1
e23_query_a_delete_insert,e23,held_out,query,delete_insert,dfc4c1b2fbb9900615b7bfcb3ca621428050fb8f275c7dd1e2a58936bdaa450f
e23_query_a_weak_present,e23,held_out,query,weak_present,c1178a87be41bc4b1849846388f4e8df8aa35ca8b4c8f6b37db871517c166dc2
e23_query_a_mask_present,e23,held_out,query,mask_present,a36659882033def078acd95ad1ae62c96aae6dded0b97a9b918b5dbcf1996960
e23_query_a_mask_absent,e23,held_out,query,mask_absent,fef865c6207b01230fa2761cc98ca6af6edb0ea478804614294840833aaf386e
e23_query_a_merged,e23,held_out,query,merged,50ff60c62b73c26e21f15a341db56eabd613b3252b8728a918f5cceae307836f
e23_query_a_legitimate_rest,e23,held_out,query,legitimate_rest,6c6f469e1187ceb17cc3586377dc09aa9ae30cfb1f4cc8dcd667eb1b7faf713e
e23_query_a_delete_transpose,e23,held_out,query,delete_transpose,77d2f7110a7da620eebdf3e9b999c0134d699fadd9ac079d5f232524d07ca59c
e23_query_a_delete_timing,e23,held_out,query,delete_timing,7a5739599b2b27824529e9c8d984a3a0710704c7791b1ab2e3b0cbc61108d15d
e23_query_a_delete_detune,e23,held_out,query,delete_detune,90e0056b2dffb4008a173f66f42a9c17d27064c66ba8a0bedacbeff00a63019e
e23_query_b_exact,e23,held_out,query,exact,34c6c345a71e22dd49dcd160f5cf215f0046c33a47042d017a25e1c0fca0d058
e23_query_b_transpose,e23,held_out,query,transpose,fde7c97c8ffb1a128e0a8e383589e4794ad5d2113e907c7cdb860018f53acd89
e23_query_b_detune,e23,held_out,query,detune,8e3a272a76d46866898c5b5bfe20565769cbcece4cf160b60a17282d8f3978df
e23_query_b_timing,e23,held_out,query,timing,f4b2adb80608d5aa154c029d709ea67f2274136badd53d8adda2941ff531f8d5
e23_query_b_delete_rest,e23,held_out,query,delete_rest,b098e30986248317f9a95ae84613885126c931f499bfb32003a3e8766b445bf6
e23_query_b_delete_closed,e23,held_out,query,delete_closed,812800c2357219289f2730be877da8f30b3b49c6eb674fd2c1c519ec91370b5d
e23_query_b_delete_two,e23,held_out,query,delete_two,17a6b9a302f5adf5ac189d570681d71c9cd8fa891ac3d87c4f367a29053c7b0f
e23_query_b_substitute,e23,held_out,query,substitute,56f7e96c423b6c741d9fc9e9580ff1744c043ca29491a63091b221dd0df37104
e23_query_b_insert,e23,held_out,query,insert,25beaf653fc2d6dc72d20544d830b22fe7966a622f9239cda08de936380f9d7a
e23_query_b_delete_insert,e23,held_out,query,delete_insert,80f2fedcac15f8fe5a01781ed42fd0e3e421bbc977011bb2c01fe4f1a3cf6242
e23_query_b_weak_present,e23,held_out,query,weak_present,9a7ac8b1eaed32edbd2a90b10116c180de1ab03ac79e8502567e80475a85a794
e23_query_b_mask_present,e23,held_out,query,mask_present,de10c134f17c6065e8809d09c900a7b2f4e6c9a00716d9a3834cd1b57f61736b
e23_query_b_mask_absent,e23,held_out,query,mask_absent,9c8177f705535d209d3d7d72d0fd90fcd88039fb3ac1e4762869b05a680c8202
e23_query_b_merged,e23,held_out,query,merged,3f7c5f6f5f51c623489215eb73cf9c93a0937d987f4a054f0d0e6a20fad764f7
e23_query_b_legitimate_rest,e23,held_out,query,legitimate_rest,6285527c36f289ae7310df18f4a20f1966aa20d46110ce62ce7faf7a251580f2
e23_query_b_delete_transpose,e23,held_out,query,delete_transpose,67ea686607b73bdbaff25f31765e6f4e97cbe5abc10087afce40016e7812d127
e23_query_b_delete_timing,e23,held_out,query,delete_timing,3d494671c74373bd1f66d7f0babdb359f68aa7ba346b9f5037fc10398855102c
e23_query_b_delete_detune,e23,held_out,query,delete_detune,b092997b9198f0eced2e9244ba56602ba7e06268dbcdee48b78fffa71d0693e1
