model,group,cell,condition,variant,accuracy,log_loss,brier
streaming/absolute,civ-08,detached,intact,0,0.0,2.0802818946775288,1.0621252925000002
streaming/present,civ-08,detached,intact,0,0.0,2.0802818946775288,1.0621252925000002
streaming/recency,civ-08,detached,intact,0,0.0,6.907755278982137,1.90245
streaming/reference,civ-08,detached,intact,0,0.0,2.0802818946775288,1.0621252925000002
streaming/transition1,civ-08,detached,intact,0,0.0,10.819778284410283,1.99800098
streaming/transition2,civ-08,detached,intact,0,0.0,2.0802818946775288,1.0621252925000002
streaming/transition3,civ-08,detached,intact,0,0.0,2.0802818946775288,1.0621252925000002
fixed/absolute,civ-08,detached,intact,0,0.0,2.0802818946775288,1.0621252925000002
fixed/present,civ-08,detached,intact,0,0.0,2.0802818946775288,1.0621252925000002
fixed/recency,civ-08,detached,intact,0,0.0,2.1223490426911127,1.0444812499999996
fixed/reference,civ-08,detached,intact,0,0.0,2.0802818946775288,1.0621252925000002
fixed/transition1,civ-08,detached,intact,0,0.0,2.0802818946775288,1.0621252925000002
fixed/transition2,civ-08,detached,intact,0,0.0,2.0802818946775288,1.0621252925000002
fixed/transition3,civ-08,detached,intact,0,0.0,2.0802818946775288,1.0621252925000002
oracle-boundary/absolute,civ-08,detached,intact,0,1.0,0.0009804805139616427,9.800000000392828e-07
oracle-boundary/present,civ-08,detached,intact,0,0.0,2.0802818946775288,1.0621252925000002
oracle-boundary/recency,civ-08,detached,intact,0,0.0,6.907755278982137,1.90245
oracle-boundary/reference,civ-08,detached,intact,0,1.0,0.0009804805139616427,9.800000000392828e-07
oracle-boundary/transition1,civ-08,detached,intact,0,1.0,0.6941076416550698,0.5000004800000002
oracle-boundary/transition2,civ-08,detached,intact,0,1.0,0.0009804805139616427,9.800000000392828e-07
oracle-boundary/transition3,civ-08,detached,intact,0,1.0,0.0009804805139616427,9.800000000392828e-07
streaming/absolute,civ-08,detached,intact,1,1.0,0.0009804805139614205,9.800000000392828e-07
streaming/present,civ-08,detached,intact,1,0.0,2.0802818946775288,1.0621252925000002
streaming/recency,civ-08,detached,intact,1,0.0,6.907755278982137,1.90245
streaming/reference,civ-08,detached,intact,1,1.0,0.0009804805139614205,9.800000000392828e-07
streaming/transition1,civ-08,detached,intact,1,1.0,0.0009804805139614205,9.800000000392828e-07
streaming/transition2,civ-08,detached,intact,1,1.0,0.0009804805139614205,9.800000000392828e-07
streaming/transition3,civ-08,detached,intact,1,1.0,0.0009804805139614205,9.800000000392828e-07
fixed/absolute,civ-08,detached,intact,1,0.0,2.0802818946775288,1.0621252925000002
fixed/present,civ-08,detached,intact,1,0.0,2.0802818946775288,1.0621252925000002
fixed/recency,civ-08,detached,intact,1,0.0,2.1223490426911127,1.0444812499999996
fixed/reference,civ-08,detached,intact,1,0.0,2.0802818946775288,1.0621252925000002
fixed/transition1,civ-08,detached,intact,1,0.0,2.0802818946775288,1.0621252925000002
fixed/transition2,civ-08,detached,intact,1,0.0,2.0802818946775288,1.0621252925000002
fixed/transition3,civ-08,detached,intact,1,0.0,2.0802818946775288,1.0621252925000002
oracle-boundary/absolute,civ-08,detached,intact,1,1.0,0.0009804805139614205,9.800000000392828e-07
oracle-boundary/present,civ-08,detached,intact,1,0.0,2.0802818946775288,1.0621252925000002
oracle-boundary/recency,civ-08,detached,intact,1,0.0,6.907755278982137,1.90245
oracle-boundary/reference,civ-08,detached,intact,1,1.0,0.0009804805139614205,9.800000000392828e-07
oracle-boundary/transition1,civ-08,detached,intact,1,0.0,0.6941076416550698,0.5000004800000002
oracle-boundary/transition2,civ-08,detached,intact,1,1.0,0.0009804805139614205,9.800000000392828e-07
oracle-boundary/transition3,civ-08,detached,intact,1,1.0,0.0009804805139614205,9.800000000392828e-07
streaming/absolute,civ-08,legato,intact,0,0.0,2.0802818946775288,1.0621252925000002
streaming/present,civ-08,legato,intact,0,0.0,2.0802818946775288,1.0621252925000002
streaming/recency,civ-08,legato,intact,0,1.0,0.05024121643674679,0.0024500000000000632
streaming/reference,civ-08,legato,intact,0,0.0,2.0802818946775288,1.0621252925000002
streaming/transition1,civ-08,legato,intact,0,0.0,2.0802818946775288,1.0621252925000002
streaming/transition2,civ-08,legato,intact,0,0.0,2.0802818946775288,1.0621252925000002
streaming/transition3,civ-08,legato,intact,0,0.0,2.0802818946775288,1.0621252925000002
fixed/absolute,civ-08,legato,intact,0,0.0,2.0802818946775288,1.0621252925000002
fixed/present,civ-08,legato,intact,0,0.0,2.0802818946775288,1.0621252925000002
fixed/recency,civ-08,legato,intact,0,0.0,2.1223490426911127,1.0444812499999996
fixed/reference,civ-08,legato,intact,0,0.0,2.0802818946775288,1.0621252925000002
fixed/transition1,civ-08,legato,intact,0,0.0,2.0802818946775288,1.0621252925000002
fixed/transition2,civ-08,legato,intact,0,0.0,2.0802818946775288,1.0621252925000002
fixed/transition3,civ-08,legato,intact,0,0.0,2.0802818946775288,1.0621252925000002
oracle-boundary/absolute,civ-08,legato,intact,0,1.0,0.0009804805139616427,9.800000000392828e-07
oracle-boundary/present,civ-08,legato,intact,0,0.0,2.0802818946775288,1.0621252925000002
oracle-boundary/recency,civ-08,legato,intact,0,0.0,6.907755278982137,1.90245
oracle-boundary/reference,civ-08,legato,intact,0,1.0,0.0009804805139616427,9.800000000392828e-07
oracle-boundary/transition1,civ-08,legato,intact,0,1.0,0.6941076416550698,0.5000004800000002
oracle-boundary/transition2,civ-08,legato,intact,0,1.0,0.0009804805139616427,9.800000000392828e-07
oracle-boundary/transition3,civ-08,legato,intact,0,1.0,0.0009804805139616427,9.800000000392828e-07
streaming/absolute,civ-08,legato,intact,1,0.0,2.0802818946775288,1.0621252925000002
streaming/present,civ-08,legato,intact,1,0.0,2.0802818946775288,1.0621252925000002
streaming/recency,civ-08,legato,intact,1,0.0,6.907755278982137,1.90245
streaming/reference,civ-08,legato,intact,1,1.0,0.0009804805139614205,9.800000000392828e-07
streaming/transition1,civ-08,legato,intact,1,0.0,2.0802818946775288,1.0621252925000002
streaming/transition2,civ-08,legato,intact,1,0.0,2.0802818946775288,1.0621252925000002
streaming/transition3,civ-08,legato,intact,1,0.0,2.0802818946775288,1.0621252925000002
fixed/absolute,civ-08,legato,intact,1,0.0,2.0802818946775288,1.0621252925000002
fixed/present,civ-08,legato,intact,1,0.0,2.0802818946775288,1.0621252925000002
fixed/recency,civ-08,legato,intact,1,0.0,2.1223490426911127,1.0444812499999996
fixed/reference,civ-08,legato,intact,1,0.0,2.0802818946775288,1.0621252925000002
fixed/transition1,civ-08,legato,intact,1,0.0,2.0802818946775288,1.0621252925000002
fixed/transition2,civ-08,legato,intact,1,0.0,2.0802818946775288,1.0621252925000002
fixed/transition3,civ-08,legato,intact,1,0.0,2.0802818946775288,1.0621252925000002
oracle-boundary/absolute,civ-08,legato,intact,1,1.0,0.0009804805139614205,9.800000000392828e-07
oracle-boundary/present,civ-08,legato,intact,1,0.0,2.0802818946775288,1.0621252925000002
oracle-boundary/recency,civ-08,legato,intact,1,0.0,6.907755278982137,1.90245
oracle-boundary/reference,civ-08,legato,intact,1,1.0,0.0009804805139614205,9.800000000392828e-07
oracle-boundary/transition1,civ-08,legato,intact,1,0.0,0.6941076416550698,0.5000004800000002
oracle-boundary/transition2,civ-08,legato,intact,1,1.0,0.0009804805139614205,9.800000000392828e-07
oracle-boundary/transition3,civ-08,legato,intact,1,1.0,0.0009804805139614205,9.800000000392828e-07
streaming/absolute,civ-08,duration,intact,0,0.0,2.0802818946775288,1.0621252925000002
streaming/present,civ-08,duration,intact,0,0.0,2.0802818946775288,1.0621252925000002
streaming/recency,civ-08,duration,intact,0,0.0,2.1223490426911127,1.0444812499999996
streaming/reference,civ-08,duration,intact,0,0.0,2.0802818946775288,1.0621252925000002
streaming/transition1,civ-08,duration,intact,0,0.0,2.0802818946775288,1.0621252925000002
streaming/transition2,civ-08,duration,intact,0,0.0,2.0802818946775288,1.0621252925000002
streaming/transition3,civ-08,duration,intact,0,0.0,2.0802818946775288,1.0621252925000002
fixed/absolute,civ-08,duration,intact,0,0.0,2.0802818946775288,1.0621252925000002
fixed/present,civ-08,duration,intact,0,0.0,2.0802818946775288,1.0621252925000002
fixed/recency,civ-08,duration,intact,0,0.0,2.1223490426911127,1.0444812499999996
fixed/reference,civ-08,duration,intact,0,0.0,2.0802818946775288,1.0621252925000002
fixed/transition1,civ-08,duration,intact,0,0.0,2.0802818946775288,1.0621252925000002
fixed/transition2,civ-08,duration,intact,0,0.0,2.0802818946775288,1.0621252925000002
fixed/transition3,civ-08,duration,intact,0,0.0,2.0802818946775288,1.0621252925000002
oracle-boundary/absolute,civ-08,duration,intact,0,1.0,0.0009804805139616427,9.800000000392828e-07
oracle-boundary/present,civ-08,duration,intact,0,0.0,2.0802818946775288,1.0621252925000002
oracle-boundary/recency,civ-08,duration,intact,0,0.0,6.907755278982137,1.90245
oracle-boundary/reference,civ-08,duration,intact,0,1.0,0.0009804805139616427,9.800000000392828e-07
oracle-boundary/transition1,civ-08,duration,intact,0,1.0,0.6941076416550698,0.5000004800000002
oracle-boundary/transition2,civ-08,duration,intact,0,1.0,0.0009804805139616427,9.800000000392828e-07
oracle-boundary/transition3,civ-08,duration,intact,0,1.0,0.0009804805139616427,9.800000000392828e-07
streaming/absolute,civ-08,duration,intact,1,0.0,2.0802818946775288,1.0621252925000002
streaming/present,civ-08,duration,intact,1,0.0,2.0802818946775288,1.0621252925000002
streaming/recency,civ-08,duration,intact,1,0.0,2.1223490426911127,1.0444812499999996
streaming/reference,civ-08,duration,intact,1,0.0,2.0802818946775288,1.0621252925000002
streaming/transition1,civ-08,duration,intact,1,0.0,2.0802818946775288,1.0621252925000002
streaming/transition2,civ-08,duration,intact,1,0.0,2.0802818946775288,1.0621252925000002
streaming/transition3,civ-08,duration,intact,1,0.0,2.0802818946775288,1.0621252925000002
fixed/absolute,civ-08,duration,intact,1,0.0,2.0802818946775288,1.0621252925000002
fixed/present,civ-08,duration,intact,1,0.0,2.0802818946775288,1.0621252925000002
fixed/recency,civ-08,duration,intact,1,0.0,2.1223490426911127,1.0444812499999996
fixed/reference,civ-08,duration,intact,1,0.0,2.0802818946775288,1.0621252925000002
fixed/transition1,civ-08,duration,intact,1,0.0,2.0802818946775288,1.0621252925000002
fixed/transition2,civ-08,duration,intact,1,0.0,2.0802818946775288,1.0621252925000002
fixed/transition3,civ-08,duration,intact,1,0.0,2.0802818946775288,1.0621252925000002
oracle-boundary/absolute,civ-08,duration,intact,1,1.0,0.0009804805139614205,9.800000000392828e-07
oracle-boundary/present,civ-08,duration,intact,1,0.0,2.0802818946775288,1.0621252925000002
oracle-boundary/recency,civ-08,duration,intact,1,0.0,6.907755278982137,1.90245
oracle-boundary/reference,civ-08,duration,intact,1,1.0,0.0009804805139614205,9.800000000392828e-07
oracle-boundary/transition1,civ-08,duration,intact,1,0.0,0.6941076416550698,0.5000004800000002
oracle-boundary/transition2,civ-08,duration,intact,1,1.0,0.0009804805139614205,9.800000000392828e-07
oracle-boundary/transition3,civ-08,duration,intact,1,1.0,0.0009804805139614205,9.800000000392828e-07
streaming/absolute,civ-08,joint,intact,0,0.0,2.0802818946775288,1.0621252925000002
streaming/present,civ-08,joint,intact,0,0.0,2.0802818946775288,1.0621252925000002
streaming/recency,civ-08,joint,intact,0,0.0,2.1223490426911127,1.0444812499999996
streaming/reference,civ-08,joint,intact,0,0.0,2.0802818946775288,1.0621252925000002
streaming/transition1,civ-08,joint,intact,0,0.0,2.0802818946775288,1.0621252925000002
streaming/transition2,civ-08,joint,intact,0,0.0,2.0802818946775288,1.0621252925000002
streaming/transition3,civ-08,joint,intact,0,0.0,2.0802818946775288,1.0621252925000002
fixed/absolute,civ-08,joint,intact,0,0.0,2.0802818946775288,1.0621252925000002
fixed/present,civ-08,joint,intact,0,0.0,2.0802818946775288,1.0621252925000002
fixed/recency,civ-08,joint,intact,0,0.0,2.1223490426911127,1.0444812499999996
fixed/reference,civ-08,joint,intact,0,0.0,2.0802818946775288,1.0621252925000002
fixed/transition1,civ-08,joint,intact,0,0.0,2.0802818946775288,1.0621252925000002
fixed/transition2,civ-08,joint,intact,0,0.0,2.0802818946775288,1.0621252925000002
fixed/transition3,civ-08,joint,intact,0,0.0,2.0802818946775288,1.0621252925000002
oracle-boundary/absolute,civ-08,joint,intact,0,1.0,0.0009804805139616427,9.800000000392828e-07
oracle-boundary/present,civ-08,joint,intact,0,0.0,2.0802818946775288,1.0621252925000002
oracle-boundary/recency,civ-08,joint,intact,0,0.0,6.907755278982137,1.90245
oracle-boundary/reference,civ-08,joint,intact,0,1.0,0.0009804805139616427,9.800000000392828e-07
oracle-boundary/transition1,civ-08,joint,intact,0,1.0,0.6941076416550698,0.5000004800000002
oracle-boundary/transition2,civ-08,joint,intact,0,1.0,0.0009804805139616427,9.800000000392828e-07
oracle-boundary/transition3,civ-08,joint,intact,0,1.0,0.0009804805139616427,9.800000000392828e-07
streaming/absolute,civ-08,joint,intact,1,0.0,2.0802818946775288,1.0621252925000002
streaming/present,civ-08,joint,intact,1,0.0,2.0802818946775288,1.0621252925000002
streaming/recency,civ-08,joint,intact,1,0.0,2.1223490426911127,1.0444812499999996
streaming/reference,civ-08,joint,intact,1,0.0,2.0802818946775288,1.0621252925000002
streaming/transition1,civ-08,joint,intact,1,0.0,2.0802818946775288,1.0621252925000002
streaming/transition2,civ-08,joint,intact,1,0.0,2.0802818946775288,1.0621252925000002
streaming/transition3,civ-08,joint,intact,1,0.0,2.0802818946775288,1.0621252925000002
fixed/absolute,civ-08,joint,intact,1,0.0,2.0802818946775288,1.0621252925000002
fixed/present,civ-08,joint,intact,1,0.0,2.0802818946775288,1.0621252925000002
fixed/recency,civ-08,joint,intact,1,0.0,2.1223490426911127,1.0444812499999996
fixed/reference,civ-08,joint,intact,1,0.0,2.0802818946775288,1.0621252925000002
fixed/transition1,civ-08,joint,intact,1,0.0,2.0802818946775288,1.0621252925000002
fixed/transition2,civ-08,joint,intact,1,0.0,2.0802818946775288,1.0621252925000002
fixed/transition3,civ-08,joint,intact,1,0.0,2.0802818946775288,1.0621252925000002
oracle-boundary/absolute,civ-08,joint,intact,1,1.0,0.0009804805139614205,9.800000000392828e-07
oracle-boundary/present,civ-08,joint,intact,1,0.0,2.0802818946775288,1.0621252925000002
oracle-boundary/recency,civ-08,joint,intact,1,0.0,6.907755278982137,1.90245
oracle-boundary/reference,civ-08,joint,intact,1,1.0,0.0009804805139614205,9.800000000392828e-07
oracle-boundary/transition1,civ-08,joint,intact,1,0.0,0.6941076416550698,0.5000004800000002
oracle-boundary/transition2,civ-08,joint,intact,1,1.0,0.0009804805139614205,9.800000000392828e-07
oracle-boundary/transition3,civ-08,joint,intact,1,1.0,0.0009804805139614205,9.800000000392828e-07
streaming/absolute,civ-08,joint,reset,0,0.0,2.0802818946775288,1.0621252925000002
streaming/present,civ-08,joint,reset,0,0.0,2.0802818946775288,1.0621252925000002
streaming/recency,civ-08,joint,reset,0,0.0,2.1223490426911127,1.0444812499999996
streaming/reference,civ-08,joint,reset,0,0.0,2.0802818946775288,1.0621252925000002
streaming/transition1,civ-08,joint,reset,0,0.0,2.0802818946775288,1.0621252925000002
streaming/transition2,civ-08,joint,reset,0,0.0,2.0802818946775288,1.0621252925000002
streaming/transition3,civ-08,joint,reset,0,0.0,2.0802818946775288,1.0621252925000002
fixed/absolute,civ-08,joint,reset,0,0.0,2.0802818946775288,1.0621252925000002
fixed/present,civ-08,joint,reset,0,0.0,2.0802818946775288,1.0621252925000002
fixed/recency,civ-08,joint,reset,0,0.0,2.1223490426911127,1.0444812499999996
fixed/reference,civ-08,joint,reset,0,0.0,2.0802818946775288,1.0621252925000002
fixed/transition1,civ-08,joint,reset,0,0.0,2.0802818946775288,1.0621252925000002
fixed/transition2,civ-08,joint,reset,0,0.0,2.0802818946775288,1.0621252925000002
fixed/transition3,civ-08,joint,reset,0,0.0,2.0802818946775288,1.0621252925000002
oracle-boundary/absolute,civ-08,joint,reset,0,0.0,2.0802818946775288,1.0621252925000002
oracle-boundary/present,civ-08,joint,reset,0,0.0,2.0802818946775288,1.0621252925000002
oracle-boundary/recency,civ-08,joint,reset,0,0.0,2.1223490426911127,1.0444812499999996
oracle-boundary/reference,civ-08,joint,reset,0,0.0,2.0802818946775288,1.0621252925000002
oracle-boundary/transition1,civ-08,joint,reset,0,0.0,2.0802818946775288,1.0621252925000002
oracle-boundary/transition2,civ-08,joint,reset,0,0.0,2.0802818946775288,1.0621252925000002
oracle-boundary/transition3,civ-08,joint,reset,0,0.0,2.0802818946775288,1.0621252925000002
streaming/absolute,civ-08,joint,reset,1,0.0,2.0802818946775288,1.0621252925000002
streaming/present,civ-08,joint,reset,1,0.0,2.0802818946775288,1.0621252925000002
streaming/recency,civ-08,joint,reset,1,0.0,2.1223490426911127,1.0444812499999996
streaming/reference,civ-08,joint,reset,1,0.0,2.0802818946775288,1.0621252925000002
streaming/transition1,civ-08,joint,reset,1,0.0,2.0802818946775288,1.0621252925000002
streaming/transition2,civ-08,joint,reset,1,0.0,2.0802818946775288,1.0621252925000002
streaming/transition3,civ-08,joint,reset,1,0.0,2.0802818946775288,1.0621252925000002
fixed/absolute,civ-08,joint,reset,1,0.0,2.0802818946775288,1.0621252925000002
fixed/present,civ-08,joint,reset,1,0.0,2.0802818946775288,1.0621252925000002
fixed/recency,civ-08,joint,reset,1,0.0,2.1223490426911127,1.0444812499999996
fixed/reference,civ-08,joint,reset,1,0.0,2.0802818946775288,1.0621252925000002
fixed/transition1,civ-08,joint,reset,1,0.0,2.0802818946775288,1.0621252925000002
fixed/transition2,civ-08,joint,reset,1,0.0,2.0802818946775288,1.0621252925000002
fixed/transition3,civ-08,joint,reset,1,0.0,2.0802818946775288,1.0621252925000002
oracle-boundary/absolute,civ-08,joint,reset,1,0.0,2.0802818946775288,1.0621252925000002
oracle-boundary/present,civ-08,joint,reset,1,0.0,2.0802818946775288,1.0621252925000002
oracle-boundary/recency,civ-08,joint,reset,1,0.0,2.1223490426911127,1.0444812499999996
oracle-boundary/reference,civ-08,joint,reset,1,0.0,2.0802818946775288,1.0621252925000002
oracle-boundary/transition1,civ-08,joint,reset,1,0.0,2.0802818946775288,1.0621252925000002
oracle-boundary/transition2,civ-08,joint,reset,1,0.0,2.0802818946775288,1.0621252925000002
oracle-boundary/transition3,civ-08,joint,reset,1,0.0,2.0802818946775288,1.0621252925000002
streaming/absolute,civ-08,joint,removal,0,0.0,2.0802818946775288,1.0621252925000002
streaming/present,civ-08,joint,removal,0,0.0,2.0802818946775288,1.0621252925000002
streaming/recency,civ-08,joint,removal,0,0.0,2.1223490426911127,1.0444812499999996
streaming/reference,civ-08,joint,removal,0,0.0,2.0802818946775288,1.0621252925000002
streaming/transition1,civ-08,joint,removal,0,0.0,2.0802818946775288,1.0621252925000002
streaming/transition2,civ-08,joint,removal,0,0.0,2.0802818946775288,1.0621252925000002
streaming/transition3,civ-08,joint,removal,0,0.0,2.0802818946775288,1.0621252925000002
fixed/absolute,civ-08,joint,removal,0,0.0,2.0802818946775288,1.0621252925000002
fixed/present,civ-08,joint,removal,0,0.0,2.0802818946775288,1.0621252925000002
fixed/recency,civ-08,joint,removal,0,0.0,2.1223490426911127,1.0444812499999996
fixed/reference,civ-08,joint,removal,0,0.0,2.0802818946775288,1.0621252925000002
fixed/transition1,civ-08,joint,removal,0,0.0,2.0802818946775288,1.0621252925000002
fixed/transition2,civ-08,joint,removal,0,0.0,2.0802818946775288,1.0621252925000002
fixed/transition3,civ-08,joint,removal,0,0.0,2.0802818946775288,1.0621252925000002
oracle-boundary/absolute,civ-08,joint,removal,0,0.0,2.0802818946775288,1.0621252925000002
oracle-boundary/present,civ-08,joint,removal,0,0.0,2.0802818946775288,1.0621252925000002
oracle-boundary/recency,civ-08,joint,removal,0,0.0,2.1223490426911127,1.0444812499999996
oracle-boundary/reference,civ-08,joint,removal,0,0.0,2.0802818946775288,1.0621252925000002
oracle-boundary/transition1,civ-08,joint,removal,0,0.0,2.0802818946775288,1.0621252925000002
oracle-boundary/transition2,civ-08,joint,removal,0,0.0,2.0802818946775288,1.0621252925000002
oracle-boundary/transition3,civ-08,joint,removal,0,0.0,2.0802818946775288,1.0621252925000002
streaming/absolute,civ-08,joint,removal,1,0.0,2.0802818946775288,1.0621252925000002
streaming/present,civ-08,joint,removal,1,0.0,2.0802818946775288,1.0621252925000002
streaming/recency,civ-08,joint,removal,1,0.0,2.1223490426911127,1.0444812499999996
streaming/reference,civ-08,joint,removal,1,0.0,2.0802818946775288,1.0621252925000002
streaming/transition1,civ-08,joint,removal,1,0.0,2.0802818946775288,1.0621252925000002
streaming/transition2,civ-08,joint,removal,1,0.0,2.0802818946775288,1.0621252925000002
streaming/transition3,civ-08,joint,removal,1,0.0,2.0802818946775288,1.0621252925000002
fixed/absolute,civ-08,joint,removal,1,0.0,2.0802818946775288,1.0621252925000002
fixed/present,civ-08,joint,removal,1,0.0,2.0802818946775288,1.0621252925000002
fixed/recency,civ-08,joint,removal,1,0.0,2.1223490426911127,1.0444812499999996
fixed/reference,civ-08,joint,removal,1,0.0,2.0802818946775288,1.0621252925000002
fixed/transition1,civ-08,joint,removal,1,0.0,2.0802818946775288,1.0621252925000002
fixed/transition2,civ-08,joint,removal,1,0.0,2.0802818946775288,1.0621252925000002
fixed/transition3,civ-08,joint,removal,1,0.0,2.0802818946775288,1.0621252925000002
oracle-boundary/absolute,civ-08,joint,removal,1,0.0,2.0802818946775288,1.0621252925000002
oracle-boundary/present,civ-08,joint,removal,1,0.0,2.0802818946775288,1.0621252925000002
oracle-boundary/recency,civ-08,joint,removal,1,0.0,2.1223490426911127,1.0444812499999996
oracle-boundary/reference,civ-08,joint,removal,1,0.0,2.0802818946775288,1.0621252925000002
oracle-boundary/transition1,civ-08,joint,removal,1,0.0,2.0802818946775288,1.0621252925000002
oracle-boundary/transition2,civ-08,joint,removal,1,0.0,2.0802818946775288,1.0621252925000002
oracle-boundary/transition3,civ-08,joint,removal,1,0.0,2.0802818946775288,1.0621252925000002
streaming/absolute,civ-08,joint,swap,0,0.0,2.0802818946775288,1.0621252925000002
streaming/present,civ-08,joint,swap,0,0.0,2.0802818946775288,1.0621252925000002
streaming/recency,civ-08,joint,swap,0,0.0,2.1223490426911127,1.0444812499999996
streaming/reference,civ-08,joint,swap,0,0.0,2.0802818946775288,1.0621252925000002
streaming/transition1,civ-08,joint,swap,0,0.0,2.0802818946775288,1.0621252925000002
streaming/transition2,civ-08,joint,swap,0,0.0,2.0802818946775288,1.0621252925000002
streaming/transition3,civ-08,joint,swap,0,0.0,2.0802818946775288,1.0621252925000002
fixed/absolute,civ-08,joint,swap,0,0.0,2.0802818946775288,1.0621252925000002
fixed/present,civ-08,joint,swap,0,0.0,2.0802818946775288,1.0621252925000002
fixed/recency,civ-08,joint,swap,0,0.0,2.1223490426911127,1.0444812499999996
fixed/reference,civ-08,joint,swap,0,0.0,2.0802818946775288,1.0621252925000002
fixed/transition1,civ-08,joint,swap,0,0.0,2.0802818946775288,1.0621252925000002
fixed/transition2,civ-08,joint,swap,0,0.0,2.0802818946775288,1.0621252925000002
fixed/transition3,civ-08,joint,swap,0,0.0,2.0802818946775288,1.0621252925000002
oracle-boundary/absolute,civ-08,joint,swap,0,1.0,0.0009804805139614205,9.800000000392828e-07
oracle-boundary/present,civ-08,joint,swap,0,0.0,2.0802818946775288,1.0621252925000002
oracle-boundary/recency,civ-08,joint,swap,0,0.0,6.907755278982137,1.90245
oracle-boundary/reference,civ-08,joint,swap,0,1.0,0.0009804805139614205,9.800000000392828e-07
oracle-boundary/transition1,civ-08,joint,swap,0,0.0,0.6941076416550698,0.5000004800000002
oracle-boundary/transition2,civ-08,joint,swap,0,1.0,0.0009804805139614205,9.800000000392828e-07
oracle-boundary/transition3,civ-08,joint,swap,0,1.0,0.0009804805139614205,9.800000000392828e-07
streaming/absolute,civ-08,joint,swap,1,0.0,2.0802818946775288,1.0621252925000002
streaming/present,civ-08,joint,swap,1,0.0,2.0802818946775288,1.0621252925000002
streaming/recency,civ-08,joint,swap,1,0.0,2.1223490426911127,1.0444812499999996
streaming/reference,civ-08,joint,swap,1,0.0,2.0802818946775288,1.0621252925000002
streaming/transition1,civ-08,joint,swap,1,0.0,2.0802818946775288,1.0621252925000002
streaming/transition2,civ-08,joint,swap,1,0.0,2.0802818946775288,1.0621252925000002
streaming/transition3,civ-08,joint,swap,1,0.0,2.0802818946775288,1.0621252925000002
fixed/absolute,civ-08,joint,swap,1,0.0,2.0802818946775288,1.0621252925000002
fixed/present,civ-08,joint,swap,1,0.0,2.0802818946775288,1.0621252925000002
fixed/recency,civ-08,joint,swap,1,0.0,2.1223490426911127,1.0444812499999996
fixed/reference,civ-08,joint,swap,1,0.0,2.0802818946775288,1.0621252925000002
fixed/transition1,civ-08,joint,swap,1,0.0,2.0802818946775288,1.0621252925000002
fixed/transition2,civ-08,joint,swap,1,0.0,2.0802818946775288,1.0621252925000002
fixed/transition3,civ-08,joint,swap,1,0.0,2.0802818946775288,1.0621252925000002
oracle-boundary/absolute,civ-08,joint,swap,1,1.0,0.0009804805139616427,9.800000000392828e-07
oracle-boundary/present,civ-08,joint,swap,1,0.0,2.0802818946775288,1.0621252925000002
oracle-boundary/recency,civ-08,joint,swap,1,0.0,6.907755278982137,1.90245
oracle-boundary/reference,civ-08,joint,swap,1,1.0,0.0009804805139616427,9.800000000392828e-07
oracle-boundary/transition1,civ-08,joint,swap,1,1.0,0.6941076416550698,0.5000004800000002
oracle-boundary/transition2,civ-08,joint,swap,1,1.0,0.0009804805139616427,9.800000000392828e-07
oracle-boundary/transition3,civ-08,joint,swap,1,1.0,0.0009804805139616427,9.800000000392828e-07
streaming/absolute,civ-08,joint,shuffle,0,0.0,2.0802818946775288,1.0621252925000002
streaming/present,civ-08,joint,shuffle,0,0.0,2.0802818946775288,1.0621252925000002
streaming/recency,civ-08,joint,shuffle,0,0.0,2.1223490426911127,1.0444812499999996
streaming/reference,civ-08,joint,shuffle,0,0.0,2.0802818946775288,1.0621252925000002
streaming/transition1,civ-08,joint,shuffle,0,0.0,2.0802818946775288,1.0621252925000002
streaming/transition2,civ-08,joint,shuffle,0,0.0,2.0802818946775288,1.0621252925000002
streaming/transition3,civ-08,joint,shuffle,0,0.0,2.0802818946775288,1.0621252925000002
fixed/absolute,civ-08,joint,shuffle,0,0.0,2.0802818946775288,1.0621252925000002
fixed/present,civ-08,joint,shuffle,0,0.0,2.0802818946775288,1.0621252925000002
fixed/recency,civ-08,joint,shuffle,0,0.0,2.1223490426911127,1.0444812499999996
fixed/reference,civ-08,joint,shuffle,0,0.0,2.0802818946775288,1.0621252925000002
fixed/transition1,civ-08,joint,shuffle,0,0.0,2.0802818946775288,1.0621252925000002
fixed/transition2,civ-08,joint,shuffle,0,0.0,2.0802818946775288,1.0621252925000002
fixed/transition3,civ-08,joint,shuffle,0,0.0,2.0802818946775288,1.0621252925000002
oracle-boundary/absolute,civ-08,joint,shuffle,0,1.0,0.0009804805139616427,9.800000000392828e-07
oracle-boundary/present,civ-08,joint,shuffle,0,0.0,2.0802818946775288,1.0621252925000002
oracle-boundary/recency,civ-08,joint,shuffle,0,1.0,0.05024121643674679,0.0024500000000000632
oracle-boundary/reference,civ-08,joint,shuffle,0,1.0,0.0009804805139616427,9.800000000392828e-07
oracle-boundary/transition1,civ-08,joint,shuffle,0,1.0,0.6941076416550698,0.5000004800000002
oracle-boundary/transition2,civ-08,joint,shuffle,0,1.0,0.0009804805139616427,9.800000000392828e-07
oracle-boundary/transition3,civ-08,joint,shuffle,0,1.0,0.0009804805139616427,9.800000000392828e-07
streaming/absolute,civ-08,joint,shuffle,1,0.0,2.0802818946775288,1.0621252925000002
streaming/present,civ-08,joint,shuffle,1,0.0,2.0802818946775288,1.0621252925000002
streaming/recency,civ-08,joint,shuffle,1,0.0,2.1223490426911127,1.0444812499999996
streaming/reference,civ-08,joint,shuffle,1,0.0,2.0802818946775288,1.0621252925000002
streaming/transition1,civ-08,joint,shuffle,1,0.0,2.0802818946775288,1.0621252925000002
streaming/transition2,civ-08,joint,shuffle,1,0.0,2.0802818946775288,1.0621252925000002
streaming/transition3,civ-08,joint,shuffle,1,0.0,2.0802818946775288,1.0621252925000002
fixed/absolute,civ-08,joint,shuffle,1,0.0,2.0802818946775288,1.0621252925000002
fixed/present,civ-08,joint,shuffle,1,0.0,2.0802818946775288,1.0621252925000002
fixed/recency,civ-08,joint,shuffle,1,0.0,2.1223490426911127,1.0444812499999996
fixed/reference,civ-08,joint,shuffle,1,0.0,2.0802818946775288,1.0621252925000002
fixed/transition1,civ-08,joint,shuffle,1,0.0,2.0802818946775288,1.0621252925000002
fixed/transition2,civ-08,joint,shuffle,1,0.0,2.0802818946775288,1.0621252925000002
fixed/transition3,civ-08,joint,shuffle,1,0.0,2.0802818946775288,1.0621252925000002
oracle-boundary/absolute,civ-08,joint,shuffle,1,1.0,0.0009804805139614205,9.800000000392828e-07
oracle-boundary/present,civ-08,joint,shuffle,1,0.0,2.0802818946775288,1.0621252925000002
oracle-boundary/recency,civ-08,joint,shuffle,1,1.0,0.05024121643674679,0.0024500000000000632
oracle-boundary/reference,civ-08,joint,shuffle,1,1.0,0.0009804805139614205,9.800000000392828e-07
oracle-boundary/transition1,civ-08,joint,shuffle,1,0.0,0.6941076416550698,0.5000004800000002
oracle-boundary/transition2,civ-08,joint,shuffle,1,1.0,0.0009804805139614205,9.800000000392828e-07
oracle-boundary/transition3,civ-08,joint,shuffle,1,1.0,0.0009804805139614205,9.800000000392828e-07
streaming/absolute,civ-08,joint,ambiguous,0,0.0,2.0802818946775288,1.0621252925
streaming/present,civ-08,joint,ambiguous,0,0.0,2.0802818946775288,1.0621252925
streaming/recency,civ-08,joint,ambiguous,0,0.0,2.1223490426911127,1.04448125
streaming/reference,civ-08,joint,ambiguous,0,0.0,2.0802818946775288,1.0621252925
streaming/transition1,civ-08,joint,ambiguous,0,0.0,2.0802818946775288,1.0621252925
streaming/transition2,civ-08,joint,ambiguous,0,0.0,2.0802818946775288,1.0621252925
streaming/transition3,civ-08,joint,ambiguous,0,0.0,2.0802818946775288,1.0621252925
fixed/absolute,civ-08,joint,ambiguous,0,0.0,2.0802818946775288,1.0621252925
fixed/present,civ-08,joint,ambiguous,0,0.0,2.0802818946775288,1.0621252925
fixed/recency,civ-08,joint,ambiguous,0,0.0,2.1223490426911127,1.04448125
fixed/reference,civ-08,joint,ambiguous,0,0.0,2.0802818946775288,1.0621252925
fixed/transition1,civ-08,joint,ambiguous,0,0.0,2.0802818946775288,1.0621252925
fixed/transition2,civ-08,joint,ambiguous,0,0.0,2.0802818946775288,1.0621252925
fixed/transition3,civ-08,joint,ambiguous,0,0.0,2.0802818946775288,1.0621252925
oracle-boundary/absolute,civ-08,joint,ambiguous,0,1.0,0.6941076416550698,0.50000048
oracle-boundary/present,civ-08,joint,ambiguous,0,0.0,2.0802818946775288,1.0621252925
oracle-boundary/recency,civ-08,joint,ambiguous,0,0.0,3.4789982477094417,0.95245
oracle-boundary/reference,civ-08,joint,ambiguous,0,1.0,0.6941076416550698,0.50000048
oracle-boundary/transition1,civ-08,joint,ambiguous,0,1.0,0.6941076416550698,0.50000048
oracle-boundary/transition2,civ-08,joint,ambiguous,0,1.0,0.6941076416550698,0.50000048
oracle-boundary/transition3,civ-08,joint,ambiguous,0,1.0,0.6941076416550698,0.50000048
streaming/absolute,civ-08,joint,ambiguous,1,0.0,2.0802818946775288,1.0621252925
streaming/present,civ-08,joint,ambiguous,1,0.0,2.0802818946775288,1.0621252925
streaming/recency,civ-08,joint,ambiguous,1,0.0,2.1223490426911127,1.04448125
streaming/reference,civ-08,joint,ambiguous,1,0.0,2.0802818946775288,1.0621252925
streaming/transition1,civ-08,joint,ambiguous,1,0.0,2.0802818946775288,1.0621252925
streaming/transition2,civ-08,joint,ambiguous,1,0.0,2.0802818946775288,1.0621252925
streaming/transition3,civ-08,joint,ambiguous,1,0.0,2.0802818946775288,1.0621252925
fixed/absolute,civ-08,joint,ambiguous,1,0.0,2.0802818946775288,1.0621252925
fixed/present,civ-08,joint,ambiguous,1,0.0,2.0802818946775288,1.0621252925
fixed/recency,civ-08,joint,ambiguous,1,0.0,2.1223490426911127,1.04448125
fixed/reference,civ-08,joint,ambiguous,1,0.0,2.0802818946775288,1.0621252925
fixed/transition1,civ-08,joint,ambiguous,1,0.0,2.0802818946775288,1.0621252925
fixed/transition2,civ-08,joint,ambiguous,1,0.0,2.0802818946775288,1.0621252925
fixed/transition3,civ-08,joint,ambiguous,1,0.0,2.0802818946775288,1.0621252925
oracle-boundary/absolute,civ-08,joint,ambiguous,1,0.0,0.6941076416550698,0.50000048
oracle-boundary/present,civ-08,joint,ambiguous,1,0.0,2.0802818946775288,1.0621252925
oracle-boundary/recency,civ-08,joint,ambiguous,1,1.0,3.4789982477094417,0.95245
oracle-boundary/reference,civ-08,joint,ambiguous,1,0.0,0.6941076416550698,0.50000048
oracle-boundary/transition1,civ-08,joint,ambiguous,1,0.0,0.6941076416550698,0.50000048
oracle-boundary/transition2,civ-08,joint,ambiguous,1,0.0,0.6941076416550698,0.50000048
oracle-boundary/transition3,civ-08,joint,ambiguous,1,0.0,0.6941076416550698,0.50000048
streaming/absolute,civ-09,detached,intact,0,1.0,0.9817763680502767,0.5626252924999999
streaming/present,civ-09,detached,intact,0,1.0,0.9817763680502767,0.5626252924999999
streaming/recency,civ-09,detached,intact,0,1.0,0.05024121643674679,0.0024500000000000632
streaming/reference,civ-09,detached,intact,0,1.0,0.0009804805139616427,9.800000000392828e-07
streaming/transition1,civ-09,detached,intact,0,1.0,0.9817763680502767,0.5626252924999999
streaming/transition2,civ-09,detached,intact,0,1.0,0.9817763680502767,0.5626252924999999
streaming/transition3,civ-09,detached,intact,0,1.0,0.9817763680502767,0.5626252924999999
fixed/absolute,civ-09,detached,intact,0,1.0,0.9817763680502767,0.5626252924999999
fixed/present,civ-09,detached,intact,0,1.0,0.9817763680502767,0.5626252924999999
fixed/recency,civ-09,detached,intact,0,1.0,1.0293194621721604,0.5694812499999999
fixed/reference,civ-09,detached,intact,0,1.0,0.9817763680502767,0.5626252924999999
fixed/transition1,civ-09,detached,intact,0,1.0,0.9817763680502767,0.5626252924999999
fixed/transition2,civ-09,detached,intact,0,1.0,0.9817763680502767,0.5626252924999999
fixed/transition3,civ-09,detached,intact,0,1.0,0.9817763680502767,0.5626252924999999
oracle-boundary/absolute,civ-09,detached,intact,0,1.0,0.0009804805139616427,9.800000000392828e-07
oracle-boundary/present,civ-09,detached,intact,0,1.0,0.9817763680502767,0.5626252924999999
oracle-boundary/recency,civ-09,detached,intact,0,1.0,0.05024121643674679,0.0024500000000000632
oracle-boundary/reference,civ-09,detached,intact,0,1.0,0.0009804805139616427,9.800000000392828e-07
oracle-boundary/transition1,civ-09,detached,intact,0,1.0,0.69410764165507,0.50000048
oracle-boundary/transition2,civ-09,detached,intact,0,1.0,0.0009804805139616427,9.800000000392828e-07
oracle-boundary/transition3,civ-09,detached,intact,0,1.0,0.0009804805139616427,9.800000000392828e-07
streaming/absolute,civ-09,detached,intact,1,0.0,0.9817763680502767,0.5626252924999999
streaming/present,civ-09,detached,intact,1,0.0,0.9817763680502767,0.5626252924999999
streaming/recency,civ-09,detached,intact,1,1.0,0.05024121643674679,0.0024500000000000632
streaming/reference,civ-09,detached,intact,1,0.0,0.9817763680502767,0.5626252924999999
streaming/transition1,civ-09,detached,intact,1,0.0,0.9817763680502767,0.5626252924999999
streaming/transition2,civ-09,detached,intact,1,0.0,0.9817763680502767,0.5626252924999999
streaming/transition3,civ-09,detached,intact,1,0.0,0.9817763680502767,0.5626252924999999
fixed/absolute,civ-09,detached,intact,1,0.0,0.9817763680502767,0.5626252924999999
fixed/present,civ-09,detached,intact,1,0.0,0.9817763680502767,0.5626252924999999
fixed/recency,civ-09,detached,intact,1,0.0,6.907755278982137,1.90245
fixed/reference,civ-09,detached,intact,1,0.0,0.9817763680502767,0.5626252924999999
fixed/transition1,civ-09,detached,intact,1,0.0,10.819778284410283,1.9980009799999996
fixed/transition2,civ-09,detached,intact,1,0.0,0.9817763680502767,0.5626252924999999
fixed/transition3,civ-09,detached,intact,1,0.0,0.9817763680502767,0.5626252924999999
oracle-boundary/absolute,civ-09,detached,intact,1,1.0,0.0009804805139614205,9.800000000392828e-07
oracle-boundary/present,civ-09,detached,intact,1,0.0,0.9817763680502767,0.5626252924999999
oracle-boundary/recency,civ-09,detached,intact,1,1.0,0.05024121643674679,0.0024500000000000632
oracle-boundary/reference,civ-09,detached,intact,1,1.0,0.0009804805139614205,9.800000000392828e-07
oracle-boundary/transition1,civ-09,detached,intact,1,0.0,0.69410764165507,0.50000048
oracle-boundary/transition2,civ-09,detached,intact,1,1.0,0.0009804805139614205,9.800000000392828e-07
oracle-boundary/transition3,civ-09,detached,intact,1,1.0,0.0009804805139614205,9.800000000392828e-07
streaming/absolute,civ-09,legato,intact,0,1.0,0.9817763680502767,0.5626252924999999
streaming/present,civ-09,legato,intact,0,1.0,0.9817763680502767,0.5626252924999999
streaming/recency,civ-09,legato,intact,0,1.0,1.0293194621721604,0.5694812499999999
streaming/reference,civ-09,legato,intact,0,1.0,0.9817763680502767,0.5626252924999999
streaming/transition1,civ-09,legato,intact,0,1.0,0.9817763680502767,0.5626252924999999
streaming/transition2,civ-09,legato,intact,0,1.0,0.9817763680502767,0.5626252924999999
streaming/transition3,civ-09,legato,intact,0,1.0,0.9817763680502767,0.5626252924999999
fixed/absolute,civ-09,legato,intact,0,1.0,0.9817763680502767,0.5626252924999999
fixed/present,civ-09,legato,intact,0,1.0,0.9817763680502767,0.5626252924999999
fixed/recency,civ-09,legato,intact,0,0.0,6.907755278982137,1.90245
fixed/reference,civ-09,legato,intact,0,1.0,0.9817763680502767,0.5626252924999999
fixed/transition1,civ-09,legato,intact,0,0.0,10.819778284410283,1.4990016834178341
fixed/transition2,civ-09,legato,intact,0,1.0,0.9817763680502767,0.5626252924999999
fixed/transition3,civ-09,legato,intact,0,1.0,0.9817763680502767,0.5626252924999999
oracle-boundary/absolute,civ-09,legato,intact,0,1.0,0.0009804805139616427,9.800000000392828e-07
oracle-boundary/present,civ-09,legato,intact,0,1.0,0.9817763680502767,0.5626252924999999
oracle-boundary/recency,civ-09,legato,intact,0,1.0,0.05024121643674679,0.0024500000000000632
oracle-boundary/reference,civ-09,legato,intact,0,1.0,0.0009804805139616427,9.800000000392828e-07
oracle-boundary/transition1,civ-09,legato,intact,0,1.0,0.69410764165507,0.50000048
oracle-boundary/transition2,civ-09,legato,intact,0,1.0,0.0009804805139616427,9.800000000392828e-07
oracle-boundary/transition3,civ-09,legato,intact,0,1.0,0.0009804805139616427,9.800000000392828e-07
streaming/absolute,civ-09,legato,intact,1,0.0,0.9817763680502767,0.5626252924999999
streaming/present,civ-09,legato,intact,1,0.0,0.9817763680502767,0.5626252924999999
streaming/recency,civ-09,legato,intact,1,0.0,1.0293194621721604,0.5694812499999999
streaming/reference,civ-09,legato,intact,1,0.0,0.9817763680502767,0.5626252924999999
streaming/transition1,civ-09,legato,intact,1,0.0,0.9817763680502767,0.5626252924999999
streaming/transition2,civ-09,legato,intact,1,0.0,0.9817763680502767,0.5626252924999999
streaming/transition3,civ-09,legato,intact,1,0.0,0.9817763680502767,0.5626252924999999
fixed/absolute,civ-09,legato,intact,1,0.0,0.9817763680502767,0.5626252924999999
fixed/present,civ-09,legato,intact,1,0.0,0.9817763680502767,0.5626252924999999
fixed/recency,civ-09,legato,intact,1,0.0,6.907755278982137,1.90245
fixed/reference,civ-09,legato,intact,1,0.0,0.9817763680502767,0.5626252924999999
fixed/transition1,civ-09,legato,intact,1,0.0,10.819778284410283,1.4990016834178341
fixed/transition2,civ-09,legato,intact,1,0.0,0.9817763680502767,0.5626252924999999
fixed/transition3,civ-09,legato,intact,1,0.0,0.9817763680502767,0.5626252924999999
oracle-boundary/absolute,civ-09,legato,intact,1,1.0,0.0009804805139614205,9.800000000392828e-07
oracle-boundary/present,civ-09,legato,intact,1,0.0,0.9817763680502767,0.5626252924999999
oracle-boundary/recency,civ-09,legato,intact,1,1.0,0.05024121643674679,0.0024500000000000632
oracle-boundary/reference,civ-09,legato,intact,1,1.0,0.0009804805139614205,9.800000000392828e-07
oracle-boundary/transition1,civ-09,legato,intact,1,0.0,0.69410764165507,0.50000048
oracle-boundary/transition2,civ-09,legato,intact,1,1.0,0.0009804805139614205,9.800000000392828e-07
oracle-boundary/transition3,civ-09,legato,intact,1,1.0,0.0009804805139614205,9.800000000392828e-07
streaming/absolute,civ-09,duration,intact,0,1.0,0.9817763680502767,0.5626252924999999
streaming/present,civ-09,duration,intact,0,1.0,0.9817763680502767,0.5626252924999999
streaming/recency,civ-09,duration,intact,0,1.0,1.0293194621721604,0.5694812499999999
streaming/reference,civ-09,duration,intact,0,1.0,0.9817763680502767,0.5626252924999999
streaming/transition1,civ-09,duration,intact,0,1.0,0.9817763680502767,0.5626252924999999
streaming/transition2,civ-09,duration,intact,0,1.0,0.9817763680502767,0.5626252924999999
streaming/transition3,civ-09,duration,intact,0,1.0,0.9817763680502767,0.5626252924999999
fixed/absolute,civ-09,duration,intact,0,1.0,0.9817763680502767,0.5626252924999999
fixed/present,civ-09,duration,intact,0,1.0,0.9817763680502767,0.5626252924999999
fixed/recency,civ-09,duration,intact,0,0.0,6.907755278982137,1.90245
fixed/reference,civ-09,duration,intact,0,1.0,0.9817763680502767,0.5626252924999999
fixed/transition1,civ-09,duration,intact,0,0.0,10.819778284410283,1.99800098
fixed/transition2,civ-09,duration,intact,0,1.0,0.9817763680502767,0.5626252924999999
fixed/transition3,civ-09,duration,intact,0,1.0,0.9817763680502767,0.5626252924999999
oracle-boundary/absolute,civ-09,duration,intact,0,1.0,0.0009804805139616427,9.800000000392828e-07
oracle-boundary/present,civ-09,duration,intact,0,1.0,0.9817763680502767,0.5626252924999999
oracle-boundary/recency,civ-09,duration,intact,0,1.0,0.05024121643674679,0.0024500000000000632
oracle-boundary/reference,civ-09,duration,intact,0,1.0,0.0009804805139616427,9.800000000392828e-07
oracle-boundary/transition1,civ-09,duration,intact,0,1.0,0.69410764165507,0.50000048
oracle-boundary/transition2,civ-09,duration,intact,0,1.0,0.0009804805139616427,9.800000000392828e-07
oracle-boundary/transition3,civ-09,duration,intact,0,1.0,0.0009804805139616427,9.800000000392828e-07
streaming/absolute,civ-09,duration,intact,1,0.0,0.9817763680502767,0.5626252924999999
streaming/present,civ-09,duration,intact,1,0.0,0.9817763680502767,0.5626252924999999
streaming/recency,civ-09,duration,intact,1,0.0,1.0293194621721604,0.5694812499999999
streaming/reference,civ-09,duration,intact,1,0.0,0.9817763680502767,0.5626252924999999
streaming/transition1,civ-09,duration,intact,1,0.0,0.9817763680502767,0.5626252924999999
streaming/transition2,civ-09,duration,intact,1,0.0,0.9817763680502767,0.5626252924999999
streaming/transition3,civ-09,duration,intact,1,0.0,0.9817763680502767,0.5626252924999999
fixed/absolute,civ-09,duration,intact,1,0.0,0.9817763680502767,0.5626252924999999
fixed/present,civ-09,duration,intact,1,0.0,0.9817763680502767,0.5626252924999999
fixed/recency,civ-09,duration,intact,1,0.0,6.907755278982137,1.90245
fixed/reference,civ-09,duration,intact,1,0.0,0.9817763680502767,0.5626252924999999
fixed/transition1,civ-09,duration,intact,1,0.0,10.819778284410283,1.99800098
fixed/transition2,civ-09,duration,intact,1,0.0,0.9817763680502767,0.5626252924999999
fixed/transition3,civ-09,duration,intact,1,0.0,0.9817763680502767,0.5626252924999999
oracle-boundary/absolute,civ-09,duration,intact,1,1.0,0.0009804805139614205,9.800000000392828e-07
oracle-boundary/present,civ-09,duration,intact,1,0.0,0.9817763680502767,0.5626252924999999
oracle-boundary/recency,civ-09,duration,intact,1,1.0,0.05024121643674679,0.0024500000000000632
oracle-boundary/reference,civ-09,duration,intact,1,1.0,0.0009804805139614205,9.800000000392828e-07
oracle-boundary/transition1,civ-09,duration,intact,1,0.0,0.69410764165507,0.50000048
oracle-boundary/transition2,civ-09,duration,intact,1,1.0,0.0009804805139614205,9.800000000392828e-07
oracle-boundary/transition3,civ-09,duration,intact,1,1.0,0.0009804805139614205,9.800000000392828e-07
streaming/absolute,civ-09,joint,intact,0,1.0,0.9817763680502767,0.5626252924999999
streaming/present,civ-09,joint,intact,0,1.0,0.9817763680502767,0.5626252924999999
streaming/recency,civ-09,joint,intact,0,1.0,1.0293194621721604,0.5694812499999999
streaming/reference,civ-09,joint,intact,0,1.0,0.9817763680502767,0.5626252924999999
streaming/transition1,civ-09,joint,intact,0,1.0,0.9817763680502767,0.5626252924999999
streaming/transition2,civ-09,joint,intact,0,1.0,0.9817763680502767,0.5626252924999999
streaming/transition3,civ-09,joint,intact,0,1.0,0.9817763680502767,0.5626252924999999
fixed/absolute,civ-09,joint,intact,0,1.0,0.9817763680502767,0.5626252924999999
fixed/present,civ-09,joint,intact,0,1.0,0.9817763680502767,0.5626252924999999
fixed/recency,civ-09,joint,intact,0,0.0,6.907755278982137,1.90245
fixed/reference,civ-09,joint,intact,0,1.0,0.9817763680502767,0.5626252924999999
fixed/transition1,civ-09,joint,intact,0,0.0,10.819778284410283,1.99800098
fixed/transition2,civ-09,joint,intact,0,1.0,0.9817763680502767,0.5626252924999999
fixed/transition3,civ-09,joint,intact,0,1.0,0.9817763680502767,0.5626252924999999
oracle-boundary/absolute,civ-09,joint,intact,0,1.0,0.0009804805139616427,9.800000000392828e-07
oracle-boundary/present,civ-09,joint,intact,0,1.0,0.9817763680502767,0.5626252924999999
oracle-boundary/recency,civ-09,joint,intact,0,1.0,0.05024121643674679,0.0024500000000000632
oracle-boundary/reference,civ-09,joint,intact,0,1.0,0.0009804805139616427,9.800000000392828e-07
oracle-boundary/transition1,civ-09,joint,intact,0,1.0,0.69410764165507,0.50000048
oracle-boundary/transition2,civ-09,joint,intact,0,1.0,0.0009804805139616427,9.800000000392828e-07
oracle-boundary/transition3,civ-09,joint,intact,0,1.0,0.0009804805139616427,9.800000000392828e-07
streaming/absolute,civ-09,joint,intact,1,0.0,0.9817763680502767,0.5626252924999999
streaming/present,civ-09,joint,intact,1,0.0,0.9817763680502767,0.5626252924999999
streaming/recency,civ-09,joint,intact,1,0.0,1.0293194621721604,0.5694812499999999
streaming/reference,civ-09,joint,intact,1,0.0,0.9817763680502767,0.5626252924999999
streaming/transition1,civ-09,joint,intact,1,0.0,0.9817763680502767,0.5626252924999999
streaming/transition2,civ-09,joint,intact,1,0.0,0.9817763680502767,0.5626252924999999
streaming/transition3,civ-09,joint,intact,1,0.0,0.9817763680502767,0.5626252924999999
fixed/absolute,civ-09,joint,intact,1,0.0,0.9817763680502767,0.5626252924999999
fixed/present,civ-09,joint,intact,1,0.0,0.9817763680502767,0.5626252924999999
fixed/recency,civ-09,joint,intact,1,0.0,6.907755278982137,1.90245
fixed/reference,civ-09,joint,intact,1,0.0,0.9817763680502767,0.5626252924999999
fixed/transition1,civ-09,joint,intact,1,0.0,10.819778284410283,1.99800098
fixed/transition2,civ-09,joint,intact,1,0.0,0.9817763680502767,0.5626252924999999
fixed/transition3,civ-09,joint,intact,1,0.0,0.9817763680502767,0.5626252924999999
oracle-boundary/absolute,civ-09,joint,intact,1,1.0,0.0009804805139614205,9.800000000392828e-07
oracle-boundary/present,civ-09,joint,intact,1,0.0,0.9817763680502767,0.5626252924999999
oracle-boundary/recency,civ-09,joint,intact,1,1.0,0.05024121643674679,0.0024500000000000632
oracle-boundary/reference,civ-09,joint,intact,1,1.0,0.0009804805139614205,9.800000000392828e-07
oracle-boundary/transition1,civ-09,joint,intact,1,0.0,0.69410764165507,0.50000048
oracle-boundary/transition2,civ-09,joint,intact,1,1.0,0.0009804805139614205,9.800000000392828e-07
oracle-boundary/transition3,civ-09,joint,intact,1,1.0,0.0009804805139614205,9.800000000392828e-07
streaming/absolute,civ-09,joint,reset,0,1.0,0.9817763680502767,0.5626252924999999
streaming/present,civ-09,joint,reset,0,1.0,0.9817763680502767,0.5626252924999999
streaming/recency,civ-09,joint,reset,0,1.0,1.0293194621721604,0.5694812499999999
streaming/reference,civ-09,joint,reset,0,1.0,0.9817763680502767,0.5626252924999999
streaming/transition1,civ-09,joint,reset,0,1.0,0.9817763680502767,0.5626252924999999
streaming/transition2,civ-09,joint,reset,0,1.0,0.9817763680502767,0.5626252924999999
streaming/transition3,civ-09,joint,reset,0,1.0,0.9817763680502767,0.5626252924999999
fixed/absolute,civ-09,joint,reset,0,1.0,0.9817763680502767,0.5626252924999999
fixed/present,civ-09,joint,reset,0,1.0,0.9817763680502767,0.5626252924999999
fixed/recency,civ-09,joint,reset,0,0.0,6.907755278982137,1.90245
fixed/reference,civ-09,joint,reset,0,1.0,0.9817763680502767,0.5626252924999999
fixed/transition1,civ-09,joint,reset,0,0.0,10.819778284410283,1.99800098
fixed/transition2,civ-09,joint,reset,0,1.0,0.9817763680502767,0.5626252924999999
fixed/transition3,civ-09,joint,reset,0,1.0,0.9817763680502767,0.5626252924999999
oracle-boundary/absolute,civ-09,joint,reset,0,1.0,0.9817763680502767,0.5626252924999999
oracle-boundary/present,civ-09,joint,reset,0,1.0,0.9817763680502767,0.5626252924999999
oracle-boundary/recency,civ-09,joint,reset,0,1.0,1.0293194621721604,0.5694812499999999
oracle-boundary/reference,civ-09,joint,reset,0,1.0,0.9817763680502767,0.5626252924999999
oracle-boundary/transition1,civ-09,joint,reset,0,1.0,0.9817763680502767,0.5626252924999999
oracle-boundary/transition2,civ-09,joint,reset,0,1.0,0.9817763680502767,0.5626252924999999
oracle-boundary/transition3,civ-09,joint,reset,0,1.0,0.9817763680502767,0.5626252924999999
streaming/absolute,civ-09,joint,reset,1,0.0,0.9817763680502767,0.5626252924999999
streaming/present,civ-09,joint,reset,1,0.0,0.9817763680502767,0.5626252924999999
streaming/recency,civ-09,joint,reset,1,0.0,1.0293194621721604,0.5694812499999999
streaming/reference,civ-09,joint,reset,1,0.0,0.9817763680502767,0.5626252924999999
streaming/transition1,civ-09,joint,reset,1,0.0,0.9817763680502767,0.5626252924999999
streaming/transition2,civ-09,joint,reset,1,0.0,0.9817763680502767,0.5626252924999999
streaming/transition3,civ-09,joint,reset,1,0.0,0.9817763680502767,0.5626252924999999
fixed/absolute,civ-09,joint,reset,1,0.0,0.9817763680502767,0.5626252924999999
fixed/present,civ-09,joint,reset,1,0.0,0.9817763680502767,0.5626252924999999
fixed/recency,civ-09,joint,reset,1,0.0,6.907755278982137,1.90245
fixed/reference,civ-09,joint,reset,1,0.0,0.9817763680502767,0.5626252924999999
fixed/transition1,civ-09,joint,reset,1,0.0,10.819778284410283,1.99800098
fixed/transition2,civ-09,joint,reset,1,0.0,0.9817763680502767,0.5626252924999999
fixed/transition3,civ-09,joint,reset,1,0.0,0.9817763680502767,0.5626252924999999
oracle-boundary/absolute,civ-09,joint,reset,1,0.0,0.9817763680502767,0.5626252924999999
oracle-boundary/present,civ-09,joint,reset,1,0.0,0.9817763680502767,0.5626252924999999
oracle-boundary/recency,civ-09,joint,reset,1,0.0,1.0293194621721604,0.5694812499999999
oracle-boundary/reference,civ-09,joint,reset,1,0.0,0.9817763680502767,0.5626252924999999
oracle-boundary/transition1,civ-09,joint,reset,1,0.0,0.9817763680502767,0.5626252924999999
oracle-boundary/transition2,civ-09,joint,reset,1,0.0,0.9817763680502767,0.5626252924999999
oracle-boundary/transition3,civ-09,joint,reset,1,0.0,0.9817763680502767,0.5626252924999999
streaming/absolute,civ-09,joint,removal,0,1.0,0.9817763680502767,0.5626252924999999
streaming/present,civ-09,joint,removal,0,1.0,0.9817763680502767,0.5626252924999999
streaming/recency,civ-09,joint,removal,0,1.0,1.0293194621721604,0.5694812499999999
streaming/reference,civ-09,joint,removal,0,1.0,0.9817763680502767,0.5626252924999999
streaming/transition1,civ-09,joint,removal,0,1.0,0.9817763680502767,0.5626252924999999
streaming/transition2,civ-09,joint,removal,0,1.0,0.9817763680502767,0.5626252924999999
streaming/transition3,civ-09,joint,removal,0,1.0,0.9817763680502767,0.5626252924999999
fixed/absolute,civ-09,joint,removal,0,1.0,0.9817763680502767,0.5626252924999999
fixed/present,civ-09,joint,removal,0,1.0,0.9817763680502767,0.5626252924999999
fixed/recency,civ-09,joint,removal,0,0.0,6.907755278982137,1.90245
fixed/reference,civ-09,joint,removal,0,1.0,0.9817763680502767,0.5626252924999999
fixed/transition1,civ-09,joint,removal,0,0.0,10.819778284410283,1.99800098
fixed/transition2,civ-09,joint,removal,0,1.0,0.9817763680502767,0.5626252924999999
fixed/transition3,civ-09,joint,removal,0,1.0,0.9817763680502767,0.5626252924999999
oracle-boundary/absolute,civ-09,joint,removal,0,1.0,0.9817763680502767,0.5626252924999999
oracle-boundary/present,civ-09,joint,removal,0,1.0,0.9817763680502767,0.5626252924999999
oracle-boundary/recency,civ-09,joint,removal,0,1.0,1.0293194621721604,0.5694812499999999
oracle-boundary/reference,civ-09,joint,removal,0,1.0,0.9817763680502767,0.5626252924999999
oracle-boundary/transition1,civ-09,joint,removal,0,1.0,0.9817763680502767,0.5626252924999999
oracle-boundary/transition2,civ-09,joint,removal,0,1.0,0.9817763680502767,0.5626252924999999
oracle-boundary/transition3,civ-09,joint,removal,0,1.0,0.9817763680502767,0.5626252924999999
streaming/absolute,civ-09,joint,removal,1,0.0,0.9817763680502767,0.5626252924999999
streaming/present,civ-09,joint,removal,1,0.0,0.9817763680502767,0.5626252924999999
streaming/recency,civ-09,joint,removal,1,0.0,1.0293194621721604,0.5694812499999999
streaming/reference,civ-09,joint,removal,1,0.0,0.9817763680502767,0.5626252924999999
streaming/transition1,civ-09,joint,removal,1,0.0,0.9817763680502767,0.5626252924999999
streaming/transition2,civ-09,joint,removal,1,0.0,0.9817763680502767,0.5626252924999999
streaming/transition3,civ-09,joint,removal,1,0.0,0.9817763680502767,0.5626252924999999
fixed/absolute,civ-09,joint,removal,1,0.0,0.9817763680502767,0.5626252924999999
fixed/present,civ-09,joint,removal,1,0.0,0.9817763680502767,0.5626252924999999
fixed/recency,civ-09,joint,removal,1,0.0,6.907755278982137,1.90245
fixed/reference,civ-09,joint,removal,1,0.0,0.9817763680502767,0.5626252924999999
fixed/transition1,civ-09,joint,removal,1,0.0,10.819778284410283,1.99800098
fixed/transition2,civ-09,joint,removal,1,0.0,0.9817763680502767,0.5626252924999999
fixed/transition3,civ-09,joint,removal,1,0.0,0.9817763680502767,0.5626252924999999
oracle-boundary/absolute,civ-09,joint,removal,1,0.0,0.9817763680502767,0.5626252924999999
oracle-boundary/present,civ-09,joint,removal,1,0.0,0.9817763680502767,0.5626252924999999
oracle-boundary/recency,civ-09,joint,removal,1,0.0,1.0293194621721604,0.5694812499999999
oracle-boundary/reference,civ-09,joint,removal,1,0.0,0.9817763680502767,0.5626252924999999
oracle-boundary/transition1,civ-09,joint,removal,1,0.0,0.9817763680502767,0.5626252924999999
oracle-boundary/transition2,civ-09,joint,removal,1,0.0,0.9817763680502767,0.5626252924999999
oracle-boundary/transition3,civ-09,joint,removal,1,0.0,0.9817763680502767,0.5626252924999999
streaming/absolute,civ-09,joint,swap,0,0.0,0.9817763680502767,0.5626252924999999
streaming/present,civ-09,joint,swap,0,0.0,0.9817763680502767,0.5626252924999999
streaming/recency,civ-09,joint,swap,0,0.0,1.0293194621721604,0.5694812499999999
streaming/reference,civ-09,joint,swap,0,0.0,0.9817763680502767,0.5626252924999999
streaming/transition1,civ-09,joint,swap,0,0.0,0.9817763680502767,0.5626252924999999
streaming/transition2,civ-09,joint,swap,0,0.0,0.9817763680502767,0.5626252924999999
streaming/transition3,civ-09,joint,swap,0,0.0,0.9817763680502767,0.5626252924999999
fixed/absolute,civ-09,joint,swap,0,0.0,0.9817763680502767,0.5626252924999999
fixed/present,civ-09,joint,swap,0,0.0,0.9817763680502767,0.5626252924999999
fixed/recency,civ-09,joint,swap,0,0.0,6.907755278982137,1.90245
fixed/reference,civ-09,joint,swap,0,0.0,0.9817763680502767,0.5626252924999999
fixed/transition1,civ-09,joint,swap,0,0.0,10.819778284410283,1.99800098
fixed/transition2,civ-09,joint,swap,0,0.0,0.9817763680502767,0.5626252924999999
fixed/transition3,civ-09,joint,swap,0,0.0,0.9817763680502767,0.5626252924999999
oracle-boundary/absolute,civ-09,joint,swap,0,1.0,0.0009804805139614205,9.800000000392828e-07
oracle-boundary/present,civ-09,joint,swap,0,0.0,0.9817763680502767,0.5626252924999999
oracle-boundary/recency,civ-09,joint,swap,0,1.0,0.05024121643674679,0.0024500000000000632
oracle-boundary/reference,civ-09,joint,swap,0,1.0,0.0009804805139614205,9.800000000392828e-07
oracle-boundary/transition1,civ-09,joint,swap,0,0.0,0.69410764165507,0.50000048
oracle-boundary/transition2,civ-09,joint,swap,0,1.0,0.0009804805139614205,9.800000000392828e-07
oracle-boundary/transition3,civ-09,joint,swap,0,1.0,0.0009804805139614205,9.800000000392828e-07
streaming/absolute,civ-09,joint,swap,1,1.0,0.9817763680502767,0.5626252924999999
streaming/present,civ-09,joint,swap,1,1.0,0.9817763680502767,0.5626252924999999
streaming/recency,civ-09,joint,swap,1,1.0,1.0293194621721604,0.5694812499999999
streaming/reference,civ-09,joint,swap,1,1.0,0.9817763680502767,0.5626252924999999
streaming/transition1,civ-09,joint,swap,1,1.0,0.9817763680502767,0.5626252924999999
streaming/transition2,civ-09,joint,swap,1,1.0,0.9817763680502767,0.5626252924999999
streaming/transition3,civ-09,joint,swap,1,1.0,0.9817763680502767,0.5626252924999999
fixed/absolute,civ-09,joint,swap,1,1.0,0.9817763680502767,0.5626252924999999
fixed/present,civ-09,joint,swap,1,1.0,0.9817763680502767,0.5626252924999999
fixed/recency,civ-09,joint,swap,1,0.0,6.907755278982137,1.90245
fixed/reference,civ-09,joint,swap,1,1.0,0.9817763680502767,0.5626252924999999
fixed/transition1,civ-09,joint,swap,1,0.0,10.819778284410283,1.99800098
fixed/transition2,civ-09,joint,swap,1,1.0,0.9817763680502767,0.5626252924999999
fixed/transition3,civ-09,joint,swap,1,1.0,0.9817763680502767,0.5626252924999999
oracle-boundary/absolute,civ-09,joint,swap,1,1.0,0.0009804805139616427,9.800000000392828e-07
oracle-boundary/present,civ-09,joint,swap,1,1.0,0.9817763680502767,0.5626252924999999
oracle-boundary/recency,civ-09,joint,swap,1,1.0,0.05024121643674679,0.0024500000000000632
oracle-boundary/reference,civ-09,joint,swap,1,1.0,0.0009804805139616427,9.800000000392828e-07
oracle-boundary/transition1,civ-09,joint,swap,1,1.0,0.69410764165507,0.50000048
oracle-boundary/transition2,civ-09,joint,swap,1,1.0,0.0009804805139616427,9.800000000392828e-07
oracle-boundary/transition3,civ-09,joint,swap,1,1.0,0.0009804805139616427,9.800000000392828e-07
streaming/absolute,civ-09,joint,shuffle,0,1.0,0.9817763680502767,0.5626252924999999
streaming/present,civ-09,joint,shuffle,0,1.0,0.9817763680502767,0.5626252924999999
streaming/recency,civ-09,joint,shuffle,0,1.0,1.0293194621721604,0.5694812499999999
streaming/reference,civ-09,joint,shuffle,0,1.0,0.9817763680502767,0.5626252924999999
streaming/transition1,civ-09,joint,shuffle,0,1.0,0.9817763680502767,0.5626252924999999
streaming/transition2,civ-09,joint,shuffle,0,1.0,0.9817763680502767,0.5626252924999999
streaming/transition3,civ-09,joint,shuffle,0,1.0,0.9817763680502767,0.5626252924999999
fixed/absolute,civ-09,joint,shuffle,0,1.0,0.9817763680502767,0.5626252924999999
fixed/present,civ-09,joint,shuffle,0,1.0,0.9817763680502767,0.5626252924999999
fixed/recency,civ-09,joint,shuffle,0,0.0,6.907755278982137,1.90245
fixed/reference,civ-09,joint,shuffle,0,1.0,0.9817763680502767,0.5626252924999999
fixed/transition1,civ-09,joint,shuffle,0,0.0,10.819778284410283,1.99800098
fixed/transition2,civ-09,joint,shuffle,0,1.0,0.9817763680502767,0.5626252924999999
fixed/transition3,civ-09,joint,shuffle,0,1.0,0.9817763680502767,0.5626252924999999
oracle-boundary/absolute,civ-09,joint,shuffle,0,1.0,0.0009804805139616427,9.800000000392828e-07
oracle-boundary/present,civ-09,joint,shuffle,0,1.0,0.9817763680502767,0.5626252924999999
oracle-boundary/recency,civ-09,joint,shuffle,0,0.0,6.907755278982137,1.90245
oracle-boundary/reference,civ-09,joint,shuffle,0,1.0,0.0009804805139616427,9.800000000392828e-07
oracle-boundary/transition1,civ-09,joint,shuffle,0,1.0,0.69410764165507,0.50000048
oracle-boundary/transition2,civ-09,joint,shuffle,0,1.0,0.0009804805139616427,9.800000000392828e-07
oracle-boundary/transition3,civ-09,joint,shuffle,0,1.0,0.0009804805139616427,9.800000000392828e-07
streaming/absolute,civ-09,joint,shuffle,1,0.0,0.9817763680502767,0.5626252924999999
streaming/present,civ-09,joint,shuffle,1,0.0,0.9817763680502767,0.5626252924999999
streaming/recency,civ-09,joint,shuffle,1,0.0,1.0293194621721604,0.5694812499999999
streaming/reference,civ-09,joint,shuffle,1,0.0,0.9817763680502767,0.5626252924999999
streaming/transition1,civ-09,joint,shuffle,1,0.0,0.9817763680502767,0.5626252924999999
streaming/transition2,civ-09,joint,shuffle,1,0.0,0.9817763680502767,0.5626252924999999
streaming/transition3,civ-09,joint,shuffle,1,0.0,0.9817763680502767,0.5626252924999999
fixed/absolute,civ-09,joint,shuffle,1,0.0,0.9817763680502767,0.5626252924999999
fixed/present,civ-09,joint,shuffle,1,0.0,0.9817763680502767,0.5626252924999999
fixed/recency,civ-09,joint,shuffle,1,0.0,6.907755278982137,1.90245
fixed/reference,civ-09,joint,shuffle,1,0.0,0.9817763680502767,0.5626252924999999
fixed/transition1,civ-09,joint,shuffle,1,0.0,10.819778284410283,1.99800098
fixed/transition2,civ-09,joint,shuffle,1,0.0,0.9817763680502767,0.5626252924999999
fixed/transition3,civ-09,joint,shuffle,1,0.0,0.9817763680502767,0.5626252924999999
oracle-boundary/absolute,civ-09,joint,shuffle,1,1.0,0.0009804805139614205,9.800000000392828e-07
oracle-boundary/present,civ-09,joint,shuffle,1,0.0,0.9817763680502767,0.5626252924999999
oracle-boundary/recency,civ-09,joint,shuffle,1,0.0,6.907755278982137,1.90245
oracle-boundary/reference,civ-09,joint,shuffle,1,1.0,0.0009804805139614205,9.800000000392828e-07
oracle-boundary/transition1,civ-09,joint,shuffle,1,0.0,0.69410764165507,0.50000048
oracle-boundary/transition2,civ-09,joint,shuffle,1,1.0,0.0009804805139614205,9.800000000392828e-07
oracle-boundary/transition3,civ-09,joint,shuffle,1,1.0,0.0009804805139614205,9.800000000392828e-07
streaming/absolute,civ-09,joint,ambiguous,0,1.0,0.9817763680502767,0.5626252924999999
streaming/present,civ-09,joint,ambiguous,0,1.0,0.9817763680502767,0.5626252924999999
streaming/recency,civ-09,joint,ambiguous,0,1.0,1.0293194621721604,0.5694812499999999
streaming/reference,civ-09,joint,ambiguous,0,1.0,0.9817763680502767,0.5626252924999999
streaming/transition1,civ-09,joint,ambiguous,0,1.0,0.9817763680502767,0.5626252924999999
streaming/transition2,civ-09,joint,ambiguous,0,1.0,0.9817763680502767,0.5626252924999999
streaming/transition3,civ-09,joint,ambiguous,0,1.0,0.9817763680502767,0.5626252924999999
fixed/absolute,civ-09,joint,ambiguous,0,1.0,0.9817763680502767,0.5626252924999999
fixed/present,civ-09,joint,ambiguous,0,1.0,0.9817763680502767,0.5626252924999999
fixed/recency,civ-09,joint,ambiguous,0,0.0,6.907755278982137,1.90245
fixed/reference,civ-09,joint,ambiguous,0,1.0,0.9817763680502767,0.5626252924999999
fixed/transition1,civ-09,joint,ambiguous,0,0.0,10.819778284410283,1.99800098
fixed/transition2,civ-09,joint,ambiguous,0,1.0,0.9817763680502767,0.5626252924999999
fixed/transition3,civ-09,joint,ambiguous,0,1.0,0.9817763680502767,0.5626252924999999
oracle-boundary/absolute,civ-09,joint,ambiguous,0,1.0,0.69410764165507,0.50000048
oracle-boundary/present,civ-09,joint,ambiguous,0,1.0,0.9817763680502767,0.5626252924999999
oracle-boundary/recency,civ-09,joint,ambiguous,0,1.0,3.4789982477094417,0.95245
oracle-boundary/reference,civ-09,joint,ambiguous,0,1.0,0.69410764165507,0.50000048
oracle-boundary/transition1,civ-09,joint,ambiguous,0,1.0,0.69410764165507,0.50000048
oracle-boundary/transition2,civ-09,joint,ambiguous,0,1.0,0.69410764165507,0.50000048
oracle-boundary/transition3,civ-09,joint,ambiguous,0,1.0,0.69410764165507,0.50000048
streaming/absolute,civ-09,joint,ambiguous,1,0.0,0.9817763680502767,0.5626252924999999
streaming/present,civ-09,joint,ambiguous,1,0.0,0.9817763680502767,0.5626252924999999
streaming/recency,civ-09,joint,ambiguous,1,0.0,1.0293194621721604,0.5694812499999999
streaming/reference,civ-09,joint,ambiguous,1,0.0,0.9817763680502767,0.5626252924999999
streaming/transition1,civ-09,joint,ambiguous,1,0.0,0.9817763680502767,0.5626252924999999
streaming/transition2,civ-09,joint,ambiguous,1,0.0,0.9817763680502767,0.5626252924999999
streaming/transition3,civ-09,joint,ambiguous,1,0.0,0.9817763680502767,0.5626252924999999
fixed/absolute,civ-09,joint,ambiguous,1,0.0,0.9817763680502767,0.5626252924999999
fixed/present,civ-09,joint,ambiguous,1,0.0,0.9817763680502767,0.5626252924999999
fixed/recency,civ-09,joint,ambiguous,1,0.0,6.907755278982137,1.90245
fixed/reference,civ-09,joint,ambiguous,1,0.0,0.9817763680502767,0.5626252924999999
fixed/transition1,civ-09,joint,ambiguous,1,0.0,10.819778284410283,1.99800098
fixed/transition2,civ-09,joint,ambiguous,1,0.0,0.9817763680502767,0.5626252924999999
fixed/transition3,civ-09,joint,ambiguous,1,0.0,0.9817763680502767,0.5626252924999999
oracle-boundary/absolute,civ-09,joint,ambiguous,1,0.0,0.69410764165507,0.50000048
oracle-boundary/present,civ-09,joint,ambiguous,1,0.0,0.9817763680502767,0.5626252924999999
oracle-boundary/recency,civ-09,joint,ambiguous,1,0.0,3.4789982477094417,0.95245
oracle-boundary/reference,civ-09,joint,ambiguous,1,0.0,0.69410764165507,0.50000048
oracle-boundary/transition1,civ-09,joint,ambiguous,1,0.0,0.69410764165507,0.50000048
oracle-boundary/transition2,civ-09,joint,ambiguous,1,0.0,0.69410764165507,0.50000048
oracle-boundary/transition3,civ-09,joint,ambiguous,1,0.0,0.69410764165507,0.50000048
streaming/absolute,civ-10,detached,intact,0,1.0,0.0009804805139616427,9.800000000392828e-07
streaming/present,civ-10,detached,intact,0,0.0,10.819778284410283,1.3118752925
streaming/recency,civ-10,detached,intact,0,1.0,0.05024121643674679,0.0024500000000000632
streaming/reference,civ-10,detached,intact,0,1.0,0.0009804805139616427,9.800000000392828e-07
streaming/transition1,civ-10,detached,intact,0,0.0,1.5620536317169007,1.2476160371898901
streaming/transition2,civ-10,detached,intact,0,1.0,0.0009804805139616427,9.800000000392828e-07
streaming/transition3,civ-10,detached,intact,0,1.0,0.0009804805139616427,9.800000000392828e-07
fixed/absolute,civ-10,detached,intact,0,0.0,10.819778284410283,1.3118752925
fixed/present,civ-10,detached,intact,0,0.0,10.819778284410283,1.3118752925
fixed/recency,civ-10,detached,intact,0,0.0,6.907755278982137,1.2819812499999999
fixed/reference,civ-10,detached,intact,0,0.0,10.819778284410283,1.3118752925
fixed/transition1,civ-10,detached,intact,0,0.0,10.819778284410283,1.3118752925
fixed/transition2,civ-10,detached,intact,0,0.0,10.819778284410283,1.3118752925
fixed/transition3,civ-10,detached,intact,0,0.0,10.819778284410283,1.3118752925
oracle-boundary/absolute,civ-10,detached,intact,0,1.0,0.0009804805139616427,9.800000000392828e-07
oracle-boundary/present,civ-10,detached,intact,0,0.0,10.819778284410283,1.3118752925
oracle-boundary/recency,civ-10,detached,intact,0,1.0,0.05024121643674679,0.0024500000000000632
oracle-boundary/reference,civ-10,detached,intact,0,1.0,0.0009804805139616427,9.800000000392828e-07
oracle-boundary/transition1,civ-10,detached,intact,0,1.0,0.69410764165507,0.50000048
oracle-boundary/transition2,civ-10,detached,intact,0,1.0,0.0009804805139616427,9.800000000392828e-07
oracle-boundary/transition3,civ-10,detached,intact,0,1.0,0.0009804805139616427,9.800000000392828e-07
streaming/absolute,civ-10,detached,intact,1,0.0,10.819778284410283,1.3118752925
streaming/present,civ-10,detached,intact,1,0.0,10.819778284410283,1.3118752925
streaming/recency,civ-10,detached,intact,1,1.0,0.05024121643674679,0.0024500000000000632
streaming/reference,civ-10,detached,intact,1,1.0,0.0009804805139614205,9.800000000392828e-07
streaming/transition1,civ-10,detached,intact,1,0.0,10.819778284410283,1.9980009799999996
streaming/transition2,civ-10,detached,intact,1,0.0,10.819778284410283,1.3118752925
streaming/transition3,civ-10,detached,intact,1,0.0,10.819778284410283,1.3118752925
fixed/absolute,civ-10,detached,intact,1,0.0,10.819778284410283,1.3118752925
fixed/present,civ-10,detached,intact,1,0.0,10.819778284410283,1.3118752925
fixed/recency,civ-10,detached,intact,1,0.0,6.907755278981432,1.9024499999999973
fixed/reference,civ-10,detached,intact,1,0.0,10.819778284410283,1.3118752925
fixed/transition1,civ-10,detached,intact,1,0.0,10.819778284373207,1.998000979999997
fixed/transition2,civ-10,detached,intact,1,0.0,10.819778284410283,1.3118752925
fixed/transition3,civ-10,detached,intact,1,0.0,10.819778284410283,1.3118752925
oracle-boundary/absolute,civ-10,detached,intact,1,1.0,0.0009804805139614205,9.800000000392828e-07
oracle-boundary/present,civ-10,detached,intact,1,0.0,10.819778284410283,1.3118752925
oracle-boundary/recency,civ-10,detached,intact,1,1.0,0.05024121643674679,0.0024500000000000632
oracle-boundary/reference,civ-10,detached,intact,1,1.0,0.0009804805139614205,9.800000000392828e-07
oracle-boundary/transition1,civ-10,detached,intact,1,0.0,0.69410764165507,0.50000048
oracle-boundary/transition2,civ-10,detached,intact,1,1.0,0.0009804805139614205,9.800000000392828e-07
oracle-boundary/transition3,civ-10,detached,intact,1,1.0,0.0009804805139614205,9.800000000392828e-07
streaming/absolute,civ-10,legato,intact,0,0.0,10.819778284410283,1.3118752925
streaming/present,civ-10,legato,intact,0,0.0,10.819778284410283,1.3118752925
streaming/recency,civ-10,legato,intact,0,0.0,6.907755278982137,1.2819812499999999
streaming/reference,civ-10,legato,intact,0,0.0,10.819778284410283,1.3118752925
streaming/transition1,civ-10,legato,intact,0,0.0,10.819778284410283,1.3118752925
streaming/transition2,civ-10,legato,intact,0,0.0,10.819778284410283,1.3118752925
streaming/transition3,civ-10,legato,intact,0,0.0,10.819778284410283,1.3118752925
fixed/absolute,civ-10,legato,intact,0,0.0,10.819778284410283,1.3118752925
fixed/present,civ-10,legato,intact,0,0.0,10.819778284410283,1.3118752925
fixed/recency,civ-10,legato,intact,0,0.0,6.907755278982137,1.90245
fixed/reference,civ-10,legato,intact,0,0.0,10.819778284410283,1.3118752925
fixed/transition1,civ-10,legato,intact,0,0.0,10.819778284410283,1.99800098
fixed/transition2,civ-10,legato,intact,0,0.0,10.819778284410283,1.3118752925
fixed/transition3,civ-10,legato,intact,0,0.0,10.819778284410283,1.3118752925
oracle-boundary/absolute,civ-10,legato,intact,0,1.0,0.0009804805139616427,9.800000000392828e-07
oracle-boundary/present,civ-10,legato,intact,0,0.0,10.819778284410283,1.3118752925
oracle-boundary/recency,civ-10,legato,intact,0,1.0,0.05024121643674679,0.0024500000000000632
oracle-boundary/reference,civ-10,legato,intact,0,1.0,0.0009804805139616427,9.800000000392828e-07
oracle-boundary/transition1,civ-10,legato,intact,0,1.0,0.69410764165507,0.50000048
oracle-boundary/transition2,civ-10,legato,intact,0,1.0,0.0009804805139616427,9.800000000392828e-07
oracle-boundary/transition3,civ-10,legato,intact,0,1.0,0.0009804805139616427,9.800000000392828e-07
streaming/absolute,civ-10,legato,intact,1,0.0,10.819778284410283,1.3118752925
streaming/present,civ-10,legato,intact,1,0.0,10.819778284410283,1.3118752925
streaming/recency,civ-10,legato,intact,1,0.0,6.907755278982137,1.2819812499999999
streaming/reference,civ-10,legato,intact,1,0.0,10.819778284410283,1.3118752925
streaming/transition1,civ-10,legato,intact,1,0.0,10.819778284410283,1.3118752925
streaming/transition2,civ-10,legato,intact,1,0.0,10.819778284410283,1.3118752925
streaming/transition3,civ-10,legato,intact,1,0.0,10.819778284410283,1.3118752925
fixed/absolute,civ-10,legato,intact,1,0.0,10.819778284410283,1.3118752925
fixed/present,civ-10,legato,intact,1,0.0,10.819778284410283,1.3118752925
fixed/recency,civ-10,legato,intact,1,0.0,6.907755278982137,1.90245
fixed/reference,civ-10,legato,intact,1,0.0,10.819778284410283,1.3118752925
fixed/transition1,civ-10,legato,intact,1,0.0,10.819778284410283,1.99800098
fixed/transition2,civ-10,legato,intact,1,0.0,10.819778284410283,1.3118752925
fixed/transition3,civ-10,legato,intact,1,0.0,10.819778284410283,1.3118752925
oracle-boundary/absolute,civ-10,legato,intact,1,1.0,0.0009804805139614205,9.800000000392828e-07
oracle-boundary/present,civ-10,legato,intact,1,0.0,10.819778284410283,1.3118752925
oracle-boundary/recency,civ-10,legato,intact,1,1.0,0.05024121643674679,0.0024500000000000632
oracle-boundary/reference,civ-10,legato,intact,1,1.0,0.0009804805139614205,9.800000000392828e-07
oracle-boundary/transition1,civ-10,legato,intact,1,0.0,0.69410764165507,0.50000048
oracle-boundary/transition2,civ-10,legato,intact,1,1.0,0.0009804805139614205,9.800000000392828e-07
oracle-boundary/transition3,civ-10,legato,intact,1,1.0,0.0009804805139614205,9.800000000392828e-07
streaming/absolute,civ-10,duration,intact,0,0.0,10.819778284410283,1.3118752925
streaming/present,civ-10,duration,intact,0,0.0,10.819778284410283,1.3118752925
streaming/recency,civ-10,duration,intact,0,0.0,6.907755278982137,1.2819812499999999
streaming/reference,civ-10,duration,intact,0,0.0,10.819778284410283,1.3118752925
streaming/transition1,civ-10,duration,intact,0,0.0,10.819778284410283,1.3118752925
streaming/transition2,civ-10,duration,intact,0,0.0,10.819778284410283,1.3118752925
streaming/transition3,civ-10,duration,intact,0,0.0,10.819778284410283,1.3118752925
fixed/absolute,civ-10,duration,intact,0,0.0,10.819778284410283,1.3118752925
fixed/present,civ-10,duration,intact,0,0.0,10.819778284410283,1.3118752925
fixed/recency,civ-10,duration,intact,0,0.0,6.907755278982137,1.2819812499999999
fixed/reference,civ-10,duration,intact,0,0.0,10.819778284410283,1.3118752925
fixed/transition1,civ-10,duration,intact,0,0.0,10.819778284410283,1.3118752925
fixed/transition2,civ-10,duration,intact,0,0.0,10.819778284410283,1.3118752925
fixed/transition3,civ-10,duration,intact,0,0.0,10.819778284410283,1.3118752925
oracle-boundary/absolute,civ-10,duration,intact,0,1.0,0.0009804805139616427,9.800000000392828e-07
oracle-boundary/present,civ-10,duration,intact,0,0.0,10.819778284410283,1.3118752925
oracle-boundary/recency,civ-10,duration,intact,0,1.0,0.05024121643674679,0.0024500000000000632
oracle-boundary/reference,civ-10,duration,intact,0,1.0,0.0009804805139616427,9.800000000392828e-07
oracle-boundary/transition1,civ-10,duration,intact,0,1.0,0.69410764165507,0.50000048
oracle-boundary/transition2,civ-10,duration,intact,0,1.0,0.0009804805139616427,9.800000000392828e-07
oracle-boundary/transition3,civ-10,duration,intact,0,1.0,0.0009804805139616427,9.800000000392828e-07
streaming/absolute,civ-10,duration,intact,1,0.0,10.819778284410283,1.3118752925
streaming/present,civ-10,duration,intact,1,0.0,10.819778284410283,1.3118752925
streaming/recency,civ-10,duration,intact,1,0.0,6.907755278982137,1.2819812499999999
streaming/reference,civ-10,duration,intact,1,0.0,10.819778284410283,1.3118752925
streaming/transition1,civ-10,duration,intact,1,0.0,10.819778284410283,1.3118752925
streaming/transition2,civ-10,duration,intact,1,0.0,10.819778284410283,1.3118752925
streaming/transition3,civ-10,duration,intact,1,0.0,10.819778284410283,1.3118752925
fixed/absolute,civ-10,duration,intact,1,0.0,10.819778284410283,1.3118752925
fixed/present,civ-10,duration,intact,1,0.0,10.819778284410283,1.3118752925
fixed/recency,civ-10,duration,intact,1,0.0,6.907755278982137,1.2819812499999999
fixed/reference,civ-10,duration,intact,1,0.0,10.819778284410283,1.3118752925
fixed/transition1,civ-10,duration,intact,1,0.0,10.819778284410283,1.3118752925
fixed/transition2,civ-10,duration,intact,1,0.0,10.819778284410283,1.3118752925
fixed/transition3,civ-10,duration,intact,1,0.0,10.819778284410283,1.3118752925
oracle-boundary/absolute,civ-10,duration,intact,1,1.0,0.0009804805139614205,9.800000000392828e-07
oracle-boundary/present,civ-10,duration,intact,1,0.0,10.819778284410283,1.3118752925
oracle-boundary/recency,civ-10,duration,intact,1,1.0,0.05024121643674679,0.0024500000000000632
oracle-boundary/reference,civ-10,duration,intact,1,1.0,0.0009804805139614205,9.800000000392828e-07
oracle-boundary/transition1,civ-10,duration,intact,1,0.0,0.69410764165507,0.50000048
oracle-boundary/transition2,civ-10,duration,intact,1,1.0,0.0009804805139614205,9.800000000392828e-07
oracle-boundary/transition3,civ-10,duration,intact,1,1.0,0.0009804805139614205,9.800000000392828e-07
streaming/absolute,civ-10,joint,intact,0,0.0,10.819778284410283,1.3118752925
streaming/present,civ-10,joint,intact,0,0.0,10.819778284410283,1.3118752925
streaming/recency,civ-10,joint,intact,0,0.0,6.907755278982137,1.2819812499999999
streaming/reference,civ-10,joint,intact,0,0.0,10.819778284410283,1.3118752925
streaming/transition1,civ-10,joint,intact,0,0.0,10.819778284410283,1.3118752925
streaming/transition2,civ-10,joint,intact,0,0.0,10.819778284410283,1.3118752925
streaming/transition3,civ-10,joint,intact,0,0.0,10.819778284410283,1.3118752925
fixed/absolute,civ-10,joint,intact,0,0.0,10.819778284410283,1.3118752925
fixed/present,civ-10,joint,intact,0,0.0,10.819778284410283,1.3118752925
fixed/recency,civ-10,joint,intact,0,0.0,6.907755278982137,1.2819812499999999
fixed/reference,civ-10,joint,intact,0,0.0,10.819778284410283,1.3118752925
fixed/transition1,civ-10,joint,intact,0,0.0,10.819778284410283,1.3118752925
fixed/transition2,civ-10,joint,intact,0,0.0,10.819778284410283,1.3118752925
fixed/transition3,civ-10,joint,intact,0,0.0,10.819778284410283,1.3118752925
oracle-boundary/absolute,civ-10,joint,intact,0,1.0,0.0009804805139616427,9.800000000392828e-07
oracle-boundary/present,civ-10,joint,intact,0,0.0,10.819778284410283,1.3118752925
oracle-boundary/recency,civ-10,joint,intact,0,1.0,0.05024121643674679,0.0024500000000000632
oracle-boundary/reference,civ-10,joint,intact,0,1.0,0.0009804805139616427,9.800000000392828e-07
oracle-boundary/transition1,civ-10,joint,intact,0,1.0,0.69410764165507,0.50000048
oracle-boundary/transition2,civ-10,joint,intact,0,1.0,0.0009804805139616427,9.800000000392828e-07
oracle-boundary/transition3,civ-10,joint,intact,0,1.0,0.0009804805139616427,9.800000000392828e-07
streaming/absolute,civ-10,joint,intact,1,0.0,10.819778284410283,1.3118752925
streaming/present,civ-10,joint,intact,1,0.0,10.819778284410283,1.3118752925
streaming/recency,civ-10,joint,intact,1,0.0,6.907755278982137,1.2819812499999999
streaming/reference,civ-10,joint,intact,1,0.0,10.819778284410283,1.3118752925
streaming/transition1,civ-10,joint,intact,1,0.0,10.819778284410283,1.3118752925
streaming/transition2,civ-10,joint,intact,1,0.0,10.819778284410283,1.3118752925
streaming/transition3,civ-10,joint,intact,1,0.0,10.819778284410283,1.3118752925
fixed/absolute,civ-10,joint,intact,1,0.0,10.819778284410283,1.3118752925
fixed/present,civ-10,joint,intact,1,0.0,10.819778284410283,1.3118752925
fixed/recency,civ-10,joint,intact,1,0.0,6.907755278982137,1.2819812499999999
fixed/reference,civ-10,joint,intact,1,0.0,10.819778284410283,1.3118752925
fixed/transition1,civ-10,joint,intact,1,0.0,10.819778284410283,1.3118752925
fixed/transition2,civ-10,joint,intact,1,0.0,10.819778284410283,1.3118752925
fixed/transition3,civ-10,joint,intact,1,0.0,10.819778284410283,1.3118752925
oracle-boundary/absolute,civ-10,joint,intact,1,1.0,0.0009804805139614205,9.800000000392828e-07
oracle-boundary/present,civ-10,joint,intact,1,0.0,10.819778284410283,1.3118752925
oracle-boundary/recency,civ-10,joint,intact,1,1.0,0.05024121643674679,0.0024500000000000632
oracle-boundary/reference,civ-10,joint,intact,1,1.0,0.0009804805139614205,9.800000000392828e-07
oracle-boundary/transition1,civ-10,joint,intact,1,0.0,0.69410764165507,0.50000048
oracle-boundary/transition2,civ-10,joint,intact,1,1.0,0.0009804805139614205,9.800000000392828e-07
oracle-boundary/transition3,civ-10,joint,intact,1,1.0,0.0009804805139614205,9.800000000392828e-07
streaming/absolute,civ-10,joint,reset,0,0.0,10.819778284410283,1.3118752925
streaming/present,civ-10,joint,reset,0,0.0,10.819778284410283,1.3118752925
streaming/recency,civ-10,joint,reset,0,0.0,6.907755278982137,1.2819812499999999
streaming/reference,civ-10,joint,reset,0,0.0,10.819778284410283,1.3118752925
streaming/transition1,civ-10,joint,reset,0,0.0,10.819778284410283,1.3118752925
streaming/transition2,civ-10,joint,reset,0,0.0,10.819778284410283,1.3118752925
streaming/transition3,civ-10,joint,reset,0,0.0,10.819778284410283,1.3118752925
fixed/absolute,civ-10,joint,reset,0,0.0,10.819778284410283,1.3118752925
fixed/present,civ-10,joint,reset,0,0.0,10.819778284410283,1.3118752925
fixed/recency,civ-10,joint,reset,0,0.0,6.907755278982137,1.2819812499999999
fixed/reference,civ-10,joint,reset,0,0.0,10.819778284410283,1.3118752925
fixed/transition1,civ-10,joint,reset,0,0.0,10.819778284410283,1.3118752925
fixed/transition2,civ-10,joint,reset,0,0.0,10.819778284410283,1.3118752925
fixed/transition3,civ-10,joint,reset,0,0.0,10.819778284410283,1.3118752925
oracle-boundary/absolute,civ-10,joint,reset,0,0.0,10.819778284410283,1.3118752925
oracle-boundary/present,civ-10,joint,reset,0,0.0,10.819778284410283,1.3118752925
oracle-boundary/recency,civ-10,joint,reset,0,0.0,6.907755278982137,1.2819812499999999
oracle-boundary/reference,civ-10,joint,reset,0,0.0,10.819778284410283,1.3118752925
oracle-boundary/transition1,civ-10,joint,reset,0,0.0,10.819778284410283,1.3118752925
oracle-boundary/transition2,civ-10,joint,reset,0,0.0,10.819778284410283,1.3118752925
oracle-boundary/transition3,civ-10,joint,reset,0,0.0,10.819778284410283,1.3118752925
streaming/absolute,civ-10,joint,reset,1,0.0,10.819778284410283,1.3118752925
streaming/present,civ-10,joint,reset,1,0.0,10.819778284410283,1.3118752925
streaming/recency,civ-10,joint,reset,1,0.0,6.907755278982137,1.2819812499999999
streaming/reference,civ-10,joint,reset,1,0.0,10.819778284410283,1.3118752925
streaming/transition1,civ-10,joint,reset,1,0.0,10.819778284410283,1.3118752925
streaming/transition2,civ-10,joint,reset,1,0.0,10.819778284410283,1.3118752925
streaming/transition3,civ-10,joint,reset,1,0.0,10.819778284410283,1.3118752925
fixed/absolute,civ-10,joint,reset,1,0.0,10.819778284410283,1.3118752925
fixed/present,civ-10,joint,reset,1,0.0,10.819778284410283,1.3118752925
fixed/recency,civ-10,joint,reset,1,0.0,6.907755278982137,1.2819812499999999
fixed/reference,civ-10,joint,reset,1,0.0,10.819778284410283,1.3118752925
fixed/transition1,civ-10,joint,reset,1,0.0,10.819778284410283,1.3118752925
fixed/transition2,civ-10,joint,reset,1,0.0,10.819778284410283,1.3118752925
fixed/transition3,civ-10,joint,reset,1,0.0,10.819778284410283,1.3118752925
oracle-boundary/absolute,civ-10,joint,reset,1,0.0,10.819778284410283,1.3118752925
oracle-boundary/present,civ-10,joint,reset,1,0.0,10.819778284410283,1.3118752925
oracle-boundary/recency,civ-10,joint,reset,1,0.0,6.907755278982137,1.2819812499999999
oracle-boundary/reference,civ-10,joint,reset,1,0.0,10.819778284410283,1.3118752925
oracle-boundary/transition1,civ-10,joint,reset,1,0.0,10.819778284410283,1.3118752925
oracle-boundary/transition2,civ-10,joint,reset,1,0.0,10.819778284410283,1.3118752925
oracle-boundary/transition3,civ-10,joint,reset,1,0.0,10.819778284410283,1.3118752925
streaming/absolute,civ-10,joint,removal,0,0.0,10.819778284410283,1.3118752925
streaming/present,civ-10,joint,removal,0,0.0,10.819778284410283,1.3118752925
streaming/recency,civ-10,joint,removal,0,0.0,6.907755278982137,1.2819812499999999
streaming/reference,civ-10,joint,removal,0,0.0,10.819778284410283,1.3118752925
streaming/transition1,civ-10,joint,removal,0,0.0,10.819778284410283,1.3118752925
streaming/transition2,civ-10,joint,removal,0,0.0,10.819778284410283,1.3118752925
streaming/transition3,civ-10,joint,removal,0,0.0,10.819778284410283,1.3118752925
fixed/absolute,civ-10,joint,removal,0,0.0,10.819778284410283,1.3118752925
fixed/present,civ-10,joint,removal,0,0.0,10.819778284410283,1.3118752925
fixed/recency,civ-10,joint,removal,0,0.0,6.907755278982137,1.2819812499999999
fixed/reference,civ-10,joint,removal,0,0.0,10.819778284410283,1.3118752925
fixed/transition1,civ-10,joint,removal,0,0.0,10.819778284410283,1.3118752925
fixed/transition2,civ-10,joint,removal,0,0.0,10.819778284410283,1.3118752925
fixed/transition3,civ-10,joint,removal,0,0.0,10.819778284410283,1.3118752925
oracle-boundary/absolute,civ-10,joint,removal,0,0.0,10.819778284410283,1.3118752925
oracle-boundary/present,civ-10,joint,removal,0,0.0,10.819778284410283,1.3118752925
oracle-boundary/recency,civ-10,joint,removal,0,0.0,6.907755278982137,1.2819812499999999
oracle-boundary/reference,civ-10,joint,removal,0,0.0,10.819778284410283,1.3118752925
oracle-boundary/transition1,civ-10,joint,removal,0,0.0,10.819778284410283,1.3118752925
oracle-boundary/transition2,civ-10,joint,removal,0,0.0,10.819778284410283,1.3118752925
oracle-boundary/transition3,civ-10,joint,removal,0,0.0,10.819778284410283,1.3118752925
streaming/absolute,civ-10,joint,removal,1,0.0,10.819778284410283,1.3118752925
streaming/present,civ-10,joint,removal,1,0.0,10.819778284410283,1.3118752925
streaming/recency,civ-10,joint,removal,1,0.0,6.907755278982137,1.2819812499999999
streaming/reference,civ-10,joint,removal,1,0.0,10.819778284410283,1.3118752925
streaming/transition1,civ-10,joint,removal,1,0.0,10.819778284410283,1.3118752925
streaming/transition2,civ-10,joint,removal,1,0.0,10.819778284410283,1.3118752925
streaming/transition3,civ-10,joint,removal,1,0.0,10.819778284410283,1.3118752925
fixed/absolute,civ-10,joint,removal,1,0.0,10.819778284410283,1.3118752925
fixed/present,civ-10,joint,removal,1,0.0,10.819778284410283,1.3118752925
fixed/recency,civ-10,joint,removal,1,0.0,6.907755278982137,1.2819812499999999
fixed/reference,civ-10,joint,removal,1,0.0,10.819778284410283,1.3118752925
fixed/transition1,civ-10,joint,removal,1,0.0,10.819778284410283,1.3118752925
fixed/transition2,civ-10,joint,removal,1,0.0,10.819778284410283,1.3118752925
fixed/transition3,civ-10,joint,removal,1,0.0,10.819778284410283,1.3118752925
oracle-boundary/absolute,civ-10,joint,removal,1,0.0,10.819778284410283,1.3118752925
oracle-boundary/present,civ-10,joint,removal,1,0.0,10.819778284410283,1.3118752925
oracle-boundary/recency,civ-10,joint,removal,1,0.0,6.907755278982137,1.2819812499999999
oracle-boundary/reference,civ-10,joint,removal,1,0.0,10.819778284410283,1.3118752925
oracle-boundary/transition1,civ-10,joint,removal,1,0.0,10.819778284410283,1.3118752925
oracle-boundary/transition2,civ-10,joint,removal,1,0.0,10.819778284410283,1.3118752925
oracle-boundary/transition3,civ-10,joint,removal,1,0.0,10.819778284410283,1.3118752925
streaming/absolute,civ-10,joint,swap,0,0.0,10.819778284410283,1.3118752925
streaming/present,civ-10,joint,swap,0,0.0,10.819778284410283,1.3118752925
streaming/recency,civ-10,joint,swap,0,0.0,6.907755278982137,1.2819812499999999
streaming/reference,civ-10,joint,swap,0,0.0,10.819778284410283,1.3118752925
streaming/transition1,civ-10,joint,swap,0,0.0,10.819778284410283,1.3118752925
streaming/transition2,civ-10,joint,swap,0,0.0,10.819778284410283,1.3118752925
streaming/transition3,civ-10,joint,swap,0,0.0,10.819778284410283,1.3118752925
fixed/absolute,civ-10,joint,swap,0,0.0,10.819778284410283,1.3118752925
fixed/present,civ-10,joint,swap,0,0.0,10.819778284410283,1.3118752925
fixed/recency,civ-10,joint,swap,0,0.0,6.907755278982137,1.2819812499999999
fixed/reference,civ-10,joint,swap,0,0.0,10.819778284410283,1.3118752925
fixed/transition1,civ-10,joint,swap,0,0.0,10.819778284410283,1.3118752925
fixed/transition2,civ-10,joint,swap,0,0.0,10.819778284410283,1.3118752925
fixed/transition3,civ-10,joint,swap,0,0.0,10.819778284410283,1.3118752925
oracle-boundary/absolute,civ-10,joint,swap,0,1.0,0.0009804805139614205,9.800000000392828e-07
oracle-boundary/present,civ-10,joint,swap,0,0.0,10.819778284410283,1.3118752925
oracle-boundary/recency,civ-10,joint,swap,0,1.0,0.05024121643674679,0.0024500000000000632
oracle-boundary/reference,civ-10,joint,swap,0,1.0,0.0009804805139614205,9.800000000392828e-07
oracle-boundary/transition1,civ-10,joint,swap,0,0.0,0.69410764165507,0.50000048
oracle-boundary/transition2,civ-10,joint,swap,0,1.0,0.0009804805139614205,9.800000000392828e-07
oracle-boundary/transition3,civ-10,joint,swap,0,1.0,0.0009804805139614205,9.800000000392828e-07
streaming/absolute,civ-10,joint,swap,1,0.0,10.819778284410283,1.3118752925
streaming/present,civ-10,joint,swap,1,0.0,10.819778284410283,1.3118752925
streaming/recency,civ-10,joint,swap,1,0.0,6.907755278982137,1.2819812499999999
streaming/reference,civ-10,joint,swap,1,0.0,10.819778284410283,1.3118752925
streaming/transition1,civ-10,joint,swap,1,0.0,10.819778284410283,1.3118752925
streaming/transition2,civ-10,joint,swap,1,0.0,10.819778284410283,1.3118752925
streaming/transition3,civ-10,joint,swap,1,0.0,10.819778284410283,1.3118752925
fixed/absolute,civ-10,joint,swap,1,0.0,10.819778284410283,1.3118752925
fixed/present,civ-10,joint,swap,1,0.0,10.819778284410283,1.3118752925
fixed/recency,civ-10,joint,swap,1,0.0,6.907755278982137,1.2819812499999999
fixed/reference,civ-10,joint,swap,1,0.0,10.819778284410283,1.3118752925
fixed/transition1,civ-10,joint,swap,1,0.0,10.819778284410283,1.3118752925
fixed/transition2,civ-10,joint,swap,1,0.0,10.819778284410283,1.3118752925
fixed/transition3,civ-10,joint,swap,1,0.0,10.819778284410283,1.3118752925
oracle-boundary/absolute,civ-10,joint,swap,1,1.0,0.0009804805139616427,9.800000000392828e-07
oracle-boundary/present,civ-10,joint,swap,1,0.0,10.819778284410283,1.3118752925
oracle-boundary/recency,civ-10,joint,swap,1,1.0,0.05024121643674679,0.0024500000000000632
oracle-boundary/reference,civ-10,joint,swap,1,1.0,0.0009804805139616427,9.800000000392828e-07
oracle-boundary/transition1,civ-10,joint,swap,1,1.0,0.69410764165507,0.50000048
oracle-boundary/transition2,civ-10,joint,swap,1,1.0,0.0009804805139616427,9.800000000392828e-07
oracle-boundary/transition3,civ-10,joint,swap,1,1.0,0.0009804805139616427,9.800000000392828e-07
streaming/absolute,civ-10,joint,shuffle,0,0.0,10.819778284410283,1.3118752925
streaming/present,civ-10,joint,shuffle,0,0.0,10.819778284410283,1.3118752925
streaming/recency,civ-10,joint,shuffle,0,0.0,6.907755278982137,1.2819812499999999
streaming/reference,civ-10,joint,shuffle,0,0.0,10.819778284410283,1.3118752925
streaming/transition1,civ-10,joint,shuffle,0,0.0,10.819778284410283,1.3118752925
streaming/transition2,civ-10,joint,shuffle,0,0.0,10.819778284410283,1.3118752925
streaming/transition3,civ-10,joint,shuffle,0,0.0,10.819778284410283,1.3118752925
fixed/absolute,civ-10,joint,shuffle,0,0.0,10.819778284410283,1.3118752925
fixed/present,civ-10,joint,shuffle,0,0.0,10.819778284410283,1.3118752925
fixed/recency,civ-10,joint,shuffle,0,0.0,6.907755278982137,1.2819812499999999
fixed/reference,civ-10,joint,shuffle,0,0.0,10.819778284410283,1.3118752925
fixed/transition1,civ-10,joint,shuffle,0,0.0,10.819778284410283,1.3118752925
fixed/transition2,civ-10,joint,shuffle,0,0.0,10.819778284410283,1.3118752925
fixed/transition3,civ-10,joint,shuffle,0,0.0,10.819778284410283,1.3118752925
oracle-boundary/absolute,civ-10,joint,shuffle,0,1.0,0.0009804805139616427,9.800000000392828e-07
oracle-boundary/present,civ-10,joint,shuffle,0,0.0,10.819778284410283,1.3118752925
oracle-boundary/recency,civ-10,joint,shuffle,0,0.0,6.907755278982137,1.90245
oracle-boundary/reference,civ-10,joint,shuffle,0,1.0,0.0009804805139616427,9.800000000392828e-07
oracle-boundary/transition1,civ-10,joint,shuffle,0,1.0,0.69410764165507,0.50000048
oracle-boundary/transition2,civ-10,joint,shuffle,0,1.0,0.0009804805139616427,9.800000000392828e-07
oracle-boundary/transition3,civ-10,joint,shuffle,0,1.0,0.0009804805139616427,9.800000000392828e-07
streaming/absolute,civ-10,joint,shuffle,1,0.0,10.819778284410283,1.3118752925
streaming/present,civ-10,joint,shuffle,1,0.0,10.819778284410283,1.3118752925
streaming/recency,civ-10,joint,shuffle,1,0.0,6.907755278982137,1.2819812499999999
streaming/reference,civ-10,joint,shuffle,1,0.0,10.819778284410283,1.3118752925
streaming/transition1,civ-10,joint,shuffle,1,0.0,10.819778284410283,1.3118752925
streaming/transition2,civ-10,joint,shuffle,1,0.0,10.819778284410283,1.3118752925
streaming/transition3,civ-10,joint,shuffle,1,0.0,10.819778284410283,1.3118752925
fixed/absolute,civ-10,joint,shuffle,1,0.0,10.819778284410283,1.3118752925
fixed/present,civ-10,joint,shuffle,1,0.0,10.819778284410283,1.3118752925
fixed/recency,civ-10,joint,shuffle,1,0.0,6.907755278982137,1.2819812499999999
fixed/reference,civ-10,joint,shuffle,1,0.0,10.819778284410283,1.3118752925
fixed/transition1,civ-10,joint,shuffle,1,0.0,10.819778284410283,1.3118752925
fixed/transition2,civ-10,joint,shuffle,1,0.0,10.819778284410283,1.3118752925
fixed/transition3,civ-10,joint,shuffle,1,0.0,10.819778284410283,1.3118752925
oracle-boundary/absolute,civ-10,joint,shuffle,1,1.0,0.0009804805139614205,9.800000000392828e-07
oracle-boundary/present,civ-10,joint,shuffle,1,0.0,10.819778284410283,1.3118752925
oracle-boundary/recency,civ-10,joint,shuffle,1,0.0,6.907755278982137,1.90245
oracle-boundary/reference,civ-10,joint,shuffle,1,1.0,0.0009804805139614205,9.800000000392828e-07
oracle-boundary/transition1,civ-10,joint,shuffle,1,0.0,0.69410764165507,0.50000048
oracle-boundary/transition2,civ-10,joint,shuffle,1,1.0,0.0009804805139614205,9.800000000392828e-07
oracle-boundary/transition3,civ-10,joint,shuffle,1,1.0,0.0009804805139614205,9.800000000392828e-07
streaming/absolute,civ-10,joint,ambiguous,0,0.0,10.819778284410283,1.3118752925
streaming/present,civ-10,joint,ambiguous,0,0.0,10.819778284410283,1.3118752925
streaming/recency,civ-10,joint,ambiguous,0,0.0,6.907755278982137,1.2819812499999999
streaming/reference,civ-10,joint,ambiguous,0,0.0,10.819778284410283,1.3118752925
streaming/transition1,civ-10,joint,ambiguous,0,0.0,10.819778284410283,1.3118752925
streaming/transition2,civ-10,joint,ambiguous,0,0.0,10.819778284410283,1.3118752925
streaming/transition3,civ-10,joint,ambiguous,0,0.0,10.819778284410283,1.3118752925
fixed/absolute,civ-10,joint,ambiguous,0,0.0,10.819778284410283,1.3118752925
fixed/present,civ-10,joint,ambiguous,0,0.0,10.819778284410283,1.3118752925
fixed/recency,civ-10,joint,ambiguous,0,0.0,6.907755278982137,1.2819812499999999
fixed/reference,civ-10,joint,ambiguous,0,0.0,10.819778284410283,1.3118752925
fixed/transition1,civ-10,joint,ambiguous,0,0.0,10.819778284410283,1.3118752925
fixed/transition2,civ-10,joint,ambiguous,0,0.0,10.819778284410283,1.3118752925
fixed/transition3,civ-10,joint,ambiguous,0,0.0,10.819778284410283,1.3118752925
oracle-boundary/absolute,civ-10,joint,ambiguous,0,1.0,0.69410764165507,0.50000048
oracle-boundary/present,civ-10,joint,ambiguous,0,0.0,10.819778284410283,1.3118752925
oracle-boundary/recency,civ-10,joint,ambiguous,0,1.0,3.4789982477094417,0.95245
oracle-boundary/reference,civ-10,joint,ambiguous,0,1.0,0.69410764165507,0.50000048
oracle-boundary/transition1,civ-10,joint,ambiguous,0,1.0,0.69410764165507,0.50000048
oracle-boundary/transition2,civ-10,joint,ambiguous,0,1.0,0.69410764165507,0.50000048
oracle-boundary/transition3,civ-10,joint,ambiguous,0,1.0,0.69410764165507,0.50000048
streaming/absolute,civ-10,joint,ambiguous,1,0.0,10.819778284410283,1.3118752925
streaming/present,civ-10,joint,ambiguous,1,0.0,10.819778284410283,1.3118752925
streaming/recency,civ-10,joint,ambiguous,1,0.0,6.907755278982137,1.2819812499999999
streaming/reference,civ-10,joint,ambiguous,1,0.0,10.819778284410283,1.3118752925
streaming/transition1,civ-10,joint,ambiguous,1,0.0,10.819778284410283,1.3118752925
streaming/transition2,civ-10,joint,ambiguous,1,0.0,10.819778284410283,1.3118752925
streaming/transition3,civ-10,joint,ambiguous,1,0.0,10.819778284410283,1.3118752925
fixed/absolute,civ-10,joint,ambiguous,1,0.0,10.819778284410283,1.3118752925
fixed/present,civ-10,joint,ambiguous,1,0.0,10.819778284410283,1.3118752925
fixed/recency,civ-10,joint,ambiguous,1,0.0,6.907755278982137,1.2819812499999999
fixed/reference,civ-10,joint,ambiguous,1,0.0,10.819778284410283,1.3118752925
fixed/transition1,civ-10,joint,ambiguous,1,0.0,10.819778284410283,1.3118752925
fixed/transition2,civ-10,joint,ambiguous,1,0.0,10.819778284410283,1.3118752925
fixed/transition3,civ-10,joint,ambiguous,1,0.0,10.819778284410283,1.3118752925
oracle-boundary/absolute,civ-10,joint,ambiguous,1,0.0,0.69410764165507,0.50000048
oracle-boundary/present,civ-10,joint,ambiguous,1,0.0,10.819778284410283,1.3118752925
oracle-boundary/recency,civ-10,joint,ambiguous,1,0.0,3.4789982477094417,0.95245
oracle-boundary/reference,civ-10,joint,ambiguous,1,0.0,0.69410764165507,0.50000048
oracle-boundary/transition1,civ-10,joint,ambiguous,1,0.0,0.69410764165507,0.50000048
oracle-boundary/transition2,civ-10,joint,ambiguous,1,0.0,0.69410764165507,0.50000048
oracle-boundary/transition3,civ-10,joint,ambiguous,1,0.0,0.69410764165507,0.50000048
streaming/absolute,civ-11,detached,intact,0,1.0,0.0009804805139616427,9.800000000392828e-07
streaming/present,civ-11,detached,intact,0,0.0,2.0802818946775288,1.0621252925000002
streaming/recency,civ-11,detached,intact,0,1.0,0.05024121643674679,0.0024500000000000632
streaming/reference,civ-11,detached,intact,0,1.0,0.0009804805139616427,9.800000000392828e-07
streaming/transition1,civ-11,detached,intact,0,1.0,0.0009804805139616427,9.800000000392828e-07
streaming/transition2,civ-11,detached,intact,0,1.0,0.0009804805139616427,9.800000000392828e-07
streaming/transition3,civ-11,detached,intact,0,1.0,0.0009804805139616427,9.800000000392828e-07
fixed/absolute,civ-11,detached,intact,0,0.0,2.0802818946775288,1.0621252925000002
fixed/present,civ-11,detached,intact,0,0.0,2.0802818946775288,1.0621252925000002
fixed/recency,civ-11,detached,intact,0,0.0,6.907755278982137,1.90245
fixed/reference,civ-11,detached,intact,0,0.0,2.0802818946775288,1.0621252925000002
fixed/transition1,civ-11,detached,intact,0,0.0,10.819778284410283,1.499158154834706
fixed/transition2,civ-11,detached,intact,0,0.0,2.0802818946775288,1.0621252925000002
fixed/transition3,civ-11,detached,intact,0,0.0,2.0802818946775288,1.0621252925000002
oracle-boundary/absolute,civ-11,detached,intact,0,1.0,0.0009804805139616427,9.800000000392828e-07
oracle-boundary/present,civ-11,detached,intact,0,0.0,2.0802818946775288,1.0621252925000002
oracle-boundary/recency,civ-11,detached,intact,0,0.0,6.907755278982137,1.90245
oracle-boundary/reference,civ-11,detached,intact,0,1.0,0.0009804805139616427,9.800000000392828e-07
oracle-boundary/transition1,civ-11,detached,intact,0,1.0,0.6941076416550698,0.5000004800000002
oracle-boundary/transition2,civ-11,detached,intact,0,1.0,0.0009804805139616427,9.800000000392828e-07
oracle-boundary/transition3,civ-11,detached,intact,0,1.0,0.0009804805139616427,9.800000000392828e-07
streaming/absolute,civ-11,detached,intact,1,0.0,2.0802818946775288,1.0621252925000002
streaming/present,civ-11,detached,intact,1,0.0,2.0802818946775288,1.0621252925000002
streaming/recency,civ-11,detached,intact,1,1.0,0.05024121643674679,0.0024500000000000632
streaming/reference,civ-11,detached,intact,1,1.0,0.0009804805139614205,9.800000000392828e-07
streaming/transition1,civ-11,detached,intact,1,0.0,2.0802818946775288,1.0621252925000002
streaming/transition2,civ-11,detached,intact,1,0.0,2.0802818946775288,1.0621252925000002
streaming/transition3,civ-11,detached,intact,1,0.0,2.0802818946775288,1.0621252925000002
fixed/absolute,civ-11,detached,intact,1,0.0,2.0802818946775288,1.0621252925000002
fixed/present,civ-11,detached,intact,1,0.0,2.0802818946775288,1.0621252925000002
fixed/recency,civ-11,detached,intact,1,0.0,6.907755278982137,1.90245
fixed/reference,civ-11,detached,intact,1,0.0,2.0802818946775288,1.0621252925000002
fixed/transition1,civ-11,detached,intact,1,0.0,10.819778284410283,1.499158154834706
fixed/transition2,civ-11,detached,intact,1,0.0,2.0802818946775288,1.0621252925000002
fixed/transition3,civ-11,detached,intact,1,0.0,2.0802818946775288,1.0621252925000002
oracle-boundary/absolute,civ-11,detached,intact,1,1.0,0.0009804805139614205,9.800000000392828e-07
oracle-boundary/present,civ-11,detached,intact,1,0.0,2.0802818946775288,1.0621252925000002
oracle-boundary/recency,civ-11,detached,intact,1,0.0,6.907755278982137,1.90245
oracle-boundary/reference,civ-11,detached,intact,1,1.0,0.0009804805139614205,9.800000000392828e-07
oracle-boundary/transition1,civ-11,detached,intact,1,0.0,0.6941076416550698,0.5000004800000002
oracle-boundary/transition2,civ-11,detached,intact,1,1.0,0.0009804805139614205,9.800000000392828e-07
oracle-boundary/transition3,civ-11,detached,intact,1,1.0,0.0009804805139614205,9.800000000392828e-07
streaming/absolute,civ-11,legato,intact,0,0.0,2.0802818946775288,1.0621252925000002
streaming/present,civ-11,legato,intact,0,0.0,2.0802818946775288,1.0621252925000002
streaming/recency,civ-11,legato,intact,0,0.0,6.907755278982137,1.90245
streaming/reference,civ-11,legato,intact,0,0.0,2.0802818946775288,1.0621252925000002
streaming/transition1,civ-11,legato,intact,0,0.0,2.0802818946775288,1.0621252925000002
streaming/transition2,civ-11,legato,intact,0,0.0,2.0802818946775288,1.0621252925000002
streaming/transition3,civ-11,legato,intact,0,0.0,2.0802818946775288,1.0621252925000002
fixed/absolute,civ-11,legato,intact,0,0.0,2.0802818946775288,1.0621252925000002
fixed/present,civ-11,legato,intact,0,0.0,2.0802818946775288,1.0621252925000002
fixed/recency,civ-11,legato,intact,0,0.0,6.907755278982137,1.90245
fixed/reference,civ-11,legato,intact,0,0.0,2.0802818946775288,1.0621252925000002
fixed/transition1,civ-11,legato,intact,0,0.0,10.819778284410283,1.4990011218811885
fixed/transition2,civ-11,legato,intact,0,0.0,2.0802818946775288,1.0621252925000002
fixed/transition3,civ-11,legato,intact,0,0.0,2.0802818946775288,1.0621252925000002
oracle-boundary/absolute,civ-11,legato,intact,0,1.0,0.0009804805139616427,9.800000000392828e-07
oracle-boundary/present,civ-11,legato,intact,0,0.0,2.0802818946775288,1.0621252925000002
oracle-boundary/recency,civ-11,legato,intact,0,0.0,6.907755278982137,1.90245
oracle-boundary/reference,civ-11,legato,intact,0,1.0,0.0009804805139616427,9.800000000392828e-07
oracle-boundary/transition1,civ-11,legato,intact,0,1.0,0.6941076416550698,0.5000004800000002
oracle-boundary/transition2,civ-11,legato,intact,0,1.0,0.0009804805139616427,9.800000000392828e-07
oracle-boundary/transition3,civ-11,legato,intact,0,1.0,0.0009804805139616427,9.800000000392828e-07
streaming/absolute,civ-11,legato,intact,1,0.0,2.0802818946775288,1.0621252925000002
streaming/present,civ-11,legato,intact,1,0.0,2.0802818946775288,1.0621252925000002
streaming/recency,civ-11,legato,intact,1,0.0,2.1223490426911127,1.0444812499999996
streaming/reference,civ-11,legato,intact,1,0.0,2.0802818946775288,1.0621252925000002
streaming/transition1,civ-11,legato,intact,1,0.0,2.0802818946775288,1.0621252925000002
streaming/transition2,civ-11,legato,intact,1,0.0,2.0802818946775288,1.0621252925000002
streaming/transition3,civ-11,legato,intact,1,0.0,2.0802818946775288,1.0621252925000002
fixed/absolute,civ-11,legato,intact,1,0.0,2.0802818946775288,1.0621252925000002
fixed/present,civ-11,legato,intact,1,0.0,2.0802818946775288,1.0621252925000002
fixed/recency,civ-11,legato,intact,1,0.0,6.907755278982137,1.90245
fixed/reference,civ-11,legato,intact,1,0.0,2.0802818946775288,1.0621252925000002
fixed/transition1,civ-11,legato,intact,1,0.0,10.819778284410283,1.4990011218811885
fixed/transition2,civ-11,legato,intact,1,0.0,2.0802818946775288,1.0621252925000002
fixed/transition3,civ-11,legato,intact,1,0.0,2.0802818946775288,1.0621252925000002
oracle-boundary/absolute,civ-11,legato,intact,1,1.0,0.0009804805139614205,9.800000000392828e-07
oracle-boundary/present,civ-11,legato,intact,1,0.0,2.0802818946775288,1.0621252925000002
oracle-boundary/recency,civ-11,legato,intact,1,0.0,6.907755278982137,1.90245
oracle-boundary/reference,civ-11,legato,intact,1,1.0,0.0009804805139614205,9.800000000392828e-07
oracle-boundary/transition1,civ-11,legato,intact,1,0.0,0.6941076416550698,0.5000004800000002
oracle-boundary/transition2,civ-11,legato,intact,1,1.0,0.0009804805139614205,9.800000000392828e-07
oracle-boundary/transition3,civ-11,legato,intact,1,1.0,0.0009804805139614205,9.800000000392828e-07
streaming/absolute,civ-11,duration,intact,0,0.0,2.0802818946775288,1.0621252925000002
streaming/present,civ-11,duration,intact,0,0.0,2.0802818946775288,1.0621252925000002
streaming/recency,civ-11,duration,intact,0,0.0,2.1223490426911127,1.0444812499999996
streaming/reference,civ-11,duration,intact,0,0.0,2.0802818946775288,1.0621252925000002
streaming/transition1,civ-11,duration,intact,0,0.0,2.0802818946775288,1.0621252925000002
streaming/transition2,civ-11,duration,intact,0,0.0,2.0802818946775288,1.0621252925000002
streaming/transition3,civ-11,duration,intact,0,0.0,2.0802818946775288,1.0621252925000002
fixed/absolute,civ-11,duration,intact,0,0.0,2.0802818946775288,1.0621252925000002
fixed/present,civ-11,duration,intact,0,0.0,2.0802818946775288,1.0621252925000002
fixed/recency,civ-11,duration,intact,0,0.0,6.907755278982137,1.90245
fixed/reference,civ-11,duration,intact,0,0.0,2.0802818946775288,1.0621252925000002
fixed/transition1,civ-11,duration,intact,0,0.0,10.819778284410283,1.9980009799999996
fixed/transition2,civ-11,duration,intact,0,0.0,2.0802818946775288,1.0621252925000002
fixed/transition3,civ-11,duration,intact,0,0.0,2.0802818946775288,1.0621252925000002
oracle-boundary/absolute,civ-11,duration,intact,0,1.0,0.0009804805139616427,9.800000000392828e-07
oracle-boundary/present,civ-11,duration,intact,0,0.0,2.0802818946775288,1.0621252925000002
oracle-boundary/recency,civ-11,duration,intact,0,0.0,6.907755278982137,1.90245
oracle-boundary/reference,civ-11,duration,intact,0,1.0,0.0009804805139616427,9.800000000392828e-07
oracle-boundary/transition1,civ-11,duration,intact,0,1.0,0.6941076416550698,0.5000004800000002
oracle-boundary/transition2,civ-11,duration,intact,0,1.0,0.0009804805139616427,9.800000000392828e-07
oracle-boundary/transition3,civ-11,duration,intact,0,1.0,0.0009804805139616427,9.800000000392828e-07
streaming/absolute,civ-11,duration,intact,1,0.0,2.0802818946775288,1.0621252925000002
streaming/present,civ-11,duration,intact,1,0.0,2.0802818946775288,1.0621252925000002
streaming/recency,civ-11,duration,intact,1,1.0,0.05024121643674679,0.0024500000000000632
streaming/reference,civ-11,duration,intact,1,0.0,2.0802818946775288,1.0621252925000002
streaming/transition1,civ-11,duration,intact,1,0.0,2.0802818946775288,1.0621252925000002
streaming/transition2,civ-11,duration,intact,1,0.0,2.0802818946775288,1.0621252925000002
streaming/transition3,civ-11,duration,intact,1,0.0,2.0802818946775288,1.0621252925000002
fixed/absolute,civ-11,duration,intact,1,0.0,2.0802818946775288,1.0621252925000002
fixed/present,civ-11,duration,intact,1,0.0,2.0802818946775288,1.0621252925000002
fixed/recency,civ-11,duration,intact,1,0.0,6.907755278982137,1.90245
fixed/reference,civ-11,duration,intact,1,0.0,2.0802818946775288,1.0621252925000002
fixed/transition1,civ-11,duration,intact,1,0.0,10.819778284410283,1.99800098
fixed/transition2,civ-11,duration,intact,1,0.0,2.0802818946775288,1.0621252925000002
fixed/transition3,civ-11,duration,intact,1,0.0,2.0802818946775288,1.0621252925000002
oracle-boundary/absolute,civ-11,duration,intact,1,1.0,0.0009804805139614205,9.800000000392828e-07
oracle-boundary/present,civ-11,duration,intact,1,0.0,2.0802818946775288,1.0621252925000002
oracle-boundary/recency,civ-11,duration,intact,1,0.0,6.907755278982137,1.90245
oracle-boundary/reference,civ-11,duration,intact,1,1.0,0.0009804805139614205,9.800000000392828e-07
oracle-boundary/transition1,civ-11,duration,intact,1,0.0,0.6941076416550698,0.5000004800000002
oracle-boundary/transition2,civ-11,duration,intact,1,1.0,0.0009804805139614205,9.800000000392828e-07
oracle-boundary/transition3,civ-11,duration,intact,1,1.0,0.0009804805139614205,9.800000000392828e-07
streaming/absolute,civ-11,joint,intact,0,0.0,2.0802818946775288,1.0621252925000002
streaming/present,civ-11,joint,intact,0,0.0,2.0802818946775288,1.0621252925000002
streaming/recency,civ-11,joint,intact,0,1.0,0.05024121643674679,0.0024500000000000632
streaming/reference,civ-11,joint,intact,0,0.0,2.0802818946775288,1.0621252925000002
streaming/transition1,civ-11,joint,intact,0,0.0,2.0802818946775288,1.0621252925000002
streaming/transition2,civ-11,joint,intact,0,0.0,2.0802818946775288,1.0621252925000002
streaming/transition3,civ-11,joint,intact,0,0.0,2.0802818946775288,1.0621252925000002
fixed/absolute,civ-11,joint,intact,0,0.0,2.0802818946775288,1.0621252925000002
fixed/present,civ-11,joint,intact,0,0.0,2.0802818946775288,1.0621252925000002
fixed/recency,civ-11,joint,intact,0,0.0,6.907755278982137,1.90245
fixed/reference,civ-11,joint,intact,0,0.0,2.0802818946775288,1.0621252925000002
fixed/transition1,civ-11,joint,intact,0,0.0,10.819778284410283,1.9980009799999996
fixed/transition2,civ-11,joint,intact,0,0.0,2.0802818946775288,1.0621252925000002
fixed/transition3,civ-11,joint,intact,0,0.0,2.0802818946775288,1.0621252925000002
oracle-boundary/absolute,civ-11,joint,intact,0,1.0,0.0009804805139616427,9.800000000392828e-07
oracle-boundary/present,civ-11,joint,intact,0,0.0,2.0802818946775288,1.0621252925000002
oracle-boundary/recency,civ-11,joint,intact,0,0.0,6.907755278982137,1.90245
oracle-boundary/reference,civ-11,joint,intact,0,1.0,0.0009804805139616427,9.800000000392828e-07
oracle-boundary/transition1,civ-11,joint,intact,0,1.0,0.6941076416550698,0.5000004800000002
oracle-boundary/transition2,civ-11,joint,intact,0,1.0,0.0009804805139616427,9.800000000392828e-07
oracle-boundary/transition3,civ-11,joint,intact,0,1.0,0.0009804805139616427,9.800000000392828e-07
streaming/absolute,civ-11,joint,intact,1,0.0,2.0802818946775288,1.0621252925000002
streaming/present,civ-11,joint,intact,1,0.0,2.0802818946775288,1.0621252925000002
streaming/recency,civ-11,joint,intact,1,1.0,0.05024121643674679,0.0024500000000000632
streaming/reference,civ-11,joint,intact,1,0.0,2.0802818946775288,1.0621252925000002
streaming/transition1,civ-11,joint,intact,1,0.0,2.0802818946775288,1.0621252925000002
streaming/transition2,civ-11,joint,intact,1,0.0,2.0802818946775288,1.0621252925000002
streaming/transition3,civ-11,joint,intact,1,0.0,2.0802818946775288,1.0621252925000002
fixed/absolute,civ-11,joint,intact,1,0.0,2.0802818946775288,1.0621252925000002
fixed/present,civ-11,joint,intact,1,0.0,2.0802818946775288,1.0621252925000002
fixed/recency,civ-11,joint,intact,1,0.0,6.907755278982137,1.90245
fixed/reference,civ-11,joint,intact,1,0.0,2.0802818946775288,1.0621252925000002
fixed/transition1,civ-11,joint,intact,1,0.0,10.819778284410283,1.99800098
fixed/transition2,civ-11,joint,intact,1,0.0,2.0802818946775288,1.0621252925000002
fixed/transition3,civ-11,joint,intact,1,0.0,2.0802818946775288,1.0621252925000002
oracle-boundary/absolute,civ-11,joint,intact,1,1.0,0.0009804805139614205,9.800000000392828e-07
oracle-boundary/present,civ-11,joint,intact,1,0.0,2.0802818946775288,1.0621252925000002
oracle-boundary/recency,civ-11,joint,intact,1,0.0,6.907755278982137,1.90245
oracle-boundary/reference,civ-11,joint,intact,1,1.0,0.0009804805139614205,9.800000000392828e-07
oracle-boundary/transition1,civ-11,joint,intact,1,0.0,0.6941076416550698,0.5000004800000002
oracle-boundary/transition2,civ-11,joint,intact,1,1.0,0.0009804805139614205,9.800000000392828e-07
oracle-boundary/transition3,civ-11,joint,intact,1,1.0,0.0009804805139614205,9.800000000392828e-07
streaming/absolute,civ-11,joint,reset,0,0.0,2.0802818946775288,1.0621252925000002
streaming/present,civ-11,joint,reset,0,0.0,2.0802818946775288,1.0621252925000002
streaming/recency,civ-11,joint,reset,0,0.0,2.1223490426911127,1.0444812499999996
streaming/reference,civ-11,joint,reset,0,0.0,2.0802818946775288,1.0621252925000002
streaming/transition1,civ-11,joint,reset,0,0.0,2.0802818946775288,1.0621252925000002
streaming/transition2,civ-11,joint,reset,0,0.0,2.0802818946775288,1.0621252925000002
streaming/transition3,civ-11,joint,reset,0,0.0,2.0802818946775288,1.0621252925000002
fixed/absolute,civ-11,joint,reset,0,0.0,2.0802818946775288,1.0621252925000002
fixed/present,civ-11,joint,reset,0,0.0,2.0802818946775288,1.0621252925000002
fixed/recency,civ-11,joint,reset,0,0.0,6.907755278982137,1.90245
fixed/reference,civ-11,joint,reset,0,0.0,2.0802818946775288,1.0621252925000002
fixed/transition1,civ-11,joint,reset,0,0.0,2.0802818946775288,1.0621252925000002
fixed/transition2,civ-11,joint,reset,0,0.0,2.0802818946775288,1.0621252925000002
fixed/transition3,civ-11,joint,reset,0,0.0,2.0802818946775288,1.0621252925000002
oracle-boundary/absolute,civ-11,joint,reset,0,0.0,2.0802818946775288,1.0621252925000002
oracle-boundary/present,civ-11,joint,reset,0,0.0,2.0802818946775288,1.0621252925000002
oracle-boundary/recency,civ-11,joint,reset,0,0.0,2.1223490426911127,1.0444812499999996
oracle-boundary/reference,civ-11,joint,reset,0,0.0,2.0802818946775288,1.0621252925000002
oracle-boundary/transition1,civ-11,joint,reset,0,0.0,2.0802818946775288,1.0621252925000002
oracle-boundary/transition2,civ-11,joint,reset,0,0.0,2.0802818946775288,1.0621252925000002
oracle-boundary/transition3,civ-11,joint,reset,0,0.0,2.0802818946775288,1.0621252925000002
streaming/absolute,civ-11,joint,reset,1,0.0,2.0802818946775288,1.0621252925000002
streaming/present,civ-11,joint,reset,1,0.0,2.0802818946775288,1.0621252925000002
streaming/recency,civ-11,joint,reset,1,0.0,2.1223490426911127,1.0444812499999996
streaming/reference,civ-11,joint,reset,1,0.0,2.0802818946775288,1.0621252925000002
streaming/transition1,civ-11,joint,reset,1,0.0,2.0802818946775288,1.0621252925000002
streaming/transition2,civ-11,joint,reset,1,0.0,2.0802818946775288,1.0621252925000002
streaming/transition3,civ-11,joint,reset,1,0.0,2.0802818946775288,1.0621252925000002
fixed/absolute,civ-11,joint,reset,1,0.0,2.0802818946775288,1.0621252925000002
fixed/present,civ-11,joint,reset,1,0.0,2.0802818946775288,1.0621252925000002
fixed/recency,civ-11,joint,reset,1,0.0,6.907755278982137,1.90245
fixed/reference,civ-11,joint,reset,1,0.0,2.0802818946775288,1.0621252925000002
fixed/transition1,civ-11,joint,reset,1,0.0,2.0802818946775288,1.0621252925000002
fixed/transition2,civ-11,joint,reset,1,0.0,2.0802818946775288,1.0621252925000002
fixed/transition3,civ-11,joint,reset,1,0.0,2.0802818946775288,1.0621252925000002
oracle-boundary/absolute,civ-11,joint,reset,1,0.0,2.0802818946775288,1.0621252925000002
oracle-boundary/present,civ-11,joint,reset,1,0.0,2.0802818946775288,1.0621252925000002
oracle-boundary/recency,civ-11,joint,reset,1,0.0,2.1223490426911127,1.0444812499999996
oracle-boundary/reference,civ-11,joint,reset,1,0.0,2.0802818946775288,1.0621252925000002
oracle-boundary/transition1,civ-11,joint,reset,1,0.0,2.0802818946775288,1.0621252925000002
oracle-boundary/transition2,civ-11,joint,reset,1,0.0,2.0802818946775288,1.0621252925000002
oracle-boundary/transition3,civ-11,joint,reset,1,0.0,2.0802818946775288,1.0621252925000002
streaming/absolute,civ-11,joint,removal,0,0.0,2.0802818946775288,1.0621252925000002
streaming/present,civ-11,joint,removal,0,0.0,2.0802818946775288,1.0621252925000002
streaming/recency,civ-11,joint,removal,0,0.0,2.1223490426911127,1.0444812499999996
streaming/reference,civ-11,joint,removal,0,0.0,2.0802818946775288,1.0621252925000002
streaming/transition1,civ-11,joint,removal,0,0.0,2.0802818946775288,1.0621252925000002
streaming/transition2,civ-11,joint,removal,0,0.0,2.0802818946775288,1.0621252925000002
streaming/transition3,civ-11,joint,removal,0,0.0,2.0802818946775288,1.0621252925000002
fixed/absolute,civ-11,joint,removal,0,0.0,2.0802818946775288,1.0621252925000002
fixed/present,civ-11,joint,removal,0,0.0,2.0802818946775288,1.0621252925000002
fixed/recency,civ-11,joint,removal,0,0.0,6.907755278982137,1.90245
fixed/reference,civ-11,joint,removal,0,0.0,2.0802818946775288,1.0621252925000002
fixed/transition1,civ-11,joint,removal,0,0.0,10.819778284410283,1.99800098
fixed/transition2,civ-11,joint,removal,0,0.0,2.0802818946775288,1.0621252925000002
fixed/transition3,civ-11,joint,removal,0,0.0,2.0802818946775288,1.0621252925000002
oracle-boundary/absolute,civ-11,joint,removal,0,0.0,2.0802818946775288,1.0621252925000002
oracle-boundary/present,civ-11,joint,removal,0,0.0,2.0802818946775288,1.0621252925000002
oracle-boundary/recency,civ-11,joint,removal,0,0.0,2.1223490426911127,1.0444812499999996
oracle-boundary/reference,civ-11,joint,removal,0,0.0,2.0802818946775288,1.0621252925000002
oracle-boundary/transition1,civ-11,joint,removal,0,0.0,2.0802818946775288,1.0621252925000002
oracle-boundary/transition2,civ-11,joint,removal,0,0.0,2.0802818946775288,1.0621252925000002
oracle-boundary/transition3,civ-11,joint,removal,0,0.0,2.0802818946775288,1.0621252925000002
streaming/absolute,civ-11,joint,removal,1,0.0,2.0802818946775288,1.0621252925000002
streaming/present,civ-11,joint,removal,1,0.0,2.0802818946775288,1.0621252925000002
streaming/recency,civ-11,joint,removal,1,0.0,2.1223490426911127,1.0444812499999996
streaming/reference,civ-11,joint,removal,1,0.0,2.0802818946775288,1.0621252925000002
streaming/transition1,civ-11,joint,removal,1,0.0,2.0802818946775288,1.0621252925000002
streaming/transition2,civ-11,joint,removal,1,0.0,2.0802818946775288,1.0621252925000002
streaming/transition3,civ-11,joint,removal,1,0.0,2.0802818946775288,1.0621252925000002
fixed/absolute,civ-11,joint,removal,1,0.0,2.0802818946775288,1.0621252925000002
fixed/present,civ-11,joint,removal,1,0.0,2.0802818946775288,1.0621252925000002
fixed/recency,civ-11,joint,removal,1,0.0,6.907755278982137,1.90245
fixed/reference,civ-11,joint,removal,1,0.0,2.0802818946775288,1.0621252925000002
fixed/transition1,civ-11,joint,removal,1,0.0,10.819778284410283,1.99800098
fixed/transition2,civ-11,joint,removal,1,0.0,2.0802818946775288,1.0621252925000002
fixed/transition3,civ-11,joint,removal,1,0.0,2.0802818946775288,1.0621252925000002
oracle-boundary/absolute,civ-11,joint,removal,1,0.0,2.0802818946775288,1.0621252925000002
oracle-boundary/present,civ-11,joint,removal,1,0.0,2.0802818946775288,1.0621252925000002
oracle-boundary/recency,civ-11,joint,removal,1,0.0,2.1223490426911127,1.0444812499999996
oracle-boundary/reference,civ-11,joint,removal,1,0.0,2.0802818946775288,1.0621252925000002
oracle-boundary/transition1,civ-11,joint,removal,1,0.0,2.0802818946775288,1.0621252925000002
oracle-boundary/transition2,civ-11,joint,removal,1,0.0,2.0802818946775288,1.0621252925000002
oracle-boundary/transition3,civ-11,joint,removal,1,0.0,2.0802818946775288,1.0621252925000002
streaming/absolute,civ-11,joint,swap,0,0.0,2.0802818946775288,1.0621252925000002
streaming/present,civ-11,joint,swap,0,0.0,2.0802818946775288,1.0621252925000002
streaming/recency,civ-11,joint,swap,0,1.0,0.05024121643674679,0.0024500000000000632
streaming/reference,civ-11,joint,swap,0,0.0,2.0802818946775288,1.0621252925000002
streaming/transition1,civ-11,joint,swap,0,0.0,2.0802818946775288,1.0621252925000002
streaming/transition2,civ-11,joint,swap,0,0.0,2.0802818946775288,1.0621252925000002
streaming/transition3,civ-11,joint,swap,0,0.0,2.0802818946775288,1.0621252925000002
fixed/absolute,civ-11,joint,swap,0,0.0,2.0802818946775288,1.0621252925000002
fixed/present,civ-11,joint,swap,0,0.0,2.0802818946775288,1.0621252925000002
fixed/recency,civ-11,joint,swap,0,0.0,6.907755278982137,1.90245
fixed/reference,civ-11,joint,swap,0,0.0,2.0802818946775288,1.0621252925000002
fixed/transition1,civ-11,joint,swap,0,0.0,10.819778284410283,1.99800098
fixed/transition2,civ-11,joint,swap,0,0.0,2.0802818946775288,1.0621252925000002
fixed/transition3,civ-11,joint,swap,0,0.0,2.0802818946775288,1.0621252925000002
oracle-boundary/absolute,civ-11,joint,swap,0,1.0,0.0009804805139614205,9.800000000392828e-07
oracle-boundary/present,civ-11,joint,swap,0,0.0,2.0802818946775288,1.0621252925000002
oracle-boundary/recency,civ-11,joint,swap,0,0.0,6.907755278982137,1.90245
oracle-boundary/reference,civ-11,joint,swap,0,1.0,0.0009804805139614205,9.800000000392828e-07
oracle-boundary/transition1,civ-11,joint,swap,0,0.0,0.6941076416550698,0.5000004800000002
oracle-boundary/transition2,civ-11,joint,swap,0,1.0,0.0009804805139614205,9.800000000392828e-07
oracle-boundary/transition3,civ-11,joint,swap,0,1.0,0.0009804805139614205,9.800000000392828e-07
streaming/absolute,civ-11,joint,swap,1,0.0,2.0802818946775288,1.0621252925000002
streaming/present,civ-11,joint,swap,1,0.0,2.0802818946775288,1.0621252925000002
streaming/recency,civ-11,joint,swap,1,1.0,0.05024121643674679,0.0024500000000000632
streaming/reference,civ-11,joint,swap,1,0.0,2.0802818946775288,1.0621252925000002
streaming/transition1,civ-11,joint,swap,1,0.0,2.0802818946775288,1.0621252925000002
streaming/transition2,civ-11,joint,swap,1,0.0,2.0802818946775288,1.0621252925000002
streaming/transition3,civ-11,joint,swap,1,0.0,2.0802818946775288,1.0621252925000002
fixed/absolute,civ-11,joint,swap,1,0.0,2.0802818946775288,1.0621252925000002
fixed/present,civ-11,joint,swap,1,0.0,2.0802818946775288,1.0621252925000002
fixed/recency,civ-11,joint,swap,1,0.0,6.907755278982137,1.90245
fixed/reference,civ-11,joint,swap,1,0.0,2.0802818946775288,1.0621252925000002
fixed/transition1,civ-11,joint,swap,1,0.0,10.819778284410283,1.9980009799999996
fixed/transition2,civ-11,joint,swap,1,0.0,2.0802818946775288,1.0621252925000002
fixed/transition3,civ-11,joint,swap,1,0.0,2.0802818946775288,1.0621252925000002
oracle-boundary/absolute,civ-11,joint,swap,1,1.0,0.0009804805139616427,9.800000000392828e-07
oracle-boundary/present,civ-11,joint,swap,1,0.0,2.0802818946775288,1.0621252925000002
oracle-boundary/recency,civ-11,joint,swap,1,0.0,6.907755278982137,1.90245
oracle-boundary/reference,civ-11,joint,swap,1,1.0,0.0009804805139616427,9.800000000392828e-07
oracle-boundary/transition1,civ-11,joint,swap,1,1.0,0.6941076416550698,0.5000004800000002
oracle-boundary/transition2,civ-11,joint,swap,1,1.0,0.0009804805139616427,9.800000000392828e-07
oracle-boundary/transition3,civ-11,joint,swap,1,1.0,0.0009804805139616427,9.800000000392828e-07
streaming/absolute,civ-11,joint,shuffle,0,0.0,2.0802818946775288,1.0621252925000002
streaming/present,civ-11,joint,shuffle,0,0.0,2.0802818946775288,1.0621252925000002
streaming/recency,civ-11,joint,shuffle,0,1.0,0.05024121643674679,0.0024500000000000632
streaming/reference,civ-11,joint,shuffle,0,0.0,2.0802818946775288,1.0621252925000002
streaming/transition1,civ-11,joint,shuffle,0,0.0,2.0802818946775288,1.0621252925000002
streaming/transition2,civ-11,joint,shuffle,0,0.0,2.0802818946775288,1.0621252925000002
streaming/transition3,civ-11,joint,shuffle,0,0.0,2.0802818946775288,1.0621252925000002
fixed/absolute,civ-11,joint,shuffle,0,0.0,2.0802818946775288,1.0621252925000002
fixed/present,civ-11,joint,shuffle,0,0.0,2.0802818946775288,1.0621252925000002
fixed/recency,civ-11,joint,shuffle,0,0.0,6.907755278982137,1.90245
fixed/reference,civ-11,joint,shuffle,0,0.0,2.0802818946775288,1.0621252925000002
fixed/transition1,civ-11,joint,shuffle,0,0.0,2.0802818946775288,1.0621252925000002
fixed/transition2,civ-11,joint,shuffle,0,0.0,2.0802818946775288,1.0621252925000002
fixed/transition3,civ-11,joint,shuffle,0,0.0,2.0802818946775288,1.0621252925000002
oracle-boundary/absolute,civ-11,joint,shuffle,0,1.0,0.0009804805139616427,9.800000000392828e-07
oracle-boundary/present,civ-11,joint,shuffle,0,0.0,2.0802818946775288,1.0621252925000002
oracle-boundary/recency,civ-11,joint,shuffle,0,1.0,0.05024121643674679,0.0024500000000000632
oracle-boundary/reference,civ-11,joint,shuffle,0,1.0,0.0009804805139616427,9.800000000392828e-07
oracle-boundary/transition1,civ-11,joint,shuffle,0,1.0,0.6941076416550698,0.5000004800000002
oracle-boundary/transition2,civ-11,joint,shuffle,0,1.0,0.0009804805139616427,9.800000000392828e-07
oracle-boundary/transition3,civ-11,joint,shuffle,0,1.0,0.0009804805139616427,9.800000000392828e-07
streaming/absolute,civ-11,joint,shuffle,1,0.0,2.0802818946775288,1.0621252925000002
streaming/present,civ-11,joint,shuffle,1,0.0,2.0802818946775288,1.0621252925000002
streaming/recency,civ-11,joint,shuffle,1,1.0,0.05024121643674679,0.0024500000000000632
streaming/reference,civ-11,joint,shuffle,1,0.0,2.0802818946775288,1.0621252925000002
streaming/transition1,civ-11,joint,shuffle,1,0.0,2.0802818946775288,1.0621252925000002
streaming/transition2,civ-11,joint,shuffle,1,0.0,2.0802818946775288,1.0621252925000002
streaming/transition3,civ-11,joint,shuffle,1,0.0,2.0802818946775288,1.0621252925000002
fixed/absolute,civ-11,joint,shuffle,1,0.0,2.0802818946775288,1.0621252925000002
fixed/present,civ-11,joint,shuffle,1,0.0,2.0802818946775288,1.0621252925000002
fixed/recency,civ-11,joint,shuffle,1,0.0,6.907755278982137,1.90245
fixed/reference,civ-11,joint,shuffle,1,0.0,2.0802818946775288,1.0621252925000002
fixed/transition1,civ-11,joint,shuffle,1,0.0,2.0802818946775288,1.0621252925000002
fixed/transition2,civ-11,joint,shuffle,1,0.0,2.0802818946775288,1.0621252925000002
fixed/transition3,civ-11,joint,shuffle,1,0.0,2.0802818946775288,1.0621252925000002
oracle-boundary/absolute,civ-11,joint,shuffle,1,1.0,0.0009804805139614205,9.800000000392828e-07
oracle-boundary/present,civ-11,joint,shuffle,1,0.0,2.0802818946775288,1.0621252925000002
oracle-boundary/recency,civ-11,joint,shuffle,1,1.0,0.05024121643674679,0.0024500000000000632
oracle-boundary/reference,civ-11,joint,shuffle,1,1.0,0.0009804805139614205,9.800000000392828e-07
oracle-boundary/transition1,civ-11,joint,shuffle,1,0.0,0.6941076416550698,0.5000004800000002
oracle-boundary/transition2,civ-11,joint,shuffle,1,1.0,0.0009804805139614205,9.800000000392828e-07
oracle-boundary/transition3,civ-11,joint,shuffle,1,1.0,0.0009804805139614205,9.800000000392828e-07
streaming/absolute,civ-11,joint,ambiguous,0,0.0,2.0802818946775288,1.0621252925
streaming/present,civ-11,joint,ambiguous,0,0.0,2.0802818946775288,1.0621252925
streaming/recency,civ-11,joint,ambiguous,0,0.0,3.4789982477094417,0.95245
streaming/reference,civ-11,joint,ambiguous,0,0.0,2.0802818946775288,1.0621252925
streaming/transition1,civ-11,joint,ambiguous,0,0.0,2.0802818946775288,1.0621252925
streaming/transition2,civ-11,joint,ambiguous,0,0.0,2.0802818946775288,1.0621252925
streaming/transition3,civ-11,joint,ambiguous,0,0.0,2.0802818946775288,1.0621252925
fixed/absolute,civ-11,joint,ambiguous,0,0.0,2.0802818946775288,1.0621252925
fixed/present,civ-11,joint,ambiguous,0,0.0,2.0802818946775288,1.0621252925
fixed/recency,civ-11,joint,ambiguous,0,0.0,6.907755278982137,1.90245
fixed/reference,civ-11,joint,ambiguous,0,0.0,2.0802818946775288,1.0621252925
fixed/transition1,civ-11,joint,ambiguous,0,0.0,2.0802818946775288,1.0621252925
fixed/transition2,civ-11,joint,ambiguous,0,0.0,2.0802818946775288,1.0621252925
fixed/transition3,civ-11,joint,ambiguous,0,0.0,2.0802818946775288,1.0621252925
oracle-boundary/absolute,civ-11,joint,ambiguous,0,1.0,0.6941076416550698,0.50000048
oracle-boundary/present,civ-11,joint,ambiguous,0,0.0,2.0802818946775288,1.0621252925
oracle-boundary/recency,civ-11,joint,ambiguous,0,0.0,3.4789982477094417,0.95245
oracle-boundary/reference,civ-11,joint,ambiguous,0,1.0,0.6941076416550698,0.50000048
oracle-boundary/transition1,civ-11,joint,ambiguous,0,1.0,0.6941076416550698,0.50000048
oracle-boundary/transition2,civ-11,joint,ambiguous,0,1.0,0.6941076416550698,0.50000048
oracle-boundary/transition3,civ-11,joint,ambiguous,0,1.0,0.6941076416550698,0.50000048
streaming/absolute,civ-11,joint,ambiguous,1,0.0,2.0802818946775288,1.0621252925
streaming/present,civ-11,joint,ambiguous,1,0.0,2.0802818946775288,1.0621252925
streaming/recency,civ-11,joint,ambiguous,1,1.0,3.4789982477094417,0.95245
streaming/reference,civ-11,joint,ambiguous,1,0.0,2.0802818946775288,1.0621252925
streaming/transition1,civ-11,joint,ambiguous,1,0.0,2.0802818946775288,1.0621252925
streaming/transition2,civ-11,joint,ambiguous,1,0.0,2.0802818946775288,1.0621252925
streaming/transition3,civ-11,joint,ambiguous,1,0.0,2.0802818946775288,1.0621252925
fixed/absolute,civ-11,joint,ambiguous,1,0.0,2.0802818946775288,1.0621252925
fixed/present,civ-11,joint,ambiguous,1,0.0,2.0802818946775288,1.0621252925
fixed/recency,civ-11,joint,ambiguous,1,0.0,6.907755278982137,1.90245
fixed/reference,civ-11,joint,ambiguous,1,0.0,2.0802818946775288,1.0621252925
fixed/transition1,civ-11,joint,ambiguous,1,0.0,2.0802818946775288,1.0621252925
fixed/transition2,civ-11,joint,ambiguous,1,0.0,2.0802818946775288,1.0621252925
fixed/transition3,civ-11,joint,ambiguous,1,0.0,2.0802818946775288,1.0621252925
oracle-boundary/absolute,civ-11,joint,ambiguous,1,0.0,0.6941076416550698,0.50000048
oracle-boundary/present,civ-11,joint,ambiguous,1,0.0,2.0802818946775288,1.0621252925
oracle-boundary/recency,civ-11,joint,ambiguous,1,1.0,3.4789982477094417,0.95245
oracle-boundary/reference,civ-11,joint,ambiguous,1,0.0,0.6941076416550698,0.50000048
oracle-boundary/transition1,civ-11,joint,ambiguous,1,0.0,0.6941076416550698,0.50000048
oracle-boundary/transition2,civ-11,joint,ambiguous,1,0.0,0.6941076416550698,0.50000048
oracle-boundary/transition3,civ-11,joint,ambiguous,1,0.0,0.6941076416550698,0.50000048
streaming/absolute,civ-12,detached,intact,0,1.0,0.9817763680502767,0.5626252924999999
streaming/present,civ-12,detached,intact,0,1.0,0.9817763680502767,0.5626252924999999
streaming/recency,civ-12,detached,intact,0,1.0,0.05024121643674679,0.0024500000000000632
streaming/reference,civ-12,detached,intact,0,1.0,0.0009804805139616427,9.800000000392828e-07
streaming/transition1,civ-12,detached,intact,0,0.0,10.819778284410283,1.99800098
streaming/transition2,civ-12,detached,intact,0,1.0,0.9817763680502767,0.5626252924999999
streaming/transition3,civ-12,detached,intact,0,1.0,0.9817763680502767,0.5626252924999999
fixed/absolute,civ-12,detached,intact,0,1.0,0.9817763680502767,0.5626252924999999
fixed/present,civ-12,detached,intact,0,1.0,0.9817763680502767,0.5626252924999999
fixed/recency,civ-12,detached,intact,0,1.0,1.0293194621721604,0.5694812499999999
fixed/reference,civ-12,detached,intact,0,1.0,0.9817763680502767,0.5626252924999999
fixed/transition1,civ-12,detached,intact,0,1.0,0.9817763680502767,0.5626252924999999
fixed/transition2,civ-12,detached,intact,0,1.0,0.9817763680502767,0.5626252924999999
fixed/transition3,civ-12,detached,intact,0,1.0,0.9817763680502767,0.5626252924999999
oracle-boundary/absolute,civ-12,detached,intact,0,1.0,0.0009804805139616427,9.800000000392828e-07
oracle-boundary/present,civ-12,detached,intact,0,1.0,0.9817763680502767,0.5626252924999999
oracle-boundary/recency,civ-12,detached,intact,0,1.0,0.05024121643674679,0.0024500000000000632
oracle-boundary/reference,civ-12,detached,intact,0,1.0,0.0009804805139616427,9.800000000392828e-07
oracle-boundary/transition1,civ-12,detached,intact,0,1.0,0.69410764165507,0.50000048
oracle-boundary/transition2,civ-12,detached,intact,0,1.0,0.0009804805139616427,9.800000000392828e-07
oracle-boundary/transition3,civ-12,detached,intact,0,1.0,0.0009804805139616427,9.800000000392828e-07
streaming/absolute,civ-12,detached,intact,1,1.0,0.0009804805139614205,9.800000000392828e-07
streaming/present,civ-12,detached,intact,1,0.0,0.9817763680502767,0.5626252924999999
streaming/recency,civ-12,detached,intact,1,1.0,0.05024121643674679,0.0024500000000000632
streaming/reference,civ-12,detached,intact,1,1.0,0.0009804805139614205,9.800000000392828e-07
streaming/transition1,civ-12,detached,intact,1,1.0,0.0009804805139614205,9.800000000392828e-07
streaming/transition2,civ-12,detached,intact,1,1.0,0.0009804805139614205,9.800000000392828e-07
streaming/transition3,civ-12,detached,intact,1,1.0,0.0009804805139614205,9.800000000392828e-07
fixed/absolute,civ-12,detached,intact,1,0.0,0.9817763680502767,0.5626252924999999
fixed/present,civ-12,detached,intact,1,0.0,0.9817763680502767,0.5626252924999999
fixed/recency,civ-12,detached,intact,1,0.0,1.0293194621721604,0.5694812499999999
fixed/reference,civ-12,detached,intact,1,0.0,0.9817763680502767,0.5626252924999999
fixed/transition1,civ-12,detached,intact,1,0.0,0.9817763680502767,0.5626252924999999
fixed/transition2,civ-12,detached,intact,1,0.0,0.9817763680502767,0.5626252924999999
fixed/transition3,civ-12,detached,intact,1,0.0,0.9817763680502767,0.5626252924999999
oracle-boundary/absolute,civ-12,detached,intact,1,1.0,0.0009804805139614205,9.800000000392828e-07
oracle-boundary/present,civ-12,detached,intact,1,0.0,0.9817763680502767,0.5626252924999999
oracle-boundary/recency,civ-12,detached,intact,1,1.0,0.05024121643674679,0.0024500000000000632
oracle-boundary/reference,civ-12,detached,intact,1,1.0,0.0009804805139614205,9.800000000392828e-07
oracle-boundary/transition1,civ-12,detached,intact,1,0.0,0.69410764165507,0.50000048
oracle-boundary/transition2,civ-12,detached,intact,1,1.0,0.0009804805139614205,9.800000000392828e-07
oracle-boundary/transition3,civ-12,detached,intact,1,1.0,0.0009804805139614205,9.800000000392828e-07
streaming/absolute,civ-12,legato,intact,0,1.0,0.9817763680502767,0.5626252924999999
streaming/present,civ-12,legato,intact,0,1.0,0.9817763680502767,0.5626252924999999
streaming/recency,civ-12,legato,intact,0,1.0,0.05024121643674679,0.0024500000000000632
streaming/reference,civ-12,legato,intact,0,1.0,0.9817763680502767,0.5626252924999999
streaming/transition1,civ-12,legato,intact,0,1.0,0.9817763680502767,0.5626252924999999
streaming/transition2,civ-12,legato,intact,0,1.0,0.9817763680502767,0.5626252924999999
streaming/transition3,civ-12,legato,intact,0,1.0,0.9817763680502767,0.5626252924999999
fixed/absolute,civ-12,legato,intact,0,1.0,0.9817763680502767,0.5626252924999999
fixed/present,civ-12,legato,intact,0,1.0,0.9817763680502767,0.5626252924999999
fixed/recency,civ-12,legato,intact,0,0.0,6.907755278982137,1.90245
fixed/reference,civ-12,legato,intact,0,1.0,0.9817763680502767,0.5626252924999999
fixed/transition1,civ-12,legato,intact,0,1.0,0.9817763680502767,0.5626252924999999
fixed/transition2,civ-12,legato,intact,0,1.0,0.9817763680502767,0.5626252924999999
fixed/transition3,civ-12,legato,intact,0,1.0,0.9817763680502767,0.5626252924999999
oracle-boundary/absolute,civ-12,legato,intact,0,1.0,0.0009804805139616427,9.800000000392828e-07
oracle-boundary/present,civ-12,legato,intact,0,1.0,0.9817763680502767,0.5626252924999999
oracle-boundary/recency,civ-12,legato,intact,0,1.0,0.05024121643674679,0.0024500000000000632
oracle-boundary/reference,civ-12,legato,intact,0,1.0,0.0009804805139616427,9.800000000392828e-07
oracle-boundary/transition1,civ-12,legato,intact,0,1.0,0.69410764165507,0.50000048
oracle-boundary/transition2,civ-12,legato,intact,0,1.0,0.0009804805139616427,9.800000000392828e-07
oracle-boundary/transition3,civ-12,legato,intact,0,1.0,0.0009804805139616427,9.800000000392828e-07
streaming/absolute,civ-12,legato,intact,1,0.0,0.9817763680502767,0.5626252924999999
streaming/present,civ-12,legato,intact,1,0.0,0.9817763680502767,0.5626252924999999
streaming/recency,civ-12,legato,intact,1,0.0,1.0293194621721604,0.5694812499999999
streaming/reference,civ-12,legato,intact,1,0.0,0.9817763680502767,0.5626252924999999
streaming/transition1,civ-12,legato,intact,1,0.0,0.9817763680502767,0.5626252924999999
streaming/transition2,civ-12,legato,intact,1,0.0,0.9817763680502767,0.5626252924999999
streaming/transition3,civ-12,legato,intact,1,0.0,0.9817763680502767,0.5626252924999999
fixed/absolute,civ-12,legato,intact,1,0.0,0.9817763680502767,0.5626252924999999
fixed/present,civ-12,legato,intact,1,0.0,0.9817763680502767,0.5626252924999999
fixed/recency,civ-12,legato,intact,1,0.0,6.907755278982137,1.90245
fixed/reference,civ-12,legato,intact,1,0.0,0.9817763680502767,0.5626252924999999
fixed/transition1,civ-12,legato,intact,1,0.0,0.9817763680502767,0.5626252924999999
fixed/transition2,civ-12,legato,intact,1,0.0,0.9817763680502767,0.5626252924999999
fixed/transition3,civ-12,legato,intact,1,0.0,0.9817763680502767,0.5626252924999999
oracle-boundary/absolute,civ-12,legato,intact,1,1.0,0.0009804805139614205,9.800000000392828e-07
oracle-boundary/present,civ-12,legato,intact,1,0.0,0.9817763680502767,0.5626252924999999
oracle-boundary/recency,civ-12,legato,intact,1,1.0,0.05024121643674679,0.0024500000000000632
oracle-boundary/reference,civ-12,legato,intact,1,1.0,0.0009804805139614205,9.800000000392828e-07
oracle-boundary/transition1,civ-12,legato,intact,1,0.0,0.69410764165507,0.50000048
oracle-boundary/transition2,civ-12,legato,intact,1,1.0,0.0009804805139614205,9.800000000392828e-07
oracle-boundary/transition3,civ-12,legato,intact,1,1.0,0.0009804805139614205,9.800000000392828e-07
streaming/absolute,civ-12,duration,intact,0,1.0,0.9817763680502767,0.5626252924999999
streaming/present,civ-12,duration,intact,0,1.0,0.9817763680502767,0.5626252924999999
streaming/recency,civ-12,duration,intact,0,1.0,1.0293194621721604,0.5694812499999999
streaming/reference,civ-12,duration,intact,0,1.0,0.9817763680502767,0.5626252924999999
streaming/transition1,civ-12,duration,intact,0,1.0,0.9817763680502767,0.5626252924999999
streaming/transition2,civ-12,duration,intact,0,1.0,0.9817763680502767,0.5626252924999999
streaming/transition3,civ-12,duration,intact,0,1.0,0.9817763680502767,0.5626252924999999
fixed/absolute,civ-12,duration,intact,0,1.0,0.9817763680502767,0.5626252924999999
fixed/present,civ-12,duration,intact,0,1.0,0.9817763680502767,0.5626252924999999
fixed/recency,civ-12,duration,intact,0,1.0,1.0293194621721604,0.5694812499999999
fixed/reference,civ-12,duration,intact,0,1.0,0.9817763680502767,0.5626252924999999
fixed/transition1,civ-12,duration,intact,0,1.0,0.9817763680502767,0.5626252924999999
fixed/transition2,civ-12,duration,intact,0,1.0,0.9817763680502767,0.5626252924999999
fixed/transition3,civ-12,duration,intact,0,1.0,0.9817763680502767,0.5626252924999999
oracle-boundary/absolute,civ-12,duration,intact,0,1.0,0.0009804805139616427,9.800000000392828e-07
oracle-boundary/present,civ-12,duration,intact,0,1.0,0.9817763680502767,0.5626252924999999
oracle-boundary/recency,civ-12,duration,intact,0,1.0,0.05024121643674679,0.0024500000000000632
oracle-boundary/reference,civ-12,duration,intact,0,1.0,0.0009804805139616427,9.800000000392828e-07
oracle-boundary/transition1,civ-12,duration,intact,0,1.0,0.69410764165507,0.50000048
oracle-boundary/transition2,civ-12,duration,intact,0,1.0,0.0009804805139616427,9.800000000392828e-07
oracle-boundary/transition3,civ-12,duration,intact,0,1.0,0.0009804805139616427,9.800000000392828e-07
streaming/absolute,civ-12,duration,intact,1,0.0,0.9817763680502767,0.5626252924999999
streaming/present,civ-12,duration,intact,1,0.0,0.9817763680502767,0.5626252924999999
streaming/recency,civ-12,duration,intact,1,0.0,1.0293194621721604,0.5694812499999999
streaming/reference,civ-12,duration,intact,1,0.0,0.9817763680502767,0.5626252924999999
streaming/transition1,civ-12,duration,intact,1,0.0,0.9817763680502767,0.5626252924999999
streaming/transition2,civ-12,duration,intact,1,0.0,0.9817763680502767,0.5626252924999999
streaming/transition3,civ-12,duration,intact,1,0.0,0.9817763680502767,0.5626252924999999
fixed/absolute,civ-12,duration,intact,1,0.0,0.9817763680502767,0.5626252924999999
fixed/present,civ-12,duration,intact,1,0.0,0.9817763680502767,0.5626252924999999
fixed/recency,civ-12,duration,intact,1,0.0,1.0293194621721604,0.5694812499999999
fixed/reference,civ-12,duration,intact,1,0.0,0.9817763680502767,0.5626252924999999
fixed/transition1,civ-12,duration,intact,1,0.0,0.9817763680502767,0.5626252924999999
fixed/transition2,civ-12,duration,intact,1,0.0,0.9817763680502767,0.5626252924999999
fixed/transition3,civ-12,duration,intact,1,0.0,0.9817763680502767,0.5626252924999999
oracle-boundary/absolute,civ-12,duration,intact,1,1.0,0.0009804805139614205,9.800000000392828e-07
oracle-boundary/present,civ-12,duration,intact,1,0.0,0.9817763680502767,0.5626252924999999
oracle-boundary/recency,civ-12,duration,intact,1,1.0,0.05024121643674679,0.0024500000000000632
oracle-boundary/reference,civ-12,duration,intact,1,1.0,0.0009804805139614205,9.800000000392828e-07
oracle-boundary/transition1,civ-12,duration,intact,1,0.0,0.69410764165507,0.50000048
oracle-boundary/transition2,civ-12,duration,intact,1,1.0,0.0009804805139614205,9.800000000392828e-07
oracle-boundary/transition3,civ-12,duration,intact,1,1.0,0.0009804805139614205,9.800000000392828e-07
streaming/absolute,civ-12,joint,intact,0,1.0,0.9817763680502767,0.5626252924999999
streaming/present,civ-12,joint,intact,0,1.0,0.9817763680502767,0.5626252924999999
streaming/recency,civ-12,joint,intact,0,1.0,1.0293194621721604,0.5694812499999999
streaming/reference,civ-12,joint,intact,0,1.0,0.9817763680502767,0.5626252924999999
streaming/transition1,civ-12,joint,intact,0,1.0,0.9817763680502767,0.5626252924999999
streaming/transition2,civ-12,joint,intact,0,1.0,0.9817763680502767,0.5626252924999999
streaming/transition3,civ-12,joint,intact,0,1.0,0.9817763680502767,0.5626252924999999
fixed/absolute,civ-12,joint,intact,0,1.0,0.9817763680502767,0.5626252924999999
fixed/present,civ-12,joint,intact,0,1.0,0.9817763680502767,0.5626252924999999
fixed/recency,civ-12,joint,intact,0,1.0,1.0293194621721604,0.5694812499999999
fixed/reference,civ-12,joint,intact,0,1.0,0.9817763680502767,0.5626252924999999
fixed/transition1,civ-12,joint,intact,0,1.0,0.9817763680502767,0.5626252924999999
fixed/transition2,civ-12,joint,intact,0,1.0,0.9817763680502767,0.5626252924999999
fixed/transition3,civ-12,joint,intact,0,1.0,0.9817763680502767,0.5626252924999999
oracle-boundary/absolute,civ-12,joint,intact,0,1.0,0.0009804805139616427,9.800000000392828e-07
oracle-boundary/present,civ-12,joint,intact,0,1.0,0.9817763680502767,0.5626252924999999
oracle-boundary/recency,civ-12,joint,intact,0,1.0,0.05024121643674679,0.0024500000000000632
oracle-boundary/reference,civ-12,joint,intact,0,1.0,0.0009804805139616427,9.800000000392828e-07
oracle-boundary/transition1,civ-12,joint,intact,0,1.0,0.69410764165507,0.50000048
oracle-boundary/transition2,civ-12,joint,intact,0,1.0,0.0009804805139616427,9.800000000392828e-07
oracle-boundary/transition3,civ-12,joint,intact,0,1.0,0.0009804805139616427,9.800000000392828e-07
streaming/absolute,civ-12,joint,intact,1,0.0,0.9817763680502767,0.5626252924999999
streaming/present,civ-12,joint,intact,1,0.0,0.9817763680502767,0.5626252924999999
streaming/recency,civ-12,joint,intact,1,0.0,1.0293194621721604,0.5694812499999999
streaming/reference,civ-12,joint,intact,1,0.0,0.9817763680502767,0.5626252924999999
streaming/transition1,civ-12,joint,intact,1,0.0,0.9817763680502767,0.5626252924999999
streaming/transition2,civ-12,joint,intact,1,0.0,0.9817763680502767,0.5626252924999999
streaming/transition3,civ-12,joint,intact,1,0.0,0.9817763680502767,0.5626252924999999
fixed/absolute,civ-12,joint,intact,1,0.0,0.9817763680502767,0.5626252924999999
fixed/present,civ-12,joint,intact,1,0.0,0.9817763680502767,0.5626252924999999
fixed/recency,civ-12,joint,intact,1,0.0,1.0293194621721604,0.5694812499999999
fixed/reference,civ-12,joint,intact,1,0.0,0.9817763680502767,0.5626252924999999
fixed/transition1,civ-12,joint,intact,1,0.0,0.9817763680502767,0.5626252924999999
fixed/transition2,civ-12,joint,intact,1,0.0,0.9817763680502767,0.5626252924999999
fixed/transition3,civ-12,joint,intact,1,0.0,0.9817763680502767,0.5626252924999999
oracle-boundary/absolute,civ-12,joint,intact,1,1.0,0.0009804805139614205,9.800000000392828e-07
oracle-boundary/present,civ-12,joint,intact,1,0.0,0.9817763680502767,0.5626252924999999
oracle-boundary/recency,civ-12,joint,intact,1,1.0,0.05024121643674679,0.0024500000000000632
oracle-boundary/reference,civ-12,joint,intact,1,1.0,0.0009804805139614205,9.800000000392828e-07
oracle-boundary/transition1,civ-12,joint,intact,1,0.0,0.69410764165507,0.50000048
oracle-boundary/transition2,civ-12,joint,intact,1,1.0,0.0009804805139614205,9.800000000392828e-07
oracle-boundary/transition3,civ-12,joint,intact,1,1.0,0.0009804805139614205,9.800000000392828e-07
streaming/absolute,civ-12,joint,reset,0,1.0,0.9817763680502767,0.5626252924999999
streaming/present,civ-12,joint,reset,0,1.0,0.9817763680502767,0.5626252924999999
streaming/recency,civ-12,joint,reset,0,1.0,1.0293194621721604,0.5694812499999999
streaming/reference,civ-12,joint,reset,0,1.0,0.9817763680502767,0.5626252924999999
streaming/transition1,civ-12,joint,reset,0,1.0,0.9817763680502767,0.5626252924999999
streaming/transition2,civ-12,joint,reset,0,1.0,0.9817763680502767,0.5626252924999999
streaming/transition3,civ-12,joint,reset,0,1.0,0.9817763680502767,0.5626252924999999
fixed/absolute,civ-12,joint,reset,0,1.0,0.9817763680502767,0.5626252924999999
fixed/present,civ-12,joint,reset,0,1.0,0.9817763680502767,0.5626252924999999
fixed/recency,civ-12,joint,reset,0,1.0,1.0293194621721604,0.5694812499999999
fixed/reference,civ-12,joint,reset,0,1.0,0.9817763680502767,0.5626252924999999
fixed/transition1,civ-12,joint,reset,0,1.0,0.9817763680502767,0.5626252924999999
fixed/transition2,civ-12,joint,reset,0,1.0,0.9817763680502767,0.5626252924999999
fixed/transition3,civ-12,joint,reset,0,1.0,0.9817763680502767,0.5626252924999999
oracle-boundary/absolute,civ-12,joint,reset,0,1.0,0.9817763680502767,0.5626252924999999
oracle-boundary/present,civ-12,joint,reset,0,1.0,0.9817763680502767,0.5626252924999999
oracle-boundary/recency,civ-12,joint,reset,0,1.0,1.0293194621721604,0.5694812499999999
oracle-boundary/reference,civ-12,joint,reset,0,1.0,0.9817763680502767,0.5626252924999999
oracle-boundary/transition1,civ-12,joint,reset,0,1.0,0.9817763680502767,0.5626252924999999
oracle-boundary/transition2,civ-12,joint,reset,0,1.0,0.9817763680502767,0.5626252924999999
oracle-boundary/transition3,civ-12,joint,reset,0,1.0,0.9817763680502767,0.5626252924999999
streaming/absolute,civ-12,joint,reset,1,0.0,0.9817763680502767,0.5626252924999999
streaming/present,civ-12,joint,reset,1,0.0,0.9817763680502767,0.5626252924999999
streaming/recency,civ-12,joint,reset,1,0.0,1.0293194621721604,0.5694812499999999
streaming/reference,civ-12,joint,reset,1,0.0,0.9817763680502767,0.5626252924999999
streaming/transition1,civ-12,joint,reset,1,0.0,0.9817763680502767,0.5626252924999999
streaming/transition2,civ-12,joint,reset,1,0.0,0.9817763680502767,0.5626252924999999
streaming/transition3,civ-12,joint,reset,1,0.0,0.9817763680502767,0.5626252924999999
fixed/absolute,civ-12,joint,reset,1,0.0,0.9817763680502767,0.5626252924999999
fixed/present,civ-12,joint,reset,1,0.0,0.9817763680502767,0.5626252924999999
fixed/recency,civ-12,joint,reset,1,0.0,1.0293194621721604,0.5694812499999999
fixed/reference,civ-12,joint,reset,1,0.0,0.9817763680502767,0.5626252924999999
fixed/transition1,civ-12,joint,reset,1,0.0,0.9817763680502767,0.5626252924999999
fixed/transition2,civ-12,joint,reset,1,0.0,0.9817763680502767,0.5626252924999999
fixed/transition3,civ-12,joint,reset,1,0.0,0.9817763680502767,0.5626252924999999
oracle-boundary/absolute,civ-12,joint,reset,1,0.0,0.9817763680502767,0.5626252924999999
oracle-boundary/present,civ-12,joint,reset,1,0.0,0.9817763680502767,0.5626252924999999
oracle-boundary/recency,civ-12,joint,reset,1,0.0,1.0293194621721604,0.5694812499999999
oracle-boundary/reference,civ-12,joint,reset,1,0.0,0.9817763680502767,0.5626252924999999
oracle-boundary/transition1,civ-12,joint,reset,1,0.0,0.9817763680502767,0.5626252924999999
oracle-boundary/transition2,civ-12,joint,reset,1,0.0,0.9817763680502767,0.5626252924999999
oracle-boundary/transition3,civ-12,joint,reset,1,0.0,0.9817763680502767,0.5626252924999999
streaming/absolute,civ-12,joint,removal,0,1.0,0.9817763680502767,0.5626252924999999
streaming/present,civ-12,joint,removal,0,1.0,0.9817763680502767,0.5626252924999999
streaming/recency,civ-12,joint,removal,0,1.0,1.0293194621721604,0.5694812499999999
streaming/reference,civ-12,joint,removal,0,1.0,0.9817763680502767,0.5626252924999999
streaming/transition1,civ-12,joint,removal,0,1.0,0.9817763680502767,0.5626252924999999
streaming/transition2,civ-12,joint,removal,0,1.0,0.9817763680502767,0.5626252924999999
streaming/transition3,civ-12,joint,removal,0,1.0,0.9817763680502767,0.5626252924999999
fixed/absolute,civ-12,joint,removal,0,1.0,0.9817763680502767,0.5626252924999999
fixed/present,civ-12,joint,removal,0,1.0,0.9817763680502767,0.5626252924999999
fixed/recency,civ-12,joint,removal,0,1.0,1.0293194621721604,0.5694812499999999
fixed/reference,civ-12,joint,removal,0,1.0,0.9817763680502767,0.5626252924999999
fixed/transition1,civ-12,joint,removal,0,1.0,0.9817763680502767,0.5626252924999999
fixed/transition2,civ-12,joint,removal,0,1.0,0.9817763680502767,0.5626252924999999
fixed/transition3,civ-12,joint,removal,0,1.0,0.9817763680502767,0.5626252924999999
oracle-boundary/absolute,civ-12,joint,removal,0,1.0,0.9817763680502767,0.5626252924999999
oracle-boundary/present,civ-12,joint,removal,0,1.0,0.9817763680502767,0.5626252924999999
oracle-boundary/recency,civ-12,joint,removal,0,1.0,1.0293194621721604,0.5694812499999999
oracle-boundary/reference,civ-12,joint,removal,0,1.0,0.9817763680502767,0.5626252924999999
oracle-boundary/transition1,civ-12,joint,removal,0,1.0,0.9817763680502767,0.5626252924999999
oracle-boundary/transition2,civ-12,joint,removal,0,1.0,0.9817763680502767,0.5626252924999999
oracle-boundary/transition3,civ-12,joint,removal,0,1.0,0.9817763680502767,0.5626252924999999
streaming/absolute,civ-12,joint,removal,1,0.0,0.9817763680502767,0.5626252924999999
streaming/present,civ-12,joint,removal,1,0.0,0.9817763680502767,0.5626252924999999
streaming/recency,civ-12,joint,removal,1,0.0,1.0293194621721604,0.5694812499999999
streaming/reference,civ-12,joint,removal,1,0.0,0.9817763680502767,0.5626252924999999
streaming/transition1,civ-12,joint,removal,1,0.0,0.9817763680502767,0.5626252924999999
streaming/transition2,civ-12,joint,removal,1,0.0,0.9817763680502767,0.5626252924999999
streaming/transition3,civ-12,joint,removal,1,0.0,0.9817763680502767,0.5626252924999999
fixed/absolute,civ-12,joint,removal,1,0.0,0.9817763680502767,0.5626252924999999
fixed/present,civ-12,joint,removal,1,0.0,0.9817763680502767,0.5626252924999999
fixed/recency,civ-12,joint,removal,1,0.0,1.0293194621721604,0.5694812499999999
fixed/reference,civ-12,joint,removal,1,0.0,0.9817763680502767,0.5626252924999999
fixed/transition1,civ-12,joint,removal,1,0.0,0.9817763680502767,0.5626252924999999
fixed/transition2,civ-12,joint,removal,1,0.0,0.9817763680502767,0.5626252924999999
fixed/transition3,civ-12,joint,removal,1,0.0,0.9817763680502767,0.5626252924999999
oracle-boundary/absolute,civ-12,joint,removal,1,0.0,0.9817763680502767,0.5626252924999999
oracle-boundary/present,civ-12,joint,removal,1,0.0,0.9817763680502767,0.5626252924999999
oracle-boundary/recency,civ-12,joint,removal,1,0.0,1.0293194621721604,0.5694812499999999
oracle-boundary/reference,civ-12,joint,removal,1,0.0,0.9817763680502767,0.5626252924999999
oracle-boundary/transition1,civ-12,joint,removal,1,0.0,0.9817763680502767,0.5626252924999999
oracle-boundary/transition2,civ-12,joint,removal,1,0.0,0.9817763680502767,0.5626252924999999
oracle-boundary/transition3,civ-12,joint,removal,1,0.0,0.9817763680502767,0.5626252924999999
streaming/absolute,civ-12,joint,swap,0,0.0,0.9817763680502767,0.5626252924999999
streaming/present,civ-12,joint,swap,0,0.0,0.9817763680502767,0.5626252924999999
streaming/recency,civ-12,joint,swap,0,0.0,1.0293194621721604,0.5694812499999999
streaming/reference,civ-12,joint,swap,0,0.0,0.9817763680502767,0.5626252924999999
streaming/transition1,civ-12,joint,swap,0,0.0,0.9817763680502767,0.5626252924999999
streaming/transition2,civ-12,joint,swap,0,0.0,0.9817763680502767,0.5626252924999999
streaming/transition3,civ-12,joint,swap,0,0.0,0.9817763680502767,0.5626252924999999
fixed/absolute,civ-12,joint,swap,0,0.0,0.9817763680502767,0.5626252924999999
fixed/present,civ-12,joint,swap,0,0.0,0.9817763680502767,0.5626252924999999
fixed/recency,civ-12,joint,swap,0,0.0,1.0293194621721604,0.5694812499999999
fixed/reference,civ-12,joint,swap,0,0.0,0.9817763680502767,0.5626252924999999
fixed/transition1,civ-12,joint,swap,0,0.0,0.9817763680502767,0.5626252924999999
fixed/transition2,civ-12,joint,swap,0,0.0,0.9817763680502767,0.5626252924999999
fixed/transition3,civ-12,joint,swap,0,0.0,0.9817763680502767,0.5626252924999999
oracle-boundary/absolute,civ-12,joint,swap,0,1.0,0.0009804805139614205,9.800000000392828e-07
oracle-boundary/present,civ-12,joint,swap,0,0.0,0.9817763680502767,0.5626252924999999
oracle-boundary/recency,civ-12,joint,swap,0,1.0,0.05024121643674679,0.0024500000000000632
oracle-boundary/reference,civ-12,joint,swap,0,1.0,0.0009804805139614205,9.800000000392828e-07
oracle-boundary/transition1,civ-12,joint,swap,0,0.0,0.69410764165507,0.50000048
oracle-boundary/transition2,civ-12,joint,swap,0,1.0,0.0009804805139614205,9.800000000392828e-07
oracle-boundary/transition3,civ-12,joint,swap,0,1.0,0.0009804805139614205,9.800000000392828e-07
streaming/absolute,civ-12,joint,swap,1,1.0,0.9817763680502767,0.5626252924999999
streaming/present,civ-12,joint,swap,1,1.0,0.9817763680502767,0.5626252924999999
streaming/recency,civ-12,joint,swap,1,1.0,1.0293194621721604,0.5694812499999999
streaming/reference,civ-12,joint,swap,1,1.0,0.9817763680502767,0.5626252924999999
streaming/transition1,civ-12,joint,swap,1,1.0,0.9817763680502767,0.5626252924999999
streaming/transition2,civ-12,joint,swap,1,1.0,0.9817763680502767,0.5626252924999999
streaming/transition3,civ-12,joint,swap,1,1.0,0.9817763680502767,0.5626252924999999
fixed/absolute,civ-12,joint,swap,1,1.0,0.9817763680502767,0.5626252924999999
fixed/present,civ-12,joint,swap,1,1.0,0.9817763680502767,0.5626252924999999
fixed/recency,civ-12,joint,swap,1,1.0,1.0293194621721604,0.5694812499999999
fixed/reference,civ-12,joint,swap,1,1.0,0.9817763680502767,0.5626252924999999
fixed/transition1,civ-12,joint,swap,1,1.0,0.9817763680502767,0.5626252924999999
fixed/transition2,civ-12,joint,swap,1,1.0,0.9817763680502767,0.5626252924999999
fixed/transition3,civ-12,joint,swap,1,1.0,0.9817763680502767,0.5626252924999999
oracle-boundary/absolute,civ-12,joint,swap,1,1.0,0.0009804805139616427,9.800000000392828e-07
oracle-boundary/present,civ-12,joint,swap,1,1.0,0.9817763680502767,0.5626252924999999
oracle-boundary/recency,civ-12,joint,swap,1,1.0,0.05024121643674679,0.0024500000000000632
oracle-boundary/reference,civ-12,joint,swap,1,1.0,0.0009804805139616427,9.800000000392828e-07
oracle-boundary/transition1,civ-12,joint,swap,1,1.0,0.69410764165507,0.50000048
oracle-boundary/transition2,civ-12,joint,swap,1,1.0,0.0009804805139616427,9.800000000392828e-07
oracle-boundary/transition3,civ-12,joint,swap,1,1.0,0.0009804805139616427,9.800000000392828e-07
streaming/absolute,civ-12,joint,shuffle,0,1.0,0.9817763680502767,0.5626252924999999
streaming/present,civ-12,joint,shuffle,0,1.0,0.9817763680502767,0.5626252924999999
streaming/recency,civ-12,joint,shuffle,0,1.0,1.0293194621721604,0.5694812499999999
streaming/reference,civ-12,joint,shuffle,0,1.0,0.9817763680502767,0.5626252924999999
streaming/transition1,civ-12,joint,shuffle,0,1.0,0.9817763680502767,0.5626252924999999
streaming/transition2,civ-12,joint,shuffle,0,1.0,0.9817763680502767,0.5626252924999999
streaming/transition3,civ-12,joint,shuffle,0,1.0,0.9817763680502767,0.5626252924999999
fixed/absolute,civ-12,joint,shuffle,0,1.0,0.9817763680502767,0.5626252924999999
fixed/present,civ-12,joint,shuffle,0,1.0,0.9817763680502767,0.5626252924999999
fixed/recency,civ-12,joint,shuffle,0,1.0,1.0293194621721604,0.5694812499999999
fixed/reference,civ-12,joint,shuffle,0,1.0,0.9817763680502767,0.5626252924999999
fixed/transition1,civ-12,joint,shuffle,0,1.0,0.9817763680502767,0.5626252924999999
fixed/transition2,civ-12,joint,shuffle,0,1.0,0.9817763680502767,0.5626252924999999
fixed/transition3,civ-12,joint,shuffle,0,1.0,0.9817763680502767,0.5626252924999999
oracle-boundary/absolute,civ-12,joint,shuffle,0,1.0,0.0009804805139616427,9.800000000392828e-07
oracle-boundary/present,civ-12,joint,shuffle,0,1.0,0.9817763680502767,0.5626252924999999
oracle-boundary/recency,civ-12,joint,shuffle,0,0.0,6.907755278982137,1.90245
oracle-boundary/reference,civ-12,joint,shuffle,0,1.0,0.0009804805139616427,9.800000000392828e-07
oracle-boundary/transition1,civ-12,joint,shuffle,0,1.0,0.69410764165507,0.50000048
oracle-boundary/transition2,civ-12,joint,shuffle,0,1.0,0.0009804805139616427,9.800000000392828e-07
oracle-boundary/transition3,civ-12,joint,shuffle,0,1.0,0.0009804805139616427,9.800000000392828e-07
streaming/absolute,civ-12,joint,shuffle,1,0.0,0.9817763680502767,0.5626252924999999
streaming/present,civ-12,joint,shuffle,1,0.0,0.9817763680502767,0.5626252924999999
streaming/recency,civ-12,joint,shuffle,1,0.0,1.0293194621721604,0.5694812499999999
streaming/reference,civ-12,joint,shuffle,1,0.0,0.9817763680502767,0.5626252924999999
streaming/transition1,civ-12,joint,shuffle,1,0.0,0.9817763680502767,0.5626252924999999
streaming/transition2,civ-12,joint,shuffle,1,0.0,0.9817763680502767,0.5626252924999999
streaming/transition3,civ-12,joint,shuffle,1,0.0,0.9817763680502767,0.5626252924999999
fixed/absolute,civ-12,joint,shuffle,1,0.0,0.9817763680502767,0.5626252924999999
fixed/present,civ-12,joint,shuffle,1,0.0,0.9817763680502767,0.5626252924999999
fixed/recency,civ-12,joint,shuffle,1,0.0,1.0293194621721604,0.5694812499999999
fixed/reference,civ-12,joint,shuffle,1,0.0,0.9817763680502767,0.5626252924999999
fixed/transition1,civ-12,joint,shuffle,1,0.0,0.9817763680502767,0.5626252924999999
fixed/transition2,civ-12,joint,shuffle,1,0.0,0.9817763680502767,0.5626252924999999
fixed/transition3,civ-12,joint,shuffle,1,0.0,0.9817763680502767,0.5626252924999999
oracle-boundary/absolute,civ-12,joint,shuffle,1,1.0,0.0009804805139614205,9.800000000392828e-07
oracle-boundary/present,civ-12,joint,shuffle,1,0.0,0.9817763680502767,0.5626252924999999
oracle-boundary/recency,civ-12,joint,shuffle,1,0.0,6.907755278982137,1.90245
oracle-boundary/reference,civ-12,joint,shuffle,1,1.0,0.0009804805139614205,9.800000000392828e-07
oracle-boundary/transition1,civ-12,joint,shuffle,1,0.0,0.69410764165507,0.50000048
oracle-boundary/transition2,civ-12,joint,shuffle,1,1.0,0.0009804805139614205,9.800000000392828e-07
oracle-boundary/transition3,civ-12,joint,shuffle,1,1.0,0.0009804805139614205,9.800000000392828e-07
streaming/absolute,civ-12,joint,ambiguous,0,1.0,0.9817763680502767,0.5626252924999999
streaming/present,civ-12,joint,ambiguous,0,1.0,0.9817763680502767,0.5626252924999999
streaming/recency,civ-12,joint,ambiguous,0,1.0,1.0293194621721604,0.5694812499999999
streaming/reference,civ-12,joint,ambiguous,0,1.0,0.9817763680502767,0.5626252924999999
streaming/transition1,civ-12,joint,ambiguous,0,1.0,0.9817763680502767,0.5626252924999999
streaming/transition2,civ-12,joint,ambiguous,0,1.0,0.9817763680502767,0.5626252924999999
streaming/transition3,civ-12,joint,ambiguous,0,1.0,0.9817763680502767,0.5626252924999999
fixed/absolute,civ-12,joint,ambiguous,0,1.0,0.9817763680502767,0.5626252924999999
fixed/present,civ-12,joint,ambiguous,0,1.0,0.9817763680502767,0.5626252924999999
fixed/recency,civ-12,joint,ambiguous,0,1.0,1.0293194621721604,0.5694812499999999
fixed/reference,civ-12,joint,ambiguous,0,1.0,0.9817763680502767,0.5626252924999999
fixed/transition1,civ-12,joint,ambiguous,0,1.0,0.9817763680502767,0.5626252924999999
fixed/transition2,civ-12,joint,ambiguous,0,1.0,0.9817763680502767,0.5626252924999999
fixed/transition3,civ-12,joint,ambiguous,0,1.0,0.9817763680502767,0.5626252924999999
oracle-boundary/absolute,civ-12,joint,ambiguous,0,1.0,0.69410764165507,0.50000048
oracle-boundary/present,civ-12,joint,ambiguous,0,1.0,0.9817763680502767,0.5626252924999999
oracle-boundary/recency,civ-12,joint,ambiguous,0,1.0,3.4789982477094417,0.95245
oracle-boundary/reference,civ-12,joint,ambiguous,0,1.0,0.69410764165507,0.50000048
oracle-boundary/transition1,civ-12,joint,ambiguous,0,1.0,0.69410764165507,0.50000048
oracle-boundary/transition2,civ-12,joint,ambiguous,0,1.0,0.69410764165507,0.50000048
oracle-boundary/transition3,civ-12,joint,ambiguous,0,1.0,0.69410764165507,0.50000048
streaming/absolute,civ-12,joint,ambiguous,1,0.0,0.9817763680502767,0.5626252924999999
streaming/present,civ-12,joint,ambiguous,1,0.0,0.9817763680502767,0.5626252924999999
streaming/recency,civ-12,joint,ambiguous,1,0.0,1.0293194621721604,0.5694812499999999
streaming/reference,civ-12,joint,ambiguous,1,0.0,0.9817763680502767,0.5626252924999999
streaming/transition1,civ-12,joint,ambiguous,1,0.0,0.9817763680502767,0.5626252924999999
streaming/transition2,civ-12,joint,ambiguous,1,0.0,0.9817763680502767,0.5626252924999999
streaming/transition3,civ-12,joint,ambiguous,1,0.0,0.9817763680502767,0.5626252924999999
fixed/absolute,civ-12,joint,ambiguous,1,0.0,0.9817763680502767,0.5626252924999999
fixed/present,civ-12,joint,ambiguous,1,0.0,0.9817763680502767,0.5626252924999999
fixed/recency,civ-12,joint,ambiguous,1,0.0,1.0293194621721604,0.5694812499999999
fixed/reference,civ-12,joint,ambiguous,1,0.0,0.9817763680502767,0.5626252924999999
fixed/transition1,civ-12,joint,ambiguous,1,0.0,0.9817763680502767,0.5626252924999999
fixed/transition2,civ-12,joint,ambiguous,1,0.0,0.9817763680502767,0.5626252924999999
fixed/transition3,civ-12,joint,ambiguous,1,0.0,0.9817763680502767,0.5626252924999999
oracle-boundary/absolute,civ-12,joint,ambiguous,1,0.0,0.69410764165507,0.50000048
oracle-boundary/present,civ-12,joint,ambiguous,1,0.0,0.9817763680502767,0.5626252924999999
oracle-boundary/recency,civ-12,joint,ambiguous,1,0.0,3.4789982477094417,0.95245
oracle-boundary/reference,civ-12,joint,ambiguous,1,0.0,0.69410764165507,0.50000048
oracle-boundary/transition1,civ-12,joint,ambiguous,1,0.0,0.69410764165507,0.50000048
oracle-boundary/transition2,civ-12,joint,ambiguous,1,0.0,0.69410764165507,0.50000048
oracle-boundary/transition3,civ-12,joint,ambiguous,1,0.0,0.69410764165507,0.50000048
streaming/absolute,civ-13,detached,intact,0,0.0,10.819778284410283,1.3118752925
streaming/present,civ-13,detached,intact,0,0.0,10.819778284410283,1.3118752925
streaming/recency,civ-13,detached,intact,0,1.0,0.05024121643674679,0.0024500000000000632
streaming/reference,civ-13,detached,intact,0,1.0,0.0009804805139616427,9.800000000392828e-07
streaming/transition1,civ-13,detached,intact,0,0.0,10.819778284410283,1.3118752925
streaming/transition2,civ-13,detached,intact,0,0.0,10.819778284410283,1.3118752925
streaming/transition3,civ-13,detached,intact,0,0.0,10.819778284410283,1.3118752925
fixed/absolute,civ-13,detached,intact,0,0.0,10.819778284410283,1.3118752925
fixed/present,civ-13,detached,intact,0,0.0,10.819778284410283,1.3118752925
fixed/recency,civ-13,detached,intact,0,0.0,6.907755278982137,1.90245
fixed/reference,civ-13,detached,intact,0,0.0,10.819778284410283,1.3118752925
fixed/transition1,civ-13,detached,intact,0,0.0,10.819778284410283,1.99800098
fixed/transition2,civ-13,detached,intact,0,0.0,10.819778284410283,1.3118752925
fixed/transition3,civ-13,detached,intact,0,0.0,10.819778284410283,1.3118752925
oracle-boundary/absolute,civ-13,detached,intact,0,1.0,0.0009804805139616427,9.800000000392828e-07
oracle-boundary/present,civ-13,detached,intact,0,0.0,10.819778284410283,1.3118752925
oracle-boundary/recency,civ-13,detached,intact,0,0.0,6.907755278982137,1.90245
oracle-boundary/reference,civ-13,detached,intact,0,1.0,0.0009804805139616427,9.800000000392828e-07
oracle-boundary/transition1,civ-13,detached,intact,0,1.0,0.69410764165507,0.50000048
oracle-boundary/transition2,civ-13,detached,intact,0,1.0,0.0009804805139616427,9.800000000392828e-07
oracle-boundary/transition3,civ-13,detached,intact,0,1.0,0.0009804805139616427,9.800000000392828e-07
streaming/absolute,civ-13,detached,intact,1,1.0,0.0009804805139614205,9.800000000392828e-07
streaming/present,civ-13,detached,intact,1,0.0,10.819778284410283,1.3118752925
streaming/recency,civ-13,detached,intact,1,1.0,0.05024121643674679,0.0024500000000000632
streaming/reference,civ-13,detached,intact,1,1.0,0.0009804805139614205,9.800000000392828e-07
streaming/transition1,civ-13,detached,intact,1,1.0,0.0009804805139614205,9.800000000392828e-07
streaming/transition2,civ-13,detached,intact,1,1.0,0.0009804805139614205,9.800000000392828e-07
streaming/transition3,civ-13,detached,intact,1,1.0,0.0009804805139614205,9.800000000392828e-07
fixed/absolute,civ-13,detached,intact,1,0.0,10.819778284410283,1.3118752925
fixed/present,civ-13,detached,intact,1,0.0,10.819778284410283,1.3118752925
fixed/recency,civ-13,detached,intact,1,0.0,6.907755278982137,1.90245
fixed/reference,civ-13,detached,intact,1,0.0,10.819778284410283,1.3118752925
fixed/transition1,civ-13,detached,intact,1,0.0,10.819778284410283,1.99800098
fixed/transition2,civ-13,detached,intact,1,0.0,10.819778284410283,1.3118752925
fixed/transition3,civ-13,detached,intact,1,0.0,10.819778284410283,1.3118752925
oracle-boundary/absolute,civ-13,detached,intact,1,1.0,0.0009804805139614205,9.800000000392828e-07
oracle-boundary/present,civ-13,detached,intact,1,0.0,10.819778284410283,1.3118752925
oracle-boundary/recency,civ-13,detached,intact,1,0.0,6.907755278982137,1.90245
oracle-boundary/reference,civ-13,detached,intact,1,1.0,0.0009804805139614205,9.800000000392828e-07
oracle-boundary/transition1,civ-13,detached,intact,1,0.0,0.69410764165507,0.50000048
oracle-boundary/transition2,civ-13,detached,intact,1,1.0,0.0009804805139614205,9.800000000392828e-07
oracle-boundary/transition3,civ-13,detached,intact,1,1.0,0.0009804805139614205,9.800000000392828e-07
streaming/absolute,civ-13,legato,intact,0,0.0,10.819778284410283,1.3118752925
streaming/present,civ-13,legato,intact,0,0.0,10.819778284410283,1.3118752925
streaming/recency,civ-13,legato,intact,0,0.0,6.907755278982137,1.90245
streaming/reference,civ-13,legato,intact,0,0.0,10.819778284410283,1.3118752925
streaming/transition1,civ-13,legato,intact,0,0.0,10.819778284410283,1.3118752925
streaming/transition2,civ-13,legato,intact,0,0.0,10.819778284410283,1.3118752925
streaming/transition3,civ-13,legato,intact,0,0.0,10.819778284410283,1.3118752925
fixed/absolute,civ-13,legato,intact,0,0.0,10.819778284410283,1.3118752925
fixed/present,civ-13,legato,intact,0,0.0,10.819778284410283,1.3118752925
fixed/recency,civ-13,legato,intact,0,0.0,6.907755278982137,1.90245
fixed/reference,civ-13,legato,intact,0,0.0,10.819778284410283,1.3118752925
fixed/transition1,civ-13,legato,intact,0,0.0,10.819778284410283,1.99800098
fixed/transition2,civ-13,legato,intact,0,0.0,10.819778284410283,1.3118752925
fixed/transition3,civ-13,legato,intact,0,0.0,10.819778284410283,1.3118752925
oracle-boundary/absolute,civ-13,legato,intact,0,1.0,0.0009804805139616427,9.800000000392828e-07
oracle-boundary/present,civ-13,legato,intact,0,0.0,10.819778284410283,1.3118752925
oracle-boundary/recency,civ-13,legato,intact,0,0.0,6.907755278982137,1.90245
oracle-boundary/reference,civ-13,legato,intact,0,1.0,0.0009804805139616427,9.800000000392828e-07
oracle-boundary/transition1,civ-13,legato,intact,0,1.0,0.69410764165507,0.50000048
oracle-boundary/transition2,civ-13,legato,intact,0,1.0,0.0009804805139616427,9.800000000392828e-07
oracle-boundary/transition3,civ-13,legato,intact,0,1.0,0.0009804805139616427,9.800000000392828e-07
streaming/absolute,civ-13,legato,intact,1,0.0,10.819778284410283,1.3118752925
streaming/present,civ-13,legato,intact,1,0.0,10.819778284410283,1.3118752925
streaming/recency,civ-13,legato,intact,1,0.0,6.907755278982137,1.2819812499999999
streaming/reference,civ-13,legato,intact,1,0.0,10.819778284410283,1.3118752925
streaming/transition1,civ-13,legato,intact,1,0.0,10.819778284410283,1.3118752925
streaming/transition2,civ-13,legato,intact,1,0.0,10.819778284410283,1.3118752925
streaming/transition3,civ-13,legato,intact,1,0.0,10.819778284410283,1.3118752925
fixed/absolute,civ-13,legato,intact,1,0.0,10.819778284410283,1.3118752925
fixed/present,civ-13,legato,intact,1,0.0,10.819778284410283,1.3118752925
fixed/recency,civ-13,legato,intact,1,0.0,6.907755278982137,1.90245
fixed/reference,civ-13,legato,intact,1,0.0,10.819778284410283,1.3118752925
fixed/transition1,civ-13,legato,intact,1,0.0,10.819778284410283,1.99800098
fixed/transition2,civ-13,legato,intact,1,0.0,10.819778284410283,1.3118752925
fixed/transition3,civ-13,legato,intact,1,0.0,10.819778284410283,1.3118752925
oracle-boundary/absolute,civ-13,legato,intact,1,1.0,0.0009804805139614205,9.800000000392828e-07
oracle-boundary/present,civ-13,legato,intact,1,0.0,10.819778284410283,1.3118752925
oracle-boundary/recency,civ-13,legato,intact,1,0.0,6.907755278982137,1.90245
oracle-boundary/reference,civ-13,legato,intact,1,1.0,0.0009804805139614205,9.800000000392828e-07
oracle-boundary/transition1,civ-13,legato,intact,1,0.0,0.69410764165507,0.50000048
oracle-boundary/transition2,civ-13,legato,intact,1,1.0,0.0009804805139614205,9.800000000392828e-07
oracle-boundary/transition3,civ-13,legato,intact,1,1.0,0.0009804805139614205,9.800000000392828e-07
streaming/absolute,civ-13,duration,intact,0,0.0,10.819778284410283,1.3118752925
streaming/present,civ-13,duration,intact,0,0.0,10.819778284410283,1.3118752925
streaming/recency,civ-13,duration,intact,0,0.0,6.907755278982137,1.90245
streaming/reference,civ-13,duration,intact,0,0.0,10.819778284410283,1.3118752925
streaming/transition1,civ-13,duration,intact,0,0.0,10.819778284410283,1.3118752925
streaming/transition2,civ-13,duration,intact,0,0.0,10.819778284410283,1.3118752925
streaming/transition3,civ-13,duration,intact,0,0.0,10.819778284410283,1.3118752925
fixed/absolute,civ-13,duration,intact,0,0.0,10.819778284410283,1.3118752925
fixed/present,civ-13,duration,intact,0,0.0,10.819778284410283,1.3118752925
fixed/recency,civ-13,duration,intact,0,0.0,6.907755278982137,1.2819812499999999
fixed/reference,civ-13,duration,intact,0,0.0,10.819778284410283,1.3118752925
fixed/transition1,civ-13,duration,intact,0,0.0,10.819778284410283,1.3118752925
fixed/transition2,civ-13,duration,intact,0,0.0,10.819778284410283,1.3118752925
fixed/transition3,civ-13,duration,intact,0,0.0,10.819778284410283,1.3118752925
oracle-boundary/absolute,civ-13,duration,intact,0,1.0,0.0009804805139616427,9.800000000392828e-07
oracle-boundary/present,civ-13,duration,intact,0,0.0,10.819778284410283,1.3118752925
oracle-boundary/recency,civ-13,duration,intact,0,0.0,6.907755278982137,1.90245
oracle-boundary/reference,civ-13,duration,intact,0,1.0,0.0009804805139616427,9.800000000392828e-07
oracle-boundary/transition1,civ-13,duration,intact,0,1.0,0.69410764165507,0.50000048
oracle-boundary/transition2,civ-13,duration,intact,0,1.0,0.0009804805139616427,9.800000000392828e-07
oracle-boundary/transition3,civ-13,duration,intact,0,1.0,0.0009804805139616427,9.800000000392828e-07
streaming/absolute,civ-13,duration,intact,1,0.0,10.819778284410283,1.3118752925
streaming/present,civ-13,duration,intact,1,0.0,10.819778284410283,1.3118752925
streaming/recency,civ-13,duration,intact,1,0.0,6.907755278982137,1.2819812499999999
streaming/reference,civ-13,duration,intact,1,0.0,10.819778284410283,1.3118752925
streaming/transition1,civ-13,duration,intact,1,0.0,10.819778284410283,1.3118752925
streaming/transition2,civ-13,duration,intact,1,0.0,10.819778284410283,1.3118752925
streaming/transition3,civ-13,duration,intact,1,0.0,10.819778284410283,1.3118752925
fixed/absolute,civ-13,duration,intact,1,0.0,10.819778284410283,1.3118752925
fixed/present,civ-13,duration,intact,1,0.0,10.819778284410283,1.3118752925
fixed/recency,civ-13,duration,intact,1,0.0,6.907755278982137,1.2819812499999999
fixed/reference,civ-13,duration,intact,1,0.0,10.819778284410283,1.3118752925
fixed/transition1,civ-13,duration,intact,1,0.0,10.819778284410283,1.3118752925
fixed/transition2,civ-13,duration,intact,1,0.0,10.819778284410283,1.3118752925
fixed/transition3,civ-13,duration,intact,1,0.0,10.819778284410283,1.3118752925
oracle-boundary/absolute,civ-13,duration,intact,1,1.0,0.0009804805139614205,9.800000000392828e-07
oracle-boundary/present,civ-13,duration,intact,1,0.0,10.819778284410283,1.3118752925
oracle-boundary/recency,civ-13,duration,intact,1,0.0,6.907755278982137,1.90245
oracle-boundary/reference,civ-13,duration,intact,1,1.0,0.0009804805139614205,9.800000000392828e-07
oracle-boundary/transition1,civ-13,duration,intact,1,0.0,0.69410764165507,0.50000048
oracle-boundary/transition2,civ-13,duration,intact,1,1.0,0.0009804805139614205,9.800000000392828e-07
oracle-boundary/transition3,civ-13,duration,intact,1,1.0,0.0009804805139614205,9.800000000392828e-07
streaming/absolute,civ-13,joint,intact,0,0.0,10.819778284410283,1.3118752925
streaming/present,civ-13,joint,intact,0,0.0,10.819778284410283,1.3118752925
streaming/recency,civ-13,joint,intact,0,0.0,6.907755278982137,1.2819812499999999
streaming/reference,civ-13,joint,intact,0,0.0,10.819778284410283,1.3118752925
streaming/transition1,civ-13,joint,intact,0,0.0,10.819778284410283,1.3118752925
streaming/transition2,civ-13,joint,intact,0,0.0,10.819778284410283,1.3118752925
streaming/transition3,civ-13,joint,intact,0,0.0,10.819778284410283,1.3118752925
fixed/absolute,civ-13,joint,intact,0,0.0,10.819778284410283,1.3118752925
fixed/present,civ-13,joint,intact,0,0.0,10.819778284410283,1.3118752925
fixed/recency,civ-13,joint,intact,0,0.0,6.907755278982137,1.2819812499999999
fixed/reference,civ-13,joint,intact,0,0.0,10.819778284410283,1.3118752925
fixed/transition1,civ-13,joint,intact,0,0.0,10.819778284410283,1.3118752925
fixed/transition2,civ-13,joint,intact,0,0.0,10.819778284410283,1.3118752925
fixed/transition3,civ-13,joint,intact,0,0.0,10.819778284410283,1.3118752925
oracle-boundary/absolute,civ-13,joint,intact,0,1.0,0.0009804805139616427,9.800000000392828e-07
oracle-boundary/present,civ-13,joint,intact,0,0.0,10.819778284410283,1.3118752925
oracle-boundary/recency,civ-13,joint,intact,0,0.0,6.907755278982137,1.90245
oracle-boundary/reference,civ-13,joint,intact,0,1.0,0.0009804805139616427,9.800000000392828e-07
oracle-boundary/transition1,civ-13,joint,intact,0,1.0,0.69410764165507,0.50000048
oracle-boundary/transition2,civ-13,joint,intact,0,1.0,0.0009804805139616427,9.800000000392828e-07
oracle-boundary/transition3,civ-13,joint,intact,0,1.0,0.0009804805139616427,9.800000000392828e-07
streaming/absolute,civ-13,joint,intact,1,0.0,10.819778284410283,1.3118752925
streaming/present,civ-13,joint,intact,1,0.0,10.819778284410283,1.3118752925
streaming/recency,civ-13,joint,intact,1,0.0,6.907755278982137,1.2819812499999999
streaming/reference,civ-13,joint,intact,1,0.0,10.819778284410283,1.3118752925
streaming/transition1,civ-13,joint,intact,1,0.0,10.819778284410283,1.3118752925
streaming/transition2,civ-13,joint,intact,1,0.0,10.819778284410283,1.3118752925
streaming/transition3,civ-13,joint,intact,1,0.0,10.819778284410283,1.3118752925
fixed/absolute,civ-13,joint,intact,1,0.0,10.819778284410283,1.3118752925
fixed/present,civ-13,joint,intact,1,0.0,10.819778284410283,1.3118752925
fixed/recency,civ-13,joint,intact,1,0.0,6.907755278982137,1.2819812499999999
fixed/reference,civ-13,joint,intact,1,0.0,10.819778284410283,1.3118752925
fixed/transition1,civ-13,joint,intact,1,0.0,10.819778284410283,1.3118752925
fixed/transition2,civ-13,joint,intact,1,0.0,10.819778284410283,1.3118752925
fixed/transition3,civ-13,joint,intact,1,0.0,10.819778284410283,1.3118752925
oracle-boundary/absolute,civ-13,joint,intact,1,1.0,0.0009804805139614205,9.800000000392828e-07
oracle-boundary/present,civ-13,joint,intact,1,0.0,10.819778284410283,1.3118752925
oracle-boundary/recency,civ-13,joint,intact,1,0.0,6.907755278982137,1.90245
oracle-boundary/reference,civ-13,joint,intact,1,1.0,0.0009804805139614205,9.800000000392828e-07
oracle-boundary/transition1,civ-13,joint,intact,1,0.0,0.69410764165507,0.50000048
oracle-boundary/transition2,civ-13,joint,intact,1,1.0,0.0009804805139614205,9.800000000392828e-07
oracle-boundary/transition3,civ-13,joint,intact,1,1.0,0.0009804805139614205,9.800000000392828e-07
streaming/absolute,civ-13,joint,reset,0,0.0,10.819778284410283,1.3118752925
streaming/present,civ-13,joint,reset,0,0.0,10.819778284410283,1.3118752925
streaming/recency,civ-13,joint,reset,0,0.0,6.907755278982137,1.2819812499999999
streaming/reference,civ-13,joint,reset,0,0.0,10.819778284410283,1.3118752925
streaming/transition1,civ-13,joint,reset,0,0.0,10.819778284410283,1.3118752925
streaming/transition2,civ-13,joint,reset,0,0.0,10.819778284410283,1.3118752925
streaming/transition3,civ-13,joint,reset,0,0.0,10.819778284410283,1.3118752925
fixed/absolute,civ-13,joint,reset,0,0.0,10.819778284410283,1.3118752925
fixed/present,civ-13,joint,reset,0,0.0,10.819778284410283,1.3118752925
fixed/recency,civ-13,joint,reset,0,0.0,6.907755278982137,1.2819812499999999
fixed/reference,civ-13,joint,reset,0,0.0,10.819778284410283,1.3118752925
fixed/transition1,civ-13,joint,reset,0,0.0,10.819778284410283,1.3118752925
fixed/transition2,civ-13,joint,reset,0,0.0,10.819778284410283,1.3118752925
fixed/transition3,civ-13,joint,reset,0,0.0,10.819778284410283,1.3118752925
oracle-boundary/absolute,civ-13,joint,reset,0,0.0,10.819778284410283,1.3118752925
oracle-boundary/present,civ-13,joint,reset,0,0.0,10.819778284410283,1.3118752925
oracle-boundary/recency,civ-13,joint,reset,0,0.0,6.907755278982137,1.2819812499999999
oracle-boundary/reference,civ-13,joint,reset,0,0.0,10.819778284410283,1.3118752925
oracle-boundary/transition1,civ-13,joint,reset,0,0.0,10.819778284410283,1.3118752925
oracle-boundary/transition2,civ-13,joint,reset,0,0.0,10.819778284410283,1.3118752925
oracle-boundary/transition3,civ-13,joint,reset,0,0.0,10.819778284410283,1.3118752925
streaming/absolute,civ-13,joint,reset,1,0.0,10.819778284410283,1.3118752925
streaming/present,civ-13,joint,reset,1,0.0,10.819778284410283,1.3118752925
streaming/recency,civ-13,joint,reset,1,0.0,6.907755278982137,1.2819812499999999
streaming/reference,civ-13,joint,reset,1,0.0,10.819778284410283,1.3118752925
streaming/transition1,civ-13,joint,reset,1,0.0,10.819778284410283,1.3118752925
streaming/transition2,civ-13,joint,reset,1,0.0,10.819778284410283,1.3118752925
streaming/transition3,civ-13,joint,reset,1,0.0,10.819778284410283,1.3118752925
fixed/absolute,civ-13,joint,reset,1,0.0,10.819778284410283,1.3118752925
fixed/present,civ-13,joint,reset,1,0.0,10.819778284410283,1.3118752925
fixed/recency,civ-13,joint,reset,1,0.0,6.907755278982137,1.2819812499999999
fixed/reference,civ-13,joint,reset,1,0.0,10.819778284410283,1.3118752925
fixed/transition1,civ-13,joint,reset,1,0.0,10.819778284410283,1.3118752925
fixed/transition2,civ-13,joint,reset,1,0.0,10.819778284410283,1.3118752925
fixed/transition3,civ-13,joint,reset,1,0.0,10.819778284410283,1.3118752925
oracle-boundary/absolute,civ-13,joint,reset,1,0.0,10.819778284410283,1.3118752925
oracle-boundary/present,civ-13,joint,reset,1,0.0,10.819778284410283,1.3118752925
oracle-boundary/recency,civ-13,joint,reset,1,0.0,6.907755278982137,1.2819812499999999
oracle-boundary/reference,civ-13,joint,reset,1,0.0,10.819778284410283,1.3118752925
oracle-boundary/transition1,civ-13,joint,reset,1,0.0,10.819778284410283,1.3118752925
oracle-boundary/transition2,civ-13,joint,reset,1,0.0,10.819778284410283,1.3118752925
oracle-boundary/transition3,civ-13,joint,reset,1,0.0,10.819778284410283,1.3118752925
streaming/absolute,civ-13,joint,removal,0,0.0,10.819778284410283,1.3118752925
streaming/present,civ-13,joint,removal,0,0.0,10.819778284410283,1.3118752925
streaming/recency,civ-13,joint,removal,0,0.0,6.907755278982137,1.2819812499999999
streaming/reference,civ-13,joint,removal,0,0.0,10.819778284410283,1.3118752925
streaming/transition1,civ-13,joint,removal,0,0.0,10.819778284410283,1.3118752925
streaming/transition2,civ-13,joint,removal,0,0.0,10.819778284410283,1.3118752925
streaming/transition3,civ-13,joint,removal,0,0.0,10.819778284410283,1.3118752925
fixed/absolute,civ-13,joint,removal,0,0.0,10.819778284410283,1.3118752925
fixed/present,civ-13,joint,removal,0,0.0,10.819778284410283,1.3118752925
fixed/recency,civ-13,joint,removal,0,0.0,6.907755278982137,1.90245
fixed/reference,civ-13,joint,removal,0,0.0,10.819778284410283,1.3118752925
fixed/transition1,civ-13,joint,removal,0,0.0,10.819778284410283,1.3118752925
fixed/transition2,civ-13,joint,removal,0,0.0,10.819778284410283,1.3118752925
fixed/transition3,civ-13,joint,removal,0,0.0,10.819778284410283,1.3118752925
oracle-boundary/absolute,civ-13,joint,removal,0,0.0,10.819778284410283,1.3118752925
oracle-boundary/present,civ-13,joint,removal,0,0.0,10.819778284410283,1.3118752925
oracle-boundary/recency,civ-13,joint,removal,0,0.0,6.907755278982137,1.2819812499999999
oracle-boundary/reference,civ-13,joint,removal,0,0.0,10.819778284410283,1.3118752925
oracle-boundary/transition1,civ-13,joint,removal,0,0.0,10.819778284410283,1.3118752925
oracle-boundary/transition2,civ-13,joint,removal,0,0.0,10.819778284410283,1.3118752925
oracle-boundary/transition3,civ-13,joint,removal,0,0.0,10.819778284410283,1.3118752925
streaming/absolute,civ-13,joint,removal,1,0.0,10.819778284410283,1.3118752925
streaming/present,civ-13,joint,removal,1,0.0,10.819778284410283,1.3118752925
streaming/recency,civ-13,joint,removal,1,0.0,6.907755278982137,1.2819812499999999
streaming/reference,civ-13,joint,removal,1,0.0,10.819778284410283,1.3118752925
streaming/transition1,civ-13,joint,removal,1,0.0,10.819778284410283,1.3118752925
streaming/transition2,civ-13,joint,removal,1,0.0,10.819778284410283,1.3118752925
streaming/transition3,civ-13,joint,removal,1,0.0,10.819778284410283,1.3118752925
fixed/absolute,civ-13,joint,removal,1,0.0,10.819778284410283,1.3118752925
fixed/present,civ-13,joint,removal,1,0.0,10.819778284410283,1.3118752925
fixed/recency,civ-13,joint,removal,1,0.0,6.907755278982137,1.90245
fixed/reference,civ-13,joint,removal,1,0.0,10.819778284410283,1.3118752925
fixed/transition1,civ-13,joint,removal,1,0.0,10.819778284410283,1.3118752925
fixed/transition2,civ-13,joint,removal,1,0.0,10.819778284410283,1.3118752925
fixed/transition3,civ-13,joint,removal,1,0.0,10.819778284410283,1.3118752925
oracle-boundary/absolute,civ-13,joint,removal,1,0.0,10.819778284410283,1.3118752925
oracle-boundary/present,civ-13,joint,removal,1,0.0,10.819778284410283,1.3118752925
oracle-boundary/recency,civ-13,joint,removal,1,0.0,6.907755278982137,1.2819812499999999
oracle-boundary/reference,civ-13,joint,removal,1,0.0,10.819778284410283,1.3118752925
oracle-boundary/transition1,civ-13,joint,removal,1,0.0,10.819778284410283,1.3118752925
oracle-boundary/transition2,civ-13,joint,removal,1,0.0,10.819778284410283,1.3118752925
oracle-boundary/transition3,civ-13,joint,removal,1,0.0,10.819778284410283,1.3118752925
streaming/absolute,civ-13,joint,swap,0,0.0,10.819778284410283,1.3118752925
streaming/present,civ-13,joint,swap,0,0.0,10.819778284410283,1.3118752925
streaming/recency,civ-13,joint,swap,0,0.0,6.907755278982137,1.2819812499999999
streaming/reference,civ-13,joint,swap,0,0.0,10.819778284410283,1.3118752925
streaming/transition1,civ-13,joint,swap,0,0.0,10.819778284410283,1.3118752925
streaming/transition2,civ-13,joint,swap,0,0.0,10.819778284410283,1.3118752925
streaming/transition3,civ-13,joint,swap,0,0.0,10.819778284410283,1.3118752925
fixed/absolute,civ-13,joint,swap,0,0.0,10.819778284410283,1.3118752925
fixed/present,civ-13,joint,swap,0,0.0,10.819778284410283,1.3118752925
fixed/recency,civ-13,joint,swap,0,0.0,6.907755278982137,1.2819812499999999
fixed/reference,civ-13,joint,swap,0,0.0,10.819778284410283,1.3118752925
fixed/transition1,civ-13,joint,swap,0,0.0,10.819778284410283,1.3118752925
fixed/transition2,civ-13,joint,swap,0,0.0,10.819778284410283,1.3118752925
fixed/transition3,civ-13,joint,swap,0,0.0,10.819778284410283,1.3118752925
oracle-boundary/absolute,civ-13,joint,swap,0,1.0,0.0009804805139614205,9.800000000392828e-07
oracle-boundary/present,civ-13,joint,swap,0,0.0,10.819778284410283,1.3118752925
oracle-boundary/recency,civ-13,joint,swap,0,0.0,6.907755278982137,1.90245
oracle-boundary/reference,civ-13,joint,swap,0,1.0,0.0009804805139614205,9.800000000392828e-07
oracle-boundary/transition1,civ-13,joint,swap,0,0.0,0.69410764165507,0.50000048
oracle-boundary/transition2,civ-13,joint,swap,0,1.0,0.0009804805139614205,9.800000000392828e-07
oracle-boundary/transition3,civ-13,joint,swap,0,1.0,0.0009804805139614205,9.800000000392828e-07
streaming/absolute,civ-13,joint,swap,1,0.0,10.819778284410283,1.3118752925
streaming/present,civ-13,joint,swap,1,0.0,10.819778284410283,1.3118752925
streaming/recency,civ-13,joint,swap,1,0.0,6.907755278982137,1.2819812499999999
streaming/reference,civ-13,joint,swap,1,0.0,10.819778284410283,1.3118752925
streaming/transition1,civ-13,joint,swap,1,0.0,10.819778284410283,1.3118752925
streaming/transition2,civ-13,joint,swap,1,0.0,10.819778284410283,1.3118752925
streaming/transition3,civ-13,joint,swap,1,0.0,10.819778284410283,1.3118752925
fixed/absolute,civ-13,joint,swap,1,0.0,10.819778284410283,1.3118752925
fixed/present,civ-13,joint,swap,1,0.0,10.819778284410283,1.3118752925
fixed/recency,civ-13,joint,swap,1,0.0,6.907755278982137,1.2819812499999999
fixed/reference,civ-13,joint,swap,1,0.0,10.819778284410283,1.3118752925
fixed/transition1,civ-13,joint,swap,1,0.0,10.819778284410283,1.3118752925
fixed/transition2,civ-13,joint,swap,1,0.0,10.819778284410283,1.3118752925
fixed/transition3,civ-13,joint,swap,1,0.0,10.819778284410283,1.3118752925
oracle-boundary/absolute,civ-13,joint,swap,1,1.0,0.0009804805139616427,9.800000000392828e-07
oracle-boundary/present,civ-13,joint,swap,1,0.0,10.819778284410283,1.3118752925
oracle-boundary/recency,civ-13,joint,swap,1,0.0,6.907755278982137,1.90245
oracle-boundary/reference,civ-13,joint,swap,1,1.0,0.0009804805139616427,9.800000000392828e-07
oracle-boundary/transition1,civ-13,joint,swap,1,1.0,0.69410764165507,0.50000048
oracle-boundary/transition2,civ-13,joint,swap,1,1.0,0.0009804805139616427,9.800000000392828e-07
oracle-boundary/transition3,civ-13,joint,swap,1,1.0,0.0009804805139616427,9.800000000392828e-07
streaming/absolute,civ-13,joint,shuffle,0,0.0,10.819778284410283,1.3118752925
streaming/present,civ-13,joint,shuffle,0,0.0,10.819778284410283,1.3118752925
streaming/recency,civ-13,joint,shuffle,0,0.0,6.907755278982137,1.2819812499999999
streaming/reference,civ-13,joint,shuffle,0,0.0,10.819778284410283,1.3118752925
streaming/transition1,civ-13,joint,shuffle,0,0.0,10.819778284410283,1.3118752925
streaming/transition2,civ-13,joint,shuffle,0,0.0,10.819778284410283,1.3118752925
streaming/transition3,civ-13,joint,shuffle,0,0.0,10.819778284410283,1.3118752925
fixed/absolute,civ-13,joint,shuffle,0,0.0,10.819778284410283,1.3118752925
fixed/present,civ-13,joint,shuffle,0,0.0,10.819778284410283,1.3118752925
fixed/recency,civ-13,joint,shuffle,0,0.0,6.907755278982137,1.2819812499999999
fixed/reference,civ-13,joint,shuffle,0,0.0,10.819778284410283,1.3118752925
fixed/transition1,civ-13,joint,shuffle,0,0.0,10.819778284410283,1.3118752925
fixed/transition2,civ-13,joint,shuffle,0,0.0,10.819778284410283,1.3118752925
fixed/transition3,civ-13,joint,shuffle,0,0.0,10.819778284410283,1.3118752925
oracle-boundary/absolute,civ-13,joint,shuffle,0,1.0,0.0009804805139616427,9.800000000392828e-07
oracle-boundary/present,civ-13,joint,shuffle,0,0.0,10.819778284410283,1.3118752925
oracle-boundary/recency,civ-13,joint,shuffle,0,1.0,0.05024121643674679,0.0024500000000000632
oracle-boundary/reference,civ-13,joint,shuffle,0,1.0,0.0009804805139616427,9.800000000392828e-07
oracle-boundary/transition1,civ-13,joint,shuffle,0,1.0,0.69410764165507,0.50000048
oracle-boundary/transition2,civ-13,joint,shuffle,0,1.0,0.0009804805139616427,9.800000000392828e-07
oracle-boundary/transition3,civ-13,joint,shuffle,0,1.0,0.0009804805139616427,9.800000000392828e-07
streaming/absolute,civ-13,joint,shuffle,1,0.0,10.819778284410283,1.3118752925
streaming/present,civ-13,joint,shuffle,1,0.0,10.819778284410283,1.3118752925
streaming/recency,civ-13,joint,shuffle,1,0.0,6.907755278982137,1.2819812499999999
streaming/reference,civ-13,joint,shuffle,1,0.0,10.819778284410283,1.3118752925
streaming/transition1,civ-13,joint,shuffle,1,0.0,10.819778284410283,1.3118752925
streaming/transition2,civ-13,joint,shuffle,1,0.0,10.819778284410283,1.3118752925
streaming/transition3,civ-13,joint,shuffle,1,0.0,10.819778284410283,1.3118752925
fixed/absolute,civ-13,joint,shuffle,1,0.0,10.819778284410283,1.3118752925
fixed/present,civ-13,joint,shuffle,1,0.0,10.819778284410283,1.3118752925
fixed/recency,civ-13,joint,shuffle,1,0.0,6.907755278982137,1.2819812499999999
fixed/reference,civ-13,joint,shuffle,1,0.0,10.819778284410283,1.3118752925
fixed/transition1,civ-13,joint,shuffle,1,0.0,10.819778284410283,1.3118752925
fixed/transition2,civ-13,joint,shuffle,1,0.0,10.819778284410283,1.3118752925
fixed/transition3,civ-13,joint,shuffle,1,0.0,10.819778284410283,1.3118752925
oracle-boundary/absolute,civ-13,joint,shuffle,1,1.0,0.0009804805139614205,9.800000000392828e-07
oracle-boundary/present,civ-13,joint,shuffle,1,0.0,10.819778284410283,1.3118752925
oracle-boundary/recency,civ-13,joint,shuffle,1,1.0,0.05024121643674679,0.0024500000000000632
oracle-boundary/reference,civ-13,joint,shuffle,1,1.0,0.0009804805139614205,9.800000000392828e-07
oracle-boundary/transition1,civ-13,joint,shuffle,1,0.0,0.69410764165507,0.50000048
oracle-boundary/transition2,civ-13,joint,shuffle,1,1.0,0.0009804805139614205,9.800000000392828e-07
oracle-boundary/transition3,civ-13,joint,shuffle,1,1.0,0.0009804805139614205,9.800000000392828e-07
streaming/absolute,civ-13,joint,ambiguous,0,0.0,10.819778284410283,1.3118752925
streaming/present,civ-13,joint,ambiguous,0,0.0,10.819778284410283,1.3118752925
streaming/recency,civ-13,joint,ambiguous,0,0.0,6.907755278982137,1.2819812499999999
streaming/reference,civ-13,joint,ambiguous,0,0.0,10.819778284410283,1.3118752925
streaming/transition1,civ-13,joint,ambiguous,0,0.0,10.819778284410283,1.3118752925
streaming/transition2,civ-13,joint,ambiguous,0,0.0,10.819778284410283,1.3118752925
streaming/transition3,civ-13,joint,ambiguous,0,0.0,10.819778284410283,1.3118752925
fixed/absolute,civ-13,joint,ambiguous,0,0.0,10.819778284410283,1.3118752925
fixed/present,civ-13,joint,ambiguous,0,0.0,10.819778284410283,1.3118752925
fixed/recency,civ-13,joint,ambiguous,0,0.0,6.907755278982137,1.2819812499999999
fixed/reference,civ-13,joint,ambiguous,0,0.0,10.819778284410283,1.3118752925
fixed/transition1,civ-13,joint,ambiguous,0,0.0,10.819778284410283,1.3118752925
fixed/transition2,civ-13,joint,ambiguous,0,0.0,10.819778284410283,1.3118752925
fixed/transition3,civ-13,joint,ambiguous,0,0.0,10.819778284410283,1.3118752925
oracle-boundary/absolute,civ-13,joint,ambiguous,0,1.0,0.69410764165507,0.50000048
oracle-boundary/present,civ-13,joint,ambiguous,0,0.0,10.819778284410283,1.3118752925
oracle-boundary/recency,civ-13,joint,ambiguous,0,0.0,3.4789982477094417,0.95245
oracle-boundary/reference,civ-13,joint,ambiguous,0,1.0,0.69410764165507,0.50000048
oracle-boundary/transition1,civ-13,joint,ambiguous,0,1.0,0.69410764165507,0.50000048
oracle-boundary/transition2,civ-13,joint,ambiguous,0,1.0,0.69410764165507,0.50000048
oracle-boundary/transition3,civ-13,joint,ambiguous,0,1.0,0.69410764165507,0.50000048
streaming/absolute,civ-13,joint,ambiguous,1,0.0,10.819778284410283,1.3118752925
streaming/present,civ-13,joint,ambiguous,1,0.0,10.819778284410283,1.3118752925
streaming/recency,civ-13,joint,ambiguous,1,0.0,6.907755278982137,1.2819812499999999
streaming/reference,civ-13,joint,ambiguous,1,0.0,10.819778284410283,1.3118752925
streaming/transition1,civ-13,joint,ambiguous,1,0.0,10.819778284410283,1.3118752925
streaming/transition2,civ-13,joint,ambiguous,1,0.0,10.819778284410283,1.3118752925
streaming/transition3,civ-13,joint,ambiguous,1,0.0,10.819778284410283,1.3118752925
fixed/absolute,civ-13,joint,ambiguous,1,0.0,10.819778284410283,1.3118752925
fixed/present,civ-13,joint,ambiguous,1,0.0,10.819778284410283,1.3118752925
fixed/recency,civ-13,joint,ambiguous,1,0.0,6.907755278982137,1.2819812499999999
fixed/reference,civ-13,joint,ambiguous,1,0.0,10.819778284410283,1.3118752925
fixed/transition1,civ-13,joint,ambiguous,1,0.0,10.819778284410283,1.3118752925
fixed/transition2,civ-13,joint,ambiguous,1,0.0,10.819778284410283,1.3118752925
fixed/transition3,civ-13,joint,ambiguous,1,0.0,10.819778284410283,1.3118752925
oracle-boundary/absolute,civ-13,joint,ambiguous,1,0.0,0.69410764165507,0.50000048
oracle-boundary/present,civ-13,joint,ambiguous,1,0.0,10.819778284410283,1.3118752925
oracle-boundary/recency,civ-13,joint,ambiguous,1,1.0,3.4789982477094417,0.95245
oracle-boundary/reference,civ-13,joint,ambiguous,1,0.0,0.69410764165507,0.50000048
oracle-boundary/transition1,civ-13,joint,ambiguous,1,0.0,0.69410764165507,0.50000048
oracle-boundary/transition2,civ-13,joint,ambiguous,1,0.0,0.69410764165507,0.50000048
oracle-boundary/transition3,civ-13,joint,ambiguous,1,0.0,0.69410764165507,0.50000048
streaming/absolute,civ-14,detached,intact,0,0.0,2.0802818946775288,1.0621252925000002
streaming/present,civ-14,detached,intact,0,0.0,2.0802818946775288,1.0621252925000002
streaming/recency,civ-14,detached,intact,0,0.0,6.907755278982137,1.90245
streaming/reference,civ-14,detached,intact,0,1.0,0.0009804805139616427,9.800000000392828e-07
streaming/transition1,civ-14,detached,intact,0,0.0,10.819778284410283,1.99800098
streaming/transition2,civ-14,detached,intact,0,0.0,2.0802818946775288,1.0621252925000002
streaming/transition3,civ-14,detached,intact,0,0.0,2.0802818946775288,1.0621252925000002
fixed/absolute,civ-14,detached,intact,0,0.0,2.0802818946775288,1.0621252925000002
fixed/present,civ-14,detached,intact,0,0.0,2.0802818946775288,1.0621252925000002
fixed/recency,civ-14,detached,intact,0,0.0,6.907755278982137,1.90245
fixed/reference,civ-14,detached,intact,0,0.0,2.0802818946775288,1.0621252925000002
fixed/transition1,civ-14,detached,intact,0,0.0,10.819778284410283,1.99800098
fixed/transition2,civ-14,detached,intact,0,0.0,2.0802818946775288,1.0621252925000002
fixed/transition3,civ-14,detached,intact,0,0.0,2.0802818946775288,1.0621252925000002
oracle-boundary/absolute,civ-14,detached,intact,0,1.0,0.0009804805139616427,9.800000000392828e-07
oracle-boundary/present,civ-14,detached,intact,0,0.0,2.0802818946775288,1.0621252925000002
oracle-boundary/recency,civ-14,detached,intact,0,0.0,6.907755278982137,1.90245
oracle-boundary/reference,civ-14,detached,intact,0,1.0,0.0009804805139616427,9.800000000392828e-07
oracle-boundary/transition1,civ-14,detached,intact,0,1.0,0.6941076416550698,0.5000004800000002
oracle-boundary/transition2,civ-14,detached,intact,0,1.0,0.0009804805139616427,9.800000000392828e-07
oracle-boundary/transition3,civ-14,detached,intact,0,1.0,0.0009804805139616427,9.800000000392828e-07
streaming/absolute,civ-14,detached,intact,1,0.0,2.0802818946775288,1.0621252925000002
streaming/present,civ-14,detached,intact,1,0.0,2.0802818946775288,1.0621252925000002
streaming/recency,civ-14,detached,intact,1,0.0,6.907755278982137,1.90245
streaming/reference,civ-14,detached,intact,1,0.0,2.0802818946775288,1.0621252925000002
streaming/transition1,civ-14,detached,intact,1,0.0,2.0802818946775288,1.0621252925000002
streaming/transition2,civ-14,detached,intact,1,0.0,2.0802818946775288,1.0621252925000002
streaming/transition3,civ-14,detached,intact,1,0.0,2.0802818946775288,1.0621252925000002
fixed/absolute,civ-14,detached,intact,1,0.0,2.0802818946775288,1.0621252925000002
fixed/present,civ-14,detached,intact,1,0.0,2.0802818946775288,1.0621252925000002
fixed/recency,civ-14,detached,intact,1,0.0,6.907755278982137,1.90245
fixed/reference,civ-14,detached,intact,1,0.0,2.0802818946775288,1.0621252925000002
fixed/transition1,civ-14,detached,intact,1,0.0,10.819778284410283,1.99800098
fixed/transition2,civ-14,detached,intact,1,0.0,2.0802818946775288,1.0621252925000002
fixed/transition3,civ-14,detached,intact,1,0.0,2.0802818946775288,1.0621252925000002
oracle-boundary/absolute,civ-14,detached,intact,1,1.0,0.0009804805139614205,9.800000000392828e-07
oracle-boundary/present,civ-14,detached,intact,1,0.0,2.0802818946775288,1.0621252925000002
oracle-boundary/recency,civ-14,detached,intact,1,0.0,6.907755278982137,1.90245
oracle-boundary/reference,civ-14,detached,intact,1,1.0,0.0009804805139614205,9.800000000392828e-07
oracle-boundary/transition1,civ-14,detached,intact,1,0.0,0.6941076416550698,0.5000004800000002
oracle-boundary/transition2,civ-14,detached,intact,1,1.0,0.0009804805139614205,9.800000000392828e-07
oracle-boundary/transition3,civ-14,detached,intact,1,1.0,0.0009804805139614205,9.800000000392828e-07
streaming/absolute,civ-14,legato,intact,0,0.0,2.0802818946775288,1.0621252925000002
streaming/present,civ-14,legato,intact,0,0.0,2.0802818946775288,1.0621252925000002
streaming/recency,civ-14,legato,intact,0,0.0,2.1223490426911127,1.0444812499999996
streaming/reference,civ-14,legato,intact,0,0.0,2.0802818946775288,1.0621252925000002
streaming/transition1,civ-14,legato,intact,0,0.0,2.0802818946775288,1.0621252925000002
streaming/transition2,civ-14,legato,intact,0,0.0,2.0802818946775288,1.0621252925000002
streaming/transition3,civ-14,legato,intact,0,0.0,2.0802818946775288,1.0621252925000002
fixed/absolute,civ-14,legato,intact,0,0.0,2.0802818946775288,1.0621252925000002
fixed/present,civ-14,legato,intact,0,0.0,2.0802818946775288,1.0621252925000002
fixed/recency,civ-14,legato,intact,0,0.0,6.907755278982137,1.90245
fixed/reference,civ-14,legato,intact,0,0.0,2.0802818946775288,1.0621252925000002
fixed/transition1,civ-14,legato,intact,0,0.0,10.819778284410283,1.99800098
fixed/transition2,civ-14,legato,intact,0,0.0,2.0802818946775288,1.0621252925000002
fixed/transition3,civ-14,legato,intact,0,0.0,2.0802818946775288,1.0621252925000002
oracle-boundary/absolute,civ-14,legato,intact,0,1.0,0.0009804805139616427,9.800000000392828e-07
oracle-boundary/present,civ-14,legato,intact,0,0.0,2.0802818946775288,1.0621252925000002
oracle-boundary/recency,civ-14,legato,intact,0,0.0,6.907755278982137,1.90245
oracle-boundary/reference,civ-14,legato,intact,0,1.0,0.0009804805139616427,9.800000000392828e-07
oracle-boundary/transition1,civ-14,legato,intact,0,1.0,0.6941076416550698,0.5000004800000002
oracle-boundary/transition2,civ-14,legato,intact,0,1.0,0.0009804805139616427,9.800000000392828e-07
oracle-boundary/transition3,civ-14,legato,intact,0,1.0,0.0009804805139616427,9.800000000392828e-07
streaming/absolute,civ-14,legato,intact,1,0.0,2.0802818946775288,1.0621252925000002
streaming/present,civ-14,legato,intact,1,0.0,2.0802818946775288,1.0621252925000002
streaming/recency,civ-14,legato,intact,1,0.0,2.1223490426911127,1.0444812499999996
streaming/reference,civ-14,legato,intact,1,0.0,2.0802818946775288,1.0621252925000002
streaming/transition1,civ-14,legato,intact,1,0.0,2.0802818946775288,1.0621252925000002
streaming/transition2,civ-14,legato,intact,1,0.0,2.0802818946775288,1.0621252925000002
streaming/transition3,civ-14,legato,intact,1,0.0,2.0802818946775288,1.0621252925000002
fixed/absolute,civ-14,legato,intact,1,0.0,2.0802818946775288,1.0621252925000002
fixed/present,civ-14,legato,intact,1,0.0,2.0802818946775288,1.0621252925000002
fixed/recency,civ-14,legato,intact,1,0.0,6.907755278982137,1.90245
fixed/reference,civ-14,legato,intact,1,0.0,2.0802818946775288,1.0621252925000002
fixed/transition1,civ-14,legato,intact,1,0.0,10.819778284410283,1.99800098
fixed/transition2,civ-14,legato,intact,1,0.0,2.0802818946775288,1.0621252925000002
fixed/transition3,civ-14,legato,intact,1,0.0,2.0802818946775288,1.0621252925000002
oracle-boundary/absolute,civ-14,legato,intact,1,1.0,0.0009804805139614205,9.800000000392828e-07
oracle-boundary/present,civ-14,legato,intact,1,0.0,2.0802818946775288,1.0621252925000002
oracle-boundary/recency,civ-14,legato,intact,1,0.0,6.907755278982137,1.90245
oracle-boundary/reference,civ-14,legato,intact,1,1.0,0.0009804805139614205,9.800000000392828e-07
oracle-boundary/transition1,civ-14,legato,intact,1,0.0,0.6941076416550698,0.5000004800000002
oracle-boundary/transition2,civ-14,legato,intact,1,1.0,0.0009804805139614205,9.800000000392828e-07
oracle-boundary/transition3,civ-14,legato,intact,1,1.0,0.0009804805139614205,9.800000000392828e-07
streaming/absolute,civ-14,duration,intact,0,0.0,2.0802818946775288,1.0621252925000002
streaming/present,civ-14,duration,intact,0,0.0,2.0802818946775288,1.0621252925000002
streaming/recency,civ-14,duration,intact,0,0.0,6.907755278982137,1.90245
streaming/reference,civ-14,duration,intact,0,0.0,2.0802818946775288,1.0621252925000002
streaming/transition1,civ-14,duration,intact,0,0.0,2.0802818946775288,1.0621252925000002
streaming/transition2,civ-14,duration,intact,0,0.0,2.0802818946775288,1.0621252925000002
streaming/transition3,civ-14,duration,intact,0,0.0,2.0802818946775288,1.0621252925000002
fixed/absolute,civ-14,duration,intact,0,0.0,2.0802818946775288,1.0621252925000002
fixed/present,civ-14,duration,intact,0,0.0,2.0802818946775288,1.0621252925000002
fixed/recency,civ-14,duration,intact,0,0.0,2.1223490426911127,1.0444812499999996
fixed/reference,civ-14,duration,intact,0,0.0,2.0802818946775288,1.0621252925000002
fixed/transition1,civ-14,duration,intact,0,0.0,2.0802818946775288,1.0621252925000002
fixed/transition2,civ-14,duration,intact,0,0.0,2.0802818946775288,1.0621252925000002
fixed/transition3,civ-14,duration,intact,0,0.0,2.0802818946775288,1.0621252925000002
oracle-boundary/absolute,civ-14,duration,intact,0,1.0,0.0009804805139616427,9.800000000392828e-07
oracle-boundary/present,civ-14,duration,intact,0,0.0,2.0802818946775288,1.0621252925000002
oracle-boundary/recency,civ-14,duration,intact,0,0.0,6.907755278982137,1.90245
oracle-boundary/reference,civ-14,duration,intact,0,1.0,0.0009804805139616427,9.800000000392828e-07
oracle-boundary/transition1,civ-14,duration,intact,0,1.0,0.6941076416550698,0.5000004800000002
oracle-boundary/transition2,civ-14,duration,intact,0,1.0,0.0009804805139616427,9.800000000392828e-07
oracle-boundary/transition3,civ-14,duration,intact,0,1.0,0.0009804805139616427,9.800000000392828e-07
streaming/absolute,civ-14,duration,intact,1,0.0,2.0802818946775288,1.0621252925000002
streaming/present,civ-14,duration,intact,1,0.0,2.0802818946775288,1.0621252925000002
streaming/recency,civ-14,duration,intact,1,0.0,2.1223490426911127,1.0444812499999996
streaming/reference,civ-14,duration,intact,1,0.0,2.0802818946775288,1.0621252925000002
streaming/transition1,civ-14,duration,intact,1,0.0,2.0802818946775288,1.0621252925000002
streaming/transition2,civ-14,duration,intact,1,0.0,2.0802818946775288,1.0621252925000002
streaming/transition3,civ-14,duration,intact,1,0.0,2.0802818946775288,1.0621252925000002
fixed/absolute,civ-14,duration,intact,1,0.0,2.0802818946775288,1.0621252925000002
fixed/present,civ-14,duration,intact,1,0.0,2.0802818946775288,1.0621252925000002
fixed/recency,civ-14,duration,intact,1,0.0,2.1223490426911127,1.0444812499999996
fixed/reference,civ-14,duration,intact,1,0.0,2.0802818946775288,1.0621252925000002
fixed/transition1,civ-14,duration,intact,1,0.0,2.0802818946775288,1.0621252925000002
fixed/transition2,civ-14,duration,intact,1,0.0,2.0802818946775288,1.0621252925000002
fixed/transition3,civ-14,duration,intact,1,0.0,2.0802818946775288,1.0621252925000002
oracle-boundary/absolute,civ-14,duration,intact,1,1.0,0.0009804805139614205,9.800000000392828e-07
oracle-boundary/present,civ-14,duration,intact,1,0.0,2.0802818946775288,1.0621252925000002
oracle-boundary/recency,civ-14,duration,intact,1,0.0,6.907755278982137,1.90245
oracle-boundary/reference,civ-14,duration,intact,1,1.0,0.0009804805139614205,9.800000000392828e-07
oracle-boundary/transition1,civ-14,duration,intact,1,0.0,0.6941076416550698,0.5000004800000002
oracle-boundary/transition2,civ-14,duration,intact,1,1.0,0.0009804805139614205,9.800000000392828e-07
oracle-boundary/transition3,civ-14,duration,intact,1,1.0,0.0009804805139614205,9.800000000392828e-07
streaming/absolute,civ-14,joint,intact,0,0.0,2.0802818946775288,1.0621252925000002
streaming/present,civ-14,joint,intact,0,0.0,2.0802818946775288,1.0621252925000002
streaming/recency,civ-14,joint,intact,0,0.0,6.907755278982137,1.90245
streaming/reference,civ-14,joint,intact,0,0.0,2.0802818946775288,1.0621252925000002
streaming/transition1,civ-14,joint,intact,0,0.0,2.0802818946775288,1.0621252925000002
streaming/transition2,civ-14,joint,intact,0,0.0,2.0802818946775288,1.0621252925000002
streaming/transition3,civ-14,joint,intact,0,0.0,2.0802818946775288,1.0621252925000002
fixed/absolute,civ-14,joint,intact,0,0.0,2.0802818946775288,1.0621252925000002
fixed/present,civ-14,joint,intact,0,0.0,2.0802818946775288,1.0621252925000002
fixed/recency,civ-14,joint,intact,0,0.0,2.1223490426911127,1.0444812499999996
fixed/reference,civ-14,joint,intact,0,0.0,2.0802818946775288,1.0621252925000002
fixed/transition1,civ-14,joint,intact,0,0.0,2.0802818946775288,1.0621252925000002
fixed/transition2,civ-14,joint,intact,0,0.0,2.0802818946775288,1.0621252925000002
fixed/transition3,civ-14,joint,intact,0,0.0,2.0802818946775288,1.0621252925000002
oracle-boundary/absolute,civ-14,joint,intact,0,1.0,0.0009804805139616427,9.800000000392828e-07
oracle-boundary/present,civ-14,joint,intact,0,0.0,2.0802818946775288,1.0621252925000002
oracle-boundary/recency,civ-14,joint,intact,0,0.0,6.907755278982137,1.90245
oracle-boundary/reference,civ-14,joint,intact,0,1.0,0.0009804805139616427,9.800000000392828e-07
oracle-boundary/transition1,civ-14,joint,intact,0,1.0,0.6941076416550698,0.5000004800000002
oracle-boundary/transition2,civ-14,joint,intact,0,1.0,0.0009804805139616427,9.800000000392828e-07
oracle-boundary/transition3,civ-14,joint,intact,0,1.0,0.0009804805139616427,9.800000000392828e-07
streaming/absolute,civ-14,joint,intact,1,0.0,2.0802818946775288,1.0621252925000002
streaming/present,civ-14,joint,intact,1,0.0,2.0802818946775288,1.0621252925000002
streaming/recency,civ-14,joint,intact,1,0.0,2.1223490426911127,1.0444812499999996
streaming/reference,civ-14,joint,intact,1,0.0,2.0802818946775288,1.0621252925000002
streaming/transition1,civ-14,joint,intact,1,0.0,2.0802818946775288,1.0621252925000002
streaming/transition2,civ-14,joint,intact,1,0.0,2.0802818946775288,1.0621252925000002
streaming/transition3,civ-14,joint,intact,1,0.0,2.0802818946775288,1.0621252925000002
fixed/absolute,civ-14,joint,intact,1,0.0,2.0802818946775288,1.0621252925000002
fixed/present,civ-14,joint,intact,1,0.0,2.0802818946775288,1.0621252925000002
fixed/recency,civ-14,joint,intact,1,0.0,2.1223490426911127,1.0444812499999996
fixed/reference,civ-14,joint,intact,1,0.0,2.0802818946775288,1.0621252925000002
fixed/transition1,civ-14,joint,intact,1,0.0,2.0802818946775288,1.0621252925000002
fixed/transition2,civ-14,joint,intact,1,0.0,2.0802818946775288,1.0621252925000002
fixed/transition3,civ-14,joint,intact,1,0.0,2.0802818946775288,1.0621252925000002
oracle-boundary/absolute,civ-14,joint,intact,1,1.0,0.0009804805139614205,9.800000000392828e-07
oracle-boundary/present,civ-14,joint,intact,1,0.0,2.0802818946775288,1.0621252925000002
oracle-boundary/recency,civ-14,joint,intact,1,0.0,6.907755278982137,1.90245
oracle-boundary/reference,civ-14,joint,intact,1,1.0,0.0009804805139614205,9.800000000392828e-07
oracle-boundary/transition1,civ-14,joint,intact,1,0.0,0.6941076416550698,0.5000004800000002
oracle-boundary/transition2,civ-14,joint,intact,1,1.0,0.0009804805139614205,9.800000000392828e-07
oracle-boundary/transition3,civ-14,joint,intact,1,1.0,0.0009804805139614205,9.800000000392828e-07
streaming/absolute,civ-14,joint,reset,0,0.0,2.0802818946775288,1.0621252925000002
streaming/present,civ-14,joint,reset,0,0.0,2.0802818946775288,1.0621252925000002
streaming/recency,civ-14,joint,reset,0,0.0,2.1223490426911127,1.0444812499999996
streaming/reference,civ-14,joint,reset,0,0.0,2.0802818946775288,1.0621252925000002
streaming/transition1,civ-14,joint,reset,0,0.0,2.0802818946775288,1.0621252925000002
streaming/transition2,civ-14,joint,reset,0,0.0,2.0802818946775288,1.0621252925000002
streaming/transition3,civ-14,joint,reset,0,0.0,2.0802818946775288,1.0621252925000002
fixed/absolute,civ-14,joint,reset,0,0.0,2.0802818946775288,1.0621252925000002
fixed/present,civ-14,joint,reset,0,0.0,2.0802818946775288,1.0621252925000002
fixed/recency,civ-14,joint,reset,0,0.0,2.1223490426911127,1.0444812499999996
fixed/reference,civ-14,joint,reset,0,0.0,2.0802818946775288,1.0621252925000002
fixed/transition1,civ-14,joint,reset,0,0.0,2.0802818946775288,1.0621252925000002
fixed/transition2,civ-14,joint,reset,0,0.0,2.0802818946775288,1.0621252925000002
fixed/transition3,civ-14,joint,reset,0,0.0,2.0802818946775288,1.0621252925000002
oracle-boundary/absolute,civ-14,joint,reset,0,0.0,2.0802818946775288,1.0621252925000002
oracle-boundary/present,civ-14,joint,reset,0,0.0,2.0802818946775288,1.0621252925000002
oracle-boundary/recency,civ-14,joint,reset,0,0.0,2.1223490426911127,1.0444812499999996
oracle-boundary/reference,civ-14,joint,reset,0,0.0,2.0802818946775288,1.0621252925000002
oracle-boundary/transition1,civ-14,joint,reset,0,0.0,2.0802818946775288,1.0621252925000002
oracle-boundary/transition2,civ-14,joint,reset,0,0.0,2.0802818946775288,1.0621252925000002
oracle-boundary/transition3,civ-14,joint,reset,0,0.0,2.0802818946775288,1.0621252925000002
streaming/absolute,civ-14,joint,reset,1,0.0,2.0802818946775288,1.0621252925000002
streaming/present,civ-14,joint,reset,1,0.0,2.0802818946775288,1.0621252925000002
streaming/recency,civ-14,joint,reset,1,0.0,2.1223490426911127,1.0444812499999996
streaming/reference,civ-14,joint,reset,1,0.0,2.0802818946775288,1.0621252925000002
streaming/transition1,civ-14,joint,reset,1,0.0,2.0802818946775288,1.0621252925000002
streaming/transition2,civ-14,joint,reset,1,0.0,2.0802818946775288,1.0621252925000002
streaming/transition3,civ-14,joint,reset,1,0.0,2.0802818946775288,1.0621252925000002
fixed/absolute,civ-14,joint,reset,1,0.0,2.0802818946775288,1.0621252925000002
fixed/present,civ-14,joint,reset,1,0.0,2.0802818946775288,1.0621252925000002
fixed/recency,civ-14,joint,reset,1,0.0,2.1223490426911127,1.0444812499999996
fixed/reference,civ-14,joint,reset,1,0.0,2.0802818946775288,1.0621252925000002
fixed/transition1,civ-14,joint,reset,1,0.0,2.0802818946775288,1.0621252925000002
fixed/transition2,civ-14,joint,reset,1,0.0,2.0802818946775288,1.0621252925000002
fixed/transition3,civ-14,joint,reset,1,0.0,2.0802818946775288,1.0621252925000002
oracle-boundary/absolute,civ-14,joint,reset,1,0.0,2.0802818946775288,1.0621252925000002
oracle-boundary/present,civ-14,joint,reset,1,0.0,2.0802818946775288,1.0621252925000002
oracle-boundary/recency,civ-14,joint,reset,1,0.0,2.1223490426911127,1.0444812499999996
oracle-boundary/reference,civ-14,joint,reset,1,0.0,2.0802818946775288,1.0621252925000002
oracle-boundary/transition1,civ-14,joint,reset,1,0.0,2.0802818946775288,1.0621252925000002
oracle-boundary/transition2,civ-14,joint,reset,1,0.0,2.0802818946775288,1.0621252925000002
oracle-boundary/transition3,civ-14,joint,reset,1,0.0,2.0802818946775288,1.0621252925000002
streaming/absolute,civ-14,joint,removal,0,0.0,2.0802818946775288,1.0621252925000002
streaming/present,civ-14,joint,removal,0,0.0,2.0802818946775288,1.0621252925000002
streaming/recency,civ-14,joint,removal,0,0.0,2.1223490426911127,1.0444812499999996
streaming/reference,civ-14,joint,removal,0,0.0,2.0802818946775288,1.0621252925000002
streaming/transition1,civ-14,joint,removal,0,0.0,2.0802818946775288,1.0621252925000002
streaming/transition2,civ-14,joint,removal,0,0.0,2.0802818946775288,1.0621252925000002
streaming/transition3,civ-14,joint,removal,0,0.0,2.0802818946775288,1.0621252925000002
fixed/absolute,civ-14,joint,removal,0,0.0,2.0802818946775288,1.0621252925000002
fixed/present,civ-14,joint,removal,0,0.0,2.0802818946775288,1.0621252925000002
fixed/recency,civ-14,joint,removal,0,0.0,2.1223490426911127,1.0444812499999996
fixed/reference,civ-14,joint,removal,0,0.0,2.0802818946775288,1.0621252925000002
fixed/transition1,civ-14,joint,removal,0,0.0,2.0802818946775288,1.0621252925000002
fixed/transition2,civ-14,joint,removal,0,0.0,2.0802818946775288,1.0621252925000002
fixed/transition3,civ-14,joint,removal,0,0.0,2.0802818946775288,1.0621252925000002
oracle-boundary/absolute,civ-14,joint,removal,0,0.0,2.0802818946775288,1.0621252925000002
oracle-boundary/present,civ-14,joint,removal,0,0.0,2.0802818946775288,1.0621252925000002
oracle-boundary/recency,civ-14,joint,removal,0,0.0,2.1223490426911127,1.0444812499999996
oracle-boundary/reference,civ-14,joint,removal,0,0.0,2.0802818946775288,1.0621252925000002
oracle-boundary/transition1,civ-14,joint,removal,0,0.0,2.0802818946775288,1.0621252925000002
oracle-boundary/transition2,civ-14,joint,removal,0,0.0,2.0802818946775288,1.0621252925000002
oracle-boundary/transition3,civ-14,joint,removal,0,0.0,2.0802818946775288,1.0621252925000002
streaming/absolute,civ-14,joint,removal,1,0.0,2.0802818946775288,1.0621252925000002
streaming/present,civ-14,joint,removal,1,0.0,2.0802818946775288,1.0621252925000002
streaming/recency,civ-14,joint,removal,1,0.0,2.1223490426911127,1.0444812499999996
streaming/reference,civ-14,joint,removal,1,0.0,2.0802818946775288,1.0621252925000002
streaming/transition1,civ-14,joint,removal,1,0.0,2.0802818946775288,1.0621252925000002
streaming/transition2,civ-14,joint,removal,1,0.0,2.0802818946775288,1.0621252925000002
streaming/transition3,civ-14,joint,removal,1,0.0,2.0802818946775288,1.0621252925000002
fixed/absolute,civ-14,joint,removal,1,0.0,2.0802818946775288,1.0621252925000002
fixed/present,civ-14,joint,removal,1,0.0,2.0802818946775288,1.0621252925000002
fixed/recency,civ-14,joint,removal,1,0.0,2.1223490426911127,1.0444812499999996
fixed/reference,civ-14,joint,removal,1,0.0,2.0802818946775288,1.0621252925000002
fixed/transition1,civ-14,joint,removal,1,0.0,2.0802818946775288,1.0621252925000002
fixed/transition2,civ-14,joint,removal,1,0.0,2.0802818946775288,1.0621252925000002
fixed/transition3,civ-14,joint,removal,1,0.0,2.0802818946775288,1.0621252925000002
oracle-boundary/absolute,civ-14,joint,removal,1,0.0,2.0802818946775288,1.0621252925000002
oracle-boundary/present,civ-14,joint,removal,1,0.0,2.0802818946775288,1.0621252925000002
oracle-boundary/recency,civ-14,joint,removal,1,0.0,2.1223490426911127,1.0444812499999996
oracle-boundary/reference,civ-14,joint,removal,1,0.0,2.0802818946775288,1.0621252925000002
oracle-boundary/transition1,civ-14,joint,removal,1,0.0,2.0802818946775288,1.0621252925000002
oracle-boundary/transition2,civ-14,joint,removal,1,0.0,2.0802818946775288,1.0621252925000002
oracle-boundary/transition3,civ-14,joint,removal,1,0.0,2.0802818946775288,1.0621252925000002
streaming/absolute,civ-14,joint,swap,0,0.0,2.0802818946775288,1.0621252925000002
streaming/present,civ-14,joint,swap,0,0.0,2.0802818946775288,1.0621252925000002
streaming/recency,civ-14,joint,swap,0,0.0,2.1223490426911127,1.0444812499999996
streaming/reference,civ-14,joint,swap,0,0.0,2.0802818946775288,1.0621252925000002
streaming/transition1,civ-14,joint,swap,0,0.0,2.0802818946775288,1.0621252925000002
streaming/transition2,civ-14,joint,swap,0,0.0,2.0802818946775288,1.0621252925000002
streaming/transition3,civ-14,joint,swap,0,0.0,2.0802818946775288,1.0621252925000002
fixed/absolute,civ-14,joint,swap,0,0.0,2.0802818946775288,1.0621252925000002
fixed/present,civ-14,joint,swap,0,0.0,2.0802818946775288,1.0621252925000002
fixed/recency,civ-14,joint,swap,0,0.0,2.1223490426911127,1.0444812499999996
fixed/reference,civ-14,joint,swap,0,0.0,2.0802818946775288,1.0621252925000002
fixed/transition1,civ-14,joint,swap,0,0.0,2.0802818946775288,1.0621252925000002
fixed/transition2,civ-14,joint,swap,0,0.0,2.0802818946775288,1.0621252925000002
fixed/transition3,civ-14,joint,swap,0,0.0,2.0802818946775288,1.0621252925000002
oracle-boundary/absolute,civ-14,joint,swap,0,1.0,0.0009804805139614205,9.800000000392828e-07
oracle-boundary/present,civ-14,joint,swap,0,0.0,2.0802818946775288,1.0621252925000002
oracle-boundary/recency,civ-14,joint,swap,0,0.0,6.907755278982137,1.90245
oracle-boundary/reference,civ-14,joint,swap,0,1.0,0.0009804805139614205,9.800000000392828e-07
oracle-boundary/transition1,civ-14,joint,swap,0,0.0,0.6941076416550698,0.5000004800000002
oracle-boundary/transition2,civ-14,joint,swap,0,1.0,0.0009804805139614205,9.800000000392828e-07
oracle-boundary/transition3,civ-14,joint,swap,0,1.0,0.0009804805139614205,9.800000000392828e-07
streaming/absolute,civ-14,joint,swap,1,0.0,2.0802818946775288,1.0621252925000002
streaming/present,civ-14,joint,swap,1,0.0,2.0802818946775288,1.0621252925000002
streaming/recency,civ-14,joint,swap,1,0.0,6.907755278982137,1.90245
streaming/reference,civ-14,joint,swap,1,0.0,2.0802818946775288,1.0621252925000002
streaming/transition1,civ-14,joint,swap,1,0.0,2.0802818946775288,1.0621252925000002
streaming/transition2,civ-14,joint,swap,1,0.0,2.0802818946775288,1.0621252925000002
streaming/transition3,civ-14,joint,swap,1,0.0,2.0802818946775288,1.0621252925000002
fixed/absolute,civ-14,joint,swap,1,0.0,2.0802818946775288,1.0621252925000002
fixed/present,civ-14,joint,swap,1,0.0,2.0802818946775288,1.0621252925000002
fixed/recency,civ-14,joint,swap,1,0.0,2.1223490426911127,1.0444812499999996
fixed/reference,civ-14,joint,swap,1,0.0,2.0802818946775288,1.0621252925000002
fixed/transition1,civ-14,joint,swap,1,0.0,2.0802818946775288,1.0621252925000002
fixed/transition2,civ-14,joint,swap,1,0.0,2.0802818946775288,1.0621252925000002
fixed/transition3,civ-14,joint,swap,1,0.0,2.0802818946775288,1.0621252925000002
oracle-boundary/absolute,civ-14,joint,swap,1,1.0,0.0009804805139616427,9.800000000392828e-07
oracle-boundary/present,civ-14,joint,swap,1,0.0,2.0802818946775288,1.0621252925000002
oracle-boundary/recency,civ-14,joint,swap,1,0.0,6.907755278982137,1.90245
oracle-boundary/reference,civ-14,joint,swap,1,1.0,0.0009804805139616427,9.800000000392828e-07
oracle-boundary/transition1,civ-14,joint,swap,1,1.0,0.6941076416550698,0.5000004800000002
oracle-boundary/transition2,civ-14,joint,swap,1,1.0,0.0009804805139616427,9.800000000392828e-07
oracle-boundary/transition3,civ-14,joint,swap,1,1.0,0.0009804805139616427,9.800000000392828e-07
streaming/absolute,civ-14,joint,shuffle,0,0.0,2.0802818946775288,1.0621252925000002
streaming/present,civ-14,joint,shuffle,0,0.0,2.0802818946775288,1.0621252925000002
streaming/recency,civ-14,joint,shuffle,0,0.0,2.1223490426911127,1.0444812499999996
streaming/reference,civ-14,joint,shuffle,0,0.0,2.0802818946775288,1.0621252925000002
streaming/transition1,civ-14,joint,shuffle,0,0.0,2.0802818946775288,1.0621252925000002
streaming/transition2,civ-14,joint,shuffle,0,0.0,2.0802818946775288,1.0621252925000002
streaming/transition3,civ-14,joint,shuffle,0,0.0,2.0802818946775288,1.0621252925000002
fixed/absolute,civ-14,joint,shuffle,0,0.0,2.0802818946775288,1.0621252925000002
fixed/present,civ-14,joint,shuffle,0,0.0,2.0802818946775288,1.0621252925000002
fixed/recency,civ-14,joint,shuffle,0,0.0,2.1223490426911127,1.0444812499999996
fixed/reference,civ-14,joint,shuffle,0,0.0,2.0802818946775288,1.0621252925000002
fixed/transition1,civ-14,joint,shuffle,0,0.0,2.0802818946775288,1.0621252925000002
fixed/transition2,civ-14,joint,shuffle,0,0.0,2.0802818946775288,1.0621252925000002
fixed/transition3,civ-14,joint,shuffle,0,0.0,2.0802818946775288,1.0621252925000002
oracle-boundary/absolute,civ-14,joint,shuffle,0,1.0,0.0009804805139616427,9.800000000392828e-07
oracle-boundary/present,civ-14,joint,shuffle,0,0.0,2.0802818946775288,1.0621252925000002
oracle-boundary/recency,civ-14,joint,shuffle,0,1.0,0.05024121643674679,0.0024500000000000632
oracle-boundary/reference,civ-14,joint,shuffle,0,1.0,0.0009804805139616427,9.800000000392828e-07
oracle-boundary/transition1,civ-14,joint,shuffle,0,1.0,0.6941076416550698,0.5000004800000002
oracle-boundary/transition2,civ-14,joint,shuffle,0,1.0,0.0009804805139616427,9.800000000392828e-07
oracle-boundary/transition3,civ-14,joint,shuffle,0,1.0,0.0009804805139616427,9.800000000392828e-07
streaming/absolute,civ-14,joint,shuffle,1,0.0,2.0802818946775288,1.0621252925000002
streaming/present,civ-14,joint,shuffle,1,0.0,2.0802818946775288,1.0621252925000002
streaming/recency,civ-14,joint,shuffle,1,1.0,0.05024121643674679,0.0024500000000000632
streaming/reference,civ-14,joint,shuffle,1,0.0,2.0802818946775288,1.0621252925000002
streaming/transition1,civ-14,joint,shuffle,1,0.0,2.0802818946775288,1.0621252925000002
streaming/transition2,civ-14,joint,shuffle,1,0.0,2.0802818946775288,1.0621252925000002
streaming/transition3,civ-14,joint,shuffle,1,0.0,2.0802818946775288,1.0621252925000002
fixed/absolute,civ-14,joint,shuffle,1,0.0,2.0802818946775288,1.0621252925000002
fixed/present,civ-14,joint,shuffle,1,0.0,2.0802818946775288,1.0621252925000002
fixed/recency,civ-14,joint,shuffle,1,0.0,2.1223490426911127,1.0444812499999996
fixed/reference,civ-14,joint,shuffle,1,0.0,2.0802818946775288,1.0621252925000002
fixed/transition1,civ-14,joint,shuffle,1,0.0,2.0802818946775288,1.0621252925000002
fixed/transition2,civ-14,joint,shuffle,1,0.0,2.0802818946775288,1.0621252925000002
fixed/transition3,civ-14,joint,shuffle,1,0.0,2.0802818946775288,1.0621252925000002
oracle-boundary/absolute,civ-14,joint,shuffle,1,1.0,0.0009804805139614205,9.800000000392828e-07
oracle-boundary/present,civ-14,joint,shuffle,1,0.0,2.0802818946775288,1.0621252925000002
oracle-boundary/recency,civ-14,joint,shuffle,1,1.0,0.05024121643674679,0.0024500000000000632
oracle-boundary/reference,civ-14,joint,shuffle,1,1.0,0.0009804805139614205,9.800000000392828e-07
oracle-boundary/transition1,civ-14,joint,shuffle,1,0.0,0.6941076416550698,0.5000004800000002
oracle-boundary/transition2,civ-14,joint,shuffle,1,1.0,0.0009804805139614205,9.800000000392828e-07
oracle-boundary/transition3,civ-14,joint,shuffle,1,1.0,0.0009804805139614205,9.800000000392828e-07
streaming/absolute,civ-14,joint,ambiguous,0,0.0,2.0802818946775288,1.0621252925
streaming/present,civ-14,joint,ambiguous,0,0.0,2.0802818946775288,1.0621252925
streaming/recency,civ-14,joint,ambiguous,0,0.0,3.4789982477094417,0.95245
streaming/reference,civ-14,joint,ambiguous,0,0.0,2.0802818946775288,1.0621252925
streaming/transition1,civ-14,joint,ambiguous,0,0.0,2.0802818946775288,1.0621252925
streaming/transition2,civ-14,joint,ambiguous,0,0.0,2.0802818946775288,1.0621252925
streaming/transition3,civ-14,joint,ambiguous,0,0.0,2.0802818946775288,1.0621252925
fixed/absolute,civ-14,joint,ambiguous,0,0.0,2.0802818946775288,1.0621252925
fixed/present,civ-14,joint,ambiguous,0,0.0,2.0802818946775288,1.0621252925
fixed/recency,civ-14,joint,ambiguous,0,0.0,2.1223490426911127,1.04448125
fixed/reference,civ-14,joint,ambiguous,0,0.0,2.0802818946775288,1.0621252925
fixed/transition1,civ-14,joint,ambiguous,0,0.0,2.0802818946775288,1.0621252925
fixed/transition2,civ-14,joint,ambiguous,0,0.0,2.0802818946775288,1.0621252925
fixed/transition3,civ-14,joint,ambiguous,0,0.0,2.0802818946775288,1.0621252925
oracle-boundary/absolute,civ-14,joint,ambiguous,0,1.0,0.6941076416550698,0.50000048
oracle-boundary/present,civ-14,joint,ambiguous,0,0.0,2.0802818946775288,1.0621252925
oracle-boundary/recency,civ-14,joint,ambiguous,0,0.0,3.4789982477094417,0.95245
oracle-boundary/reference,civ-14,joint,ambiguous,0,1.0,0.6941076416550698,0.50000048
oracle-boundary/transition1,civ-14,joint,ambiguous,0,1.0,0.6941076416550698,0.50000048
oracle-boundary/transition2,civ-14,joint,ambiguous,0,1.0,0.6941076416550698,0.50000048
oracle-boundary/transition3,civ-14,joint,ambiguous,0,1.0,0.6941076416550698,0.50000048
streaming/absolute,civ-14,joint,ambiguous,1,0.0,2.0802818946775288,1.0621252925
streaming/present,civ-14,joint,ambiguous,1,0.0,2.0802818946775288,1.0621252925
streaming/recency,civ-14,joint,ambiguous,1,1.0,3.4789982477094417,0.95245
streaming/reference,civ-14,joint,ambiguous,1,0.0,2.0802818946775288,1.0621252925
streaming/transition1,civ-14,joint,ambiguous,1,0.0,2.0802818946775288,1.0621252925
streaming/transition2,civ-14,joint,ambiguous,1,0.0,2.0802818946775288,1.0621252925
streaming/transition3,civ-14,joint,ambiguous,1,0.0,2.0802818946775288,1.0621252925
fixed/absolute,civ-14,joint,ambiguous,1,0.0,2.0802818946775288,1.0621252925
fixed/present,civ-14,joint,ambiguous,1,0.0,2.0802818946775288,1.0621252925
fixed/recency,civ-14,joint,ambiguous,1,0.0,2.1223490426911127,1.04448125
fixed/reference,civ-14,joint,ambiguous,1,0.0,2.0802818946775288,1.0621252925
fixed/transition1,civ-14,joint,ambiguous,1,0.0,2.0802818946775288,1.0621252925
fixed/transition2,civ-14,joint,ambiguous,1,0.0,2.0802818946775288,1.0621252925
fixed/transition3,civ-14,joint,ambiguous,1,0.0,2.0802818946775288,1.0621252925
oracle-boundary/absolute,civ-14,joint,ambiguous,1,0.0,0.6941076416550698,0.50000048
oracle-boundary/present,civ-14,joint,ambiguous,1,0.0,2.0802818946775288,1.0621252925
oracle-boundary/recency,civ-14,joint,ambiguous,1,1.0,3.4789982477094417,0.95245
oracle-boundary/reference,civ-14,joint,ambiguous,1,0.0,0.6941076416550698,0.50000048
oracle-boundary/transition1,civ-14,joint,ambiguous,1,0.0,0.6941076416550698,0.50000048
oracle-boundary/transition2,civ-14,joint,ambiguous,1,0.0,0.6941076416550698,0.50000048
oracle-boundary/transition3,civ-14,joint,ambiguous,1,0.0,0.6941076416550698,0.50000048
streaming/absolute,civ-15,detached,intact,0,1.0,0.9817763680502767,0.5626252924999999
streaming/present,civ-15,detached,intact,0,1.0,0.9817763680502767,0.5626252924999999
streaming/recency,civ-15,detached,intact,0,1.0,0.05024121643674679,0.0024500000000000632
streaming/reference,civ-15,detached,intact,0,1.0,0.0009804805139616427,9.800000000392828e-07
streaming/transition1,civ-15,detached,intact,0,1.0,0.9817763680502767,0.5626252924999999
streaming/transition2,civ-15,detached,intact,0,1.0,0.9817763680502767,0.5626252924999999
streaming/transition3,civ-15,detached,intact,0,1.0,0.9817763680502767,0.5626252924999999
fixed/absolute,civ-15,detached,intact,0,1.0,0.9817763680502767,0.5626252924999999
fixed/present,civ-15,detached,intact,0,1.0,0.9817763680502767,0.5626252924999999
fixed/recency,civ-15,detached,intact,0,0.0,6.907755278982137,1.90245
fixed/reference,civ-15,detached,intact,0,1.0,0.9817763680502767,0.5626252924999999
fixed/transition1,civ-15,detached,intact,0,0.0,10.819778284410283,1.4991151360694515
fixed/transition2,civ-15,detached,intact,0,1.0,0.9817763680502767,0.5626252924999999
fixed/transition3,civ-15,detached,intact,0,1.0,0.9817763680502767,0.5626252924999999
oracle-boundary/absolute,civ-15,detached,intact,0,1.0,0.0009804805139616427,9.800000000392828e-07
oracle-boundary/present,civ-15,detached,intact,0,1.0,0.9817763680502767,0.5626252924999999
oracle-boundary/recency,civ-15,detached,intact,0,1.0,0.05024121643674679,0.0024500000000000632
oracle-boundary/reference,civ-15,detached,intact,0,1.0,0.0009804805139616427,9.800000000392828e-07
oracle-boundary/transition1,civ-15,detached,intact,0,1.0,0.69410764165507,0.50000048
oracle-boundary/transition2,civ-15,detached,intact,0,1.0,0.0009804805139616427,9.800000000392828e-07
oracle-boundary/transition3,civ-15,detached,intact,0,1.0,0.0009804805139616427,9.800000000392828e-07
streaming/absolute,civ-15,detached,intact,1,0.0,0.9817763680502767,0.5626252924999999
streaming/present,civ-15,detached,intact,1,0.0,0.9817763680502767,0.5626252924999999
streaming/recency,civ-15,detached,intact,1,1.0,0.05024121643674679,0.0024500000000000632
streaming/reference,civ-15,detached,intact,1,0.0,0.9817763680502767,0.5626252924999999
streaming/transition1,civ-15,detached,intact,1,0.0,0.9817763680502767,0.5626252924999999
streaming/transition2,civ-15,detached,intact,1,0.0,0.9817763680502767,0.5626252924999999
streaming/transition3,civ-15,detached,intact,1,0.0,0.9817763680502767,0.5626252924999999
fixed/absolute,civ-15,detached,intact,1,0.0,0.9817763680502767,0.5626252924999999
fixed/present,civ-15,detached,intact,1,0.0,0.9817763680502767,0.5626252924999999
fixed/recency,civ-15,detached,intact,1,0.0,6.907755278982137,1.90245
fixed/reference,civ-15,detached,intact,1,0.0,0.9817763680502767,0.5626252924999999
fixed/transition1,civ-15,detached,intact,1,0.0,10.819778284410283,1.4991151360694515
fixed/transition2,civ-15,detached,intact,1,0.0,0.9817763680502767,0.5626252924999999
fixed/transition3,civ-15,detached,intact,1,0.0,0.9817763680502767,0.5626252924999999
oracle-boundary/absolute,civ-15,detached,intact,1,1.0,0.0009804805139614205,9.800000000392828e-07
oracle-boundary/present,civ-15,detached,intact,1,0.0,0.9817763680502767,0.5626252924999999
oracle-boundary/recency,civ-15,detached,intact,1,1.0,0.05024121643674679,0.0024500000000000632
oracle-boundary/reference,civ-15,detached,intact,1,1.0,0.0009804805139614205,9.800000000392828e-07
oracle-boundary/transition1,civ-15,detached,intact,1,0.0,0.69410764165507,0.50000048
oracle-boundary/transition2,civ-15,detached,intact,1,1.0,0.0009804805139614205,9.800000000392828e-07
oracle-boundary/transition3,civ-15,detached,intact,1,1.0,0.0009804805139614205,9.800000000392828e-07
streaming/absolute,civ-15,legato,intact,0,1.0,0.9817763680502767,0.5626252924999999
streaming/present,civ-15,legato,intact,0,1.0,0.9817763680502767,0.5626252924999999
streaming/recency,civ-15,legato,intact,0,1.0,0.05024121643674679,0.0024500000000000632
streaming/reference,civ-15,legato,intact,0,1.0,0.9817763680502767,0.5626252924999999
streaming/transition1,civ-15,legato,intact,0,1.0,0.9817763680502767,0.5626252924999999
streaming/transition2,civ-15,legato,intact,0,1.0,0.9817763680502767,0.5626252924999999
streaming/transition3,civ-15,legato,intact,0,1.0,0.9817763680502767,0.5626252924999999
fixed/absolute,civ-15,legato,intact,0,1.0,0.9817763680502767,0.5626252924999999
fixed/present,civ-15,legato,intact,0,1.0,0.9817763680502767,0.5626252924999999
fixed/recency,civ-15,legato,intact,0,0.0,6.907755278982137,1.90245
fixed/reference,civ-15,legato,intact,0,1.0,0.9817763680502767,0.5626252924999999
fixed/transition1,civ-15,legato,intact,0,0.0,10.819778284410283,1.5796720139677571
fixed/transition2,civ-15,legato,intact,0,1.0,0.9817763680502767,0.5626252924999999
fixed/transition3,civ-15,legato,intact,0,1.0,0.9817763680502767,0.5626252924999999
oracle-boundary/absolute,civ-15,legato,intact,0,1.0,0.0009804805139616427,9.800000000392828e-07
oracle-boundary/present,civ-15,legato,intact,0,1.0,0.9817763680502767,0.5626252924999999
oracle-boundary/recency,civ-15,legato,intact,0,1.0,0.05024121643674679,0.0024500000000000632
oracle-boundary/reference,civ-15,legato,intact,0,1.0,0.0009804805139616427,9.800000000392828e-07
oracle-boundary/transition1,civ-15,legato,intact,0,1.0,0.69410764165507,0.50000048
oracle-boundary/transition2,civ-15,legato,intact,0,1.0,0.0009804805139616427,9.800000000392828e-07
oracle-boundary/transition3,civ-15,legato,intact,0,1.0,0.0009804805139616427,9.800000000392828e-07
streaming/absolute,civ-15,legato,intact,1,0.0,0.9817763680502767,0.5626252924999999
streaming/present,civ-15,legato,intact,1,0.0,0.9817763680502767,0.5626252924999999
streaming/recency,civ-15,legato,intact,1,0.0,6.907755278982137,1.90245
streaming/reference,civ-15,legato,intact,1,0.0,0.9817763680502767,0.5626252924999999
streaming/transition1,civ-15,legato,intact,1,0.0,0.9817763680502767,0.5626252924999999
streaming/transition2,civ-15,legato,intact,1,0.0,0.9817763680502767,0.5626252924999999
streaming/transition3,civ-15,legato,intact,1,0.0,0.9817763680502767,0.5626252924999999
fixed/absolute,civ-15,legato,intact,1,0.0,0.9817763680502767,0.5626252924999999
fixed/present,civ-15,legato,intact,1,0.0,0.9817763680502767,0.5626252924999999
fixed/recency,civ-15,legato,intact,1,0.0,6.907755278982137,1.90245
fixed/reference,civ-15,legato,intact,1,0.0,0.9817763680502767,0.5626252924999999
fixed/transition1,civ-15,legato,intact,1,0.0,10.819778284410283,1.5796720139677567
fixed/transition2,civ-15,legato,intact,1,0.0,0.9817763680502767,0.5626252924999999
fixed/transition3,civ-15,legato,intact,1,0.0,0.9817763680502767,0.5626252924999999
oracle-boundary/absolute,civ-15,legato,intact,1,1.0,0.0009804805139614205,9.800000000392828e-07
oracle-boundary/present,civ-15,legato,intact,1,0.0,0.9817763680502767,0.5626252924999999
oracle-boundary/recency,civ-15,legato,intact,1,1.0,0.05024121643674679,0.0024500000000000632
oracle-boundary/reference,civ-15,legato,intact,1,1.0,0.0009804805139614205,9.800000000392828e-07
oracle-boundary/transition1,civ-15,legato,intact,1,0.0,0.69410764165507,0.50000048
oracle-boundary/transition2,civ-15,legato,intact,1,1.0,0.0009804805139614205,9.800000000392828e-07
oracle-boundary/transition3,civ-15,legato,intact,1,1.0,0.0009804805139614205,9.800000000392828e-07
streaming/absolute,civ-15,duration,intact,0,1.0,0.9817763680502767,0.5626252924999999
streaming/present,civ-15,duration,intact,0,1.0,0.9817763680502767,0.5626252924999999
streaming/recency,civ-15,duration,intact,0,1.0,0.05024121643674679,0.0024500000000000632
streaming/reference,civ-15,duration,intact,0,1.0,0.9817763680502767,0.5626252924999999
streaming/transition1,civ-15,duration,intact,0,1.0,0.9817763680502767,0.5626252924999999
streaming/transition2,civ-15,duration,intact,0,1.0,0.9817763680502767,0.5626252924999999
streaming/transition3,civ-15,duration,intact,0,1.0,0.9817763680502767,0.5626252924999999
fixed/absolute,civ-15,duration,intact,0,1.0,0.9817763680502767,0.5626252924999999
fixed/present,civ-15,duration,intact,0,1.0,0.9817763680502767,0.5626252924999999
fixed/recency,civ-15,duration,intact,0,1.0,1.0293194621721604,0.5694812499999999
fixed/reference,civ-15,duration,intact,0,1.0,0.9817763680502767,0.5626252924999999
fixed/transition1,civ-15,duration,intact,0,1.0,0.9817763680502767,0.5626252924999999
fixed/transition2,civ-15,duration,intact,0,1.0,0.9817763680502767,0.5626252924999999
fixed/transition3,civ-15,duration,intact,0,1.0,0.9817763680502767,0.5626252924999999
oracle-boundary/absolute,civ-15,duration,intact,0,1.0,0.0009804805139616427,9.800000000392828e-07
oracle-boundary/present,civ-15,duration,intact,0,1.0,0.9817763680502767,0.5626252924999999
oracle-boundary/recency,civ-15,duration,intact,0,1.0,0.05024121643674679,0.0024500000000000632
oracle-boundary/reference,civ-15,duration,intact,0,1.0,0.0009804805139616427,9.800000000392828e-07
oracle-boundary/transition1,civ-15,duration,intact,0,1.0,0.69410764165507,0.50000048
oracle-boundary/transition2,civ-15,duration,intact,0,1.0,0.0009804805139616427,9.800000000392828e-07
oracle-boundary/transition3,civ-15,duration,intact,0,1.0,0.0009804805139616427,9.800000000392828e-07
streaming/absolute,civ-15,duration,intact,1,0.0,0.9817763680502767,0.5626252924999999
streaming/present,civ-15,duration,intact,1,0.0,0.9817763680502767,0.5626252924999999
streaming/recency,civ-15,duration,intact,1,0.0,6.907755278982137,1.90245
streaming/reference,civ-15,duration,intact,1,0.0,0.9817763680502767,0.5626252924999999
streaming/transition1,civ-15,duration,intact,1,0.0,10.819778284410283,1.9980009799999996
streaming/transition2,civ-15,duration,intact,1,0.0,0.9817763680502767,0.5626252924999999
streaming/transition3,civ-15,duration,intact,1,0.0,0.9817763680502767,0.5626252924999999
fixed/absolute,civ-15,duration,intact,1,0.0,0.9817763680502767,0.5626252924999999
fixed/present,civ-15,duration,intact,1,0.0,0.9817763680502767,0.5626252924999999
fixed/recency,civ-15,duration,intact,1,0.0,1.0293194621721604,0.5694812499999999
fixed/reference,civ-15,duration,intact,1,0.0,0.9817763680502767,0.5626252924999999
fixed/transition1,civ-15,duration,intact,1,0.0,0.9817763680502767,0.5626252924999999
fixed/transition2,civ-15,duration,intact,1,0.0,0.9817763680502767,0.5626252924999999
fixed/transition3,civ-15,duration,intact,1,0.0,0.9817763680502767,0.5626252924999999
oracle-boundary/absolute,civ-15,duration,intact,1,1.0,0.0009804805139614205,9.800000000392828e-07
oracle-boundary/present,civ-15,duration,intact,1,0.0,0.9817763680502767,0.5626252924999999
oracle-boundary/recency,civ-15,duration,intact,1,1.0,0.05024121643674679,0.0024500000000000632
oracle-boundary/reference,civ-15,duration,intact,1,1.0,0.0009804805139614205,9.800000000392828e-07
oracle-boundary/transition1,civ-15,duration,intact,1,0.0,0.69410764165507,0.50000048
oracle-boundary/transition2,civ-15,duration,intact,1,1.0,0.0009804805139614205,9.800000000392828e-07
oracle-boundary/transition3,civ-15,duration,intact,1,1.0,0.0009804805139614205,9.800000000392828e-07
streaming/absolute,civ-15,joint,intact,0,1.0,0.9817763680502767,0.5626252924999999
streaming/present,civ-15,joint,intact,0,1.0,0.9817763680502767,0.5626252924999999
streaming/recency,civ-15,joint,intact,0,0.0,6.907755278982137,1.90245
streaming/reference,civ-15,joint,intact,0,1.0,0.9817763680502767,0.5626252924999999
streaming/transition1,civ-15,joint,intact,0,0.0,10.819778284410283,1.99800098
streaming/transition2,civ-15,joint,intact,0,1.0,0.9817763680502767,0.5626252924999999
streaming/transition3,civ-15,joint,intact,0,1.0,0.9817763680502767,0.5626252924999999
fixed/absolute,civ-15,joint,intact,0,1.0,0.9817763680502767,0.5626252924999999
fixed/present,civ-15,joint,intact,0,1.0,0.9817763680502767,0.5626252924999999
fixed/recency,civ-15,joint,intact,0,1.0,1.0293194621721604,0.5694812499999999
fixed/reference,civ-15,joint,intact,0,1.0,0.9817763680502767,0.5626252924999999
fixed/transition1,civ-15,joint,intact,0,1.0,0.9817763680502767,0.5626252924999999
fixed/transition2,civ-15,joint,intact,0,1.0,0.9817763680502767,0.5626252924999999
fixed/transition3,civ-15,joint,intact,0,1.0,0.9817763680502767,0.5626252924999999
oracle-boundary/absolute,civ-15,joint,intact,0,1.0,0.0009804805139616427,9.800000000392828e-07
oracle-boundary/present,civ-15,joint,intact,0,1.0,0.9817763680502767,0.5626252924999999
oracle-boundary/recency,civ-15,joint,intact,0,1.0,0.05024121643674679,0.0024500000000000632
oracle-boundary/reference,civ-15,joint,intact,0,1.0,0.0009804805139616427,9.800000000392828e-07
oracle-boundary/transition1,civ-15,joint,intact,0,1.0,0.69410764165507,0.50000048
oracle-boundary/transition2,civ-15,joint,intact,0,1.0,0.0009804805139616427,9.800000000392828e-07
oracle-boundary/transition3,civ-15,joint,intact,0,1.0,0.0009804805139616427,9.800000000392828e-07
streaming/absolute,civ-15,joint,intact,1,0.0,0.9817763680502767,0.5626252924999999
streaming/present,civ-15,joint,intact,1,0.0,0.9817763680502767,0.5626252924999999
streaming/recency,civ-15,joint,intact,1,1.0,0.05024121643674679,0.0024500000000000632
streaming/reference,civ-15,joint,intact,1,0.0,0.9817763680502767,0.5626252924999999
streaming/transition1,civ-15,joint,intact,1,1.0,0.0009804805139614205,9.800000000392828e-07
streaming/transition2,civ-15,joint,intact,1,0.0,0.9817763680502767,0.5626252924999999
streaming/transition3,civ-15,joint,intact,1,0.0,0.9817763680502767,0.5626252924999999
fixed/absolute,civ-15,joint,intact,1,0.0,0.9817763680502767,0.5626252924999999
fixed/present,civ-15,joint,intact,1,0.0,0.9817763680502767,0.5626252924999999
fixed/recency,civ-15,joint,intact,1,0.0,1.0293194621721604,0.5694812499999999
fixed/reference,civ-15,joint,intact,1,0.0,0.9817763680502767,0.5626252924999999
fixed/transition1,civ-15,joint,intact,1,0.0,0.9817763680502767,0.5626252924999999
fixed/transition2,civ-15,joint,intact,1,0.0,0.9817763680502767,0.5626252924999999
fixed/transition3,civ-15,joint,intact,1,0.0,0.9817763680502767,0.5626252924999999
oracle-boundary/absolute,civ-15,joint,intact,1,1.0,0.0009804805139614205,9.800000000392828e-07
oracle-boundary/present,civ-15,joint,intact,1,0.0,0.9817763680502767,0.5626252924999999
oracle-boundary/recency,civ-15,joint,intact,1,1.0,0.05024121643674679,0.0024500000000000632
oracle-boundary/reference,civ-15,joint,intact,1,1.0,0.0009804805139614205,9.800000000392828e-07
oracle-boundary/transition1,civ-15,joint,intact,1,0.0,0.69410764165507,0.50000048
oracle-boundary/transition2,civ-15,joint,intact,1,1.0,0.0009804805139614205,9.800000000392828e-07
oracle-boundary/transition3,civ-15,joint,intact,1,1.0,0.0009804805139614205,9.800000000392828e-07
streaming/absolute,civ-15,joint,reset,0,1.0,0.9817763680502767,0.5626252924999999
streaming/present,civ-15,joint,reset,0,1.0,0.9817763680502767,0.5626252924999999
streaming/recency,civ-15,joint,reset,0,1.0,1.0293194621721604,0.5694812499999999
streaming/reference,civ-15,joint,reset,0,1.0,0.9817763680502767,0.5626252924999999
streaming/transition1,civ-15,joint,reset,0,1.0,0.9817763680502767,0.5626252924999999
streaming/transition2,civ-15,joint,reset,0,1.0,0.9817763680502767,0.5626252924999999
streaming/transition3,civ-15,joint,reset,0,1.0,0.9817763680502767,0.5626252924999999
fixed/absolute,civ-15,joint,reset,0,1.0,0.9817763680502767,0.5626252924999999
fixed/present,civ-15,joint,reset,0,1.0,0.9817763680502767,0.5626252924999999
fixed/recency,civ-15,joint,reset,0,1.0,1.0293194621721604,0.5694812499999999
fixed/reference,civ-15,joint,reset,0,1.0,0.9817763680502767,0.5626252924999999
fixed/transition1,civ-15,joint,reset,0,1.0,0.9817763680502767,0.5626252924999999
fixed/transition2,civ-15,joint,reset,0,1.0,0.9817763680502767,0.5626252924999999
fixed/transition3,civ-15,joint,reset,0,1.0,0.9817763680502767,0.5626252924999999
oracle-boundary/absolute,civ-15,joint,reset,0,1.0,0.9817763680502767,0.5626252924999999
oracle-boundary/present,civ-15,joint,reset,0,1.0,0.9817763680502767,0.5626252924999999
oracle-boundary/recency,civ-15,joint,reset,0,1.0,1.0293194621721604,0.5694812499999999
oracle-boundary/reference,civ-15,joint,reset,0,1.0,0.9817763680502767,0.5626252924999999
oracle-boundary/transition1,civ-15,joint,reset,0,1.0,0.9817763680502767,0.5626252924999999
oracle-boundary/transition2,civ-15,joint,reset,0,1.0,0.9817763680502767,0.5626252924999999
oracle-boundary/transition3,civ-15,joint,reset,0,1.0,0.9817763680502767,0.5626252924999999
streaming/absolute,civ-15,joint,reset,1,0.0,0.9817763680502767,0.5626252924999999
streaming/present,civ-15,joint,reset,1,0.0,0.9817763680502767,0.5626252924999999
streaming/recency,civ-15,joint,reset,1,0.0,1.0293194621721604,0.5694812499999999
streaming/reference,civ-15,joint,reset,1,0.0,0.9817763680502767,0.5626252924999999
streaming/transition1,civ-15,joint,reset,1,0.0,0.9817763680502767,0.5626252924999999
streaming/transition2,civ-15,joint,reset,1,0.0,0.9817763680502767,0.5626252924999999
streaming/transition3,civ-15,joint,reset,1,0.0,0.9817763680502767,0.5626252924999999
fixed/absolute,civ-15,joint,reset,1,0.0,0.9817763680502767,0.5626252924999999
fixed/present,civ-15,joint,reset,1,0.0,0.9817763680502767,0.5626252924999999
fixed/recency,civ-15,joint,reset,1,0.0,1.0293194621721604,0.5694812499999999
fixed/reference,civ-15,joint,reset,1,0.0,0.9817763680502767,0.5626252924999999
fixed/transition1,civ-15,joint,reset,1,0.0,0.9817763680502767,0.5626252924999999
fixed/transition2,civ-15,joint,reset,1,0.0,0.9817763680502767,0.5626252924999999
fixed/transition3,civ-15,joint,reset,1,0.0,0.9817763680502767,0.5626252924999999
oracle-boundary/absolute,civ-15,joint,reset,1,0.0,0.9817763680502767,0.5626252924999999
oracle-boundary/present,civ-15,joint,reset,1,0.0,0.9817763680502767,0.5626252924999999
oracle-boundary/recency,civ-15,joint,reset,1,0.0,1.0293194621721604,0.5694812499999999
oracle-boundary/reference,civ-15,joint,reset,1,0.0,0.9817763680502767,0.5626252924999999
oracle-boundary/transition1,civ-15,joint,reset,1,0.0,0.9817763680502767,0.5626252924999999
oracle-boundary/transition2,civ-15,joint,reset,1,0.0,0.9817763680502767,0.5626252924999999
oracle-boundary/transition3,civ-15,joint,reset,1,0.0,0.9817763680502767,0.5626252924999999
streaming/absolute,civ-15,joint,removal,0,1.0,0.9817763680502767,0.5626252924999999
streaming/present,civ-15,joint,removal,0,1.0,0.9817763680502767,0.5626252924999999
streaming/recency,civ-15,joint,removal,0,1.0,1.0293194621721604,0.5694812499999999
streaming/reference,civ-15,joint,removal,0,1.0,0.9817763680502767,0.5626252924999999
streaming/transition1,civ-15,joint,removal,0,1.0,0.9817763680502767,0.5626252924999999
streaming/transition2,civ-15,joint,removal,0,1.0,0.9817763680502767,0.5626252924999999
streaming/transition3,civ-15,joint,removal,0,1.0,0.9817763680502767,0.5626252924999999
fixed/absolute,civ-15,joint,removal,0,1.0,0.9817763680502767,0.5626252924999999
fixed/present,civ-15,joint,removal,0,1.0,0.9817763680502767,0.5626252924999999
fixed/recency,civ-15,joint,removal,0,1.0,1.0293194621721604,0.5694812499999999
fixed/reference,civ-15,joint,removal,0,1.0,0.9817763680502767,0.5626252924999999
fixed/transition1,civ-15,joint,removal,0,1.0,0.9817763680502767,0.5626252924999999
fixed/transition2,civ-15,joint,removal,0,1.0,0.9817763680502767,0.5626252924999999
fixed/transition3,civ-15,joint,removal,0,1.0,0.9817763680502767,0.5626252924999999
oracle-boundary/absolute,civ-15,joint,removal,0,1.0,0.9817763680502767,0.5626252924999999
oracle-boundary/present,civ-15,joint,removal,0,1.0,0.9817763680502767,0.5626252924999999
oracle-boundary/recency,civ-15,joint,removal,0,1.0,1.0293194621721604,0.5694812499999999
oracle-boundary/reference,civ-15,joint,removal,0,1.0,0.9817763680502767,0.5626252924999999
oracle-boundary/transition1,civ-15,joint,removal,0,1.0,0.9817763680502767,0.5626252924999999
oracle-boundary/transition2,civ-15,joint,removal,0,1.0,0.9817763680502767,0.5626252924999999
oracle-boundary/transition3,civ-15,joint,removal,0,1.0,0.9817763680502767,0.5626252924999999
streaming/absolute,civ-15,joint,removal,1,0.0,0.9817763680502767,0.5626252924999999
streaming/present,civ-15,joint,removal,1,0.0,0.9817763680502767,0.5626252924999999
streaming/recency,civ-15,joint,removal,1,0.0,1.0293194621721604,0.5694812499999999
streaming/reference,civ-15,joint,removal,1,0.0,0.9817763680502767,0.5626252924999999
streaming/transition1,civ-15,joint,removal,1,0.0,0.9817763680502767,0.5626252924999999
streaming/transition2,civ-15,joint,removal,1,0.0,0.9817763680502767,0.5626252924999999
streaming/transition3,civ-15,joint,removal,1,0.0,0.9817763680502767,0.5626252924999999
fixed/absolute,civ-15,joint,removal,1,0.0,0.9817763680502767,0.5626252924999999
fixed/present,civ-15,joint,removal,1,0.0,0.9817763680502767,0.5626252924999999
fixed/recency,civ-15,joint,removal,1,0.0,1.0293194621721604,0.5694812499999999
fixed/reference,civ-15,joint,removal,1,0.0,0.9817763680502767,0.5626252924999999
fixed/transition1,civ-15,joint,removal,1,0.0,0.9817763680502767,0.5626252924999999
fixed/transition2,civ-15,joint,removal,1,0.0,0.9817763680502767,0.5626252924999999
fixed/transition3,civ-15,joint,removal,1,0.0,0.9817763680502767,0.5626252924999999
oracle-boundary/absolute,civ-15,joint,removal,1,0.0,0.9817763680502767,0.5626252924999999
oracle-boundary/present,civ-15,joint,removal,1,0.0,0.9817763680502767,0.5626252924999999
oracle-boundary/recency,civ-15,joint,removal,1,0.0,1.0293194621721604,0.5694812499999999
oracle-boundary/reference,civ-15,joint,removal,1,0.0,0.9817763680502767,0.5626252924999999
oracle-boundary/transition1,civ-15,joint,removal,1,0.0,0.9817763680502767,0.5626252924999999
oracle-boundary/transition2,civ-15,joint,removal,1,0.0,0.9817763680502767,0.5626252924999999
oracle-boundary/transition3,civ-15,joint,removal,1,0.0,0.9817763680502767,0.5626252924999999
streaming/absolute,civ-15,joint,swap,0,0.0,0.9817763680502767,0.5626252924999999
streaming/present,civ-15,joint,swap,0,0.0,0.9817763680502767,0.5626252924999999
streaming/recency,civ-15,joint,swap,0,1.0,0.05024121643674679,0.0024500000000000632
streaming/reference,civ-15,joint,swap,0,0.0,0.9817763680502767,0.5626252924999999
streaming/transition1,civ-15,joint,swap,0,1.0,0.0009804805139614205,9.800000000392828e-07
streaming/transition2,civ-15,joint,swap,0,0.0,0.9817763680502767,0.5626252924999999
streaming/transition3,civ-15,joint,swap,0,0.0,0.9817763680502767,0.5626252924999999
fixed/absolute,civ-15,joint,swap,0,0.0,0.9817763680502767,0.5626252924999999
fixed/present,civ-15,joint,swap,0,0.0,0.9817763680502767,0.5626252924999999
fixed/recency,civ-15,joint,swap,0,0.0,1.0293194621721604,0.5694812499999999
fixed/reference,civ-15,joint,swap,0,0.0,0.9817763680502767,0.5626252924999999
fixed/transition1,civ-15,joint,swap,0,0.0,0.9817763680502767,0.5626252924999999
fixed/transition2,civ-15,joint,swap,0,0.0,0.9817763680502767,0.5626252924999999
fixed/transition3,civ-15,joint,swap,0,0.0,0.9817763680502767,0.5626252924999999
oracle-boundary/absolute,civ-15,joint,swap,0,1.0,0.0009804805139614205,9.800000000392828e-07
oracle-boundary/present,civ-15,joint,swap,0,0.0,0.9817763680502767,0.5626252924999999
oracle-boundary/recency,civ-15,joint,swap,0,1.0,0.05024121643674679,0.0024500000000000632
oracle-boundary/reference,civ-15,joint,swap,0,1.0,0.0009804805139614205,9.800000000392828e-07
oracle-boundary/transition1,civ-15,joint,swap,0,0.0,0.69410764165507,0.50000048
oracle-boundary/transition2,civ-15,joint,swap,0,1.0,0.0009804805139614205,9.800000000392828e-07
oracle-boundary/transition3,civ-15,joint,swap,0,1.0,0.0009804805139614205,9.800000000392828e-07
streaming/absolute,civ-15,joint,swap,1,1.0,0.9817763680502767,0.5626252924999999
streaming/present,civ-15,joint,swap,1,1.0,0.9817763680502767,0.5626252924999999
streaming/recency,civ-15,joint,swap,1,0.0,6.907755278982137,1.90245
streaming/reference,civ-15,joint,swap,1,1.0,0.9817763680502767,0.5626252924999999
streaming/transition1,civ-15,joint,swap,1,0.0,10.819778284410283,1.99800098
streaming/transition2,civ-15,joint,swap,1,1.0,0.9817763680502767,0.5626252924999999
streaming/transition3,civ-15,joint,swap,1,1.0,0.9817763680502767,0.5626252924999999
fixed/absolute,civ-15,joint,swap,1,1.0,0.9817763680502767,0.5626252924999999
fixed/present,civ-15,joint,swap,1,1.0,0.9817763680502767,0.5626252924999999
fixed/recency,civ-15,joint,swap,1,1.0,1.0293194621721604,0.5694812499999999
fixed/reference,civ-15,joint,swap,1,1.0,0.9817763680502767,0.5626252924999999
fixed/transition1,civ-15,joint,swap,1,1.0,0.9817763680502767,0.5626252924999999
fixed/transition2,civ-15,joint,swap,1,1.0,0.9817763680502767,0.5626252924999999
fixed/transition3,civ-15,joint,swap,1,1.0,0.9817763680502767,0.5626252924999999
oracle-boundary/absolute,civ-15,joint,swap,1,1.0,0.0009804805139616427,9.800000000392828e-07
oracle-boundary/present,civ-15,joint,swap,1,1.0,0.9817763680502767,0.5626252924999999
oracle-boundary/recency,civ-15,joint,swap,1,1.0,0.05024121643674679,0.0024500000000000632
oracle-boundary/reference,civ-15,joint,swap,1,1.0,0.0009804805139616427,9.800000000392828e-07
oracle-boundary/transition1,civ-15,joint,swap,1,1.0,0.69410764165507,0.50000048
oracle-boundary/transition2,civ-15,joint,swap,1,1.0,0.0009804805139616427,9.800000000392828e-07
oracle-boundary/transition3,civ-15,joint,swap,1,1.0,0.0009804805139616427,9.800000000392828e-07
streaming/absolute,civ-15,joint,shuffle,0,1.0,0.9817763680502767,0.5626252924999999
streaming/present,civ-15,joint,shuffle,0,1.0,0.9817763680502767,0.5626252924999999
streaming/recency,civ-15,joint,shuffle,0,0.0,6.907755278982137,1.90245
streaming/reference,civ-15,joint,shuffle,0,1.0,0.9817763680502767,0.5626252924999999
streaming/transition1,civ-15,joint,shuffle,0,0.0,10.819778284410283,1.99800098
streaming/transition2,civ-15,joint,shuffle,0,1.0,0.9817763680502767,0.5626252924999999
streaming/transition3,civ-15,joint,shuffle,0,1.0,0.9817763680502767,0.5626252924999999
fixed/absolute,civ-15,joint,shuffle,0,1.0,0.9817763680502767,0.5626252924999999
fixed/present,civ-15,joint,shuffle,0,1.0,0.9817763680502767,0.5626252924999999
fixed/recency,civ-15,joint,shuffle,0,1.0,1.0293194621721604,0.5694812499999999
fixed/reference,civ-15,joint,shuffle,0,1.0,0.9817763680502767,0.5626252924999999
fixed/transition1,civ-15,joint,shuffle,0,1.0,0.9817763680502767,0.5626252924999999
fixed/transition2,civ-15,joint,shuffle,0,1.0,0.9817763680502767,0.5626252924999999
fixed/transition3,civ-15,joint,shuffle,0,1.0,0.9817763680502767,0.5626252924999999
oracle-boundary/absolute,civ-15,joint,shuffle,0,1.0,0.0009804805139616427,9.800000000392828e-07
oracle-boundary/present,civ-15,joint,shuffle,0,1.0,0.9817763680502767,0.5626252924999999
oracle-boundary/recency,civ-15,joint,shuffle,0,0.0,6.907755278982137,1.90245
oracle-boundary/reference,civ-15,joint,shuffle,0,1.0,0.0009804805139616427,9.800000000392828e-07
oracle-boundary/transition1,civ-15,joint,shuffle,0,1.0,0.69410764165507,0.50000048
oracle-boundary/transition2,civ-15,joint,shuffle,0,1.0,0.0009804805139616427,9.800000000392828e-07
oracle-boundary/transition3,civ-15,joint,shuffle,0,1.0,0.0009804805139616427,9.800000000392828e-07
streaming/absolute,civ-15,joint,shuffle,1,0.0,0.9817763680502767,0.5626252924999999
streaming/present,civ-15,joint,shuffle,1,0.0,0.9817763680502767,0.5626252924999999
streaming/recency,civ-15,joint,shuffle,1,1.0,0.05024121643674679,0.0024500000000000632
streaming/reference,civ-15,joint,shuffle,1,0.0,0.9817763680502767,0.5626252924999999
streaming/transition1,civ-15,joint,shuffle,1,1.0,0.0009804805139614205,9.800000000392828e-07
streaming/transition2,civ-15,joint,shuffle,1,0.0,0.9817763680502767,0.5626252924999999
streaming/transition3,civ-15,joint,shuffle,1,0.0,0.9817763680502767,0.5626252924999999
fixed/absolute,civ-15,joint,shuffle,1,0.0,0.9817763680502767,0.5626252924999999
fixed/present,civ-15,joint,shuffle,1,0.0,0.9817763680502767,0.5626252924999999
fixed/recency,civ-15,joint,shuffle,1,0.0,1.0293194621721604,0.5694812499999999
fixed/reference,civ-15,joint,shuffle,1,0.0,0.9817763680502767,0.5626252924999999
fixed/transition1,civ-15,joint,shuffle,1,0.0,0.9817763680502767,0.5626252924999999
fixed/transition2,civ-15,joint,shuffle,1,0.0,0.9817763680502767,0.5626252924999999
fixed/transition3,civ-15,joint,shuffle,1,0.0,0.9817763680502767,0.5626252924999999
oracle-boundary/absolute,civ-15,joint,shuffle,1,1.0,0.0009804805139614205,9.800000000392828e-07
oracle-boundary/present,civ-15,joint,shuffle,1,0.0,0.9817763680502767,0.5626252924999999
oracle-boundary/recency,civ-15,joint,shuffle,1,0.0,6.907755278982137,1.90245
oracle-boundary/reference,civ-15,joint,shuffle,1,1.0,0.0009804805139614205,9.800000000392828e-07
oracle-boundary/transition1,civ-15,joint,shuffle,1,0.0,0.69410764165507,0.50000048
oracle-boundary/transition2,civ-15,joint,shuffle,1,1.0,0.0009804805139614205,9.800000000392828e-07
oracle-boundary/transition3,civ-15,joint,shuffle,1,1.0,0.0009804805139614205,9.800000000392828e-07
streaming/absolute,civ-15,joint,ambiguous,0,1.0,0.9817763680502767,0.5626252924999999
streaming/present,civ-15,joint,ambiguous,0,1.0,0.9817763680502767,0.5626252924999999
streaming/recency,civ-15,joint,ambiguous,0,0.0,3.4789982477094417,0.95245
streaming/reference,civ-15,joint,ambiguous,0,1.0,0.9817763680502767,0.5626252924999999
streaming/transition1,civ-15,joint,ambiguous,0,0.0,5.410379382462122,0.9990009799999999
streaming/transition2,civ-15,joint,ambiguous,0,1.0,0.9817763680502767,0.5626252924999999
streaming/transition3,civ-15,joint,ambiguous,0,1.0,0.9817763680502767,0.5626252924999999
fixed/absolute,civ-15,joint,ambiguous,0,1.0,0.9817763680502767,0.5626252924999999
fixed/present,civ-15,joint,ambiguous,0,1.0,0.9817763680502767,0.5626252924999999
fixed/recency,civ-15,joint,ambiguous,0,1.0,1.0293194621721604,0.5694812499999999
fixed/reference,civ-15,joint,ambiguous,0,1.0,0.9817763680502767,0.5626252924999999
fixed/transition1,civ-15,joint,ambiguous,0,1.0,0.9817763680502767,0.5626252924999999
fixed/transition2,civ-15,joint,ambiguous,0,1.0,0.9817763680502767,0.5626252924999999
fixed/transition3,civ-15,joint,ambiguous,0,1.0,0.9817763680502767,0.5626252924999999
oracle-boundary/absolute,civ-15,joint,ambiguous,0,1.0,0.69410764165507,0.50000048
oracle-boundary/present,civ-15,joint,ambiguous,0,1.0,0.9817763680502767,0.5626252924999999
oracle-boundary/recency,civ-15,joint,ambiguous,0,1.0,3.4789982477094417,0.95245
oracle-boundary/reference,civ-15,joint,ambiguous,0,1.0,0.69410764165507,0.50000048
oracle-boundary/transition1,civ-15,joint,ambiguous,0,1.0,0.69410764165507,0.50000048
oracle-boundary/transition2,civ-15,joint,ambiguous,0,1.0,0.69410764165507,0.50000048
oracle-boundary/transition3,civ-15,joint,ambiguous,0,1.0,0.69410764165507,0.50000048
streaming/absolute,civ-15,joint,ambiguous,1,0.0,0.9817763680502767,0.5626252924999999
streaming/present,civ-15,joint,ambiguous,1,0.0,0.9817763680502767,0.5626252924999999
streaming/recency,civ-15,joint,ambiguous,1,1.0,3.4789982477094417,0.95245
streaming/reference,civ-15,joint,ambiguous,1,0.0,0.9817763680502767,0.5626252924999999
streaming/transition1,civ-15,joint,ambiguous,1,1.0,5.410379382462122,0.9990009799999999
streaming/transition2,civ-15,joint,ambiguous,1,0.0,0.9817763680502767,0.5626252924999999
streaming/transition3,civ-15,joint,ambiguous,1,0.0,0.9817763680502767,0.5626252924999999
fixed/absolute,civ-15,joint,ambiguous,1,0.0,0.9817763680502767,0.5626252924999999
fixed/present,civ-15,joint,ambiguous,1,0.0,0.9817763680502767,0.5626252924999999
fixed/recency,civ-15,joint,ambiguous,1,0.0,1.0293194621721604,0.5694812499999999
fixed/reference,civ-15,joint,ambiguous,1,0.0,0.9817763680502767,0.5626252924999999
fixed/transition1,civ-15,joint,ambiguous,1,0.0,0.9817763680502767,0.5626252924999999
fixed/transition2,civ-15,joint,ambiguous,1,0.0,0.9817763680502767,0.5626252924999999
fixed/transition3,civ-15,joint,ambiguous,1,0.0,0.9817763680502767,0.5626252924999999
oracle-boundary/absolute,civ-15,joint,ambiguous,1,0.0,0.69410764165507,0.50000048
oracle-boundary/present,civ-15,joint,ambiguous,1,0.0,0.9817763680502767,0.5626252924999999
oracle-boundary/recency,civ-15,joint,ambiguous,1,0.0,3.4789982477094417,0.95245
oracle-boundary/reference,civ-15,joint,ambiguous,1,0.0,0.69410764165507,0.50000048
oracle-boundary/transition1,civ-15,joint,ambiguous,1,0.0,0.69410764165507,0.50000048
oracle-boundary/transition2,civ-15,joint,ambiguous,1,0.0,0.69410764165507,0.50000048
oracle-boundary/transition3,civ-15,joint,ambiguous,1,0.0,0.69410764165507,0.50000048
