split,length,family,n_available,feature,mean_raw_feature,mean_logit_contribution,frozen_intercept,mean_reconstructed_logit
calibration,4,delete_closed,2,cost,0.20002766770999406,0.004272828971997817,-7.356364000313694,3.5002697791780966
calibration,4,delete_closed,2,matched_log,1.3862943611198906,-0.20693137815060034,-7.356364000313694,3.5002697791780966
calibration,4,delete_closed,2,reference_coverage,0.75,0.7489865193397781,-7.356364000313694,3.5002697791780966
calibration,4,delete_closed,2,query_coverage,1.0,2.2784448194846703,-7.356364000313694,3.5002697791780966
calibration,4,delete_closed,2,mean_pitch_loss,0.0,0.001650201694551244,-7.356364000313694,3.5002697791780966
calibration,4,delete_closed,2,exact_pitch_fraction,1.0,3.369081528900875,-7.356364000313694,3.5002697791780966
calibration,4,delete_closed,2,mean_timing_loss,0.03337022361332542,0.0017566275423979406,-7.356364000313694,3.5002697791780966
calibration,4,delete_closed,2,missing_fraction,0.25,0.7489865193397824,-7.356364000313694,3.5002697791780966
calibration,4,delete_closed,2,inserted_fraction,0.0,2.27844481948467,-7.356364000313694,3.5002697791780966
calibration,4,delete_closed,2,unreliable_query_fraction,0.0,0.0814702909182707,-7.356364000313694,3.5002697791780966
calibration,4,delete_closed,2,reference_log,1.6094379124341003,0.6509790106976309,-7.356364000313694,3.5002697791780966
calibration,4,delete_closed,2,query_log,1.3862943611198906,0.8994919912677667,-7.356364000313694,3.5002697791780966
calibration,4,delete_insert,2,cost,0.35,0.0037492927973327137,-7.356364000313694,-0.2654208755846872
calibration,4,delete_insert,2,matched_log,1.3862943611198906,-0.20693137815060034,-7.356364000313694,-0.2654208755846872
calibration,4,delete_insert,2,reference_coverage,0.75,0.7489865193397781,-7.356364000313694,-0.2654208755846872
calibration,4,delete_insert,2,query_coverage,0.75,0.5719918975343788,-7.356364000313694,-0.2654208755846872
calibration,4,delete_insert,2,mean_pitch_loss,0.0,0.001650201694551244,-7.356364000313694,-0.2654208755846872
calibration,4,delete_insert,2,exact_pitch_fraction,1.0,3.369081528900875,-7.356364000313694,-0.2654208755846872
calibration,4,delete_insert,2,mean_timing_loss,0.0,0.0018249668582446337,-7.356364000313694,-0.2654208755846872
calibration,4,delete_insert,2,missing_fraction,0.25,0.7489865193397824,-7.356364000313694,-0.2654208755846872
calibration,4,delete_insert,2,inserted_fraction,0.25,0.5719918975343743,-7.356364000313694,-0.2654208755846872
calibration,4,delete_insert,2,unreliable_query_fraction,0.0,0.0814702909182707,-7.356364000313694,-0.2654208755846872
calibration,4,delete_insert,2,reference_log,1.6094379124341003,0.6509790106976309,-7.356364000313694,-0.2654208755846872
calibration,4,delete_insert,2,query_log,1.6094379124341003,0.5471623772643888,-7.356364000313694,-0.2654208755846872
calibration,4,delete_rest,2,cost,0.175,0.004360197683370138,-7.356364000313694,3.500425487205315
calibration,4,delete_rest,2,matched_log,1.3862943611198906,-0.20693137815060034,-7.356364000313694,3.500425487205315
calibration,4,delete_rest,2,reference_coverage,0.75,0.7489865193397781,-7.356364000313694,3.500425487205315
calibration,4,delete_rest,2,query_coverage,1.0,2.2784448194846703,-7.356364000313694,3.500425487205315
calibration,4,delete_rest,2,mean_pitch_loss,0.0,0.001650201694551244,-7.356364000313694,3.500425487205315
calibration,4,delete_rest,2,exact_pitch_fraction,1.0,3.369081528900875,-7.356364000313694,3.500425487205315
calibration,4,delete_rest,2,mean_timing_loss,0.0,0.0018249668582446337,-7.356364000313694,3.500425487205315
calibration,4,delete_rest,2,missing_fraction,0.25,0.7489865193397824,-7.356364000313694,3.500425487205315
calibration,4,delete_rest,2,inserted_fraction,0.0,2.27844481948467,-7.356364000313694,3.500425487205315
calibration,4,delete_rest,2,unreliable_query_fraction,0.0,0.0814702909182707,-7.356364000313694,3.500425487205315
calibration,4,delete_rest,2,reference_log,1.6094379124341003,0.6509790106976309,-7.356364000313694,3.500425487205315
calibration,4,delete_rest,2,query_log,1.3862943611198906,0.8994919912677667,-7.356364000313694,3.500425487205315
calibration,4,delete_two,2,cost,0.35,0.0037492927973327137,-7.356364000313694,1.0292247145785138
calibration,4,delete_two,2,matched_log,1.0986122886681098,-0.49579030343930713,-7.356364000313694,1.0292247145785138
calibration,4,delete_two,2,reference_coverage,0.5,-0.5689948890165639,-7.356364000313694,1.0292247145785138
calibration,4,delete_two,2,query_coverage,1.0,2.2784448194846703,-7.356364000313694,1.0292247145785138
calibration,4,delete_two,2,mean_pitch_loss,0.0,0.001650201694551244,-7.356364000313694,1.0292247145785138
calibration,4,delete_two,2,exact_pitch_fraction,1.0,3.369081528900875,-7.356364000313694,1.0292247145785138
calibration,4,delete_two,2,mean_timing_loss,0.0,0.0018249668582446337,-7.356364000313694,1.0292247145785138
calibration,4,delete_two,2,missing_fraction,0.5,-0.5689948890165688,-7.356364000313694,1.0292247145785138
calibration,4,delete_two,2,inserted_fraction,0.0,2.27844481948467,-7.356364000313694,1.0292247145785138
calibration,4,delete_two,2,unreliable_query_fraction,0.0,0.0814702909182707,-7.356364000313694,1.0292247145785138
calibration,4,delete_two,2,reference_log,1.6094379124341003,0.6509790106976309,-7.356364000313694,1.0292247145785138
calibration,4,delete_two,2,query_log,1.0986122886681098,1.3537238655284018,-7.356364000313694,1.0292247145785138
calibration,4,detune,2,cost,0.05613825619220734,0.004775130369399333,-7.356364000313694,2.3935285383201004
calibration,4,detune,2,matched_log,1.6094379124341003,0.017125011141894908,-7.356364000313694,2.3935285383201004
calibration,4,detune,2,reference_coverage,1.0,2.06696792769612,-7.356364000313694,2.3935285383201004
calibration,4,detune,2,query_coverage,1.0,2.2784448194846703,-7.356364000313694,2.3935285383201004
calibration,4,detune,2,mean_pitch_loss,0.05613825619220734,0.001553333422539352,-7.356364000313694,2.3935285383201004
calibration,4,detune,2,exact_pitch_fraction,0.75,-0.24582307640016554,-7.356364000313694,2.3935285383201004
calibration,4,detune,2,mean_timing_loss,0.0,0.0018249668582446337,-7.356364000313694,2.3935285383201004
calibration,4,detune,2,missing_fraction,0.0,2.0669679276961337,-7.356364000313694,2.3935285383201004
calibration,4,detune,2,inserted_fraction,0.0,2.27844481948467,-7.356364000313694,2.3935285383201004
calibration,4,detune,2,unreliable_query_fraction,0.0,0.0814702909182707,-7.356364000313694,2.3935285383201004
calibration,4,detune,2,reference_log,1.6094379124341003,0.6509790106976309,-7.356364000313694,2.3935285383201004
calibration,4,detune,2,query_log,1.6094379124341003,0.5471623772643888,-7.356364000313694,2.3935285383201004
calibration,4,exact,2,cost,0.0,0.004971102569407562,-7.356364000313694,6.00872598409316
calibration,4,exact,2,matched_log,1.6094379124341003,0.017125011141894908,-7.356364000313694,6.00872598409316
calibration,4,exact,2,reference_coverage,1.0,2.06696792769612,-7.356364000313694,6.00872598409316
calibration,4,exact,2,query_coverage,1.0,2.2784448194846703,-7.356364000313694,6.00872598409316
calibration,4,exact,2,mean_pitch_loss,0.0,0.001650201694551244,-7.356364000313694,6.00872598409316
calibration,4,exact,2,exact_pitch_fraction,1.0,3.369081528900875,-7.356364000313694,6.00872598409316
calibration,4,exact,2,mean_timing_loss,0.0,0.0018249668582446337,-7.356364000313694,6.00872598409316
calibration,4,exact,2,missing_fraction,0.0,2.0669679276961337,-7.356364000313694,6.00872598409316
calibration,4,exact,2,inserted_fraction,0.0,2.27844481948467,-7.356364000313694,6.00872598409316
calibration,4,exact,2,unreliable_query_fraction,0.0,0.0814702909182707,-7.356364000313694,6.00872598409316
calibration,4,exact,2,reference_log,1.6094379124341003,0.6509790106976309,-7.356364000313694,6.00872598409316
calibration,4,exact,2,query_log,1.6094379124341003,0.5471623772643888,-7.356364000313694,6.00872598409316
calibration,4,insert,2,cost,0.13999999999999999,0.004482378660577623,-7.356364000313694,2.9900383294495656
calibration,4,insert,2,matched_log,1.6094379124341003,0.017125011141894908,-7.356364000313694,2.9900383294495656
calibration,4,insert,2,reference_coverage,1.0,2.06696792769612,-7.356364000313694,2.9900383294495656
calibration,4,insert,2,query_coverage,0.8,0.9132824819244374,-7.356364000313694,2.9900383294495656
calibration,4,insert,2,mean_pitch_loss,0.0,0.001650201694551244,-7.356364000313694,2.9900383294495656
calibration,4,insert,2,exact_pitch_fraction,1.0,3.369081528900875,-7.356364000313694,2.9900383294495656
calibration,4,insert,2,mean_timing_loss,0.0,0.0018249668582446337,-7.356364000313694,2.9900383294495656
calibration,4,insert,2,missing_fraction,0.0,2.0669679276961337,-7.356364000313694,2.9900383294495656
calibration,4,insert,2,inserted_fraction,0.2,0.9132824819244333,-7.356364000313694,2.9900383294495656
calibration,4,insert,2,unreliable_query_fraction,0.0,0.0814702909182707,-7.356364000313694,2.9900383294495656
calibration,4,insert,2,reference_log,1.6094379124341003,0.6509790106976309,-7.356364000313694,2.9900383294495656
calibration,4,insert,2,query_log,1.791759469228055,0.259288121650091,-7.356364000313694,2.9900383294495656
calibration,4,legitimate_rest,2,cost,0.023346781991342724,0.004889601636883208,-7.356364000313694,6.008596670981524
calibration,4,legitimate_rest,2,matched_log,1.6094379124341003,0.017125011141894908,-7.356364000313694,6.008596670981524
calibration,4,legitimate_rest,2,reference_coverage,1.0,2.06696792769612,-7.356364000313694,6.008596670981524
calibration,4,legitimate_rest,2,query_coverage,1.0,2.2784448194846703,-7.356364000313694,6.008596670981524
calibration,4,legitimate_rest,2,mean_pitch_loss,0.0,0.001650201694551244,-7.356364000313694,6.008596670981524
calibration,4,legitimate_rest,2,exact_pitch_fraction,1.0,3.369081528900875,-7.356364000313694,6.008596670981524
calibration,4,legitimate_rest,2,mean_timing_loss,0.023346781991342724,0.0017771546791295635,-7.356364000313694,6.008596670981524
calibration,4,legitimate_rest,2,missing_fraction,0.0,2.0669679276961337,-7.356364000313694,6.008596670981524
calibration,4,legitimate_rest,2,inserted_fraction,0.0,2.27844481948467,-7.356364000313694,6.008596670981524
calibration,4,legitimate_rest,2,unreliable_query_fraction,0.0,0.0814702909182707,-7.356364000313694,6.008596670981524
calibration,4,legitimate_rest,2,reference_log,1.6094379124341003,0.6509790106976309,-7.356364000313694,6.008596670981524
calibration,4,legitimate_rest,2,query_log,1.6094379124341003,0.5471623772643888,-7.356364000313694,6.008596670981524
calibration,4,mask_absent,2,cost,0.175,0.004360197683370138,-7.356364000313694,2.8750036763380082
calibration,4,mask_absent,2,matched_log,1.3862943611198906,-0.20693137815060034,-7.356364000313694,2.8750036763380082
calibration,4,mask_absent,2,reference_coverage,0.75,0.7489865193397781,-7.356364000313694,2.8750036763380082
calibration,4,mask_absent,2,query_coverage,1.0,2.2784448194846703,-7.356364000313694,2.8750036763380082
calibration,4,mask_absent,2,mean_pitch_loss,0.0,0.001650201694551244,-7.356364000313694,2.8750036763380082
calibration,4,mask_absent,2,exact_pitch_fraction,1.0,3.369081528900875,-7.356364000313694,2.8750036763380082
calibration,4,mask_absent,2,mean_timing_loss,0.0,0.0018249668582446337,-7.356364000313694,2.8750036763380082
calibration,4,mask_absent,2,missing_fraction,0.25,0.7489865193397824,-7.356364000313694,2.8750036763380082
calibration,4,mask_absent,2,inserted_fraction,0.0,2.27844481948467,-7.356364000313694,2.8750036763380082
calibration,4,mask_absent,2,unreliable_query_fraction,0.25,-0.5439515199490366,-7.356364000313694,2.8750036763380082
calibration,4,mask_absent,2,reference_log,1.6094379124341003,0.6509790106976309,-7.356364000313694,2.8750036763380082
calibration,4,mask_absent,2,query_log,1.3862943611198906,0.8994919912677667,-7.356364000313694,2.8750036763380082
calibration,4,mask_present,2,cost,0.175,0.004360197683370138,-7.356364000313694,2.8750036763380082
calibration,4,mask_present,2,matched_log,1.3862943611198906,-0.20693137815060034,-7.356364000313694,2.8750036763380082
calibration,4,mask_present,2,reference_coverage,0.75,0.7489865193397781,-7.356364000313694,2.8750036763380082
calibration,4,mask_present,2,query_coverage,1.0,2.2784448194846703,-7.356364000313694,2.8750036763380082
calibration,4,mask_present,2,mean_pitch_loss,0.0,0.001650201694551244,-7.356364000313694,2.8750036763380082
calibration,4,mask_present,2,exact_pitch_fraction,1.0,3.369081528900875,-7.356364000313694,2.8750036763380082
calibration,4,mask_present,2,mean_timing_loss,0.0,0.0018249668582446337,-7.356364000313694,2.8750036763380082
calibration,4,mask_present,2,missing_fraction,0.25,0.7489865193397824,-7.356364000313694,2.8750036763380082
calibration,4,mask_present,2,inserted_fraction,0.0,2.27844481948467,-7.356364000313694,2.8750036763380082
calibration,4,mask_present,2,unreliable_query_fraction,0.25,-0.5439515199490366,-7.356364000313694,2.8750036763380082
calibration,4,mask_present,2,reference_log,1.6094379124341003,0.6509790106976309,-7.356364000313694,2.8750036763380082
calibration,4,mask_present,2,query_log,1.3862943611198906,0.8994919912677667,-7.356364000313694,2.8750036763380082
calibration,4,merged,2,cost,0.35,0.0037492927973327137,-7.356364000313694,0.19532896675543743
calibration,4,merged,2,matched_log,1.0986122886681098,-0.49579030343930713,-7.356364000313694,0.19532896675543743
calibration,4,merged,2,reference_coverage,0.5,-0.5689948890165639,-7.356364000313694,0.19532896675543743
calibration,4,merged,2,query_coverage,1.0,2.2784448194846703,-7.356364000313694,0.19532896675543743
calibration,4,merged,2,mean_pitch_loss,0.0,0.001650201694551244,-7.356364000313694,0.19532896675543743
calibration,4,merged,2,exact_pitch_fraction,1.0,3.369081528900875,-7.356364000313694,0.19532896675543743
calibration,4,merged,2,mean_timing_loss,0.0,0.0018249668582446337,-7.356364000313694,0.19532896675543743
calibration,4,merged,2,missing_fraction,0.5,-0.5689948890165688,-7.356364000313694,0.19532896675543743
calibration,4,merged,2,inserted_fraction,0.0,2.27844481948467,-7.356364000313694,0.19532896675543743
calibration,4,merged,2,unreliable_query_fraction,0.33333333333333337,-0.7524254569048057,-7.356364000313694,0.19532896675543743
calibration,4,merged,2,reference_log,1.6094379124341003,0.6509790106976309,-7.356364000313694,0.19532896675543743
calibration,4,merged,2,query_log,1.0986122886681098,1.3537238655284018,-7.356364000313694,0.19532896675543743
calibration,4,substitute,2,cost,0.35,0.0037492927973327137,-7.356364000313694,-0.2654208755846872
calibration,4,substitute,2,matched_log,1.3862943611198906,-0.20693137815060034,-7.356364000313694,-0.2654208755846872
calibration,4,substitute,2,reference_coverage,0.75,0.7489865193397781,-7.356364000313694,-0.2654208755846872
calibration,4,substitute,2,query_coverage,0.75,0.5719918975343788,-7.356364000313694,-0.2654208755846872
calibration,4,substitute,2,mean_pitch_loss,0.0,0.001650201694551244,-7.356364000313694,-0.2654208755846872
calibration,4,substitute,2,exact_pitch_fraction,1.0,3.369081528900875,-7.356364000313694,-0.2654208755846872
calibration,4,substitute,2,mean_timing_loss,0.0,0.0018249668582446337,-7.356364000313694,-0.2654208755846872
calibration,4,substitute,2,missing_fraction,0.25,0.7489865193397824,-7.356364000313694,-0.2654208755846872
calibration,4,substitute,2,inserted_fraction,0.25,0.5719918975343743,-7.356364000313694,-0.2654208755846872
calibration,4,substitute,2,unreliable_query_fraction,0.0,0.0814702909182707,-7.356364000313694,-0.2654208755846872
calibration,4,substitute,2,reference_log,1.6094379124341003,0.6509790106976309,-7.356364000313694,-0.2654208755846872
calibration,4,substitute,2,query_log,1.6094379124341003,0.5471623772643888,-7.356364000313694,-0.2654208755846872
calibration,4,timing,2,cost,0.013746186229106064,0.004923116213226183,-7.356364000313694,6.00864984674305
calibration,4,timing,2,matched_log,1.6094379124341003,0.017125011141894908,-7.356364000313694,6.00864984674305
calibration,4,timing,2,reference_coverage,1.0,2.06696792769612,-7.356364000313694,6.00864984674305
calibration,4,timing,2,query_coverage,1.0,2.2784448194846703,-7.356364000313694,6.00864984674305
calibration,4,timing,2,mean_pitch_loss,0.0,0.001650201694551244,-7.356364000313694,6.00864984674305
calibration,4,timing,2,exact_pitch_fraction,1.0,3.369081528900875,-7.356364000313694,6.00864984674305
calibration,4,timing,2,mean_timing_loss,0.013746186229106064,0.0017968158643141279,-7.356364000313694,6.00864984674305
calibration,4,timing,2,missing_fraction,0.0,2.0669679276961337,-7.356364000313694,6.00864984674305
calibration,4,timing,2,inserted_fraction,0.0,2.27844481948467,-7.356364000313694,6.00864984674305
calibration,4,timing,2,unreliable_query_fraction,0.0,0.0814702909182707,-7.356364000313694,6.00864984674305
calibration,4,timing,2,reference_log,1.6094379124341003,0.6509790106976309,-7.356364000313694,6.00864984674305
calibration,4,timing,2,query_log,1.6094379124341003,0.5471623772643888,-7.356364000313694,6.00864984674305
calibration,4,transpose,2,cost,0.0,0.004971102569407562,-7.356364000313694,6.00872598409316
calibration,4,transpose,2,matched_log,1.6094379124341003,0.017125011141894908,-7.356364000313694,6.00872598409316
calibration,4,transpose,2,reference_coverage,1.0,2.06696792769612,-7.356364000313694,6.00872598409316
calibration,4,transpose,2,query_coverage,1.0,2.2784448194846703,-7.356364000313694,6.00872598409316
calibration,4,transpose,2,mean_pitch_loss,0.0,0.001650201694551244,-7.356364000313694,6.00872598409316
calibration,4,transpose,2,exact_pitch_fraction,1.0,3.369081528900875,-7.356364000313694,6.00872598409316
calibration,4,transpose,2,mean_timing_loss,0.0,0.0018249668582446337,-7.356364000313694,6.00872598409316
calibration,4,transpose,2,missing_fraction,0.0,2.0669679276961337,-7.356364000313694,6.00872598409316
calibration,4,transpose,2,inserted_fraction,0.0,2.27844481948467,-7.356364000313694,6.00872598409316
calibration,4,transpose,2,unreliable_query_fraction,0.0,0.0814702909182707,-7.356364000313694,6.00872598409316
calibration,4,transpose,2,reference_log,1.6094379124341003,0.6509790106976309,-7.356364000313694,6.00872598409316
calibration,4,transpose,2,query_log,1.6094379124341003,0.5471623772643888,-7.356364000313694,6.00872598409316
calibration,4,weak_present,2,cost,0.175,0.004360197683370138,-7.356364000313694,3.500425487205315
calibration,4,weak_present,2,matched_log,1.3862943611198906,-0.20693137815060034,-7.356364000313694,3.500425487205315
calibration,4,weak_present,2,reference_coverage,0.75,0.7489865193397781,-7.356364000313694,3.500425487205315
calibration,4,weak_present,2,query_coverage,1.0,2.2784448194846703,-7.356364000313694,3.500425487205315
calibration,4,weak_present,2,mean_pitch_loss,0.0,0.001650201694551244,-7.356364000313694,3.500425487205315
calibration,4,weak_present,2,exact_pitch_fraction,1.0,3.369081528900875,-7.356364000313694,3.500425487205315
calibration,4,weak_present,2,mean_timing_loss,0.0,0.0018249668582446337,-7.356364000313694,3.500425487205315
calibration,4,weak_present,2,missing_fraction,0.25,0.7489865193397824,-7.356364000313694,3.500425487205315
calibration,4,weak_present,2,inserted_fraction,0.0,2.27844481948467,-7.356364000313694,3.500425487205315
calibration,4,weak_present,2,unreliable_query_fraction,0.0,0.0814702909182707,-7.356364000313694,3.500425487205315
calibration,4,weak_present,2,reference_log,1.6094379124341003,0.6509790106976309,-7.356364000313694,3.500425487205315
calibration,4,weak_present,2,query_log,1.3862943611198906,0.8994919912677667,-7.356364000313694,3.500425487205315
calibration,6,delete_closed,2,cost,0.15258939903088567,0.004438430515547664,-7.356364000313694,3.626412948160687
calibration,6,delete_closed,2,matched_log,1.791759469228055,0.2001924108711326,-7.356364000313694,3.626412948160687
calibration,6,delete_closed,2,reference_coverage,0.8333333333333334,1.188313655458559,-7.356364000313694,3.626412948160687
calibration,6,delete_closed,2,query_coverage,1.0,2.2784448194846703,-7.356364000313694,3.626412948160687
calibration,6,delete_closed,2,mean_pitch_loss,0.0,0.001650201694551244,-7.356364000313694,3.626412948160687
calibration,6,delete_closed,2,exact_pitch_fraction,1.0,3.369081528900875,-7.356364000313694,3.626412948160687
calibration,6,delete_closed,2,mean_timing_loss,0.04310727883706282,0.0017366869001037137,-7.356364000313694,3.626412948160687
calibration,6,delete_closed,2,missing_fraction,0.16666666666666666,1.1883136554585663,-7.356364000313694,3.626412948160687
calibration,6,delete_closed,2,inserted_fraction,0.0,2.27844481948467,-7.356364000313694,3.626412948160687
calibration,6,delete_closed,2,unreliable_query_fraction,0.0,0.0814702909182707,-7.356364000313694,3.626412948160687
calibration,6,delete_closed,2,reference_log,1.9459101490553132,0.1314023271373463,-7.356364000313694,3.626412948160687
calibration,6,delete_closed,2,query_log,1.791759469228055,0.259288121650091,-7.356364000313694,3.626412948160687
calibration,6,delete_insert,2,cost,0.2333333333333333,0.004156562721357664,-7.356364000313694,1.1075545826459932
calibration,6,delete_insert,2,matched_log,1.791759469228055,0.2001924108711326,-7.356364000313694,1.1075545826459932
calibration,6,delete_insert,2,reference_coverage,0.8333333333333334,1.188313655458559,-7.356364000313694,1.1075545826459932
calibration,6,delete_insert,2,query_coverage,0.8333333333333334,1.1408095381844763,-7.356364000313694,1.1075545826459932
calibration,6,delete_insert,2,mean_pitch_loss,0.0,0.001650201694551244,-7.356364000313694,1.1075545826459932
calibration,6,delete_insert,2,exact_pitch_fraction,1.0,3.369081528900875,-7.356364000313694,1.1075545826459932
calibration,6,delete_insert,2,mean_timing_loss,0.0,0.0018249668582446337,-7.356364000313694,1.1075545826459932
calibration,6,delete_insert,2,missing_fraction,0.16666666666666666,1.1883136554585663,-7.356364000313694,1.1075545826459932
calibration,6,delete_insert,2,inserted_fraction,0.16666666666666666,1.1408095381844727,-7.356364000313694,1.1075545826459932
calibration,6,delete_insert,2,unreliable_query_fraction,0.0,0.0814702909182707,-7.356364000313694,1.1075545826459932
calibration,6,delete_insert,2,reference_log,1.9459101490553132,0.1314023271373463,-7.356364000313694,1.1075545826459932
calibration,6,delete_insert,2,query_log,1.9459101490553132,0.015893906571836917,-7.356364000313694,1.1075545826459932
calibration,6,delete_rest,2,cost,0.11666666666666665,0.004563832645382612,-7.356364000313694,3.6266266302486647
calibration,6,delete_rest,2,matched_log,1.791759469228055,0.2001924108711326,-7.356364000313694,3.6266266302486647
calibration,6,delete_rest,2,reference_coverage,0.8333333333333334,1.188313655458559,-7.356364000313694,3.6266266302486647
calibration,6,delete_rest,2,query_coverage,1.0,2.2784448194846703,-7.356364000313694,3.6266266302486647
calibration,6,delete_rest,2,mean_pitch_loss,0.0,0.001650201694551244,-7.356364000313694,3.6266266302486647
calibration,6,delete_rest,2,exact_pitch_fraction,1.0,3.369081528900875,-7.356364000313694,3.6266266302486647
calibration,6,delete_rest,2,mean_timing_loss,0.0,0.0018249668582446337,-7.356364000313694,3.6266266302486647
calibration,6,delete_rest,2,missing_fraction,0.16666666666666666,1.1883136554585663,-7.356364000313694,3.6266266302486647
calibration,6,delete_rest,2,inserted_fraction,0.0,2.27844481948467,-7.356364000313694,3.6266266302486647
calibration,6,delete_rest,2,unreliable_query_fraction,0.0,0.0814702909182707,-7.356364000313694,3.6266266302486647
calibration,6,delete_rest,2,reference_log,1.9459101490553132,0.1314023271373463,-7.356364000313694,3.6266266302486647
calibration,6,delete_rest,2,query_log,1.791759469228055,0.259288121650091,-7.356364000313694,3.6266266302486647
calibration,6,delete_two,2,cost,0.2333333333333333,0.004156562721357664,-7.356364000313694,1.9737176717345717
calibration,6,delete_two,2,matched_log,1.6094379124341003,0.017125011141894908,-7.356364000313694,1.9737176717345717
calibration,6,delete_two,2,reference_coverage,0.6666666666666666,0.30965938322099723,-7.356364000313694,1.9737176717345717
calibration,6,delete_two,2,query_coverage,1.0,2.2784448194846703,-7.356364000313694,1.9737176717345717
calibration,6,delete_two,2,mean_pitch_loss,0.0,0.001650201694551244,-7.356364000313694,1.9737176717345717
calibration,6,delete_two,2,exact_pitch_fraction,1.0,3.369081528900875,-7.356364000313694,1.9737176717345717
calibration,6,delete_two,2,mean_timing_loss,0.0,0.0018249668582446337,-7.356364000313694,1.9737176717345717
calibration,6,delete_two,2,missing_fraction,0.3333333333333333,0.3096593832209988,-7.356364000313694,1.9737176717345717
calibration,6,delete_two,2,inserted_fraction,0.0,2.27844481948467,-7.356364000313694,1.9737176717345717
calibration,6,delete_two,2,unreliable_query_fraction,0.0,0.0814702909182707,-7.356364000313694,1.9737176717345717
calibration,6,delete_two,2,reference_log,1.9459101490553132,0.1314023271373463,-7.356364000313694,1.9737176717345717
calibration,6,delete_two,2,query_log,1.6094379124341003,0.5471623772643888,-7.356364000313694,1.9737176717345717
calibration,6,detune,2,cost,0.03749717871348063,0.004840204228329368,-7.356364000313694,2.885597506213581
calibration,6,detune,2,matched_log,1.9459101490553132,0.35497369191494454,-7.356364000313694,2.885597506213581
calibration,6,detune,2,reference_coverage,1.0,2.06696792769612,-7.356364000313694,2.885597506213581
calibration,6,detune,2,query_coverage,1.0,2.2784448194846703,-7.356364000313694,2.885597506213581
calibration,6,detune,2,mean_pitch_loss,0.03749717871348063,0.0015854991698618474,-7.356364000313694,2.885597506213581
calibration,6,detune,2,exact_pitch_fraction,0.8333333333333334,0.9591451253668486,-7.356364000313694,2.885597506213581
calibration,6,detune,2,mean_timing_loss,0.0,0.0018249668582446337,-7.356364000313694,2.885597506213581
calibration,6,detune,2,missing_fraction,0.0,2.0669679276961337,-7.356364000313694,2.885597506213581
calibration,6,detune,2,inserted_fraction,0.0,2.27844481948467,-7.356364000313694,2.885597506213581
calibration,6,detune,2,unreliable_query_fraction,0.0,0.0814702909182707,-7.356364000313694,2.885597506213581
calibration,6,detune,2,reference_log,1.9459101490553132,0.1314023271373463,-7.356364000313694,2.885597506213581
calibration,6,detune,2,query_log,1.9459101490553132,0.015893906571836917,-7.356364000313694,2.885597506213581
calibration,6,exact,2,cost,0.0,0.004971102569407562,-7.356364000313694,5.295729510613376
calibration,6,exact,2,matched_log,1.9459101490553132,0.35497369191494454,-7.356364000313694,5.295729510613376
calibration,6,exact,2,reference_coverage,1.0,2.06696792769612,-7.356364000313694,5.295729510613376
calibration,6,exact,2,query_coverage,1.0,2.2784448194846703,-7.356364000313694,5.295729510613376
calibration,6,exact,2,mean_pitch_loss,0.0,0.001650201694551244,-7.356364000313694,5.295729510613376
calibration,6,exact,2,exact_pitch_fraction,1.0,3.369081528900875,-7.356364000313694,5.295729510613376
calibration,6,exact,2,mean_timing_loss,0.0,0.0018249668582446337,-7.356364000313694,5.295729510613376
calibration,6,exact,2,missing_fraction,0.0,2.0669679276961337,-7.356364000313694,5.295729510613376
calibration,6,exact,2,inserted_fraction,0.0,2.27844481948467,-7.356364000313694,5.295729510613376
calibration,6,exact,2,unreliable_query_fraction,0.0,0.0814702909182707,-7.356364000313694,5.295729510613376
calibration,6,exact,2,reference_log,1.9459101490553132,0.1314023271373463,-7.356364000313694,5.295729510613376
calibration,6,exact,2,query_log,1.9459101490553132,0.015893906571836917,-7.356364000313694,5.295729510613376
calibration,6,insert,2,cost,0.09999999999999999,0.004622014063100462,-7.356364000313694,3.13431085212435
calibration,6,insert,2,matched_log,1.9459101490553132,0.35497369191494454,-7.356364000313694,3.13431085212435
calibration,6,insert,2,reference_coverage,1.0,2.06696792769612,-7.356364000313694,3.13431085212435
calibration,6,insert,2,query_coverage,0.8571428571428571,1.3033288640845033,-7.356364000313694,3.13431085212435
calibration,6,insert,2,mean_pitch_loss,0.0,0.001650201694551244,-7.356364000313694,3.13431085212435
calibration,6,insert,2,exact_pitch_fraction,1.0,3.369081528900875,-7.356364000313694,3.13431085212435
calibration,6,insert,2,mean_timing_loss,0.0,0.0018249668582446337,-7.356364000313694,3.13431085212435
calibration,6,insert,2,missing_fraction,0.0,2.0669679276961337,-7.356364000313694,3.13431085212435
calibration,6,insert,2,inserted_fraction,0.14285714285714285,1.3033288640845009,-7.356364000313694,3.13431085212435
calibration,6,insert,2,unreliable_query_fraction,0.0,0.0814702909182707,-7.356364000313694,3.13431085212435
calibration,6,insert,2,reference_log,1.9459101490553132,0.1314023271373463,-7.356364000313694,3.13431085212435
calibration,6,insert,2,query_log,2.0794415416798357,-0.1949437526105442,-7.356364000313694,3.13431085212435
calibration,6,legitimate_rest,2,cost,0.023287900304752144,0.004889807186083416,-7.356364000313694,5.2956005236355095
calibration,6,legitimate_rest,2,matched_log,1.9459101490553132,0.35497369191494454,-7.356364000313694,5.2956005236355095
calibration,6,legitimate_rest,2,reference_coverage,1.0,2.06696792769612,-7.356364000313694,5.2956005236355095
calibration,6,legitimate_rest,2,query_coverage,1.0,2.2784448194846703,-7.356364000313694,5.2956005236355095
calibration,6,legitimate_rest,2,mean_pitch_loss,0.0,0.001650201694551244,-7.356364000313694,5.2956005236355095
calibration,6,legitimate_rest,2,exact_pitch_fraction,1.0,3.369081528900875,-7.356364000313694,5.2956005236355095
calibration,6,legitimate_rest,2,mean_timing_loss,0.023287900304752144,0.0017772752637029282,-7.356364000313694,5.2956005236355095
calibration,6,legitimate_rest,2,missing_fraction,0.0,2.0669679276961337,-7.356364000313694,5.2956005236355095
calibration,6,legitimate_rest,2,inserted_fraction,0.0,2.27844481948467,-7.356364000313694,5.2956005236355095
calibration,6,legitimate_rest,2,unreliable_query_fraction,0.0,0.0814702909182707,-7.356364000313694,5.2956005236355095
calibration,6,legitimate_rest,2,reference_log,1.9459101490553132,0.1314023271373463,-7.356364000313694,5.2956005236355095
calibration,6,legitimate_rest,2,query_log,1.9459101490553132,0.015893906571836917,-7.356364000313694,5.2956005236355095
calibration,6,mask_absent,2,cost,0.11666666666666665,0.004563832645382612,-7.356364000313694,3.2096787563371274
calibration,6,mask_absent,2,matched_log,1.791759469228055,0.2001924108711326,-7.356364000313694,3.2096787563371274
calibration,6,mask_absent,2,reference_coverage,0.8333333333333334,1.188313655458559,-7.356364000313694,3.2096787563371274
calibration,6,mask_absent,2,query_coverage,1.0,2.2784448194846703,-7.356364000313694,3.2096787563371274
calibration,6,mask_absent,2,mean_pitch_loss,0.0,0.001650201694551244,-7.356364000313694,3.2096787563371274
calibration,6,mask_absent,2,exact_pitch_fraction,1.0,3.369081528900875,-7.356364000313694,3.2096787563371274
calibration,6,mask_absent,2,mean_timing_loss,0.0,0.0018249668582446337,-7.356364000313694,3.2096787563371274
calibration,6,mask_absent,2,missing_fraction,0.16666666666666666,1.1883136554585663,-7.356364000313694,3.2096787563371274
calibration,6,mask_absent,2,inserted_fraction,0.0,2.27844481948467,-7.356364000313694,3.2096787563371274
calibration,6,mask_absent,2,unreliable_query_fraction,0.16666666666666663,-0.33547758299326735,-7.356364000313694,3.2096787563371274
calibration,6,mask_absent,2,reference_log,1.9459101490553132,0.1314023271373463,-7.356364000313694,3.2096787563371274
calibration,6,mask_absent,2,query_log,1.791759469228055,0.259288121650091,-7.356364000313694,3.2096787563371274
calibration,6,mask_present,2,cost,0.11666666666666665,0.004563832645382612,-7.356364000313694,3.2096787563371274
calibration,6,mask_present,2,matched_log,1.791759469228055,0.2001924108711326,-7.356364000313694,3.2096787563371274
calibration,6,mask_present,2,reference_coverage,0.8333333333333334,1.188313655458559,-7.356364000313694,3.2096787563371274
calibration,6,mask_present,2,query_coverage,1.0,2.2784448194846703,-7.356364000313694,3.2096787563371274
calibration,6,mask_present,2,mean_pitch_loss,0.0,0.001650201694551244,-7.356364000313694,3.2096787563371274
calibration,6,mask_present,2,exact_pitch_fraction,1.0,3.369081528900875,-7.356364000313694,3.2096787563371274
calibration,6,mask_present,2,mean_timing_loss,0.0,0.0018249668582446337,-7.356364000313694,3.2096787563371274
calibration,6,mask_present,2,missing_fraction,0.16666666666666666,1.1883136554585663,-7.356364000313694,3.2096787563371274
calibration,6,mask_present,2,inserted_fraction,0.0,2.27844481948467,-7.356364000313694,3.2096787563371274
calibration,6,mask_present,2,unreliable_query_fraction,0.16666666666666663,-0.33547758299326735,-7.356364000313694,3.2096787563371274
calibration,6,mask_present,2,reference_log,1.9459101490553132,0.1314023271373463,-7.356364000313694,3.2096787563371274
calibration,6,mask_present,2,query_log,1.791759469228055,0.259288121650091,-7.356364000313694,3.2096787563371274
calibration,6,merged,2,cost,0.19391021728515623,0.00429418428830996,-7.356364000313694,1.1039364149417041
calibration,6,merged,2,matched_log,1.7005986908310775,0.10865871100651375,-7.356364000313694,1.1039364149417041
calibration,6,merged,2,reference_coverage,0.75,0.7489865193397781,-7.356364000313694,1.1039364149417041
calibration,6,merged,2,query_coverage,1.0,2.2784448194846703,-7.356364000313694,1.1039364149417041
calibration,6,merged,2,mean_pitch_loss,0.0226922607421875,0.001611045507037815,-7.356364000313694,1.1039364149417041
calibration,6,merged,2,exact_pitch_fraction,0.9,1.9231196867804592,-7.356364000313694,1.1039364149417041
calibration,6,merged,2,mean_timing_loss,0.0,0.0018249668582446337,-7.356364000313694,1.1039364149417041
calibration,6,merged,2,missing_fraction,0.25,0.7489865193397826,-7.356364000313694,1.1039364149417041
calibration,6,merged,2,inserted_fraction,0.0,2.27844481948467,-7.356364000313694,1.1039364149417041
calibration,6,merged,2,unreliable_query_fraction,0.09999999999999998,-0.16869843342865215,-7.356364000313694,1.1039364149417041
calibration,6,merged,2,reference_log,1.9459101490553132,0.1314023271373463,-7.356364000313694,1.1039364149417041
calibration,6,merged,2,query_log,1.7005986908310775,0.4032252494572399,-7.356364000313694,1.1039364149417041
calibration,6,substitute,2,cost,0.2333333333333333,0.004156562721357664,-7.356364000313694,1.1075545826459932
calibration,6,substitute,2,matched_log,1.791759469228055,0.2001924108711326,-7.356364000313694,1.1075545826459932
calibration,6,substitute,2,reference_coverage,0.8333333333333334,1.188313655458559,-7.356364000313694,1.1075545826459932
calibration,6,substitute,2,query_coverage,0.8333333333333334,1.1408095381844763,-7.356364000313694,1.1075545826459932
calibration,6,substitute,2,mean_pitch_loss,0.0,0.001650201694551244,-7.356364000313694,1.1075545826459932
calibration,6,substitute,2,exact_pitch_fraction,1.0,3.369081528900875,-7.356364000313694,1.1075545826459932
calibration,6,substitute,2,mean_timing_loss,0.0,0.0018249668582446337,-7.356364000313694,1.1075545826459932
calibration,6,substitute,2,missing_fraction,0.16666666666666666,1.1883136554585663,-7.356364000313694,1.1075545826459932
calibration,6,substitute,2,inserted_fraction,0.16666666666666666,1.1408095381844727,-7.356364000313694,1.1075545826459932
calibration,6,substitute,2,unreliable_query_fraction,0.0,0.0814702909182707,-7.356364000313694,1.1075545826459932
calibration,6,substitute,2,reference_log,1.9459101490553132,0.1314023271373463,-7.356364000313694,1.1075545826459932
calibration,6,substitute,2,query_log,1.9459101490553132,0.015893906571836917,-7.356364000313694,1.1075545826459932
calibration,6,timing,2,cost,0.013333319028218589,0.004924557485170794,-7.356364000313694,5.29565566005133
calibration,6,timing,2,matched_log,1.9459101490553132,0.35497369191494454,-7.356364000313694,5.29565566005133
calibration,6,timing,2,reference_coverage,1.0,2.06696792769612,-7.356364000313694,5.29565566005133
calibration,6,timing,2,query_coverage,1.0,2.2784448194846703,-7.356364000313694,5.29565566005133
calibration,6,timing,2,mean_pitch_loss,0.0,0.001650201694551244,-7.356364000313694,5.29565566005133
calibration,6,timing,2,exact_pitch_fraction,1.0,3.369081528900875,-7.356364000313694,5.29565566005133
calibration,6,timing,2,mean_timing_loss,0.013333319028218589,0.0017976613804356598,-7.356364000313694,5.29565566005133
calibration,6,timing,2,missing_fraction,0.0,2.0669679276961337,-7.356364000313694,5.29565566005133
calibration,6,timing,2,inserted_fraction,0.0,2.27844481948467,-7.356364000313694,5.29565566005133
calibration,6,timing,2,unreliable_query_fraction,0.0,0.0814702909182707,-7.356364000313694,5.29565566005133
calibration,6,timing,2,reference_log,1.9459101490553132,0.1314023271373463,-7.356364000313694,5.29565566005133
calibration,6,timing,2,query_log,1.9459101490553132,0.015893906571836917,-7.356364000313694,5.29565566005133
calibration,6,transpose,2,cost,0.0,0.004971102569407562,-7.356364000313694,5.295729510613376
calibration,6,transpose,2,matched_log,1.9459101490553132,0.35497369191494454,-7.356364000313694,5.295729510613376
calibration,6,transpose,2,reference_coverage,1.0,2.06696792769612,-7.356364000313694,5.295729510613376
calibration,6,transpose,2,query_coverage,1.0,2.2784448194846703,-7.356364000313694,5.295729510613376
calibration,6,transpose,2,mean_pitch_loss,0.0,0.001650201694551244,-7.356364000313694,5.295729510613376
calibration,6,transpose,2,exact_pitch_fraction,1.0,3.369081528900875,-7.356364000313694,5.295729510613376
calibration,6,transpose,2,mean_timing_loss,0.0,0.0018249668582446337,-7.356364000313694,5.295729510613376
calibration,6,transpose,2,missing_fraction,0.0,2.0669679276961337,-7.356364000313694,5.295729510613376
calibration,6,transpose,2,inserted_fraction,0.0,2.27844481948467,-7.356364000313694,5.295729510613376
calibration,6,transpose,2,unreliable_query_fraction,0.0,0.0814702909182707,-7.356364000313694,5.295729510613376
calibration,6,transpose,2,reference_log,1.9459101490553132,0.1314023271373463,-7.356364000313694,5.295729510613376
calibration,6,transpose,2,query_log,1.9459101490553132,0.015893906571836917,-7.356364000313694,5.295729510613376
calibration,6,weak_present,2,cost,0.11666666666666665,0.004563832645382612,-7.356364000313694,3.6266266302486647
calibration,6,weak_present,2,matched_log,1.791759469228055,0.2001924108711326,-7.356364000313694,3.6266266302486647
calibration,6,weak_present,2,reference_coverage,0.8333333333333334,1.188313655458559,-7.356364000313694,3.6266266302486647
calibration,6,weak_present,2,query_coverage,1.0,2.2784448194846703,-7.356364000313694,3.6266266302486647
calibration,6,weak_present,2,mean_pitch_loss,0.0,0.001650201694551244,-7.356364000313694,3.6266266302486647
calibration,6,weak_present,2,exact_pitch_fraction,1.0,3.369081528900875,-7.356364000313694,3.6266266302486647
calibration,6,weak_present,2,mean_timing_loss,0.0,0.0018249668582446337,-7.356364000313694,3.6266266302486647
calibration,6,weak_present,2,missing_fraction,0.16666666666666666,1.1883136554585663,-7.356364000313694,3.6266266302486647
calibration,6,weak_present,2,inserted_fraction,0.0,2.27844481948467,-7.356364000313694,3.6266266302486647
calibration,6,weak_present,2,unreliable_query_fraction,0.0,0.0814702909182707,-7.356364000313694,3.6266266302486647
calibration,6,weak_present,2,reference_log,1.9459101490553132,0.1314023271373463,-7.356364000313694,3.6266266302486647
calibration,6,weak_present,2,query_log,1.791759469228055,0.259288121650091,-7.356364000313694,3.6266266302486647
calibration,8,delete_closed,2,cost,0.12935415084539592,0.004519542096375137,-7.356364000313694,3.512361624827844
calibration,8,delete_closed,2,matched_log,2.0794415416798357,0.4890513361598394,-7.356364000313694,3.512361624827844
calibration,8,delete_closed,2,reference_coverage,0.875,1.4079772235179493,-7.356364000313694,3.512361624827844
calibration,8,delete_closed,2,query_coverage,1.0,2.2784448194846703,-7.356364000313694,3.512361624827844
calibration,8,delete_closed,2,mean_pitch_loss,0.0,0.001650201694551244,-7.356364000313694,3.512361624827844
calibration,8,delete_closed,2,exact_pitch_fraction,1.0,3.369081528900875,-7.356364000313694,3.512361624827844
calibration,8,delete_closed,2,mean_timing_loss,0.04783331525188105,0.0017270083885361058,-7.356364000313694,3.512361624827844
calibration,8,delete_closed,2,missing_fraction,0.125,1.407977223517958,-7.356364000313694,3.512361624827844
calibration,8,delete_closed,2,inserted_fraction,0.0,2.27844481948467,-7.356364000313694,3.512361624827844
calibration,8,delete_closed,2,unreliable_query_fraction,0.0,0.0814702909182707,-7.356364000313694,3.512361624827844
calibration,8,delete_closed,2,reference_log,2.1972245773362196,-0.2566746164116123,-7.356364000313694,3.512361624827844
calibration,8,delete_closed,2,query_log,2.0794415416798357,-0.1949437526105442,-7.356364000313694,3.512361624827844
calibration,8,delete_insert,2,cost,0.175,0.004360197683370138,-7.356364000313694,1.6198753215772141
calibration,8,delete_insert,2,matched_log,2.0794415416798357,0.4890513361598394,-7.356364000313694,1.6198753215772141
calibration,8,delete_insert,2,reference_coverage,0.875,1.4079772235179493,-7.356364000313694,1.6198753215772141
calibration,8,delete_insert,2,query_coverage,0.875,1.4252183585095244,-7.356364000313694,1.6198753215772141
calibration,8,delete_insert,2,mean_pitch_loss,0.0,0.001650201694551244,-7.356364000313694,1.6198753215772141
calibration,8,delete_insert,2,exact_pitch_fraction,1.0,3.369081528900875,-7.356364000313694,1.6198753215772141
calibration,8,delete_insert,2,mean_timing_loss,0.0,0.0018249668582446337,-7.356364000313694,1.6198753215772141
calibration,8,delete_insert,2,missing_fraction,0.125,1.407977223517958,-7.356364000313694,1.6198753215772141
calibration,8,delete_insert,2,inserted_fraction,0.125,1.425218358509522,-7.356364000313694,1.6198753215772141
calibration,8,delete_insert,2,unreliable_query_fraction,0.0,0.0814702909182707,-7.356364000313694,1.6198753215772141
calibration,8,delete_insert,2,reference_log,2.1972245773362196,-0.2566746164116123,-7.356364000313694,1.6198753215772141
calibration,8,delete_insert,2,query_log,2.1972245773362196,-0.380915747967585,-7.356364000313694,1.6198753215772141
calibration,8,delete_rest,2,cost,0.0875,0.00466565012638885,-7.356364000313694,3.5126056913275656
calibration,8,delete_rest,2,matched_log,2.0794415416798357,0.4890513361598394,-7.356364000313694,3.5126056913275656
calibration,8,delete_rest,2,reference_coverage,0.875,1.4079772235179493,-7.356364000313694,3.5126056913275656
calibration,8,delete_rest,2,query_coverage,1.0,2.2784448194846703,-7.356364000313694,3.5126056913275656
calibration,8,delete_rest,2,mean_pitch_loss,0.0,0.001650201694551244,-7.356364000313694,3.5126056913275656
calibration,8,delete_rest,2,exact_pitch_fraction,1.0,3.369081528900875,-7.356364000313694,3.5126056913275656
calibration,8,delete_rest,2,mean_timing_loss,0.0,0.0018249668582446337,-7.356364000313694,3.5126056913275656
calibration,8,delete_rest,2,missing_fraction,0.125,1.407977223517958,-7.356364000313694,3.5126056913275656
calibration,8,delete_rest,2,inserted_fraction,0.0,2.27844481948467,-7.356364000313694,3.5126056913275656
calibration,8,delete_rest,2,unreliable_query_fraction,0.0,0.0814702909182707,-7.356364000313694,3.5126056913275656
calibration,8,delete_rest,2,reference_log,2.1972245773362196,-0.2566746164116123,-7.356364000313694,3.5126056913275656
calibration,8,delete_rest,2,query_log,2.0794415416798357,-0.1949437526105442,-7.356364000313694,3.5126056913275656
calibration,8,delete_two,2,cost,0.175,0.004360197683370138,-7.356364000313694,2.271078845465687
calibration,8,delete_two,2,matched_log,1.9459101490553132,0.35497369191494454,-7.356364000313694,2.271078845465687
calibration,8,delete_two,2,reference_coverage,0.75,0.7489865193397781,-7.356364000313694,2.271078845465687
calibration,8,delete_two,2,query_coverage,1.0,2.2784448194846703,-7.356364000313694,2.271078845465687
calibration,8,delete_two,2,mean_pitch_loss,0.0,0.001650201694551244,-7.356364000313694,2.271078845465687
calibration,8,delete_two,2,exact_pitch_fraction,1.0,3.369081528900875,-7.356364000313694,2.271078845465687
calibration,8,delete_two,2,mean_timing_loss,0.0,0.0018249668582446337,-7.356364000313694,2.271078845465687
calibration,8,delete_two,2,missing_fraction,0.25,0.7489865193397824,-7.356364000313694,2.271078845465687
calibration,8,delete_two,2,inserted_fraction,0.0,2.27844481948467,-7.356364000313694,2.271078845465687
calibration,8,delete_two,2,unreliable_query_fraction,0.0,0.0814702909182707,-7.356364000313694,2.271078845465687
calibration,8,delete_two,2,reference_log,2.1972245773362196,-0.2566746164116123,-7.356364000313694,2.271078845465687
calibration,8,delete_two,2,query_log,1.9459101490553132,0.015893906571836917,-7.356364000313694,2.271078845465687
calibration,8,detune,2,cost,0.0281172513961792,0.0048729484764940285,-7.356364000313694,2.9555864465852553
calibration,8,detune,2,matched_log,2.1972245773362196,0.6073161998928658,-7.356364000313694,2.9555864465852553
calibration,8,detune,2,reference_coverage,1.0,2.06696792769612,-7.356364000313694,2.9555864465852553
calibration,8,detune,2,query_coverage,1.0,2.2784448194846703,-7.356364000313694,2.9555864465852553
calibration,8,detune,2,mean_pitch_loss,0.0281172513961792,0.0016016845203243413,-7.356364000313694,2.9555864465852553
calibration,8,detune,2,exact_pitch_fraction,0.875,1.5616292262503548,-7.356364000313694,2.9555864465852553
calibration,8,detune,2,mean_timing_loss,0.0,0.0018249668582446337,-7.356364000313694,2.9555864465852553
calibration,8,detune,2,missing_fraction,0.0,2.0669679276961337,-7.356364000313694,2.9555864465852553
calibration,8,detune,2,inserted_fraction,0.0,2.27844481948467,-7.356364000313694,2.9555864465852553
calibration,8,detune,2,unreliable_query_fraction,0.0,0.0814702909182707,-7.356364000313694,2.9555864465852553
calibration,8,detune,2,reference_log,2.1972245773362196,-0.2566746164116123,-7.356364000313694,2.9555864465852553
calibration,8,detune,2,query_log,2.1972245773362196,-0.380915747967585,-7.356364000313694,2.9555864465852553
calibration,8,exact,2,cost,0.0,0.004971102569407562,-7.356364000313694,4.763185420502915
calibration,8,exact,2,matched_log,2.1972245773362196,0.6073161998928658,-7.356364000313694,4.763185420502915
calibration,8,exact,2,reference_coverage,1.0,2.06696792769612,-7.356364000313694,4.763185420502915
calibration,8,exact,2,query_coverage,1.0,2.2784448194846703,-7.356364000313694,4.763185420502915
calibration,8,exact,2,mean_pitch_loss,0.0,0.001650201694551244,-7.356364000313694,4.763185420502915
calibration,8,exact,2,exact_pitch_fraction,1.0,3.369081528900875,-7.356364000313694,4.763185420502915
calibration,8,exact,2,mean_timing_loss,0.0,0.0018249668582446337,-7.356364000313694,4.763185420502915
calibration,8,exact,2,missing_fraction,0.0,2.0669679276961337,-7.356364000313694,4.763185420502915
calibration,8,exact,2,inserted_fraction,0.0,2.27844481948467,-7.356364000313694,4.763185420502915
calibration,8,exact,2,unreliable_query_fraction,0.0,0.0814702909182707,-7.356364000313694,4.763185420502915
calibration,8,exact,2,reference_log,2.1972245773362196,-0.2566746164116123,-7.356364000313694,4.763185420502915
calibration,8,exact,2,query_log,2.1972245773362196,-0.380915747967585,-7.356364000313694,4.763185420502915
calibration,8,insert,2,cost,0.07777777777777778,0.004699589286724263,-7.356364000313694,3.0797092468403013
calibration,8,insert,2,matched_log,2.1972245773362196,0.6073161998928658,-7.356364000313694,3.0797092468403013
calibration,8,insert,2,reference_coverage,1.0,2.06696792769612,-7.356364000313694,3.0797092468403013
calibration,8,insert,2,query_coverage,0.8888888888888888,1.5200212986178738,-7.356364000313694,3.0797092468403013
calibration,8,insert,2,mean_pitch_loss,0.0,0.001650201694551244,-7.356364000313694,3.0797092468403013
calibration,8,insert,2,exact_pitch_fraction,1.0,3.369081528900875,-7.356364000313694,3.0797092468403013
calibration,8,insert,2,mean_timing_loss,0.0,0.0018249668582446337,-7.356364000313694,3.0797092468403013
calibration,8,insert,2,missing_fraction,0.0,2.0669679276961337,-7.356364000313694,3.0797092468403013
calibration,8,insert,2,inserted_fraction,0.1111111111111111,1.5200212986178718,-7.356364000313694,3.0797092468403013
calibration,8,insert,2,unreliable_query_fraction,0.0,0.0814702909182707,-7.356364000313694,3.0797092468403013
calibration,8,insert,2,reference_log,2.1972245773362196,-0.2566746164116123,-7.356364000313694,3.0797092468403013
calibration,8,insert,2,query_log,2.302585092994046,-0.5472733666139228,-7.356364000313694,3.0797092468403013
calibration,8,legitimate_rest,2,cost,0.023331669317777932,0.004889654393489619,-7.356364000313694,4.763056191097324
calibration,8,legitimate_rest,2,matched_log,2.1972245773362196,0.6073161998928658,-7.356364000313694,4.763056191097324
calibration,8,legitimate_rest,2,reference_coverage,1.0,2.06696792769612,-7.356364000313694,4.763056191097324
calibration,8,legitimate_rest,2,query_coverage,1.0,2.2784448194846703,-7.356364000313694,4.763056191097324
calibration,8,legitimate_rest,2,mean_pitch_loss,0.0,0.001650201694551244,-7.356364000313694,4.763056191097324
calibration,8,legitimate_rest,2,exact_pitch_fraction,1.0,3.369081528900875,-7.356364000313694,4.763056191097324
calibration,8,legitimate_rest,2,mean_timing_loss,0.023331669317777932,0.0017771856285707182,-7.356364000313694,4.763056191097324
calibration,8,legitimate_rest,2,missing_fraction,0.0,2.0669679276961337,-7.356364000313694,4.763056191097324
calibration,8,legitimate_rest,2,inserted_fraction,0.0,2.27844481948467,-7.356364000313694,4.763056191097324
calibration,8,legitimate_rest,2,unreliable_query_fraction,0.0,0.0814702909182707,-7.356364000313694,4.763056191097324
calibration,8,legitimate_rest,2,reference_log,2.1972245773362196,-0.2566746164116123,-7.356364000313694,4.763056191097324
calibration,8,legitimate_rest,2,query_log,2.1972245773362196,-0.380915747967585,-7.356364000313694,4.763056191097324
calibration,8,mask_absent,2,cost,0.0875,0.00466565012638885,-7.356364000313694,3.199894785893913
calibration,8,mask_absent,2,matched_log,2.0794415416798357,0.4890513361598394,-7.356364000313694,3.199894785893913
calibration,8,mask_absent,2,reference_coverage,0.875,1.4079772235179493,-7.356364000313694,3.199894785893913
calibration,8,mask_absent,2,query_coverage,1.0,2.2784448194846703,-7.356364000313694,3.199894785893913
calibration,8,mask_absent,2,mean_pitch_loss,0.0,0.001650201694551244,-7.356364000313694,3.199894785893913
calibration,8,mask_absent,2,exact_pitch_fraction,1.0,3.369081528900875,-7.356364000313694,3.199894785893913
calibration,8,mask_absent,2,mean_timing_loss,0.0,0.0018249668582446337,-7.356364000313694,3.199894785893913
calibration,8,mask_absent,2,missing_fraction,0.125,1.407977223517958,-7.356364000313694,3.199894785893913
calibration,8,mask_absent,2,inserted_fraction,0.0,2.27844481948467,-7.356364000313694,3.199894785893913
calibration,8,mask_absent,2,unreliable_query_fraction,0.125,-0.23124061451538291,-7.356364000313694,3.199894785893913
calibration,8,mask_absent,2,reference_log,2.1972245773362196,-0.2566746164116123,-7.356364000313694,3.199894785893913
calibration,8,mask_absent,2,query_log,2.0794415416798357,-0.1949437526105442,-7.356364000313694,3.199894785893913
calibration,8,mask_present,2,cost,0.0875,0.00466565012638885,-7.356364000313694,3.199894785893913
calibration,8,mask_present,2,matched_log,2.0794415416798357,0.4890513361598394,-7.356364000313694,3.199894785893913
calibration,8,mask_present,2,reference_coverage,0.875,1.4079772235179493,-7.356364000313694,3.199894785893913
calibration,8,mask_present,2,query_coverage,1.0,2.2784448194846703,-7.356364000313694,3.199894785893913
calibration,8,mask_present,2,mean_pitch_loss,0.0,0.001650201694551244,-7.356364000313694,3.199894785893913
calibration,8,mask_present,2,exact_pitch_fraction,1.0,3.369081528900875,-7.356364000313694,3.199894785893913
calibration,8,mask_present,2,mean_timing_loss,0.0,0.0018249668582446337,-7.356364000313694,3.199894785893913
calibration,8,mask_present,2,missing_fraction,0.125,1.407977223517958,-7.356364000313694,3.199894785893913
calibration,8,mask_present,2,inserted_fraction,0.0,2.27844481948467,-7.356364000313694,3.199894785893913
calibration,8,mask_present,2,unreliable_query_fraction,0.125,-0.23124061451538291,-7.356364000313694,3.199894785893913
calibration,8,mask_present,2,reference_log,2.1972245773362196,-0.2566746164116123,-7.356364000313694,3.199894785893913
calibration,8,mask_present,2,query_log,2.0794415416798357,-0.1949437526105442,-7.356364000313694,3.199894785893913
calibration,8,merged,2,cost,0.175,0.004360197683370138,-7.356364000313694,1.913694953541511
calibration,8,merged,2,matched_log,1.9459101490553132,0.35497369191494454,-7.356364000313694,1.913694953541511
calibration,8,merged,2,reference_coverage,0.75,0.7489865193397781,-7.356364000313694,1.913694953541511
calibration,8,merged,2,query_coverage,1.0,2.2784448194846703,-7.356364000313694,1.913694953541511
calibration,8,merged,2,mean_pitch_loss,0.0,0.001650201694551244,-7.356364000313694,1.913694953541511
calibration,8,merged,2,exact_pitch_fraction,1.0,3.369081528900875,-7.356364000313694,1.913694953541511
calibration,8,merged,2,mean_timing_loss,0.0,0.0018249668582446337,-7.356364000313694,1.913694953541511
calibration,8,merged,2,missing_fraction,0.25,0.7489865193397824,-7.356364000313694,1.913694953541511
calibration,8,merged,2,inserted_fraction,0.0,2.27844481948467,-7.356364000313694,1.913694953541511
calibration,8,merged,2,unreliable_query_fraction,0.1428571428571429,-0.275913601005905,-7.356364000313694,1.913694953541511
calibration,8,merged,2,reference_log,2.1972245773362196,-0.2566746164116123,-7.356364000313694,1.913694953541511
calibration,8,merged,2,query_log,1.9459101490553132,0.015893906571836917,-7.356364000313694,1.913694953541511
calibration,8,substitute,2,cost,0.175,0.004360197683370138,-7.356364000313694,1.6198753215772141
calibration,8,substitute,2,matched_log,2.0794415416798357,0.4890513361598394,-7.356364000313694,1.6198753215772141
calibration,8,substitute,2,reference_coverage,0.875,1.4079772235179493,-7.356364000313694,1.6198753215772141
calibration,8,substitute,2,query_coverage,0.875,1.4252183585095244,-7.356364000313694,1.6198753215772141
calibration,8,substitute,2,mean_pitch_loss,0.0,0.001650201694551244,-7.356364000313694,1.6198753215772141
calibration,8,substitute,2,exact_pitch_fraction,1.0,3.369081528900875,-7.356364000313694,1.6198753215772141
calibration,8,substitute,2,mean_timing_loss,0.0,0.0018249668582446337,-7.356364000313694,1.6198753215772141
calibration,8,substitute,2,missing_fraction,0.125,1.407977223517958,-7.356364000313694,1.6198753215772141
calibration,8,substitute,2,inserted_fraction,0.125,1.425218358509522,-7.356364000313694,1.6198753215772141
calibration,8,substitute,2,unreliable_query_fraction,0.0,0.0814702909182707,-7.356364000313694,1.6198753215772141
calibration,8,substitute,2,reference_log,2.1972245773362196,-0.2566746164116123,-7.356364000313694,1.6198753215772141
calibration,8,substitute,2,query_log,2.1972245773362196,-0.380915747967585,-7.356364000313694,1.6198753215772141
calibration,8,timing,2,cost,0.009999996721744538,0.004936193730220865,-7.356364000313694,4.763130032540116
calibration,8,timing,2,matched_log,2.1972245773362196,0.6073161998928658,-7.356364000313694,4.763130032540116
calibration,8,timing,2,reference_coverage,1.0,2.06696792769612,-7.356364000313694,4.763130032540116
calibration,8,timing,2,query_coverage,1.0,2.2784448194846703,-7.356364000313694,4.763130032540116
calibration,8,timing,2,mean_pitch_loss,0.0,0.001650201694551244,-7.356364000313694,4.763130032540116
calibration,8,timing,2,exact_pitch_fraction,1.0,3.369081528900875,-7.356364000313694,4.763130032540116
calibration,8,timing,2,mean_timing_loss,0.009999996721744538,0.001804487734629762,-7.356364000313694,4.763130032540116
calibration,8,timing,2,missing_fraction,0.0,2.0669679276961337,-7.356364000313694,4.763130032540116
calibration,8,timing,2,inserted_fraction,0.0,2.27844481948467,-7.356364000313694,4.763130032540116
calibration,8,timing,2,unreliable_query_fraction,0.0,0.0814702909182707,-7.356364000313694,4.763130032540116
calibration,8,timing,2,reference_log,2.1972245773362196,-0.2566746164116123,-7.356364000313694,4.763130032540116
calibration,8,timing,2,query_log,2.1972245773362196,-0.380915747967585,-7.356364000313694,4.763130032540116
calibration,8,transpose,2,cost,0.0,0.004971102569407562,-7.356364000313694,4.763185420502915
calibration,8,transpose,2,matched_log,2.1972245773362196,0.6073161998928658,-7.356364000313694,4.763185420502915
calibration,8,transpose,2,reference_coverage,1.0,2.06696792769612,-7.356364000313694,4.763185420502915
calibration,8,transpose,2,query_coverage,1.0,2.2784448194846703,-7.356364000313694,4.763185420502915
calibration,8,transpose,2,mean_pitch_loss,0.0,0.001650201694551244,-7.356364000313694,4.763185420502915
calibration,8,transpose,2,exact_pitch_fraction,1.0,3.369081528900875,-7.356364000313694,4.763185420502915
calibration,8,transpose,2,mean_timing_loss,0.0,0.0018249668582446337,-7.356364000313694,4.763185420502915
calibration,8,transpose,2,missing_fraction,0.0,2.0669679276961337,-7.356364000313694,4.763185420502915
calibration,8,transpose,2,inserted_fraction,0.0,2.27844481948467,-7.356364000313694,4.763185420502915
calibration,8,transpose,2,unreliable_query_fraction,0.0,0.0814702909182707,-7.356364000313694,4.763185420502915
calibration,8,transpose,2,reference_log,2.1972245773362196,-0.2566746164116123,-7.356364000313694,4.763185420502915
calibration,8,transpose,2,query_log,2.1972245773362196,-0.380915747967585,-7.356364000313694,4.763185420502915
calibration,8,weak_present,2,cost,0.0875,0.00466565012638885,-7.356364000313694,3.5126056913275656
calibration,8,weak_present,2,matched_log,2.0794415416798357,0.4890513361598394,-7.356364000313694,3.5126056913275656
calibration,8,weak_present,2,reference_coverage,0.875,1.4079772235179493,-7.356364000313694,3.5126056913275656
calibration,8,weak_present,2,query_coverage,1.0,2.2784448194846703,-7.356364000313694,3.5126056913275656
calibration,8,weak_present,2,mean_pitch_loss,0.0,0.001650201694551244,-7.356364000313694,3.5126056913275656
calibration,8,weak_present,2,exact_pitch_fraction,1.0,3.369081528900875,-7.356364000313694,3.5126056913275656
calibration,8,weak_present,2,mean_timing_loss,0.0,0.0018249668582446337,-7.356364000313694,3.5126056913275656
calibration,8,weak_present,2,missing_fraction,0.125,1.407977223517958,-7.356364000313694,3.5126056913275656
calibration,8,weak_present,2,inserted_fraction,0.0,2.27844481948467,-7.356364000313694,3.5126056913275656
calibration,8,weak_present,2,unreliable_query_fraction,0.0,0.0814702909182707,-7.356364000313694,3.5126056913275656
calibration,8,weak_present,2,reference_log,2.1972245773362196,-0.2566746164116123,-7.356364000313694,3.5126056913275656
calibration,8,weak_present,2,query_log,2.0794415416798357,-0.1949437526105442,-7.356364000313694,3.5126056913275656
calibration,10,delete_closed,2,cost,0.11660859705041386,0.004564035359738608,-7.356364000313694,3.3378476226843956
calibration,10,delete_closed,2,matched_log,2.302585092994046,0.713107725452335,-7.356364000313694,3.3378476226843956
calibration,10,delete_closed,2,reference_coverage,0.9,1.5397753643535834,-7.356364000313694,3.3378476226843956
calibration,10,delete_closed,2,query_coverage,1.0,2.2784448194846703,-7.356364000313694,3.3378476226843956
calibration,10,delete_closed,2,mean_pitch_loss,0.0,0.001650201694551244,-7.356364000313694,3.3378476226843956
calibration,10,delete_closed,2,exact_pitch_fraction,1.0,3.369081528900875,-7.356364000313694,3.3378476226843956
calibration,10,delete_closed,2,mean_timing_loss,0.051787330056015414,0.0017189109100866555,-7.356364000313694,3.3378476226843956
calibration,10,delete_closed,2,missing_fraction,0.1,1.539775364353593,-7.356364000313694,3.3378476226843956
calibration,10,delete_closed,2,inserted_fraction,0.0,2.27844481948467,-7.356364000313694,3.3378476226843956
calibration,10,delete_closed,2,unreliable_query_fraction,0.0,0.0814702909182707,-7.356364000313694,3.3378476226843956
calibration,10,delete_closed,2,reference_log,2.3978952727983707,-0.5665480713003624,-7.356364000313694,3.3378476226843956
calibration,10,delete_closed,2,query_log,2.302585092994046,-0.5472733666139228,-7.356364000313694,3.3378476226843956
calibration,10,delete_insert,2,cost,0.13999999999999999,0.004482378660577623,-7.356364000313694,1.8222209130720062
calibration,10,delete_insert,2,matched_log,2.302585092994046,0.713107725452335,-7.356364000313694,1.8222209130720062
calibration,10,delete_insert,2,reference_coverage,0.9,1.5397753643535834,-7.356364000313694,1.8222209130720062
calibration,10,delete_insert,2,query_coverage,0.9,1.5958636507045538,-7.356364000313694,1.8222209130720062
calibration,10,delete_insert,2,mean_pitch_loss,0.0,0.001650201694551244,-7.356364000313694,1.8222209130720062
calibration,10,delete_insert,2,exact_pitch_fraction,1.0,3.369081528900875,-7.356364000313694,1.8222209130720062
calibration,10,delete_insert,2,mean_timing_loss,0.0,0.0018249668582446337,-7.356364000313694,1.8222209130720062
calibration,10,delete_insert,2,missing_fraction,0.1,1.539775364353593,-7.356364000313694,1.8222209130720062
calibration,10,delete_insert,2,inserted_fraction,0.1,1.5958636507045514,-7.356364000313694,1.8222209130720062
calibration,10,delete_insert,2,unreliable_query_fraction,0.0,0.0814702909182707,-7.356364000313694,1.8222209130720062
calibration,10,delete_insert,2,reference_log,2.3978952727983707,-0.5665480713003624,-7.356364000313694,1.8222209130720062
calibration,10,delete_insert,2,query_log,2.3978952727983707,-0.6977621379150716,-7.356364000313694,1.8222209130720062
calibration,10,delete_rest,2,cost,0.06999999999999999,0.004726740614992592,-7.356364000313694,3.338116383887807
calibration,10,delete_rest,2,matched_log,2.302585092994046,0.713107725452335,-7.356364000313694,3.338116383887807
calibration,10,delete_rest,2,reference_coverage,0.9,1.5397753643535834,-7.356364000313694,3.338116383887807
calibration,10,delete_rest,2,query_coverage,1.0,2.2784448194846703,-7.356364000313694,3.338116383887807
calibration,10,delete_rest,2,mean_pitch_loss,0.0,0.001650201694551244,-7.356364000313694,3.338116383887807
calibration,10,delete_rest,2,exact_pitch_fraction,1.0,3.369081528900875,-7.356364000313694,3.338116383887807
calibration,10,delete_rest,2,mean_timing_loss,0.0,0.0018249668582446337,-7.356364000313694,3.338116383887807
calibration,10,delete_rest,2,missing_fraction,0.1,1.539775364353593,-7.356364000313694,3.338116383887807
calibration,10,delete_rest,2,inserted_fraction,0.0,2.27844481948467,-7.356364000313694,3.338116383887807
calibration,10,delete_rest,2,unreliable_query_fraction,0.0,0.0814702909182707,-7.356364000313694,3.338116383887807
calibration,10,delete_rest,2,reference_log,2.3978952727983707,-0.5665480713003624,-7.356364000313694,3.338116383887807
calibration,10,delete_rest,2,query_log,2.302585092994046,-0.5472733666139228,-7.356364000313694,3.338116383887807
calibration,10,delete_two,2,cost,0.13999999999999999,0.004482378660577623,-7.356364000313694,2.3440529883351813
calibration,10,delete_two,2,matched_log,2.1972245773362196,0.6073161998928658,-7.356364000313694,2.3440529883351813
calibration,10,delete_two,2,reference_coverage,0.8,1.012582801011047,-7.356364000313694,2.3440529883351813
calibration,10,delete_two,2,query_coverage,1.0,2.2784448194846703,-7.356364000313694,2.3440529883351813
calibration,10,delete_two,2,mean_pitch_loss,0.0,0.001650201694551244,-7.356364000313694,2.3440529883351813
calibration,10,delete_two,2,exact_pitch_fraction,1.0,3.369081528900875,-7.356364000313694,2.3440529883351813
calibration,10,delete_two,2,mean_timing_loss,0.0,0.0018249668582446337,-7.356364000313694,2.3440529883351813
calibration,10,delete_two,2,missing_fraction,0.2,1.0125828010110525,-7.356364000313694,2.3440529883351813
calibration,10,delete_two,2,inserted_fraction,0.0,2.27844481948467,-7.356364000313694,2.3440529883351813
calibration,10,delete_two,2,unreliable_query_fraction,0.0,0.0814702909182707,-7.356364000313694,2.3440529883351813
calibration,10,delete_two,2,reference_log,2.3978952727983707,-0.5665480713003624,-7.356364000313694,2.3440529883351813
calibration,10,delete_two,2,query_log,2.1972245773362196,-0.380915747967585,-7.356364000313694,2.3440529883351813
calibration,10,detune,2,cost,0.022490308284759522,0.0048925914881524325,-7.356364000313694,2.891878015998814
calibration,10,detune,2,matched_log,2.3978952727983707,0.8088078011390648,-7.356364000313694,2.891878015998814
calibration,10,detune,2,reference_coverage,1.0,2.06696792769612,-7.356364000313694,2.891878015998814
calibration,10,detune,2,query_coverage,1.0,2.2784448194846703,-7.356364000313694,2.891878015998814
calibration,10,detune,2,mean_pitch_loss,0.022490308284759522,0.0016113939821581075,-7.356364000313694,2.891878015998814
calibration,10,detune,2,exact_pitch_fraction,0.9,1.9231196867804592,-7.356364000313694,2.891878015998814
calibration,10,detune,2,mean_timing_loss,0.0,0.0018249668582446337,-7.356364000313694,2.891878015998814
calibration,10,detune,2,missing_fraction,0.0,2.0669679276961337,-7.356364000313694,2.891878015998814
calibration,10,detune,2,inserted_fraction,0.0,2.27844481948467,-7.356364000313694,2.891878015998814
calibration,10,detune,2,unreliable_query_fraction,0.0,0.0814702909182707,-7.356364000313694,2.891878015998814
calibration,10,detune,2,reference_log,2.3978952727983707,-0.5665480713003624,-7.356364000313694,2.891878015998814
calibration,10,detune,2,query_log,2.3978952727983707,-0.6977621379150716,-7.356364000313694,2.891878015998814
calibration,10,exact,2,cost,0.0,0.004971102569407562,-7.356364000313694,4.3379571769128775
calibration,10,exact,2,matched_log,2.3978952727983707,0.8088078011390648,-7.356364000313694,4.3379571769128775
calibration,10,exact,2,reference_coverage,1.0,2.06696792769612,-7.356364000313694,4.3379571769128775
calibration,10,exact,2,query_coverage,1.0,2.2784448194846703,-7.356364000313694,4.3379571769128775
calibration,10,exact,2,mean_pitch_loss,0.0,0.001650201694551244,-7.356364000313694,4.3379571769128775
calibration,10,exact,2,exact_pitch_fraction,1.0,3.369081528900875,-7.356364000313694,4.3379571769128775
calibration,10,exact,2,mean_timing_loss,0.0,0.0018249668582446337,-7.356364000313694,4.3379571769128775
calibration,10,exact,2,missing_fraction,0.0,2.0669679276961337,-7.356364000313694,4.3379571769128775
calibration,10,exact,2,inserted_fraction,0.0,2.27844481948467,-7.356364000313694,4.3379571769128775
calibration,10,exact,2,unreliable_query_fraction,0.0,0.0814702909182707,-7.356364000313694,4.3379571769128775
calibration,10,exact,2,reference_log,2.3978952727983707,-0.5665480713003624,-7.356364000313694,4.3379571769128775
calibration,10,exact,2,query_log,2.3978952727983707,-0.6977621379150716,-7.356364000313694,4.3379571769128775
calibration,10,insert,2,cost,0.06363636363636363,0.0047489553381212255,-7.356364000313694,2.9592928748591385
calibration,10,insert,2,matched_log,2.3978952727983707,0.8088078011390648,-7.356364000313694,2.9592928748591385
calibration,10,insert,2,reference_coverage,1.0,2.06696792769612,-7.356364000313694,2.9592928748591385
calibration,10,insert,2,query_coverage,0.9090909090909091,1.6579164842300187,-7.356364000313694,2.9592928748591385
calibration,10,insert,2,mean_pitch_loss,0.0,0.001650201694551244,-7.356364000313694,2.9592928748591385
calibration,10,insert,2,exact_pitch_fraction,1.0,3.369081528900875,-7.356364000313694,2.9592928748591385
calibration,10,insert,2,mean_timing_loss,0.0,0.0018249668582446337,-7.356364000313694,2.9592928748591385
calibration,10,insert,2,missing_fraction,0.0,2.0669679276961337,-7.356364000313694,2.9592928748591385
calibration,10,insert,2,inserted_fraction,0.09090909090909091,1.6579164842300167,-7.356364000313694,2.9592928748591385
calibration,10,insert,2,unreliable_query_fraction,0.0,0.0814702909182707,-7.356364000313694,2.9592928748591385
calibration,10,insert,2,reference_log,2.3978952727983707,-0.5665480713003624,-7.356364000313694,2.9592928748591385
calibration,10,insert,2,query_log,2.4849066497880004,-0.8351476222282201,-7.356364000313694,2.9592928748591385
calibration,10,legitimate_rest,2,cost,0.02399697542839154,0.004887331886325707,-7.356364000313694,4.3378242625110675
calibration,10,legitimate_rest,2,matched_log,2.3978952727983707,0.8088078011390648,-7.356364000313694,4.3378242625110675
calibration,10,legitimate_rest,2,reference_coverage,1.0,2.06696792769612,-7.356364000313694,4.3378242625110675
calibration,10,legitimate_rest,2,query_coverage,1.0,2.2784448194846703,-7.356364000313694,4.3378242625110675
calibration,10,legitimate_rest,2,mean_pitch_loss,0.0,0.001650201694551244,-7.356364000313694,4.3378242625110675
calibration,10,legitimate_rest,2,exact_pitch_fraction,1.0,3.369081528900875,-7.356364000313694,4.3378242625110675
calibration,10,legitimate_rest,2,mean_timing_loss,0.02399697542839154,0.001775823139515961,-7.356364000313694,4.3378242625110675
calibration,10,legitimate_rest,2,missing_fraction,0.0,2.0669679276961337,-7.356364000313694,4.3378242625110675
calibration,10,legitimate_rest,2,inserted_fraction,0.0,2.27844481948467,-7.356364000313694,4.3378242625110675
calibration,10,legitimate_rest,2,unreliable_query_fraction,0.0,0.0814702909182707,-7.356364000313694,4.3378242625110675
calibration,10,legitimate_rest,2,reference_log,2.3978952727983707,-0.5665480713003624,-7.356364000313694,4.3378242625110675
calibration,10,legitimate_rest,2,query_log,2.3978952727983707,-0.6977621379150716,-7.356364000313694,4.3378242625110675
calibration,10,mask_absent,2,cost,0.06999999999999999,0.004726740614992592,-7.356364000313694,3.087947659540885
calibration,10,mask_absent,2,matched_log,2.302585092994046,0.713107725452335,-7.356364000313694,3.087947659540885
calibration,10,mask_absent,2,reference_coverage,0.9,1.5397753643535834,-7.356364000313694,3.087947659540885
calibration,10,mask_absent,2,query_coverage,1.0,2.2784448194846703,-7.356364000313694,3.087947659540885
calibration,10,mask_absent,2,mean_pitch_loss,0.0,0.001650201694551244,-7.356364000313694,3.087947659540885
calibration,10,mask_absent,2,exact_pitch_fraction,1.0,3.369081528900875,-7.356364000313694,3.087947659540885
calibration,10,mask_absent,2,mean_timing_loss,0.0,0.0018249668582446337,-7.356364000313694,3.087947659540885
calibration,10,mask_absent,2,missing_fraction,0.1,1.539775364353593,-7.356364000313694,3.087947659540885
calibration,10,mask_absent,2,inserted_fraction,0.0,2.27844481948467,-7.356364000313694,3.087947659540885
calibration,10,mask_absent,2,unreliable_query_fraction,0.09999999999999998,-0.16869843342865215,-7.356364000313694,3.087947659540885
calibration,10,mask_absent,2,reference_log,2.3978952727983707,-0.5665480713003624,-7.356364000313694,3.087947659540885
calibration,10,mask_absent,2,query_log,2.302585092994046,-0.5472733666139228,-7.356364000313694,3.087947659540885
calibration,10,mask_present,2,cost,0.06999999999999999,0.004726740614992592,-7.356364000313694,3.087947659540885
calibration,10,mask_present,2,matched_log,2.302585092994046,0.713107725452335,-7.356364000313694,3.087947659540885
calibration,10,mask_present,2,reference_coverage,0.9,1.5397753643535834,-7.356364000313694,3.087947659540885
calibration,10,mask_present,2,query_coverage,1.0,2.2784448194846703,-7.356364000313694,3.087947659540885
calibration,10,mask_present,2,mean_pitch_loss,0.0,0.001650201694551244,-7.356364000313694,3.087947659540885
calibration,10,mask_present,2,exact_pitch_fraction,1.0,3.369081528900875,-7.356364000313694,3.087947659540885
calibration,10,mask_present,2,mean_timing_loss,0.0,0.0018249668582446337,-7.356364000313694,3.087947659540885
calibration,10,mask_present,2,missing_fraction,0.1,1.539775364353593,-7.356364000313694,3.087947659540885
calibration,10,mask_present,2,inserted_fraction,0.0,2.27844481948467,-7.356364000313694,3.087947659540885
calibration,10,mask_present,2,unreliable_query_fraction,0.09999999999999998,-0.16869843342865215,-7.356364000313694,3.087947659540885
calibration,10,mask_present,2,reference_log,2.3978952727983707,-0.5665480713003624,-7.356364000313694,3.087947659540885
calibration,10,mask_present,2,query_log,2.302585092994046,-0.5472733666139228,-7.356364000313694,3.087947659540885
calibration,10,merged,2,cost,0.13999999999999999,0.004482378660577623,-7.356364000313694,2.0660877390608237
calibration,10,merged,2,matched_log,2.1972245773362196,0.6073161998928658,-7.356364000313694,2.0660877390608237
calibration,10,merged,2,reference_coverage,0.8,1.012582801011047,-7.356364000313694,2.0660877390608237
calibration,10,merged,2,query_coverage,1.0,2.2784448194846703,-7.356364000313694,2.0660877390608237
calibration,10,merged,2,mean_pitch_loss,0.0,0.001650201694551244,-7.356364000313694,2.0660877390608237
calibration,10,merged,2,exact_pitch_fraction,1.0,3.369081528900875,-7.356364000313694,2.0660877390608237
calibration,10,merged,2,mean_timing_loss,0.0,0.0018249668582446337,-7.356364000313694,2.0660877390608237
calibration,10,merged,2,missing_fraction,0.2,1.0125828010110525,-7.356364000313694,2.0660877390608237
calibration,10,merged,2,inserted_fraction,0.0,2.27844481948467,-7.356364000313694,2.0660877390608237
calibration,10,merged,2,unreliable_query_fraction,0.11111111111111116,-0.1964949583560882,-7.356364000313694,2.0660877390608237
calibration,10,merged,2,reference_log,2.3978952727983707,-0.5665480713003624,-7.356364000313694,2.0660877390608237
calibration,10,merged,2,query_log,2.1972245773362196,-0.380915747967585,-7.356364000313694,2.0660877390608237
calibration,10,substitute,2,cost,0.13999999999999999,0.004482378660577623,-7.356364000313694,1.8222209130720062
calibration,10,substitute,2,matched_log,2.302585092994046,0.713107725452335,-7.356364000313694,1.8222209130720062
calibration,10,substitute,2,reference_coverage,0.9,1.5397753643535834,-7.356364000313694,1.8222209130720062
calibration,10,substitute,2,query_coverage,0.9,1.5958636507045538,-7.356364000313694,1.8222209130720062
calibration,10,substitute,2,mean_pitch_loss,0.0,0.001650201694551244,-7.356364000313694,1.8222209130720062
calibration,10,substitute,2,exact_pitch_fraction,1.0,3.369081528900875,-7.356364000313694,1.8222209130720062
calibration,10,substitute,2,mean_timing_loss,0.0,0.0018249668582446337,-7.356364000313694,1.8222209130720062
calibration,10,substitute,2,missing_fraction,0.1,1.539775364353593,-7.356364000313694,1.8222209130720062
calibration,10,substitute,2,inserted_fraction,0.1,1.5958636507045514,-7.356364000313694,1.8222209130720062
calibration,10,substitute,2,unreliable_query_fraction,0.0,0.0814702909182707,-7.356364000313694,1.8222209130720062
calibration,10,substitute,2,reference_log,2.3978952727983707,-0.5665480713003624,-7.356364000313694,1.8222209130720062
calibration,10,substitute,2,query_log,2.3978952727983707,-0.6977621379150716,-7.356364000313694,1.8222209130720062
calibration,10,timing,2,cost,0.008000015258789062,0.0049431754356363145,-7.356364000313694,4.337912866443596
calibration,10,timing,2,matched_log,2.3978952727983707,0.8088078011390648,-7.356364000313694,4.337912866443596
calibration,10,timing,2,reference_coverage,1.0,2.06696792769612,-7.356364000313694,4.337912866443596
calibration,10,timing,2,query_coverage,1.0,2.2784448194846703,-7.356364000313694,4.337912866443596
calibration,10,timing,2,mean_pitch_loss,0.0,0.001650201694551244,-7.356364000313694,4.337912866443596
calibration,10,timing,2,exact_pitch_fraction,1.0,3.369081528900875,-7.356364000313694,4.337912866443596
calibration,10,timing,2,mean_timing_loss,0.008000015258789062,0.0018085835227331978,-7.356364000313694,4.337912866443596
calibration,10,timing,2,missing_fraction,0.0,2.0669679276961337,-7.356364000313694,4.337912866443596
calibration,10,timing,2,inserted_fraction,0.0,2.27844481948467,-7.356364000313694,4.337912866443596
calibration,10,timing,2,unreliable_query_fraction,0.0,0.0814702909182707,-7.356364000313694,4.337912866443596
calibration,10,timing,2,reference_log,2.3978952727983707,-0.5665480713003624,-7.356364000313694,4.337912866443596
calibration,10,timing,2,query_log,2.3978952727983707,-0.6977621379150716,-7.356364000313694,4.337912866443596
calibration,10,transpose,2,cost,0.0,0.004971102569407562,-7.356364000313694,4.3379571769128775
calibration,10,transpose,2,matched_log,2.3978952727983707,0.8088078011390648,-7.356364000313694,4.3379571769128775
calibration,10,transpose,2,reference_coverage,1.0,2.06696792769612,-7.356364000313694,4.3379571769128775
calibration,10,transpose,2,query_coverage,1.0,2.2784448194846703,-7.356364000313694,4.3379571769128775
calibration,10,transpose,2,mean_pitch_loss,0.0,0.001650201694551244,-7.356364000313694,4.3379571769128775
calibration,10,transpose,2,exact_pitch_fraction,1.0,3.369081528900875,-7.356364000313694,4.3379571769128775
calibration,10,transpose,2,mean_timing_loss,0.0,0.0018249668582446337,-7.356364000313694,4.3379571769128775
calibration,10,transpose,2,missing_fraction,0.0,2.0669679276961337,-7.356364000313694,4.3379571769128775
calibration,10,transpose,2,inserted_fraction,0.0,2.27844481948467,-7.356364000313694,4.3379571769128775
calibration,10,transpose,2,unreliable_query_fraction,0.0,0.0814702909182707,-7.356364000313694,4.3379571769128775
calibration,10,transpose,2,reference_log,2.3978952727983707,-0.5665480713003624,-7.356364000313694,4.3379571769128775
calibration,10,transpose,2,query_log,2.3978952727983707,-0.6977621379150716,-7.356364000313694,4.3379571769128775
calibration,10,weak_present,2,cost,0.06999999999999999,0.004726740614992592,-7.356364000313694,3.338116383887807
calibration,10,weak_present,2,matched_log,2.302585092994046,0.713107725452335,-7.356364000313694,3.338116383887807
calibration,10,weak_present,2,reference_coverage,0.9,1.5397753643535834,-7.356364000313694,3.338116383887807
calibration,10,weak_present,2,query_coverage,1.0,2.2784448194846703,-7.356364000313694,3.338116383887807
calibration,10,weak_present,2,mean_pitch_loss,0.0,0.001650201694551244,-7.356364000313694,3.338116383887807
calibration,10,weak_present,2,exact_pitch_fraction,1.0,3.369081528900875,-7.356364000313694,3.338116383887807
calibration,10,weak_present,2,mean_timing_loss,0.0,0.0018249668582446337,-7.356364000313694,3.338116383887807
calibration,10,weak_present,2,missing_fraction,0.1,1.539775364353593,-7.356364000313694,3.338116383887807
calibration,10,weak_present,2,inserted_fraction,0.0,2.27844481948467,-7.356364000313694,3.338116383887807
calibration,10,weak_present,2,unreliable_query_fraction,0.0,0.0814702909182707,-7.356364000313694,3.338116383887807
calibration,10,weak_present,2,reference_log,2.3978952727983707,-0.5665480713003624,-7.356364000313694,3.338116383887807
calibration,10,weak_present,2,query_log,2.302585092994046,-0.5472733666139228,-7.356364000313694,3.338116383887807
held_out,4,delete_closed,8,cost,0.20002075160462268,0.004272853115326751,-7.356364000313694,3.5002698222062003
held_out,4,delete_closed,8,matched_log,1.3862943611198906,-0.20693137815060034,-7.356364000313694,3.5002698222062003
held_out,4,delete_closed,8,reference_coverage,0.75,0.748986519339778,-7.356364000313694,3.5002698222062003
held_out,4,delete_closed,8,query_coverage,1.0,2.2784448194846703,-7.356364000313694,3.5002698222062003
held_out,4,delete_closed,8,mean_pitch_loss,0.0,0.0016502016945512438,-7.356364000313694,3.5002698222062003
held_out,4,delete_closed,8,exact_pitch_fraction,1.0,3.369081528900875,-7.356364000313694,3.5002698222062003
held_out,4,delete_closed,8,mean_timing_loss,0.03336100213949692,0.001756646427174376,-7.356364000313694,3.5002698222062003
held_out,4,delete_closed,8,missing_fraction,0.25,0.7489865193397823,-7.356364000313694,3.5002698222062003
held_out,4,delete_closed,8,inserted_fraction,0.0,2.2784448194846694,-7.356364000313694,3.5002698222062003
held_out,4,delete_closed,8,unreliable_query_fraction,0.0,0.0814702909182707,-7.356364000313694,3.5002698222062003
held_out,4,delete_closed,8,reference_log,1.6094379124341003,0.6509790106976309,-7.356364000313694,3.5002698222062003
held_out,4,delete_closed,8,query_log,1.3862943611198906,0.8994919912677667,-7.356364000313694,3.5002698222062003
held_out,4,delete_detune,8,cost,0.23125570341944693,0.00416381548859064,-7.356364000313694,-1.3197731299652293
held_out,4,delete_detune,8,matched_log,1.3862943611198906,-0.20693137815060034,-7.356364000313694,-1.3197731299652293
held_out,4,delete_detune,8,reference_coverage,0.75,0.748986519339778,-7.356364000313694,-1.3197731299652293
held_out,4,delete_detune,8,query_coverage,1.0,2.2784448194846703,-7.356364000313694,-1.3197731299652293
held_out,4,delete_detune,8,mean_pitch_loss,0.0750076045592626,0.0015207737868419258,-7.356364000313694,-1.3197731299652293
held_out,4,delete_detune,8,exact_pitch_fraction,0.6666666666666666,-1.4507912781671797,-7.356364000313694,-1.3197731299652293
held_out,4,delete_detune,8,mean_timing_loss,0.0,0.001824966858244634,-7.356364000313694,-1.3197731299652293
held_out,4,delete_detune,8,missing_fraction,0.25,0.7489865193397823,-7.356364000313694,-1.3197731299652293
held_out,4,delete_detune,8,inserted_fraction,0.0,2.2784448194846694,-7.356364000313694,-1.3197731299652293
held_out,4,delete_detune,8,unreliable_query_fraction,0.0,0.0814702909182707,-7.356364000313694,-1.3197731299652293
held_out,4,delete_detune,8,reference_log,1.6094379124341003,0.6509790106976309,-7.356364000313694,-1.3197731299652293
held_out,4,delete_detune,8,query_log,1.3862943611198906,0.8994919912677667,-7.356364000313694,-1.3197731299652293
held_out,4,delete_insert,8,cost,0.35,0.003749292797332714,-7.356364000313694,-0.2654208755846872
held_out,4,delete_insert,8,matched_log,1.3862943611198906,-0.20693137815060034,-7.356364000313694,-0.2654208755846872
held_out,4,delete_insert,8,reference_coverage,0.75,0.748986519339778,-7.356364000313694,-0.2654208755846872
held_out,4,delete_insert,8,query_coverage,0.75,0.5719918975343788,-7.356364000313694,-0.2654208755846872
held_out,4,delete_insert,8,mean_pitch_loss,0.0,0.0016502016945512438,-7.356364000313694,-0.2654208755846872
held_out,4,delete_insert,8,exact_pitch_fraction,1.0,3.369081528900875,-7.356364000313694,-0.2654208755846872
held_out,4,delete_insert,8,mean_timing_loss,0.0,0.001824966858244634,-7.356364000313694,-0.2654208755846872
held_out,4,delete_insert,8,missing_fraction,0.25,0.7489865193397823,-7.356364000313694,-0.2654208755846872
held_out,4,delete_insert,8,inserted_fraction,0.25,0.5719918975343744,-7.356364000313694,-0.2654208755846872
held_out,4,delete_insert,8,unreliable_query_fraction,0.0,0.0814702909182707,-7.356364000313694,-0.2654208755846872
held_out,4,delete_insert,8,reference_log,1.6094379124341003,0.6509790106976309,-7.356364000313694,-0.2654208755846872
held_out,4,delete_insert,8,query_log,1.6094379124341003,0.5471623772643888,-7.356364000313694,-0.2654208755846872
held_out,4,delete_rest,8,cost,0.175,0.004360197683370138,-7.356364000313694,3.5004254872053133
held_out,4,delete_rest,8,matched_log,1.3862943611198906,-0.20693137815060034,-7.356364000313694,3.5004254872053133
held_out,4,delete_rest,8,reference_coverage,0.75,0.748986519339778,-7.356364000313694,3.5004254872053133
held_out,4,delete_rest,8,query_coverage,1.0,2.2784448194846703,-7.356364000313694,3.5004254872053133
held_out,4,delete_rest,8,mean_pitch_loss,0.0,0.0016502016945512438,-7.356364000313694,3.5004254872053133
held_out,4,delete_rest,8,exact_pitch_fraction,1.0,3.369081528900875,-7.356364000313694,3.5004254872053133
held_out,4,delete_rest,8,mean_timing_loss,0.0,0.001824966858244634,-7.356364000313694,3.5004254872053133
held_out,4,delete_rest,8,missing_fraction,0.25,0.7489865193397823,-7.356364000313694,3.5004254872053133
held_out,4,delete_rest,8,inserted_fraction,0.0,2.2784448194846694,-7.356364000313694,3.5004254872053133
held_out,4,delete_rest,8,unreliable_query_fraction,0.0,0.0814702909182707,-7.356364000313694,3.5004254872053133
held_out,4,delete_rest,8,reference_log,1.6094379124341003,0.6509790106976309,-7.356364000313694,3.5004254872053133
held_out,4,delete_rest,8,query_log,1.3862943611198906,0.8994919912677667,-7.356364000313694,3.5004254872053133
held_out,4,delete_timing,8,cost,0.18000566133609755,0.004342723494981163,-7.356364000313694,3.500394344804808
held_out,4,delete_timing,8,matched_log,1.3862943611198906,-0.20693137815060034,-7.356364000313694,3.500394344804808
held_out,4,delete_timing,8,reference_coverage,0.75,0.748986519339778,-7.356364000313694,3.500394344804808
held_out,4,delete_timing,8,query_coverage,1.0,2.2784448194846703,-7.356364000313694,3.500394344804808
held_out,4,delete_timing,8,mean_pitch_loss,0.0,0.0016502016945512438,-7.356364000313694,3.500394344804808
held_out,4,delete_timing,8,exact_pitch_fraction,1.0,3.369081528900875,-7.356364000313694,3.500394344804808
held_out,4,delete_timing,8,mean_timing_loss,0.006674215114796734,0.0018112986461270278,-7.356364000313694,3.500394344804808
held_out,4,delete_timing,8,missing_fraction,0.25,0.7489865193397823,-7.356364000313694,3.500394344804808
held_out,4,delete_timing,8,inserted_fraction,0.0,2.2784448194846694,-7.356364000313694,3.500394344804808
held_out,4,delete_timing,8,unreliable_query_fraction,0.0,0.0814702909182707,-7.356364000313694,3.500394344804808
held_out,4,delete_timing,8,reference_log,1.6094379124341003,0.6509790106976309,-7.356364000313694,3.500394344804808
held_out,4,delete_timing,8,query_log,1.3862943611198906,0.8994919912677667,-7.356364000313694,3.500394344804808
held_out,4,delete_transpose,8,cost,0.175,0.004360197683370138,-7.356364000313694,3.5004254872053133
held_out,4,delete_transpose,8,matched_log,1.3862943611198906,-0.20693137815060034,-7.356364000313694,3.5004254872053133
held_out,4,delete_transpose,8,reference_coverage,0.75,0.748986519339778,-7.356364000313694,3.5004254872053133
held_out,4,delete_transpose,8,query_coverage,1.0,2.2784448194846703,-7.356364000313694,3.5004254872053133
held_out,4,delete_transpose,8,mean_pitch_loss,0.0,0.0016502016945512438,-7.356364000313694,3.5004254872053133
held_out,4,delete_transpose,8,exact_pitch_fraction,1.0,3.369081528900875,-7.356364000313694,3.5004254872053133
held_out,4,delete_transpose,8,mean_timing_loss,0.0,0.001824966858244634,-7.356364000313694,3.5004254872053133
held_out,4,delete_transpose,8,missing_fraction,0.25,0.7489865193397823,-7.356364000313694,3.5004254872053133
held_out,4,delete_transpose,8,inserted_fraction,0.0,2.2784448194846694,-7.356364000313694,3.5004254872053133
held_out,4,delete_transpose,8,unreliable_query_fraction,0.0,0.0814702909182707,-7.356364000313694,3.5004254872053133
held_out,4,delete_transpose,8,reference_log,1.6094379124341003,0.6509790106976309,-7.356364000313694,3.5004254872053133
held_out,4,delete_transpose,8,query_log,1.3862943611198906,0.8994919912677667,-7.356364000313694,3.5004254872053133
held_out,4,delete_two,8,cost,0.35,0.003749292797332714,-7.356364000313694,1.029224714578512
held_out,4,delete_two,8,matched_log,1.0986122886681098,-0.4957903034393071,-7.356364000313694,1.029224714578512
held_out,4,delete_two,8,reference_coverage,0.5,-0.5689948890165639,-7.356364000313694,1.029224714578512
held_out,4,delete_two,8,query_coverage,1.0,2.2784448194846703,-7.356364000313694,1.029224714578512
held_out,4,delete_two,8,mean_pitch_loss,0.0,0.0016502016945512438,-7.356364000313694,1.029224714578512
held_out,4,delete_two,8,exact_pitch_fraction,1.0,3.369081528900875,-7.356364000313694,1.029224714578512
held_out,4,delete_two,8,mean_timing_loss,0.0,0.001824966858244634,-7.356364000313694,1.029224714578512
held_out,4,delete_two,8,missing_fraction,0.5,-0.5689948890165688,-7.356364000313694,1.029224714578512
held_out,4,delete_two,8,inserted_fraction,0.0,2.2784448194846694,-7.356364000313694,1.029224714578512
held_out,4,delete_two,8,unreliable_query_fraction,0.0,0.0814702909182707,-7.356364000313694,1.029224714578512
held_out,4,delete_two,8,reference_log,1.6094379124341003,0.6509790106976309,-7.356364000313694,1.029224714578512
held_out,4,delete_two,8,query_log,1.0986122886681098,1.3537238655284016,-7.356364000313694,1.029224714578512
held_out,4,detune,8,cost,0.05625572204589844,0.004774720309605262,-7.356364000313694,2.393527925569397
held_out,4,detune,8,matched_log,1.6094379124341003,0.017125011141894908,-7.356364000313694,2.393527925569397
held_out,4,detune,8,reference_coverage,1.0,2.0669679276961195,-7.356364000313694,2.393527925569397
held_out,4,detune,8,query_coverage,1.0,2.2784448194846703,-7.356364000313694,2.393527925569397
held_out,4,detune,8,mean_pitch_loss,0.05625572204589844,0.0015531307316287457,-7.356364000313694,2.393527925569397
held_out,4,detune,8,exact_pitch_fraction,0.75,-0.24582307640016549,-7.356364000313694,2.393527925569397
held_out,4,detune,8,mean_timing_loss,0.0,0.001824966858244634,-7.356364000313694,2.393527925569397
held_out,4,detune,8,missing_fraction,0.0,2.0669679276961337,-7.356364000313694,2.393527925569397
held_out,4,detune,8,inserted_fraction,0.0,2.2784448194846694,-7.356364000313694,2.393527925569397
held_out,4,detune,8,unreliable_query_fraction,0.0,0.0814702909182707,-7.356364000313694,2.393527925569397
held_out,4,detune,8,reference_log,1.6094379124341003,0.6509790106976309,-7.356364000313694,2.393527925569397
held_out,4,detune,8,query_log,1.6094379124341003,0.5471623772643888,-7.356364000313694,2.393527925569397
held_out,4,exact,8,cost,0.0,0.004971102569407562,-7.356364000313694,6.00872598409316
held_out,4,exact,8,matched_log,1.6094379124341003,0.017125011141894908,-7.356364000313694,6.00872598409316
held_out,4,exact,8,reference_coverage,1.0,2.0669679276961195,-7.356364000313694,6.00872598409316
held_out,4,exact,8,query_coverage,1.0,2.2784448194846703,-7.356364000313694,6.00872598409316
held_out,4,exact,8,mean_pitch_loss,0.0,0.0016502016945512438,-7.356364000313694,6.00872598409316
held_out,4,exact,8,exact_pitch_fraction,1.0,3.369081528900875,-7.356364000313694,6.00872598409316
held_out,4,exact,8,mean_timing_loss,0.0,0.001824966858244634,-7.356364000313694,6.00872598409316
held_out,4,exact,8,missing_fraction,0.0,2.0669679276961337,-7.356364000313694,6.00872598409316
held_out,4,exact,8,inserted_fraction,0.0,2.2784448194846694,-7.356364000313694,6.00872598409316
held_out,4,exact,8,unreliable_query_fraction,0.0,0.0814702909182707,-7.356364000313694,6.00872598409316
held_out,4,exact,8,reference_log,1.6094379124341003,0.6509790106976309,-7.356364000313694,6.00872598409316
held_out,4,exact,8,query_log,1.6094379124341003,0.5471623772643888,-7.356364000313694,6.00872598409316
held_out,4,insert,8,cost,0.13999999999999999,0.004482378660577623,-7.356364000313694,2.990038329449564
held_out,4,insert,8,matched_log,1.6094379124341003,0.017125011141894908,-7.356364000313694,2.990038329449564
held_out,4,insert,8,reference_coverage,1.0,2.0669679276961195,-7.356364000313694,2.990038329449564
held_out,4,insert,8,query_coverage,0.8,0.9132824819244372,-7.356364000313694,2.990038329449564
held_out,4,insert,8,mean_pitch_loss,0.0,0.0016502016945512438,-7.356364000313694,2.990038329449564
held_out,4,insert,8,exact_pitch_fraction,1.0,3.369081528900875,-7.356364000313694,2.990038329449564
held_out,4,insert,8,mean_timing_loss,0.0,0.001824966858244634,-7.356364000313694,2.990038329449564
held_out,4,insert,8,missing_fraction,0.0,2.0669679276961337,-7.356364000313694,2.990038329449564
held_out,4,insert,8,inserted_fraction,0.2,0.9132824819244333,-7.356364000313694,2.990038329449564
held_out,4,insert,8,unreliable_query_fraction,0.0,0.0814702909182707,-7.356364000313694,2.990038329449564
held_out,4,insert,8,reference_log,1.6094379124341003,0.6509790106976309,-7.356364000313694,2.990038329449564
held_out,4,insert,8,query_log,1.791759469228055,0.259288121650091,-7.356364000313694,2.990038329449564
held_out,4,legitimate_rest,8,cost,0.023318247196280985,0.004889701248573067,-7.356364000313694,6.008596829029989
held_out,4,legitimate_rest,8,matched_log,1.6094379124341003,0.017125011141894908,-7.356364000313694,6.008596829029989
held_out,4,legitimate_rest,8,reference_coverage,1.0,2.0669679276961195,-7.356364000313694,6.008596829029989
held_out,4,legitimate_rest,8,query_coverage,1.0,2.2784448194846703,-7.356364000313694,6.008596829029989
held_out,4,legitimate_rest,8,mean_pitch_loss,0.0,0.0016502016945512438,-7.356364000313694,6.008596829029989
held_out,4,legitimate_rest,8,exact_pitch_fraction,1.0,3.369081528900875,-7.356364000313694,6.008596829029989
held_out,4,legitimate_rest,8,mean_timing_loss,0.023318247196280985,0.0017772131159082597,-7.356364000313694,6.008596829029989
held_out,4,legitimate_rest,8,missing_fraction,0.0,2.0669679276961337,-7.356364000313694,6.008596829029989
held_out,4,legitimate_rest,8,inserted_fraction,0.0,2.2784448194846694,-7.356364000313694,6.008596829029989
held_out,4,legitimate_rest,8,unreliable_query_fraction,0.0,0.0814702909182707,-7.356364000313694,6.008596829029989
held_out,4,legitimate_rest,8,reference_log,1.6094379124341003,0.6509790106976309,-7.356364000313694,6.008596829029989
held_out,4,legitimate_rest,8,query_log,1.6094379124341003,0.5471623772643888,-7.356364000313694,6.008596829029989
held_out,4,mask_absent,8,cost,0.175,0.004360197683370138,-7.356364000313694,2.8750036763380065
held_out,4,mask_absent,8,matched_log,1.3862943611198906,-0.20693137815060034,-7.356364000313694,2.8750036763380065
held_out,4,mask_absent,8,reference_coverage,0.75,0.748986519339778,-7.356364000313694,2.8750036763380065
held_out,4,mask_absent,8,query_coverage,1.0,2.2784448194846703,-7.356364000313694,2.8750036763380065
held_out,4,mask_absent,8,mean_pitch_loss,0.0,0.0016502016945512438,-7.356364000313694,2.8750036763380065
held_out,4,mask_absent,8,exact_pitch_fraction,1.0,3.369081528900875,-7.356364000313694,2.8750036763380065
held_out,4,mask_absent,8,mean_timing_loss,0.0,0.001824966858244634,-7.356364000313694,2.8750036763380065
held_out,4,mask_absent,8,missing_fraction,0.25,0.7489865193397823,-7.356364000313694,2.8750036763380065
held_out,4,mask_absent,8,inserted_fraction,0.0,2.2784448194846694,-7.356364000313694,2.8750036763380065
held_out,4,mask_absent,8,unreliable_query_fraction,0.25,-0.5439515199490366,-7.356364000313694,2.8750036763380065
held_out,4,mask_absent,8,reference_log,1.6094379124341003,0.6509790106976309,-7.356364000313694,2.8750036763380065
held_out,4,mask_absent,8,query_log,1.3862943611198906,0.8994919912677667,-7.356364000313694,2.8750036763380065
held_out,4,mask_present,8,cost,0.175,0.004360197683370138,-7.356364000313694,2.8750036763380065
held_out,4,mask_present,8,matched_log,1.3862943611198906,-0.20693137815060034,-7.356364000313694,2.8750036763380065
held_out,4,mask_present,8,reference_coverage,0.75,0.748986519339778,-7.356364000313694,2.8750036763380065
held_out,4,mask_present,8,query_coverage,1.0,2.2784448194846703,-7.356364000313694,2.8750036763380065
held_out,4,mask_present,8,mean_pitch_loss,0.0,0.0016502016945512438,-7.356364000313694,2.8750036763380065
held_out,4,mask_present,8,exact_pitch_fraction,1.0,3.369081528900875,-7.356364000313694,2.8750036763380065
held_out,4,mask_present,8,mean_timing_loss,0.0,0.001824966858244634,-7.356364000313694,2.8750036763380065
held_out,4,mask_present,8,missing_fraction,0.25,0.7489865193397823,-7.356364000313694,2.8750036763380065
held_out,4,mask_present,8,inserted_fraction,0.0,2.2784448194846694,-7.356364000313694,2.8750036763380065
held_out,4,mask_present,8,unreliable_query_fraction,0.25,-0.5439515199490366,-7.356364000313694,2.8750036763380065
held_out,4,mask_present,8,reference_log,1.6094379124341003,0.6509790106976309,-7.356364000313694,2.8750036763380065
held_out,4,mask_present,8,query_log,1.3862943611198906,0.8994919912677667,-7.356364000313694,2.8750036763380065
held_out,4,merged,8,cost,0.35,0.003749292797332714,-7.356364000313694,0.19532896675543565
held_out,4,merged,8,matched_log,1.0986122886681098,-0.4957903034393071,-7.356364000313694,0.19532896675543565
held_out,4,merged,8,reference_coverage,0.5,-0.5689948890165639,-7.356364000313694,0.19532896675543565
held_out,4,merged,8,query_coverage,1.0,2.2784448194846703,-7.356364000313694,0.19532896675543565
held_out,4,merged,8,mean_pitch_loss,0.0,0.0016502016945512438,-7.356364000313694,0.19532896675543565
held_out,4,merged,8,exact_pitch_fraction,1.0,3.369081528900875,-7.356364000313694,0.19532896675543565
held_out,4,merged,8,mean_timing_loss,0.0,0.001824966858244634,-7.356364000313694,0.19532896675543565
held_out,4,merged,8,missing_fraction,0.5,-0.5689948890165688,-7.356364000313694,0.19532896675543565
held_out,4,merged,8,inserted_fraction,0.0,2.2784448194846694,-7.356364000313694,0.19532896675543565
held_out,4,merged,8,unreliable_query_fraction,0.33333333333333337,-0.7524254569048057,-7.356364000313694,0.19532896675543565
held_out,4,merged,8,reference_log,1.6094379124341003,0.6509790106976309,-7.356364000313694,0.19532896675543565
held_out,4,merged,8,query_log,1.0986122886681098,1.3537238655284016,-7.356364000313694,0.19532896675543565
held_out,4,substitute,8,cost,0.35,0.003749292797332714,-7.356364000313694,-0.2654208755846872
held_out,4,substitute,8,matched_log,1.3862943611198906,-0.20693137815060034,-7.356364000313694,-0.2654208755846872
held_out,4,substitute,8,reference_coverage,0.75,0.748986519339778,-7.356364000313694,-0.2654208755846872
held_out,4,substitute,8,query_coverage,0.75,0.5719918975343788,-7.356364000313694,-0.2654208755846872
held_out,4,substitute,8,mean_pitch_loss,0.0,0.0016502016945512438,-7.356364000313694,-0.2654208755846872
held_out,4,substitute,8,exact_pitch_fraction,1.0,3.369081528900875,-7.356364000313694,-0.2654208755846872
held_out,4,substitute,8,mean_timing_loss,0.0,0.001824966858244634,-7.356364000313694,-0.2654208755846872
held_out,4,substitute,8,missing_fraction,0.25,0.7489865193397823,-7.356364000313694,-0.2654208755846872
held_out,4,substitute,8,inserted_fraction,0.25,0.5719918975343744,-7.356364000313694,-0.2654208755846872
held_out,4,substitute,8,unreliable_query_fraction,0.0,0.0814702909182707,-7.356364000313694,-0.2654208755846872
held_out,4,substitute,8,reference_log,1.6094379124341003,0.6509790106976309,-7.356364000313694,-0.2654208755846872
held_out,4,substitute,8,query_log,1.6094379124341003,0.5471623772643888,-7.356364000313694,-0.2654208755846872
held_out,4,timing,8,cost,0.013752841690876042,0.0049230929797741034,-7.356364000313694,6.008649809879791
held_out,4,timing,8,matched_log,1.6094379124341003,0.017125011141894908,-7.356364000313694,6.008649809879791
held_out,4,timing,8,reference_coverage,1.0,2.0669679276961195,-7.356364000313694,6.008649809879791
held_out,4,timing,8,query_coverage,1.0,2.2784448194846703,-7.356364000313694,6.008649809879791
held_out,4,timing,8,mean_pitch_loss,0.0,0.0016502016945512438,-7.356364000313694,6.008649809879791
held_out,4,timing,8,exact_pitch_fraction,1.0,3.369081528900875,-7.356364000313694,6.008649809879791
held_out,4,timing,8,mean_timing_loss,0.013752841690876042,0.0017968022345072293,-7.356364000313694,6.008649809879791
held_out,4,timing,8,missing_fraction,0.0,2.0669679276961337,-7.356364000313694,6.008649809879791
held_out,4,timing,8,inserted_fraction,0.0,2.2784448194846694,-7.356364000313694,6.008649809879791
held_out,4,timing,8,unreliable_query_fraction,0.0,0.0814702909182707,-7.356364000313694,6.008649809879791
held_out,4,timing,8,reference_log,1.6094379124341003,0.6509790106976309,-7.356364000313694,6.008649809879791
held_out,4,timing,8,query_log,1.6094379124341003,0.5471623772643888,-7.356364000313694,6.008649809879791
held_out,4,transpose,8,cost,0.0,0.004971102569407562,-7.356364000313694,6.00872598409316
held_out,4,transpose,8,matched_log,1.6094379124341003,0.017125011141894908,-7.356364000313694,6.00872598409316
held_out,4,transpose,8,reference_coverage,1.0,2.0669679276961195,-7.356364000313694,6.00872598409316
held_out,4,transpose,8,query_coverage,1.0,2.2784448194846703,-7.356364000313694,6.00872598409316
held_out,4,transpose,8,mean_pitch_loss,0.0,0.0016502016945512438,-7.356364000313694,6.00872598409316
held_out,4,transpose,8,exact_pitch_fraction,1.0,3.369081528900875,-7.356364000313694,6.00872598409316
held_out,4,transpose,8,mean_timing_loss,0.0,0.001824966858244634,-7.356364000313694,6.00872598409316
held_out,4,transpose,8,missing_fraction,0.0,2.0669679276961337,-7.356364000313694,6.00872598409316
held_out,4,transpose,8,inserted_fraction,0.0,2.2784448194846694,-7.356364000313694,6.00872598409316
held_out,4,transpose,8,unreliable_query_fraction,0.0,0.0814702909182707,-7.356364000313694,6.00872598409316
held_out,4,transpose,8,reference_log,1.6094379124341003,0.6509790106976309,-7.356364000313694,6.00872598409316
held_out,4,transpose,8,query_log,1.6094379124341003,0.5471623772643888,-7.356364000313694,6.00872598409316
held_out,4,weak_present,8,cost,0.175,0.004360197683370138,-7.356364000313694,3.5004254872053133
held_out,4,weak_present,8,matched_log,1.3862943611198906,-0.20693137815060034,-7.356364000313694,3.5004254872053133
held_out,4,weak_present,8,reference_coverage,0.75,0.748986519339778,-7.356364000313694,3.5004254872053133
held_out,4,weak_present,8,query_coverage,1.0,2.2784448194846703,-7.356364000313694,3.5004254872053133
held_out,4,weak_present,8,mean_pitch_loss,0.0,0.0016502016945512438,-7.356364000313694,3.5004254872053133
held_out,4,weak_present,8,exact_pitch_fraction,1.0,3.369081528900875,-7.356364000313694,3.5004254872053133
held_out,4,weak_present,8,mean_timing_loss,0.0,0.001824966858244634,-7.356364000313694,3.5004254872053133
held_out,4,weak_present,8,missing_fraction,0.25,0.7489865193397823,-7.356364000313694,3.5004254872053133
held_out,4,weak_present,8,inserted_fraction,0.0,2.2784448194846694,-7.356364000313694,3.5004254872053133
held_out,4,weak_present,8,unreliable_query_fraction,0.0,0.0814702909182707,-7.356364000313694,3.5004254872053133
held_out,4,weak_present,8,reference_log,1.6094379124341003,0.6509790106976309,-7.356364000313694,3.5004254872053133
held_out,4,weak_present,8,query_log,1.3862943611198906,0.8994919912677667,-7.356364000313694,3.5004254872053133
held_out,6,delete_closed,8,cost,0.15257158538593263,0.004438492700934749,-7.356364000313694,3.62641305412303
held_out,6,delete_closed,8,matched_log,1.791759469228055,0.2001924108711326,-7.356364000313694,3.62641305412303
held_out,6,delete_closed,8,reference_coverage,0.8333333333333334,1.1883136554585592,-7.356364000313694,3.62641305412303
held_out,6,delete_closed,8,query_coverage,1.0,2.2784448194846703,-7.356364000313694,3.62641305412303
held_out,6,delete_closed,8,mean_pitch_loss,0.0,0.0016502016945512438,-7.356364000313694,3.62641305412303
held_out,6,delete_closed,8,exact_pitch_fraction,1.0,3.369081528900875,-7.356364000313694,3.62641305412303
held_out,6,delete_closed,8,mean_timing_loss,0.04308590246311916,0.001736730677058508,-7.356364000313694,3.62641305412303
held_out,6,delete_closed,8,missing_fraction,0.16666666666666666,1.1883136554585663,-7.356364000313694,3.62641305412303
held_out,6,delete_closed,8,inserted_fraction,0.0,2.2784448194846694,-7.356364000313694,3.62641305412303
held_out,6,delete_closed,8,unreliable_query_fraction,0.0,0.0814702909182707,-7.356364000313694,3.62641305412303
held_out,6,delete_closed,8,reference_log,1.9459101490553132,0.13140232713734631,-7.356364000313694,3.62641305412303
held_out,6,delete_closed,8,query_log,1.791759469228055,0.259288121650091,-7.356364000313694,3.62641305412303
held_out,6,delete_detune,8,cost,0.1541642886896928,0.004432932756761749,-7.356364000313694,0.7344944021716513
held_out,6,delete_detune,8,matched_log,1.791759469228055,0.2001924108711326,-7.356364000313694,0.7344944021716513
held_out,6,delete_detune,8,reference_coverage,0.8333333333333334,1.1883136554585592,-7.356364000313694,0.7344944021716513
held_out,6,delete_detune,8,query_coverage,1.0,2.2784448194846703,-7.356364000313694,0.7344944021716513
held_out,6,delete_detune,8,mean_pitch_loss,0.044997146427631377,0.00157255774699101,-7.356364000313694,0.7344944021716513
held_out,6,delete_detune,8,exact_pitch_fraction,0.8,0.47715784466004324,-7.356364000313694,0.7344944021716513
held_out,6,delete_detune,8,mean_timing_loss,0.0,0.001824966858244634,-7.356364000313694,0.7344944021716513
held_out,6,delete_detune,8,missing_fraction,0.16666666666666666,1.1883136554585663,-7.356364000313694,0.7344944021716513
held_out,6,delete_detune,8,inserted_fraction,0.0,2.2784448194846694,-7.356364000313694,0.7344944021716513
held_out,6,delete_detune,8,unreliable_query_fraction,0.0,0.0814702909182707,-7.356364000313694,0.7344944021716513
held_out,6,delete_detune,8,reference_log,1.9459101490553132,0.13140232713734631,-7.356364000313694,0.7344944021716513
held_out,6,delete_detune,8,query_log,1.791759469228055,0.259288121650091,-7.356364000313694,0.7344944021716513
held_out,6,delete_insert,8,cost,0.2333333333333333,0.004156562721357664,-7.356364000313694,1.107554582645995
held_out,6,delete_insert,8,matched_log,1.791759469228055,0.2001924108711326,-7.356364000313694,1.107554582645995
held_out,6,delete_insert,8,reference_coverage,0.8333333333333334,1.1883136554585592,-7.356364000313694,1.107554582645995
held_out,6,delete_insert,8,query_coverage,0.8333333333333334,1.1408095381844763,-7.356364000313694,1.107554582645995
held_out,6,delete_insert,8,mean_pitch_loss,0.0,0.0016502016945512438,-7.356364000313694,1.107554582645995
held_out,6,delete_insert,8,exact_pitch_fraction,1.0,3.369081528900875,-7.356364000313694,1.107554582645995
held_out,6,delete_insert,8,mean_timing_loss,0.0,0.001824966858244634,-7.356364000313694,1.107554582645995
held_out,6,delete_insert,8,missing_fraction,0.16666666666666666,1.1883136554585663,-7.356364000313694,1.107554582645995
held_out,6,delete_insert,8,inserted_fraction,0.16666666666666666,1.1408095381844727,-7.356364000313694,1.107554582645995
held_out,6,delete_insert,8,unreliable_query_fraction,0.0,0.0814702909182707,-7.356364000313694,1.107554582645995
held_out,6,delete_insert,8,reference_log,1.9459101490553132,0.13140232713734631,-7.356364000313694,1.107554582645995
held_out,6,delete_insert,8,query_log,1.9459101490553132,0.01589390657183692,-7.356364000313694,1.107554582645995
held_out,6,delete_rest,8,cost,0.11666666666666665,0.004563832645382612,-7.356364000313694,3.6266266302486647
held_out,6,delete_rest,8,matched_log,1.791759469228055,0.2001924108711326,-7.356364000313694,3.6266266302486647
held_out,6,delete_rest,8,reference_coverage,0.8333333333333334,1.1883136554585592,-7.356364000313694,3.6266266302486647
held_out,6,delete_rest,8,query_coverage,1.0,2.2784448194846703,-7.356364000313694,3.6266266302486647
held_out,6,delete_rest,8,mean_pitch_loss,0.0,0.0016502016945512438,-7.356364000313694,3.6266266302486647
held_out,6,delete_rest,8,exact_pitch_fraction,1.0,3.369081528900875,-7.356364000313694,3.6266266302486647
held_out,6,delete_rest,8,mean_timing_loss,0.0,0.001824966858244634,-7.356364000313694,3.6266266302486647
held_out,6,delete_rest,8,missing_fraction,0.16666666666666666,1.1883136554585663,-7.356364000313694,3.6266266302486647
held_out,6,delete_rest,8,inserted_fraction,0.0,2.2784448194846694,-7.356364000313694,3.6266266302486647
held_out,6,delete_rest,8,unreliable_query_fraction,0.0,0.0814702909182707,-7.356364000313694,3.6266266302486647
held_out,6,delete_rest,8,reference_log,1.9459101490553132,0.13140232713734631,-7.356364000313694,3.6266266302486647
held_out,6,delete_rest,8,query_log,1.791759469228055,0.259288121650091,-7.356364000313694,3.6266266302486647
held_out,6,delete_timing,8,cost,0.12998956577406373,0.004517323935891798,-7.356364000313694,3.6265473805727124
held_out,6,delete_timing,8,matched_log,1.791759469228055,0.2001924108711326,-7.356364000313694,3.6265473805727124
held_out,6,delete_timing,8,reference_coverage,0.8333333333333334,1.1883136554585592,-7.356364000313694,3.6265473805727124
held_out,6,delete_timing,8,query_coverage,1.0,2.2784448194846703,-7.356364000313694,3.6265473805727124
held_out,6,delete_timing,8,mean_pitch_loss,0.0,0.0016502016945512438,-7.356364000313694,3.6265473805727124
held_out,6,delete_timing,8,exact_pitch_fraction,1.0,3.369081528900875,-7.356364000313694,3.6265473805727124
held_out,6,delete_timing,8,mean_timing_loss,0.015987478928876468,0.001792225891783847,-7.356364000313694,3.6265473805727124
held_out,6,delete_timing,8,missing_fraction,0.16666666666666666,1.1883136554585663,-7.356364000313694,3.6265473805727124
held_out,6,delete_timing,8,inserted_fraction,0.0,2.2784448194846694,-7.356364000313694,3.6265473805727124
held_out,6,delete_timing,8,unreliable_query_fraction,0.0,0.0814702909182707,-7.356364000313694,3.6265473805727124
held_out,6,delete_timing,8,reference_log,1.9459101490553132,0.13140232713734631,-7.356364000313694,3.6265473805727124
held_out,6,delete_timing,8,query_log,1.791759469228055,0.259288121650091,-7.356364000313694,3.6265473805727124
held_out,6,delete_transpose,8,cost,0.11666666666666665,0.004563832645382612,-7.356364000313694,3.6266266302486647
held_out,6,delete_transpose,8,matched_log,1.791759469228055,0.2001924108711326,-7.356364000313694,3.6266266302486647
held_out,6,delete_transpose,8,reference_coverage,0.8333333333333334,1.1883136554585592,-7.356364000313694,3.6266266302486647
held_out,6,delete_transpose,8,query_coverage,1.0,2.2784448194846703,-7.356364000313694,3.6266266302486647
held_out,6,delete_transpose,8,mean_pitch_loss,0.0,0.0016502016945512438,-7.356364000313694,3.6266266302486647
held_out,6,delete_transpose,8,exact_pitch_fraction,1.0,3.369081528900875,-7.356364000313694,3.6266266302486647
held_out,6,delete_transpose,8,mean_timing_loss,0.0,0.001824966858244634,-7.356364000313694,3.6266266302486647
held_out,6,delete_transpose,8,missing_fraction,0.16666666666666666,1.1883136554585663,-7.356364000313694,3.6266266302486647
held_out,6,delete_transpose,8,inserted_fraction,0.0,2.2784448194846694,-7.356364000313694,3.6266266302486647
held_out,6,delete_transpose,8,unreliable_query_fraction,0.0,0.0814702909182707,-7.356364000313694,3.6266266302486647
held_out,6,delete_transpose,8,reference_log,1.9459101490553132,0.13140232713734631,-7.356364000313694,3.6266266302486647
held_out,6,delete_transpose,8,query_log,1.791759469228055,0.259288121650091,-7.356364000313694,3.6266266302486647
held_out,6,delete_two,8,cost,0.2333333333333333,0.004156562721357664,-7.356364000313694,1.97371767173457
held_out,6,delete_two,8,matched_log,1.6094379124341003,0.017125011141894908,-7.356364000313694,1.97371767173457
held_out,6,delete_two,8,reference_coverage,0.6666666666666666,0.30965938322099723,-7.356364000313694,1.97371767173457
held_out,6,delete_two,8,query_coverage,1.0,2.2784448194846703,-7.356364000313694,1.97371767173457
held_out,6,delete_two,8,mean_pitch_loss,0.0,0.0016502016945512438,-7.356364000313694,1.97371767173457
held_out,6,delete_two,8,exact_pitch_fraction,1.0,3.369081528900875,-7.356364000313694,1.97371767173457
held_out,6,delete_two,8,mean_timing_loss,0.0,0.001824966858244634,-7.356364000313694,1.97371767173457
held_out,6,delete_two,8,missing_fraction,0.3333333333333333,0.3096593832209988,-7.356364000313694,1.97371767173457
held_out,6,delete_two,8,inserted_fraction,0.0,2.2784448194846694,-7.356364000313694,1.97371767173457
held_out,6,delete_two,8,unreliable_query_fraction,0.0,0.0814702909182707,-7.356364000313694,1.97371767173457
held_out,6,delete_two,8,reference_log,1.9459101490553132,0.13140232713734631,-7.356364000313694,1.97371767173457
held_out,6,delete_two,8,query_log,1.6094379124341003,0.5471623772643888,-7.356364000313694,1.97371767173457
held_out,6,detune,8,cost,0.03749762202302615,0.004840202680786699,-7.356364000313694,2.885597503901095
held_out,6,detune,8,matched_log,1.9459101490553132,0.3549736919149446,-7.356364000313694,2.885597503901095
held_out,6,detune,8,reference_coverage,1.0,2.0669679276961195,-7.356364000313694,2.885597503901095
held_out,6,detune,8,query_coverage,1.0,2.2784448194846703,-7.356364000313694,2.885597503901095
held_out,6,detune,8,mean_pitch_loss,0.03749762202302615,0.0015854984049177155,-7.356364000313694,2.885597503901095
held_out,6,detune,8,exact_pitch_fraction,0.8333333333333334,0.9591451253668487,-7.356364000313694,2.885597503901095
held_out,6,detune,8,mean_timing_loss,0.0,0.001824966858244634,-7.356364000313694,2.885597503901095
held_out,6,detune,8,missing_fraction,0.0,2.0669679276961337,-7.356364000313694,2.885597503901095
held_out,6,detune,8,inserted_fraction,0.0,2.2784448194846694,-7.356364000313694,2.885597503901095
held_out,6,detune,8,unreliable_query_fraction,0.0,0.0814702909182707,-7.356364000313694,2.885597503901095
held_out,6,detune,8,reference_log,1.9459101490553132,0.13140232713734631,-7.356364000313694,2.885597503901095
held_out,6,detune,8,query_log,1.9459101490553132,0.01589390657183692,-7.356364000313694,2.885597503901095
held_out,6,exact,8,cost,0.0,0.004971102569407562,-7.356364000313694,5.295729510613374
held_out,6,exact,8,matched_log,1.9459101490553132,0.3549736919149446,-7.356364000313694,5.295729510613374
held_out,6,exact,8,reference_coverage,1.0,2.0669679276961195,-7.356364000313694,5.295729510613374
held_out,6,exact,8,query_coverage,1.0,2.2784448194846703,-7.356364000313694,5.295729510613374
held_out,6,exact,8,mean_pitch_loss,0.0,0.0016502016945512438,-7.356364000313694,5.295729510613374
held_out,6,exact,8,exact_pitch_fraction,1.0,3.369081528900875,-7.356364000313694,5.295729510613374
held_out,6,exact,8,mean_timing_loss,0.0,0.001824966858244634,-7.356364000313694,5.295729510613374
held_out,6,exact,8,missing_fraction,0.0,2.0669679276961337,-7.356364000313694,5.295729510613374
held_out,6,exact,8,inserted_fraction,0.0,2.2784448194846694,-7.356364000313694,5.295729510613374
held_out,6,exact,8,unreliable_query_fraction,0.0,0.0814702909182707,-7.356364000313694,5.295729510613374
held_out,6,exact,8,reference_log,1.9459101490553132,0.13140232713734631,-7.356364000313694,5.295729510613374
held_out,6,exact,8,query_log,1.9459101490553132,0.01589390657183692,-7.356364000313694,5.295729510613374
held_out,6,insert,8,cost,0.09999999999999999,0.004622014063100462,-7.356364000313694,3.13431085212435
held_out,6,insert,8,matched_log,1.9459101490553132,0.3549736919149446,-7.356364000313694,3.13431085212435
held_out,6,insert,8,reference_coverage,1.0,2.0669679276961195,-7.356364000313694,3.13431085212435
held_out,6,insert,8,query_coverage,0.8571428571428571,1.3033288640845033,-7.356364000313694,3.13431085212435
held_out,6,insert,8,mean_pitch_loss,0.0,0.0016502016945512438,-7.356364000313694,3.13431085212435
held_out,6,insert,8,exact_pitch_fraction,1.0,3.369081528900875,-7.356364000313694,3.13431085212435
held_out,6,insert,8,mean_timing_loss,0.0,0.001824966858244634,-7.356364000313694,3.13431085212435
held_out,6,insert,8,missing_fraction,0.0,2.0669679276961337,-7.356364000313694,3.13431085212435
held_out,6,insert,8,inserted_fraction,0.14285714285714285,1.3033288640845007,-7.356364000313694,3.13431085212435
held_out,6,insert,8,unreliable_query_fraction,0.0,0.0814702909182707,-7.356364000313694,3.13431085212435
held_out,6,insert,8,reference_log,1.9459101490553132,0.13140232713734631,-7.356364000313694,3.13431085212435
held_out,6,insert,8,query_log,2.0794415416798357,-0.1949437526105442,-7.356364000313694,3.13431085212435
held_out,6,legitimate_rest,8,cost,0.023320727689672922,0.004889692589455736,-7.356364000313694,5.295600341811251
held_out,6,legitimate_rest,8,matched_log,1.9459101490553132,0.3549736919149446,-7.356364000313694,5.295600341811251
held_out,6,legitimate_rest,8,reference_coverage,1.0,2.0669679276961195,-7.356364000313694,5.295600341811251
held_out,6,legitimate_rest,8,query_coverage,1.0,2.2784448194846703,-7.356364000313694,5.295600341811251
held_out,6,legitimate_rest,8,mean_pitch_loss,0.0,0.0016502016945512438,-7.356364000313694,5.295600341811251
held_out,6,legitimate_rest,8,exact_pitch_fraction,1.0,3.369081528900875,-7.356364000313694,5.295600341811251
held_out,6,legitimate_rest,8,mean_timing_loss,0.023320727689672922,0.0017772080360735148,-7.356364000313694,5.295600341811251
held_out,6,legitimate_rest,8,missing_fraction,0.0,2.0669679276961337,-7.356364000313694,5.295600341811251
held_out,6,legitimate_rest,8,inserted_fraction,0.0,2.2784448194846694,-7.356364000313694,5.295600341811251
held_out,6,legitimate_rest,8,unreliable_query_fraction,0.0,0.0814702909182707,-7.356364000313694,5.295600341811251
held_out,6,legitimate_rest,8,reference_log,1.9459101490553132,0.13140232713734631,-7.356364000313694,5.295600341811251
held_out,6,legitimate_rest,8,query_log,1.9459101490553132,0.01589390657183692,-7.356364000313694,5.295600341811251
held_out,6,mask_absent,8,cost,0.11666666666666665,0.004563832645382612,-7.356364000313694,3.2096787563371274
held_out,6,mask_absent,8,matched_log,1.791759469228055,0.2001924108711326,-7.356364000313694,3.2096787563371274
held_out,6,mask_absent,8,reference_coverage,0.8333333333333334,1.1883136554585592,-7.356364000313694,3.2096787563371274
held_out,6,mask_absent,8,query_coverage,1.0,2.2784448194846703,-7.356364000313694,3.2096787563371274
held_out,6,mask_absent,8,mean_pitch_loss,0.0,0.0016502016945512438,-7.356364000313694,3.2096787563371274
held_out,6,mask_absent,8,exact_pitch_fraction,1.0,3.369081528900875,-7.356364000313694,3.2096787563371274
held_out,6,mask_absent,8,mean_timing_loss,0.0,0.001824966858244634,-7.356364000313694,3.2096787563371274
held_out,6,mask_absent,8,missing_fraction,0.16666666666666666,1.1883136554585663,-7.356364000313694,3.2096787563371274
held_out,6,mask_absent,8,inserted_fraction,0.0,2.2784448194846694,-7.356364000313694,3.2096787563371274
held_out,6,mask_absent,8,unreliable_query_fraction,0.16666666666666663,-0.3354775829932674,-7.356364000313694,3.2096787563371274
held_out,6,mask_absent,8,reference_log,1.9459101490553132,0.13140232713734631,-7.356364000313694,3.2096787563371274
held_out,6,mask_absent,8,query_log,1.791759469228055,0.259288121650091,-7.356364000313694,3.2096787563371274
held_out,6,mask_present,8,cost,0.11666666666666665,0.004563832645382612,-7.356364000313694,3.2096787563371274
held_out,6,mask_present,8,matched_log,1.791759469228055,0.2001924108711326,-7.356364000313694,3.2096787563371274
held_out,6,mask_present,8,reference_coverage,0.8333333333333334,1.1883136554585592,-7.356364000313694,3.2096787563371274
held_out,6,mask_present,8,query_coverage,1.0,2.2784448194846703,-7.356364000313694,3.2096787563371274
held_out,6,mask_present,8,mean_pitch_loss,0.0,0.0016502016945512438,-7.356364000313694,3.2096787563371274
held_out,6,mask_present,8,exact_pitch_fraction,1.0,3.369081528900875,-7.356364000313694,3.2096787563371274
held_out,6,mask_present,8,mean_timing_loss,0.0,0.001824966858244634,-7.356364000313694,3.2096787563371274
held_out,6,mask_present,8,missing_fraction,0.16666666666666666,1.1883136554585663,-7.356364000313694,3.2096787563371274
held_out,6,mask_present,8,inserted_fraction,0.0,2.2784448194846694,-7.356364000313694,3.2096787563371274
held_out,6,mask_present,8,unreliable_query_fraction,0.16666666666666663,-0.3354775829932674,-7.356364000313694,3.2096787563371274
held_out,6,mask_present,8,reference_log,1.9459101490553132,0.13140232713734631,-7.356364000313694,3.2096787563371274
held_out,6,mask_present,8,query_log,1.791759469228055,0.259288121650091,-7.356364000313694,3.2096787563371274
held_out,6,merged,8,cost,0.21358249088128406,0.004225510642256591,-7.356364000313694,1.2886585374724104
held_out,6,merged,8,matched_log,1.6550183016325888,0.06289186107420433,-7.356364000313694,1.2886585374724104
held_out,6,merged,8,reference_coverage,0.7083333333333333,0.5293229512803876,-7.356364000313694,1.2886585374724104
held_out,6,merged,8,query_coverage,1.0,2.2784448194846703,-7.356364000313694,1.2886585374724104
held_out,6,merged,8,mean_pitch_loss,0.011298989057540895,0.0016307049445678128,-7.356364000313694,1.2886585374724104
held_out,6,merged,8,exact_pitch_fraction,0.95,2.6461006078406673,-7.356364000313694,1.2886585374724104
held_out,6,merged,8,mean_timing_loss,0.0,0.001824966858244634,-7.356364000313694,1.2886585374724104
held_out,6,merged,8,missing_fraction,0.29166666666666663,0.5293229512803906,-7.356364000313694,1.2886585374724104
held_out,6,merged,8,inserted_fraction,0.0,2.2784448194846694,-7.356364000313694,1.2886585374724104
held_out,6,merged,8,unreliable_query_fraction,0.14999999999999997,-0.29378279560211357,-7.356364000313694,1.2886585374724104
held_out,6,merged,8,reference_log,1.9459101490553132,0.13140232713734631,-7.356364000313694,1.2886585374724104
held_out,6,merged,8,query_log,1.6550183016325888,0.47519381336081434,-7.356364000313694,1.2886585374724104
held_out,6,substitute,8,cost,0.2333333333333333,0.004156562721357664,-7.356364000313694,1.107554582645995
held_out,6,substitute,8,matched_log,1.791759469228055,0.2001924108711326,-7.356364000313694,1.107554582645995
held_out,6,substitute,8,reference_coverage,0.8333333333333334,1.1883136554585592,-7.356364000313694,1.107554582645995
held_out,6,substitute,8,query_coverage,0.8333333333333334,1.1408095381844763,-7.356364000313694,1.107554582645995
held_out,6,substitute,8,mean_pitch_loss,0.0,0.0016502016945512438,-7.356364000313694,1.107554582645995
held_out,6,substitute,8,exact_pitch_fraction,1.0,3.369081528900875,-7.356364000313694,1.107554582645995
held_out,6,substitute,8,mean_timing_loss,0.0,0.001824966858244634,-7.356364000313694,1.107554582645995
held_out,6,substitute,8,missing_fraction,0.16666666666666666,1.1883136554585663,-7.356364000313694,1.107554582645995
held_out,6,substitute,8,inserted_fraction,0.16666666666666666,1.1408095381844727,-7.356364000313694,1.107554582645995
held_out,6,substitute,8,unreliable_query_fraction,0.0,0.0814702909182707,-7.356364000313694,1.107554582645995
held_out,6,substitute,8,reference_log,1.9459101490553132,0.13140232713734631,-7.356364000313694,1.107554582645995
held_out,6,substitute,8,query_log,1.9459101490553132,0.01589390657183692,-7.356364000313694,1.107554582645995
held_out,6,timing,8,cost,0.013333331445852916,0.004924557441822259,-7.356364000313694,5.2956556599825495
held_out,6,timing,8,matched_log,1.9459101490553132,0.3549736919149446,-7.356364000313694,5.2956556599825495
held_out,6,timing,8,reference_coverage,1.0,2.0669679276961195,-7.356364000313694,5.2956556599825495
held_out,6,timing,8,query_coverage,1.0,2.2784448194846703,-7.356364000313694,5.2956556599825495
held_out,6,timing,8,mean_pitch_loss,0.0,0.0016502016945512438,-7.356364000313694,5.2956556599825495
held_out,6,timing,8,exact_pitch_fraction,1.0,3.369081528900875,-7.356364000313694,5.2956556599825495
held_out,6,timing,8,mean_timing_loss,0.013333331445852916,0.0017976613550054245,-7.356364000313694,5.2956556599825495
held_out,6,timing,8,missing_fraction,0.0,2.0669679276961337,-7.356364000313694,5.2956556599825495
held_out,6,timing,8,inserted_fraction,0.0,2.2784448194846694,-7.356364000313694,5.2956556599825495
held_out,6,timing,8,unreliable_query_fraction,0.0,0.0814702909182707,-7.356364000313694,5.2956556599825495
held_out,6,timing,8,reference_log,1.9459101490553132,0.13140232713734631,-7.356364000313694,5.2956556599825495
held_out,6,timing,8,query_log,1.9459101490553132,0.01589390657183692,-7.356364000313694,5.2956556599825495
held_out,6,transpose,8,cost,0.0,0.004971102569407562,-7.356364000313694,5.295729510613374
held_out,6,transpose,8,matched_log,1.9459101490553132,0.3549736919149446,-7.356364000313694,5.295729510613374
held_out,6,transpose,8,reference_coverage,1.0,2.0669679276961195,-7.356364000313694,5.295729510613374
held_out,6,transpose,8,query_coverage,1.0,2.2784448194846703,-7.356364000313694,5.295729510613374
held_out,6,transpose,8,mean_pitch_loss,0.0,0.0016502016945512438,-7.356364000313694,5.295729510613374
held_out,6,transpose,8,exact_pitch_fraction,1.0,3.369081528900875,-7.356364000313694,5.295729510613374
held_out,6,transpose,8,mean_timing_loss,0.0,0.001824966858244634,-7.356364000313694,5.295729510613374
held_out,6,transpose,8,missing_fraction,0.0,2.0669679276961337,-7.356364000313694,5.295729510613374
held_out,6,transpose,8,inserted_fraction,0.0,2.2784448194846694,-7.356364000313694,5.295729510613374
held_out,6,transpose,8,unreliable_query_fraction,0.0,0.0814702909182707,-7.356364000313694,5.295729510613374
held_out,6,transpose,8,reference_log,1.9459101490553132,0.13140232713734631,-7.356364000313694,5.295729510613374
held_out,6,transpose,8,query_log,1.9459101490553132,0.01589390657183692,-7.356364000313694,5.295729510613374
held_out,6,weak_present,8,cost,0.11666666666666665,0.004563832645382612,-7.356364000313694,3.6266266302486647
held_out,6,weak_present,8,matched_log,1.791759469228055,0.2001924108711326,-7.356364000313694,3.6266266302486647
held_out,6,weak_present,8,reference_coverage,0.8333333333333334,1.1883136554585592,-7.356364000313694,3.6266266302486647
held_out,6,weak_present,8,query_coverage,1.0,2.2784448194846703,-7.356364000313694,3.6266266302486647
held_out,6,weak_present,8,mean_pitch_loss,0.0,0.0016502016945512438,-7.356364000313694,3.6266266302486647
held_out,6,weak_present,8,exact_pitch_fraction,1.0,3.369081528900875,-7.356364000313694,3.6266266302486647
held_out,6,weak_present,8,mean_timing_loss,0.0,0.001824966858244634,-7.356364000313694,3.6266266302486647
held_out,6,weak_present,8,missing_fraction,0.16666666666666666,1.1883136554585663,-7.356364000313694,3.6266266302486647
held_out,6,weak_present,8,inserted_fraction,0.0,2.2784448194846694,-7.356364000313694,3.6266266302486647
held_out,6,weak_present,8,unreliable_query_fraction,0.0,0.0814702909182707,-7.356364000313694,3.6266266302486647
held_out,6,weak_present,8,reference_log,1.9459101490553132,0.13140232713734631,-7.356364000313694,3.6266266302486647
held_out,6,weak_present,8,query_log,1.791759469228055,0.259288121650091,-7.356364000313694,3.6266266302486647
held_out,8,delete_closed,8,cost,0.12936717524741276,0.004519496629684681,-7.356364000313694,3.5123615488779043
held_out,8,delete_closed,8,matched_log,2.0794415416798357,0.4890513361598394,-7.356364000313694,3.5123615488779043
held_out,8,delete_closed,8,reference_coverage,0.875,1.4079772235179495,-7.356364000313694,3.5123615488779043
held_out,8,delete_closed,8,query_coverage,1.0,2.2784448194846703,-7.356364000313694,3.5123615488779043
held_out,8,delete_closed,8,mean_pitch_loss,0.0,0.0016502016945512438,-7.356364000313694,3.5123615488779043
held_out,8,delete_closed,8,exact_pitch_fraction,1.0,3.369081528900875,-7.356364000313694,3.5123615488779043
held_out,8,delete_closed,8,mean_timing_loss,0.04784820028275745,0.0017269779052873795,-7.356364000313694,3.5123615488779043
held_out,8,delete_closed,8,missing_fraction,0.125,1.4079772235179582,-7.356364000313694,3.5123615488779043
held_out,8,delete_closed,8,inserted_fraction,0.0,2.2784448194846694,-7.356364000313694,3.5123615488779043
held_out,8,delete_closed,8,unreliable_query_fraction,0.0,0.0814702909182707,-7.356364000313694,3.5123615488779043
held_out,8,delete_closed,8,reference_log,2.1972245773362196,-0.2566746164116123,-7.356364000313694,3.5123615488779043
held_out,8,delete_closed,8,query_log,2.0794415416798357,-0.1949437526105442,-7.356364000313694,3.5123615488779043
held_out,8,delete_detune,8,cost,0.11564288395456969,0.004567406553160102,-7.356364000313694,1.4467921745491852
held_out,8,delete_detune,8,matched_log,2.0794415416798357,0.4890513361598394,-7.356364000313694,1.4467921745491852
held_out,8,delete_detune,8,reference_coverage,0.875,1.4079772235179495,-7.356364000313694,1.4467921745491852
held_out,8,delete_detune,8,query_coverage,1.0,2.2784448194846703,-7.356364000313694,1.4467921745491852
held_out,8,delete_detune,8,mean_pitch_loss,0.03216329594807965,0.0015947029471368196,-7.356364000313694,1.4467921745491852
held_out,8,delete_detune,8,exact_pitch_fraction,0.8571428571428571,1.3034217544431372,-7.356364000313694,1.4467921745491852
held_out,8,delete_detune,8,mean_timing_loss,0.0,0.001824966858244634,-7.356364000313694,1.4467921745491852
held_out,8,delete_detune,8,missing_fraction,0.125,1.4079772235179582,-7.356364000313694,1.4467921745491852
held_out,8,delete_detune,8,inserted_fraction,0.0,2.2784448194846694,-7.356364000313694,1.4467921745491852
held_out,8,delete_detune,8,unreliable_query_fraction,0.0,0.0814702909182707,-7.356364000313694,1.4467921745491852
held_out,8,delete_detune,8,reference_log,2.1972245773362196,-0.2566746164116123,-7.356364000313694,1.4467921745491852
held_out,8,delete_detune,8,query_log,2.0794415416798357,-0.1949437526105442,-7.356364000313694,1.4467921745491852
held_out,8,delete_insert,8,cost,0.175,0.004360197683370138,-7.356364000313694,1.619875321577216
held_out,8,delete_insert,8,matched_log,2.0794415416798357,0.4890513361598394,-7.356364000313694,1.619875321577216
held_out,8,delete_insert,8,reference_coverage,0.875,1.4079772235179495,-7.356364000313694,1.619875321577216
held_out,8,delete_insert,8,query_coverage,0.875,1.4252183585095244,-7.356364000313694,1.619875321577216
held_out,8,delete_insert,8,mean_pitch_loss,0.0,0.0016502016945512438,-7.356364000313694,1.619875321577216
held_out,8,delete_insert,8,exact_pitch_fraction,1.0,3.369081528900875,-7.356364000313694,1.619875321577216
held_out,8,delete_insert,8,mean_timing_loss,0.0,0.001824966858244634,-7.356364000313694,1.619875321577216
held_out,8,delete_insert,8,missing_fraction,0.125,1.4079772235179582,-7.356364000313694,1.619875321577216
held_out,8,delete_insert,8,inserted_fraction,0.125,1.425218358509522,-7.356364000313694,1.619875321577216
held_out,8,delete_insert,8,unreliable_query_fraction,0.0,0.0814702909182707,-7.356364000313694,1.619875321577216
held_out,8,delete_insert,8,reference_log,2.1972245773362196,-0.2566746164116123,-7.356364000313694,1.619875321577216
held_out,8,delete_insert,8,query_log,2.1972245773362196,-0.38091574796758504,-7.356364000313694,1.619875321577216
held_out,8,delete_rest,8,cost,0.0875,0.00466565012638885,-7.356364000313694,3.5126056913275656
held_out,8,delete_rest,8,matched_log,2.0794415416798357,0.4890513361598394,-7.356364000313694,3.5126056913275656
held_out,8,delete_rest,8,reference_coverage,0.875,1.4079772235179495,-7.356364000313694,3.5126056913275656
held_out,8,delete_rest,8,query_coverage,1.0,2.2784448194846703,-7.356364000313694,3.5126056913275656
held_out,8,delete_rest,8,mean_pitch_loss,0.0,0.0016502016945512438,-7.356364000313694,3.5126056913275656
held_out,8,delete_rest,8,exact_pitch_fraction,1.0,3.369081528900875,-7.356364000313694,3.5126056913275656
held_out,8,delete_rest,8,mean_timing_loss,0.0,0.001824966858244634,-7.356364000313694,3.5126056913275656
held_out,8,delete_rest,8,missing_fraction,0.125,1.4079772235179582,-7.356364000313694,3.5126056913275656
held_out,8,delete_rest,8,inserted_fraction,0.0,2.2784448194846694,-7.356364000313694,3.5126056913275656
held_out,8,delete_rest,8,unreliable_query_fraction,0.0,0.0814702909182707,-7.356364000313694,3.5126056913275656
held_out,8,delete_rest,8,reference_log,2.1972245773362196,-0.2566746164116123,-7.356364000313694,3.5126056913275656
held_out,8,delete_rest,8,query_log,2.0794415416798357,-0.1949437526105442,-7.356364000313694,3.5126056913275656
held_out,8,delete_timing,8,cost,0.09749999485909938,0.004630741293704433,-7.356364000313694,3.512547377786537
held_out,8,delete_timing,8,matched_log,2.0794415416798357,0.4890513361598394,-7.356364000313694,3.512547377786537
held_out,8,delete_timing,8,reference_coverage,0.875,1.4079772235179495,-7.356364000313694,3.512547377786537
held_out,8,delete_timing,8,query_coverage,1.0,2.2784448194846703,-7.356364000313694,3.512547377786537
held_out,8,delete_timing,8,mean_pitch_loss,0.0,0.0016502016945512438,-7.356364000313694,3.512547377786537
held_out,8,delete_timing,8,exact_pitch_fraction,1.0,3.369081528900875,-7.356364000313694,3.512547377786537
held_out,8,delete_timing,8,mean_timing_loss,0.011428565553256444,0.0018015621499013923,-7.356364000313694,3.512547377786537
held_out,8,delete_timing,8,missing_fraction,0.125,1.4079772235179582,-7.356364000313694,3.512547377786537
held_out,8,delete_timing,8,inserted_fraction,0.0,2.2784448194846694,-7.356364000313694,3.512547377786537
held_out,8,delete_timing,8,unreliable_query_fraction,0.0,0.0814702909182707,-7.356364000313694,3.512547377786537
held_out,8,delete_timing,8,reference_log,2.1972245773362196,-0.2566746164116123,-7.356364000313694,3.512547377786537
held_out,8,delete_timing,8,query_log,2.0794415416798357,-0.1949437526105442,-7.356364000313694,3.512547377786537
held_out,8,delete_transpose,8,cost,0.0875,0.00466565012638885,-7.356364000313694,3.5126056913275656
held_out,8,delete_transpose,8,matched_log,2.0794415416798357,0.4890513361598394,-7.356364000313694,3.5126056913275656
held_out,8,delete_transpose,8,reference_coverage,0.875,1.4079772235179495,-7.356364000313694,3.5126056913275656
held_out,8,delete_transpose,8,query_coverage,1.0,2.2784448194846703,-7.356364000313694,3.5126056913275656
held_out,8,delete_transpose,8,mean_pitch_loss,0.0,0.0016502016945512438,-7.356364000313694,3.5126056913275656
held_out,8,delete_transpose,8,exact_pitch_fraction,1.0,3.369081528900875,-7.356364000313694,3.5126056913275656
held_out,8,delete_transpose,8,mean_timing_loss,0.0,0.001824966858244634,-7.356364000313694,3.5126056913275656
held_out,8,delete_transpose,8,missing_fraction,0.125,1.4079772235179582,-7.356364000313694,3.5126056913275656
held_out,8,delete_transpose,8,inserted_fraction,0.0,2.2784448194846694,-7.356364000313694,3.5126056913275656
held_out,8,delete_transpose,8,unreliable_query_fraction,0.0,0.0814702909182707,-7.356364000313694,3.5126056913275656
held_out,8,delete_transpose,8,reference_log,2.1972245773362196,-0.2566746164116123,-7.356364000313694,3.5126056913275656
held_out,8,delete_transpose,8,query_log,2.0794415416798357,-0.1949437526105442,-7.356364000313694,3.5126056913275656
held_out,8,delete_two,8,cost,0.175,0.004360197683370138,-7.356364000313694,2.271078845465687
held_out,8,delete_two,8,matched_log,1.9459101490553132,0.3549736919149446,-7.356364000313694,2.271078845465687
held_out,8,delete_two,8,reference_coverage,0.75,0.748986519339778,-7.356364000313694,2.271078845465687
held_out,8,delete_two,8,query_coverage,1.0,2.2784448194846703,-7.356364000313694,2.271078845465687
held_out,8,delete_two,8,mean_pitch_loss,0.0,0.0016502016945512438,-7.356364000313694,2.271078845465687
held_out,8,delete_two,8,exact_pitch_fraction,1.0,3.369081528900875,-7.356364000313694,2.271078845465687
held_out,8,delete_two,8,mean_timing_loss,0.0,0.001824966858244634,-7.356364000313694,2.271078845465687
held_out,8,delete_two,8,missing_fraction,0.25,0.7489865193397823,-7.356364000313694,2.271078845465687
held_out,8,delete_two,8,inserted_fraction,0.0,2.2784448194846694,-7.356364000313694,2.271078845465687
held_out,8,delete_two,8,unreliable_query_fraction,0.0,0.0814702909182707,-7.356364000313694,2.271078845465687
held_out,8,delete_two,8,reference_log,2.1972245773362196,-0.2566746164116123,-7.356364000313694,2.271078845465687
held_out,8,delete_two,8,query_log,1.9459101490553132,0.01589390657183692,-7.356364000313694,2.271078845465687
held_out,8,detune,8,cost,0.028142884885892273,0.004872858992927675,-7.356364000313694,2.955586312870321
held_out,8,detune,8,matched_log,2.1972245773362196,0.6073161998928658,-7.356364000313694,2.955586312870321
held_out,8,detune,8,reference_coverage,1.0,2.0669679276961195,-7.356364000313694,2.955586312870321
held_out,8,detune,8,query_coverage,1.0,2.2784448194846703,-7.356364000313694,2.955586312870321
held_out,8,detune,8,mean_pitch_loss,0.028142884885892273,0.0016016402889565972,-7.356364000313694,2.955586312870321
held_out,8,detune,8,exact_pitch_fraction,0.875,1.561629226250355,-7.356364000313694,2.955586312870321
held_out,8,detune,8,mean_timing_loss,0.0,0.001824966858244634,-7.356364000313694,2.955586312870321
held_out,8,detune,8,missing_fraction,0.0,2.0669679276961337,-7.356364000313694,2.955586312870321
held_out,8,detune,8,inserted_fraction,0.0,2.2784448194846694,-7.356364000313694,2.955586312870321
held_out,8,detune,8,unreliable_query_fraction,0.0,0.0814702909182707,-7.356364000313694,2.955586312870321
held_out,8,detune,8,reference_log,2.1972245773362196,-0.2566746164116123,-7.356364000313694,2.955586312870321
held_out,8,detune,8,query_log,2.1972245773362196,-0.38091574796758504,-7.356364000313694,2.955586312870321
held_out,8,exact,8,cost,0.0,0.004971102569407562,-7.356364000313694,4.763185420502915
held_out,8,exact,8,matched_log,2.1972245773362196,0.6073161998928658,-7.356364000313694,4.763185420502915
held_out,8,exact,8,reference_coverage,1.0,2.0669679276961195,-7.356364000313694,4.763185420502915
held_out,8,exact,8,query_coverage,1.0,2.2784448194846703,-7.356364000313694,4.763185420502915
held_out,8,exact,8,mean_pitch_loss,0.0,0.0016502016945512438,-7.356364000313694,4.763185420502915
held_out,8,exact,8,exact_pitch_fraction,1.0,3.369081528900875,-7.356364000313694,4.763185420502915
held_out,8,exact,8,mean_timing_loss,0.0,0.001824966858244634,-7.356364000313694,4.763185420502915
held_out,8,exact,8,missing_fraction,0.0,2.0669679276961337,-7.356364000313694,4.763185420502915
held_out,8,exact,8,inserted_fraction,0.0,2.2784448194846694,-7.356364000313694,4.763185420502915
held_out,8,exact,8,unreliable_query_fraction,0.0,0.0814702909182707,-7.356364000313694,4.763185420502915
held_out,8,exact,8,reference_log,2.1972245773362196,-0.2566746164116123,-7.356364000313694,4.763185420502915
held_out,8,exact,8,query_log,2.1972245773362196,-0.38091574796758504,-7.356364000313694,4.763185420502915
held_out,8,insert,8,cost,0.07777777777777778,0.004699589286724263,-7.356364000313694,3.0797092468403013
held_out,8,insert,8,matched_log,2.1972245773362196,0.6073161998928658,-7.356364000313694,3.0797092468403013
held_out,8,insert,8,reference_coverage,1.0,2.0669679276961195,-7.356364000313694,3.0797092468403013
held_out,8,insert,8,query_coverage,0.8888888888888888,1.5200212986178736,-7.356364000313694,3.0797092468403013
held_out,8,insert,8,mean_pitch_loss,0.0,0.0016502016945512438,-7.356364000313694,3.0797092468403013
held_out,8,insert,8,exact_pitch_fraction,1.0,3.369081528900875,-7.356364000313694,3.0797092468403013
held_out,8,insert,8,mean_timing_loss,0.0,0.001824966858244634,-7.356364000313694,3.0797092468403013
held_out,8,insert,8,missing_fraction,0.0,2.0669679276961337,-7.356364000313694,3.0797092468403013
held_out,8,insert,8,inserted_fraction,0.1111111111111111,1.5200212986178718,-7.356364000313694,3.0797092468403013
held_out,8,insert,8,unreliable_query_fraction,0.0,0.0814702909182707,-7.356364000313694,3.0797092468403013
held_out,8,insert,8,reference_log,2.1972245773362196,-0.2566746164116123,-7.356364000313694,3.0797092468403013
held_out,8,insert,8,query_log,2.302585092994046,-0.5472733666139228,-7.356364000313694,3.0797092468403013
held_out,8,legitimate_rest,8,cost,0.023327451900949994,0.004889669116007029,-7.356364000313694,4.763056214456745
held_out,8,legitimate_rest,8,matched_log,2.1972245773362196,0.6073161998928658,-7.356364000313694,4.763056214456745
held_out,8,legitimate_rest,8,reference_coverage,1.0,2.0669679276961195,-7.356364000313694,4.763056214456745
held_out,8,legitimate_rest,8,query_coverage,1.0,2.2784448194846703,-7.356364000313694,4.763056214456745
held_out,8,legitimate_rest,8,mean_pitch_loss,0.0,0.0016502016945512438,-7.356364000313694,4.763056214456745
held_out,8,legitimate_rest,8,exact_pitch_fraction,1.0,3.369081528900875,-7.356364000313694,4.763056214456745
held_out,8,legitimate_rest,8,mean_timing_loss,0.023327451900949994,0.0017771942654736046,-7.356364000313694,4.763056214456745
held_out,8,legitimate_rest,8,missing_fraction,0.0,2.0669679276961337,-7.356364000313694,4.763056214456745
held_out,8,legitimate_rest,8,inserted_fraction,0.0,2.2784448194846694,-7.356364000313694,4.763056214456745
held_out,8,legitimate_rest,8,unreliable_query_fraction,0.0,0.0814702909182707,-7.356364000313694,4.763056214456745
held_out,8,legitimate_rest,8,reference_log,2.1972245773362196,-0.2566746164116123,-7.356364000313694,4.763056214456745
held_out,8,legitimate_rest,8,query_log,2.1972245773362196,-0.38091574796758504,-7.356364000313694,4.763056214456745
held_out,8,mask_absent,8,cost,0.0875,0.00466565012638885,-7.356364000313694,3.199894785893913
held_out,8,mask_absent,8,matched_log,2.0794415416798357,0.4890513361598394,-7.356364000313694,3.199894785893913
held_out,8,mask_absent,8,reference_coverage,0.875,1.4079772235179495,-7.356364000313694,3.199894785893913
held_out,8,mask_absent,8,query_coverage,1.0,2.2784448194846703,-7.356364000313694,3.199894785893913
held_out,8,mask_absent,8,mean_pitch_loss,0.0,0.0016502016945512438,-7.356364000313694,3.199894785893913
held_out,8,mask_absent,8,exact_pitch_fraction,1.0,3.369081528900875,-7.356364000313694,3.199894785893913
held_out,8,mask_absent,8,mean_timing_loss,0.0,0.001824966858244634,-7.356364000313694,3.199894785893913
held_out,8,mask_absent,8,missing_fraction,0.125,1.4079772235179582,-7.356364000313694,3.199894785893913
held_out,8,mask_absent,8,inserted_fraction,0.0,2.2784448194846694,-7.356364000313694,3.199894785893913
held_out,8,mask_absent,8,unreliable_query_fraction,0.125,-0.23124061451538291,-7.356364000313694,3.199894785893913
held_out,8,mask_absent,8,reference_log,2.1972245773362196,-0.2566746164116123,-7.356364000313694,3.199894785893913
held_out,8,mask_absent,8,query_log,2.0794415416798357,-0.1949437526105442,-7.356364000313694,3.199894785893913
held_out,8,mask_present,8,cost,0.0875,0.00466565012638885,-7.356364000313694,3.199894785893913
held_out,8,mask_present,8,matched_log,2.0794415416798357,0.4890513361598394,-7.356364000313694,3.199894785893913
held_out,8,mask_present,8,reference_coverage,0.875,1.4079772235179495,-7.356364000313694,3.199894785893913
held_out,8,mask_present,8,query_coverage,1.0,2.2784448194846703,-7.356364000313694,3.199894785893913
held_out,8,mask_present,8,mean_pitch_loss,0.0,0.0016502016945512438,-7.356364000313694,3.199894785893913
held_out,8,mask_present,8,exact_pitch_fraction,1.0,3.369081528900875,-7.356364000313694,3.199894785893913
held_out,8,mask_present,8,mean_timing_loss,0.0,0.001824966858244634,-7.356364000313694,3.199894785893913
held_out,8,mask_present,8,missing_fraction,0.125,1.4079772235179582,-7.356364000313694,3.199894785893913
held_out,8,mask_present,8,inserted_fraction,0.0,2.2784448194846694,-7.356364000313694,3.199894785893913
held_out,8,mask_present,8,unreliable_query_fraction,0.125,-0.23124061451538291,-7.356364000313694,3.199894785893913
held_out,8,mask_present,8,reference_log,2.1972245773362196,-0.2566746164116123,-7.356364000313694,3.199894785893913
held_out,8,mask_present,8,query_log,2.0794415416798357,-0.1949437526105442,-7.356364000313694,3.199894785893913
held_out,8,merged,8,cost,0.15286601744592188,0.004437464872454443,-7.356364000313694,1.7386057289042318
held_out,8,merged,8,matched_log,1.995984421289509,0.40525280850678014,-7.356364000313694,1.7386057289042318
held_out,8,merged,8,reference_coverage,0.796875,0.9961080334065922,-7.356364000313694,1.7386057289042318
held_out,8,merged,8,query_coverage,1.0,2.2784448194846703,-7.356364000313694,1.7386057289042318
held_out,8,merged,8,mean_pitch_loss,0.012204019938196455,0.0016291432862001866,-7.356364000313694,1.7386057289042318
held_out,8,merged,8,exact_pitch_fraction,0.9464285714285714,2.5944591134792234,-7.356364000313694,1.7386057289042318
held_out,8,merged,8,mean_timing_loss,0.0,0.001824966858244634,-7.356364000313694,1.7386057289042318
held_out,8,merged,8,missing_fraction,0.203125,0.9961080334065981,-7.356364000313694,1.7386057289042318
held_out,8,merged,8,inserted_fraction,0.0,2.2784448194846694,-7.356364000313694,1.7386057289042318
held_out,8,merged,8,unreliable_query_fraction,0.08928571428571432,-0.14189464153433912,-7.356364000313694,1.7386057289042318
held_out,8,merged,8,reference_log,2.1972245773362196,-0.2566746164116123,-7.356364000313694,1.7386057289042318
held_out,8,merged,8,query_log,1.995984421289509,-0.063170215621556,-7.356364000313694,1.7386057289042318
held_out,8,substitute,8,cost,0.175,0.004360197683370138,-7.356364000313694,1.619875321577216
held_out,8,substitute,8,matched_log,2.0794415416798357,0.4890513361598394,-7.356364000313694,1.619875321577216
held_out,8,substitute,8,reference_coverage,0.875,1.4079772235179495,-7.356364000313694,1.619875321577216
held_out,8,substitute,8,query_coverage,0.875,1.4252183585095244,-7.356364000313694,1.619875321577216
held_out,8,substitute,8,mean_pitch_loss,0.0,0.0016502016945512438,-7.356364000313694,1.619875321577216
held_out,8,substitute,8,exact_pitch_fraction,1.0,3.369081528900875,-7.356364000313694,1.619875321577216
held_out,8,substitute,8,mean_timing_loss,0.0,0.001824966858244634,-7.356364000313694,1.619875321577216
held_out,8,substitute,8,missing_fraction,0.125,1.4079772235179582,-7.356364000313694,1.619875321577216
held_out,8,substitute,8,inserted_fraction,0.125,1.425218358509522,-7.356364000313694,1.619875321577216
held_out,8,substitute,8,unreliable_query_fraction,0.0,0.0814702909182707,-7.356364000313694,1.619875321577216
held_out,8,substitute,8,reference_log,2.1972245773362196,-0.2566746164116123,-7.356364000313694,1.619875321577216
held_out,8,substitute,8,query_log,2.1972245773362196,-0.38091574796758504,-7.356364000313694,1.619875321577216
held_out,8,timing,8,cost,0.009999994859099389,0.0049361937367231445,-7.356364000313694,4.763130032550433
held_out,8,timing,8,matched_log,2.1972245773362196,0.6073161998928658,-7.356364000313694,4.763130032550433
held_out,8,timing,8,reference_coverage,1.0,2.0669679276961195,-7.356364000313694,4.763130032550433
held_out,8,timing,8,query_coverage,1.0,2.2784448194846703,-7.356364000313694,4.763130032550433
held_out,8,timing,8,mean_pitch_loss,0.0,0.0016502016945512438,-7.356364000313694,4.763130032550433
held_out,8,timing,8,exact_pitch_fraction,1.0,3.369081528900875,-7.356364000313694,4.763130032550433
held_out,8,timing,8,mean_timing_loss,0.009999994859099389,0.001804487738444297,-7.356364000313694,4.763130032550433
held_out,8,timing,8,missing_fraction,0.0,2.0669679276961337,-7.356364000313694,4.763130032550433
held_out,8,timing,8,inserted_fraction,0.0,2.2784448194846694,-7.356364000313694,4.763130032550433
held_out,8,timing,8,unreliable_query_fraction,0.0,0.0814702909182707,-7.356364000313694,4.763130032550433
held_out,8,timing,8,reference_log,2.1972245773362196,-0.2566746164116123,-7.356364000313694,4.763130032550433
held_out,8,timing,8,query_log,2.1972245773362196,-0.38091574796758504,-7.356364000313694,4.763130032550433
held_out,8,transpose,8,cost,0.0,0.004971102569407562,-7.356364000313694,4.763185420502915
held_out,8,transpose,8,matched_log,2.1972245773362196,0.6073161998928658,-7.356364000313694,4.763185420502915
held_out,8,transpose,8,reference_coverage,1.0,2.0669679276961195,-7.356364000313694,4.763185420502915
held_out,8,transpose,8,query_coverage,1.0,2.2784448194846703,-7.356364000313694,4.763185420502915
held_out,8,transpose,8,mean_pitch_loss,0.0,0.0016502016945512438,-7.356364000313694,4.763185420502915
held_out,8,transpose,8,exact_pitch_fraction,1.0,3.369081528900875,-7.356364000313694,4.763185420502915
held_out,8,transpose,8,mean_timing_loss,0.0,0.001824966858244634,-7.356364000313694,4.763185420502915
held_out,8,transpose,8,missing_fraction,0.0,2.0669679276961337,-7.356364000313694,4.763185420502915
held_out,8,transpose,8,inserted_fraction,0.0,2.2784448194846694,-7.356364000313694,4.763185420502915
held_out,8,transpose,8,unreliable_query_fraction,0.0,0.0814702909182707,-7.356364000313694,4.763185420502915
held_out,8,transpose,8,reference_log,2.1972245773362196,-0.2566746164116123,-7.356364000313694,4.763185420502915
held_out,8,transpose,8,query_log,2.1972245773362196,-0.38091574796758504,-7.356364000313694,4.763185420502915
held_out,8,weak_present,8,cost,0.0875,0.00466565012638885,-7.356364000313694,3.5126056913275656
held_out,8,weak_present,8,matched_log,2.0794415416798357,0.4890513361598394,-7.356364000313694,3.5126056913275656
held_out,8,weak_present,8,reference_coverage,0.875,1.4079772235179495,-7.356364000313694,3.5126056913275656
held_out,8,weak_present,8,query_coverage,1.0,2.2784448194846703,-7.356364000313694,3.5126056913275656
held_out,8,weak_present,8,mean_pitch_loss,0.0,0.0016502016945512438,-7.356364000313694,3.5126056913275656
held_out,8,weak_present,8,exact_pitch_fraction,1.0,3.369081528900875,-7.356364000313694,3.5126056913275656
held_out,8,weak_present,8,mean_timing_loss,0.0,0.001824966858244634,-7.356364000313694,3.5126056913275656
held_out,8,weak_present,8,missing_fraction,0.125,1.4079772235179582,-7.356364000313694,3.5126056913275656
held_out,8,weak_present,8,inserted_fraction,0.0,2.2784448194846694,-7.356364000313694,3.5126056913275656
held_out,8,weak_present,8,unreliable_query_fraction,0.0,0.0814702909182707,-7.356364000313694,3.5126056913275656
held_out,8,weak_present,8,reference_log,2.1972245773362196,-0.2566746164116123,-7.356364000313694,3.5126056913275656
held_out,8,weak_present,8,query_log,2.0794415416798357,-0.1949437526105442,-7.356364000313694,3.5126056913275656
held_out,10,delete_closed,8,cost,0.11660605805223491,0.004564044223089425,-7.356364000313694,3.3378476373251322
held_out,10,delete_closed,8,matched_log,2.302585092994046,0.713107725452335,-7.356364000313694,3.3378476373251322
held_out,10,delete_closed,8,reference_coverage,0.9,1.5397753643535834,-7.356364000313694,3.3378476373251322
held_out,10,delete_closed,8,query_coverage,1.0,2.2784448194846703,-7.356364000313694,3.3378476373251322
held_out,10,delete_closed,8,mean_pitch_loss,0.0,0.0016502016945512438,-7.356364000313694,3.3378476373251322
held_out,10,delete_closed,8,exact_pitch_fraction,1.0,3.369081528900875,-7.356364000313694,3.3378476373251322
held_out,10,delete_closed,8,mean_timing_loss,0.05178450894692769,0.001718916687472723,-7.356364000313694,3.3378476373251322
held_out,10,delete_closed,8,missing_fraction,0.1,1.539775364353593,-7.356364000313694,3.3378476373251322
held_out,10,delete_closed,8,inserted_fraction,0.0,2.2784448194846694,-7.356364000313694,3.3378476373251322
held_out,10,delete_closed,8,unreliable_query_fraction,0.0,0.0814702909182707,-7.356364000313694,3.3378476373251322
held_out,10,delete_closed,8,reference_log,2.3978952727983707,-0.5665480713003624,-7.356364000313694,3.3378476373251322
held_out,10,delete_closed,8,query_log,2.302585092994046,-0.5472733666139228,-7.356364000313694,3.3378476373251322
held_out,10,delete_detune,8,cost,0.09249325275421141,0.004648219254933035,-7.356364000313694,1.731370468179322
held_out,10,delete_detune,8,matched_log,2.302585092994046,0.713107725452335,-7.356364000313694,1.731370468179322
held_out,10,delete_detune,8,reference_coverage,0.9,1.5397753643535834,-7.356364000313694,1.731370468179322
held_out,10,delete_detune,8,query_coverage,1.0,2.2784448194846703,-7.356364000313694,1.731370468179322
held_out,10,delete_detune,8,mean_pitch_loss,0.024992503060234917,0.0016070763688124487,-7.356364000313694,1.731370468179322
held_out,10,delete_detune,8,exact_pitch_fraction,0.8888888888888888,1.7624572598781896,-7.356364000313694,1.731370468179322
held_out,10,delete_detune,8,mean_timing_loss,0.0,0.001824966858244634,-7.356364000313694,1.731370468179322
held_out,10,delete_detune,8,missing_fraction,0.1,1.539775364353593,-7.356364000313694,1.731370468179322
held_out,10,delete_detune,8,inserted_fraction,0.0,2.2784448194846694,-7.356364000313694,1.731370468179322
held_out,10,delete_detune,8,unreliable_query_fraction,0.0,0.0814702909182707,-7.356364000313694,1.731370468179322
held_out,10,delete_detune,8,reference_log,2.3978952727983707,-0.5665480713003624,-7.356364000313694,1.731370468179322
held_out,10,delete_detune,8,query_log,2.302585092994046,-0.5472733666139228,-7.356364000313694,1.731370468179322
held_out,10,delete_insert,8,cost,0.13999999999999999,0.004482378660577623,-7.356364000313694,1.8222209130720062
held_out,10,delete_insert,8,matched_log,2.302585092994046,0.713107725452335,-7.356364000313694,1.8222209130720062
held_out,10,delete_insert,8,reference_coverage,0.9,1.5397753643535834,-7.356364000313694,1.8222209130720062
held_out,10,delete_insert,8,query_coverage,0.9,1.5958636507045538,-7.356364000313694,1.8222209130720062
held_out,10,delete_insert,8,mean_pitch_loss,0.0,0.0016502016945512438,-7.356364000313694,1.8222209130720062
held_out,10,delete_insert,8,exact_pitch_fraction,1.0,3.369081528900875,-7.356364000313694,1.8222209130720062
held_out,10,delete_insert,8,mean_timing_loss,0.0,0.001824966858244634,-7.356364000313694,1.8222209130720062
held_out,10,delete_insert,8,missing_fraction,0.1,1.539775364353593,-7.356364000313694,1.8222209130720062
held_out,10,delete_insert,8,inserted_fraction,0.1,1.5958636507045514,-7.356364000313694,1.8222209130720062
held_out,10,delete_insert,8,unreliable_query_fraction,0.0,0.0814702909182707,-7.356364000313694,1.8222209130720062
held_out,10,delete_insert,8,reference_log,2.3978952727983707,-0.5665480713003624,-7.356364000313694,1.8222209130720062
held_out,10,delete_insert,8,query_log,2.3978952727983707,-0.6977621379150715,-7.356364000313694,1.8222209130720062
held_out,10,delete_rest,8,cost,0.06999999999999999,0.004726740614992592,-7.356364000313694,3.338116383887807
held_out,10,delete_rest,8,matched_log,2.302585092994046,0.713107725452335,-7.356364000313694,3.338116383887807
held_out,10,delete_rest,8,reference_coverage,0.9,1.5397753643535834,-7.356364000313694,3.338116383887807
held_out,10,delete_rest,8,query_coverage,1.0,2.2784448194846703,-7.356364000313694,3.338116383887807
held_out,10,delete_rest,8,mean_pitch_loss,0.0,0.0016502016945512438,-7.356364000313694,3.338116383887807
held_out,10,delete_rest,8,exact_pitch_fraction,1.0,3.369081528900875,-7.356364000313694,3.338116383887807
held_out,10,delete_rest,8,mean_timing_loss,0.0,0.001824966858244634,-7.356364000313694,3.338116383887807
held_out,10,delete_rest,8,missing_fraction,0.1,1.539775364353593,-7.356364000313694,3.338116383887807
held_out,10,delete_rest,8,inserted_fraction,0.0,2.2784448194846694,-7.356364000313694,3.338116383887807
held_out,10,delete_rest,8,unreliable_query_fraction,0.0,0.0814702909182707,-7.356364000313694,3.338116383887807
held_out,10,delete_rest,8,reference_log,2.3978952727983707,-0.5665480713003624,-7.356364000313694,3.338116383887807
held_out,10,delete_rest,8,query_log,2.302585092994046,-0.5472733666139228,-7.356364000313694,3.338116383887807
held_out,10,delete_timing,8,cost,0.07800000929832457,0.004698813502028642,-7.356364000313694,3.3380702530822814
held_out,10,delete_timing,8,matched_log,2.302585092994046,0.713107725452335,-7.356364000313694,3.3380702530822814
held_out,10,delete_timing,8,reference_coverage,0.9,1.5397753643535834,-7.356364000313694,3.3380702530822814
held_out,10,delete_timing,8,query_coverage,1.0,2.2784448194846703,-7.356364000313694,3.3380702530822814
held_out,10,delete_timing,8,mean_pitch_loss,0.0,0.0016502016945512438,-7.356364000313694,3.3380702530822814
held_out,10,delete_timing,8,exact_pitch_fraction,1.0,3.369081528900875,-7.356364000313694,3.3380702530822814
held_out,10,delete_timing,8,mean_timing_loss,0.008888899220360652,0.001806763165683608,-7.356364000313694,3.3380702530822814
held_out,10,delete_timing,8,missing_fraction,0.1,1.539775364353593,-7.356364000313694,3.3380702530822814
held_out,10,delete_timing,8,inserted_fraction,0.0,2.2784448194846694,-7.356364000313694,3.3380702530822814
held_out,10,delete_timing,8,unreliable_query_fraction,0.0,0.0814702909182707,-7.356364000313694,3.3380702530822814
held_out,10,delete_timing,8,reference_log,2.3978952727983707,-0.5665480713003624,-7.356364000313694,3.3380702530822814
held_out,10,delete_timing,8,query_log,2.302585092994046,-0.5472733666139228,-7.356364000313694,3.3380702530822814
held_out,10,delete_transpose,8,cost,0.06999999999999999,0.004726740614992592,-7.356364000313694,3.338116383887807
held_out,10,delete_transpose,8,matched_log,2.302585092994046,0.713107725452335,-7.356364000313694,3.338116383887807
held_out,10,delete_transpose,8,reference_coverage,0.9,1.5397753643535834,-7.356364000313694,3.338116383887807
held_out,10,delete_transpose,8,query_coverage,1.0,2.2784448194846703,-7.356364000313694,3.338116383887807
held_out,10,delete_transpose,8,mean_pitch_loss,0.0,0.0016502016945512438,-7.356364000313694,3.338116383887807
held_out,10,delete_transpose,8,exact_pitch_fraction,1.0,3.369081528900875,-7.356364000313694,3.338116383887807
held_out,10,delete_transpose,8,mean_timing_loss,0.0,0.001824966858244634,-7.356364000313694,3.338116383887807
held_out,10,delete_transpose,8,missing_fraction,0.1,1.539775364353593,-7.356364000313694,3.338116383887807
held_out,10,delete_transpose,8,inserted_fraction,0.0,2.2784448194846694,-7.356364000313694,3.338116383887807
held_out,10,delete_transpose,8,unreliable_query_fraction,0.0,0.0814702909182707,-7.356364000313694,3.338116383887807
held_out,10,delete_transpose,8,reference_log,2.3978952727983707,-0.5665480713003624,-7.356364000313694,3.338116383887807
held_out,10,delete_transpose,8,query_log,2.302585092994046,-0.5472733666139228,-7.356364000313694,3.338116383887807
held_out,10,delete_two,8,cost,0.13999999999999999,0.004482378660577623,-7.356364000313694,2.3440529883351813
held_out,10,delete_two,8,matched_log,2.1972245773362196,0.6073161998928658,-7.356364000313694,2.3440529883351813
held_out,10,delete_two,8,reference_coverage,0.8,1.012582801011047,-7.356364000313694,2.3440529883351813
held_out,10,delete_two,8,query_coverage,1.0,2.2784448194846703,-7.356364000313694,2.3440529883351813
held_out,10,delete_two,8,mean_pitch_loss,0.0,0.0016502016945512438,-7.356364000313694,2.3440529883351813
held_out,10,delete_two,8,exact_pitch_fraction,1.0,3.369081528900875,-7.356364000313694,2.3440529883351813
held_out,10,delete_two,8,mean_timing_loss,0.0,0.001824966858244634,-7.356364000313694,2.3440529883351813
held_out,10,delete_two,8,missing_fraction,0.2,1.0125828010110525,-7.356364000313694,2.3440529883351813
held_out,10,delete_two,8,inserted_fraction,0.0,2.2784448194846694,-7.356364000313694,2.3440529883351813
held_out,10,delete_two,8,unreliable_query_fraction,0.0,0.0814702909182707,-7.356364000313694,2.3440529883351813
held_out,10,delete_two,8,reference_log,2.3978952727983707,-0.5665480713003624,-7.356364000313694,2.3440529883351813
held_out,10,delete_two,8,query_log,2.1972245773362196,-0.38091574796758504,-7.356364000313694,2.3440529883351813
held_out,10,detune,8,cost,0.022493252754211428,0.004892581209348004,-7.356364000313694,2.8918780006392373
held_out,10,detune,8,matched_log,2.3978952727983707,0.8088078011390649,-7.356364000313694,2.8918780006392373
held_out,10,detune,8,reference_coverage,1.0,2.0669679276961195,-7.356364000313694,2.8918780006392373
held_out,10,detune,8,query_coverage,1.0,2.2784448194846703,-7.356364000313694,2.8918780006392373
held_out,10,detune,8,mean_pitch_loss,0.022493252754211428,0.0016113889013863285,-7.356364000313694,2.8918780006392373
held_out,10,detune,8,exact_pitch_fraction,0.9,1.9231196867804594,-7.356364000313694,2.8918780006392373
held_out,10,detune,8,mean_timing_loss,0.0,0.001824966858244634,-7.356364000313694,2.8918780006392373
held_out,10,detune,8,missing_fraction,0.0,2.0669679276961337,-7.356364000313694,2.8918780006392373
held_out,10,detune,8,inserted_fraction,0.0,2.2784448194846694,-7.356364000313694,2.8918780006392373
held_out,10,detune,8,unreliable_query_fraction,0.0,0.0814702909182707,-7.356364000313694,2.8918780006392373
held_out,10,detune,8,reference_log,2.3978952727983707,-0.5665480713003624,-7.356364000313694,2.8918780006392373
held_out,10,detune,8,query_log,2.3978952727983707,-0.6977621379150715,-7.356364000313694,2.8918780006392373
held_out,10,exact,8,cost,0.0,0.004971102569407562,-7.356364000313694,4.3379571769128775
held_out,10,exact,8,matched_log,2.3978952727983707,0.8088078011390649,-7.356364000313694,4.3379571769128775
held_out,10,exact,8,reference_coverage,1.0,2.0669679276961195,-7.356364000313694,4.3379571769128775
held_out,10,exact,8,query_coverage,1.0,2.2784448194846703,-7.356364000313694,4.3379571769128775
held_out,10,exact,8,mean_pitch_loss,0.0,0.0016502016945512438,-7.356364000313694,4.3379571769128775
held_out,10,exact,8,exact_pitch_fraction,1.0,3.369081528900875,-7.356364000313694,4.3379571769128775
held_out,10,exact,8,mean_timing_loss,0.0,0.001824966858244634,-7.356364000313694,4.3379571769128775
held_out,10,exact,8,missing_fraction,0.0,2.0669679276961337,-7.356364000313694,4.3379571769128775
held_out,10,exact,8,inserted_fraction,0.0,2.2784448194846694,-7.356364000313694,4.3379571769128775
held_out,10,exact,8,unreliable_query_fraction,0.0,0.0814702909182707,-7.356364000313694,4.3379571769128775
held_out,10,exact,8,reference_log,2.3978952727983707,-0.5665480713003624,-7.356364000313694,4.3379571769128775
held_out,10,exact,8,query_log,2.3978952727983707,-0.6977621379150715,-7.356364000313694,4.3379571769128775
held_out,10,insert,8,cost,0.06363636363636363,0.0047489553381212255,-7.356364000313694,2.9592928748591385
held_out,10,insert,8,matched_log,2.3978952727983707,0.8088078011390649,-7.356364000313694,2.9592928748591385
held_out,10,insert,8,reference_coverage,1.0,2.0669679276961195,-7.356364000313694,2.9592928748591385
held_out,10,insert,8,query_coverage,0.9090909090909091,1.6579164842300185,-7.356364000313694,2.9592928748591385
held_out,10,insert,8,mean_pitch_loss,0.0,0.0016502016945512438,-7.356364000313694,2.9592928748591385
held_out,10,insert,8,exact_pitch_fraction,1.0,3.369081528900875,-7.356364000313694,2.9592928748591385
held_out,10,insert,8,mean_timing_loss,0.0,0.001824966858244634,-7.356364000313694,2.9592928748591385
held_out,10,insert,8,missing_fraction,0.0,2.0669679276961337,-7.356364000313694,2.9592928748591385
held_out,10,insert,8,inserted_fraction,0.09090909090909091,1.6579164842300165,-7.356364000313694,2.9592928748591385
held_out,10,insert,8,unreliable_query_fraction,0.0,0.0814702909182707,-7.356364000313694,2.9592928748591385
held_out,10,insert,8,reference_log,2.3978952727983707,-0.5665480713003624,-7.356364000313694,2.9592928748591385
held_out,10,insert,8,query_log,2.4849066497880004,-0.8351476222282201,-7.356364000313694,2.9592928748591385
held_out,10,legitimate_rest,8,cost,0.02399695619091871,0.004887331953481515,-7.356364000313694,4.33782426261762
held_out,10,legitimate_rest,8,matched_log,2.3978952727983707,0.8088078011390649,-7.356364000313694,4.33782426261762
held_out,10,legitimate_rest,8,reference_coverage,1.0,2.0669679276961195,-7.356364000313694,4.33782426261762
held_out,10,legitimate_rest,8,query_coverage,1.0,2.2784448194846703,-7.356364000313694,4.33782426261762
held_out,10,legitimate_rest,8,mean_pitch_loss,0.0,0.0016502016945512438,-7.356364000313694,4.33782426261762
held_out,10,legitimate_rest,8,exact_pitch_fraction,1.0,3.369081528900875,-7.356364000313694,4.33782426261762
held_out,10,legitimate_rest,8,mean_timing_loss,0.02399695619091871,0.0017758231789126318,-7.356364000313694,4.33782426261762
held_out,10,legitimate_rest,8,missing_fraction,0.0,2.0669679276961337,-7.356364000313694,4.33782426261762
held_out,10,legitimate_rest,8,inserted_fraction,0.0,2.2784448194846694,-7.356364000313694,4.33782426261762
held_out,10,legitimate_rest,8,unreliable_query_fraction,0.0,0.0814702909182707,-7.356364000313694,4.33782426261762
held_out,10,legitimate_rest,8,reference_log,2.3978952727983707,-0.5665480713003624,-7.356364000313694,4.33782426261762
held_out,10,legitimate_rest,8,query_log,2.3978952727983707,-0.6977621379150715,-7.356364000313694,4.33782426261762
held_out,10,mask_absent,8,cost,0.06999999999999999,0.004726740614992592,-7.356364000313694,3.087947659540885
held_out,10,mask_absent,8,matched_log,2.302585092994046,0.713107725452335,-7.356364000313694,3.087947659540885
held_out,10,mask_absent,8,reference_coverage,0.9,1.5397753643535834,-7.356364000313694,3.087947659540885
held_out,10,mask_absent,8,query_coverage,1.0,2.2784448194846703,-7.356364000313694,3.087947659540885
held_out,10,mask_absent,8,mean_pitch_loss,0.0,0.0016502016945512438,-7.356364000313694,3.087947659540885
held_out,10,mask_absent,8,exact_pitch_fraction,1.0,3.369081528900875,-7.356364000313694,3.087947659540885
held_out,10,mask_absent,8,mean_timing_loss,0.0,0.001824966858244634,-7.356364000313694,3.087947659540885
held_out,10,mask_absent,8,missing_fraction,0.1,1.539775364353593,-7.356364000313694,3.087947659540885
held_out,10,mask_absent,8,inserted_fraction,0.0,2.2784448194846694,-7.356364000313694,3.087947659540885
held_out,10,mask_absent,8,unreliable_query_fraction,0.09999999999999998,-0.16869843342865212,-7.356364000313694,3.087947659540885
held_out,10,mask_absent,8,reference_log,2.3978952727983707,-0.5665480713003624,-7.356364000313694,3.087947659540885
held_out,10,mask_absent,8,query_log,2.302585092994046,-0.5472733666139228,-7.356364000313694,3.087947659540885
held_out,10,mask_present,8,cost,0.06999999999999999,0.004726740614992592,-7.356364000313694,3.087947659540885
held_out,10,mask_present,8,matched_log,2.302585092994046,0.713107725452335,-7.356364000313694,3.087947659540885
held_out,10,mask_present,8,reference_coverage,0.9,1.5397753643535834,-7.356364000313694,3.087947659540885
held_out,10,mask_present,8,query_coverage,1.0,2.2784448194846703,-7.356364000313694,3.087947659540885
held_out,10,mask_present,8,mean_pitch_loss,0.0,0.0016502016945512438,-7.356364000313694,3.087947659540885
held_out,10,mask_present,8,exact_pitch_fraction,1.0,3.369081528900875,-7.356364000313694,3.087947659540885
held_out,10,mask_present,8,mean_timing_loss,0.0,0.001824966858244634,-7.356364000313694,3.087947659540885
held_out,10,mask_present,8,missing_fraction,0.1,1.539775364353593,-7.356364000313694,3.087947659540885
held_out,10,mask_present,8,inserted_fraction,0.0,2.2784448194846694,-7.356364000313694,3.087947659540885
held_out,10,mask_present,8,unreliable_query_fraction,0.09999999999999998,-0.16869843342865212,-7.356364000313694,3.087947659540885
held_out,10,mask_present,8,reference_log,2.3978952727983707,-0.5665480713003624,-7.356364000313694,3.087947659540885
held_out,10,mask_present,8,query_log,2.302585092994046,-0.5472733666139228,-7.356364000313694,3.087947659540885
held_out,10,merged,8,cost,0.13999999999999999,0.004482378660577623,-7.356364000313694,2.0660877390608237
held_out,10,merged,8,matched_log,2.1972245773362196,0.6073161998928658,-7.356364000313694,2.0660877390608237
held_out,10,merged,8,reference_coverage,0.8,1.012582801011047,-7.356364000313694,2.0660877390608237
held_out,10,merged,8,query_coverage,1.0,2.2784448194846703,-7.356364000313694,2.0660877390608237
held_out,10,merged,8,mean_pitch_loss,0.0,0.0016502016945512438,-7.356364000313694,2.0660877390608237
held_out,10,merged,8,exact_pitch_fraction,1.0,3.369081528900875,-7.356364000313694,2.0660877390608237
held_out,10,merged,8,mean_timing_loss,0.0,0.001824966858244634,-7.356364000313694,2.0660877390608237
held_out,10,merged,8,missing_fraction,0.2,1.0125828010110525,-7.356364000313694,2.0660877390608237
held_out,10,merged,8,inserted_fraction,0.0,2.2784448194846694,-7.356364000313694,2.0660877390608237
held_out,10,merged,8,unreliable_query_fraction,0.11111111111111116,-0.1964949583560882,-7.356364000313694,2.0660877390608237
held_out,10,merged,8,reference_log,2.3978952727983707,-0.5665480713003624,-7.356364000313694,2.0660877390608237
held_out,10,merged,8,query_log,2.1972245773362196,-0.38091574796758504,-7.356364000313694,2.0660877390608237
held_out,10,substitute,8,cost,0.13999999999999999,0.004482378660577623,-7.356364000313694,1.8222209130720062
held_out,10,substitute,8,matched_log,2.302585092994046,0.713107725452335,-7.356364000313694,1.8222209130720062
held_out,10,substitute,8,reference_coverage,0.9,1.5397753643535834,-7.356364000313694,1.8222209130720062
held_out,10,substitute,8,query_coverage,0.9,1.5958636507045538,-7.356364000313694,1.8222209130720062
held_out,10,substitute,8,mean_pitch_loss,0.0,0.0016502016945512438,-7.356364000313694,1.8222209130720062
held_out,10,substitute,8,exact_pitch_fraction,1.0,3.369081528900875,-7.356364000313694,1.8222209130720062
held_out,10,substitute,8,mean_timing_loss,0.0,0.001824966858244634,-7.356364000313694,1.8222209130720062
held_out,10,substitute,8,missing_fraction,0.1,1.539775364353593,-7.356364000313694,1.8222209130720062
held_out,10,substitute,8,inserted_fraction,0.1,1.5958636507045514,-7.356364000313694,1.8222209130720062
held_out,10,substitute,8,unreliable_query_fraction,0.0,0.0814702909182707,-7.356364000313694,1.8222209130720062
held_out,10,substitute,8,reference_log,2.3978952727983707,-0.5665480713003624,-7.356364000313694,1.8222209130720062
held_out,10,substitute,8,query_log,2.3978952727983707,-0.6977621379150715,-7.356364000313694,1.8222209130720062
held_out,10,timing,8,cost,0.008000009298324584,0.0049431754564436105,-7.356364000313694,4.337912866476608
held_out,10,timing,8,matched_log,2.3978952727983707,0.8088078011390649,-7.356364000313694,4.337912866476608
held_out,10,timing,8,reference_coverage,1.0,2.0669679276961195,-7.356364000313694,4.337912866476608
held_out,10,timing,8,query_coverage,1.0,2.2784448194846703,-7.356364000313694,4.337912866476608
held_out,10,timing,8,mean_pitch_loss,0.0,0.0016502016945512438,-7.356364000313694,4.337912866476608
held_out,10,timing,8,exact_pitch_fraction,1.0,3.369081528900875,-7.356364000313694,4.337912866476608
held_out,10,timing,8,mean_timing_loss,0.008000009298324584,0.0018085835349397107,-7.356364000313694,4.337912866476608
held_out,10,timing,8,missing_fraction,0.0,2.0669679276961337,-7.356364000313694,4.337912866476608
held_out,10,timing,8,inserted_fraction,0.0,2.2784448194846694,-7.356364000313694,4.337912866476608
held_out,10,timing,8,unreliable_query_fraction,0.0,0.0814702909182707,-7.356364000313694,4.337912866476608
held_out,10,timing,8,reference_log,2.3978952727983707,-0.5665480713003624,-7.356364000313694,4.337912866476608
held_out,10,timing,8,query_log,2.3978952727983707,-0.6977621379150715,-7.356364000313694,4.337912866476608
held_out,10,transpose,8,cost,0.0,0.004971102569407562,-7.356364000313694,4.3379571769128775
held_out,10,transpose,8,matched_log,2.3978952727983707,0.8088078011390649,-7.356364000313694,4.3379571769128775
held_out,10,transpose,8,reference_coverage,1.0,2.0669679276961195,-7.356364000313694,4.3379571769128775
held_out,10,transpose,8,query_coverage,1.0,2.2784448194846703,-7.356364000313694,4.3379571769128775
held_out,10,transpose,8,mean_pitch_loss,0.0,0.0016502016945512438,-7.356364000313694,4.3379571769128775
held_out,10,transpose,8,exact_pitch_fraction,1.0,3.369081528900875,-7.356364000313694,4.3379571769128775
held_out,10,transpose,8,mean_timing_loss,0.0,0.001824966858244634,-7.356364000313694,4.3379571769128775
held_out,10,transpose,8,missing_fraction,0.0,2.0669679276961337,-7.356364000313694,4.3379571769128775
held_out,10,transpose,8,inserted_fraction,0.0,2.2784448194846694,-7.356364000313694,4.3379571769128775
held_out,10,transpose,8,unreliable_query_fraction,0.0,0.0814702909182707,-7.356364000313694,4.3379571769128775
held_out,10,transpose,8,reference_log,2.3978952727983707,-0.5665480713003624,-7.356364000313694,4.3379571769128775
held_out,10,transpose,8,query_log,2.3978952727983707,-0.6977621379150715,-7.356364000313694,4.3379571769128775
held_out,10,weak_present,8,cost,0.06999999999999999,0.004726740614992592,-7.356364000313694,3.338116383887807
held_out,10,weak_present,8,matched_log,2.302585092994046,0.713107725452335,-7.356364000313694,3.338116383887807
held_out,10,weak_present,8,reference_coverage,0.9,1.5397753643535834,-7.356364000313694,3.338116383887807
held_out,10,weak_present,8,query_coverage,1.0,2.2784448194846703,-7.356364000313694,3.338116383887807
held_out,10,weak_present,8,mean_pitch_loss,0.0,0.0016502016945512438,-7.356364000313694,3.338116383887807
held_out,10,weak_present,8,exact_pitch_fraction,1.0,3.369081528900875,-7.356364000313694,3.338116383887807
held_out,10,weak_present,8,mean_timing_loss,0.0,0.001824966858244634,-7.356364000313694,3.338116383887807
held_out,10,weak_present,8,missing_fraction,0.1,1.539775364353593,-7.356364000313694,3.338116383887807
held_out,10,weak_present,8,inserted_fraction,0.0,2.2784448194846694,-7.356364000313694,3.338116383887807
held_out,10,weak_present,8,unreliable_query_fraction,0.0,0.0814702909182707,-7.356364000313694,3.338116383887807
held_out,10,weak_present,8,reference_log,2.3978952727983707,-0.5665480713003624,-7.356364000313694,3.338116383887807
held_out,10,weak_present,8,query_log,2.302585092994046,-0.5472733666139228,-7.356364000313694,3.338116383887807
