query_id,group_id,split,length,family,true_reference,true_score,absent_max_score,true_margin,absent_margin,true_minus_absent_max,absent_max_ids,present_distractor_max,accepted_correct,absent_false_accept,unique_top
e04_query_a_delete_closed,e04,calibration,4,delete_closed,e04_reference_a,3.500270643960172,3.500425487205315,-0.12614247627638875,-0.1259876330312455,-0.00015484324514325465,e04_reference_b,3.5002696050302307,False,False,True
e04_query_a_delete_insert,e04,calibration,4,delete_insert,e04_reference_a,-0.2654208755846863,-0.2656611761515899,-3.891833995821247,-3.8920742963881505,0.00024030056690360624,e04_reference_b,-0.26591859042061117,False,False,True
e04_query_a_delete_rest,e04,calibration,4,delete_rest,e04_reference_a,3.500425487205315,3.5001851866384124,-0.1259876330312455,-0.1262279335981482,0.00024030056690271806,e04_reference_b,3.499927772369392,False,False,True
e04_query_a_delete_two,e04,calibration,4,delete_two,e04_reference_a,1.0292247145785138,1.0292247145785138,-2.5971884056580468,-2.5971884056580468,0.0,e04_reference_b|e04_distractor_0|e04_distractor_1|e04_distractor_2|e04_distractor_3|e04_distractor_4|e04_distractor_5,1.0292247145785138,False,False,False
e04_query_a_detune,e04,calibration,4,detune,e04_reference_a,2.3935285384755636,-1.2233001394133831,-1.232884581760997,-4.849713259649944,3.6168286778889467,e04_distractor_2,-1.2233001394133831,False,False,True
e04_query_a_exact,e04,calibration,4,exact,e04_reference_a,6.0087259840931635,-0.2655764115012742,2.382312863856603,-3.891989531737835,6.274302395594438,e04_distractor_0,-0.2655764115012742,True,False,True
e04_query_a_insert,e04,calibration,4,insert,e04_reference_a,2.9900383294495674,-2.6014210809825276,-0.6363747907869932,-6.227834201219088,5.591459410432095,e04_distractor_0,-2.6014210809825276,False,False,True
e04_query_a_legitimate_rest,e04,calibration,4,legitimate_rest,e04_reference_a,6.008597155934175,-0.2654934590341078,2.3821840356976143,-3.8919065792706684,6.274090614968283,e04_distractor_0,-0.2654934590341078,True,False,True
e04_query_a_mask_absent,e04,calibration,4,mask_absent,e04_reference_a,2.8750036763380082,2.8747633757711055,-0.7514094438985524,-0.7516497444654551,0.00024030056690271806,e04_reference_b,2.8745059615020834,False,False,True
e04_query_a_mask_present,e04,calibration,4,mask_present,e04_reference_a,2.8750036763380082,2.8747633757711055,-0.7514094438985524,-0.7516497444654551,0.00024030056690271806,e04_reference_b,2.8745059615020834,False,False,True
e04_query_a_merged,e04,calibration,4,merged,e04_reference_a,0.19532896675543743,0.19532896675543743,-3.431084153481123,-3.431084153481123,0.0,e04_reference_b|e04_distractor_0|e04_distractor_1|e04_distractor_2|e04_distractor_4|e04_distractor_5,0.19532896675543743,False,False,False
e04_query_a_substitute,e04,calibration,4,substitute,e04_reference_a,-0.2654208755846863,-0.2656580654737519,-3.891833995821247,-3.8920711857103125,0.00023718988906562544,e04_reference_b,-0.2659154797427732,False,False,True
e04_query_a_timing,e04,calibration,4,timing,e04_reference_a,6.008649867765842,-0.2655929578453078,2.382236747529282,-3.8920060780818684,6.27424282561115,e04_distractor_5,-0.2655929578453078,True,False,True
e04_query_a_transpose,e04,calibration,4,transpose,e04_reference_a,6.0087259840931635,-0.2655764115012742,2.382312863856603,-3.891989531737835,6.274302395594438,e04_distractor_0,-0.2655764115012742,True,False,True
e04_query_a_weak_present,e04,calibration,4,weak_present,e04_reference_a,3.500425487205315,3.5001851866384124,-0.1259876330312455,-0.1262279335981482,0.00024030056690271806,e04_reference_b,3.499927772369392,False,False,True
e04_query_b_delete_closed,e04,calibration,4,delete_closed,e04_reference_b,3.5002689143960213,3.500425487205315,-0.12614420584053931,-0.1259876330312455,-0.00015657280929382011,e04_distractor_4,3.500425487205315,False,False,False
e04_query_b_delete_insert,e04,calibration,4,delete_insert,e04_reference_b,-0.2654208755846863,-0.2656635116050028,-3.891833995821247,-3.8920766318415634,0.000242636020316489,e04_distractor_4,-0.2656635116050028,False,False,True
e04_query_b_delete_rest,e04,calibration,4,delete_rest,e04_reference_b,3.500425487205315,3.5001828511849995,-0.1259876330312455,-0.1262302690515611,0.00024263602031560083,e04_distractor_4,3.5001828511849995,False,False,True
e04_query_b_delete_two,e04,calibration,4,delete_two,e04_reference_b,1.0292247145785138,1.0292247145785138,-2.5971884056580468,-2.5971884056580468,0.0,e04_distractor_3|e04_distractor_4,1.0292247145785138,False,False,False
e04_query_b_detune,e04,calibration,4,detune,e04_reference_b,2.3935285381646407,-0.2655774483939801,-1.2328845820719199,-3.8919905686305407,2.659105986558621,e04_distractor_4,-0.2655774483939801,False,False,True
e04_query_b_exact,e04,calibration,4,exact,e04_reference_b,6.0087259840931635,-0.2655757187990533,2.382312863856603,-3.891988839035614,6.274301702892217,e04_reference_a,-0.26557675782151424,True,False,True
e04_query_b_insert,e04,calibration,4,insert,e04_reference_b,2.9900383294495674,-0.6256867272497244,-0.6363747907869932,-4.252099847486285,3.615725056699292,e04_distractor_4,-0.6256867272497244,False,False,True
e04_query_b_legitimate_rest,e04,calibration,4,legitimate_rest,e04_reference_b,6.008596186028874,-0.2654936374340382,2.3821830657923133,-3.891906757670599,6.274089823462912,e04_distractor_1,-0.2654936374340382,True,False,True
e04_query_b_mask_absent,e04,calibration,4,mask_absent,e04_reference_b,2.8750036763380082,2.8747610403176926,-0.7514094438985524,-0.751652079918868,0.00024263602031560083,e04_distractor_4,2.8747610403176926,False,False,True
e04_query_b_mask_present,e04,calibration,4,mask_present,e04_reference_b,2.8750036763380082,2.8747610403176926,-0.7514094438985524,-0.751652079918868,0.00024263602031560083,e04_distractor_4,2.8747610403176926,False,False,True
e04_query_b_merged,e04,calibration,4,merged,e04_reference_b,0.19532896675543743,0.19532896675543743,-3.431084153481123,-3.431084153481123,0.0,e04_reference_a|e04_distractor_0|e04_distractor_1|e04_distractor_2|e04_distractor_3|e04_distractor_4|e04_distractor_5,0.19532896675543743,False,False,False
e04_query_b_substitute,e04,calibration,4,substitute,e04_reference_b,-0.2654208755846863,-0.2656635116050028,-3.891833995821247,-3.8920766318415634,0.000242636020316489,e04_distractor_4,-0.2656635116050028,False,False,True
e04_query_b_timing,e04,calibration,4,timing,e04_reference_b,6.008649825720263,-0.26552924698544,2.3822367054837024,-3.8919423672220006,6.274179072705703,e04_reference_a,-0.2655774483939801,True,False,True
e04_query_b_transpose,e04,calibration,4,transpose,e04_reference_b,6.0087259840931635,-0.2655743376853339,2.382312863856603,-3.8919874579218945,6.274300321778497,e04_distractor_4,-0.2655743376853339,True,False,True
e04_query_b_weak_present,e04,calibration,4,weak_present,e04_reference_b,3.500425487205315,3.5001828511849995,-0.1259876330312455,-0.1262302690515611,0.00024263602031560083,e04_distractor_4,3.5001828511849995,False,False,True
e05_query_a_delete_closed,e05,calibration,6,delete_closed,e05_reference_a,3.626412776084819,3.6264132224483037,-3.441517417712703e-07,1.02211743069347e-07,-4.463634848406173e-07,e05_distractor_0,3.6264132224483037,False,True,False
e05_query_a_delete_insert,e05,calibration,6,delete_insert,e05_reference_a,1.107554582645995,1.1072373356326493,-2.5188585375905657,-2.5191757846039113,0.0003172470133456784,e05_distractor_0,1.1072373356326493,False,False,True
e05_query_a_delete_rest,e05,calibration,6,delete_rest,e05_reference_a,3.6266266302486665,3.626309383235321,0.0002135100121058997,-0.00010373700123977869,0.0003172470133456784,e05_distractor_0,3.626309383235321,True,False,True
e05_query_a_delete_two,e05,calibration,6,delete_two,e05_reference_a,1.9737176717345717,1.9733676581083062,-1.652695448501989,-1.6530454621282544,0.0003500136262655218,e05_distractor_0,1.9733676581083062,False,False,True
e05_query_a_detune,e05,calibration,6,detune,e05_reference_a,2.885597477815984,-1.9351012117577593,-0.7408156424205767,-5.56151433199432,4.820698689573743,e05_distractor_0,-1.9351012117577593,False,False,True
e05_query_a_exact,e05,calibration,6,exact,e05_reference_a,5.295729510613376,0.4750308210396321,1.6693163903768156,-3.1513822991969285,4.820698689573744,e05_distractor_0,0.4750308210396321,True,False,True
e05_query_a_insert,e05,calibration,6,insert,e05_reference_a,3.1343108521243535,-1.6863088817296878,-0.49210226811220714,-5.312722001966248,4.820619733854041,e05_distractor_0,-1.6863088817296878,False,False,True
e05_query_a_legitimate_rest,e05,calibration,6,legitimate_rest,e05_reference_a,5.295600495833214,0.474901806259469,1.6691873755966533,-3.1515113139770916,4.820698689573745,e05_distractor_0,0.474901806259469,True,False,True
e05_query_a_mask_absent,e05,calibration,6,mask_absent,e05_reference_a,3.2096787563371274,3.2093615093237817,-0.4167343638994332,-0.41705161091277887,0.0003172470133456784,e05_distractor_0,3.2093615093237817,False,False,True
e05_query_a_mask_present,e05,calibration,6,mask_present,e05_reference_a,3.2096787563371274,3.2093615093237817,-0.4167343638994332,-0.41705161091277887,0.0003172470133456784,e05_distractor_0,3.2093615093237817,False,False,True
e05_query_a_merged,e05,calibration,6,merged,e05_reference_a,0.7344926068426867,0.7344961973486841,-2.891920513393874,-2.8919169228878765,-3.5905059974083997e-06,e05_distractor_0,0.7344961973486841,False,False,False
e05_query_a_substitute,e05,calibration,6,substitute,e05_reference_a,1.107554582645995,0.47459606440036506,-2.5188585375905657,-3.1518170558361955,0.6329585182456299,e05_distractor_0,0.47459606440036506,False,False,True
e05_query_a_timing,e05,calibration,6,timing,e05_reference_a,5.29565566005133,0.474956970477586,1.6692425398147694,-3.1514561497589746,4.820698689573744,e05_distractor_0,0.474956970477586,True,False,True
e05_query_a_transpose,e05,calibration,6,transpose,e05_reference_a,5.295729510613376,0.475030755331324,1.6693163903768156,-3.1513823649052366,4.820698755282052,e05_distractor_0,0.475030755331324,True,False,True
e05_query_a_weak_present,e05,calibration,6,weak_present,e05_reference_a,3.6266266302486665,3.626309383235321,0.0002135100121058997,-0.00010373700123977869,0.0003172470133456784,e05_distractor_0,3.626309383235321,True,False,True
e05_query_b_delete_closed,e05,calibration,6,delete_closed,e05_reference_b,3.6264131202365606,3.626413120118378,0.0,-1.1818279688213806e-10,1.1818279688213806e-10,e05_distractor_1,3.626413120118378,True,False,False
e05_query_b_delete_insert,e05,calibration,6,delete_insert,e05_reference_b,1.107554582645995,1.1072373356326493,-2.5188585375905657,-2.5191757846039113,0.0003172470133456784,e05_distractor_1,1.1072373356326493,False,False,True
e05_query_b_delete_rest,e05,calibration,6,delete_rest,e05_reference_b,3.6266266302486665,3.626309383235321,0.0002135100121058997,-0.00010373700123977869,0.0003172470133456784,e05_distractor_1,3.626309383235321,True,False,True
e05_query_b_delete_two,e05,calibration,6,delete_two,e05_reference_b,1.9737176717345717,1.9733676581083062,-1.652695448501989,-1.6530454621282544,0.0003500136262655218,e05_distractor_1,1.9733676581083062,False,False,True
e05_query_b_detune,e05,calibration,6,detune,e05_reference_b,2.885597534611178,-1.784894859702571,-0.7408155856253824,-5.4113079799391315,4.670492394313749,e05_distractor_1,-1.784894859702571,False,False,True
e05_query_b_exact,e05,calibration,6,exact,e05_reference_b,5.295729510613376,1.1072373356326493,1.6693163903768156,-2.5191757846039113,4.188492174980727,e05_distractor_1,1.1072373356326493,True,False,True
e05_query_b_insert,e05,calibration,6,insert,e05_reference_b,3.1343108521243535,-0.7289997109977868,-0.49210226811220714,-4.355412831234347,3.8633105631221403,e05_distractor_1,-0.7289997109977868,False,False,True
e05_query_b_legitimate_rest,e05,calibration,6,legitimate_rest,e05_reference_b,5.295600551437809,1.1071086703287696,1.669187431201248,-2.519304449907791,4.188491881109039,e05_distractor_1,1.1071086703287696,True,False,True
e05_query_b_mask_absent,e05,calibration,6,mask_absent,e05_reference_b,3.2096787563371274,3.2093615093237817,-0.4167343638994332,-0.41705161091277887,0.0003172470133456784,e05_distractor_1,3.2093615093237817,False,False,True
e05_query_b_mask_present,e05,calibration,6,mask_present,e05_reference_b,3.2096787563371274,3.2093615093237817,-0.4167343638994332,-0.41705161091277887,0.0003172470133456784,e05_distractor_1,3.2093615093237817,False,False,True
e05_query_b_merged,e05,calibration,6,merged,e05_reference_b,1.473380223040727,1.473380223040727,-2.1530328971958337,-2.1530328971958337,0.0,e05_distractor_1,1.473380223040727,False,False,False
e05_query_b_substitute,e05,calibration,6,substitute,e05_reference_b,1.107554582645995,1.1072373356326493,-2.5188585375905657,-2.5191757846039113,0.0003172470133456784,e05_distractor_1,1.1072373356326493,False,False,True
e05_query_b_timing,e05,calibration,6,timing,e05_reference_b,5.29565566005133,1.1071580239750416,1.6692425398147694,-2.519255096261519,4.188497636076288,e05_distractor_1,1.1071580239750416,True,False,True
e05_query_b_transpose,e05,calibration,6,transpose,e05_reference_b,5.295729510613376,1.1072369390730747,1.6693163903768156,-2.519176181163486,4.188492571540301,e05_distractor_1,1.1072369390730747,True,False,True
e05_query_b_weak_present,e05,calibration,6,weak_present,e05_reference_b,3.6266266302486665,3.626309383235321,0.0002135100121058997,-0.00010373700123977869,0.0003172470133456784,e05_distractor_1,3.626309383235321,True,False,True
e06_query_a_delete_closed,e06,calibration,8,delete_closed,e06_reference_a,3.512361746435963,3.512361746370794,-0.11405137380059749,-0.11405137386576669,6.516920336707699e-11,e06_distractor_0,3.512361746370794,False,False,False
e06_query_a_delete_insert,e06,calibration,8,delete_insert,e06_reference_a,1.6198753215772124,1.619642067261906,-2.0065377986593482,-2.0067710529746545,0.00023325431530629714,e06_distractor_0,1.619642067261906,False,False,True
e06_query_a_delete_rest,e06,calibration,8,delete_rest,e06_reference_a,3.5126056913275674,3.5123724370122593,-0.1138074289089932,-0.11404068322430128,0.0002332543153080735,e06_distractor_0,3.5123724370122593,False,False,True
e06_query_a_delete_two,e06,calibration,8,delete_two,e06_reference_a,2.271078845465687,2.270829988001373,-1.3553342747708736,-1.3555831322351874,0.00024885746431380085,e06_distractor_0,2.270829988001373,False,False,True
e06_query_a_detune,e06,calibration,8,detune,e06_reference_a,2.9555864061653194,-0.44617135173096845,-0.6708267140712412,-4.072584471967529,3.401757757896288,e06_distractor_0,-0.44617135173096845,False,False,True
e06_query_a_exact,e06,calibration,8,exact,e06_reference_a,4.763185420502917,1.6196420673488001,1.1367723002663563,-2.0067710528877605,3.143543353154117,e06_distractor_0,1.6196420673488001,True,False,True
e06_query_a_insert,e06,calibration,8,insert,e06_reference_a,3.0797092468403013,0.12585516726458312,-0.5467038733962593,-3.5005579529719775,2.953854079575718,e06_distractor_0,0.12585516726458312,False,False,True
e06_query_a_legitimate_rest,e06,calibration,8,legitimate_rest,e06_reference_a,4.763056181577386,1.6195158387851434,1.1366430613408252,-2.006897281451417,3.1435403427922424,e06_distractor_0,1.6195158387851434,True,False,True
e06_query_a_mask_absent,e06,calibration,8,mask_absent,e06_reference_a,3.199894785893913,3.1996615315786086,-0.4265183343426475,-0.42675158865795204,0.0002332543153045208,e06_distractor_0,3.1996615315786086,False,False,True
e06_query_a_mask_present,e06,calibration,8,mask_present,e06_reference_a,3.199894785893913,3.1996615315786086,-0.4265183343426475,-0.42675158865795204,0.0002332543153045208,e06_distractor_0,3.1996615315786086,False,False,True
e06_query_a_merged,e06,calibration,8,merged,e06_reference_a,1.913694953541511,1.913694953541511,-1.7127181666950495,-1.7127181666950495,0.0,e06_distractor_0,1.913694953541511,False,False,False
e06_query_a_substitute,e06,calibration,8,substitute,e06_reference_a,1.6198753215772124,1.619642067261906,-2.0065377986593482,-2.0067710529746545,0.00023325431530629714,e06_distractor_0,1.619642067261906,False,False,True
e06_query_a_timing,e06,calibration,8,timing,e06_reference_a,4.763130032581382,1.6195837538403586,1.1367169123448218,-2.006829366396202,3.1435462787410238,e06_distractor_0,1.6195837538403586,True,False,True
e06_query_a_transpose,e06,calibration,8,transpose,e06_reference_a,4.763185420502917,1.619642067261906,1.1367723002663563,-2.0067710529746545,3.143543353241011,e06_distractor_0,1.619642067261906,True,False,True
e06_query_a_weak_present,e06,calibration,8,weak_present,e06_reference_a,3.5126056913275674,3.5123724370122593,-0.1138074289089932,-0.11404068322430128,0.0002332543153080735,e06_distractor_0,3.5123724370122593,False,False,True
e06_query_b_delete_closed,e06,calibration,8,delete_closed,e06_reference_b,3.512361503219725,0.10945107718044067,-0.11405161701683575,-3.51696204305612,3.402910426039284,e06_distractor_1,0.10945107718044067,False,False,True
e06_query_b_delete_insert,e06,calibration,8,delete_insert,e06_reference_b,1.6198753215772124,-1.5392475578603593,-2.0065377986593482,-5.16566067809692,3.1591228794375716,e06_distractor_1,-1.5392475578603593,False,False,True
e06_query_b_delete_rest,e06,calibration,8,delete_rest,e06_reference_b,3.5126056913275674,0.10970382303995141,-0.1138074289089932,-3.516709297196609,3.402901868287616,e06_distractor_1,0.10970382303995141,False,False,True
e06_query_b_delete_two,e06,calibration,8,delete_two,e06_reference_b,2.271078845465687,-1.477565311420899,-1.3553342747708736,-5.10397843165746,3.748644156886586,e06_distractor_1,-1.477565311420899,False,False,True
e06_query_b_detune,e06,calibration,8,detune,e06_reference_b,2.9555864870051947,-3.94934676017618,-0.6708266332313659,-7.575759880412741,6.904933247181375,e06_distractor_1,-3.94934676017618,False,False,True
e06_query_b_exact,e06,calibration,8,exact,e06_reference_b,4.763185420502917,-1.5392475578603593,1.1367723002663563,-5.16566067809692,6.302432978363276,e06_distractor_1,-1.5392475578603593,True,False,True
e06_query_b_insert,e06,calibration,8,insert,e06_reference_b,3.0797092468403013,-2.8433762144482335,-0.5467038733962593,-6.469789334684794,5.923085461288535,e06_distractor_1,-2.8433762144482335,False,False,True
e06_query_b_legitimate_rest,e06,calibration,8,legitimate_rest,e06_reference_b,4.763056200617265,-1.5393460639156862,1.1366430803807042,-5.165759184152247,6.302402264532951,e06_distractor_1,-1.5393460639156862,True,False,True
e06_query_b_mask_absent,e06,calibration,8,mask_absent,e06_reference_b,3.199894785893913,-0.2030070823937029,-0.4265183343426475,-3.8294202026302635,3.402901868287616,e06_distractor_1,-0.2030070823937029,False,False,True
e06_query_b_mask_present,e06,calibration,8,mask_present,e06_reference_b,3.199894785893913,-0.2030070823937029,-0.4265183343426475,-3.8294202026302635,3.402901868287616,e06_distractor_1,-0.2030070823937029,False,False,True
e06_query_b_merged,e06,calibration,8,merged,e06_reference_b,1.913694953541511,-1.834949203345075,-1.7127181666950495,-5.4613623235816355,3.748644156886586,e06_distractor_1,-1.834949203345075,False,False,True
e06_query_b_substitute,e06,calibration,8,substitute,e06_reference_b,1.6198753215772124,-1.5392475578603593,-2.0065377986593482,-5.16566067809692,3.1591228794375716,e06_distractor_1,-1.5392475578603593,False,False,True
e06_query_b_timing,e06,calibration,8,timing,e06_reference_b,4.763130032498849,-1.539309772244052,1.1367169122622887,-5.165722892480613,6.302439804742901,e06_distractor_1,-1.539309772244052,True,False,True
e06_query_b_transpose,e06,calibration,8,transpose,e06_reference_b,4.763185420502917,-1.5392475578603593,1.1367723002663563,-5.16566067809692,6.302432978363276,e06_distractor_1,-1.5392475578603593,True,False,True
e06_query_b_weak_present,e06,calibration,8,weak_present,e06_reference_b,3.5126056913275674,0.10970382303995141,-0.1138074289089932,-3.516709297196609,3.402901868287616,e06_distractor_1,0.10970382303995141,False,False,True
e07_query_a_delete_closed,e07,calibration,10,delete_closed,e07_reference_a,3.3378477172046663,-2.029561291025467,-0.28856540303189426,-5.655974411262028,5.367409008230133,e07_distractor_0,-2.029561291025467,False,False,True
e07_query_a_delete_insert,e07,calibration,10,delete_insert,e07_reference_a,1.822220913072008,-3.2419078525287723,-1.8041922071645526,-6.868320972765333,5.06412876560078,e07_distractor_0,-3.2419078525287723,False,False,True
e07_query_a_delete_rest,e07,calibration,10,delete_rest,e07_reference_a,3.3381163838878054,-2.029381790059692,-0.2882967363487552,-5.655794910296253,5.367498173947498,e07_distractor_0,-2.029381790059692,False,False,True
e07_query_a_delete_two,e07,calibration,10,delete_two,e07_reference_a,2.344052988335183,-3.43094306473114,-1.2823601319013775,-7.0573561849677,5.774996053066323,e07_distractor_0,-3.43094306473114,False,False,True
e07_query_a_detune,e07,calibration,10,detune,e07_reference_a,2.8918779752679553,-2.5111861681130545,-0.7345351449686053,-6.137599288349615,5.40306414338101,e07_distractor_0,-2.5111861681130545,False,False,True
e07_query_a_exact,e07,calibration,10,exact,e07_reference_a,4.337957176912879,-0.7036068006416025,0.7115440566763187,-4.330019920878163,5.041563977554482,e07_distractor_0,-0.7036068006416025,True,False,True
e07_query_a_insert,e07,calibration,10,insert,e07_reference_a,2.9592928748591403,-1.8339709097009669,-0.6671202453774203,-5.4603840299375275,4.793263784560107,e07_distractor_0,-1.8339709097009669,False,False,True
e07_query_a_legitimate_rest,e07,calibration,10,legitimate_rest,e07_reference_a,4.337824279366333,-0.7037035672989349,0.7114111591297725,-4.3301166875354955,5.041527846665268,e07_distractor_0,-0.7037035672989349,True,False,True
e07_query_a_mask_absent,e07,calibration,10,mask_absent,e07_reference_a,3.087947659540883,-2.2795505144066146,-0.5384654606956776,-5.905963634643175,5.367498173947498,e07_distractor_0,-2.2795505144066146,False,False,True
e07_query_a_mask_present,e07,calibration,10,mask_present,e07_reference_a,3.087947659540883,-2.2795505144066146,-0.5384654606956776,-5.905963634643175,5.367498173947498,e07_distractor_0,-2.2795505144066146,False,False,True
e07_query_a_merged,e07,calibration,10,merged,e07_reference_a,2.0660877390608237,-0.8135038972164041,-1.560325381175737,-4.439917017452965,2.879591636277228,e07_distractor_0,-0.8135038972164041,False,False,True
e07_query_a_substitute,e07,calibration,10,substitute,e07_reference_a,1.822220913072008,-3.2419078525287723,-1.8041922071645526,-6.868320972765333,5.06412876560078,e07_distractor_0,-3.2419078525287723,False,False,True
e07_query_a_timing,e07,calibration,10,timing,e07_reference_a,4.337912866443596,-0.703655206944763,0.7114997462070356,-4.330068327181324,5.041568073388359,e07_distractor_0,-0.703655206944763,True,False,True
e07_query_a_transpose,e07,calibration,10,transpose,e07_reference_a,4.337957176912879,-0.7036068006416025,0.7115440566763187,-4.330019920878163,5.041563977554482,e07_distractor_0,-0.7036068006416025,True,False,True
e07_query_a_weak_present,e07,calibration,10,weak_present,e07_reference_a,3.3381163838878054,-2.029381790059692,-0.2882967363487552,-5.655794910296253,5.367498173947498,e07_distractor_0,-2.029381790059692,False,False,True
e07_query_b_delete_closed,e07,calibration,10,delete_closed,e07_reference_b,3.3378475281641213,-2.0295879192717106,-0.28856559207243926,-5.656001039508271,5.367435447435832,e07_distractor_1,-2.0295879192717106,False,False,True
e07_query_b_delete_insert,e07,calibration,10,delete_insert,e07_reference_b,1.822220913072008,-3.2419078525287723,-1.8041922071645526,-6.868320972765333,5.06412876560078,e07_distractor_1,-3.2419078525287723,False,False,True
e07_query_b_delete_rest,e07,calibration,10,delete_rest,e07_reference_b,3.3381163838878054,-2.029381790059692,-0.2882967363487552,-5.655794910296253,5.367498173947498,e07_distractor_1,-2.029381790059692,False,False,True
e07_query_b_delete_two,e07,calibration,10,delete_two,e07_reference_b,2.344052988335183,-3.43094306473114,-1.2823601319013775,-7.0573561849677,5.774996053066323,e07_distractor_1,-3.43094306473114,False,False,True
e07_query_b_detune,e07,calibration,10,detune,e07_reference_b,2.8918780567296745,-2.511186079914684,-0.7345350635068861,-6.137599200151245,5.403064136644359,e07_distractor_1,-2.511186079914684,False,False,True
e07_query_b_exact,e07,calibration,10,exact,e07_reference_b,4.337957176912879,-0.7036068006416025,0.7115440566763187,-4.330019920878163,5.041563977554482,e07_distractor_1,-0.7036068006416025,True,False,True
e07_query_b_insert,e07,calibration,10,insert,e07_reference_b,2.9592928748591403,-1.8339709097009669,-0.6671202453774203,-5.4603840299375275,4.793263784560107,e07_distractor_1,-1.8339709097009669,False,False,True
e07_query_b_legitimate_rest,e07,calibration,10,legitimate_rest,e07_reference_b,4.337824245655805,-0.703713139455787,0.7114111254192448,-4.3301262596923475,5.041537385111592,e07_distractor_1,-0.703713139455787,True,False,True
e07_query_b_mask_absent,e07,calibration,10,mask_absent,e07_reference_b,3.087947659540883,-2.2795505144066146,-0.5384654606956776,-5.905963634643175,5.367498173947498,e07_distractor_1,-2.2795505144066146,False,False,True
e07_query_b_mask_present,e07,calibration,10,mask_present,e07_reference_b,3.087947659540883,-2.2795505144066146,-0.5384654606956776,-5.905963634643175,5.367498173947498,e07_distractor_1,-2.2795505144066146,False,False,True
e07_query_b_merged,e07,calibration,10,merged,e07_reference_b,2.0660877390608237,-0.8135038972164041,-1.560325381175737,-4.439917017452965,2.879591636277228,e07_distractor_1,-0.8135038972164041,False,False,True
e07_query_b_substitute,e07,calibration,10,substitute,e07_reference_b,1.822220913072008,-3.2419078525287723,-1.8041922071645526,-6.868320972765333,5.06412876560078,e07_distractor_1,-3.2419078525287723,False,False,True
e07_query_b_timing,e07,calibration,10,timing,e07_reference_b,4.337912866443596,-0.703655206944763,0.7114997462070356,-4.330068327181324,5.041568073388359,e07_distractor_1,-0.703655206944763,True,False,True
e07_query_b_transpose,e07,calibration,10,transpose,e07_reference_b,4.337957176912879,-0.7036068006416025,0.7115440566763187,-4.330019920878163,5.041563977554482,e07_distractor_1,-0.7036068006416025,True,False,True
e07_query_b_weak_present,e07,calibration,10,weak_present,e07_reference_b,3.3381163838878054,-2.029381790059692,-0.2882967363487552,-5.655794910296253,5.367498173947498,e07_distractor_1,-2.029381790059692,False,False,True
e08_query_a_delete_closed,e08,held_out,4,delete_closed,e08_reference_a,3.500269951299029,3.500425487205315,-0.1261431689375314,-0.1259876330312455,-0.00015553590628591962,e08_distractor_3,3.500425487205315,False,False,False
e08_query_a_delete_detune,e08,held_out,4,delete_detune,e08_reference_a,-1.3197730202976592,-1.320014100897727,-4.94618614053422,-4.946427221134288,0.0002410806000678889,e08_distractor_3,-1.320014100897727,False,False,True
e08_query_a_delete_insert,e08,held_out,4,delete_insert,e08_reference_a,-0.2654208755846863,-0.2656619561847551,-3.891833995821247,-3.8920750764213157,0.00024108060006877707,e08_distractor_3,-0.2656619561847551,False,False,True
e08_query_a_delete_rest,e08,held_out,4,delete_rest,e08_reference_a,3.500425487205315,3.500184406605247,-0.1259876330312455,-0.12622871363131338,0.0002410806000678889,e08_distractor_3,3.500184406605247,False,False,True
e08_query_a_delete_timing,e08,held_out,4,delete_timing,e08_reference_a,3.5003943800119517,3.500114415433159,-0.1260187402246089,-0.12629870480340166,0.0002799645787927574,e08_distractor_3,3.500114415433159,False,False,True
e08_query_a_delete_transpose,e08,held_out,4,delete_transpose,e08_reference_a,3.500425487205315,3.500184406605247,-0.1259876330312455,-0.12622871363131338,0.0002410806000678889,e08_distractor_3,3.500184406605247,False,False,True
e08_query_a_delete_two,e08,held_out,4,delete_two,e08_reference_a,1.0292247145785138,1.0292247145785138,-2.5971884056580468,-2.5971884056580468,0.0,e08_reference_b|e08_distractor_0|e08_distractor_1|e08_distractor_2|e08_distractor_3,1.0292247145785138,False,False,False
e08_query_a_detune,e08,held_out,4,detune,e08_reference_a,2.393528024442783,-5.085860463664553,-1.2328850957937778,-8.712273583901114,7.479388488107336,e08_reference_b,-5.08586046368773,False,False,True
e08_query_a_exact,e08,held_out,4,exact,e08_reference_a,6.0087259840931635,-0.26566195616157895,2.382312863856603,-3.8920750763981395,6.2743879402547424,e08_reference_b,-0.2656619561847551,True,False,True
e08_query_a_insert,e08,held_out,4,insert,e08_reference_a,2.9900383294495674,-2.601282999493752,-0.6363747907869932,-6.227696119730313,5.5913213289433195,e08_distractor_4|e08_distractor_5,-2.601282999493752,False,False,True
e08_query_a_legitimate_rest,e08,held_out,4,legitimate_rest,e08_reference_a,6.0085967453421505,-0.26578638486303063,2.38218362510559,-3.8921995050995912,6.274383130205181,e08_distractor_3,-0.26578638486303063,True,False,True
e08_query_a_mask_absent,e08,held_out,4,mask_absent,e08_reference_a,2.8750036763380082,2.8747625957379404,-0.7514094438985524,-0.7516505244986202,0.0002410806000678889,e08_distractor_3,2.8747625957379404,False,False,True
e08_query_a_mask_present,e08,held_out,4,mask_present,e08_reference_a,2.8750036763380082,2.8747625957379404,-0.7514094438985524,-0.7516505244986202,0.0002410806000678889,e08_distractor_3,2.8747625957379404,False,False,True
e08_query_a_merged,e08,held_out,4,merged,e08_reference_a,0.19532896675543743,0.19532896675543743,-3.431084153481123,-3.431084153481123,0.0,e08_reference_b|e08_distractor_0|e08_distractor_1|e08_distractor_2|e08_distractor_3|e08_distractor_4,0.19532896675543743,False,False,False
e08_query_a_substitute,e08,held_out,4,substitute,e08_reference_a,-0.2654208755846863,-0.2656619561847551,-3.891833995821247,-3.8920750764213157,0.00024108060006877707,e08_distractor_3,-0.2656619561847551,False,False,True
e08_query_a_timing,e08,held_out,4,timing,e08_reference_a,6.008649825583331,-0.2655919649831686,2.38223670534677,-3.892005085219729,6.274241790566499,e08_reference_b,-0.26573194735684424,True,False,True
e08_query_a_transpose,e08,held_out,4,transpose,e08_reference_a,6.0087259840931635,-0.26566195616157895,2.382312863856603,-3.8920750763981395,6.2743879402547424,e08_reference_b,-0.2656619561847551,True,False,True
e08_query_a_weak_present,e08,held_out,4,weak_present,e08_reference_a,3.500425487205315,3.500184406605247,-0.1259876330312455,-0.12622871363131338,0.0002410806000678889,e08_distractor_3,3.500184406605247,False,False,True
e08_query_b_delete_closed,e08,held_out,4,delete_closed,e08_reference_b,3.500269951299029,3.500425487205315,-0.1261431689375314,-0.1259876330312455,-0.00015553590628591962,e08_distractor_0,3.500425487205315,False,False,False
e08_query_b_delete_detune,e08,held_out,4,delete_detune,e08_reference_b,-1.3197730346237,-1.3200125601269823,-4.946186154860261,-4.946425680363543,0.00023952550328232292,e08_distractor_0,-1.3200125601269823,False,False,True
e08_query_b_delete_insert,e08,held_out,4,delete_insert,e08_reference_b,-0.2654208755846863,-0.26566195625428524,-3.891833995821247,-3.892075076490846,0.00024108066959893648,e08_distractor_0,-0.26566195625428524,False,False,True
e08_query_b_delete_rest,e08,held_out,4,delete_rest,e08_reference_b,3.500425487205315,3.500184406535717,-0.1259876330312455,-0.12622871370084354,0.0002410806695980483,e08_distractor_0,3.500184406535717,False,False,True
e08_query_b_delete_timing,e08,held_out,4,delete_timing,e08_reference_b,3.5003943800119517,3.5001144153573067,-0.1260187402246089,-0.12629870487925388,0.0002799646546449708,e08_distractor_0,3.5001144153573067,False,False,True
e08_query_b_delete_transpose,e08,held_out,4,delete_transpose,e08_reference_b,3.500425487205315,3.500184406535717,-0.1259876330312455,-0.12622871370084354,0.0002410806695980483,e08_distractor_0,3.500184406535717,False,False,True
e08_query_b_delete_two,e08,held_out,4,delete_two,e08_reference_b,1.0292247145785138,1.0292247145785138,-2.5971884056580468,-2.5971884056580468,0.0,e08_reference_a|e08_distractor_0|e08_distractor_1|e08_distractor_4|e08_distractor_5,1.0292247145785138,False,False,False
e08_query_b_detune,e08,held_out,4,detune,e08_reference_b,2.393528011384034,-0.2655764114291692,-1.2328851088525266,-3.89198953166573,2.6591044228132033,e08_reference_a,-0.2655764114909731,False,False,True
e08_query_b_exact,e08,held_out,4,exact,e08_reference_b,6.0087259840931635,-0.2654208755846863,2.382312863856603,-3.891833995821247,6.27414685967785,e08_distractor_4,-0.2654208755846863,True,False,True
e08_query_b_insert,e08,held_out,4,insert,e08_reference_b,2.9900383294495674,-0.6254025780697754,-0.6363747907869932,-4.251815698306336,3.6154409075193428,e08_distractor_4,-0.6254025780697754,False,False,True
e08_query_b_legitimate_rest,e08,held_out,4,legitimate_rest,e08_reference_b,6.0085967453421505,-0.2654934588358966,2.38218362510559,-3.891906579072457,6.274090204178047,e08_distractor_2,-0.2654934588358966,True,False,True
e08_query_b_mask_absent,e08,held_out,4,mask_absent,e08_reference_b,2.8750036763380082,2.87476259566841,-0.7514094438985524,-0.7516505245681504,0.0002410806695980483,e08_distractor_0,2.87476259566841,False,False,True
e08_query_b_mask_present,e08,held_out,4,mask_present,e08_reference_b,2.8750036763380082,2.87476259566841,-0.7514094438985524,-0.7516505245681504,0.0002410806695980483,e08_distractor_0,2.87476259566841,False,False,True
e08_query_b_merged,e08,held_out,4,merged,e08_reference_b,0.19532896675543743,0.19532896675543743,-3.431084153481123,-3.431084153481123,0.0,e08_reference_a|e08_distractor_0|e08_distractor_1|e08_distractor_2|e08_distractor_3,0.19532896675543743,False,False,False
e08_query_b_substitute,e08,held_out,4,substitute,e08_reference_b,-0.2654208755846863,-0.26566195625428524,-3.891833995821247,-3.892075076490846,0.00024108066959893648,e08_distractor_0,-0.26566195625428524,False,False,True
e08_query_b_timing,e08,held_out,4,timing,e08_reference_b,6.008649825583331,-0.2654753132200156,2.38223670534677,-3.891888433456576,6.274125138803346,e08_distractor_4,-0.2654753132200156,True,False,True
e08_query_b_transpose,e08,held_out,4,transpose,e08_reference_b,6.0087259840931635,-0.2654208755846863,2.382312863856603,-3.891833995821247,6.27414685967785,e08_distractor_4,-0.2654208755846863,True,False,True
e08_query_b_weak_present,e08,held_out,4,weak_present,e08_reference_b,3.500425487205315,3.500184406535717,-0.1259876330312455,-0.12622871370084354,0.0002410806695980483,e08_distractor_0,3.500184406535717,False,False,True
e09_query_a_delete_closed,e09,held_out,6,delete_closed,e09_reference_a,3.626413120328176,-1.0450555900407101,9.161560399206792e-11,-4.671468710277271,4.671468710368886,e09_distractor_5,-1.0450555900407101,True,False,True
e09_query_a_delete_detune,e09,held_out,6,delete_detune,e09_reference_a,0.7344943920404132,-4.6600211001225755,-2.8919187281961474,-8.286434220359137,5.394515492162989,e09_distractor_5,-4.6600211001225755,False,False,True
e09_query_a_delete_insert,e09,held_out,6,delete_insert,e09_reference_a,1.107554582645995,-3.1089064640068136,-2.5188585375905657,-6.735319584243374,4.2164610466528085,e09_distractor_5,-3.1089064640068136,False,False,True
e09_query_a_delete_rest,e09,held_out,6,delete_rest,e09_reference_a,3.6266266302486665,-1.0448885289242211,0.0002135100121058997,-4.671301649160782,4.671515159172888,e09_distractor_5,-1.0448885289242211,True,False,True
e09_query_a_delete_timing,e09,held_out,6,delete_timing,e09_reference_a,3.626547318472876,-1.0449760323296449,0.00013419823631544148,-4.6713891525662055,4.671523350802521,e09_distractor_5,-1.0449760323296449,True,False,True
e09_query_a_delete_transpose,e09,held_out,6,delete_transpose,e09_reference_a,3.6266266302486665,-1.0448885289242211,0.0002135100121058997,-4.671301649160782,4.671515159172888,e09_distractor_5,-1.0448885289242211,True,False,True
e09_query_a_delete_two,e09,held_out,6,delete_two,e09_reference_a,1.9737176717345717,-3.4213676457816895,-1.652695448501989,-7.04778076601825,5.395085317516261,e09_distractor_5,-3.4213676457816895,False,False,True
e09_query_a_detune,e09,held_out,6,detune,e09_reference_a,2.8855974943985236,-1.7845776555622583,-0.740815625838037,-5.410990775798819,4.670175149960782,e09_distractor_5,-1.7845776555622583,False,False,True
e09_query_a_exact,e09,held_out,6,exact,e09_reference_a,5.295729510613376,1.107554582645995,1.6693163903768156,-2.5188585375905657,4.188174927967381,e09_distractor_5,1.107554582645995,True,False,True
e09_query_a_insert,e09,held_out,6,insert,e09_reference_a,3.1343108521243535,-0.7287090612075362,-0.49210226811220714,-4.355122181444097,3.8630199133318897,e09_distractor_5,-0.7287090612075362,False,False,True
e09_query_a_legitimate_rest,e09,held_out,6,legitimate_rest,e09_reference_a,5.295600327865935,1.1074353351109805,1.6691872076293741,-2.51897778512558,4.188164992754954,e09_distractor_5,1.1074353351109805,True,False,True
e09_query_a_mask_absent,e09,held_out,6,mask_absent,e09_reference_a,3.2096787563371274,-1.4618364028357593,-0.4167343638994332,-5.08824952307232,4.671515159172887,e09_distractor_5,-1.4618364028357593,False,False,True
e09_query_a_mask_present,e09,held_out,6,mask_present,e09_reference_a,3.2096787563371274,-1.4618364028357593,-0.4167343638994332,-5.08824952307232,4.671515159172887,e09_distractor_5,-1.4618364028357593,False,False,True
e09_query_a_merged,e09,held_out,6,merged,e09_reference_a,0.734494559112643,-2.158650635679879,-2.8919185611239175,-5.78506375591644,2.893145194792522,e09_distractor_0,-2.158650635679879,False,False,True
e09_query_a_substitute,e09,held_out,6,substitute,e09_reference_a,1.107554582645995,-3.1089064640068136,-2.5188585375905657,-6.735319584243374,4.2164610466528085,e09_distractor_5,-3.1089064640068136,False,False,True
e09_query_a_timing,e09,held_out,6,timing,e09_reference_a,5.295655659941285,1.1074752709515137,1.6692425397047241,-2.518937849285047,4.188180388989771,e09_distractor_5,1.1074752709515137,True,False,True
e09_query_a_transpose,e09,held_out,6,transpose,e09_reference_a,5.295729510613376,1.107554582645995,1.6693163903768156,-2.5188585375905657,4.188174927967381,e09_distractor_5,1.107554582645995,True,False,True
e09_query_a_weak_present,e09,held_out,6,weak_present,e09_reference_a,3.6266266302486665,-1.0448885289242211,0.0002135100121058997,-4.671301649160782,4.671515159172888,e09_distractor_5,-1.0448885289242211,True,False,True
e09_query_b_delete_closed,e09,held_out,6,delete_closed,e09_reference_b,3.626414572779731,-1.0450882632816194,1.4525431701883917e-06,-4.67150138351818,4.67150283606135,e09_distractor_1,-1.0450882632816194,True,False,True
e09_query_b_delete_detune,e09,held_out,6,delete_detune,e09_reference_b,0.7344942815429052,-4.660021220905046,-2.8919188386936554,-8.286434341141607,5.394515502447951,e09_distractor_1,-4.660021220905046,False,False,True
e09_query_b_delete_insert,e09,held_out,6,delete_insert,e09_reference_b,1.107554582645995,-3.1089064640068136,-2.5188585375905657,-6.735319584243374,4.2164610466528085,e09_distractor_1,-3.1089064640068136,False,False,True
e09_query_b_delete_rest,e09,held_out,6,delete_rest,e09_reference_b,3.6266266302486665,-1.0448885289242211,0.0002135100121058997,-4.671301649160782,4.671515159172888,e09_distractor_1,-1.0448885289242211,True,False,True
e09_query_b_delete_timing,e09,held_out,6,delete_timing,e09_reference_b,3.626547814917042,-1.044976032355561,0.0001346946804812177,-4.671389152592122,4.671523847272603,e09_distractor_1,-1.044976032355561,True,False,True
e09_query_b_delete_transpose,e09,held_out,6,delete_transpose,e09_reference_b,3.6266266302486665,-1.0448885289242211,0.0002135100121058997,-4.671301649160782,4.671515159172888,e09_distractor_1,-1.0448885289242211,True,False,True
e09_query_b_delete_two,e09,held_out,6,delete_two,e09_reference_b,1.9737176717345717,-3.4213676457816895,-1.652695448501989,-7.04778076601825,5.395085317516261,e09_distractor_1,-3.4213676457816895,False,False,True
e09_query_b_detune,e09,held_out,6,detune,e09_reference_b,2.885597390757659,-1.7852122599682723,-0.7408157294789017,-5.411625380204833,4.670809650725931,e09_distractor_4,-1.7852122599682723,False,False,True
e09_query_b_exact,e09,held_out,6,exact,e09_reference_b,5.295729510613376,1.1069200887374882,1.6693163903768156,-2.5194930314990724,4.188809421875888,e09_distractor_4,1.1069200887374882,True,False,True
e09_query_b_insert,e09,held_out,6,insert,e09_reference_b,3.1343108521243535,-0.7292903606797614,-0.49210226811220714,-4.355703480916322,3.863601212804115,e09_distractor_4,-0.7292903606797614,False,False,True
e09_query_b_legitimate_rest,e09,held_out,6,legitimate_rest,e09_reference_b,5.295600215889659,1.1067453368887419,1.6691870956530988,-2.5196677833478187,4.1888548790009175,e09_distractor_4,1.1067453368887419,True,False,True
e09_query_b_mask_absent,e09,held_out,6,mask_absent,e09_reference_b,3.2096787563371274,-1.4618364028357593,-0.4167343638994332,-5.08824952307232,4.671515159172887,e09_distractor_1,-1.4618364028357593,False,False,True
e09_query_b_mask_present,e09,held_out,6,mask_present,e09_reference_b,3.2096787563371274,-1.4618364028357593,-0.4167343638994332,-5.08824952307232,4.671515159172887,e09_distractor_1,-1.4618364028357593,False,False,True
e09_query_b_merged,e09,held_out,6,merged,e09_reference_b,1.473380223040727,1.4730302095448513,-2.1530328971958337,-2.1533829106917093,0.0003500134958756007,e09_distractor_4,1.4730302095448513,False,False,True
e09_query_b_substitute,e09,held_out,6,substitute,e09_reference_b,1.107554582645995,-3.1089064640068136,-2.5188585375905657,-6.735319584243374,4.2164610466528085,e09_distractor_1,-3.1089064640068136,False,False,True
e09_query_b_timing,e09,held_out,6,timing,e09_reference_b,5.295655659941285,1.106805807747702,1.6692425397047241,-2.5196073124888585,4.188849852193583,e09_distractor_4,1.106805807747702,True,False,True
e09_query_b_transpose,e09,held_out,6,transpose,e09_reference_b,5.295729510613376,1.1069183513658691,1.6693163903768156,-2.5194947688706915,4.188811159247507,e09_distractor_4,1.1069183513658691,True,False,True
e09_query_b_weak_present,e09,held_out,6,weak_present,e09_reference_b,3.6266266302486665,-1.0448885289242211,0.0002135100121058997,-4.671301649160782,4.671515159172888,e09_distractor_1,-1.0448885289242211,True,False,True
e10_query_a_delete_closed,e10,held_out,8,delete_closed,e10_reference_a,3.5123615034659244,1.4461550792497464,-0.11405161677063624,-2.180258040986814,2.066206424216178,e10_distractor_0,1.4461550792497464,False,False,True
e10_query_a_delete_detune,e10,held_out,8,delete_detune,e10_reference_a,1.4467918462716254,-0.6196587677288408,-2.179621273964935,-4.246071887965401,2.066450614000466,e10_distractor_0,-0.6196587677288408,False,False,True
e10_query_a_delete_insert,e10,held_out,8,delete_insert,e10_reference_a,1.6198753215772124,-0.4465752924232538,-2.0065377986593482,-4.072988412659814,2.066450614000466,e10_distractor_0,-0.4465752924232538,False,False,True
e10_query_a_delete_rest,e10,held_out,8,delete_rest,e10_reference_a,3.5126056913275674,1.4461550773270995,-0.1138074289089932,-2.180258042909461,2.066450614000468,e10_distractor_0,1.4461550773270995,False,False,True
e10_query_a_delete_timing,e10,held_out,8,delete_timing,e10_reference_a,3.512547377819124,1.446096763818658,-0.11386574241743652,-2.1803163564179027,2.066450614000466,e10_distractor_0,1.446096763818658,False,False,True
e10_query_a_delete_transpose,e10,held_out,8,delete_transpose,e10_reference_a,3.5126056913275674,1.4461536263445174,-0.1138074289089932,-2.180259493892043,2.06645206498305,e10_distractor_0,1.4461536263445174,False,False,True
e10_query_a_delete_two,e10,held_out,8,delete_two,e10_reference_a,2.271078845465687,-0.1396991170347892,-1.3553342747708736,-3.76611223727135,2.410777962500476,e10_distractor_0,-0.1396991170347892,False,False,True
e10_query_a_detune,e10,held_out,8,detune,e10_reference_a,2.9555859993911175,-0.446171777814385,-0.670827120845443,-4.072584898050946,3.4017577772055025,e10_distractor_0,-0.446171777814385,False,False,True
e10_query_a_exact,e10,held_out,8,exact,e10_reference_a,4.763185420502917,1.619642067261906,1.1367723002663563,-2.0067710529746545,3.143543353241011,e10_distractor_0,1.619642067261906,True,False,True
e10_query_a_insert,e10,held_out,8,insert,e10_reference_a,3.0797092468403013,0.12585516718346845,-0.5467038733962593,-3.500557953053092,2.953854079656833,e10_distractor_0,0.12585516718346845,False,False,True
e10_query_a_legitimate_rest,e10,held_out,8,legitimate_rest,e10_reference_a,4.763056181666589,1.6195400190583404,1.1366430614300285,-2.00687310117822,3.1435161626082486,e10_distractor_0,1.6195400190583404,True,False,True
e10_query_a_mask_absent,e10,held_out,8,mask_absent,e10_reference_a,3.199894785893913,1.13344417156783,-0.4265183343426475,-2.4929689486687305,2.066450614326083,e10_distractor_0,1.13344417156783,False,False,True
e10_query_a_mask_present,e10,held_out,8,mask_present,e10_reference_a,3.199894785893913,1.13344417156783,-0.4265183343426475,-2.4929689486687305,2.066450614326083,e10_distractor_0,1.13344417156783,False,False,True
e10_query_a_merged,e10,held_out,8,merged,e10_reference_a,1.4467892844008885,1.4463287814207098,-2.179623835835672,-2.180084338815851,0.00046050298017874525,e10_distractor_0,1.4463287814207098,False,False,True
e10_query_a_substitute,e10,held_out,8,substitute,e10_reference_a,1.6198753215772124,-0.4465752924232538,-2.0065377986593482,-4.072988412659814,2.066450614000466,e10_distractor_0,-0.4465752924232538,False,False,True
e10_query_a_timing,e10,held_out,8,timing,e10_reference_a,4.763130032581382,1.6195837537534645,1.1367169123448218,-2.006829366483096,3.143546278827918,e10_distractor_0,1.6195837537534645,True,False,True
e10_query_a_transpose,e10,held_out,8,transpose,e10_reference_a,4.763185420502917,1.6196435250824122,1.1367723002663563,-2.0067695951541484,3.1435418954205048,e10_distractor_0,1.6196435250824122,True,False,True
e10_query_a_weak_present,e10,held_out,8,weak_present,e10_reference_a,3.5126056913275674,1.4461550773270995,-0.1138074289089932,-2.180258042909461,2.066450614000468,e10_distractor_0,1.4461550773270995,False,False,True
e10_query_b_delete_closed,e10,held_out,8,delete_closed,e10_reference_b,3.5123615034659244,0.10945718759451761,-0.11405161677063624,-3.516955932642043,3.4029043158714067,e10_distractor_1,0.10945718759451761,False,False,True
e10_query_b_delete_detune,e10,held_out,8,delete_detune,e10_reference_b,1.4467922728990272,-2.300395468684173,-2.1796208473375334,-5.926808588920734,3.7471877415832004,e10_distractor_1,-2.300395468684173,False,False,True
e10_query_b_delete_insert,e10,held_out,8,delete_insert,e10_reference_b,1.6198753215772124,-1.5392475578603593,-2.0065377986593482,-5.16566067809692,3.1591228794375716,e10_distractor_1,-1.5392475578603593,False,False,True
e10_query_b_delete_rest,e10,held_out,8,delete_rest,e10_reference_b,3.5126056913275674,0.10970382303995141,-0.1138074289089932,-3.516709297196609,3.402901868287616,e10_distractor_1,0.10970382303995141,False,False,True
e10_query_b_delete_timing,e10,held_out,8,delete_timing,e10_reference_b,3.512547377819124,0.10964160874896489,-0.11386574241743652,-3.5167715114875957,3.402905769070159,e10_distractor_1,0.10964160874896489,False,False,True
e10_query_b_delete_transpose,e10,held_out,8,delete_transpose,e10_reference_b,3.5126056913275674,0.10970382303995141,-0.1138074289089932,-3.516709297196609,3.402901868287616,e10_distractor_1,0.10970382303995141,False,False,True
e10_query_b_delete_two,e10,held_out,8,delete_two,e10_reference_b,2.271078845465687,-1.477565311420899,-1.3553342747708736,-5.10397843165746,3.748644156886586,e10_distractor_1,-1.477565311420899,False,False,True
e10_query_b_detune,e10,held_out,8,detune,e10_reference_b,2.955586406787165,-3.949346849584484,-0.6708267134493955,-7.5757599698210445,6.904933256371649,e10_distractor_1,-3.949346849584484,False,False,True
e10_query_b_exact,e10,held_out,8,exact,e10_reference_b,4.763185420502917,-1.5392475578603593,1.1367723002663563,-5.16566067809692,6.302432978363276,e10_distractor_1,-1.5392475578603593,True,False,True
e10_query_b_insert,e10,held_out,8,insert,e10_reference_b,3.0797092468403013,-2.8433762144482335,-0.5467038733962593,-6.469789334684794,5.923085461288535,e10_distractor_1,-2.8433762144482335,False,False,True
e10_query_b_legitimate_rest,e10,held_out,8,legitimate_rest,e10_reference_b,4.763056181666589,-1.5393431013867298,1.1366430614300285,-5.16575622162329,6.302399283053319,e10_distractor_1,-1.5393431013867298,True,False,True
e10_query_b_mask_absent,e10,held_out,8,mask_absent,e10_reference_b,3.199894785893913,-0.2030070823937029,-0.4265183343426475,-3.8294202026302635,3.402901868287616,e10_distractor_1,-0.2030070823937029,False,False,True
e10_query_b_mask_present,e10,held_out,8,mask_present,e10_reference_b,3.199894785893913,-0.2030070823937029,-0.4265183343426475,-3.8294202026302635,3.402901868287616,e10_distractor_1,-0.2030070823937029,False,False,True
e10_query_b_merged,e10,held_out,8,merged,e10_reference_b,1.913694953541511,-1.834949203345075,-1.7127181666950495,-5.4613623235816355,3.748644156886586,e10_distractor_1,-1.834949203345075,False,False,True
e10_query_b_substitute,e10,held_out,8,substitute,e10_reference_b,1.6198753215772124,-1.5392475578603593,-2.0065377986593482,-5.16566067809692,3.1591228794375716,e10_distractor_1,-1.5392475578603593,False,False,True
e10_query_b_timing,e10,held_out,8,timing,e10_reference_b,4.763130032581382,-1.5393097721513458,1.1367169123448218,-5.165722892387906,6.302439804732728,e10_distractor_1,-1.5393097721513458,True,False,True
e10_query_b_transpose,e10,held_out,8,transpose,e10_reference_b,4.763185420502917,-1.5392475578603593,1.1367723002663563,-5.16566067809692,6.302432978363276,e10_distractor_1,-1.5392475578603593,True,False,True
e10_query_b_weak_present,e10,held_out,8,weak_present,e10_reference_b,3.5126056913275674,0.10970382303995141,-0.1138074289089932,-3.516709297196609,3.402901868287616,e10_distractor_1,0.10970382303995141,False,False,True
e11_query_a_delete_closed,e11,held_out,10,delete_closed,e11_reference_a,3.3378478436609926,0.12354471602849593,-0.28856527657556796,-3.5028684042080647,3.2143031276324967,e11_distractor_0,0.12354471602849593,False,False,True
e11_query_a_delete_detune,e11,held_out,10,delete_detune,e11_reference_a,1.7313704069327587,-1.4829327206997371,-1.895042713303802,-5.109345840936298,3.214303127632496,e11_distractor_0,-1.4829327206997371,False,False,True
e11_query_a_delete_insert,e11,held_out,10,delete_insert,e11_reference_a,1.822220913072008,-1.3920822145604888,-1.8041922071645526,-5.018495334797049,3.2143031276324967,e11_distractor_0,-1.3920822145604888,False,False,True
e11_query_a_delete_rest,e11,held_out,10,delete_rest,e11_reference_a,3.3381163838878054,0.12381325625530959,-0.2882967363487552,-3.502599863981251,3.214303127632496,e11_distractor_0,0.12381325625530959,False,False,True
e11_query_a_delete_timing,e11,held_out,10,delete_timing,e11_reference_a,3.3380702530479107,0.12376712541541401,-0.2883428671886499,-3.5026459948211466,3.2143031276324967,e11_distractor_0,0.12376712541541401,False,False,True
e11_query_a_delete_transpose,e11,held_out,10,delete_transpose,e11_reference_a,3.3381163838878054,0.123813257802591,-0.2882967363487552,-3.5025998624339696,3.2143031260852144,e11_distractor_0,0.123813257802591,False,False,True
e11_query_a_delete_two,e11,held_out,10,delete_two,e11_reference_a,2.344052988335183,-1.271952939761504,-1.2823601319013775,-4.8983660599980645,3.616005928096687,e11_distractor_0,-1.271952939761504,False,False,True
e11_query_a_detune,e11,held_out,10,detune,e11_reference_a,2.891877941563945,-0.0010629456971988915,-0.7345351786726155,-3.6274760659337595,2.892940887261144,e11_distractor_0,-0.0010629456971988915,False,False,True
e11_query_a_exact,e11,held_out,10,exact,e11_reference_a,4.337957176912879,1.4450162896517353,0.7115440566763187,-2.1813968305848253,2.892940887261144,e11_distractor_0,1.4450162896517353,True,False,True
e11_query_a_insert,e11,held_out,10,insert,e11_reference_a,2.9592928748591403,0.06641387159063061,-0.6671202453774203,-3.55999924864593,2.8928790032685097,e11_distractor_0,0.06641387159063061,False,False,True
e11_query_a_legitimate_rest,e11,held_out,10,legitimate_rest,e11_reference_a,4.337824350700418,1.4448834634392762,0.7114112304638578,-2.1815296567972844,2.892940887261142,e11_distractor_0,1.4448834634392762,True,False,True
e11_query_a_mask_absent,e11,held_out,10,mask_absent,e11_reference_a,3.087947659540883,-0.1263554680916128,-0.5384654606956776,-3.7527685883281734,3.214303127632496,e11_distractor_0,-0.1263554680916128,False,False,True
e11_query_a_mask_present,e11,held_out,10,mask_present,e11_reference_a,3.087947659540883,-0.1263554680916128,-0.5384654606956776,-3.7527685883281734,3.214303127632496,e11_distractor_0,-0.1263554680916128,False,False,True
e11_query_a_merged,e11,held_out,10,merged,e11_reference_a,2.0660877390608237,0.25808477501248017,-1.560325381175737,-3.3683283452240804,1.8080029640483435,e11_distractor_0,0.25808477501248017,False,False,True
e11_query_a_substitute,e11,held_out,10,substitute,e11_reference_a,1.822220913072008,-1.3920822145604888,-1.8041922071645526,-5.018495334797049,3.2143031276324967,e11_distractor_0,-1.3920822145604888,False,False,True
e11_query_a_timing,e11,held_out,10,timing,e11_reference_a,4.337912866443596,1.444971979182454,0.7114997462070356,-2.1814411410541066,2.892940887261142,e11_distractor_0,1.444971979182454,True,False,True
e11_query_a_transpose,e11,held_out,10,transpose,e11_reference_a,4.337957176912879,1.4450162911441646,0.7115440566763187,-2.181396829092396,2.8929408857687147,e11_distractor_0,1.4450162911441646,True,False,True
e11_query_a_weak_present,e11,held_out,10,weak_present,e11_reference_a,3.3381163838878054,0.12381325625530959,-0.2882967363487552,-3.502599863981251,3.214303127632496,e11_distractor_0,0.12381325625530959,False,False,True
e11_query_b_delete_closed,e11,held_out,10,delete_closed,e11_reference_b,3.3378473387304135,-1.1476975132321297,-0.2885657815061471,-4.77411063346869,4.485544851962543,e11_distractor_1,-1.1476975132321297,False,False,True
e11_query_b_delete_detune,e11,held_out,10,delete_detune,e11_reference_b,1.731370608208306,-1.1479032397262676,-1.8950425120282546,-4.774316359962828,2.8792738479345736,e11_distractor_1,-1.1479032397262676,False,False,True
e11_query_b_delete_insert,e11,held_out,10,delete_insert,e11_reference_b,1.822220913072008,-2.512114006368706,-1.8041922071645526,-6.138527126605267,4.334334919440714,e11_distractor_1,-2.512114006368706,False,False,True
e11_query_b_delete_rest,e11,held_out,10,delete_rest,e11_reference_b,3.3381163838878054,-1.1479032397262676,-0.2882967363487552,-4.774316359962828,4.486019623614073,e11_distractor_1,-1.1479032397262676,False,False,True
e11_query_b_delete_timing,e11,held_out,10,delete_timing,e11_reference_b,3.338070253185392,-1.1479032394569595,-0.28834286705116874,-4.77431635969352,4.485973492642351,e11_distractor_1,-1.1479032394569595,False,False,True
e11_query_b_delete_transpose,e11,held_out,10,delete_transpose,e11_reference_b,3.3381163838878054,-1.1479032226252093,-0.2882967363487552,-4.77431634286177,4.486019606513015,e11_distractor_1,-1.1479032226252093,False,False,True
e11_query_b_delete_two,e11,held_out,10,delete_two,e11_reference_b,2.344052988335183,-2.602315504241953,-1.2823601319013775,-6.228728624478514,4.946368492577136,e11_distractor_1,-2.602315504241953,False,False,True
e11_query_b_detune,e11,held_out,10,detune,e11_reference_b,2.8918781357040144,-0.7036068006416025,-0.7345349845325462,-4.330019920878163,3.595484936345617,e11_distractor_1,-0.7036068006416025,False,False,True
e11_query_b_exact,e11,held_out,10,exact,e11_reference_b,4.337957176912879,-0.7036068006416025,0.7115440566763187,-4.330019920878163,5.041563977554482,e11_distractor_1,-0.7036068006416025,True,False,True
e11_query_b_insert,e11,held_out,10,insert,e11_reference_b,2.9592928748591403,-1.8339709097009669,-0.6671202453774203,-5.4603840299375275,4.793263784560107,e11_distractor_1,-1.8339709097009669,False,False,True
e11_query_b_legitimate_rest,e11,held_out,10,legitimate_rest,e11_reference_b,4.337824170340272,-0.7037298330340187,0.7114110501037114,-4.330142953270579,5.041554003374291,e11_distractor_1,-0.7037298330340187,True,False,True
e11_query_b_mask_absent,e11,held_out,10,mask_absent,e11_reference_b,3.087947659540883,-1.398071964073191,-0.5384654606956776,-5.0244850843097515,4.486019623614074,e11_distractor_1,-1.398071964073191,False,False,True
e11_query_b_mask_present,e11,held_out,10,mask_present,e11_reference_b,3.087947659540883,-1.398071964073191,-0.5384654606956776,-5.0244850843097515,4.486019623614074,e11_distractor_1,-1.398071964073191,False,False,True
e11_query_b_merged,e11,held_out,10,merged,e11_reference_b,2.0660877390608237,-2.8798622202790707,-1.560325381175737,-6.506275340515631,4.945949959339894,e11_distractor_1,-2.8798622202790707,False,False,True
e11_query_b_substitute,e11,held_out,10,substitute,e11_reference_b,1.822220913072008,-2.512114006368706,-1.8041922071645526,-6.138527126605267,4.334334919440714,e11_distractor_1,-2.512114006368706,False,False,True
e11_query_b_timing,e11,held_out,10,timing,e11_reference_b,4.337912866575652,-0.7036068006416025,0.7114997463390917,-4.330019920878163,5.041519667217255,e11_distractor_1,-0.7036068006416025,True,False,True
e11_query_b_transpose,e11,held_out,10,transpose,e11_reference_b,4.337957176912879,-0.7036068006416025,0.7115440566763187,-4.330019920878163,5.041563977554482,e11_distractor_1,-0.7036068006416025,True,False,True
e11_query_b_weak_present,e11,held_out,10,weak_present,e11_reference_b,3.3381163838878054,-1.1479032397262676,-0.2882967363487552,-4.774316359962828,4.486019623614073,e11_distractor_1,-1.1479032397262676,False,False,True
e12_query_a_delete_closed,e12,held_out,4,delete_closed,e12_reference_a,3.500269951299029,-1.3201348654546807,-0.1261431689375314,-4.946547985691241,4.82040481675371,e12_distractor_0|e12_distractor_5,-1.3201348654546807,False,False,True
e12_query_a_delete_detune,e12,held_out,4,delete_detune,e12_reference_a,-1.3197732360512875,-1.3200138324139123,-4.946186356287848,-4.946426952650473,0.0002405963626248564,e12_distractor_0,-1.3200138324139123,False,False,True
e12_query_a_delete_insert,e12,held_out,4,delete_insert,e12_reference_a,-0.2654208755846863,-1.2226475302638837,-3.891833995821247,-4.849060650500444,0.9572266546791974,e12_distractor_5,-1.2226475302638837,False,False,True
e12_query_a_delete_rest,e12,held_out,4,delete_rest,e12_reference_a,3.500425487205315,-1.3203759460547504,-0.1259876330312455,-4.946789066291311,4.8208014332600655,e12_distractor_0,-1.3203759460547504,False,False,True
e12_query_a_delete_timing,e12,held_out,4,delete_timing,e12_reference_a,3.5003943800119517,-1.3204459372268387,-0.1260187402246089,-4.946859057463399,4.82084031723879,e12_distractor_0,-1.3204459372268387,False,False,True
e12_query_a_delete_transpose,e12,held_out,4,delete_transpose,e12_reference_a,3.500425487205315,-1.3203760461644336,-0.1259876330312455,-4.946789166400994,4.820801533369749,e12_distractor_0,-1.3203760461644336,False,False,True
e12_query_a_delete_two,e12,held_out,4,delete_two,e12_reference_a,1.0292247145785138,1.0292247145785138,-2.5971884056580468,-2.5971884056580468,0.0,e12_distractor_0|e12_distractor_1|e12_distractor_4|e12_distractor_5,1.0292247145785138,False,False,False
e12_query_a_detune,e12,held_out,4,detune,e12_reference_a,2.3935278298052394,-5.085619599186495,-1.2328852904313212,-8.712032719423057,7.479147428991735,e12_distractor_2,-5.085619599186495,False,False,True
e12_query_a_exact,e12,held_out,4,exact,e12_reference_a,6.0087259840931635,-0.2654208755846863,2.382312863856603,-3.891833995821247,6.27414685967785,e12_distractor_2,-0.2654208755846863,True,False,True
e12_query_a_insert,e12,held_out,4,insert,e12_reference_a,2.9900383294495674,-2.601282999493752,-0.6363747907869932,-6.227696119730313,5.5913213289433195,e12_distractor_2,-2.601282999493752,False,False,True
e12_query_a_legitimate_rest,e12,held_out,4,legitimate_rest,e12_reference_a,6.0085967453421505,-0.2654934588358966,2.38218362510559,-3.891906579072457,6.274090204178047,e12_reference_b,-0.26552975082382524,True,False,True
e12_query_a_mask_absent,e12,held_out,4,mask_absent,e12_reference_a,2.8750036763380082,-1.9457977565768516,-0.7514094438985524,-5.572210876813412,4.82080143291486,e12_distractor_0,-1.9457977565768516,False,False,True
e12_query_a_mask_present,e12,held_out,4,mask_present,e12_reference_a,2.8750036763380082,-1.9457977565768516,-0.7514094438985524,-5.572210876813412,4.82080143291486,e12_distractor_0,-1.9457977565768516,False,False,True
e12_query_a_merged,e12,held_out,4,merged,e12_reference_a,0.19532896675543743,0.19532896675543743,-3.431084153481123,-3.431084153481123,0.0,e12_reference_b|e12_distractor_0|e12_distractor_2|e12_distractor_3|e12_distractor_4,0.19532896675543743,False,False,False
e12_query_a_substitute,e12,held_out,4,substitute,e12_reference_a,-0.2654208755846863,-5.085981032167785,-3.891833995821247,-8.712394152404347,4.820560156583099,e12_distractor_1,-5.085981032167785,False,False,True
e12_query_a_timing,e12,held_out,4,timing,e12_reference_a,6.008649825583331,-0.2654753132200156,2.38223670534677,-3.891888433456576,6.274125138803346,e12_distractor_2,-0.2654753132200156,True,False,True
e12_query_a_transpose,e12,held_out,4,transpose,e12_reference_a,6.0087259840931635,-0.2654208755846863,2.382312863856603,-3.891833995821247,6.27414685967785,e12_distractor_2,-0.2654208755846863,True,False,True
e12_query_a_weak_present,e12,held_out,4,weak_present,e12_reference_a,3.500425487205315,-1.3203759460547504,-0.1259876330312455,-4.946789066291311,4.8208014332600655,e12_distractor_0,-1.3203759460547504,False,False,True
e12_query_b_delete_closed,e12,held_out,4,delete_closed,e12_reference_b,3.500269951299029,3.500269951360834,-0.1261431689375314,-0.12614316887572663,-6.180478351325291e-11,e12_distractor_3,3.500269951360834,False,False,False
e12_query_b_delete_detune,e12,held_out,4,delete_detune,e12_reference_b,-1.3197732360512875,-1.3200138323276107,-4.946186356287848,-4.946426952564171,0.0002405962763232239,e12_distractor_4,-1.3200138323276107,False,False,True
e12_query_b_delete_insert,e12,held_out,4,delete_insert,e12_reference_b,-0.2654208755846863,-0.26591859042061117,-3.891833995821247,-3.8923317106571718,0.0004977148359248673,e12_distractor_3,-0.26591859042061117,False,False,True
e12_query_b_delete_rest,e12,held_out,4,delete_rest,e12_reference_b,3.500425487205315,3.499927772369392,-0.1259876330312455,-0.12648534786716858,0.000497714835923091,e12_distractor_3,3.499927772369392,False,False,True
e12_query_b_delete_timing,e12,held_out,4,delete_timing,e12_reference_b,3.5003943800119517,3.499834450803797,-0.1260187402246089,-0.12657866943276375,0.0005599292081548413,e12_distractor_3,3.499834450803797,False,False,True
e12_query_b_delete_transpose,e12,held_out,4,delete_transpose,e12_reference_b,3.500425487205315,3.499927772369392,-0.1259876330312455,-0.12648534786716858,0.000497714835923091,e12_distractor_3,3.499927772369392,False,False,True
e12_query_b_delete_two,e12,held_out,4,delete_two,e12_reference_b,1.0292247145785138,3.131516317797421,-2.5971884056580468,-0.4948968024391398,-2.102291603218907,e12_distractor_6,3.131516317797421,False,False,False
e12_query_b_detune,e12,held_out,4,detune,e12_reference_b,2.3935278298052394,-1.2239523520640683,-1.2328852904313212,-4.850365472300629,3.6174801818693076,e12_distractor_1,-1.2239523520640683,False,False,True
e12_query_b_exact,e12,held_out,4,exact,e12_reference_b,6.0087259840931635,-0.2654208755846863,2.382312863856603,-3.891833995821247,6.27414685967785,e12_distractor_4,-0.2654208755846863,True,False,True
e12_query_b_insert,e12,held_out,4,insert,e12_reference_b,2.9900383294495674,-0.6263184978851255,-0.6363747907869932,-4.252731618121686,3.616356827334693,e12_distractor_2,-0.6263184978851255,False,False,True
e12_query_b_legitimate_rest,e12,held_out,4,legitimate_rest,e12_reference_b,6.0085967453421505,-0.2654934588358966,2.38218362510559,-3.891906579072457,6.274090204178047,e12_reference_a,-0.26552975082382524,True,False,True
e12_query_b_mask_absent,e12,held_out,4,mask_absent,e12_reference_b,2.8750036763380082,2.8745059615020834,-0.7514094438985524,-0.7519071587344772,0.0004977148359248673,e12_distractor_3,2.8745059615020834,False,False,True
e12_query_b_mask_present,e12,held_out,4,mask_present,e12_reference_b,2.8750036763380082,2.8745059615020834,-0.7514094438985524,-0.7519071587344772,0.0004977148359248673,e12_distractor_3,2.8745059615020834,False,False,True
e12_query_b_merged,e12,held_out,4,merged,e12_reference_b,0.19532896675543743,0.19532896675543743,-3.431084153481123,-3.431084153481123,0.0,e12_reference_a|e12_distractor_2|e12_distractor_3,0.19532896675543743,False,False,False
e12_query_b_substitute,e12,held_out,4,substitute,e12_reference_b,-0.2654208755846863,-0.2655764114600716,-3.891833995821247,-3.891989531696632,0.00015553587538530422,e12_reference_a,-0.26591859042061117,False,False,True
e12_query_b_timing,e12,held_out,4,timing,e12_reference_b,6.008649825583331,-0.2654753132200156,2.38223670534677,-3.891888433456576,6.274125138803346,e12_distractor_4,-0.2654753132200156,True,False,True
e12_query_b_transpose,e12,held_out,4,transpose,e12_reference_b,6.0087259840931635,-0.2654208755846863,2.382312863856603,-3.891833995821247,6.27414685967785,e12_distractor_4,-0.2654208755846863,True,False,True
e12_query_b_weak_present,e12,held_out,4,weak_present,e12_reference_b,3.500425487205315,3.499927772369392,-0.1259876330312455,-0.12648534786716858,0.000497714835923091,e12_distractor_3,3.499927772369392,False,False,True
e13_query_a_delete_closed,e13,held_out,6,delete_closed,e13_reference_a,3.6264130803819308,-1.045088575215238,-3.9854629818592e-08,-4.6715016954517985,4.671501655597169,e13_distractor_3,-1.045088575215238,False,False,True
e13_query_a_delete_detune,e13,held_out,6,delete_detune,e13_reference_a,0.7344944227034693,-1.0452385425504866,-2.8919186975330913,-4.671651662787047,1.779732965253956,e13_distractor_3,-1.0452385425504866,False,False,True
e13_query_a_delete_insert,e13,held_out,6,delete_insert,e13_reference_a,1.107554582645995,-3.1092564775678833,-2.5188585375905657,-6.735669597804444,4.216811060213878,e13_distractor_0,-3.1092564775678833,False,False,True
e13_query_a_delete_rest,e13,held_out,6,delete_rest,e13_reference_a,3.6266266302486665,-1.0452385424852908,0.0002135100121058997,-4.671651662721851,4.671865172733957,e13_distractor_0,-1.0452385424852908,True,False,True
e13_query_a_delete_timing,e13,held_out,6,delete_timing,e13_reference_a,3.626547318591059,-1.0452385425504866,0.00013419835449823836,-4.671651662787047,4.6717858611415455,e13_distractor_3,-1.0452385425504866,True,False,True
e13_query_a_delete_transpose,e13,held_out,6,delete_transpose,e13_reference_a,3.6266266302486665,-1.045235035367429,0.0002135100121058997,-4.6716481556039895,4.671861665616095,e13_distractor_0,-1.045235035367429,True,False,True
e13_query_a_delete_two,e13,held_out,6,delete_two,e13_reference_a,1.9737176717345717,-3.421494090985257,-1.652695448501989,-7.047907211221817,5.395211762719828,e13_distractor_3,-3.421494090985257,False,False,True
e13_query_a_detune,e13,held_out,6,detune,e13_reference_a,2.8855975231588635,1.1069200886193036,-0.7408155970776971,-2.519493031617257,1.77867743453956,e13_distractor_3,1.1069200886193036,False,False,True
e13_query_a_exact,e13,held_out,6,exact,e13_reference_a,5.295729510613376,1.1072373356917415,1.6693163903768156,-2.519175784544819,4.188492174921635,e13_distractor_0,1.1072373356917415,True,False,True
e13_query_a_insert,e13,held_out,6,insert,e13_reference_a,3.1343108521243535,-0.7289997109436497,-0.49210226811220714,-4.35541283118021,3.863310563068003,e13_distractor_0,-0.7289997109436497,False,False,True
e13_query_a_legitimate_rest,e13,held_out,6,legitimate_rest,e13_reference_a,5.29560055146426,1.1072472497482169,1.6691874312276997,-2.5191658704883437,4.1883533017160435,e13_distractor_0,1.1072472497482169,True,False,True
e13_query_a_mask_absent,e13,held_out,6,mask_absent,e13_reference_a,3.2096787563371274,-1.46218641639683,-0.4167343638994332,-5.0885995366333905,4.671865172733957,e13_distractor_0,-1.46218641639683,False,False,True
e13_query_a_mask_present,e13,held_out,6,mask_present,e13_reference_a,3.2096787563371274,-1.46218641639683,-0.4167343638994332,-5.0885995366333905,4.671865172733957,e13_distractor_0,-1.46218641639683,False,False,True
e13_query_a_merged,e13,held_out,6,merged,e13_reference_a,1.473380223040727,1.4730302094796555,-2.1530328971958337,-2.153382910756905,0.00035001356107144943,e13_distractor_0,1.4730302094796555,False,False,True
e13_query_a_substitute,e13,held_out,6,substitute,e13_reference_a,1.107554582645995,-3.1092564775678833,-2.5188585375905657,-6.735669597804444,4.216811060213878,e13_distractor_0,-3.1092564775678833,False,False,True
e13_query_a_timing,e13,held_out,6,timing,e13_reference_a,5.29565566005133,1.1071580240341339,1.6692425398147694,-2.5192550962024267,4.188497636017196,e13_distractor_0,1.1071580240341339,True,False,True
e13_query_a_transpose,e13,held_out,6,transpose,e13_reference_a,5.295729510613376,1.107239318459782,1.6693163903768156,-2.5191738017767786,4.188490192153594,e13_distractor_0,1.107239318459782,True,False,True
e13_query_a_weak_present,e13,held_out,6,weak_present,e13_reference_a,3.6266266302486665,-1.0452385424852908,0.0002135100121058997,-4.671651662721851,4.671865172733957,e13_distractor_0,-1.0452385424852908,True,False,True
e13_query_b_delete_closed,e13,held_out,6,delete_closed,e13_reference_b,3.626413120328176,-2.159241712629881,9.161560399206792e-11,-5.785654832866442,5.785654832958057,e13_distractor_1,-2.159241712629881,True,False,True
e13_query_b_delete_detune,e13,held_out,6,delete_detune,e13_reference_b,0.7344943893884723,-2.158796473083213,-2.8919187308480883,-5.785209593319774,2.8932908624716855,e13_distractor_1,-2.158796473083213,False,False,True
e13_query_b_delete_insert,e13,held_out,6,delete_insert,e13_reference_b,1.107554582645995,-4.6781002503120614,-2.5188585375905657,-8.304513370548623,5.785654832958056,e13_distractor_1,-4.6781002503120614,False,False,True
e13_query_b_delete_rest,e13,held_out,6,delete_rest,e13_reference_b,3.6266266302486665,-2.1590282027093908,0.0002135100121058997,-5.785441322945951,5.785654832958057,e13_distractor_1,-2.1590282027093908,True,False,True
e13_query_b_delete_timing,e13,held_out,6,delete_timing,e13_reference_b,3.626547318472876,-2.1591075144851812,0.00013419823631544148,-5.785520634721742,5.785654832958057,e13_distractor_1,-2.1591075144851812,True,False,True
e13_query_b_delete_transpose,e13,held_out,6,delete_transpose,e13_reference_b,3.6266266302486665,-2.1590282159690917,0.0002135100121058997,-5.785441336205652,5.785654846217758,e13_distractor_1,-2.1590282159690917,True,False,True
e13_query_b_delete_two,e13,held_out,6,delete_two,e13_reference_b,1.9737176717345717,-2.1289969069925156,-1.652695448501989,-5.755410027229076,4.102714578727087,e13_distractor_6,-2.1289969069925156,False,False,True
e13_query_b_detune,e13,held_out,6,detune,e13_reference_b,2.8855974919111427,0.47437874691791837,-0.7408156283254179,-3.1520343733186422,2.4112187449932243,e13_distractor_1,0.47437874691791837,False,False,True
e13_query_b_exact,e13,held_out,6,exact,e13_reference_b,5.295729510613376,0.47416139668495916,1.6693163903768156,-3.1522517235516014,4.821568113928417,e13_distractor_1,0.47416139668495916,True,False,True
e13_query_b_insert,e13,held_out,6,insert,e13_reference_b,3.1343108521243535,-1.6870951876926048,-0.49210226811220714,-5.313508307929165,4.821406039816958,e13_distractor_1,-1.6870951876926048,False,False,True
e13_query_b_legitimate_rest,e13,held_out,6,legitimate_rest,e13_reference_b,5.295600551314442,0.4740324373860263,1.6691874310778818,-3.1523806828505343,4.821568113928416,e13_distractor_1,0.4740324373860263,True,False,True
e13_query_b_mask_absent,e13,held_out,6,mask_absent,e13_reference_b,3.2096787563371274,-2.575976076620928,-0.4167343638994332,-6.202389196857489,5.7856548329580555,e13_distractor_1,-2.575976076620928,False,False,True
e13_query_b_mask_present,e13,held_out,6,mask_present,e13_reference_b,3.2096787563371274,-2.575976076620928,-0.4167343638994332,-6.202389196857489,5.7856548329580555,e13_distractor_1,-2.575976076620928,False,False,True
e13_query_b_merged,e13,held_out,6,merged,e13_reference_b,0.7344924024222985,-4.661103984803659,-2.891920717814262,-8.28751710504022,5.395596387225957,e13_distractor_5,-4.661103984803659,False,False,True
e13_query_b_substitute,e13,held_out,6,substitute,e13_reference_b,1.107554582645995,-4.319648486953336,-2.5188585375905657,-7.946061607189897,5.427203069599331,e13_distractor_7,-4.319648486953336,False,False,True
e13_query_b_timing,e13,held_out,6,timing,e13_reference_b,5.295655659941285,0.47408754601286773,1.6692425397047241,-3.152325574223693,4.821568113928417,e13_distractor_1,0.47408754601286773,True,False,True
e13_query_b_transpose,e13,held_out,6,transpose,e13_reference_b,5.295729510613376,0.4741613842480552,1.6693163903768156,-3.1522517359885054,4.821568126365321,e13_distractor_1,0.4741613842480552,True,False,True
e13_query_b_weak_present,e13,held_out,6,weak_present,e13_reference_b,3.6266266302486665,-2.1590282027093908,0.0002135100121058997,-5.785441322945951,5.785654832958057,e13_distractor_1,-2.1590282027093908,True,False,True
e14_query_a_delete_closed,e14,held_out,8,delete_closed,e14_reference_a,3.5123617461897636,3.5123612602569247,-0.114051374046797,-0.11405185997963585,4.85932838856229e-07,e14_distractor_0,3.5123612602569247,False,False,True
e14_query_a_delete_detune,e14,held_out,8,delete_detune,e14_reference_a,1.4467923267883753,1.4465590723971564,-2.1796207934481853,-2.179854047839404,0.00023325439121890668,e14_distractor_0,1.4465590723971564,False,False,True
e14_query_a_delete_insert,e14,held_out,8,delete_insert,e14_reference_a,1.6198753215772124,1.6196420673488001,-2.0065377986593482,-2.0067710528877605,0.00023325422841224963,e14_distractor_0,1.6196420673488001,False,False,True
e14_query_a_delete_rest,e14,held_out,8,delete_rest,e14_reference_a,3.5126056913275674,3.512372437099155,-0.1138074289089932,-0.11404068313740545,0.00023325422841224963,e14_distractor_0,3.512372437099155,False,False,True
e14_query_a_delete_timing,e14,held_out,8,delete_timing,e14_reference_a,3.51254737773223,3.5123141235038178,-0.11386574250433057,-0.11409899673274282,0.00023325422841224963,e14_distractor_0,3.5123141235038178,False,False,True
e14_query_a_delete_transpose,e14,held_out,8,delete_transpose,e14_reference_a,3.5126056913275674,3.512372436969076,-0.1138074289089932,-0.11404068326748451,0.00023325435849130827,e14_distractor_0,3.512372436969076,False,False,True
e14_query_a_delete_two,e14,held_out,8,delete_two,e14_reference_a,2.271078845465687,2.2708299880940794,-1.3553342747708736,-1.3555831321424812,0.00024885737160751376,e14_distractor_0,2.2708299880940794,False,False,True
e14_query_a_detune,e14,held_out,8,detune,e14_reference_a,2.9555864582448548,-0.4461712973531968,-0.6708266619917058,-4.072584417589757,3.4017577555980516,e14_distractor_0,-0.4461712973531968,False,False,True
e14_query_a_exact,e14,held_out,8,exact,e14_reference_a,4.763185420502917,1.6196420673488001,1.1367723002663563,-2.0067710528877605,3.143543353154117,e14_distractor_0,1.6196420673488001,True,False,True
e14_query_a_insert,e14,held_out,8,insert,e14_reference_a,3.0797092468403013,0.12585516726458312,-0.5467038733962593,-3.5005579529719775,2.953854079575718,e14_distractor_0,0.12585516726458312,False,False,True
e14_query_a_legitimate_rest,e14,held_out,8,legitimate_rest,e14_reference_a,4.763056312567367,1.6195158390855093,1.1366431923308067,-2.0068972811510513,3.143540473481858,e14_distractor_0,1.6195158390855093,True,False,True
e14_query_a_mask_absent,e14,held_out,8,mask_absent,e14_reference_a,3.199894785893913,3.199661531665501,-0.4265183343426475,-0.42675158857105977,0.00023325422841224963,e14_distractor_0,3.199661531665501,False,False,True
e14_query_a_mask_present,e14,held_out,8,mask_present,e14_reference_a,3.199894785893913,3.199661531665501,-0.4265183343426475,-0.42675158857105977,0.00023325422841224963,e14_distractor_0,3.199661531665501,False,False,True
e14_query_a_merged,e14,held_out,8,merged,e14_reference_a,1.913694953541511,1.913694953541511,-1.7127181666950495,-1.7127181666950495,0.0,e14_distractor_0,1.913694953541511,False,False,False
e14_query_a_substitute,e14,held_out,8,substitute,e14_reference_a,1.6198753215772124,1.6196420673488001,-2.0065377986593482,-2.0067710528877605,0.00023325422841224963,e14_distractor_0,1.6196420673488001,False,False,True
e14_query_a_timing,e14,held_out,8,timing,e14_reference_a,4.763130032498849,1.6195837537534645,1.1367169122622887,-2.006829366483096,3.1435462787453847,e14_distractor_0,1.6195837537534645,True,False,True
e14_query_a_transpose,e14,held_out,8,transpose,e14_reference_a,4.763185420502917,1.619642067392248,1.1367723002663563,-2.0067710528443126,3.143543353110669,e14_distractor_0,1.619642067392248,True,False,True
e14_query_a_weak_present,e14,held_out,8,weak_present,e14_reference_a,3.5126056913275674,3.512372437099155,-0.1138074289089932,-0.11404068313740545,0.00023325422841224963,e14_distractor_0,3.512372437099155,False,False,True
e14_query_b_delete_closed,e14,held_out,8,delete_closed,e14_reference_b,3.5123612603110805,3.512361017420539,-0.11405185992548006,-0.11405210281602152,2.428905414575411e-07,e14_distractor_1,3.512361017420539,False,False,True
e14_query_b_delete_detune,e14,held_out,8,delete_detune,e14_reference_b,1.4467920489977386,1.4465587947693264,-2.179621071238822,-2.1798543254672342,0.00023325422841224963,e14_distractor_1,1.4465587947693264,False,False,True
e14_query_b_delete_insert,e14,held_out,8,delete_insert,e14_reference_b,1.6198753215772124,1.6196420673488001,-2.0065377986593482,-2.0067710528877605,0.00023325422841224963,e14_distractor_1,1.6196420673488001,False,False,True
e14_query_b_delete_rest,e14,held_out,8,delete_rest,e14_reference_b,3.5126056913275674,3.512372437099155,-0.1138074289089932,-0.11404068313740545,0.00023325422841224963,e14_distractor_1,3.512372437099155,False,False,True
e14_query_b_delete_timing,e14,held_out,8,delete_timing,e14_reference_b,3.51254737773223,3.5123141235038178,-0.11386574250433057,-0.11409899673274282,0.00023325422841224963,e14_distractor_1,3.5123141235038178,False,False,True
e14_query_b_delete_transpose,e14,held_out,8,delete_transpose,e14_reference_b,3.5126056913275674,3.5123738949196612,-0.1138074289089932,-0.11403922531689936,0.00023179640790615963,e14_distractor_1,3.5123738949196612,False,False,True
e14_query_b_delete_two,e14,held_out,8,delete_two,e14_reference_b,2.271078845465687,2.2708299880940794,-1.3553342747708736,-1.3555831321424812,0.00024885737160751376,e14_distractor_1,2.2708299880940794,False,False,True
e14_query_b_detune,e14,held_out,8,detune,e14_reference_b,2.955586192969583,-0.6599378291854867,-0.6708269272669778,-4.286350949422047,3.6155240221550695,e14_distractor_1,-0.6599378291854867,False,False,True
e14_query_b_exact,e14,held_out,8,exact,e14_reference_b,4.763185420502917,1.1476613983478474,1.1367723002663563,-2.478751721888713,3.6155240221550695,e14_distractor_1,1.1476613983478474,True,False,True
e14_query_b_insert,e14,held_out,8,insert,e14_reference_b,3.0797092468403013,-0.535768717441699,-0.5467038733962593,-4.1621818376782596,3.6154779642820003,e14_distractor_1,-0.535768717441699,False,False,True
e14_query_b_legitimate_rest,e14,held_out,8,legitimate_rest,e14_reference_b,4.763056088610061,1.1475290731025334,1.1366429683735007,-2.478884047134027,3.615527015507528,e14_distractor_1,1.1475290731025334,True,False,True
e14_query_b_mask_absent,e14,held_out,8,mask_absent,e14_reference_b,3.199894785893913,3.199661531665501,-0.4265183343426475,-0.42675158857105977,0.00023325422841224963,e14_distractor_1,3.199661531665501,False,False,True
e14_query_b_mask_present,e14,held_out,8,mask_present,e14_reference_b,3.199894785893913,3.199661531665501,-0.4265183343426475,-0.42675158857105977,0.00023325422841224963,e14_distractor_1,3.199661531665501,False,False,True
e14_query_b_merged,e14,held_out,8,merged,e14_reference_b,1.4467906703828382,1.4467938910447566,-2.1796224498537224,-2.179619229191804,-3.220661918490464e-06,e14_distractor_1,1.4467938910447566,False,False,False
e14_query_b_substitute,e14,held_out,8,substitute,e14_reference_b,1.6198753215772124,1.147335319208799,-2.0065377986593482,-2.4790778010277617,0.4725400023684134,e14_distractor_1,1.147335319208799,False,False,True
e14_query_b_timing,e14,held_out,8,timing,e14_reference_b,4.763130032498849,1.1476060101883183,1.1367169122622887,-2.4788071100482423,3.615524022310531,e14_distractor_1,1.1476060101883183,True,False,True
e14_query_b_transpose,e14,held_out,8,transpose,e14_reference_b,4.763185420502917,1.1476614253981134,1.1367723002663563,-2.478751694838447,3.6155239951048035,e14_distractor_1,1.1476614253981134,True,False,True
e14_query_b_weak_present,e14,held_out,8,weak_present,e14_reference_b,3.5126056913275674,3.512372437099155,-0.1138074289089932,-0.11404068313740545,0.00023325422841224963,e14_distractor_1,3.512372437099155,False,False,True
e15_query_a_delete_closed,e15,held_out,10,delete_closed,e15_reference_a,3.3378476721919457,-2.0295917005606556,-0.2885654480446149,-5.656004820797216,5.367439372752601,e15_distractor_0,-2.0295917005606556,False,False,True
e15_query_a_delete_detune,e15,held_out,10,delete_detune,e15_reference_a,1.7313705207868955,-4.095175474788704,-1.8950425994496651,-7.721588595025264,5.826545995575599,e15_distractor_0,-4.095175474788704,False,False,True
e15_query_a_delete_insert,e15,held_out,10,delete_insert,e15_reference_a,1.822220913072008,-3.2419078525287723,-1.8041922071645526,-6.868320972765333,5.06412876560078,e15_distractor_0,-3.2419078525287723,False,False,True
e15_query_a_delete_rest,e15,held_out,10,delete_rest,e15_reference_a,3.3381163838878054,-2.029381790059692,-0.2882967363487552,-5.655794910296253,5.367498173947498,e15_distractor_0,-2.029381790059692,False,False,True
e15_query_a_delete_timing,e15,held_out,10,delete_timing,e15_reference_a,3.3380702530479107,-2.02943312195848,-0.2883428671886499,-5.65584624219504,5.3675033750063905,e15_distractor_0,-2.02943312195848,False,False,True
e15_query_a_delete_transpose,e15,held_out,10,delete_transpose,e15_reference_a,3.3381163838878054,-2.029381790059692,-0.2882967363487552,-5.655794910296253,5.367498173947498,e15_distractor_0,-2.029381790059692,False,False,True
e15_query_a_delete_two,e15,held_out,10,delete_two,e15_reference_a,2.344052988335183,-0.5355386479420456,-1.2823601319013775,-4.161951768178606,2.8795916362772287,e15_distractor_0,-0.5355386479420456,False,False,True
e15_query_a_detune,e15,held_out,10,detune,e15_reference_a,2.8918780513818048,-2.5111860857048063,-0.7345350688547558,-6.137599205941367,5.403064137086611,e15_distractor_0,-2.5111860857048063,False,False,True
e15_query_a_exact,e15,held_out,10,exact,e15_reference_a,4.337957176912879,-0.7036068006416025,0.7115440566763187,-4.330019920878163,5.041563977554482,e15_distractor_0,-0.7036068006416025,True,False,True
e15_query_a_insert,e15,held_out,10,insert,e15_reference_a,2.9592928748591403,-1.8339709097009669,-0.6671202453774203,-5.4603840299375275,4.793263784560107,e15_distractor_0,-1.8339709097009669,False,False,True
e15_query_a_legitimate_rest,e15,held_out,10,legitimate_rest,e15_reference_a,4.337824312927981,-0.7037105282071829,0.7114111926914202,-4.3301236484437435,5.041534841135164,e15_distractor_0,-0.7037105282071829,True,False,True
e15_query_a_mask_absent,e15,held_out,10,mask_absent,e15_reference_a,3.087947659540883,-2.2795505144066146,-0.5384654606956776,-5.905963634643175,5.367498173947498,e15_distractor_0,-2.2795505144066146,False,False,True
e15_query_a_mask_present,e15,held_out,10,mask_present,e15_reference_a,3.087947659540883,-2.2795505144066146,-0.5384654606956776,-5.905963634643175,5.367498173947498,e15_distractor_0,-2.2795505144066146,False,False,True
e15_query_a_merged,e15,held_out,10,merged,e15_reference_a,2.0660877390608237,-2.879653145908187,-1.560325381175737,-6.506066266144748,4.945740884969011,e15_distractor_0,-2.879653145908187,False,False,True
e15_query_a_substitute,e15,held_out,10,substitute,e15_reference_a,1.822220913072008,-3.2419078525287723,-1.8041922071645526,-6.868320972765333,5.06412876560078,e15_distractor_0,-3.2419078525287723,False,False,True
e15_query_a_timing,e15,held_out,10,timing,e15_reference_a,4.337912866443596,-0.703655206944763,0.7114997462070356,-4.330068327181324,5.041568073388359,e15_distractor_0,-0.703655206944763,True,False,True
e15_query_a_transpose,e15,held_out,10,transpose,e15_reference_a,4.337957176912879,-0.7036068006416025,0.7115440566763187,-4.330019920878163,5.041563977554482,e15_distractor_0,-0.7036068006416025,True,False,True
e15_query_a_weak_present,e15,held_out,10,weak_present,e15_reference_a,3.3381163838878054,-2.029381790059692,-0.2882967363487552,-5.655794910296253,5.367498173947498,e15_distractor_0,-2.029381790059692,False,False,True
e15_query_b_delete_closed,e15,held_out,10,delete_closed,e15_reference_b,3.3378475280352324,-2.0296521987397824,-0.28856559220132816,-5.656065318976343,5.367499726775015,e15_distractor_1,-2.0296521987397824,False,False,True
e15_query_b_delete_detune,e15,held_out,10,delete_detune,e15_reference_b,1.7313705207868955,-4.095175474788704,-1.8950425994496651,-7.721588595025264,5.826545995575599,e15_distractor_1,-4.095175474788704,False,False,True
e15_query_b_delete_insert,e15,held_out,10,delete_insert,e15_reference_b,1.822220913072008,-3.2419078525287723,-1.8041922071645526,-6.868320972765333,5.06412876560078,e15_distractor_1,-3.2419078525287723,False,False,True
e15_query_b_delete_rest,e15,held_out,10,delete_rest,e15_reference_b,3.3381163838878054,-2.029381790059692,-0.2882967363487552,-5.655794910296253,5.367498173947498,e15_distractor_1,-2.029381790059692,False,False,True
e15_query_b_delete_timing,e15,held_out,10,delete_timing,e15_reference_b,3.3380702530479107,-2.02943312195848,-0.2883428671886499,-5.65584624219504,5.3675033750063905,e15_distractor_1,-2.02943312195848,False,False,True
e15_query_b_delete_transpose,e15,held_out,10,delete_transpose,e15_reference_b,3.3381163838878054,-2.029381790059692,-0.2882967363487552,-5.655794910296253,5.367498173947498,e15_distractor_1,-2.029381790059692,False,False,True
e15_query_b_delete_two,e15,held_out,10,delete_two,e15_reference_b,2.344052988335183,-3.43094306473114,-1.2823601319013775,-7.0573561849677,5.774996053066323,e15_distractor_1,-3.43094306473114,False,False,True
e15_query_b_detune,e15,held_out,10,detune,e15_reference_b,2.8918780513818048,-2.5111860857048063,-0.7345350688547558,-6.137599205941367,5.403064137086611,e15_distractor_1,-2.5111860857048063,False,False,True
e15_query_b_exact,e15,held_out,10,exact,e15_reference_b,4.337957176912879,-0.7036068006416025,0.7115440566763187,-4.330019920878163,5.041563977554482,e15_distractor_1,-0.7036068006416025,True,False,True
e15_query_b_insert,e15,held_out,10,insert,e15_reference_b,2.9592928748591403,-1.8339709097009669,-0.6671202453774203,-5.4603840299375275,4.793263784560107,e15_distractor_1,-1.8339709097009669,False,False,True
e15_query_b_legitimate_rest,e15,held_out,10,legitimate_rest,e15_reference_b,4.337824178721768,-0.7037521029807587,0.7114110584852078,-4.330165223217319,5.041576281702527,e15_distractor_1,-0.7037521029807587,True,False,True
e15_query_b_mask_absent,e15,held_out,10,mask_absent,e15_reference_b,3.087947659540883,-2.2795505144066146,-0.5384654606956776,-5.905963634643175,5.367498173947498,e15_distractor_1,-2.2795505144066146,False,False,True
e15_query_b_mask_present,e15,held_out,10,mask_present,e15_reference_b,3.087947659540883,-2.2795505144066146,-0.5384654606956776,-5.905963634643175,5.367498173947498,e15_distractor_1,-2.2795505144066146,False,False,True
e15_query_b_merged,e15,held_out,10,merged,e15_reference_b,2.0660877390608237,-3.708908314005499,-1.560325381175737,-7.33532143424206,5.774996053066323,e15_distractor_1,-3.708908314005499,False,False,True
e15_query_b_substitute,e15,held_out,10,substitute,e15_reference_b,1.822220913072008,-3.2419078525287723,-1.8041922071645526,-6.868320972765333,5.06412876560078,e15_distractor_1,-3.2419078525287723,False,False,True
e15_query_b_timing,e15,held_out,10,timing,e15_reference_b,4.337912866443596,-0.703655206944763,0.7114997462070356,-4.330068327181324,5.041568073388359,e15_distractor_1,-0.703655206944763,True,False,True
e15_query_b_transpose,e15,held_out,10,transpose,e15_reference_b,4.337957176912879,-0.7036068006416025,0.7115440566763187,-4.330019920878163,5.041563977554482,e15_distractor_1,-0.7036068006416025,True,False,True
e15_query_b_weak_present,e15,held_out,10,weak_present,e15_reference_b,3.3381163838878054,-2.029381790059692,-0.2882967363487552,-5.655794910296253,5.367498173947498,e15_distractor_1,-2.029381790059692,False,False,True
e16_query_a_delete_closed,e16,held_out,4,delete_closed,e16_reference_a,3.500270988191766,-1.3202935736825383,-0.1261421320447944,-4.946706693919099,4.8205645618743045,e16_distractor_2,-1.3202935736825383,False,False,True
e16_query_a_delete_detune,e16,held_out,4,delete_detune,e16_reference_a,-1.3197729919907824,-3.976159189768942,-4.946186112227343,-7.6025723100055025,2.6563861977781595,e16_reference_b|e16_distractor_1|e16_distractor_3|e16_distractor_5,-3.976159189768942,False,False,True
e16_query_a_delete_insert,e16,held_out,4,delete_insert,e16_reference_a,-0.2654208755846863,-5.086482115463983,-3.891833995821247,-8.712895235700543,4.821061239879297,e16_distractor_2,-5.086482115463983,False,False,True
e16_query_a_delete_rest,e16,held_out,4,delete_rest,e16_reference_a,3.500425487205315,-1.3206357526739803,-0.1259876330312455,-4.947048872910541,4.821061239879295,e16_distractor_2,-1.3206357526739803,False,False,True
e16_query_a_delete_timing,e16,held_out,4,delete_timing,e16_reference_a,3.5003946628009492,-1.3207290742395754,-0.12601845743561135,-4.947142194476136,4.821123737040525,e16_distractor_2,-1.3207290742395754,False,False,True
e16_query_a_delete_transpose,e16,held_out,4,delete_transpose,e16_reference_a,3.500425487205315,-1.3206348324453545,-0.1259876330312455,-4.947047952681915,4.82106031965067,e16_distractor_2,-1.3206348324453545,False,False,True
e16_query_a_delete_two,e16,held_out,4,delete_two,e16_reference_a,1.0292247145785138,1.0292247145785138,-2.5971884056580468,-2.5971884056580468,0.0,e16_reference_b|e16_distractor_1|e16_distractor_3|e16_distractor_5,1.0292247145785138,False,False,False
e16_query_a_detune,e16,held_out,4,detune,e16_reference_a,2.3935280499384346,-1.2226481698264378,-1.232885070298126,-4.849061290062998,3.6161762197648724,e16_distractor_0,-1.2226481698264378,False,False,True
e16_query_a_exact,e16,held_out,4,exact,e16_reference_a,6.0087259840931635,-0.2655771013075565,2.382312863856603,-3.891990221544117,6.27430308540072,e16_reference_b,-1.2223222383756225,True,False,True
e16_query_a_insert,e16,held_out,4,insert,e16_reference_a,2.9900383294495674,-2.601421693377918,-0.6363747907869932,-6.2278348136144785,5.591460022827485,e16_reference_b,-4.240844060831012,False,False,True
e16_query_a_legitimate_rest,e16,held_out,4,legitimate_rest,e16_reference_a,6.008597638461445,-0.26574267193090684,2.382184518224884,-3.8921557921674674,6.274340310392351,e16_reference_b,-1.2224505840073432,True,False,True
e16_query_a_mask_absent,e16,held_out,4,mask_absent,e16_reference_a,2.8750036763380082,-1.946057563541288,-0.7514094438985524,-5.572470683777849,4.821061239879296,e16_distractor_2,-1.946057563541288,False,False,True
e16_query_a_mask_present,e16,held_out,4,mask_present,e16_reference_a,2.8750036763380082,-1.946057563541288,-0.7514094438985524,-5.572470683777849,4.821061239879296,e16_distractor_2,-1.946057563541288,False,False,True
e16_query_a_merged,e16,held_out,4,merged,e16_reference_a,0.19532896675543743,0.19532896675543743,-3.431084153481123,-3.431084153481123,0.0,e16_reference_b|e16_distractor_3|e16_distractor_5,0.19532896675543743,False,False,False
e16_query_a_substitute,e16,held_out,4,substitute,e16_reference_a,-0.2654208755846863,-3.6138128615590843,-3.891833995821247,-7.2402259817956445,3.348391985974398,e16_distractor_7,-3.6138128615590843,False,False,True
e16_query_a_timing,e16,held_out,4,timing,e16_reference_a,6.008649825583331,-0.26553025237604544,2.38223670534677,-3.891943372612606,6.274180077959376,e16_reference_b,-1.222398396885457,True,False,True
e16_query_a_transpose,e16,held_out,4,transpose,e16_reference_a,6.0087259840931635,-0.2655771013075565,2.382312863856603,-3.891990221544117,6.27430308540072,e16_reference_b,-1.222322133283785,True,False,True
e16_query_a_weak_present,e16,held_out,4,weak_present,e16_reference_a,3.500425487205315,-1.3206357526739803,-0.1259876330312455,-4.947048872910541,4.821061239879295,e16_distractor_2,-1.3206357526739803,False,False,True
e16_query_b_delete_closed,e16,held_out,4,delete_closed,e16_reference_b,3.5002692614205797,3.500425487205315,-0.1261438588159809,-0.1259876330312455,-0.0001562257847353976,e16_reference_a,-1.320135134283702,False,False,True
e16_query_b_delete_detune,e16,held_out,4,delete_detune,e16_reference_b,-1.3197729919907824,-1.320013287850153,-4.946186112227343,-4.9464264080867135,0.00024029585937057618,e16_reference_a,-1.3207372997234055,False,False,True
e16_query_b_delete_insert,e16,held_out,4,delete_insert,e16_reference_b,-0.2654208755846863,-0.26566273148168396,-3.891833995821247,-3.8920758517182446,0.00024185589699765586,e16_reference_a,-5.086223352970702,False,False,True
e16_query_b_delete_rest,e16,held_out,4,delete_rest,e16_reference_b,3.500425487205315,3.5001836313083183,-0.1259876330312455,-0.12622948892824226,0.00024185589699676768,e16_reference_a,-1.3203769901806988,False,False,True
e16_query_b_delete_timing,e16,held_out,4,delete_timing,e16_reference_b,3.500394191863239,3.5001134286852205,-0.12601892837332151,-0.12629969155134013,0.00028076317801861705,e16_reference_a,-1.3204471928037966,False,False,True
e16_query_b_delete_transpose,e16,held_out,4,delete_transpose,e16_reference_b,3.500425487205315,3.5001836313083183,-0.1259876330312455,-0.12622948892824226,0.00024185589699676768,e16_reference_a,-1.3203769273532435,False,False,True
e16_query_b_delete_two,e16,held_out,4,delete_two,e16_reference_b,1.0292247145785138,1.0292247145785138,-2.5971884056580468,-2.5971884056580468,0.0,e16_reference_a|e16_distractor_0|e16_distractor_2,1.0292247145785138,False,False,False
e16_query_b_detune,e16,held_out,4,detune,e16_reference_b,2.3935280499384346,-0.2654208755846863,-1.232885070298126,-3.891833995821247,2.658948925523121,e16_distractor_0,-0.2654208755846863,False,False,True
e16_query_b_exact,e16,held_out,4,exact,e16_reference_b,6.0087259840931635,-0.2654208755846863,2.382312863856603,-3.891833995821247,6.27414685967785,e16_distractor_0,-0.2654208755846863,True,False,True
e16_query_b_insert,e16,held_out,4,insert,e16_reference_b,2.9900383294495674,-0.6254027329218763,-0.6363747907869932,-4.251815853158437,3.6154410623714437,e16_distractor_2,-0.6254027329218763,False,False,True
e16_query_b_legitimate_rest,e16,held_out,4,legitimate_rest,e16_reference_b,6.008596670803301,-0.2654934588358966,2.38218355056674,-3.891906579072457,6.274090129639197,e16_distractor_3,-0.2654934588358966,True,False,True
e16_query_b_mask_absent,e16,held_out,4,mask_absent,e16_reference_b,2.8750036763380082,2.8747618204410115,-0.7514094438985524,-0.7516512997955491,0.00024185589699676768,e16_reference_a,-1.9457988010480065,False,False,True
e16_query_b_mask_present,e16,held_out,4,mask_present,e16_reference_b,2.8750036763380082,2.8747618204410115,-0.7514094438985524,-0.7516512997955491,0.00024185589699676768,e16_reference_a,-1.9457988010480065,False,False,True
e16_query_b_merged,e16,held_out,4,merged,e16_reference_b,0.19532896675543743,0.19532896675543743,-3.431084153481123,-3.431084153481123,0.0,e16_reference_a|e16_distractor_2|e16_distractor_3|e16_distractor_5,0.19532896675543743,False,False,False
e16_query_b_substitute,e16,held_out,4,substitute,e16_reference_b,-0.2654208755846863,-0.26565807025634225,-3.891833995821247,-3.892071190492903,0.0002371946716559492,e16_reference_a,-5.086133137095078,False,False,True
e16_query_b_timing,e16,held_out,4,timing,e16_reference_b,6.008649783707232,-0.2654208755846863,2.382236663470671,-3.891833995821247,6.274070659291918,e16_distractor_0,-0.2654208755846863,True,False,True
e16_query_b_transpose,e16,held_out,4,transpose,e16_reference_b,6.0087259840931635,-0.2654208755846863,2.382312863856603,-3.891833995821247,6.27414685967785,e16_distractor_0,-0.2654208755846863,True,False,True
e16_query_b_weak_present,e16,held_out,4,weak_present,e16_reference_b,3.500425487205315,3.5001836313083183,-0.1259876330312455,-0.12622948892824226,0.00024185589699676768,e16_reference_a,-1.3203769901806988,False,False,True
e17_query_a_delete_closed,e17,held_out,6,delete_closed,e17_reference_a,3.626413182479282,-1.0450445560207013,6.224272119936813e-08,-4.671457676257262,4.671457738499983,e17_distractor_0,-1.0450445560207013,True,False,True
e17_query_a_delete_detune,e17,held_out,6,delete_detune,e17_reference_a,0.7344943889464828,-4.660302426894398,-2.891918731290078,-8.286715547130958,5.3947968158408806,e17_distractor_0,-4.660302426894398,False,False,True
e17_query_a_delete_insert,e17,held_out,6,delete_insert,e17_reference_a,1.107554582645995,-3.109187787396727,-2.5188585375905657,-6.7356009076332874,4.216742370042722,e17_distractor_0,-3.109187787396727,False,False,True
e17_query_a_delete_rest,e17,held_out,6,delete_rest,e17_reference_a,3.6266266302486665,-1.0451698523141344,0.0002135100121058997,-4.671582972550695,4.671796482562801,e17_distractor_0,-1.0451698523141344,True,False,True
e17_query_a_delete_timing,e17,held_out,6,delete_timing,e17_reference_a,3.626547318591059,-1.0451033298037933,0.00013419835449823836,-4.671516450040354,4.671650648394852,e17_distractor_0,-1.0451033298037933,True,False,True
e17_query_a_delete_transpose,e17,held_out,6,delete_transpose,e17_reference_a,3.6266266302486665,-1.0451671228248864,0.0002135100121058997,-4.671580243061447,4.671793753073553,e17_distractor_0,-1.0451671228248864,True,False,True
e17_query_a_delete_two,e17,held_out,6,delete_two,e17_reference_a,1.9737176717345717,-3.4213676457816895,-1.652695448501989,-7.04778076601825,5.395085317516261,e17_distractor_4,-3.4213676457816895,False,False,True
e17_query_a_detune,e17,held_out,6,detune,e17_reference_a,2.8855974914965783,-1.7848949056104413,-0.7408156287399823,-5.411308025847002,4.67049239710702,e17_distractor_0,-1.7848949056104413,False,False,True
e17_query_a_exact,e17,held_out,6,exact,e17_reference_a,5.295729510613376,1.1072373356917415,1.6693163903768156,-2.519175784544819,4.188492174921635,e17_distractor_0,1.1072373356917415,True,False,True
e17_query_a_insert,e17,held_out,6,insert,e17_reference_a,3.1343108521243535,-0.7289997109436497,-0.49210226811220714,-4.35541283118021,3.863310563068003,e17_distractor_0,-0.7289997109436497,False,False,True
e17_query_a_legitimate_rest,e17,held_out,6,legitimate_rest,e17_reference_a,5.295600272156375,1.107247249600845,1.6691871519198145,-2.5191658706357156,4.18835302255553,e17_distractor_0,1.107247249600845,True,False,True
e17_query_a_mask_absent,e17,held_out,6,mask_absent,e17_reference_a,3.2096787563371274,-1.4621177262256726,-0.4167343638994332,-5.088530846462233,4.6717964825628,e17_distractor_0,-1.4621177262256726,False,False,True
e17_query_a_mask_present,e17,held_out,6,mask_present,e17_reference_a,3.2096787563371274,-1.4621177262256726,-0.4167343638994332,-5.088530846462233,4.6717964825628,e17_distractor_0,-1.4621177262256726,False,False,True
e17_query_a_merged,e17,held_out,6,merged,e17_reference_a,1.473380223040727,-3.921775903757095,-2.1530328971958337,-7.548189023993656,5.395156126797822,e17_distractor_0,-3.921775903757095,False,False,True
e17_query_a_substitute,e17,held_out,6,substitute,e17_reference_a,1.107554582645995,-3.109187787396727,-2.5188585375905657,-6.7356009076332874,4.216742370042722,e17_distractor_0,-3.109187787396727,False,False,True
e17_query_a_timing,e17,held_out,6,timing,e17_reference_a,5.29565566005133,1.1072072333704623,1.6692425398147694,-2.5192058868660983,4.188448426680868,e17_distractor_0,1.1072072333704623,True,False,True
e17_query_a_transpose,e17,held_out,6,transpose,e17_reference_a,5.295729510613376,1.1072437483114426,1.6693163903768156,-2.519169371925118,4.188485762301934,e17_distractor_0,1.1072437483114426,True,False,True
e17_query_a_weak_present,e17,held_out,6,weak_present,e17_reference_a,3.6266266302486665,-1.0451698523141344,0.0002135100121058997,-4.671582972550695,4.671796482562801,e17_distractor_0,-1.0451698523141344,True,False,True
e17_query_b_delete_closed,e17,held_out,6,delete_closed,e17_reference_b,3.626412391481325,-1.0450557126227284,-7.28755235712697e-07,-4.671468832859289,4.671468104104053,e17_distractor_1,-1.0450557126227284,False,False,True
e17_query_b_delete_detune,e17,held_out,6,delete_detune,e17_reference_b,0.7344944755765281,-4.660021008811028,-2.8919186446600325,-8.286434129047588,5.394515484387556,e17_distractor_1,-4.660021008811028,False,False,True
e17_query_b_delete_insert,e17,held_out,6,delete_insert,e17_reference_b,1.107554582645995,-3.1089064640068136,-2.5188585375905657,-6.735319584243374,4.2164610466528085,e17_distractor_1,-3.1089064640068136,False,False,True
e17_query_b_delete_rest,e17,held_out,6,delete_rest,e17_reference_b,3.6266266302486665,-1.0448885289242211,0.0002135100121058997,-4.671301649160782,4.671515159172888,e17_distractor_1,-1.0448885289242211,True,False,True
e17_query_b_delete_timing,e17,held_out,6,delete_timing,e17_reference_b,3.626547318472876,-1.044976032355561,0.00013419823631544148,-4.671389152592122,4.671523350828437,e17_distractor_1,-1.044976032355561,True,False,True
e17_query_b_delete_transpose,e17,held_out,6,delete_transpose,e17_reference_b,3.6266266302486665,-1.0448885289242211,0.0002135100121058997,-4.671301649160782,4.671515159172888,e17_distractor_1,-1.0448885289242211,True,False,True
e17_query_b_delete_two,e17,held_out,6,delete_two,e17_reference_b,1.9737176717345717,-3.4213676457816895,-1.652695448501989,-7.04778076601825,5.395085317516261,e17_distractor_1,-3.4213676457816895,False,False,True
e17_query_b_detune,e17,held_out,6,detune,e17_reference_b,2.885597572751016,-6.72403894389362,-0.7408155474855445,-10.350452064130181,9.609636516644636,e17_distractor_1,-6.72403894389362,False,False,True
e17_query_b_exact,e17,held_out,6,exact,e17_reference_b,5.295729510613376,-3.1089064640068136,1.6693163903768156,-6.735319584243374,8.40463597462019,e17_distractor_1,-3.1089064640068136,True,False,True
e17_query_b_insert,e17,held_out,6,insert,e17_reference_b,3.1343108521243535,-4.620015093224854,-0.49210226811220714,-8.246428213461414,7.7543259453492075,e17_distractor_1,-4.620015093224854,False,False,True
e17_query_b_legitimate_rest,e17,held_out,6,legitimate_rest,e17_reference_b,5.295600215889659,-3.1089649841930758,1.6691870956530988,-6.735378104429636,8.404565200082736,e17_distractor_1,-3.1089649841930758,True,False,True
e17_query_b_mask_absent,e17,held_out,6,mask_absent,e17_reference_b,3.2096787563371274,-1.4618364028357593,-0.4167343638994332,-5.08824952307232,4.671515159172887,e17_distractor_1,-1.4618364028357593,False,False,True
e17_query_b_mask_present,e17,held_out,6,mask_present,e17_reference_b,3.2096787563371274,-1.4618364028357593,-0.4167343638994332,-5.08824952307232,4.671515159172887,e17_distractor_1,-1.4618364028357593,False,False,True
e17_query_b_merged,e17,held_out,6,merged,e17_reference_b,1.473380223040727,-3.921705094475535,-2.1530328971958337,-7.548118214712096,5.395085317516262,e17_distractor_1,-3.921705094475535,False,False,True
e17_query_b_substitute,e17,held_out,6,substitute,e17_reference_b,1.107554582645995,-3.1089064640068136,-2.5188585375905657,-6.735319584243374,4.2164610466528085,e17_distractor_1,-3.1089064640068136,False,False,True
e17_query_b_timing,e17,held_out,6,timing,e17_reference_b,5.295655659941285,-3.1089939674381535,1.6692425397047241,-6.735407087674714,8.404649627379438,e17_distractor_1,-3.1089939674381535,True,False,True
e17_query_b_transpose,e17,held_out,6,transpose,e17_reference_b,5.295729510613376,-3.1089064640068136,1.6693163903768156,-6.735319584243374,8.40463597462019,e17_distractor_1,-3.1089064640068136,True,False,True
e17_query_b_weak_present,e17,held_out,6,weak_present,e17_reference_b,3.6266266302486665,-1.0448885289242211,0.0002135100121058997,-4.671301649160782,4.671515159172888,e17_distractor_1,-1.0448885289242211,True,False,True
e18_query_a_delete_closed,e18,held_out,8,delete_closed,e18_reference_a,3.5123612603979746,0.10923690444496792,-0.11405185983858601,-3.5171762157915927,3.4031243559530067,e18_distractor_0,0.10923690444496792,False,False,True
e18_query_a_delete_detune,e18,held_out,8,delete_detune,e18_reference_a,1.4467923122984905,-2.300644283987027,-2.17962080793807,-5.9270574042235875,3.7474365962855174,e18_distractor_0,-2.300644283987027,False,False,True
e18_query_a_delete_insert,e18,held_out,8,delete_insert,e18_reference_a,1.6198753215772124,-1.5394964152783208,-2.0065377986593482,-5.165909535514881,3.159371736855533,e18_distractor_0,-1.5394964152783208,False,False,True
e18_query_a_delete_rest,e18,held_out,8,delete_rest,e18_reference_a,3.5126056913275674,0.10945496562198986,-0.1138074289089932,-3.5169581546145707,3.4031507257055775,e18_distractor_0,0.10945496562198986,False,False,True
e18_query_a_delete_timing,e18,held_out,8,delete_timing,e18_reference_a,3.512547377819124,0.10939275133100335,-0.11386574241743652,-3.5170203689055572,3.4031546264881207,e18_distractor_0,0.10939275133100335,False,False,True
e18_query_a_delete_transpose,e18,held_out,8,delete_transpose,e18_reference_a,3.5126056913275674,0.10945574403140501,-0.1138074289089932,-3.5169573762051556,3.4031499472961624,e18_distractor_0,0.10945574403140501,False,False,True
e18_query_a_delete_two,e18,held_out,8,delete_two,e18_reference_a,2.271078845465687,-1.4778360132434063,-1.3553342747708736,-5.104249133479967,3.7489148587090932,e18_distractor_0,-1.4778360132434063,False,False,True
e18_query_a_detune,e18,held_out,8,detune,e18_reference_a,2.955586444408799,-0.44617131172372115,-0.6708266758277617,-4.072584431960282,3.40175775613252,e18_distractor_0,-0.44617131172372115,False,False,True
e18_query_a_exact,e18,held_out,8,exact,e18_reference_a,4.763185420502917,1.619642067305354,1.1367723002663563,-2.0067710529312066,3.143543353197563,e18_distractor_0,1.619642067305354,True,False,True
e18_query_a_insert,e18,held_out,8,insert,e18_reference_a,3.0797092468403013,0.12585516722402534,-0.5467038733962593,-3.5005579530125353,2.953854079616276,e18_distractor_0,0.12585516722402534,False,False,True
e18_query_a_legitimate_rest,e18,held_out,8,legitimate_rest,e18_reference_a,4.763056088527526,1.6195400186673181,1.1366429682909658,-2.0068731015692425,3.1435160698602083,e18_distractor_0,1.6195400186673181,True,False,True
e18_query_a_mask_absent,e18,held_out,8,mask_absent,e18_reference_a,3.199894785893913,-0.20325593981166445,-0.4265183343426475,-3.829669060048225,3.4031507257055775,e18_distractor_0,-0.20325593981166445,False,False,True
e18_query_a_mask_present,e18,held_out,8,mask_present,e18_reference_a,3.199894785893913,-0.20325593981166445,-0.4265183343426475,-3.829669060048225,3.4031507257055775,e18_distractor_0,-0.20325593981166445,False,False,True
e18_query_a_merged,e18,held_out,8,merged,e18_reference_a,1.913694953541511,-1.8352199051675822,-1.7127181666950495,-5.461633025404143,3.7489148587090932,e18_distractor_0,-1.8352199051675822,False,False,True
e18_query_a_substitute,e18,held_out,8,substitute,e18_reference_a,1.6198753215772124,-1.5394964152783208,-2.0065377986593482,-5.165909535514881,3.159371736855533,e18_distractor_0,-1.5394964152783208,False,False,True
e18_query_a_timing,e18,held_out,8,timing,e18_reference_a,4.763130032581382,1.6195837537969107,1.1367169123448218,-2.00682936643965,3.1435462787844717,e18_distractor_0,1.6195837537969107,True,False,True
e18_query_a_transpose,e18,held_out,8,transpose,e18_reference_a,4.763185420502917,1.619643283311695,1.1367723002663563,-2.0067698369248657,3.143542137191222,e18_distractor_0,1.619643283311695,True,False,True
e18_query_a_weak_present,e18,held_out,8,weak_present,e18_reference_a,3.5126056913275674,0.10945496562198986,-0.1138074289089932,-3.5169581546145707,3.4031507257055775,e18_distractor_0,0.10945496562198986,False,False,True
e18_query_b_delete_closed,e18,held_out,8,delete_closed,e18_reference_b,3.5123617462766594,-2.3008226730171257,-0.11405137395990117,-5.927235793253686,5.813184419293785,e18_distractor_1,-2.3008226730171257,False,False,True
e18_query_b_delete_detune,e18,held_out,8,delete_detune,e18_reference_b,1.4467923479126759,-4.710924519825079,-2.1796207723238847,-8.33733764006164,6.157716867737755,e18_distractor_1,-4.710924519825079,False,False,True
e18_query_b_delete_insert,e18,held_out,8,delete_insert,e18_reference_b,1.6198753215772124,-3.949776688873257,-2.0065377986593482,-7.576189809109818,5.569652010450469,e18_distractor_1,-3.949776688873257,False,False,True
e18_query_b_delete_rest,e18,held_out,8,delete_rest,e18_reference_b,3.5126056913275674,-2.3008253079729464,-0.1138074289089932,-5.927238428209507,5.813430999300514,e18_distractor_1,-2.3008253079729464,False,False,True
e18_query_b_delete_timing,e18,held_out,8,delete_timing,e18_reference_b,3.512547377819124,-2.300887522263933,-0.11386574241743652,-5.9273006425004935,5.813434900083057,e18_distractor_1,-2.300887522263933,False,False,True
e18_query_b_delete_transpose,e18,held_out,8,delete_transpose,e18_reference_b,3.5126056913275674,-2.3008262582256087,-0.1138074289089932,-5.927239378462169,5.813431949553176,e18_distractor_1,-2.3008262582256087,False,False,True
e18_query_b_delete_two,e18,held_out,8,delete_two,e18_reference_b,2.271078845465687,-4.370130887989047,-1.3553342747708736,-7.996544008225608,6.641209733454734,e18_distractor_1,-4.370130887989047,False,False,True
e18_query_b_detune,e18,held_out,8,detune,e18_reference_b,2.9555864784159587,-3.9493467697124904,-0.6708266418206019,-7.575759889949051,6.904933248128449,e18_distractor_1,-3.9493467697124904,False,False,True
e18_query_b_exact,e18,held_out,8,exact,e18_reference_b,4.763185420502917,-1.5392475578603593,1.1367723002663563,-5.16566067809692,6.302432978363276,e18_distractor_1,-1.5392475578603593,True,False,True
e18_query_b_insert,e18,held_out,8,insert,e18_reference_b,3.0797092468403013,-2.8433762144482335,-0.5467038733962593,-6.469789334684794,5.923085461288535,e18_distractor_1,-2.8433762144482335,False,False,True
e18_query_b_legitimate_rest,e18,held_out,8,legitimate_rest,e18_reference_b,4.763056312484834,-1.5393429010764015,1.1366431922482736,-5.165756021312962,6.302399213561236,e18_distractor_1,-1.5393429010764015,True,False,True
e18_query_b_mask_absent,e18,held_out,8,mask_absent,e18_reference_b,3.199894785893913,-2.6135362134929014,-0.4265183343426475,-6.239949333729462,5.8134309993868145,e18_distractor_1,-2.6135362134929014,False,False,True
e18_query_b_mask_present,e18,held_out,8,mask_present,e18_reference_b,3.199894785893913,-2.6135362134929014,-0.4265183343426475,-6.239949333729462,5.8134309993868145,e18_distractor_1,-2.6135362134929014,False,False,True
e18_query_b_merged,e18,held_out,8,merged,e18_reference_b,1.4467911087425689,-2.300643087204852,-2.1796220114939917,-5.927056207441413,3.747434195947421,e18_distractor_1,-2.300643087204852,False,False,True
e18_query_b_substitute,e18,held_out,8,substitute,e18_reference_b,1.6198753215772124,-3.949776688873257,-2.0065377986593482,-7.576189809109818,5.569652010450469,e18_distractor_1,-3.949776688873257,False,False,True
e18_query_b_timing,e18,held_out,8,timing,e18_reference_b,4.763130032581382,-1.5393097721513458,1.1367169123448218,-5.165722892387906,6.302439804732728,e18_distractor_1,-1.5393097721513458,True,False,True
e18_query_b_transpose,e18,held_out,8,transpose,e18_reference_b,4.763185420502917,-1.5392475578603593,1.1367723002663563,-5.16566067809692,6.302432978363276,e18_distractor_1,-1.5392475578603593,True,False,True
e18_query_b_weak_present,e18,held_out,8,weak_present,e18_reference_b,3.5126056913275674,-2.3008253079729464,-0.1138074289089932,-5.927238428209507,5.813430999300514,e18_distractor_1,-2.3008253079729464,False,False,True
e19_query_a_delete_closed,e19,held_out,10,delete_closed,e19_reference_a,3.3378475279836772,-2.0295967421333625,-0.28856559225288336,-5.656009862369923,5.36744427011704,e19_distractor_0,-2.0295967421333625,False,False,True
e19_query_a_delete_detune,e19,held_out,10,delete_detune,e19_reference_a,1.7313704092536808,-4.095175597619052,-1.8950427109828798,-7.721588717855613,5.826546006872733,e19_distractor_0,-4.095175597619052,False,False,True
e19_query_a_delete_insert,e19,held_out,10,delete_insert,e19_reference_a,1.822220913072008,-2.5115209974342623,-1.8041922071645526,-6.137934117670823,4.33374191050627,e19_distractor_0,-2.5115209974342623,False,False,True
e19_query_a_delete_rest,e19,held_out,10,delete_rest,e19_reference_a,3.3381163838878054,-2.029381790059692,-0.2882967363487552,-5.655794910296253,5.367498173947498,e19_distractor_0,-2.029381790059692,False,False,True
e19_query_a_delete_timing,e19,held_out,10,delete_timing,e19_reference_a,3.338070253185392,-2.029433121805499,-0.28834286705116874,-5.65584624204206,5.367503374990891,e19_distractor_0,-2.029433121805499,False,False,True
e19_query_a_delete_transpose,e19,held_out,10,delete_transpose,e19_reference_a,3.3381163838878054,-2.029381790059692,-0.2882967363487552,-5.655794910296253,5.367498173947498,e19_distractor_0,-2.029381790059692,False,False,True
e19_query_a_delete_two,e19,held_out,10,delete_two,e19_reference_a,2.344052988335183,-0.5355386479420456,-1.2823601319013775,-4.161951768178606,2.8795916362772287,e19_distractor_0,-0.5355386479420456,False,False,True
e19_query_a_detune,e19,held_out,10,detune,e19_reference_a,2.891877943802588,-2.511186202180517,-0.7345351764339725,-6.137599322417078,5.403064145983105,e19_distractor_0,-2.511186202180517,False,False,True
e19_query_a_exact,e19,held_out,10,exact,e19_reference_a,4.337957176912879,-0.7036068006416025,0.7115440566763187,-4.330019920878163,5.041563977554482,e19_distractor_0,-0.7036068006416025,True,False,True
e19_query_a_insert,e19,held_out,10,insert,e19_reference_a,2.9592928748591403,-1.8339709097009669,-0.6671202453774203,-5.4603840299375275,4.793263784560107,e19_distractor_0,-1.8339709097009669,False,False,True
e19_query_a_legitimate_rest,e19,held_out,10,legitimate_rest,e19_reference_a,4.337824245931919,-0.7037197482826416,0.7114111256953581,-4.330132868519202,5.04154399421456,e19_distractor_0,-0.7037197482826416,True,False,True
e19_query_a_mask_absent,e19,held_out,10,mask_absent,e19_reference_a,3.087947659540883,-2.2795505144066146,-0.5384654606956776,-5.905963634643175,5.367498173947498,e19_distractor_0,-2.2795505144066146,False,False,True
e19_query_a_mask_present,e19,held_out,10,mask_present,e19_reference_a,3.087947659540883,-2.2795505144066146,-0.5384654606956776,-5.905963634643175,5.367498173947498,e19_distractor_0,-2.2795505144066146,False,False,True
e19_query_a_merged,e19,held_out,10,merged,e19_reference_a,2.0660877390608237,-3.708908314005499,-1.560325381175737,-7.33532143424206,5.774996053066323,e19_distractor_0,-3.708908314005499,False,False,True
e19_query_a_substitute,e19,held_out,10,substitute,e19_reference_a,1.822220913072008,-3.2419078525287723,-1.8041922071645526,-6.868320972765333,5.06412876560078,e19_distractor_0,-3.2419078525287723,False,False,True
e19_query_a_timing,e19,held_out,10,timing,e19_reference_a,4.337912866575652,-0.7036552068005006,0.7114997463390917,-4.330068327037061,5.041568073376153,e19_distractor_0,-0.7036552068005006,True,False,True
e19_query_a_transpose,e19,held_out,10,transpose,e19_reference_a,4.337957176912879,-0.7036068006416025,0.7115440566763187,-4.330019920878163,5.041563977554482,e19_distractor_0,-0.7036068006416025,True,False,True
e19_query_a_weak_present,e19,held_out,10,weak_present,e19_reference_a,3.3381163838878054,-2.029381790059692,-0.2882967363487552,-5.655794910296253,5.367498173947498,e19_distractor_0,-2.029381790059692,False,False,True
e19_query_b_delete_closed,e19,held_out,10,delete_closed,e19_reference_b,3.3378476721919457,-2.0296143873718275,-0.2885654480446149,-5.656027507608388,5.367462059563773,e19_distractor_1,-2.0296143873718275,False,False,True
e19_query_b_delete_detune,e19,held_out,10,delete_detune,e19_reference_b,1.7313703908152425,-4.09517561792511,-1.8950427294213181,-7.721588738161671,5.826546008740353,e19_distractor_1,-4.09517561792511,False,False,True
e19_query_b_delete_insert,e19,held_out,10,delete_insert,e19_reference_b,1.822220913072008,-3.2419078525287723,-1.8041922071645526,-6.868320972765333,5.06412876560078,e19_distractor_1,-3.2419078525287723,False,False,True
e19_query_b_delete_rest,e19,held_out,10,delete_rest,e19_reference_b,3.3381163838878054,-2.029381790059692,-0.2882967363487552,-5.655794910296253,5.367498173947498,e19_distractor_1,-2.029381790059692,False,False,True
e19_query_b_delete_timing,e19,held_out,10,delete_timing,e19_reference_b,3.3380702530479107,-2.02943312195848,-0.2883428671886499,-5.65584624219504,5.3675033750063905,e19_distractor_1,-2.02943312195848,False,False,True
e19_query_b_delete_transpose,e19,held_out,10,delete_transpose,e19_reference_b,3.3381163838878054,-2.029381790059692,-0.2882967363487552,-5.655794910296253,5.367498173947498,e19_distractor_1,-2.029381790059692,False,False,True
e19_query_b_delete_two,e19,held_out,10,delete_two,e19_reference_b,2.344052988335183,-3.43094306473114,-1.2823601319013775,-7.0573561849677,5.774996053066323,e19_distractor_1,-3.43094306473114,False,False,True
e19_query_b_detune,e19,held_out,10,detune,e19_reference_b,2.8918779260178153,-2.5111862214360388,-0.7345351942187452,-6.137599341672599,5.403064147453854,e19_distractor_1,-2.5111862214360388,False,False,True
e19_query_b_exact,e19,held_out,10,exact,e19_reference_b,4.337957176912879,-0.7036068006416025,0.7115440566763187,-4.330019920878163,5.041563977554482,e19_distractor_1,-0.7036068006416025,True,False,True
e19_query_b_insert,e19,held_out,10,insert,e19_reference_b,2.9592928748591403,-1.8339709097009669,-0.6671202453774203,-5.4603840299375275,4.793263784560107,e19_distractor_1,-1.8339709097009669,False,False,True
e19_query_b_legitimate_rest,e19,held_out,10,legitimate_rest,e19_reference_b,4.337824245857889,-0.7037299022295906,0.7114111256213285,-4.330143022466151,5.04155414808748,e19_distractor_1,-0.7037299022295906,True,False,True
e19_query_b_mask_absent,e19,held_out,10,mask_absent,e19_reference_b,3.087947659540883,-2.2795505144066146,-0.5384654606956776,-5.905963634643175,5.367498173947498,e19_distractor_1,-2.2795505144066146,False,False,True
e19_query_b_mask_present,e19,held_out,10,mask_present,e19_reference_b,3.087947659540883,-2.2795505144066146,-0.5384654606956776,-5.905963634643175,5.367498173947498,e19_distractor_1,-2.2795505144066146,False,False,True
e19_query_b_merged,e19,held_out,10,merged,e19_reference_b,2.0660877390608237,-3.708908314005499,-1.560325381175737,-7.33532143424206,5.774996053066323,e19_distractor_1,-3.708908314005499,False,False,True
e19_query_b_substitute,e19,held_out,10,substitute,e19_reference_b,1.822220913072008,-3.2419078525287723,-1.8041922071645526,-6.868320972765333,5.06412876560078,e19_distractor_1,-3.2419078525287723,False,False,True
e19_query_b_timing,e19,held_out,10,timing,e19_reference_b,4.337912866443596,-0.703655206944763,0.7114997462070356,-4.330068327181324,5.041568073388359,e19_distractor_1,-0.703655206944763,True,False,True
e19_query_b_transpose,e19,held_out,10,transpose,e19_reference_b,4.337957176912879,-0.7036068006416025,0.7115440566763187,-4.330019920878163,5.041563977554482,e19_distractor_1,-0.7036068006416025,True,False,True
e19_query_b_weak_present,e19,held_out,10,weak_present,e19_reference_b,3.3381163838878054,-2.029381790059692,-0.2882967363487552,-5.655794910296253,5.367498173947498,e19_distractor_1,-2.029381790059692,False,False,True
e20_query_a_delete_closed,e20,held_out,4,delete_closed,e20_reference_a,3.5002692614205797,3.500425487205315,-0.1261438588159809,-0.1259876330312455,-0.0001562257847353976,e20_distractor_5,3.500425487205315,False,False,False
e20_query_a_delete_detune,e20,held_out,4,delete_detune,e20_reference_a,-1.3197732643581634,-1.3200151203594555,-4.946186384594724,-4.946428240596016,0.0002418560012920068,e20_distractor_5,-1.3200151203594555,False,False,True
e20_query_a_delete_insert,e20,held_out,4,delete_insert,e20_reference_a,-0.2654208755846863,-0.2656627315859783,-3.891833995821247,-3.892075851822539,0.0002418560012920068,e20_distractor_5,-0.2656627315859783,False,False,True
e20_query_a_delete_rest,e20,held_out,4,delete_rest,e20_reference_a,3.500425487205315,3.500183631204023,-0.1259876330312455,-0.1262294890325375,0.0002418560012920068,e20_distractor_5,3.500183631204023,False,False,True
e20_query_a_delete_timing,e20,held_out,4,delete_timing,e20_reference_a,3.500394191863239,3.5001134285714643,-0.12601892837332151,-0.12629969166509625,0.0002807632917747327,e20_distractor_5,3.5001134285714643,False,False,True
e20_query_a_delete_transpose,e20,held_out,4,delete_transpose,e20_reference_a,3.500425487205315,3.500183640578755,-0.1259876330312455,-0.1262294796578054,0.00024184662655990508,e20_distractor_5,3.500183640578755,False,False,True
e20_query_a_delete_two,e20,held_out,4,delete_two,e20_reference_a,1.0292247145785138,1.0292247145785138,-2.5971884056580468,-2.5971884056580468,0.0,e20_reference_b|e20_distractor_0|e20_distractor_4|e20_distractor_5,1.0292247145785138,False,False,False
e20_query_a_detune,e20,held_out,4,detune,e20_reference_a,2.393527804620507,-0.2655771013694235,-1.2328853156160537,-3.891990221605984,2.6591049059899303,e20_distractor_5,-0.2655771013694235,False,False,True
e20_query_a_exact,e20,held_out,4,exact,e20_reference_a,6.0087259840931635,-0.2655764114600716,2.382312863856603,-3.891989531696632,6.274302395553235,e20_distractor_1,-0.2655764114600716,True,False,True
e20_query_a_insert,e20,held_out,4,insert,e20_reference_a,2.9900383294495674,-2.601421080945948,-0.6363747907869932,-6.2278342011825085,5.591459410395515,e20_distractor_1,-2.601421080945948,False,False,True
e20_query_a_legitimate_rest,e20,held_out,4,legitimate_rest,e20_reference_a,6.008596670803301,-0.2654938143662813,2.38218355056674,-3.891906934602842,6.274090485169582,e20_distractor_5,-0.2654938143662813,True,False,True
e20_query_a_mask_absent,e20,held_out,4,mask_absent,e20_reference_a,2.8750036763380082,2.8747618203367162,-0.7514094438985524,-0.7516512998998444,0.0002418560012920068,e20_distractor_5,2.8747618203367162,False,False,True
e20_query_a_mask_present,e20,held_out,4,mask_present,e20_reference_a,2.8750036763380082,2.8747618203367162,-0.7514094438985524,-0.7516512998998444,0.0002418560012920068,e20_distractor_5,2.8747618203367162,False,False,True
e20_query_a_merged,e20,held_out,4,merged,e20_reference_a,0.19532896675543743,0.19532896675543743,-3.431084153481123,-3.431084153481123,0.0,e20_reference_b|e20_distractor_0|e20_distractor_1|e20_distractor_2|e20_distractor_5,0.19532896675543743,False,False,False
e20_query_a_substitute,e20,held_out,4,substitute,e20_reference_a,-0.2654208755846863,-0.2656627315859783,-3.891833995821247,-3.892075851822539,0.0002418560012920068,e20_distractor_5,-0.2656627315859783,False,False,True
e20_query_a_timing,e20,held_out,4,timing,e20_reference_a,6.008649783707232,-0.265529750677274,2.382236663470671,-3.8919428709138346,6.274179534384506,e20_distractor_1,-0.265529750677274,True,False,True
e20_query_a_transpose,e20,held_out,4,transpose,e20_reference_a,6.0087259840931635,-0.2655743376747841,2.382312863856603,-3.8919874579113447,6.274300321767948,e20_distractor_1,-0.2655743376747841,True,False,True
e20_query_a_weak_present,e20,held_out,4,weak_present,e20_reference_a,3.500425487205315,3.500183631204023,-0.1259876330312455,-0.1262294890325375,0.0002418560012920068,e20_distractor_5,3.500183631204023,False,False,True
e20_query_b_delete_closed,e20,held_out,4,delete_closed,e20_reference_b,3.5002692614205797,3.50027029630009,-0.1261438588159809,-0.1261428239364708,-1.0348795100867392e-06,e20_reference_a,-3.976159189768942,False,False,True
e20_query_b_delete_detune,e20,held_out,4,delete_detune,e20_reference_b,-1.3197732643581634,-1.3202709791940874,-4.946186384594724,-4.946684099430648,0.0004977148359239791,e20_reference_a,-3.976159189768942,False,False,True
e20_query_b_delete_insert,e20,held_out,4,delete_insert,e20_reference_b,-0.2654208755846863,-0.26591859042061117,-3.891833995821247,-3.8923317106571718,0.0004977148359248673,e20_reference_a,-6.604370271258748,False,False,True
e20_query_b_delete_rest,e20,held_out,4,delete_rest,e20_reference_b,3.500425487205315,3.499927772369392,-0.1259876330312455,-0.12648534786716858,0.000497714835923091,e20_reference_a,-3.976159189768942,False,False,True
e20_query_b_delete_timing,e20,held_out,4,delete_timing,e20_reference_b,3.500394191863239,3.4998343567294308,-0.12601892837332151,-0.12657876350712982,0.0005598351338083063,e20_reference_a,-3.976159189768942,False,False,True
e20_query_b_delete_transpose,e20,held_out,4,delete_transpose,e20_reference_b,3.500425487205315,3.4999257027495245,-0.1259876330312455,-0.12648741748703607,0.0004997844557905751,e20_reference_a,-3.976159189768942,False,False,True
e20_query_b_delete_two,e20,held_out,4,delete_two,e20_reference_b,1.0292247145785138,1.0292247145785138,-2.5971884056580468,-2.5971884056580468,0.0,e20_reference_a|e20_distractor_0|e20_distractor_2|e20_distractor_3|e20_distractor_5,1.0292247145785138,False,False,False
e20_query_b_detune,e20,held_out,4,detune,e20_reference_b,2.393527804620507,-0.2655760664899125,-1.2328853156160537,-3.891989186726473,2.6591038711104193,e20_distractor_0,-0.2655760664899125,False,False,True
e20_query_b_exact,e20,held_out,4,exact,e20_reference_b,6.0087259840931635,-0.2655760664899125,2.382312863856603,-3.891989186726473,6.274302050583076,e20_distractor_0,-0.2655760664899125,True,False,True
e20_query_b_insert,e20,held_out,4,insert,e20_reference_b,2.9900383294495674,-2.6014207746887568,-0.6363747907869932,-6.227833894925317,5.591459104138324,e20_distractor_0,-2.6014207746887568,False,False,True
e20_query_b_legitimate_rest,e20,held_out,4,legitimate_rest,e20_reference_b,6.008596670803301,-0.2657421387662273,2.38218355056674,-3.892155259002788,6.274338809569528,e20_distractor_0,-0.2657421387662273,True,False,True
e20_query_b_mask_absent,e20,held_out,4,mask_absent,e20_reference_b,2.8750036763380082,2.8745059615020834,-0.7514094438985524,-0.7519071587344772,0.0004977148359248673,e20_reference_a,-4.60158100063625,False,False,True
e20_query_b_mask_present,e20,held_out,4,mask_present,e20_reference_b,2.8750036763380082,2.8745059615020834,-0.7514094438985524,-0.7519071587344772,0.0004977148359248673,e20_reference_a,-4.60158100063625,False,False,True
e20_query_b_merged,e20,held_out,4,merged,e20_reference_b,0.19532896675543743,0.19532896675543743,-3.431084153481123,-3.431084153481123,0.0,e20_reference_a|e20_distractor_0|e20_distractor_1|e20_distractor_2|e20_distractor_5,0.19532896675543743,False,False,False
e20_query_b_substitute,e20,held_out,4,substitute,e20_reference_b,-0.2654208755846863,-0.26591859042061117,-3.891833995821247,-3.8923317106571718,0.0004977148359248673,e20_reference_a,-6.604370271258748,False,False,True
e20_query_b_timing,e20,held_out,4,timing,e20_reference_b,6.008649783707232,-0.2655760664899125,2.382236663470671,-3.891989186726473,6.274225850197144,e20_distractor_0,-0.2655760664899125,True,False,True
e20_query_b_transpose,e20,held_out,4,transpose,e20_reference_b,6.0087259840931635,-0.2655802119853936,2.382312863856603,-3.891993332221954,6.274306196078557,e20_distractor_0,-0.2655802119853936,True,False,True
e20_query_b_weak_present,e20,held_out,4,weak_present,e20_reference_b,3.500425487205315,3.499927772369392,-0.1259876330312455,-0.12648534786716858,0.000497714835923091,e20_reference_a,-3.976159189768942,False,False,True
e21_query_a_delete_closed,e21,held_out,6,delete_closed,e21_reference_a,3.626412736448162,3.6264118440845605,-3.8378839839481316e-07,-1.2761520000736937e-06,8.923636016788805e-07,e21_distractor_3,3.6264118440845605,False,False,True
e21_query_a_delete_detune,e21,held_out,6,delete_detune,e21_reference_a,0.7344944773444881,0.7341772303311425,-2.8919186428920725,-2.892235889905418,0.0003172470133456784,e21_distractor_3,0.7341772303311425,False,False,True
e21_query_a_delete_insert,e21,held_out,6,delete_insert,e21_reference_a,1.107554582645995,1.1072373356326493,-2.5188585375905657,-2.5191757846039113,0.0003172470133456784,e21_distractor_3,1.1072373356326493,False,False,True
e21_query_a_delete_rest,e21,held_out,6,delete_rest,e21_reference_a,3.6266266302486665,3.626309383235321,0.0002135100121058997,-0.00010373700123977869,0.0003172470133456784,e21_distractor_3,3.626309383235321,True,False,True
e21_query_a_delete_timing,e21,held_out,6,delete_timing,e21_reference_a,3.626547318472876,3.6262300714595304,0.00013419823631544148,-0.00018304877703023692,0.0003172470133456784,e21_distractor_3,3.6262300714595304,True,False,True
e21_query_a_delete_transpose,e21,held_out,6,delete_transpose,e21_reference_a,3.6266266302486665,3.626311959632125,0.0002135100121058997,-0.00010116060443543518,0.0003146706165413349,e21_distractor_3,3.626311959632125,True,False,True
e21_query_a_delete_two,e21,held_out,6,delete_two,e21_reference_a,1.9737176717345717,1.9733676581083062,-1.652695448501989,-1.6530454621282544,0.0003500136262655218,e21_distractor_3,1.9733676581083062,False,False,True
e21_query_a_detune,e21,held_out,6,detune,e21_reference_a,2.88559757440927,-1.7848948172715273,-0.7408155458272905,-5.411307937508088,4.670492391680797,e21_distractor_3,-1.7848948172715273,False,False,True
e21_query_a_exact,e21,held_out,6,exact,e21_reference_a,5.295729510613376,1.1072373356326493,1.6693163903768156,-2.5191757846039113,4.188492174980727,e21_distractor_3,1.1072373356326493,True,False,True
e21_query_a_insert,e21,held_out,6,insert,e21_reference_a,3.1343108521243535,-0.7289997109977868,-0.49210226811220714,-4.355412831234347,3.8633105631221403,e21_distractor_3,-0.7289997109977868,False,False,True
e21_query_a_legitimate_rest,e21,held_out,6,legitimate_rest,e21_reference_a,5.295600272003811,1.1071084539592233,1.6691871517672503,-2.5193046662773373,4.188491818044588,e21_distractor_3,1.1071084539592233,True,False,True
e21_query_a_mask_absent,e21,held_out,6,mask_absent,e21_reference_a,3.2096787563371274,3.2093615093237817,-0.4167343638994332,-0.41705161091277887,0.0003172470133456784,e21_distractor_3,3.2093615093237817,False,False,True
e21_query_a_mask_present,e21,held_out,6,mask_present,e21_reference_a,3.2096787563371274,3.2093615093237817,-0.4167343638994332,-0.41705161091277887,0.0003172470133456784,e21_distractor_3,3.2093615093237817,False,False,True
e21_query_a_merged,e21,held_out,6,merged,e21_reference_a,1.473380223040727,1.473380223040727,-2.1530328971958337,-2.1530328971958337,0.0,e21_distractor_3,1.473380223040727,False,False,False
e21_query_a_substitute,e21,held_out,6,substitute,e21_reference_a,1.107554582645995,1.1072373356326493,-2.5188585375905657,-2.5191757846039113,0.0003172470133456784,e21_distractor_3,1.1072373356326493,False,False,True
e21_query_a_timing,e21,held_out,6,timing,e21_reference_a,5.295655659941285,1.107158023856857,1.6692425397047241,-2.5192550963797036,4.188497636084428,e21_distractor_3,1.107158023856857,True,False,True
e21_query_a_transpose,e21,held_out,6,transpose,e21_reference_a,5.295729510613376,1.1072399120294536,1.6693163903768156,-2.519173208207107,4.188489598583923,e21_distractor_3,1.1072399120294536,True,False,True
e21_query_a_weak_present,e21,held_out,6,weak_present,e21_reference_a,3.6266266302486665,3.626309383235321,0.0002135100121058997,-0.00010373700123977869,0.0003172470133456784,e21_distractor_3,3.626309383235321,True,False,True
e21_query_b_delete_closed,e21,held_out,6,delete_closed,e21_reference_b,3.6264122287574763,-1.045169196021451,-8.914790843306264e-07,-4.671582316258012,4.671581424778927,e21_distractor_1,-1.045169196021451,False,False,True
e21_query_b_delete_detune,e21,held_out,6,delete_detune,e21_reference_b,0.7344943898304619,-4.660371116099295,-2.8919187304060987,-8.286784236335855,5.394865505929757,e21_distractor_1,-4.660371116099295,False,False,True
e21_query_b_delete_insert,e21,held_out,6,delete_insert,e21_reference_b,1.107554582645995,-3.1092564775678833,-2.5188585375905657,-6.735669597804444,4.216811060213878,e21_distractor_1,-3.1092564775678833,False,False,True
e21_query_b_delete_rest,e21,held_out,6,delete_rest,e21_reference_b,3.6266266302486665,-1.0452385424852908,0.0002135100121058997,-4.671651662721851,4.671865172733957,e21_distractor_1,-1.0452385424852908,True,False,True
e21_query_b_delete_timing,e21,held_out,6,delete_timing,e21_reference_b,3.626547318591059,-1.0453047002662803,0.00013419835449823836,-4.671717820502841,4.671852018857339,e21_distractor_1,-1.0453047002662803,True,False,True
e21_query_b_delete_transpose,e21,held_out,6,delete_transpose,e21_reference_b,3.6266266302486665,-1.0452359470097177,0.0002135100121058997,-4.671649067246278,4.671862577258384,e21_distractor_1,-1.0452359470097177,True,False,True
e21_query_b_delete_two,e21,held_out,6,delete_two,e21_reference_b,1.9737176717345717,-3.4213676457816895,-1.652695448501989,-7.04778076601825,5.395085317516261,e21_distractor_2,-3.4213676457816895,False,False,True
e21_query_b_detune,e21,held_out,6,detune,e21_reference_b,2.885597492325707,-1.7848949047264613,-0.7408156279108535,-5.411308024963022,4.670492397052168,e21_distractor_1,-1.7848949047264613,False,False,True
e21_query_b_exact,e21,held_out,6,exact,e21_reference_b,5.295729510613376,1.1072373356917415,1.6693163903768156,-2.519175784544819,4.188492174921635,e21_distractor_1,1.1072373356917415,True,False,True
e21_query_b_insert,e21,held_out,6,insert,e21_reference_b,3.1343108521243535,-0.7289997109436497,-0.49210226811220714,-4.35541283118021,3.863310563068003,e21_distractor_1,-0.7289997109436497,False,False,True
e21_query_b_legitimate_rest,e21,held_out,6,legitimate_rest,e21_reference_b,5.295600327905887,1.1072472496595784,1.6691872076693262,-2.519165870576982,4.188353078246308,e21_distractor_1,1.1072472496595784,True,False,True
e21_query_b_mask_absent,e21,held_out,6,mask_absent,e21_reference_b,3.2096787563371274,-1.46218641639683,-0.4167343638994332,-5.0885995366333905,4.671865172733957,e21_distractor_1,-1.46218641639683,False,False,True
e21_query_b_mask_present,e21,held_out,6,mask_present,e21_reference_b,3.2096787563371274,-1.46218641639683,-0.4167343638994332,-5.0885995366333905,4.671865172733957,e21_distractor_1,-1.46218641639683,False,False,True
e21_query_b_merged,e21,held_out,6,merged,e21_reference_b,1.473380223040727,1.4730302094796555,-2.1530328971958337,-2.153382910756905,0.00035001356107144943,e21_distractor_1,1.4730302094796555,False,False,True
e21_query_b_substitute,e21,held_out,6,substitute,e21_reference_b,1.107554582645995,-1.7858984308268795,-2.5188585375905657,-5.41231155106344,2.8934530134728744,e21_distractor_1,-1.7858984308268795,False,False,True
e21_query_b_timing,e21,held_out,6,timing,e21_reference_b,5.29565566005133,1.1071580240341339,1.6692425398147694,-2.5192550962024267,4.188497636017196,e21_distractor_1,1.1071580240341339,True,False,True
e21_query_b_transpose,e21,held_out,6,transpose,e21_reference_b,5.295729510613376,1.107241283264636,1.6693163903768156,-2.5191718369719247,4.18848822734874,e21_distractor_1,1.107241283264636,True,False,True
e21_query_b_weak_present,e21,held_out,6,weak_present,e21_reference_b,3.6266266302486665,-1.0452385424852908,0.0002135100121058997,-4.671651662721851,4.671865172733957,e21_distractor_1,-1.0452385424852908,True,False,True
e22_query_a_delete_closed,e22,held_out,8,delete_closed,e22_reference_a,3.5123620293484263,0.1094938497995619,-0.11405109088813425,-3.5169192704369987,3.4028681795488644,e22_distractor_0,0.1094938497995619,False,False,True
e22_query_a_delete_detune,e22,held_out,8,delete_detune,e22_reference_a,1.4467922761551817,-2.3003954648869094,-2.179620844081379,-5.92680858512347,3.747187741042091,e22_distractor_0,-2.3003954648869094,False,False,True
e22_query_a_delete_insert,e22,held_out,8,delete_insert,e22_reference_a,1.6198753215772124,-1.5392475578603593,-2.0065377986593482,-5.16566067809692,3.1591228794375716,e22_distractor_0,-1.5392475578603593,False,False,True
e22_query_a_delete_rest,e22,held_out,8,delete_rest,e22_reference_a,3.5126056913275674,0.10970382303995141,-0.1138074289089932,-3.516709297196609,3.402901868287616,e22_distractor_0,0.10970382303995141,False,False,True
e22_query_a_delete_timing,e22,held_out,8,delete_timing,e22_reference_a,3.512547377819124,0.10964160874896489,-0.11386574241743652,-3.5167715114875957,3.402905769070159,e22_distractor_0,0.10964160874896489,False,False,True
e22_query_a_delete_transpose,e22,held_out,8,delete_transpose,e22_reference_a,3.5126056913275674,0.10970382303995141,-0.1138074289089932,-3.516709297196609,3.402901868287616,e22_distractor_0,0.10970382303995141,False,False,True
e22_query_a_delete_two,e22,held_out,8,delete_two,e22_reference_a,2.271078845465687,-1.477565311420899,-1.3553342747708736,-5.10397843165746,3.748644156886586,e22_distractor_0,-1.477565311420899,False,False,True
e22_query_a_detune,e22,held_out,8,detune,e22_reference_a,2.95558640989639,-3.94934684578722,-0.6708267103401706,-7.575759966023781,6.90493325568361,e22_distractor_0,-3.94934684578722,False,False,True
e22_query_a_exact,e22,held_out,8,exact,e22_reference_a,4.763185420502917,-1.5392475578603593,1.1367723002663563,-5.16566067809692,6.302432978363276,e22_distractor_0,-1.5392475578603593,True,False,True
e22_query_a_insert,e22,held_out,8,insert,e22_reference_a,3.0797092468403013,-2.8433762144482335,-0.5467038733962593,-6.469789334684794,5.923085461288535,e22_distractor_0,-2.8433762144482335,False,False,True
e22_query_a_legitimate_rest,e22,held_out,8,legitimate_rest,e22_reference_a,4.7630564054041615,-1.5393253260731585,1.136643285167601,-5.165738446309719,6.30238173147732,e22_distractor_0,-1.5393253260731585,True,False,True
e22_query_a_mask_absent,e22,held_out,8,mask_absent,e22_reference_a,3.199894785893913,-0.2030070823937029,-0.4265183343426475,-3.8294202026302635,3.402901868287616,e22_distractor_0,-0.2030070823937029,False,False,True
e22_query_a_mask_present,e22,held_out,8,mask_present,e22_reference_a,3.199894785893913,-0.2030070823937029,-0.4265183343426475,-3.8294202026302635,3.402901868287616,e22_distractor_0,-0.2030070823937029,False,False,True
e22_query_a_merged,e22,held_out,8,merged,e22_reference_a,1.913694953541511,-1.834949203345075,-1.7127181666950495,-5.4613623235816355,3.748644156886586,e22_distractor_0,-1.834949203345075,False,False,True
e22_query_a_substitute,e22,held_out,8,substitute,e22_reference_a,1.6198753215772124,-1.5392475578603593,-2.0065377986593482,-5.16566067809692,3.1591228794375716,e22_distractor_0,-1.5392475578603593,False,False,True
e22_query_a_timing,e22,held_out,8,timing,e22_reference_a,4.763130032581382,-1.5393097721513458,1.1367169123448218,-5.165722892387906,6.302439804732728,e22_distractor_0,-1.5393097721513458,True,False,True
e22_query_a_transpose,e22,held_out,8,transpose,e22_reference_a,4.763185420502917,-1.5392475578603593,1.1367723002663563,-5.16566067809692,6.302432978363276,e22_distractor_0,-1.5392475578603593,True,False,True
e22_query_a_weak_present,e22,held_out,8,weak_present,e22_reference_a,3.5126056913275674,0.10970382303995141,-0.1138074289089932,-3.516709297196609,3.402901868287616,e22_distractor_0,0.10970382303995141,False,False,True
e22_query_b_delete_closed,e22,held_out,8,delete_closed,e22_reference_b,3.51236134156749,-3.314147005622325,-0.11405177866907046,-6.940560125858886,6.826508347189815,e22_distractor_1,-3.314147005622325,False,False,True
e22_query_b_delete_detune,e22,held_out,8,delete_detune,e22_reference_b,1.4467919650703704,-6.206001547833361,-2.17962115516619,-9.832414668069923,7.652793512903732,e22_distractor_1,-6.206001547833361,False,False,True
e22_query_b_delete_insert,e22,held_out,8,delete_insert,e22_reference_b,1.6198753215772124,-4.719074074096849,-2.0065377986593482,-8.345487194333408,6.338949395674061,e22_distractor_1,-4.719074074096849,False,False,True
e22_query_b_delete_rest,e22,held_out,8,delete_rest,e22_reference_b,3.5126056913275674,-3.3139016820465796,-0.1138074289089932,-6.94031480228314,6.826507373374147,e22_distractor_1,-3.3139016820465796,False,False,True
e22_query_b_delete_timing,e22,held_out,8,delete_timing,e22_reference_b,3.51254737773223,-3.3139693575339715,-0.11386574250433057,-6.940382477770532,6.8265167352662015,e22_distractor_1,-3.3139693575339715,False,False,True
e22_query_b_delete_transpose,e22,held_out,8,delete_transpose,e22_reference_b,3.5126056913275674,-3.3139016820465796,-0.1138074289089932,-6.94031480228314,6.826507373374147,e22_distractor_1,-3.3139016820465796,False,False,True
e22_query_b_delete_two,e22,held_out,8,delete_two,e22_reference_b,2.271078845465687,-1.477565311420899,-1.3553342747708736,-5.10397843165746,3.748644156886586,e22_distractor_1,-1.477565311420899,False,False,True
e22_query_b_detune,e22,held_out,8,detune,e22_reference_b,2.9555861128487164,-3.9493471755882164,-0.6708270073878442,-7.575760295824777,6.904933288436933,e22_distractor_1,-3.9493471755882164,False,False,True
e22_query_b_exact,e22,held_out,8,exact,e22_reference_b,4.763185420502917,-1.5392475578603593,1.1367723002663563,-5.16566067809692,6.302432978363276,e22_distractor_1,-1.5392475578603593,True,False,True
e22_query_b_insert,e22,held_out,8,insert,e22_reference_b,3.0797092468403013,-2.8433762144482335,-0.5467038733962593,-6.469789334684794,5.923085461288535,e22_distractor_1,-2.8433762144482335,False,False,True
e22_query_b_legitimate_rest,e22,held_out,8,legitimate_rest,e22_reference_b,4.763056144726835,-1.5393751575553667,1.136643024490274,-5.165788277791927,6.302431302282201,e22_distractor_1,-1.5393751575553667,True,False,True
e22_query_b_mask_absent,e22,held_out,8,mask_absent,e22_reference_b,3.199894785893913,-3.6266125874802326,-0.4265183343426475,-7.253025707716793,6.826507373374145,e22_distractor_1,-3.6266125874802326,False,False,True
e22_query_b_mask_present,e22,held_out,8,mask_present,e22_reference_b,3.199894785893913,-3.6266125874802326,-0.4265183343426475,-7.253025707716793,6.826507373374145,e22_distractor_1,-3.6266125874802326,False,False,True
e22_query_b_merged,e22,held_out,8,merged,e22_reference_b,1.913694953541511,-5.611879478917089,-1.7127181666950495,-9.238292599153649,7.5255744324586,e22_distractor_1,-5.611879478917089,False,False,True
e22_query_b_substitute,e22,held_out,8,substitute,e22_reference_b,1.6198753215772124,-4.719074074096849,-2.0065377986593482,-8.345487194333408,6.338949395674061,e22_distractor_1,-4.719074074096849,False,False,True
e22_query_b_timing,e22,held_out,8,timing,e22_reference_b,4.763130032498849,-1.539309772244052,1.1367169122622887,-5.165722892480613,6.302439804742901,e22_distractor_1,-1.539309772244052,True,False,True
e22_query_b_transpose,e22,held_out,8,transpose,e22_reference_b,4.763185420502917,-1.5392475578603593,1.1367723002663563,-5.16566067809692,6.302432978363276,e22_distractor_1,-1.5392475578603593,True,False,True
e22_query_b_weak_present,e22,held_out,8,weak_present,e22_reference_b,3.5126056913275674,-3.3139016820465796,-0.1138074289089932,-6.94031480228314,6.826507373374147,e22_distractor_1,-3.3139016820465796,False,False,True
e23_query_a_delete_closed,e23,held_out,10,delete_closed,e23_reference_a,3.3378476994495854,3.3376973706163673,-0.2885654207869752,-0.2887157496201933,0.000150328833218083,e23_distractor_0,3.3376973706163673,False,False,True
e23_query_a_delete_detune,e23,held_out,10,delete_detune,e23_reference_a,1.7313704296262236,1.7311859066625859,-1.895042690610337,-1.8952272135739747,0.00018452296363768994,e23_distractor_0,1.7311859066625859,False,False,True
e23_query_a_delete_insert,e23,held_out,10,delete_insert,e23_reference_a,1.822220913072008,1.822036390108372,-1.8041922071645526,-1.8043767301281886,0.00018452296363591358,e23_distractor_0,1.822036390108372,False,False,True
e23_query_a_delete_rest,e23,held_out,10,delete_rest,e23_reference_a,3.3381163838878054,3.3379318609241677,-0.2882967363487552,-0.2884812593123929,0.00018452296363768994,e23_distractor_0,3.3379318609241677,False,False,True
e23_query_a_delete_timing,e23,held_out,10,delete_timing,e23_reference_a,3.3380702530479107,3.337879963740284,-0.2883428671886499,-0.28853315649627653,0.00019028930762665652,e23_distractor_0,3.337879963740284,False,False,True
e23_query_a_delete_transpose,e23,held_out,10,delete_transpose,e23_reference_a,3.3381163838878054,3.3379320050830534,-0.2882967363487552,-0.28848111515350716,0.00018437880475197232,e23_distractor_0,3.3379320050830534,False,False,True
e23_query_a_delete_two,e23,held_out,10,delete_two,e23_reference_a,2.344052988335183,2.343859363538015,-1.2823601319013775,-1.2825537566985457,0.00019362479716811265,e23_distractor_0,2.343859363538015,False,False,True
e23_query_a_detune,e23,held_out,10,detune,e23_reference_a,2.891877963452896,1.8220363900396306,-0.7345351567836644,-1.80437673019693,1.0698415734132656,e23_distractor_0,1.8220363900396306,False,False,True
e23_query_a_exact,e23,held_out,10,exact,e23_reference_a,4.337957176912879,1.822036390108372,0.7115440566763187,-1.8043767301281886,2.5159207868045073,e23_distractor_0,1.822036390108372,True,False,True
e23_query_a_insert,e23,held_out,10,insert,e23_reference_a,2.9592928748591403,0.5675323398514003,-0.6671202453774203,-3.0588807803851603,2.39176053500774,e23_distractor_0,0.5675323398514003,False,False,True
e23_query_a_legitimate_rest,e23,held_out,10,legitimate_rest,e23_reference_a,4.337824216392616,1.8219371195837963,0.7114110961560556,-1.8044760006527643,2.51588709680882,e23_distractor_0,1.8219371195837963,True,False,True
e23_query_a_mask_absent,e23,held_out,10,mask_absent,e23_reference_a,3.087947659540883,3.087763136577247,-0.5384654606956776,-0.5386499836593135,0.00018452296363591358,e23_distractor_0,3.087763136577247,False,False,True
e23_query_a_mask_present,e23,held_out,10,mask_present,e23_reference_a,3.087947659540883,3.087763136577247,-0.5384654606956776,-0.5386499836593135,0.00018452296363591358,e23_distractor_0,3.087763136577247,False,False,True
e23_query_a_merged,e23,held_out,10,merged,e23_reference_a,2.0660877390608237,2.0658941142636555,-1.560325381175737,-1.560519005972905,0.00019362479716811265,e23_distractor_0,2.0658941142636555,False,False,True
e23_query_a_substitute,e23,held_out,10,substitute,e23_reference_a,1.822220913072008,1.822036390108372,-1.8041922071645526,-1.8043767301281886,0.00018452296363591358,e23_distractor_0,1.822036390108372,False,False,True
e23_query_a_timing,e23,held_out,10,timing,e23_reference_a,4.337912866443596,1.8220363900396306,0.7114997462070356,-1.80437673019693,2.5158764764039656,e23_distractor_0,1.8220363900396306,True,False,True
e23_query_a_transpose,e23,held_out,10,transpose,e23_reference_a,4.337957176912879,1.8220375432935816,0.7115440566763187,-1.804375576942979,2.5159196336192977,e23_distractor_0,1.8220375432935816,True,False,True
e23_query_a_weak_present,e23,held_out,10,weak_present,e23_reference_a,3.3381163838878054,3.3379318609241677,-0.2882967363487552,-0.2884812593123929,0.00018452296363768994,e23_distractor_0,3.3379318609241677,False,False,True
e23_query_b_delete_closed,e23,held_out,10,delete_closed,e23_reference_b,3.337847816357251,-2.029587758995195,-0.28856530387930945,-5.6560008792317555,5.367435575352446,e23_distractor_1,-2.029587758995195,False,False,True
e23_query_b_delete_detune,e23,held_out,10,delete_detune,e23_reference_b,1.731370459024574,-2.029381790059692,-1.8950426612119866,-5.655794910296253,3.760752249084266,e23_distractor_1,-2.029381790059692,False,False,True
e23_query_b_delete_insert,e23,held_out,10,delete_insert,e23_reference_b,1.822220913072008,-3.2419078525287723,-1.8041922071645526,-6.868320972765333,5.06412876560078,e23_distractor_1,-3.2419078525287723,False,False,True
e23_query_b_delete_rest,e23,held_out,10,delete_rest,e23_reference_b,3.3381163838878054,-2.029381790059692,-0.2882967363487552,-5.655794910296253,5.367498173947498,e23_distractor_1,-2.029381790059692,False,False,True
e23_query_b_delete_timing,e23,held_out,10,delete_timing,e23_reference_b,3.3380702530479107,-2.029381790059692,-0.2883428671886499,-5.655794910296253,5.367452043107603,e23_distractor_1,-2.029381790059692,False,False,True
e23_query_b_delete_transpose,e23,held_out,10,delete_transpose,e23_reference_b,3.3381163838878054,-2.029381790059692,-0.2882967363487552,-5.655794910296253,5.367498173947498,e23_distractor_1,-2.029381790059692,False,False,True
e23_query_b_delete_two,e23,held_out,10,delete_two,e23_reference_b,2.344052988335183,-3.43094306473114,-1.2823601319013775,-7.0573561849677,5.774996053066323,e23_distractor_1,-3.43094306473114,False,False,True
e23_query_b_detune,e23,held_out,10,detune,e23_reference_b,2.8918779918090367,-0.7036068006416025,-0.7345351284275239,-4.330019920878163,3.5954847924506392,e23_distractor_1,-0.7036068006416025,False,False,True
e23_query_b_exact,e23,held_out,10,exact,e23_reference_b,4.337957176912879,-0.7036068006416025,0.7115440566763187,-4.330019920878163,5.041563977554482,e23_distractor_1,-0.7036068006416025,True,False,True
e23_query_b_insert,e23,held_out,10,insert,e23_reference_b,2.9592928748591403,-1.8339709097009669,-0.6671202453774203,-5.4603840299375275,4.793263784560107,e23_distractor_1,-1.8339709097009669,False,False,True
e23_query_b_legitimate_rest,e23,held_out,10,legitimate_rest,e23_reference_b,4.337824380068102,-0.7037156412067542,0.7114112598315412,-4.330128761443315,5.041540021274856,e23_distractor_1,-0.7037156412067542,True,False,True
e23_query_b_mask_absent,e23,held_out,10,mask_absent,e23_reference_b,3.087947659540883,-2.2795505144066146,-0.5384654606956776,-5.905963634643175,5.367498173947498,e23_distractor_1,-2.2795505144066146,False,False,True
e23_query_b_mask_present,e23,held_out,10,mask_present,e23_reference_b,3.087947659540883,-2.2795505144066146,-0.5384654606956776,-5.905963634643175,5.367498173947498,e23_distractor_1,-2.2795505144066146,False,False,True
e23_query_b_merged,e23,held_out,10,merged,e23_reference_b,2.0660877390608237,-3.708908314005499,-1.560325381175737,-7.33532143424206,5.774996053066323,e23_distractor_1,-3.708908314005499,False,False,True
e23_query_b_substitute,e23,held_out,10,substitute,e23_reference_b,1.822220913072008,-3.2419078525287723,-1.8041922071645526,-6.868320972765333,5.06412876560078,e23_distractor_1,-3.2419078525287723,False,False,True
e23_query_b_timing,e23,held_out,10,timing,e23_reference_b,4.337912866443596,-0.7036068006416025,0.7114997462070356,-4.330019920878163,5.041519667085199,e23_distractor_1,-0.7036068006416025,True,False,True
e23_query_b_transpose,e23,held_out,10,transpose,e23_reference_b,4.337957176912879,-0.7036068006416025,0.7115440566763187,-4.330019920878163,5.041563977554482,e23_distractor_1,-0.7036068006416025,True,False,True
e23_query_b_weak_present,e23,held_out,10,weak_present,e23_reference_b,3.3381163838878054,-2.029381790059692,-0.2882967363487552,-5.655794910296253,5.367498173947498,e23_distractor_1,-2.029381790059692,False,False,True
