front,group,cell,condition,variant,true_events,predicted_events,matched_events,bounded_matches,precision,recall,f1,split_count,merge_count,split_rate,merge_rate,pitch_accuracy,pitch_availability,mean_pitch_error_available,octave_error_rate,mean_onset_error_s,mean_end_error_s,max_true_end_latency_s,max_inferred_end_latency_s
map,cea-08,detached,intact,0,11,11,11,11,1.0,1.0,1.0,0,0,0.0,0.0,1.0,1.0,0.0031901132582136823,0.0,0.007670454545454546,0.009710227272727273,0.0831875,0.08
mixture,cea-08,detached,intact,0,11,11,11,11,1.0,1.0,1.0,0,0,0.0,0.0,1.0,1.0,0.0031901132582136823,0.0,0.007670454545454546,0.009710227272727273,0.0831875,0.08
repaired,cea-08,detached,intact,0,11,11,11,11,1.0,1.0,1.0,0,0,0.0,0.0,1.0,1.0,0.007258178264100842,0.0,0.007670454545454546,0.009710227272727273,0.0831875,0.08
streaming,cea-08,detached,intact,0,11,11,11,11,1.0,1.0,1.0,0,0,0.0,0.0,0.9090909090909091,0.9090909090909091,0.06645506915464089,0.0,0.007670454545454546,0.009710227272727273,0.0831875,0.08
fixed,cea-08,detached,intact,0,11,10,8,5,0.5,0.45454545454545453,0.47619047619047616,0,0,0.0,0.0,0.7272727272727273,0.7272727272727273,0.00748760917441621,0.0,0.018125000000000002,0.014875,0.010375,0.0
oracle-boundary,cea-08,detached,intact,0,11,11,11,11,1.0,1.0,1.0,0,0,0.0,0.0,1.0,1.0,0.010380027876698944,0.0,0.0,0.0,0.0535625,0.0535625
map,cea-08,detached,intact,1,11,11,11,11,1.0,1.0,1.0,0,0,0.0,0.0,1.0,1.0,0.003171542145624186,0.0,0.007306818181818181,0.009710227272727271,0.0831875,0.092
mixture,cea-08,detached,intact,1,11,11,11,11,1.0,1.0,1.0,0,0,0.0,0.0,1.0,1.0,0.003171542145624186,0.0,0.007306818181818181,0.009710227272727271,0.0831875,0.092
repaired,cea-08,detached,intact,1,11,11,11,11,1.0,1.0,1.0,0,0,0.0,0.0,1.0,1.0,0.004811693082299451,0.0,0.007306818181818181,0.009710227272727271,0.0831875,0.092
streaming,cea-08,detached,intact,1,11,11,11,11,1.0,1.0,1.0,0,0,0.0,0.0,1.0,1.0,0.07328233437396553,0.0,0.007306818181818181,0.009710227272727271,0.0831875,0.092
fixed,cea-08,detached,intact,1,11,10,8,5,0.5,0.45454545454545453,0.47619047619047616,0,0,0.0,0.0,0.7272727272727273,0.7272727272727273,0.0030953340666958484,0.0,0.018125000000000002,0.014875,0.010375,0.0
oracle-boundary,cea-08,detached,intact,1,11,11,11,11,1.0,1.0,1.0,0,0,0.0,0.0,1.0,1.0,0.010380027876698944,0.0,0.0,0.0,0.0535625,0.0535625
map,cea-08,legato,intact,0,11,11,11,11,1.0,1.0,1.0,0,0,0.0,0.0,1.0,1.0,0.0052087225485067945,0.0,0.010579545454545454,0.011232954545454544,0.0831875,0.072
mixture,cea-08,legato,intact,0,11,11,11,11,1.0,1.0,1.0,0,0,0.0,0.0,1.0,1.0,0.0052087225485067945,0.0,0.010579545454545454,0.011232954545454544,0.0831875,0.072
repaired,cea-08,legato,intact,0,11,11,11,11,1.0,1.0,1.0,0,0,0.0,0.0,1.0,1.0,0.004894035978295671,0.0,0.010579545454545454,0.011232954545454544,0.0831875,0.072
streaming,cea-08,legato,intact,0,11,11,11,11,1.0,1.0,1.0,0,0,0.0,0.0,0.6363636363636364,0.6363636363636364,0.16270044118021657,0.0,0.010579545454545454,0.011232954545454544,0.0831875,0.072
fixed,cea-08,legato,intact,0,11,9,8,5,0.5555555555555556,0.45454545454545453,0.5,0,0,0.0,0.0,0.7272727272727273,0.7272727272727273,0.020293463177050053,0.0,0.018125000000000002,0.014875,0.010375,0.0
oracle-boundary,cea-08,legato,intact,0,11,11,11,11,1.0,1.0,1.0,0,0,0.0,0.0,1.0,1.0,0.00022193374160091444,0.0,0.0,0.0,0.0535625,0.0535625
map,cea-08,legato,intact,1,11,11,11,11,1.0,1.0,1.0,0,0,0.0,0.0,1.0,1.0,0.0032993915853620974,0.0,0.010215909090909091,0.011017045454545455,0.0831875,0.084
mixture,cea-08,legato,intact,1,11,11,11,11,1.0,1.0,1.0,0,0,0.0,0.0,1.0,1.0,0.0032993915853620974,0.0,0.010215909090909091,0.011017045454545455,0.0831875,0.084
repaired,cea-08,legato,intact,1,11,11,11,11,1.0,1.0,1.0,0,0,0.0,0.0,1.0,1.0,0.004994123695579086,0.0,0.010215909090909091,0.011017045454545455,0.0831875,0.084
streaming,cea-08,legato,intact,1,11,11,11,11,1.0,1.0,1.0,0,0,0.0,0.0,0.6363636363636364,0.6363636363636364,0.15111604193461298,0.0,0.010215909090909091,0.011017045454545455,0.0831875,0.084
fixed,cea-08,legato,intact,1,11,9,8,5,0.5555555555555556,0.45454545454545453,0.5,0,0,0.0,0.0,0.7272727272727273,0.7272727272727273,0.01830792264075462,0.0,0.018125000000000002,0.014875,0.010375,0.0
oracle-boundary,cea-08,legato,intact,1,11,11,11,11,1.0,1.0,1.0,0,0,0.0,0.0,1.0,1.0,0.00022193374160091444,0.0,0.0,0.0,0.0535625,0.0535625
map,cea-08,duration,intact,0,11,11,11,11,1.0,1.0,1.0,0,0,0.0,0.0,1.0,1.0,0.0007341044330490088,0.0,0.0094375,0.010431818181818183,0.0945625,0.1
mixture,cea-08,duration,intact,0,11,11,11,11,1.0,1.0,1.0,0,0,0.0,0.0,1.0,1.0,0.0007341044330490088,0.0,0.0094375,0.010431818181818183,0.0945625,0.1
repaired,cea-08,duration,intact,0,11,11,11,11,1.0,1.0,1.0,0,0,0.0,0.0,1.0,1.0,0.001681520485096783,0.0,0.0094375,0.010431818181818183,0.0945625,0.1
streaming,cea-08,duration,intact,0,11,11,11,11,1.0,1.0,1.0,0,0,0.0,0.0,0.5454545454545454,0.7272727272727273,4.837993042269906,0.0,0.0094375,0.010431818181818183,0.0945625,0.1
fixed,cea-08,duration,intact,0,11,11,9,1,0.09090909090909091,0.09090909090909091,0.09090909090909091,1,0,0.09090909090909091,0.0,0.8181818181818182,0.8181818181818182,0.03792939233579397,0.0,0.017895833333333333,0.02076388888888889,0.00275,0.0
oracle-boundary,cea-08,duration,intact,0,11,11,11,11,1.0,1.0,1.0,0,0,0.0,0.0,1.0,1.0,0.00024025482371267418,0.0,0.0,0.0,0.055125,0.055125
map,cea-08,duration,intact,1,11,11,11,11,1.0,1.0,1.0,0,0,0.0,0.0,1.0,1.0,0.000737554293495131,0.0,0.0094375,0.010545454545454545,0.0945625,0.1
mixture,cea-08,duration,intact,1,11,11,11,11,1.0,1.0,1.0,0,0,0.0,0.0,1.0,1.0,0.000737554293495131,0.0,0.0094375,0.010545454545454545,0.0945625,0.1
repaired,cea-08,duration,intact,1,11,11,11,11,1.0,1.0,1.0,0,0,0.0,0.0,1.0,1.0,0.0016941510042841714,0.0,0.0094375,0.010545454545454545,0.0945625,0.1
streaming,cea-08,duration,intact,1,11,11,11,11,1.0,1.0,1.0,0,0,0.0,0.0,0.5454545454545454,0.7272727272727273,4.837710209379893,0.0,0.0094375,0.010545454545454545,0.0945625,0.1
fixed,cea-08,duration,intact,1,11,11,9,1,0.09090909090909091,0.09090909090909091,0.09090909090909091,1,0,0.09090909090909091,0.0,0.8181818181818182,0.8181818181818182,0.038161625520530075,0.0,0.017895833333333333,0.02076388888888889,0.00275,0.0
oracle-boundary,cea-08,duration,intact,1,11,11,11,11,1.0,1.0,1.0,0,0,0.0,0.0,1.0,1.0,0.00024025482371267418,0.0,0.0,0.0,0.055125,0.055125
map,cea-08,joint,intact,0,11,11,11,11,1.0,1.0,1.0,0,0,0.0,0.0,1.0,1.0,0.0007171845658206146,0.0,0.0094375,0.010431818181818183,0.0945625,0.1
mixture,cea-08,joint,intact,0,11,11,11,11,1.0,1.0,1.0,0,0,0.0,0.0,1.0,1.0,0.0007171845658206146,0.0,0.0094375,0.010431818181818183,0.0945625,0.1
repaired,cea-08,joint,intact,0,11,11,11,11,1.0,1.0,1.0,0,0,0.0,0.0,1.0,1.0,0.0016925932453851664,0.0,0.0094375,0.010431818181818183,0.0945625,0.1
streaming,cea-08,joint,intact,0,11,11,11,11,1.0,1.0,1.0,0,0,0.0,0.0,0.5454545454545454,0.7272727272727273,4.810535355146662,0.0,0.0094375,0.010431818181818183,0.0945625,0.1
fixed,cea-08,joint,intact,0,11,11,9,1,0.09090909090909091,0.09090909090909091,0.09090909090909091,1,0,0.09090909090909091,0.0,0.8181818181818182,0.8181818181818182,0.03235000127811955,0.0,0.017895833333333333,0.02076388888888889,0.00275,0.0
oracle-boundary,cea-08,joint,intact,0,11,11,11,11,1.0,1.0,1.0,0,0,0.0,0.0,1.0,1.0,0.0002490986836071084,0.0,0.0,0.0,0.055125,0.055125
map,cea-08,joint,intact,1,11,11,11,11,1.0,1.0,1.0,0,0,0.0,0.0,1.0,1.0,0.0007206344262667368,0.0,0.0094375,0.010545454545454545,0.0945625,0.1
mixture,cea-08,joint,intact,1,11,11,11,11,1.0,1.0,1.0,0,0,0.0,0.0,1.0,1.0,0.0007206344262667368,0.0,0.0094375,0.010545454545454545,0.0945625,0.1
repaired,cea-08,joint,intact,1,11,11,11,11,1.0,1.0,1.0,0,0,0.0,0.0,1.0,1.0,0.0017052237645725549,0.0,0.0094375,0.010545454545454545,0.0945625,0.1
streaming,cea-08,joint,intact,1,11,11,11,11,1.0,1.0,1.0,0,0,0.0,0.0,0.5454545454545454,0.7272727272727273,4.81025252225665,0.0,0.0094375,0.010545454545454545,0.0945625,0.1
fixed,cea-08,joint,intact,1,11,11,9,1,0.09090909090909091,0.09090909090909091,0.09090909090909091,1,0,0.09090909090909091,0.0,0.8181818181818182,0.8181818181818182,0.03258223446285566,0.0,0.017895833333333333,0.02076388888888889,0.00275,0.0
oracle-boundary,cea-08,joint,intact,1,11,11,11,11,1.0,1.0,1.0,0,0,0.0,0.0,1.0,1.0,0.0002490986836071084,0.0,0.0,0.0,0.055125,0.055125
map,cea-08,joint,reset,0,3,3,3,3,1.0,1.0,1.0,0,0,0.0,0.0,1.0,1.0,0.0001839254254527208,0.0,0.0071874999999999994,0.008583333333333333,0.0945625,0.1
mixture,cea-08,joint,reset,0,3,3,3,3,1.0,1.0,1.0,0,0,0.0,0.0,1.0,1.0,0.0001839254254527208,0.0,0.0071874999999999994,0.008583333333333333,0.0945625,0.1
repaired,cea-08,joint,reset,0,3,3,3,3,1.0,1.0,1.0,0,0,0.0,0.0,1.0,1.0,0.00019480310081565477,0.0,0.0071874999999999994,0.008583333333333333,0.0945625,0.1
streaming,cea-08,joint,reset,0,3,3,3,3,1.0,1.0,1.0,0,0,0.0,0.0,1.0,1.0,0.09330999500747368,0.0,0.0071874999999999994,0.008583333333333333,0.0945625,0.1
fixed,cea-08,joint,reset,0,3,4,3,0,0.0,0.0,0.0,1,0,0.3333333333333333,0.0,1.0,1.0,0.038102597976715336,0.0,0.015604166666666669,0.024374999999999997,-0.009875,0.0
oracle-boundary,cea-08,joint,reset,0,3,3,3,3,1.0,1.0,1.0,0,0,0.0,0.0,1.0,1.0,0.00022833900117961528,0.0,0.0,0.0,0.054125,0.054125
map,cea-08,joint,reset,1,3,3,3,3,1.0,1.0,1.0,0,0,0.0,0.0,1.0,1.0,0.0001839254254527208,0.0,0.0071874999999999994,0.008583333333333333,0.0945625,0.1
mixture,cea-08,joint,reset,1,3,3,3,3,1.0,1.0,1.0,0,0,0.0,0.0,1.0,1.0,0.0001839254254527208,0.0,0.0071874999999999994,0.008583333333333333,0.0945625,0.1
repaired,cea-08,joint,reset,1,3,3,3,3,1.0,1.0,1.0,0,0,0.0,0.0,1.0,1.0,0.00019480310081565477,0.0,0.0071874999999999994,0.008583333333333333,0.0945625,0.1
streaming,cea-08,joint,reset,1,3,3,3,3,1.0,1.0,1.0,0,0,0.0,0.0,1.0,1.0,0.09330999500747368,0.0,0.0071874999999999994,0.008583333333333333,0.0945625,0.1
fixed,cea-08,joint,reset,1,3,4,3,0,0.0,0.0,0.0,1,0,0.3333333333333333,0.0,1.0,1.0,0.038102597976715336,0.0,0.015604166666666669,0.024374999999999997,-0.009875,0.0
oracle-boundary,cea-08,joint,reset,1,3,3,3,3,1.0,1.0,1.0,0,0,0.0,0.0,1.0,1.0,0.00022833900117961528,0.0,0.0,0.0,0.054125,0.054125
map,cea-08,joint,removal,0,9,9,9,9,1.0,1.0,1.0,0,0,0.0,0.0,1.0,1.0,0.0004125323240002057,0.0,0.007965277777777778,0.009013888888888889,0.10075,0.104
mixture,cea-08,joint,removal,0,9,9,9,9,1.0,1.0,1.0,0,0,0.0,0.0,1.0,1.0,0.0004125323240002057,0.0,0.007965277777777778,0.009013888888888889,0.10075,0.104
repaired,cea-08,joint,removal,0,9,9,9,9,1.0,1.0,1.0,0,0,0.0,0.0,1.0,1.0,0.0005773868501371342,0.0,0.007965277777777778,0.009013888888888889,0.10075,0.104
streaming,cea-08,joint,removal,0,9,9,9,9,1.0,1.0,1.0,0,0,0.0,0.0,0.6666666666666666,0.8888888888888888,4.8095601961628835,0.0,0.007965277777777778,0.009013888888888889,0.10075,0.104
fixed,cea-08,joint,removal,0,9,11,7,0,0.0,0.0,0.0,2,0,0.2222222222222222,0.0,0.7777777777777778,0.7777777777777778,0.039877684701510506,0.0,0.014991071428571428,0.024214285714285712,-0.008875,0.0
oracle-boundary,cea-08,joint,removal,0,9,9,9,9,1.0,1.0,1.0,0,0,0.0,0.0,1.0,1.0,0.00023908264765514097,0.0,0.0,0.0,0.055125,0.055125
map,cea-08,joint,removal,1,9,9,9,9,1.0,1.0,1.0,0,0,0.0,0.0,1.0,1.0,0.0004125323240002057,0.0,0.007965277777777778,0.009013888888888889,0.10075,0.104
mixture,cea-08,joint,removal,1,9,9,9,9,1.0,1.0,1.0,0,0,0.0,0.0,1.0,1.0,0.0004125323240002057,0.0,0.007965277777777778,0.009013888888888889,0.10075,0.104
repaired,cea-08,joint,removal,1,9,9,9,9,1.0,1.0,1.0,0,0,0.0,0.0,1.0,1.0,0.0005773868501371342,0.0,0.007965277777777778,0.009013888888888889,0.10075,0.104
streaming,cea-08,joint,removal,1,9,9,9,9,1.0,1.0,1.0,0,0,0.0,0.0,0.6666666666666666,0.8888888888888888,4.8095601961628835,0.0,0.007965277777777778,0.009013888888888889,0.10075,0.104
fixed,cea-08,joint,removal,1,9,11,7,0,0.0,0.0,0.0,2,0,0.2222222222222222,0.0,0.7777777777777778,0.7777777777777778,0.039877684701510506,0.0,0.014991071428571428,0.024214285714285712,-0.008875,0.0
oracle-boundary,cea-08,joint,removal,1,9,9,9,9,1.0,1.0,1.0,0,0,0.0,0.0,1.0,1.0,0.00023908264765514097,0.0,0.0,0.0,0.055125,0.055125
map,cea-08,joint,swap,0,11,11,11,11,1.0,1.0,1.0,0,0,0.0,0.0,1.0,1.0,0.0007206344262667368,0.0,0.0094375,0.010545454545454545,0.0945625,0.1
mixture,cea-08,joint,swap,0,11,11,11,11,1.0,1.0,1.0,0,0,0.0,0.0,1.0,1.0,0.0007206344262667368,0.0,0.0094375,0.010545454545454545,0.0945625,0.1
repaired,cea-08,joint,swap,0,11,11,11,11,1.0,1.0,1.0,0,0,0.0,0.0,1.0,1.0,0.0017052237645725549,0.0,0.0094375,0.010545454545454545,0.0945625,0.1
streaming,cea-08,joint,swap,0,11,11,11,11,1.0,1.0,1.0,0,0,0.0,0.0,0.5454545454545454,0.7272727272727273,4.81025252225665,0.0,0.0094375,0.010545454545454545,0.0945625,0.1
fixed,cea-08,joint,swap,0,11,11,9,1,0.09090909090909091,0.09090909090909091,0.09090909090909091,1,0,0.09090909090909091,0.0,0.8181818181818182,0.8181818181818182,0.03258223446285566,0.0,0.017895833333333333,0.02076388888888889,0.00275,0.0
oracle-boundary,cea-08,joint,swap,0,11,11,11,11,1.0,1.0,1.0,0,0,0.0,0.0,1.0,1.0,0.0002490986836071084,0.0,0.0,0.0,0.055125,0.055125
map,cea-08,joint,swap,1,11,11,11,11,1.0,1.0,1.0,0,0,0.0,0.0,1.0,1.0,0.0007171845658206146,0.0,0.0094375,0.010431818181818183,0.0945625,0.1
mixture,cea-08,joint,swap,1,11,11,11,11,1.0,1.0,1.0,0,0,0.0,0.0,1.0,1.0,0.0007171845658206146,0.0,0.0094375,0.010431818181818183,0.0945625,0.1
repaired,cea-08,joint,swap,1,11,11,11,11,1.0,1.0,1.0,0,0,0.0,0.0,1.0,1.0,0.0016925932453851664,0.0,0.0094375,0.010431818181818183,0.0945625,0.1
streaming,cea-08,joint,swap,1,11,11,11,11,1.0,1.0,1.0,0,0,0.0,0.0,0.5454545454545454,0.7272727272727273,4.810535355146662,0.0,0.0094375,0.010431818181818183,0.0945625,0.1
fixed,cea-08,joint,swap,1,11,11,9,1,0.09090909090909091,0.09090909090909091,0.09090909090909091,1,0,0.09090909090909091,0.0,0.8181818181818182,0.8181818181818182,0.03235000127811955,0.0,0.017895833333333333,0.02076388888888889,0.00275,0.0
oracle-boundary,cea-08,joint,swap,1,11,11,11,11,1.0,1.0,1.0,0,0,0.0,0.0,1.0,1.0,0.0002490986836071084,0.0,0.0,0.0,0.055125,0.055125
map,cea-08,joint,shuffle,0,11,11,11,11,1.0,1.0,1.0,0,0,0.0,0.0,1.0,1.0,0.003119535626583211,0.0,0.009801136363636364,0.010909090909090908,0.0945625,0.1
mixture,cea-08,joint,shuffle,0,11,11,11,11,1.0,1.0,1.0,0,0,0.0,0.0,1.0,1.0,0.003119535626583211,0.0,0.009801136363636364,0.010909090909090908,0.0945625,0.1
repaired,cea-08,joint,shuffle,0,11,11,11,11,1.0,1.0,1.0,0,0,0.0,0.0,1.0,1.0,0.0017094383886488782,0.0,0.009801136363636364,0.010909090909090908,0.0945625,0.1
streaming,cea-08,joint,shuffle,0,11,11,11,11,1.0,1.0,1.0,0,0,0.0,0.0,0.6363636363636364,0.7272727272727273,2.471881905544043,0.0,0.009801136363636364,0.010909090909090908,0.0945625,0.1
fixed,cea-08,joint,shuffle,0,11,11,9,1,0.09090909090909091,0.09090909090909091,0.09090909090909091,1,0,0.09090909090909091,0.0,0.7272727272727273,0.8181818181818182,0.061292556318610414,0.0,0.017895833333333333,0.02076388888888889,0.00275,0.0
oracle-boundary,cea-08,joint,shuffle,0,11,11,11,11,1.0,1.0,1.0,0,0,0.0,0.0,1.0,1.0,0.0002490986836071084,0.0,0.0,0.0,0.055125,0.055125
map,cea-08,joint,shuffle,1,11,11,11,11,1.0,1.0,1.0,0,0,0.0,0.0,1.0,1.0,0.0006624438108519991,0.0,0.009801136363636363,0.010795454545454546,0.0945625,0.1
mixture,cea-08,joint,shuffle,1,11,11,11,11,1.0,1.0,1.0,0,0,0.0,0.0,1.0,1.0,0.0006624438108519991,0.0,0.009801136363636363,0.010795454545454546,0.0945625,0.1
repaired,cea-08,joint,shuffle,1,11,11,11,11,1.0,1.0,1.0,0,0,0.0,0.0,1.0,1.0,0.0016968078694614898,0.0,0.009801136363636363,0.010795454545454546,0.0945625,0.1
streaming,cea-08,joint,shuffle,1,11,11,11,11,1.0,1.0,1.0,0,0,0.0,0.0,0.6363636363636364,0.7272727272727273,2.472164738434055,0.0,0.009801136363636363,0.010795454545454546,0.0945625,0.1
fixed,cea-08,joint,shuffle,1,11,11,9,1,0.09090909090909091,0.09090909090909091,0.09090909090909091,1,0,0.09090909090909091,0.0,0.7272727272727273,0.8181818181818182,0.0610603231338743,0.0,0.017895833333333333,0.02076388888888889,0.00275,0.0
oracle-boundary,cea-08,joint,shuffle,1,11,11,11,11,1.0,1.0,1.0,0,0,0.0,0.0,1.0,1.0,0.0002490986836071084,0.0,0.0,0.0,0.055125,0.055125
map,cea-08,joint,ambiguous,0,11,11,11,11,1.0,1.0,1.0,0,0,0.0,0.0,1.0,1.0,0.0006371853426524869,0.0,0.0094375,0.010431818181818183,0.0945625,0.1
mixture,cea-08,joint,ambiguous,0,11,11,11,11,1.0,1.0,1.0,0,0,0.0,0.0,1.0,1.0,0.0006371853426524869,0.0,0.0094375,0.010431818181818183,0.0945625,0.1
repaired,cea-08,joint,ambiguous,0,11,11,11,11,1.0,1.0,1.0,0,0,0.0,0.0,1.0,1.0,0.0017197929780438407,0.0,0.0094375,0.010431818181818183,0.0945625,0.1
streaming,cea-08,joint,ambiguous,0,11,11,11,11,1.0,1.0,1.0,0,0,0.0,0.0,0.6363636363636364,0.7272727272727273,2.471924680589321,0.0,0.0094375,0.010431818181818183,0.0945625,0.1
fixed,cea-08,joint,ambiguous,0,11,11,9,1,0.09090909090909091,0.09090909090909091,0.09090909090909091,1,0,0.09090909090909091,0.0,0.7272727272727273,0.8181818181818182,0.06107492356087453,0.0,0.017895833333333333,0.02076388888888889,0.00275,0.0
oracle-boundary,cea-08,joint,ambiguous,0,11,11,11,11,1.0,1.0,1.0,0,0,0.0,0.0,1.0,1.0,0.00024760149976874794,0.0,0.0,0.0,0.055125,0.055125
map,cea-08,joint,ambiguous,1,11,11,11,11,1.0,1.0,1.0,0,0,0.0,0.0,1.0,1.0,0.0006371853426524869,0.0,0.0094375,0.010431818181818183,0.0945625,0.1
mixture,cea-08,joint,ambiguous,1,11,11,11,11,1.0,1.0,1.0,0,0,0.0,0.0,1.0,1.0,0.0006371853426524869,0.0,0.0094375,0.010431818181818183,0.0945625,0.1
repaired,cea-08,joint,ambiguous,1,11,11,11,11,1.0,1.0,1.0,0,0,0.0,0.0,1.0,1.0,0.0017197929780438407,0.0,0.0094375,0.010431818181818183,0.0945625,0.1
streaming,cea-08,joint,ambiguous,1,11,11,11,11,1.0,1.0,1.0,0,0,0.0,0.0,0.6363636363636364,0.7272727272727273,2.471924680589321,0.0,0.0094375,0.010431818181818183,0.0945625,0.1
fixed,cea-08,joint,ambiguous,1,11,11,9,1,0.09090909090909091,0.09090909090909091,0.09090909090909091,1,0,0.09090909090909091,0.0,0.7272727272727273,0.8181818181818182,0.06107492356087453,0.0,0.017895833333333333,0.02076388888888889,0.00275,0.0
oracle-boundary,cea-08,joint,ambiguous,1,11,11,11,11,1.0,1.0,1.0,0,0,0.0,0.0,1.0,1.0,0.00024760149976874794,0.0,0.0,0.0,0.055125,0.055125
map,cea-09,detached,intact,0,11,11,11,11,1.0,1.0,1.0,0,0,0.0,0.0,1.0,1.0,0.0034089878984009596,0.0,0.004960227272727272,0.004789772727272727,0.082625,0.08
mixture,cea-09,detached,intact,0,11,11,11,11,1.0,1.0,1.0,0,0,0.0,0.0,1.0,1.0,0.0034089878984009596,0.0,0.004960227272727272,0.004789772727272727,0.082625,0.08
repaired,cea-09,detached,intact,0,11,11,11,11,1.0,1.0,1.0,0,0,0.0,0.0,1.0,1.0,0.00019879994376680412,0.0,0.004960227272727272,0.004789772727272727,0.082625,0.08
streaming,cea-09,detached,intact,0,11,11,11,11,1.0,1.0,1.0,0,0,0.0,0.0,1.0,1.0,0.04970556169687028,0.0,0.004960227272727272,0.004789772727272727,0.082625,0.08
fixed,cea-09,detached,intact,0,11,12,8,5,0.4166666666666667,0.45454545454545453,0.43478260869565216,2,1,0.18181818181818182,0.09090909090909091,0.7272727272727273,0.7272727272727273,0.005758585142028316,0.0,0.017281249999999998,0.0154375,0.008875,0.0
oracle-boundary,cea-09,detached,intact,0,11,11,11,11,1.0,1.0,1.0,0,0,0.0,0.0,1.0,1.0,0.004962031568049499,0.0,0.0,0.0,0.0524375,0.0524375
map,cea-09,detached,intact,1,11,11,11,11,1.0,1.0,1.0,0,0,0.0,0.0,1.0,1.0,0.003319424906613865,0.0,0.004960227272727272,0.004789772727272728,0.082625,0.076
mixture,cea-09,detached,intact,1,11,11,11,11,1.0,1.0,1.0,0,0,0.0,0.0,1.0,1.0,0.003319424906613865,0.0,0.004960227272727272,0.004789772727272728,0.082625,0.076
repaired,cea-09,detached,intact,1,11,11,11,11,1.0,1.0,1.0,0,0,0.0,0.0,1.0,1.0,0.00014365591122477252,0.0,0.004960227272727272,0.004789772727272728,0.082625,0.076
streaming,cea-09,detached,intact,1,11,11,11,11,1.0,1.0,1.0,0,0,0.0,0.0,1.0,1.0,0.049837804574247684,0.0,0.004960227272727272,0.004789772727272728,0.082625,0.076
fixed,cea-09,detached,intact,1,11,14,8,5,0.35714285714285715,0.45454545454545453,0.4,5,2,0.45454545454545453,0.18181818181818182,0.7272727272727273,0.7272727272727273,0.004511688818349624,0.0,0.017281249999999998,0.0154375,0.008875,0.0
oracle-boundary,cea-09,detached,intact,1,11,11,11,11,1.0,1.0,1.0,0,0,0.0,0.0,1.0,1.0,0.004962031568049499,0.0,0.0,0.0,0.0524375,0.0524375
map,cea-09,legato,intact,0,11,11,11,11,1.0,1.0,1.0,0,0,0.0,0.0,1.0,1.0,0.001611899716009966,0.0,0.005619318181818181,0.008278409090909091,0.1164375,0.104
mixture,cea-09,legato,intact,0,11,11,11,11,1.0,1.0,1.0,0,0,0.0,0.0,1.0,1.0,0.001611899716009966,0.0,0.005619318181818181,0.008278409090909091,0.1164375,0.104
repaired,cea-09,legato,intact,0,11,11,11,11,1.0,1.0,1.0,0,0,0.0,0.0,1.0,1.0,0.00019670997933861724,0.0,0.005619318181818181,0.008278409090909091,0.1164375,0.104
streaming,cea-09,legato,intact,0,11,11,11,11,1.0,1.0,1.0,0,0,0.0,0.0,0.8181818181818182,1.0,2.3052823615239553,0.18181818181818182,0.005619318181818181,0.008278409090909091,0.1164375,0.104
fixed,cea-09,legato,intact,0,11,14,8,5,0.35714285714285715,0.45454545454545453,0.4,2,1,0.18181818181818182,0.09090909090909091,0.7272727272727273,0.7272727272727273,0.013752644485960364,0.0,0.017281249999999998,0.0154375,0.008875,0.0
oracle-boundary,cea-09,legato,intact,0,11,11,11,11,1.0,1.0,1.0,0,0,0.0,0.0,1.0,1.0,0.00022886722665175924,0.0,0.0,0.0,0.0524375,0.0524375
map,cea-09,legato,intact,1,11,11,11,11,1.0,1.0,1.0,0,0,0.0,0.0,1.0,1.0,0.0006892214922123492,0.0,0.005619318181818183,0.008278409090909091,0.1155,0.104
mixture,cea-09,legato,intact,1,11,11,11,11,1.0,1.0,1.0,0,0,0.0,0.0,1.0,1.0,0.0006892214922123492,0.0,0.005619318181818183,0.008278409090909091,0.1155,0.104
repaired,cea-09,legato,intact,1,11,11,11,11,1.0,1.0,1.0,0,0,0.0,0.0,1.0,1.0,0.0002689067171600163,0.0,0.005619318181818183,0.008278409090909091,0.1155,0.104
streaming,cea-09,legato,intact,1,11,11,11,11,1.0,1.0,1.0,0,0,0.0,0.0,0.7272727272727273,1.0,2.3068933357447183,0.18181818181818182,0.005619318181818183,0.008278409090909091,0.1155,0.104
fixed,cea-09,legato,intact,1,11,14,8,5,0.35714285714285715,0.45454545454545453,0.4,2,1,0.18181818181818182,0.09090909090909091,0.7272727272727273,0.7272727272727273,0.014537850098008454,0.0,0.017281249999999998,0.0154375,0.008875,0.0
oracle-boundary,cea-09,legato,intact,1,11,11,11,11,1.0,1.0,1.0,0,0,0.0,0.0,1.0,1.0,0.00022886722665175924,0.0,0.0,0.0,0.0524375,0.0524375
map,cea-09,duration,intact,0,11,11,11,11,1.0,1.0,1.0,0,0,0.0,0.0,1.0,1.0,0.0028265314978948423,0.0,0.00818181818181818,0.010386363636363636,0.112625,0.1
mixture,cea-09,duration,intact,0,11,11,11,11,1.0,1.0,1.0,0,0,0.0,0.0,1.0,1.0,0.0028265314978948423,0.0,0.00818181818181818,0.010386363636363636,0.112625,0.1
repaired,cea-09,duration,intact,0,11,11,11,11,1.0,1.0,1.0,0,0,0.0,0.0,1.0,1.0,0.0007602945925277993,0.0,0.00818181818181818,0.010386363636363636,0.112625,0.1
streaming,cea-09,duration,intact,0,11,11,11,11,1.0,1.0,1.0,0,0,0.0,0.0,0.5454545454545454,1.0,5.746305384954639,0.18181818181818182,0.00818181818181818,0.010386363636363636,0.112625,0.1
fixed,cea-09,duration,intact,0,11,13,9,1,0.07692307692307693,0.09090909090909091,0.08333333333333333,3,1,0.2727272727272727,0.09090909090909091,0.8181818181818182,0.8181818181818182,0.05438319500760416,0.0,0.017625000000000002,0.02172222222222222,0.00125,0.0
oracle-boundary,cea-09,duration,intact,0,11,11,11,11,1.0,1.0,1.0,0,0,0.0,0.0,1.0,1.0,0.00019720019889342538,0.0,0.0,0.0,0.054,0.054
map,cea-09,duration,intact,1,11,11,11,11,1.0,1.0,1.0,0,0,0.0,0.0,1.0,1.0,0.00391827461549637,0.0,0.00818181818181818,0.010386363636363636,0.112625,0.104
mixture,cea-09,duration,intact,1,11,11,11,11,1.0,1.0,1.0,0,0,0.0,0.0,1.0,1.0,0.00391827461549637,0.0,0.00818181818181818,0.010386363636363636,0.112625,0.104
repaired,cea-09,duration,intact,1,11,11,11,11,1.0,1.0,1.0,0,0,0.0,0.0,1.0,1.0,0.0007852648328893511,0.0,0.00818181818181818,0.010386363636363636,0.112625,0.104
streaming,cea-09,duration,intact,1,11,11,11,11,1.0,1.0,1.0,0,0,0.0,0.0,0.5454545454545454,1.0,5.749090742329992,0.18181818181818182,0.00818181818181818,0.010386363636363636,0.112625,0.104
fixed,cea-09,duration,intact,1,11,15,9,1,0.06666666666666667,0.09090909090909091,0.07692307692307693,5,2,0.45454545454545453,0.18181818181818182,0.8181818181818182,0.8181818181818182,0.05516781249459868,0.0,0.017625000000000002,0.02172222222222222,0.00125,0.0
oracle-boundary,cea-09,duration,intact,1,11,11,11,11,1.0,1.0,1.0,0,0,0.0,0.0,1.0,1.0,0.00019720019889342538,0.0,0.0,0.0,0.054,0.054
map,cea-09,joint,intact,0,11,11,11,11,1.0,1.0,1.0,0,0,0.0,0.0,1.0,1.0,0.0028265314978948423,0.0,0.00818181818181818,0.010386363636363636,0.112625,0.1
mixture,cea-09,joint,intact,0,11,11,11,11,1.0,1.0,1.0,0,0,0.0,0.0,1.0,1.0,0.0028265314978948423,0.0,0.00818181818181818,0.010386363636363636,0.112625,0.1
repaired,cea-09,joint,intact,0,11,11,11,11,1.0,1.0,1.0,0,0,0.0,0.0,1.0,1.0,0.0007602945925277993,0.0,0.00818181818181818,0.010386363636363636,0.112625,0.1
streaming,cea-09,joint,intact,0,11,11,11,11,1.0,1.0,1.0,0,0,0.0,0.0,0.5454545454545454,1.0,5.746305384954639,0.18181818181818182,0.00818181818181818,0.010386363636363636,0.112625,0.1
fixed,cea-09,joint,intact,0,11,13,9,1,0.07692307692307693,0.09090909090909091,0.08333333333333333,3,1,0.2727272727272727,0.09090909090909091,0.8181818181818182,0.8181818181818182,0.05438319500760416,0.0,0.017625000000000002,0.02172222222222222,0.00125,0.0
oracle-boundary,cea-09,joint,intact,0,11,11,11,11,1.0,1.0,1.0,0,0,0.0,0.0,1.0,1.0,0.00019720019889342538,0.0,0.0,0.0,0.054,0.054
map,cea-09,joint,intact,1,11,11,11,11,1.0,1.0,1.0,0,0,0.0,0.0,1.0,1.0,0.00391827461549637,0.0,0.00818181818181818,0.010386363636363636,0.112625,0.104
mixture,cea-09,joint,intact,1,11,11,11,11,1.0,1.0,1.0,0,0,0.0,0.0,1.0,1.0,0.00391827461549637,0.0,0.00818181818181818,0.010386363636363636,0.112625,0.104
repaired,cea-09,joint,intact,1,11,11,11,11,1.0,1.0,1.0,0,0,0.0,0.0,1.0,1.0,0.0007852648328893511,0.0,0.00818181818181818,0.010386363636363636,0.112625,0.104
streaming,cea-09,joint,intact,1,11,11,11,11,1.0,1.0,1.0,0,0,0.0,0.0,0.5454545454545454,1.0,5.749090742329992,0.18181818181818182,0.00818181818181818,0.010386363636363636,0.112625,0.104
fixed,cea-09,joint,intact,1,11,15,9,1,0.06666666666666667,0.09090909090909091,0.07692307692307693,5,2,0.45454545454545453,0.18181818181818182,0.8181818181818182,0.8181818181818182,0.05516781249459868,0.0,0.017625000000000002,0.02172222222222222,0.00125,0.0
oracle-boundary,cea-09,joint,intact,1,11,11,11,11,1.0,1.0,1.0,0,0,0.0,0.0,1.0,1.0,0.00019720019889342538,0.0,0.0,0.0,0.054,0.054
map,cea-09,joint,reset,0,3,3,3,3,1.0,1.0,1.0,0,0,0.0,0.0,1.0,1.0,0.00019956758061212554,0.0,0.0065,0.008416666666666668,0.0925,0.084
mixture,cea-09,joint,reset,0,3,3,3,3,1.0,1.0,1.0,0,0,0.0,0.0,1.0,1.0,0.00019956758061212554,0.0,0.0065,0.008416666666666668,0.0925,0.084
repaired,cea-09,joint,reset,0,3,3,3,3,1.0,1.0,1.0,0,0,0.0,0.0,1.0,1.0,0.0002414494552761918,0.0,0.0065,0.008416666666666668,0.0925,0.084
streaming,cea-09,joint,reset,0,3,3,3,3,1.0,1.0,1.0,0,0,0.0,0.0,0.6666666666666666,1.0,4.05703751401387,0.3333333333333333,0.0065,0.008416666666666668,0.0925,0.084
fixed,cea-09,joint,reset,0,3,5,3,0,0.0,0.0,0.0,3,1,1.0,0.3333333333333333,1.0,1.0,0.07507716358858237,0.0,0.015166666666666667,0.026249999999999996,-0.01175,0.0
oracle-boundary,cea-09,joint,reset,0,3,3,3,3,1.0,1.0,1.0,0,0,0.0,0.0,1.0,1.0,0.0001690069489915421,0.0,0.0,0.0,0.05225,0.05225
map,cea-09,joint,reset,1,3,3,3,3,1.0,1.0,1.0,0,0,0.0,0.0,1.0,1.0,0.00019956758061212554,0.0,0.0065,0.008416666666666668,0.0925,0.084
mixture,cea-09,joint,reset,1,3,3,3,3,1.0,1.0,1.0,0,0,0.0,0.0,1.0,1.0,0.00019956758061212554,0.0,0.0065,0.008416666666666668,0.0925,0.084
repaired,cea-09,joint,reset,1,3,3,3,3,1.0,1.0,1.0,0,0,0.0,0.0,1.0,1.0,0.0002414494552761918,0.0,0.0065,0.008416666666666668,0.0925,0.084
streaming,cea-09,joint,reset,1,3,3,3,3,1.0,1.0,1.0,0,0,0.0,0.0,0.6666666666666666,1.0,4.05703751401387,0.3333333333333333,0.0065,0.008416666666666668,0.0925,0.084
fixed,cea-09,joint,reset,1,3,5,3,0,0.0,0.0,0.0,3,1,1.0,0.3333333333333333,1.0,1.0,0.07507716358858237,0.0,0.015166666666666667,0.026249999999999996,-0.01175,0.0
oracle-boundary,cea-09,joint,reset,1,3,3,3,3,1.0,1.0,1.0,0,0,0.0,0.0,1.0,1.0,0.0001690069489915421,0.0,0.0,0.0,0.05225,0.05225
map,cea-09,joint,removal,0,9,9,9,9,1.0,1.0,1.0,0,0,0.0,0.0,1.0,1.0,0.0035656711538186846,0.0,0.008416666666666666,0.011152777777777777,0.0994375,0.088
mixture,cea-09,joint,removal,0,9,9,9,9,1.0,1.0,1.0,0,0,0.0,0.0,1.0,1.0,0.0035656711538186846,0.0,0.008416666666666666,0.011152777777777777,0.0994375,0.088
repaired,cea-09,joint,removal,0,9,9,9,9,1.0,1.0,1.0,0,0,0.0,0.0,1.0,1.0,0.0008514710337763631,0.0,0.008416666666666666,0.011152777777777777,0.0994375,0.088
streaming,cea-09,joint,removal,0,9,9,9,9,1.0,1.0,1.0,0,0,0.0,0.0,0.4444444444444444,1.0,6.981848454438818,0.2222222222222222,0.008416666666666666,0.011152777777777777,0.0994375,0.088
fixed,cea-09,joint,removal,0,9,12,7,0,0.0,0.0,0.0,4,1,0.4444444444444444,0.1111111111111111,0.7777777777777778,0.7777777777777778,0.06959836551724052,0.0,0.014910714285714288,0.02555357142857143,-0.01,0.0
oracle-boundary,cea-09,joint,removal,0,9,9,9,9,1.0,1.0,1.0,0,0,0.0,0.0,1.0,1.0,0.00017970327754351304,0.0,0.0,0.0,0.054,0.054
map,cea-09,joint,removal,1,9,9,9,9,1.0,1.0,1.0,0,0,0.0,0.0,1.0,1.0,0.0035656711538186846,0.0,0.008416666666666666,0.011152777777777777,0.0994375,0.088
mixture,cea-09,joint,removal,1,9,9,9,9,1.0,1.0,1.0,0,0,0.0,0.0,1.0,1.0,0.0035656711538186846,0.0,0.008416666666666666,0.011152777777777777,0.0994375,0.088
repaired,cea-09,joint,removal,1,9,9,9,9,1.0,1.0,1.0,0,0,0.0,0.0,1.0,1.0,0.0008514710337763631,0.0,0.008416666666666666,0.011152777777777777,0.0994375,0.088
streaming,cea-09,joint,removal,1,9,9,9,9,1.0,1.0,1.0,0,0,0.0,0.0,0.4444444444444444,1.0,6.981848454438818,0.2222222222222222,0.008416666666666666,0.011152777777777777,0.0994375,0.088
fixed,cea-09,joint,removal,1,9,12,7,0,0.0,0.0,0.0,4,1,0.4444444444444444,0.1111111111111111,0.7777777777777778,0.7777777777777778,0.06959836551724052,0.0,0.014910714285714288,0.02555357142857143,-0.01,0.0
oracle-boundary,cea-09,joint,removal,1,9,9,9,9,1.0,1.0,1.0,0,0,0.0,0.0,1.0,1.0,0.00017970327754351304,0.0,0.0,0.0,0.054,0.054
map,cea-09,joint,swap,0,11,11,11,11,1.0,1.0,1.0,0,0,0.0,0.0,1.0,1.0,0.00391827461549637,0.0,0.00818181818181818,0.010386363636363636,0.112625,0.104
mixture,cea-09,joint,swap,0,11,11,11,11,1.0,1.0,1.0,0,0,0.0,0.0,1.0,1.0,0.00391827461549637,0.0,0.00818181818181818,0.010386363636363636,0.112625,0.104
repaired,cea-09,joint,swap,0,11,11,11,11,1.0,1.0,1.0,0,0,0.0,0.0,1.0,1.0,0.0007852648328893511,0.0,0.00818181818181818,0.010386363636363636,0.112625,0.104
streaming,cea-09,joint,swap,0,11,11,11,11,1.0,1.0,1.0,0,0,0.0,0.0,0.5454545454545454,1.0,5.749090742329992,0.18181818181818182,0.00818181818181818,0.010386363636363636,0.112625,0.104
fixed,cea-09,joint,swap,0,11,15,9,1,0.06666666666666667,0.09090909090909091,0.07692307692307693,5,2,0.45454545454545453,0.18181818181818182,0.8181818181818182,0.8181818181818182,0.05516781249459868,0.0,0.017625000000000002,0.02172222222222222,0.00125,0.0
oracle-boundary,cea-09,joint,swap,0,11,11,11,11,1.0,1.0,1.0,0,0,0.0,0.0,1.0,1.0,0.00019720019889342538,0.0,0.0,0.0,0.054,0.054
map,cea-09,joint,swap,1,11,11,11,11,1.0,1.0,1.0,0,0,0.0,0.0,1.0,1.0,0.0028265314978948423,0.0,0.00818181818181818,0.010386363636363636,0.112625,0.1
mixture,cea-09,joint,swap,1,11,11,11,11,1.0,1.0,1.0,0,0,0.0,0.0,1.0,1.0,0.0028265314978948423,0.0,0.00818181818181818,0.010386363636363636,0.112625,0.1
repaired,cea-09,joint,swap,1,11,11,11,11,1.0,1.0,1.0,0,0,0.0,0.0,1.0,1.0,0.0007602945925277993,0.0,0.00818181818181818,0.010386363636363636,0.112625,0.1
streaming,cea-09,joint,swap,1,11,11,11,11,1.0,1.0,1.0,0,0,0.0,0.0,0.5454545454545454,1.0,5.746305384954639,0.18181818181818182,0.00818181818181818,0.010386363636363636,0.112625,0.1
fixed,cea-09,joint,swap,1,11,13,9,1,0.07692307692307693,0.09090909090909091,0.08333333333333333,3,1,0.2727272727272727,0.09090909090909091,0.8181818181818182,0.8181818181818182,0.05438319500760416,0.0,0.017625000000000002,0.02172222222222222,0.00125,0.0
oracle-boundary,cea-09,joint,swap,1,11,11,11,11,1.0,1.0,1.0,0,0,0.0,0.0,1.0,1.0,0.00019720019889342538,0.0,0.0,0.0,0.054,0.054
map,cea-09,joint,shuffle,0,11,11,11,11,1.0,1.0,1.0,0,0,0.0,0.0,1.0,1.0,0.002555335408225158,0.0,0.008545454545454545,0.010750000000000001,0.112625,0.104
mixture,cea-09,joint,shuffle,0,11,11,11,11,1.0,1.0,1.0,0,0,0.0,0.0,1.0,1.0,0.002555335408225158,0.0,0.008545454545454545,0.010750000000000001,0.112625,0.104
repaired,cea-09,joint,shuffle,0,11,11,11,11,1.0,1.0,1.0,0,0,0.0,0.0,1.0,1.0,0.0024335615127403735,0.0,0.008545454545454545,0.010750000000000001,0.112625,0.104
streaming,cea-09,joint,shuffle,0,11,11,11,11,1.0,1.0,1.0,0,0,0.0,0.0,0.5454545454545454,1.0,5.757262310943069,0.18181818181818182,0.008545454545454545,0.010750000000000001,0.112625,0.104
fixed,cea-09,joint,shuffle,0,11,15,9,1,0.06666666666666667,0.09090909090909091,0.07692307692307693,5,2,0.45454545454545453,0.18181818181818182,0.8181818181818182,0.8181818181818182,0.04766275917951152,0.0,0.017625000000000002,0.02172222222222222,0.00125,0.0
oracle-boundary,cea-09,joint,shuffle,0,11,11,11,11,1.0,1.0,1.0,0,0,0.0,0.0,1.0,1.0,0.00019720019889342538,0.0,0.0,0.0,0.054,0.054
map,cea-09,joint,shuffle,1,11,11,11,11,1.0,1.0,1.0,0,0,0.0,0.0,1.0,1.0,0.0020341152404606596,0.0,0.008545454545454544,0.010750000000000001,0.112625,0.1
mixture,cea-09,joint,shuffle,1,11,11,11,11,1.0,1.0,1.0,0,0,0.0,0.0,1.0,1.0,0.0020341152404606596,0.0,0.008545454545454544,0.010750000000000001,0.112625,0.1
repaired,cea-09,joint,shuffle,1,11,11,11,11,1.0,1.0,1.0,0,0,0.0,0.0,1.0,1.0,0.002410461493624086,0.0,0.008545454545454544,0.010750000000000001,0.112625,0.1
streaming,cea-09,joint,shuffle,1,11,11,11,11,1.0,1.0,1.0,0,0,0.0,0.0,0.5454545454545454,1.0,5.755056880027641,0.18181818181818182,0.008545454545454544,0.010750000000000001,0.112625,0.1
fixed,cea-09,joint,shuffle,1,11,13,9,1,0.07692307692307693,0.09090909090909091,0.08333333333333333,3,1,0.2727272727272727,0.09090909090909091,0.8181818181818182,0.8181818181818182,0.046878141692517,0.0,0.017625000000000002,0.02172222222222222,0.00125,0.0
oracle-boundary,cea-09,joint,shuffle,1,11,11,11,11,1.0,1.0,1.0,0,0,0.0,0.0,1.0,1.0,0.00019720019889342538,0.0,0.0,0.0,0.054,0.054
map,cea-09,joint,ambiguous,0,11,11,11,11,1.0,1.0,1.0,0,0,0.0,0.0,1.0,1.0,0.0036416539158988085,0.0,0.008545454545454545,0.010750000000000001,0.112625,0.1
mixture,cea-09,joint,ambiguous,0,11,11,11,11,1.0,1.0,1.0,0,0,0.0,0.0,1.0,1.0,0.0036416539158988085,0.0,0.008545454545454545,0.010750000000000001,0.112625,0.1
repaired,cea-09,joint,ambiguous,0,11,11,11,11,1.0,1.0,1.0,0,0,0.0,0.0,1.0,1.0,0.0028924689951848655,0.0,0.008545454545454545,0.010750000000000001,0.112625,0.1
streaming,cea-09,joint,ambiguous,0,11,11,11,11,1.0,1.0,1.0,0,0,0.0,0.0,0.5454545454545454,1.0,3.4155301863703658,0.2727272727272727,0.008545454545454545,0.010750000000000001,0.112625,0.1
fixed,cea-09,joint,ambiguous,0,11,13,9,1,0.07692307692307693,0.09090909090909091,0.08333333333333333,3,1,0.2727272727272727,0.09090909090909091,0.8181818181818182,0.8181818181818182,0.05436536676823975,0.0,0.017625000000000002,0.02172222222222222,0.00125,0.0
oracle-boundary,cea-09,joint,ambiguous,0,11,11,11,11,1.0,1.0,1.0,0,0,0.0,0.0,1.0,1.0,0.00019711491076890297,0.0,0.0,0.0,0.054,0.054
map,cea-09,joint,ambiguous,1,11,11,11,11,1.0,1.0,1.0,0,0,0.0,0.0,1.0,1.0,0.0036416539158988085,0.0,0.008545454545454545,0.010750000000000001,0.112625,0.1
mixture,cea-09,joint,ambiguous,1,11,11,11,11,1.0,1.0,1.0,0,0,0.0,0.0,1.0,1.0,0.0036416539158988085,0.0,0.008545454545454545,0.010750000000000001,0.112625,0.1
repaired,cea-09,joint,ambiguous,1,11,11,11,11,1.0,1.0,1.0,0,0,0.0,0.0,1.0,1.0,0.0028924689951848655,0.0,0.008545454545454545,0.010750000000000001,0.112625,0.1
streaming,cea-09,joint,ambiguous,1,11,11,11,11,1.0,1.0,1.0,0,0,0.0,0.0,0.5454545454545454,1.0,3.4155301863703658,0.2727272727272727,0.008545454545454545,0.010750000000000001,0.112625,0.1
fixed,cea-09,joint,ambiguous,1,11,13,9,1,0.07692307692307693,0.09090909090909091,0.08333333333333333,3,1,0.2727272727272727,0.09090909090909091,0.8181818181818182,0.8181818181818182,0.05436536676823975,0.0,0.017625000000000002,0.02172222222222222,0.00125,0.0
oracle-boundary,cea-09,joint,ambiguous,1,11,11,11,11,1.0,1.0,1.0,0,0,0.0,0.0,1.0,1.0,0.00019711491076890297,0.0,0.0,0.0,0.054,0.054
map,cea-10,detached,intact,0,11,11,11,11,1.0,1.0,1.0,0,0,0.0,0.0,1.0,1.0,0.0028786751548088045,0.0,0.006613636363636364,0.005232954545454545,0.0820625,0.076
mixture,cea-10,detached,intact,0,11,11,11,11,1.0,1.0,1.0,0,0,0.0,0.0,1.0,1.0,0.0028786751548088045,0.0,0.006613636363636364,0.005232954545454545,0.0820625,0.076
repaired,cea-10,detached,intact,0,11,11,11,11,1.0,1.0,1.0,0,0,0.0,0.0,1.0,1.0,0.00032840293876863893,0.0,0.006613636363636364,0.005232954545454545,0.0820625,0.076
streaming,cea-10,detached,intact,0,11,11,11,11,1.0,1.0,1.0,0,0,0.0,0.0,1.0,1.0,0.05528616957330474,0.0,0.006613636363636364,0.005232954545454545,0.0820625,0.076
fixed,cea-10,detached,intact,0,11,14,8,4,0.2857142857142857,0.36363636363636365,0.32,4,2,0.36363636363636365,0.18181818181818182,0.7272727272727273,0.7272727272727273,0.0036298342009848383,0.0,0.0164375,0.016,0.007375,0.0
oracle-boundary,cea-10,detached,intact,0,11,11,11,11,1.0,1.0,1.0,0,0,0.0,0.0,1.0,1.0,0.012236838261160864,0.0,0.0,0.0,0.0516875,0.0516875
map,cea-10,detached,intact,1,11,11,11,11,1.0,1.0,1.0,0,0,0.0,0.0,1.0,1.0,0.0028692531868267468,0.0,0.006613636363636364,0.005176136363636363,0.0820625,0.076
mixture,cea-10,detached,intact,1,11,11,11,11,1.0,1.0,1.0,0,0,0.0,0.0,1.0,1.0,0.0028692531868267468,0.0,0.006613636363636364,0.005176136363636363,0.0820625,0.076
repaired,cea-10,detached,intact,1,11,11,11,11,1.0,1.0,1.0,0,0,0.0,0.0,1.0,1.0,0.0003461934404954176,0.0,0.006613636363636364,0.005176136363636363,0.0820625,0.076
streaming,cea-10,detached,intact,1,11,11,11,11,1.0,1.0,1.0,0,0,0.0,0.0,1.0,1.0,0.05472758173528482,0.0,0.006613636363636364,0.005176136363636363,0.0820625,0.076
fixed,cea-10,detached,intact,1,11,14,8,4,0.2857142857142857,0.36363636363636365,0.32,4,2,0.36363636363636365,0.18181818181818182,0.7272727272727273,0.7272727272727273,0.0048688121940206885,0.0,0.0164375,0.016,0.007375,0.0
oracle-boundary,cea-10,detached,intact,1,11,11,11,11,1.0,1.0,1.0,0,0,0.0,0.0,1.0,1.0,0.012236838261160864,0.0,0.0,0.0,0.0516875,0.0516875
map,cea-10,legato,intact,0,11,11,11,11,1.0,1.0,1.0,0,0,0.0,0.0,1.0,1.0,0.0031231217789046846,0.0,0.010613636363636365,0.010573863636363636,0.1156875,0.104
mixture,cea-10,legato,intact,0,11,11,11,11,1.0,1.0,1.0,0,0,0.0,0.0,1.0,1.0,0.0031231217789046846,0.0,0.010613636363636365,0.010573863636363636,0.1156875,0.104
repaired,cea-10,legato,intact,0,11,11,11,11,1.0,1.0,1.0,0,0,0.0,0.0,1.0,1.0,0.00027981261524151984,0.0,0.010613636363636365,0.010573863636363636,0.1156875,0.104
streaming,cea-10,legato,intact,0,11,11,11,11,1.0,1.0,1.0,0,0,0.0,0.0,0.6363636363636364,1.0,7.9142042478839665,0.0,0.010613636363636365,0.010573863636363636,0.1156875,0.104
fixed,cea-10,legato,intact,0,11,15,8,4,0.26666666666666666,0.36363636363636365,0.3076923076923077,3,2,0.2727272727272727,0.18181818181818182,0.7272727272727273,0.7272727272727273,0.00586535439467839,0.0,0.0164375,0.016,0.007375,0.0
oracle-boundary,cea-10,legato,intact,0,11,11,11,11,1.0,1.0,1.0,0,0,0.0,0.0,1.0,1.0,0.00031032657201061784,0.0,0.0,0.0,0.0516875,0.0516875
map,cea-10,legato,intact,1,11,11,11,11,1.0,1.0,1.0,0,0,0.0,0.0,1.0,1.0,0.003987132249724064,0.0,0.010613636363636365,0.010573863636363636,0.1134375,0.104
mixture,cea-10,legato,intact,1,11,11,11,11,1.0,1.0,1.0,0,0,0.0,0.0,1.0,1.0,0.003987132249724064,0.0,0.010613636363636365,0.010573863636363636,0.1134375,0.104
repaired,cea-10,legato,intact,1,11,11,11,11,1.0,1.0,1.0,0,0,0.0,0.0,1.0,1.0,0.00033733550373044545,0.0,0.010613636363636365,0.010573863636363636,0.1134375,0.104
streaming,cea-10,legato,intact,1,11,11,11,11,1.0,1.0,1.0,0,0,0.0,0.0,0.6363636363636364,1.0,7.918250851553115,0.0,0.010613636363636365,0.010573863636363636,0.1134375,0.104
fixed,cea-10,legato,intact,1,11,15,8,4,0.26666666666666666,0.36363636363636365,0.3076923076923077,5,3,0.45454545454545453,0.2727272727272727,0.7272727272727273,0.7272727272727273,0.004322590313292796,0.0,0.0164375,0.016,0.007375,0.0
oracle-boundary,cea-10,legato,intact,1,11,11,11,11,1.0,1.0,1.0,0,0,0.0,0.0,1.0,1.0,0.00031032657201061784,0.0,0.0,0.0,0.0516875,0.0516875
map,cea-10,duration,intact,0,11,11,11,11,1.0,1.0,1.0,0,0,0.0,0.0,1.0,1.0,0.0026951788697994095,0.0,0.009835227272727272,0.009625,0.111875,0.1
mixture,cea-10,duration,intact,0,11,11,11,11,1.0,1.0,1.0,0,0,0.0,0.0,1.0,1.0,0.0026951788697994095,0.0,0.009835227272727272,0.009625,0.111875,0.1
repaired,cea-10,duration,intact,0,11,11,11,11,1.0,1.0,1.0,0,0,0.0,0.0,1.0,1.0,0.00040490398602820545,0.0,0.009835227272727272,0.009625,0.111875,0.1
streaming,cea-10,duration,intact,0,11,11,11,11,1.0,1.0,1.0,0,0,0.0,0.0,0.7272727272727273,1.0,5.741802048011496,0.0,0.009835227272727272,0.009625,0.111875,0.1
fixed,cea-10,duration,intact,0,11,14,8,1,0.07142857142857142,0.09090909090909091,0.08,5,2,0.45454545454545453,0.18181818181818182,0.6363636363636364,0.7272727272727273,0.0453584903470442,0.0,0.0178828125,0.0208828125,-0.00025,0.0
oracle-boundary,cea-10,duration,intact,0,11,11,11,11,1.0,1.0,1.0,0,0,0.0,0.0,1.0,1.0,0.00031870444835488144,0.0,0.0,0.0,0.06375,0.06375
map,cea-10,duration,intact,1,11,11,11,11,1.0,1.0,1.0,0,0,0.0,0.0,1.0,1.0,0.006656920150161111,0.0,0.009835227272727273,0.009625,0.092125,0.084
mixture,cea-10,duration,intact,1,11,11,11,11,1.0,1.0,1.0,0,0,0.0,0.0,1.0,1.0,0.006656920150161111,0.0,0.009835227272727273,0.009625,0.092125,0.084
repaired,cea-10,duration,intact,1,11,11,11,11,1.0,1.0,1.0,0,0,0.0,0.0,1.0,1.0,0.00040365705085377743,0.0,0.009835227272727273,0.009625,0.092125,0.084
streaming,cea-10,duration,intact,1,11,11,11,11,1.0,1.0,1.0,0,0,0.0,0.0,0.7272727272727273,0.9090909090909091,3.9162743960051083,0.0,0.009835227272727273,0.009625,0.092125,0.084
fixed,cea-10,duration,intact,1,11,15,8,1,0.06666666666666667,0.09090909090909091,0.07692307692307693,7,3,0.6363636363636364,0.2727272727272727,0.6363636363636364,0.7272727272727273,0.045374622960334565,0.0,0.0178828125,0.0208828125,-0.00025,0.0
oracle-boundary,cea-10,duration,intact,1,11,11,11,11,1.0,1.0,1.0,0,0,0.0,0.0,1.0,1.0,0.00031870444835488144,0.0,0.0,0.0,0.06375,0.06375
map,cea-10,joint,intact,0,11,11,11,11,1.0,1.0,1.0,0,0,0.0,0.0,1.0,1.0,0.0026951788697994095,0.0,0.009835227272727272,0.009625,0.111875,0.1
mixture,cea-10,joint,intact,0,11,11,11,11,1.0,1.0,1.0,0,0,0.0,0.0,1.0,1.0,0.0026951788697994095,0.0,0.009835227272727272,0.009625,0.111875,0.1
repaired,cea-10,joint,intact,0,11,11,11,11,1.0,1.0,1.0,0,0,0.0,0.0,1.0,1.0,0.00040490398602820545,0.0,0.009835227272727272,0.009625,0.111875,0.1
streaming,cea-10,joint,intact,0,11,11,11,11,1.0,1.0,1.0,0,0,0.0,0.0,0.7272727272727273,1.0,5.741802048011496,0.0,0.009835227272727272,0.009625,0.111875,0.1
fixed,cea-10,joint,intact,0,11,14,8,1,0.07142857142857142,0.09090909090909091,0.08,5,2,0.45454545454545453,0.18181818181818182,0.6363636363636364,0.7272727272727273,0.0453584903470442,0.0,0.0178828125,0.0208828125,-0.00025,0.0
oracle-boundary,cea-10,joint,intact,0,11,11,11,11,1.0,1.0,1.0,0,0,0.0,0.0,1.0,1.0,0.00031870444835488144,0.0,0.0,0.0,0.06375,0.06375
map,cea-10,joint,intact,1,11,11,11,11,1.0,1.0,1.0,0,0,0.0,0.0,1.0,1.0,0.006656920150161111,0.0,0.009835227272727273,0.009625,0.092125,0.084
mixture,cea-10,joint,intact,1,11,11,11,11,1.0,1.0,1.0,0,0,0.0,0.0,1.0,1.0,0.006656920150161111,0.0,0.009835227272727273,0.009625,0.092125,0.084
repaired,cea-10,joint,intact,1,11,11,11,11,1.0,1.0,1.0,0,0,0.0,0.0,1.0,1.0,0.00040365705085377743,0.0,0.009835227272727273,0.009625,0.092125,0.084
streaming,cea-10,joint,intact,1,11,11,11,11,1.0,1.0,1.0,0,0,0.0,0.0,0.7272727272727273,0.9090909090909091,3.9162743960051083,0.0,0.009835227272727273,0.009625,0.092125,0.084
fixed,cea-10,joint,intact,1,11,15,8,1,0.06666666666666667,0.09090909090909091,0.07692307692307693,7,3,0.6363636363636364,0.2727272727272727,0.6363636363636364,0.7272727272727273,0.045374622960334565,0.0,0.0178828125,0.0208828125,-0.00025,0.0
oracle-boundary,cea-10,joint,intact,1,11,11,11,11,1.0,1.0,1.0,0,0,0.0,0.0,1.0,1.0,0.00031870444835488144,0.0,0.0,0.0,0.06375,0.06375
map,cea-10,joint,reset,0,3,3,3,3,1.0,1.0,1.0,0,0,0.0,0.0,1.0,1.0,0.0009337712121819663,0.0,0.011145833333333334,0.010541666666666666,0.0904375,0.084
mixture,cea-10,joint,reset,0,3,3,3,3,1.0,1.0,1.0,0,0,0.0,0.0,1.0,1.0,0.0009337712121819663,0.0,0.011145833333333334,0.010541666666666666,0.0904375,0.084
repaired,cea-10,joint,reset,0,3,3,3,3,1.0,1.0,1.0,0,0,0.0,0.0,1.0,1.0,0.000409167744511052,0.0,0.011145833333333334,0.010541666666666666,0.0904375,0.084
streaming,cea-10,joint,reset,0,3,3,3,3,1.0,1.0,1.0,0,0,0.0,0.0,1.0,1.0,0.18971017631192133,0.0,0.011145833333333334,0.010541666666666666,0.0904375,0.084
fixed,cea-10,joint,reset,0,3,4,2,0,0.0,0.0,0.0,2,1,0.6666666666666666,0.3333333333333333,0.6666666666666666,0.6666666666666666,0.005200120218797011,0.0,0.01553125,0.02340625,-0.013625,0.0
oracle-boundary,cea-10,joint,reset,0,3,3,3,3,1.0,1.0,1.0,0,0,0.0,0.0,1.0,1.0,0.00030338945385940025,0.0,0.0,0.0,0.050375,0.050375
map,cea-10,joint,reset,1,3,3,3,3,1.0,1.0,1.0,0,0,0.0,0.0,1.0,1.0,0.0009337712121819663,0.0,0.011145833333333334,0.010541666666666666,0.0904375,0.084
mixture,cea-10,joint,reset,1,3,3,3,3,1.0,1.0,1.0,0,0,0.0,0.0,1.0,1.0,0.0009337712121819663,0.0,0.011145833333333334,0.010541666666666666,0.0904375,0.084
repaired,cea-10,joint,reset,1,3,3,3,3,1.0,1.0,1.0,0,0,0.0,0.0,1.0,1.0,0.000409167744511052,0.0,0.011145833333333334,0.010541666666666666,0.0904375,0.084
streaming,cea-10,joint,reset,1,3,3,3,3,1.0,1.0,1.0,0,0,0.0,0.0,1.0,1.0,0.18971017631192133,0.0,0.011145833333333334,0.010541666666666666,0.0904375,0.084
fixed,cea-10,joint,reset,1,3,4,2,0,0.0,0.0,0.0,2,1,0.6666666666666666,0.3333333333333333,0.6666666666666666,0.6666666666666666,0.005200120218797011,0.0,0.01553125,0.02340625,-0.013625,0.0
oracle-boundary,cea-10,joint,reset,1,3,3,3,3,1.0,1.0,1.0,0,0,0.0,0.0,1.0,1.0,0.00030338945385940025,0.0,0.0,0.0,0.050375,0.050375
map,cea-10,joint,removal,0,9,9,9,9,1.0,1.0,1.0,0,0,0.0,0.0,1.0,1.0,0.0032883412672966017,0.0,0.009312500000000001,0.008694444444444444,0.098125,0.092
mixture,cea-10,joint,removal,0,9,9,9,9,1.0,1.0,1.0,0,0,0.0,0.0,1.0,1.0,0.0032883412672966017,0.0,0.009312500000000001,0.008694444444444444,0.098125,0.092
repaired,cea-10,joint,removal,0,9,9,9,9,1.0,1.0,1.0,0,0,0.0,0.0,1.0,1.0,0.0004886607674811453,0.0,0.009312500000000001,0.008694444444444444,0.098125,0.092
streaming,cea-10,joint,removal,0,9,9,9,9,1.0,1.0,1.0,0,0,0.0,0.0,0.8888888888888888,1.0,2.2381990804079397,0.0,0.009312500000000001,0.008694444444444444,0.098125,0.092
fixed,cea-10,joint,removal,0,9,13,6,0,0.0,0.0,0.0,6,2,0.6666666666666666,0.2222222222222222,0.5555555555555556,0.6666666666666666,0.06042785501937242,0.0,0.015114583333333334,0.025114583333333333,-0.011125,0.0
oracle-boundary,cea-10,joint,removal,0,9,9,9,9,1.0,1.0,1.0,0,0,0.0,0.0,1.0,1.0,0.00036974754423763697,0.0,0.0,0.0,0.052875,0.052875
map,cea-10,joint,removal,1,9,9,9,9,1.0,1.0,1.0,0,0,0.0,0.0,1.0,1.0,0.0032883412672966017,0.0,0.009312500000000001,0.008694444444444444,0.098125,0.092
mixture,cea-10,joint,removal,1,9,9,9,9,1.0,1.0,1.0,0,0,0.0,0.0,1.0,1.0,0.0032883412672966017,0.0,0.009312500000000001,0.008694444444444444,0.098125,0.092
repaired,cea-10,joint,removal,1,9,9,9,9,1.0,1.0,1.0,0,0,0.0,0.0,1.0,1.0,0.0004886607674811453,0.0,0.009312500000000001,0.008694444444444444,0.098125,0.092
streaming,cea-10,joint,removal,1,9,9,9,9,1.0,1.0,1.0,0,0,0.0,0.0,0.8888888888888888,1.0,2.2381990804079397,0.0,0.009312500000000001,0.008694444444444444,0.098125,0.092
fixed,cea-10,joint,removal,1,9,13,6,0,0.0,0.0,0.0,6,2,0.6666666666666666,0.2222222222222222,0.5555555555555556,0.6666666666666666,0.06042785501937242,0.0,0.015114583333333334,0.025114583333333333,-0.011125,0.0
oracle-boundary,cea-10,joint,removal,1,9,9,9,9,1.0,1.0,1.0,0,0,0.0,0.0,1.0,1.0,0.00036974754423763697,0.0,0.0,0.0,0.052875,0.052875
map,cea-10,joint,swap,0,11,11,11,11,1.0,1.0,1.0,0,0,0.0,0.0,1.0,1.0,0.006656920150161111,0.0,0.009835227272727273,0.009625,0.092125,0.084
mixture,cea-10,joint,swap,0,11,11,11,11,1.0,1.0,1.0,0,0,0.0,0.0,1.0,1.0,0.006656920150161111,0.0,0.009835227272727273,0.009625,0.092125,0.084
repaired,cea-10,joint,swap,0,11,11,11,11,1.0,1.0,1.0,0,0,0.0,0.0,1.0,1.0,0.00040365705085377743,0.0,0.009835227272727273,0.009625,0.092125,0.084
streaming,cea-10,joint,swap,0,11,11,11,11,1.0,1.0,1.0,0,0,0.0,0.0,0.7272727272727273,0.9090909090909091,3.9162743960051083,0.0,0.009835227272727273,0.009625,0.092125,0.084
fixed,cea-10,joint,swap,0,11,15,8,1,0.06666666666666667,0.09090909090909091,0.07692307692307693,7,3,0.6363636363636364,0.2727272727272727,0.6363636363636364,0.7272727272727273,0.045374622960334565,0.0,0.0178828125,0.0208828125,-0.00025,0.0
oracle-boundary,cea-10,joint,swap,0,11,11,11,11,1.0,1.0,1.0,0,0,0.0,0.0,1.0,1.0,0.00031870444835488144,0.0,0.0,0.0,0.06375,0.06375
map,cea-10,joint,swap,1,11,11,11,11,1.0,1.0,1.0,0,0,0.0,0.0,1.0,1.0,0.0026951788697994095,0.0,0.009835227272727272,0.009625,0.111875,0.1
mixture,cea-10,joint,swap,1,11,11,11,11,1.0,1.0,1.0,0,0,0.0,0.0,1.0,1.0,0.0026951788697994095,0.0,0.009835227272727272,0.009625,0.111875,0.1
repaired,cea-10,joint,swap,1,11,11,11,11,1.0,1.0,1.0,0,0,0.0,0.0,1.0,1.0,0.00040490398602820545,0.0,0.009835227272727272,0.009625,0.111875,0.1
streaming,cea-10,joint,swap,1,11,11,11,11,1.0,1.0,1.0,0,0,0.0,0.0,0.7272727272727273,1.0,5.741802048011496,0.0,0.009835227272727272,0.009625,0.111875,0.1
fixed,cea-10,joint,swap,1,11,14,8,1,0.07142857142857142,0.09090909090909091,0.08,5,2,0.45454545454545453,0.18181818181818182,0.6363636363636364,0.7272727272727273,0.0453584903470442,0.0,0.0178828125,0.0208828125,-0.00025,0.0
oracle-boundary,cea-10,joint,swap,1,11,11,11,11,1.0,1.0,1.0,0,0,0.0,0.0,1.0,1.0,0.00031870444835488144,0.0,0.0,0.0,0.06375,0.06375
map,cea-10,joint,shuffle,0,11,11,11,11,1.0,1.0,1.0,0,0,0.0,0.0,1.0,1.0,0.002546316187165054,0.0,0.009835227272727272,0.009625,0.0904375,0.084
mixture,cea-10,joint,shuffle,0,11,11,11,11,1.0,1.0,1.0,0,0,0.0,0.0,1.0,1.0,0.002546316187165054,0.0,0.009835227272727272,0.009625,0.0904375,0.084
repaired,cea-10,joint,shuffle,0,11,11,11,11,1.0,1.0,1.0,0,0,0.0,0.0,1.0,1.0,0.000393765102933763,0.0,0.009835227272727272,0.009625,0.0904375,0.084
streaming,cea-10,joint,shuffle,0,11,11,11,11,1.0,1.0,1.0,0,0,0.0,0.0,0.7272727272727273,1.0,5.742753534254927,0.0,0.009835227272727272,0.009625,0.0904375,0.084
fixed,cea-10,joint,shuffle,0,11,15,8,1,0.06666666666666667,0.09090909090909091,0.07692307692307693,7,3,0.6363636363636364,0.2727272727272727,0.6363636363636364,0.7272727272727273,1.514848724757294,0.09090909090909091,0.0178828125,0.0208828125,-0.00025,0.0
oracle-boundary,cea-10,joint,shuffle,0,11,11,11,11,1.0,1.0,1.0,0,0,0.0,0.0,1.0,1.0,0.00031870444835488144,0.0,0.0,0.0,0.06375,0.06375
map,cea-10,joint,shuffle,1,11,11,11,11,1.0,1.0,1.0,0,0,0.0,0.0,1.0,1.0,0.005981834283522583,0.0,0.009835227272727272,0.009625,0.111875,0.1
mixture,cea-10,joint,shuffle,1,11,11,11,11,1.0,1.0,1.0,0,0,0.0,0.0,1.0,1.0,0.005981834283522583,0.0,0.009835227272727272,0.009625,0.111875,0.1
repaired,cea-10,joint,shuffle,1,11,11,11,11,1.0,1.0,1.0,0,0,0.0,0.0,1.0,1.0,0.00039228153075697816,0.0,0.009835227272727272,0.009625,0.111875,0.1
streaming,cea-10,joint,shuffle,1,11,11,11,11,1.0,1.0,1.0,0,0,0.0,0.0,0.7272727272727273,0.9090909090909091,3.917295163598711,0.0,0.009835227272727272,0.009625,0.111875,0.1
fixed,cea-10,joint,shuffle,1,11,14,8,1,0.07142857142857142,0.09090909090909091,0.08,5,2,0.45454545454545453,0.18181818181818182,0.6363636363636364,0.7272727272727273,1.5148325921440033,0.09090909090909091,0.0178828125,0.0208828125,-0.00025,0.0
oracle-boundary,cea-10,joint,shuffle,1,11,11,11,11,1.0,1.0,1.0,0,0,0.0,0.0,1.0,1.0,0.00031870444835488144,0.0,0.0,0.0,0.06375,0.06375
map,cea-10,joint,ambiguous,0,11,11,11,11,1.0,1.0,1.0,0,0,0.0,0.0,1.0,1.0,0.003768502568067317,0.0,0.010562499999999999,0.010352272727272726,0.111875,0.1
mixture,cea-10,joint,ambiguous,0,11,11,11,11,1.0,1.0,1.0,0,0,0.0,0.0,1.0,1.0,0.003768502568067317,0.0,0.010562499999999999,0.010352272727272726,0.111875,0.1
repaired,cea-10,joint,ambiguous,0,11,11,11,11,1.0,1.0,1.0,0,0,0.0,0.0,1.0,1.0,0.00039788865892158174,0.0,0.010562499999999999,0.010352272727272726,0.111875,0.1
streaming,cea-10,joint,ambiguous,0,11,11,11,11,1.0,1.0,1.0,0,0,0.0,0.0,0.8181818181818182,1.0,4.069778525005675,0.0,0.010562499999999999,0.010352272727272726,0.111875,0.1
fixed,cea-10,joint,ambiguous,0,11,14,8,1,0.07142857142857142,0.09090909090909091,0.08,5,2,0.45454545454545453,0.18181818181818182,0.6363636363636364,0.7272727272727273,0.04537118517579286,0.0,0.0178828125,0.0208828125,-0.00025,0.0
oracle-boundary,cea-10,joint,ambiguous,0,11,11,11,11,1.0,1.0,1.0,0,0,0.0,0.0,1.0,1.0,0.0002972874520152531,0.0,0.0,0.0,0.06375,0.06375
map,cea-10,joint,ambiguous,1,11,11,11,11,1.0,1.0,1.0,0,0,0.0,0.0,1.0,1.0,0.003768502568067317,0.0,0.010562499999999999,0.010352272727272726,0.111875,0.1
mixture,cea-10,joint,ambiguous,1,11,11,11,11,1.0,1.0,1.0,0,0,0.0,0.0,1.0,1.0,0.003768502568067317,0.0,0.010562499999999999,0.010352272727272726,0.111875,0.1
repaired,cea-10,joint,ambiguous,1,11,11,11,11,1.0,1.0,1.0,0,0,0.0,0.0,1.0,1.0,0.00039788865892158174,0.0,0.010562499999999999,0.010352272727272726,0.111875,0.1
streaming,cea-10,joint,ambiguous,1,11,11,11,11,1.0,1.0,1.0,0,0,0.0,0.0,0.8181818181818182,1.0,4.069778525005675,0.0,0.010562499999999999,0.010352272727272726,0.111875,0.1
fixed,cea-10,joint,ambiguous,1,11,14,8,1,0.07142857142857142,0.09090909090909091,0.08,5,2,0.45454545454545453,0.18181818181818182,0.6363636363636364,0.7272727272727273,0.04537118517579286,0.0,0.0178828125,0.0208828125,-0.00025,0.0
oracle-boundary,cea-10,joint,ambiguous,1,11,11,11,11,1.0,1.0,1.0,0,0,0.0,0.0,1.0,1.0,0.0002972874520152531,0.0,0.0,0.0,0.06375,0.06375
map,cea-11,detached,intact,0,11,11,11,11,1.0,1.0,1.0,0,0,0.0,0.0,1.0,1.0,0.0018685879591486619,0.0,0.005801136363636363,0.0048011363636363625,0.111375,0.104
mixture,cea-11,detached,intact,0,11,11,11,11,1.0,1.0,1.0,0,0,0.0,0.0,1.0,1.0,0.0018685879591486619,0.0,0.005801136363636363,0.0048011363636363625,0.111375,0.104
repaired,cea-11,detached,intact,0,11,11,11,11,1.0,1.0,1.0,0,0,0.0,0.0,1.0,1.0,0.0018166883483536496,0.0,0.005801136363636363,0.0048011363636363625,0.111375,0.104
streaming,cea-11,detached,intact,0,11,11,11,11,1.0,1.0,1.0,0,0,0.0,0.0,1.0,1.0,0.077650911261872,0.0,0.005801136363636363,0.0048011363636363625,0.111375,0.104
fixed,cea-11,detached,intact,0,11,17,8,4,0.23529411764705882,0.36363636363636365,0.2857142857142857,6,2,0.5454545454545454,0.18181818181818182,0.7272727272727273,0.7272727272727273,0.0017425656362699549,0.0,0.01559375,0.0165625,0.005875,0.0
oracle-boundary,cea-11,detached,intact,0,11,11,11,11,1.0,1.0,1.0,0,0,0.0,0.0,1.0,1.0,0.005655517743409242,0.0,0.0,0.0,0.0509375,0.0509375
map,cea-11,detached,intact,1,11,11,11,11,1.0,1.0,1.0,0,0,0.0,0.0,1.0,1.0,0.0019038040858092777,0.0,0.005801136363636363,0.005164772727272727,0.111375,0.104
mixture,cea-11,detached,intact,1,11,11,11,11,1.0,1.0,1.0,0,0,0.0,0.0,1.0,1.0,0.0019038040858092777,0.0,0.005801136363636363,0.005164772727272727,0.111375,0.104
repaired,cea-11,detached,intact,1,11,11,11,11,1.0,1.0,1.0,0,0,0.0,0.0,1.0,1.0,0.0017343357379218105,0.0,0.005801136363636363,0.005164772727272727,0.111375,0.104
streaming,cea-11,detached,intact,1,11,11,11,11,1.0,1.0,1.0,0,0,0.0,0.0,1.0,1.0,0.07282060638194242,0.0,0.005801136363636363,0.005164772727272727,0.111375,0.104
fixed,cea-11,detached,intact,1,11,18,8,4,0.2222222222222222,0.36363636363636365,0.27586206896551724,6,2,0.5454545454545454,0.18181818181818182,0.7272727272727273,0.7272727272727273,0.0024952688429724645,0.0,0.01559375,0.0165625,0.005875,0.0
oracle-boundary,cea-11,detached,intact,1,11,11,11,11,1.0,1.0,1.0,0,0,0.0,0.0,1.0,1.0,0.005655517743409242,0.0,0.0,0.0,0.0509375,0.0509375
map,cea-11,legato,intact,0,11,12,11,11,0.9166666666666666,1.0,0.9565217391304348,0,0,0.0,0.0,1.0,1.0,0.0016963367182544107,0.0,0.007903409090909091,0.008642045454545456,0.1149375,0.104
mixture,cea-11,legato,intact,0,11,12,11,11,0.9166666666666666,1.0,0.9565217391304348,0,0,0.0,0.0,1.0,1.0,0.0016963367182544107,0.0,0.007903409090909091,0.008642045454545456,0.1149375,0.104
repaired,cea-11,legato,intact,0,11,12,11,11,0.9166666666666666,1.0,0.9565217391304348,0,0,0.0,0.0,1.0,1.0,0.0015479526584278667,0.0,0.007903409090909091,0.008642045454545456,0.1149375,0.104
streaming,cea-11,legato,intact,0,11,12,11,11,0.9166666666666666,1.0,0.9565217391304348,0,0,0.0,0.0,0.7272727272727273,1.0,3.526244812544884,0.0,0.007903409090909091,0.008642045454545456,0.1149375,0.104
fixed,cea-11,legato,intact,0,11,18,8,4,0.2222222222222222,0.36363636363636365,0.27586206896551724,8,3,0.7272727272727273,0.2727272727272727,0.7272727272727273,0.7272727272727273,0.0020564267895135657,0.0,0.01559375,0.0165625,0.005875,0.0
oracle-boundary,cea-11,legato,intact,0,11,11,11,11,1.0,1.0,1.0,0,0,0.0,0.0,1.0,1.0,0.0015613053487283873,0.0,0.0,0.0,0.0509375,0.0509375
map,cea-11,legato,intact,1,11,12,11,11,0.9166666666666666,1.0,0.9565217391304348,0,0,0.0,0.0,1.0,1.0,0.0017323995040137354,0.0,0.007903409090909091,0.009176136363636362,0.1149375,0.1
mixture,cea-11,legato,intact,1,11,12,11,11,0.9166666666666666,1.0,0.9565217391304348,0,0,0.0,0.0,1.0,1.0,0.0017323995040137354,0.0,0.007903409090909091,0.009176136363636362,0.1149375,0.1
repaired,cea-11,legato,intact,1,11,12,11,11,0.9166666666666666,1.0,0.9565217391304348,0,0,0.0,0.0,1.0,1.0,0.0014706793887471808,0.0,0.007903409090909091,0.009176136363636362,0.1149375,0.1
streaming,cea-11,legato,intact,1,11,12,11,11,0.9166666666666666,1.0,0.9565217391304348,0,0,0.0,0.0,0.7272727272727273,1.0,3.5252898629511495,0.0,0.007903409090909091,0.009176136363636362,0.1149375,0.1
fixed,cea-11,legato,intact,1,11,18,8,4,0.2222222222222222,0.36363636363636365,0.27586206896551724,8,3,0.7272727272727273,0.2727272727272727,0.7272727272727273,0.7272727272727273,0.0023157391864367938,0.0,0.01559375,0.0165625,0.005875,0.0
oracle-boundary,cea-11,legato,intact,1,11,11,11,11,1.0,1.0,1.0,0,0,0.0,0.0,1.0,1.0,0.0015613053487283873,0.0,0.0,0.0,0.0509375,0.0509375
map,cea-11,duration,intact,0,11,12,11,11,0.9166666666666666,1.0,0.9565217391304348,0,0,0.0,0.0,1.0,1.0,0.004168587593424048,0.0,0.008579545454545454,0.009079545454545453,0.111125,0.1
mixture,cea-11,duration,intact,0,11,12,11,11,0.9166666666666666,1.0,0.9565217391304348,0,0,0.0,0.0,1.0,1.0,0.004168587593424048,0.0,0.008579545454545454,0.009079545454545453,0.111125,0.1
repaired,cea-11,duration,intact,0,11,12,11,11,0.9166666666666666,1.0,0.9565217391304348,0,0,0.0,0.0,0.9090909090909091,0.9090909090909091,0.0014723349435119104,0.0,0.008579545454545454,0.009079545454545453,0.111125,0.1
streaming,cea-11,duration,intact,0,11,12,11,11,0.9166666666666666,1.0,0.9565217391304348,0,0,0.0,0.0,0.7272727272727273,1.0,3.534266904019839,0.0,0.008579545454545454,0.009079545454545453,0.111125,0.1
fixed,cea-11,duration,intact,0,11,17,8,1,0.058823529411764705,0.09090909090909091,0.07142857142857142,8,3,0.7272727272727273,0.2727272727272727,0.7272727272727273,0.7272727272727273,0.03363437974080874,0.0,0.017718750000000002,0.022078125,-0.00175,0.0
oracle-boundary,cea-11,duration,intact,0,11,11,11,11,1.0,1.0,1.0,0,0,0.0,0.0,1.0,1.0,0.001558782804323755,0.0,0.0,0.0,0.06225,0.06225
map,cea-11,duration,intact,1,11,12,11,11,0.9166666666666666,1.0,0.9565217391304348,0,0,0.0,0.0,1.0,1.0,0.004076847090712412,0.0,0.008579545454545456,0.009284090909090909,0.111125,0.096
mixture,cea-11,duration,intact,1,11,12,11,11,0.9166666666666666,1.0,0.9565217391304348,0,0,0.0,0.0,1.0,1.0,0.004076847090712412,0.0,0.008579545454545456,0.009284090909090909,0.111125,0.096
repaired,cea-11,duration,intact,1,11,12,11,11,0.9166666666666666,1.0,0.9565217391304348,0,0,0.0,0.0,1.0,1.0,0.001791918372803862,0.0,0.008579545454545456,0.009284090909090909,0.111125,0.096
streaming,cea-11,duration,intact,1,11,12,11,11,0.9166666666666666,1.0,0.9565217391304348,0,0,0.0,0.0,0.7272727272727273,1.0,3.53335671254794,0.0,0.008579545454545456,0.009284090909090909,0.111125,0.096
fixed,cea-11,duration,intact,1,11,17,8,1,0.058823529411764705,0.09090909090909091,0.07142857142857142,8,3,0.7272727272727273,0.2727272727272727,0.7272727272727273,0.7272727272727273,0.03383013967253001,0.0,0.017718750000000002,0.022078125,-0.00175,0.0
oracle-boundary,cea-11,duration,intact,1,11,11,11,11,1.0,1.0,1.0,0,0,0.0,0.0,1.0,1.0,0.001558782804323755,0.0,0.0,0.0,0.06225,0.06225
map,cea-11,joint,intact,0,11,12,11,11,0.9166666666666666,1.0,0.9565217391304348,0,0,0.0,0.0,1.0,1.0,0.0050053053289195884,0.0,0.008579545454545454,0.00871590909090909,0.111125,0.1
mixture,cea-11,joint,intact,0,11,12,11,11,0.9166666666666666,1.0,0.9565217391304348,0,0,0.0,0.0,1.0,1.0,0.0050053053289195884,0.0,0.008579545454545454,0.00871590909090909,0.111125,0.1
repaired,cea-11,joint,intact,0,11,12,11,11,0.9166666666666666,1.0,0.9565217391304348,0,0,0.0,0.0,1.0,1.0,0.0035963625335507484,0.0,0.008579545454545454,0.00871590909090909,0.111125,0.1
streaming,cea-11,joint,intact,0,11,12,11,11,0.9166666666666666,1.0,0.9565217391304348,0,0,0.0,0.0,0.7272727272727273,1.0,5.217717725487798,0.0,0.008579545454545454,0.00871590909090909,0.111125,0.1
fixed,cea-11,joint,intact,0,11,17,8,1,0.058823529411764705,0.09090909090909091,0.07142857142857142,8,3,0.7272727272727273,0.2727272727272727,0.7272727272727273,0.7272727272727273,0.02309030788034594,0.0,0.017718750000000002,0.022078125,-0.00175,0.0
oracle-boundary,cea-11,joint,intact,0,11,11,11,11,1.0,1.0,1.0,0,0,0.0,0.0,1.0,1.0,0.003545502547494356,0.0,0.0,0.0,0.06225,0.06225
map,cea-11,joint,intact,1,11,12,11,11,0.9166666666666666,1.0,0.9565217391304348,0,0,0.0,0.0,1.0,1.0,0.004912587158808954,0.0,0.008579545454545456,0.008920454545454544,0.111125,0.096
mixture,cea-11,joint,intact,1,11,12,11,11,0.9166666666666666,1.0,0.9565217391304348,0,0,0.0,0.0,1.0,1.0,0.004912587158808954,0.0,0.008579545454545456,0.008920454545454544,0.111125,0.096
repaired,cea-11,joint,intact,1,11,12,11,11,0.9166666666666666,1.0,0.9565217391304348,0,0,0.0,0.0,1.0,1.0,0.003637058258276679,0.0,0.008579545454545456,0.008920454545454544,0.111125,0.096
streaming,cea-11,joint,intact,1,11,12,11,11,0.9166666666666666,1.0,0.9565217391304348,0,0,0.0,0.0,0.7272727272727273,1.0,5.217024971068505,0.0,0.008579545454545456,0.008920454545454544,0.111125,0.096
fixed,cea-11,joint,intact,1,11,17,8,1,0.058823529411764705,0.09090909090909091,0.07142857142857142,8,3,0.7272727272727273,0.2727272727272727,0.7272727272727273,0.7272727272727273,0.023163010783255444,0.0,0.017718750000000002,0.022078125,-0.00175,0.0
oracle-boundary,cea-11,joint,intact,1,11,11,11,11,1.0,1.0,1.0,0,0,0.0,0.0,1.0,1.0,0.003545502547494356,0.0,0.0,0.0,0.06225,0.06225
map,cea-11,joint,reset,0,3,3,3,3,1.0,1.0,1.0,0,0,0.0,0.0,1.0,1.0,0.005619272483340154,0.0,0.006458333333333333,0.008666666666666668,0.093125,0.08
mixture,cea-11,joint,reset,0,3,3,3,3,1.0,1.0,1.0,0,0,0.0,0.0,1.0,1.0,0.005619272483340154,0.0,0.006458333333333333,0.008666666666666668,0.093125,0.08
repaired,cea-11,joint,reset,0,3,3,3,3,1.0,1.0,1.0,0,0,0.0,0.0,1.0,1.0,0.0016789936134884442,0.0,0.006458333333333333,0.008666666666666668,0.093125,0.08
streaming,cea-11,joint,reset,0,3,3,3,3,1.0,1.0,1.0,0,0,0.0,0.0,0.6666666666666666,1.0,6.341631243278723,0.0,0.006458333333333333,0.008666666666666668,0.093125,0.08
fixed,cea-11,joint,reset,0,3,5,2,0,0.0,0.0,0.0,3,1,1.0,0.3333333333333333,0.6666666666666666,0.6666666666666666,0.0016759784017192914,0.0,0.015437500000000002,0.0251875,-0.0155,0.0
oracle-boundary,cea-11,joint,reset,0,3,3,3,3,1.0,1.0,1.0,0,0,0.0,0.0,1.0,1.0,0.0013370488404866876,0.0,0.0,0.0,0.0485,0.0485
map,cea-11,joint,reset,1,3,3,3,3,1.0,1.0,1.0,0,0,0.0,0.0,1.0,1.0,0.005619272483340154,0.0,0.006458333333333333,0.008666666666666668,0.093125,0.08
mixture,cea-11,joint,reset,1,3,3,3,3,1.0,1.0,1.0,0,0,0.0,0.0,1.0,1.0,0.005619272483340154,0.0,0.006458333333333333,0.008666666666666668,0.093125,0.08
repaired,cea-11,joint,reset,1,3,3,3,3,1.0,1.0,1.0,0,0,0.0,0.0,1.0,1.0,0.0016789936134884442,0.0,0.006458333333333333,0.008666666666666668,0.093125,0.08
streaming,cea-11,joint,reset,1,3,3,3,3,1.0,1.0,1.0,0,0,0.0,0.0,0.6666666666666666,1.0,6.341631243278723,0.0,0.006458333333333333,0.008666666666666668,0.093125,0.08
fixed,cea-11,joint,reset,1,3,5,2,0,0.0,0.0,0.0,3,1,1.0,0.3333333333333333,0.6666666666666666,0.6666666666666666,0.0016759784017192914,0.0,0.015437500000000002,0.0251875,-0.0155,0.0
oracle-boundary,cea-11,joint,reset,1,3,3,3,3,1.0,1.0,1.0,0,0,0.0,0.0,1.0,1.0,0.0013370488404866876,0.0,0.0,0.0,0.0485,0.0485
map,cea-11,joint,removal,0,9,9,9,9,1.0,1.0,1.0,0,0,0.0,0.0,1.0,1.0,0.00501441000987531,0.0,0.007541666666666667,0.009347222222222222,0.0968125,0.084
mixture,cea-11,joint,removal,0,9,9,9,9,1.0,1.0,1.0,0,0,0.0,0.0,1.0,1.0,0.00501441000987531,0.0,0.007541666666666667,0.009347222222222222,0.0968125,0.084
repaired,cea-11,joint,removal,0,9,9,9,9,1.0,1.0,1.0,0,0,0.0,0.0,1.0,1.0,0.003127383382174603,0.0,0.007541666666666667,0.009347222222222222,0.0968125,0.084
streaming,cea-11,joint,removal,0,9,9,9,9,1.0,1.0,1.0,0,0,0.0,0.0,0.6666666666666666,1.0,6.367055527160152,0.0,0.007541666666666667,0.009347222222222222,0.0968125,0.084
fixed,cea-11,joint,removal,0,9,14,6,0,0.0,0.0,0.0,7,2,0.7777777777777778,0.2222222222222222,0.6666666666666666,0.6666666666666666,0.028741665173849757,0.0,0.015208333333333332,0.026333333333333334,-0.01225,0.0
oracle-boundary,cea-11,joint,removal,0,9,9,9,9,1.0,1.0,1.0,0,0,0.0,0.0,1.0,1.0,0.002867289767534784,0.0,0.0,0.0,0.05175,0.05175
map,cea-11,joint,removal,1,9,9,9,9,1.0,1.0,1.0,0,0,0.0,0.0,1.0,1.0,0.00501441000987531,0.0,0.007541666666666667,0.009347222222222222,0.0968125,0.084
mixture,cea-11,joint,removal,1,9,9,9,9,1.0,1.0,1.0,0,0,0.0,0.0,1.0,1.0,0.00501441000987531,0.0,0.007541666666666667,0.009347222222222222,0.0968125,0.084
repaired,cea-11,joint,removal,1,9,9,9,9,1.0,1.0,1.0,0,0,0.0,0.0,1.0,1.0,0.003127383382174603,0.0,0.007541666666666667,0.009347222222222222,0.0968125,0.084
streaming,cea-11,joint,removal,1,9,9,9,9,1.0,1.0,1.0,0,0,0.0,0.0,0.6666666666666666,1.0,6.367055527160152,0.0,0.007541666666666667,0.009347222222222222,0.0968125,0.084
fixed,cea-11,joint,removal,1,9,14,6,0,0.0,0.0,0.0,7,2,0.7777777777777778,0.2222222222222222,0.6666666666666666,0.6666666666666666,0.028741665173849757,0.0,0.015208333333333332,0.026333333333333334,-0.01225,0.0
oracle-boundary,cea-11,joint,removal,1,9,9,9,9,1.0,1.0,1.0,0,0,0.0,0.0,1.0,1.0,0.002867289767534784,0.0,0.0,0.0,0.05175,0.05175
map,cea-11,joint,swap,0,11,12,11,11,0.9166666666666666,1.0,0.9565217391304348,0,0,0.0,0.0,1.0,1.0,0.004912587158808954,0.0,0.008579545454545456,0.008920454545454544,0.111125,0.096
mixture,cea-11,joint,swap,0,11,12,11,11,0.9166666666666666,1.0,0.9565217391304348,0,0,0.0,0.0,1.0,1.0,0.004912587158808954,0.0,0.008579545454545456,0.008920454545454544,0.111125,0.096
repaired,cea-11,joint,swap,0,11,12,11,11,0.9166666666666666,1.0,0.9565217391304348,0,0,0.0,0.0,1.0,1.0,0.003637058258276679,0.0,0.008579545454545456,0.008920454545454544,0.111125,0.096
streaming,cea-11,joint,swap,0,11,12,11,11,0.9166666666666666,1.0,0.9565217391304348,0,0,0.0,0.0,0.7272727272727273,1.0,5.217024971068505,0.0,0.008579545454545456,0.008920454545454544,0.111125,0.096
fixed,cea-11,joint,swap,0,11,17,8,1,0.058823529411764705,0.09090909090909091,0.07142857142857142,8,3,0.7272727272727273,0.2727272727272727,0.7272727272727273,0.7272727272727273,0.023163010783255444,0.0,0.017718750000000002,0.022078125,-0.00175,0.0
oracle-boundary,cea-11,joint,swap,0,11,11,11,11,1.0,1.0,1.0,0,0,0.0,0.0,1.0,1.0,0.003545502547494356,0.0,0.0,0.0,0.06225,0.06225
map,cea-11,joint,swap,1,11,12,11,11,0.9166666666666666,1.0,0.9565217391304348,0,0,0.0,0.0,1.0,1.0,0.0050053053289195884,0.0,0.008579545454545454,0.00871590909090909,0.111125,0.1
mixture,cea-11,joint,swap,1,11,12,11,11,0.9166666666666666,1.0,0.9565217391304348,0,0,0.0,0.0,1.0,1.0,0.0050053053289195884,0.0,0.008579545454545454,0.00871590909090909,0.111125,0.1
repaired,cea-11,joint,swap,1,11,12,11,11,0.9166666666666666,1.0,0.9565217391304348,0,0,0.0,0.0,1.0,1.0,0.0035963625335507484,0.0,0.008579545454545454,0.00871590909090909,0.111125,0.1
streaming,cea-11,joint,swap,1,11,12,11,11,0.9166666666666666,1.0,0.9565217391304348,0,0,0.0,0.0,0.7272727272727273,1.0,5.217717725487798,0.0,0.008579545454545454,0.00871590909090909,0.111125,0.1
fixed,cea-11,joint,swap,1,11,17,8,1,0.058823529411764705,0.09090909090909091,0.07142857142857142,8,3,0.7272727272727273,0.2727272727272727,0.7272727272727273,0.7272727272727273,0.02309030788034594,0.0,0.017718750000000002,0.022078125,-0.00175,0.0
oracle-boundary,cea-11,joint,swap,1,11,11,11,11,1.0,1.0,1.0,0,0,0.0,0.0,1.0,1.0,0.003545502547494356,0.0,0.0,0.0,0.06225,0.06225
map,cea-11,joint,shuffle,0,11,12,11,11,0.9166666666666666,1.0,0.9565217391304348,0,0,0.0,0.0,1.0,1.0,0.005496086302160757,0.0,0.008625,0.008965909090909092,0.111125,0.096
mixture,cea-11,joint,shuffle,0,11,12,11,11,0.9166666666666666,1.0,0.9565217391304348,0,0,0.0,0.0,1.0,1.0,0.005496086302160757,0.0,0.008625,0.008965909090909092,0.111125,0.096
repaired,cea-11,joint,shuffle,0,11,12,11,11,0.9166666666666666,1.0,0.9565217391304348,0,0,0.0,0.0,1.0,1.0,0.00355403804373531,0.0,0.008625,0.008965909090909092,0.111125,0.096
streaming,cea-11,joint,shuffle,0,11,12,11,11,0.9166666666666666,1.0,0.9565217391304348,0,0,0.0,0.0,0.7272727272727273,1.0,5.215935723936041,0.0,0.008625,0.008965909090909092,0.111125,0.096
fixed,cea-11,joint,shuffle,0,11,17,8,1,0.058823529411764705,0.09090909090909091,0.07142857142857142,9,4,0.8181818181818182,0.36363636363636365,0.7272727272727273,0.7272727272727273,0.02462659060542549,0.0,0.017718750000000002,0.022078125,-0.00175,0.0
oracle-boundary,cea-11,joint,shuffle,0,11,11,11,11,1.0,1.0,1.0,0,0,0.0,0.0,1.0,1.0,0.003545502547494356,0.0,0.0,0.0,0.06225,0.06225
map,cea-11,joint,shuffle,1,11,12,11,11,0.9166666666666666,1.0,0.9565217391304348,0,0,0.0,0.0,1.0,1.0,0.00554233832639639,0.0,0.008625,0.008761363636363635,0.111125,0.1
mixture,cea-11,joint,shuffle,1,11,12,11,11,0.9166666666666666,1.0,0.9565217391304348,0,0,0.0,0.0,1.0,1.0,0.00554233832639639,0.0,0.008625,0.008761363636363635,0.111125,0.1
repaired,cea-11,joint,shuffle,1,11,12,11,11,0.9166666666666666,1.0,0.9565217391304348,0,0,0.0,0.0,1.0,1.0,0.003510073953346258,0.0,0.008625,0.008761363636363635,0.111125,0.1
streaming,cea-11,joint,shuffle,1,11,12,11,11,0.9166666666666666,1.0,0.9565217391304348,0,0,0.0,0.0,0.7272727272727273,1.0,5.220100361889063,0.0,0.008625,0.008761363636363635,0.111125,0.1
fixed,cea-11,joint,shuffle,1,11,17,8,1,0.058823529411764705,0.09090909090909091,0.07142857142857142,9,4,0.8181818181818182,0.36363636363636365,0.7272727272727273,0.7272727272727273,0.024553887702515986,0.0,0.017718750000000002,0.022078125,-0.00175,0.0
oracle-boundary,cea-11,joint,shuffle,1,11,11,11,11,1.0,1.0,1.0,0,0,0.0,0.0,1.0,1.0,0.003545502547494356,0.0,0.0,0.0,0.06225,0.06225
map,cea-11,joint,ambiguous,0,11,12,11,11,0.9166666666666666,1.0,0.9565217391304348,0,0,0.0,0.0,1.0,1.0,0.005991328111511313,0.0,0.007897727272727273,0.008034090909090909,0.111125,0.1
mixture,cea-11,joint,ambiguous,0,11,12,11,11,0.9166666666666666,1.0,0.9565217391304348,0,0,0.0,0.0,1.0,1.0,0.005991328111511313,0.0,0.007897727272727273,0.008034090909090909,0.111125,0.1
repaired,cea-11,joint,ambiguous,0,11,12,11,11,0.9166666666666666,1.0,0.9565217391304348,0,0,0.0,0.0,1.0,1.0,0.003676673932655593,0.0,0.007897727272727273,0.008034090909090909,0.111125,0.1
streaming,cea-11,joint,ambiguous,0,11,12,11,11,0.9166666666666666,1.0,0.9565217391304348,0,0,0.0,0.0,0.7272727272727273,1.0,5.1980152425450425,0.0,0.007897727272727273,0.008034090909090909,0.111125,0.1
fixed,cea-11,joint,ambiguous,0,11,18,8,1,0.05555555555555555,0.09090909090909091,0.06896551724137931,10,4,0.9090909090909091,0.36363636363636365,0.7272727272727273,0.7272727272727273,0.024761086054227555,0.0,0.017718750000000002,0.022078125,-0.00175,0.0
oracle-boundary,cea-11,joint,ambiguous,0,11,11,11,11,1.0,1.0,1.0,0,0,0.0,0.0,1.0,1.0,0.003665156147254772,0.0,0.0,0.0,0.06225,0.06225
map,cea-11,joint,ambiguous,1,11,12,11,11,0.9166666666666666,1.0,0.9565217391304348,0,0,0.0,0.0,1.0,1.0,0.005991328111511313,0.0,0.007897727272727273,0.008034090909090909,0.111125,0.1
mixture,cea-11,joint,ambiguous,1,11,12,11,11,0.9166666666666666,1.0,0.9565217391304348,0,0,0.0,0.0,1.0,1.0,0.005991328111511313,0.0,0.007897727272727273,0.008034090909090909,0.111125,0.1
repaired,cea-11,joint,ambiguous,1,11,12,11,11,0.9166666666666666,1.0,0.9565217391304348,0,0,0.0,0.0,1.0,1.0,0.003676673932655593,0.0,0.007897727272727273,0.008034090909090909,0.111125,0.1
streaming,cea-11,joint,ambiguous,1,11,12,11,11,0.9166666666666666,1.0,0.9565217391304348,0,0,0.0,0.0,0.7272727272727273,1.0,5.1980152425450425,0.0,0.007897727272727273,0.008034090909090909,0.111125,0.1
fixed,cea-11,joint,ambiguous,1,11,18,8,1,0.05555555555555555,0.09090909090909091,0.06896551724137931,10,4,0.9090909090909091,0.36363636363636365,0.7272727272727273,0.7272727272727273,0.024761086054227555,0.0,0.017718750000000002,0.022078125,-0.00175,0.0
oracle-boundary,cea-11,joint,ambiguous,1,11,11,11,11,1.0,1.0,1.0,0,0,0.0,0.0,1.0,1.0,0.003665156147254772,0.0,0.0,0.0,0.06225,0.06225
map,cea-12,detached,intact,0,11,11,11,11,1.0,1.0,1.0,0,0,0.0,0.0,0.9090909090909091,0.9090909090909091,0.004167229785932654,0.0,0.0073750000000000005,0.010164772727272725,0.0809375,0.084
mixture,cea-12,detached,intact,0,11,11,11,11,1.0,1.0,1.0,0,0,0.0,0.0,0.9090909090909091,0.9090909090909091,0.004167229785932654,0.0,0.0073750000000000005,0.010164772727272725,0.0809375,0.084
repaired,cea-12,detached,intact,0,11,11,11,11,1.0,1.0,1.0,0,0,0.0,0.0,1.0,1.0,0.009422971166271948,0.0,0.0073750000000000005,0.010164772727272725,0.0809375,0.084
streaming,cea-12,detached,intact,0,11,11,11,11,1.0,1.0,1.0,0,0,0.0,0.0,1.0,1.0,0.057466231795116854,0.0,0.0073750000000000005,0.010164772727272725,0.0809375,0.084
fixed,cea-12,detached,intact,0,11,10,8,4,0.4,0.36363636363636365,0.38095238095238093,1,0,0.09090909090909091,0.0,0.7272727272727273,0.7272727272727273,0.007186648585184178,0.0,0.014875,0.01725,0.004375,0.0
oracle-boundary,cea-12,detached,intact,0,11,11,11,11,1.0,1.0,1.0,0,0,0.0,0.0,1.0,1.0,0.009732635528342597,0.0,0.0,0.0,0.0635,0.0635
map,cea-12,detached,intact,1,11,11,11,11,1.0,1.0,1.0,0,0,0.0,0.0,0.9090909090909091,0.9090909090909091,0.004165362711907756,0.0,0.0073750000000000005,0.009801136363636364,0.0809375,0.076
mixture,cea-12,detached,intact,1,11,11,11,11,1.0,1.0,1.0,0,0,0.0,0.0,0.9090909090909091,0.9090909090909091,0.004165362711907756,0.0,0.0073750000000000005,0.009801136363636364,0.0809375,0.076
repaired,cea-12,detached,intact,1,11,11,11,11,1.0,1.0,1.0,0,0,0.0,0.0,1.0,1.0,0.011319421841131983,0.0,0.0073750000000000005,0.009801136363636364,0.0809375,0.076
streaming,cea-12,detached,intact,1,11,11,11,11,1.0,1.0,1.0,0,0,0.0,0.0,1.0,1.0,0.06339347791562926,0.0,0.0073750000000000005,0.009801136363636364,0.0809375,0.076
fixed,cea-12,detached,intact,1,11,10,8,4,0.4,0.36363636363636365,0.38095238095238093,1,0,0.09090909090909091,0.0,0.7272727272727273,0.7272727272727273,0.010284845395022262,0.0,0.014875,0.01725,0.004375,0.0
oracle-boundary,cea-12,detached,intact,1,11,11,11,11,1.0,1.0,1.0,0,0,0.0,0.0,1.0,1.0,0.009732635528342597,0.0,0.0,0.0,0.0635,0.0635
map,cea-12,legato,intact,0,11,11,11,11,1.0,1.0,1.0,0,0,0.0,0.0,0.9090909090909091,0.9090909090909091,0.0013348254629247877,0.0,0.008897727272727272,0.010164772727272725,0.0809375,0.076
mixture,cea-12,legato,intact,0,11,11,11,11,1.0,1.0,1.0,0,0,0.0,0.0,0.9090909090909091,0.9090909090909091,0.0013348254629247877,0.0,0.008897727272727272,0.010164772727272725,0.0809375,0.076
repaired,cea-12,legato,intact,0,11,11,11,11,1.0,1.0,1.0,0,0,0.0,0.0,1.0,1.0,0.002146650881613883,0.0,0.008897727272727272,0.010164772727272725,0.0809375,0.076
streaming,cea-12,legato,intact,0,11,11,11,11,1.0,1.0,1.0,0,0,0.0,0.0,0.36363636363636365,0.6363636363636364,7.133835204508123,0.09090909090909091,0.008897727272727272,0.010164772727272725,0.0809375,0.076
fixed,cea-12,legato,intact,0,11,10,8,4,0.4,0.36363636363636365,0.38095238095238093,1,0,0.09090909090909091,0.0,0.7272727272727273,0.7272727272727273,0.008442365097226755,0.0,0.014875,0.01725,0.004375,0.0
oracle-boundary,cea-12,legato,intact,0,11,11,11,11,1.0,1.0,1.0,0,0,0.0,0.0,1.0,1.0,0.00016931653539021017,0.0,0.0,0.0,0.0635,0.0635
map,cea-12,legato,intact,1,11,11,11,11,1.0,1.0,1.0,0,0,0.0,0.0,0.9090909090909091,0.9090909090909091,0.001901930777364674,0.0,0.008897727272727272,0.009869318181818182,0.0809375,0.076
mixture,cea-12,legato,intact,1,11,11,11,11,1.0,1.0,1.0,0,0,0.0,0.0,0.9090909090909091,0.9090909090909091,0.001901930777364674,0.0,0.008897727272727272,0.009869318181818182,0.0809375,0.076
repaired,cea-12,legato,intact,1,11,11,11,11,1.0,1.0,1.0,0,0,0.0,0.0,1.0,1.0,0.0034295479503637168,0.0,0.008897727272727272,0.009869318181818182,0.0809375,0.076
streaming,cea-12,legato,intact,1,11,11,11,11,1.0,1.0,1.0,0,0,0.0,0.0,0.36363636363636365,0.6363636363636364,7.134898024908465,0.09090909090909091,0.008897727272727272,0.009869318181818182,0.0809375,0.076
fixed,cea-12,legato,intact,1,11,10,8,4,0.4,0.36363636363636365,0.38095238095238093,1,0,0.09090909090909091,0.0,0.7272727272727273,0.7272727272727273,0.00796195401729654,0.0,0.014875,0.01725,0.004375,0.0
oracle-boundary,cea-12,legato,intact,1,11,11,11,11,1.0,1.0,1.0,0,0,0.0,0.0,1.0,1.0,0.00016931653539021017,0.0,0.0,0.0,0.0635,0.0635
map,cea-12,duration,intact,0,11,11,11,11,1.0,1.0,1.0,0,0,0.0,0.0,0.9090909090909091,0.9090909090909091,0.009277290876087665,0.0,0.00986931818181818,0.010818181818181817,0.0914375,0.092
mixture,cea-12,duration,intact,0,11,11,11,11,1.0,1.0,1.0,0,0,0.0,0.0,0.9090909090909091,0.9090909090909091,0.009277290876087665,0.0,0.00986931818181818,0.010818181818181817,0.0914375,0.092
repaired,cea-12,duration,intact,0,11,11,11,11,1.0,1.0,1.0,0,0,0.0,0.0,1.0,1.0,0.00033353731134761795,0.0,0.00986931818181818,0.010818181818181817,0.0914375,0.092
streaming,cea-12,duration,intact,0,11,11,11,11,1.0,1.0,1.0,0,0,0.0,0.0,0.45454545454545453,0.8181818181818182,5.652771004727425,0.09090909090909091,0.00986931818181818,0.010818181818181817,0.0914375,0.092
fixed,cea-12,duration,intact,0,11,10,7,1,0.1,0.09090909090909091,0.09523809523809523,0,0,0.0,0.0,0.6363636363636364,0.6363636363636364,0.005962896673481278,0.0,0.018151785714285714,0.021955357142857145,-0.00325,0.0
oracle-boundary,cea-12,duration,intact,0,11,11,11,11,1.0,1.0,1.0,0,0,0.0,0.0,1.0,1.0,0.00014767622493805355,0.0,0.0,0.0,0.06075,0.06075
map,cea-12,duration,intact,1,11,11,11,11,1.0,1.0,1.0,0,0,0.0,0.0,0.9090909090909091,0.9090909090909091,0.006026736086276843,0.0,0.00986931818181818,0.010522727272727272,0.0914375,0.092
mixture,cea-12,duration,intact,1,11,11,11,11,1.0,1.0,1.0,0,0,0.0,0.0,0.9090909090909091,0.9090909090909091,0.006026736086276843,0.0,0.00986931818181818,0.010522727272727272,0.0914375,0.092
repaired,cea-12,duration,intact,1,11,11,11,11,1.0,1.0,1.0,0,0,0.0,0.0,1.0,1.0,0.0005020549095791118,0.0,0.00986931818181818,0.010522727272727272,0.0914375,0.092
streaming,cea-12,duration,intact,1,11,11,11,11,1.0,1.0,1.0,0,0,0.0,0.0,0.5454545454545454,0.8181818181818182,5.653132597788062,0.09090909090909091,0.00986931818181818,0.010522727272727272,0.0914375,0.092
fixed,cea-12,duration,intact,1,11,9,7,1,0.1111111111111111,0.09090909090909091,0.1,0,0,0.0,0.0,0.6363636363636364,0.6363636363636364,0.005936982884163821,0.0,0.018151785714285714,0.021955357142857145,-0.00325,0.0
oracle-boundary,cea-12,duration,intact,1,11,11,11,11,1.0,1.0,1.0,0,0,0.0,0.0,1.0,1.0,0.00014767622493805355,0.0,0.0,0.0,0.06075,0.06075
map,cea-12,joint,intact,0,11,11,11,11,1.0,1.0,1.0,0,0,0.0,0.0,0.9090909090909091,0.9090909090909091,0.009731667086356283,0.0,0.010232954545454545,0.01118181818181818,0.0914375,0.092
mixture,cea-12,joint,intact,0,11,11,11,11,1.0,1.0,1.0,0,0,0.0,0.0,0.9090909090909091,0.9090909090909091,0.009731667086356283,0.0,0.010232954545454545,0.01118181818181818,0.0914375,0.092
repaired,cea-12,joint,intact,0,11,11,11,11,1.0,1.0,1.0,0,0,0.0,0.0,1.0,1.0,0.0003250298455056972,0.0,0.010232954545454545,0.01118181818181818,0.0914375,0.092
streaming,cea-12,joint,intact,0,11,11,11,11,1.0,1.0,1.0,0,0,0.0,0.0,0.45454545454545453,0.8181818181818182,4.877235115068602,0.18181818181818182,0.010232954545454545,0.01118181818181818,0.0914375,0.092
fixed,cea-12,joint,intact,0,11,10,7,1,0.1,0.09090909090909091,0.09523809523809523,0,0,0.0,0.0,0.6363636363636364,0.6363636363636364,0.004568129974714163,0.0,0.018151785714285714,0.021955357142857145,-0.00325,0.0
oracle-boundary,cea-12,joint,intact,0,11,11,11,11,1.0,1.0,1.0,0,0,0.0,0.0,1.0,1.0,0.00014165932241227438,0.0,0.0,0.0,0.06075,0.06075
map,cea-12,joint,intact,1,11,11,11,11,1.0,1.0,1.0,0,0,0.0,0.0,0.9090909090909091,0.9090909090909091,0.006481112296545461,0.0,0.010232954545454545,0.010886363636363637,0.0914375,0.092
mixture,cea-12,joint,intact,1,11,11,11,11,1.0,1.0,1.0,0,0,0.0,0.0,0.9090909090909091,0.9090909090909091,0.006481112296545461,0.0,0.010232954545454545,0.010886363636363637,0.0914375,0.092
repaired,cea-12,joint,intact,1,11,11,11,11,1.0,1.0,1.0,0,0,0.0,0.0,1.0,1.0,0.0004935474437371912,0.0,0.010232954545454545,0.010886363636363637,0.0914375,0.092
streaming,cea-12,joint,intact,1,11,11,11,11,1.0,1.0,1.0,0,0,0.0,0.0,0.5454545454545454,0.8181818181818182,4.877596708129238,0.18181818181818182,0.010232954545454545,0.010886363636363637,0.0914375,0.092
fixed,cea-12,joint,intact,1,11,9,7,1,0.1111111111111111,0.09090909090909091,0.1,0,0,0.0,0.0,0.6363636363636364,0.6363636363636364,0.004542216185396707,0.0,0.018151785714285714,0.021955357142857145,-0.00325,0.0
oracle-boundary,cea-12,joint,intact,1,11,11,11,11,1.0,1.0,1.0,0,0,0.0,0.0,1.0,1.0,0.00014165932241227438,0.0,0.0,0.0,0.06075,0.06075
map,cea-12,joint,reset,0,3,3,3,3,1.0,1.0,1.0,0,0,0.0,0.0,1.0,1.0,0.0018837295877600722,0.0,0.011104166666666667,0.011916666666666666,0.0914375,0.092
mixture,cea-12,joint,reset,0,3,3,3,3,1.0,1.0,1.0,0,0,0.0,0.0,1.0,1.0,0.0018837295877600722,0.0,0.011104166666666667,0.011916666666666666,0.0914375,0.092
repaired,cea-12,joint,reset,0,3,3,3,3,1.0,1.0,1.0,0,0,0.0,0.0,1.0,1.0,0.00021847002152120963,0.0,0.011104166666666667,0.011916666666666666,0.0914375,0.092
streaming,cea-12,joint,reset,0,3,3,3,3,1.0,1.0,1.0,0,0,0.0,0.0,0.3333333333333333,0.6666666666666666,6.007646468470955,0.3333333333333333,0.011104166666666667,0.011916666666666666,0.0914375,0.092
fixed,cea-12,joint,reset,0,3,3,2,0,0.0,0.0,0.0,0,0,0.0,0.0,0.6666666666666666,0.6666666666666666,0.004749368494662756,0.0,0.01534375,0.02696875,-0.017375,0.0
oracle-boundary,cea-12,joint,reset,0,3,3,3,3,1.0,1.0,1.0,0,0,0.0,0.0,1.0,1.0,0.00012235004230717105,0.0,0.0,0.0,0.046625,0.046625
map,cea-12,joint,reset,1,3,3,3,3,1.0,1.0,1.0,0,0,0.0,0.0,1.0,1.0,0.0018837295877600722,0.0,0.011104166666666667,0.011916666666666666,0.0914375,0.092
mixture,cea-12,joint,reset,1,3,3,3,3,1.0,1.0,1.0,0,0,0.0,0.0,1.0,1.0,0.0018837295877600722,0.0,0.011104166666666667,0.011916666666666666,0.0914375,0.092
repaired,cea-12,joint,reset,1,3,3,3,3,1.0,1.0,1.0,0,0,0.0,0.0,1.0,1.0,0.00021847002152120963,0.0,0.011104166666666667,0.011916666666666666,0.0914375,0.092
streaming,cea-12,joint,reset,1,3,3,3,3,1.0,1.0,1.0,0,0,0.0,0.0,0.3333333333333333,0.6666666666666666,6.007646468470955,0.3333333333333333,0.011104166666666667,0.011916666666666666,0.0914375,0.092
fixed,cea-12,joint,reset,1,3,3,2,0,0.0,0.0,0.0,0,0,0.0,0.0,0.6666666666666666,0.6666666666666666,0.004749368494662756,0.0,0.01534375,0.02696875,-0.017375,0.0
oracle-boundary,cea-12,joint,reset,1,3,3,3,3,1.0,1.0,1.0,0,0,0.0,0.0,1.0,1.0,0.00012235004230717105,0.0,0.0,0.0,0.046625,0.046625
map,cea-12,joint,removal,0,9,9,9,9,1.0,1.0,1.0,0,0,0.0,0.0,1.0,1.0,0.006315204832381085,0.0,0.010215277777777778,0.011569444444444445,0.0955,0.1
mixture,cea-12,joint,removal,0,9,9,9,9,1.0,1.0,1.0,0,0,0.0,0.0,1.0,1.0,0.006315204832381085,0.0,0.010215277777777778,0.011569444444444445,0.0955,0.1
repaired,cea-12,joint,removal,0,9,9,9,9,1.0,1.0,1.0,0,0,0.0,0.0,1.0,1.0,0.0003619242428398043,0.0,0.010215277777777778,0.011569444444444445,0.0955,0.1
streaming,cea-12,joint,removal,0,9,9,9,9,1.0,1.0,1.0,0,0,0.0,0.0,0.4444444444444444,0.7777777777777778,6.172198352355131,0.2222222222222222,0.010215277777777778,0.011569444444444445,0.0955,0.1
fixed,cea-12,joint,removal,0,9,9,5,0,0.0,0.0,0.0,0,0,0.0,0.0,0.5555555555555556,0.5555555555555556,0.00625094406685482,0.0,0.0156875,0.0265625,-0.013375,0.0
oracle-boundary,cea-12,joint,removal,0,9,9,9,9,1.0,1.0,1.0,0,0,0.0,0.0,1.0,1.0,0.00012255104526229515,0.0,0.0,0.0,0.050625,0.050625
map,cea-12,joint,removal,1,9,9,9,9,1.0,1.0,1.0,0,0,0.0,0.0,1.0,1.0,0.006315204832381085,0.0,0.010215277777777778,0.011569444444444445,0.0955,0.1
mixture,cea-12,joint,removal,1,9,9,9,9,1.0,1.0,1.0,0,0,0.0,0.0,1.0,1.0,0.006315204832381085,0.0,0.010215277777777778,0.011569444444444445,0.0955,0.1
repaired,cea-12,joint,removal,1,9,9,9,9,1.0,1.0,1.0,0,0,0.0,0.0,1.0,1.0,0.0003619242428398043,0.0,0.010215277777777778,0.011569444444444445,0.0955,0.1
streaming,cea-12,joint,removal,1,9,9,9,9,1.0,1.0,1.0,0,0,0.0,0.0,0.4444444444444444,0.7777777777777778,6.172198352355131,0.2222222222222222,0.010215277777777778,0.011569444444444445,0.0955,0.1
fixed,cea-12,joint,removal,1,9,9,5,0,0.0,0.0,0.0,0,0,0.0,0.0,0.5555555555555556,0.5555555555555556,0.00625094406685482,0.0,0.0156875,0.0265625,-0.013375,0.0
oracle-boundary,cea-12,joint,removal,1,9,9,9,9,1.0,1.0,1.0,0,0,0.0,0.0,1.0,1.0,0.00012255104526229515,0.0,0.0,0.0,0.050625,0.050625
map,cea-12,joint,swap,0,11,11,11,11,1.0,1.0,1.0,0,0,0.0,0.0,0.9090909090909091,0.9090909090909091,0.006481112296545461,0.0,0.010232954545454545,0.010886363636363637,0.0914375,0.092
mixture,cea-12,joint,swap,0,11,11,11,11,1.0,1.0,1.0,0,0,0.0,0.0,0.9090909090909091,0.9090909090909091,0.006481112296545461,0.0,0.010232954545454545,0.010886363636363637,0.0914375,0.092
repaired,cea-12,joint,swap,0,11,11,11,11,1.0,1.0,1.0,0,0,0.0,0.0,1.0,1.0,0.0004935474437371912,0.0,0.010232954545454545,0.010886363636363637,0.0914375,0.092
streaming,cea-12,joint,swap,0,11,11,11,11,1.0,1.0,1.0,0,0,0.0,0.0,0.5454545454545454,0.8181818181818182,4.877596708129238,0.18181818181818182,0.010232954545454545,0.010886363636363637,0.0914375,0.092
fixed,cea-12,joint,swap,0,11,9,7,1,0.1111111111111111,0.09090909090909091,0.1,0,0,0.0,0.0,0.6363636363636364,0.6363636363636364,0.004542216185396707,0.0,0.018151785714285714,0.021955357142857145,-0.00325,0.0
oracle-boundary,cea-12,joint,swap,0,11,11,11,11,1.0,1.0,1.0,0,0,0.0,0.0,1.0,1.0,0.00014165932241227438,0.0,0.0,0.0,0.06075,0.06075
map,cea-12,joint,swap,1,11,11,11,11,1.0,1.0,1.0,0,0,0.0,0.0,0.9090909090909091,0.9090909090909091,0.009731667086356283,0.0,0.010232954545454545,0.01118181818181818,0.0914375,0.092
mixture,cea-12,joint,swap,1,11,11,11,11,1.0,1.0,1.0,0,0,0.0,0.0,0.9090909090909091,0.9090909090909091,0.009731667086356283,0.0,0.010232954545454545,0.01118181818181818,0.0914375,0.092
repaired,cea-12,joint,swap,1,11,11,11,11,1.0,1.0,1.0,0,0,0.0,0.0,1.0,1.0,0.0003250298455056972,0.0,0.010232954545454545,0.01118181818181818,0.0914375,0.092
streaming,cea-12,joint,swap,1,11,11,11,11,1.0,1.0,1.0,0,0,0.0,0.0,0.45454545454545453,0.8181818181818182,4.877235115068602,0.18181818181818182,0.010232954545454545,0.01118181818181818,0.0914375,0.092
fixed,cea-12,joint,swap,1,11,10,7,1,0.1,0.09090909090909091,0.09523809523809523,0,0,0.0,0.0,0.6363636363636364,0.6363636363636364,0.004568129974714163,0.0,0.018151785714285714,0.021955357142857145,-0.00325,0.0
oracle-boundary,cea-12,joint,swap,1,11,11,11,11,1.0,1.0,1.0,0,0,0.0,0.0,1.0,1.0,0.00014165932241227438,0.0,0.0,0.0,0.06075,0.06075
map,cea-12,joint,shuffle,0,11,11,11,11,1.0,1.0,1.0,0,0,0.0,0.0,0.9090909090909091,0.9090909090909091,0.005762733954340952,0.0,0.00986931818181818,0.010522727272727272,0.0914375,0.092
mixture,cea-12,joint,shuffle,0,11,11,11,11,1.0,1.0,1.0,0,0,0.0,0.0,0.9090909090909091,0.9090909090909091,0.005762733954340952,0.0,0.00986931818181818,0.010522727272727272,0.0914375,0.092
repaired,cea-12,joint,shuffle,0,11,11,11,11,1.0,1.0,1.0,0,0,0.0,0.0,1.0,1.0,0.00048165088063520763,0.0,0.00986931818181818,0.010522727272727272,0.0914375,0.092
streaming,cea-12,joint,shuffle,0,11,11,11,11,1.0,1.0,1.0,0,0,0.0,0.0,0.6363636363636364,0.9090909090909091,4.402595549380466,0.18181818181818182,0.00986931818181818,0.010522727272727272,0.0914375,0.092
fixed,cea-12,joint,shuffle,0,11,9,7,1,0.1111111111111111,0.09090909090909091,0.1,0,0,0.0,0.0,0.6363636363636364,0.6363636363636364,0.004576248711487623,0.0,0.018151785714285714,0.021955357142857145,-0.00325,0.0
oracle-boundary,cea-12,joint,shuffle,0,11,11,11,11,1.0,1.0,1.0,0,0,0.0,0.0,1.0,1.0,0.00014165932241227438,0.0,0.0,0.0,0.06075,0.06075
map,cea-12,joint,shuffle,1,11,11,11,11,1.0,1.0,1.0,0,0,0.0,0.0,0.9090909090909091,0.9090909090909091,0.007723964541572985,0.0,0.009869318181818182,0.010818181818181817,0.0914375,0.092
mixture,cea-12,joint,shuffle,1,11,11,11,11,1.0,1.0,1.0,0,0,0.0,0.0,0.9090909090909091,0.9090909090909091,0.007723964541572985,0.0,0.009869318181818182,0.010818181818181817,0.0914375,0.092
repaired,cea-12,joint,shuffle,1,11,11,11,11,1.0,1.0,1.0,0,0,0.0,0.0,1.0,1.0,0.0003661110670239355,0.0,0.009869318181818182,0.010818181818181817,0.0914375,0.092
streaming,cea-12,joint,shuffle,1,11,11,11,11,1.0,1.0,1.0,0,0,0.0,0.0,0.5454545454545454,0.9090909090909091,4.4041446367789145,0.18181818181818182,0.009869318181818182,0.010818181818181817,0.0914375,0.092
fixed,cea-12,joint,shuffle,1,11,10,7,1,0.1,0.09090909090909091,0.09523809523809523,0,0,0.0,0.0,0.6363636363636364,0.6363636363636364,0.00460216250080508,0.0,0.018151785714285714,0.021955357142857145,-0.00325,0.0
oracle-boundary,cea-12,joint,shuffle,1,11,11,11,11,1.0,1.0,1.0,0,0,0.0,0.0,1.0,1.0,0.00014165932241227438,0.0,0.0,0.0,0.06075,0.06075
map,cea-12,joint,ambiguous,0,11,11,11,11,1.0,1.0,1.0,0,0,0.0,0.0,0.9090909090909091,0.9090909090909091,0.009949093001319373,0.0,0.010232954545454545,0.01118181818181818,0.0914375,0.092
mixture,cea-12,joint,ambiguous,0,11,11,11,11,1.0,1.0,1.0,0,0,0.0,0.0,0.9090909090909091,0.9090909090909091,0.009949093001319373,0.0,0.010232954545454545,0.01118181818181818,0.0914375,0.092
repaired,cea-12,joint,ambiguous,0,11,11,11,11,1.0,1.0,1.0,0,0,0.0,0.0,1.0,1.0,0.0003044998326471499,0.0,0.010232954545454545,0.01118181818181818,0.0914375,0.092
streaming,cea-12,joint,ambiguous,0,11,11,11,11,1.0,1.0,1.0,0,0,0.0,0.0,0.45454545454545453,0.8181818181818182,5.653685604185161,0.09090909090909091,0.010232954545454545,0.01118181818181818,0.0914375,0.092
fixed,cea-12,joint,ambiguous,0,11,10,7,1,0.1,0.09090909090909091,0.09523809523809523,0,0,0.0,0.0,0.6363636363636364,0.6363636363636364,0.004537599922802457,0.0,0.018151785714285714,0.021955357142857145,-0.00325,0.0
oracle-boundary,cea-12,joint,ambiguous,0,11,11,11,11,1.0,1.0,1.0,0,0,0.0,0.0,1.0,1.0,0.00014419001797463953,0.0,0.0,0.0,0.06075,0.06075
map,cea-12,joint,ambiguous,1,11,11,11,11,1.0,1.0,1.0,0,0,0.0,0.0,0.9090909090909091,0.9090909090909091,0.009949093001319373,0.0,0.010232954545454545,0.01118181818181818,0.0914375,0.092
mixture,cea-12,joint,ambiguous,1,11,11,11,11,1.0,1.0,1.0,0,0,0.0,0.0,0.9090909090909091,0.9090909090909091,0.009949093001319373,0.0,0.010232954545454545,0.01118181818181818,0.0914375,0.092
repaired,cea-12,joint,ambiguous,1,11,11,11,11,1.0,1.0,1.0,0,0,0.0,0.0,1.0,1.0,0.0003044998326471499,0.0,0.010232954545454545,0.01118181818181818,0.0914375,0.092
streaming,cea-12,joint,ambiguous,1,11,11,11,11,1.0,1.0,1.0,0,0,0.0,0.0,0.45454545454545453,0.8181818181818182,5.653685604185161,0.09090909090909091,0.010232954545454545,0.01118181818181818,0.0914375,0.092
fixed,cea-12,joint,ambiguous,1,11,10,7,1,0.1,0.09090909090909091,0.09523809523809523,0,0,0.0,0.0,0.6363636363636364,0.6363636363636364,0.004537599922802457,0.0,0.018151785714285714,0.021955357142857145,-0.00325,0.0
oracle-boundary,cea-12,joint,ambiguous,1,11,11,11,11,1.0,1.0,1.0,0,0,0.0,0.0,1.0,1.0,0.00014419001797463953,0.0,0.0,0.0,0.06075,0.06075
map,cea-13,detached,intact,0,11,11,11,11,1.0,1.0,1.0,0,0,0.0,0.0,1.0,1.0,0.0020191677898441732,0.0,0.005392045454545454,0.005380681818181818,0.10725,0.104
mixture,cea-13,detached,intact,0,11,11,11,11,1.0,1.0,1.0,0,0,0.0,0.0,1.0,1.0,0.0020191677898441732,0.0,0.005392045454545454,0.005380681818181818,0.10725,0.104
repaired,cea-13,detached,intact,0,11,11,11,11,1.0,1.0,1.0,0,0,0.0,0.0,1.0,1.0,0.0003643353179939882,0.0,0.005392045454545454,0.005380681818181818,0.10725,0.104
streaming,cea-13,detached,intact,0,11,11,11,11,1.0,1.0,1.0,0,0,0.0,0.0,1.0,1.0,0.06945018675227234,0.0,0.005392045454545454,0.005380681818181818,0.10725,0.104
fixed,cea-13,detached,intact,0,11,14,9,4,0.2857142857142857,0.36363636363636365,0.32,6,2,0.5454545454545454,0.18181818181818182,0.7272727272727273,0.8181818181818182,1.3404290315638094,0.09090909090909091,0.01726388888888889,0.016951388888888887,0.0078125,0.0
oracle-boundary,cea-13,detached,intact,0,11,11,11,11,1.0,1.0,1.0,0,0,0.0,0.0,1.0,1.0,0.009781838650390366,0.0,0.0,0.0,0.062375,0.062375
map,cea-13,detached,intact,1,11,11,11,11,1.0,1.0,1.0,0,0,0.0,0.0,1.0,1.0,0.0018522880001296085,0.0,0.005392045454545454,0.005585227272727272,0.10725,0.104
mixture,cea-13,detached,intact,1,11,11,11,11,1.0,1.0,1.0,0,0,0.0,0.0,1.0,1.0,0.0018522880001296085,0.0,0.005392045454545454,0.005585227272727272,0.10725,0.104
repaired,cea-13,detached,intact,1,11,11,11,11,1.0,1.0,1.0,0,0,0.0,0.0,1.0,1.0,0.00031932379192032494,0.0,0.005392045454545454,0.005585227272727272,0.10725,0.104
streaming,cea-13,detached,intact,1,11,11,11,11,1.0,1.0,1.0,0,0,0.0,0.0,1.0,1.0,0.0730728733208539,0.0,0.005392045454545454,0.005585227272727272,0.10725,0.104
fixed,cea-13,detached,intact,1,11,15,9,4,0.26666666666666666,0.36363636363636365,0.3076923076923077,4,1,0.36363636363636365,0.09090909090909091,0.7272727272727273,0.8181818181818182,1.3412420550417974,0.09090909090909091,0.01726388888888889,0.016951388888888887,0.0078125,0.0
oracle-boundary,cea-13,detached,intact,1,11,11,11,11,1.0,1.0,1.0,0,0,0.0,0.0,1.0,1.0,0.009781838650390366,0.0,0.0,0.0,0.062375,0.062375
map,cea-13,legato,intact,0,11,11,11,11,1.0,1.0,1.0,0,0,0.0,0.0,1.0,1.0,0.0036108404720297024,0.0,0.005323863636363637,0.00749431818181818,0.10725,0.096
mixture,cea-13,legato,intact,0,11,11,11,11,1.0,1.0,1.0,0,0,0.0,0.0,1.0,1.0,0.0036108404720297024,0.0,0.005323863636363637,0.00749431818181818,0.10725,0.096
repaired,cea-13,legato,intact,0,11,11,11,11,1.0,1.0,1.0,0,0,0.0,0.0,1.0,1.0,0.0002928608163350206,0.0,0.005323863636363637,0.00749431818181818,0.10725,0.096
streaming,cea-13,legato,intact,0,11,11,11,11,1.0,1.0,1.0,0,0,0.0,0.0,0.8181818181818182,1.0,3.998419201322692,0.0,0.005323863636363637,0.00749431818181818,0.10725,0.096
fixed,cea-13,legato,intact,0,11,15,8,4,0.26666666666666666,0.36363636363636365,0.3076923076923077,5,2,0.45454545454545453,0.18181818181818182,0.7272727272727273,0.7272727272727273,0.005691211358151427,0.0,0.0143125,0.01809375,0.002875,0.0
oracle-boundary,cea-13,legato,intact,0,11,11,11,11,1.0,1.0,1.0,0,0,0.0,0.0,1.0,1.0,0.0002786497941527279,0.0,0.0,0.0,0.062375,0.062375
map,cea-13,legato,intact,1,11,11,11,11,1.0,1.0,1.0,0,0,0.0,0.0,1.0,1.0,0.0035295348661883645,0.0,0.005323863636363637,0.007857954545454545,0.1134375,0.1
mixture,cea-13,legato,intact,1,11,11,11,11,1.0,1.0,1.0,0,0,0.0,0.0,1.0,1.0,0.0035295348661883645,0.0,0.005323863636363637,0.007857954545454545,0.1134375,0.1
repaired,cea-13,legato,intact,1,11,11,11,11,1.0,1.0,1.0,0,0,0.0,0.0,1.0,1.0,0.0003054103474050248,0.0,0.005323863636363637,0.007857954545454545,0.1134375,0.1
streaming,cea-13,legato,intact,1,11,11,11,11,1.0,1.0,1.0,0,0,0.0,0.0,0.9090909090909091,1.0,1.844385472257511,0.0,0.005323863636363637,0.007857954545454545,0.1134375,0.1
fixed,cea-13,legato,intact,1,11,15,8,4,0.26666666666666666,0.36363636363636365,0.3076923076923077,4,1,0.36363636363636365,0.09090909090909091,0.7272727272727273,0.7272727272727273,0.007084121546083844,0.0,0.0143125,0.01809375,0.002875,0.0
oracle-boundary,cea-13,legato,intact,1,11,11,11,11,1.0,1.0,1.0,0,0,0.0,0.0,1.0,1.0,0.0002786497941527279,0.0,0.0,0.0,0.062375,0.062375
map,cea-13,duration,intact,0,11,11,11,11,1.0,1.0,1.0,0,0,0.0,0.0,1.0,1.0,0.008541289308058935,0.0,0.006852272727272727,0.008852272727272728,0.109625,0.104
mixture,cea-13,duration,intact,0,11,11,11,11,1.0,1.0,1.0,0,0,0.0,0.0,1.0,1.0,0.008541289308058935,0.0,0.006852272727272727,0.008852272727272728,0.109625,0.104
repaired,cea-13,duration,intact,0,11,11,11,11,1.0,1.0,1.0,0,0,0.0,0.0,1.0,1.0,0.0002472448622721628,0.0,0.006852272727272727,0.008852272727272728,0.109625,0.104
streaming,cea-13,duration,intact,0,11,11,11,11,1.0,1.0,1.0,0,0,0.0,0.0,0.7272727272727273,1.0,4.032327352037217,0.0,0.006852272727272727,0.008852272727272728,0.109625,0.104
fixed,cea-13,duration,intact,0,11,15,9,1,0.06666666666666667,0.09090909090909091,0.07692307692307693,6,2,0.5454545454545454,0.18181818181818182,0.7272727272727273,0.8181818181818182,0.09654918023036609,0.0,0.01990277777777778,0.02304861111111111,0.0116875,0.0
oracle-boundary,cea-13,duration,intact,0,11,11,11,11,1.0,1.0,1.0,0,0,0.0,0.0,1.0,1.0,0.0002472438893859871,0.0,0.0,0.0,0.05925,0.05925
map,cea-13,duration,intact,1,11,11,11,11,1.0,1.0,1.0,0,0,0.0,0.0,1.0,1.0,0.00535948587850843,0.0,0.006852272727272727,0.009215909090909092,0.109625,0.096
mixture,cea-13,duration,intact,1,11,11,11,11,1.0,1.0,1.0,0,0,0.0,0.0,1.0,1.0,0.00535948587850843,0.0,0.006852272727272727,0.009215909090909092,0.109625,0.096
repaired,cea-13,duration,intact,1,11,11,11,11,1.0,1.0,1.0,0,0,0.0,0.0,1.0,1.0,0.000275408776021522,0.0,0.006852272727272727,0.009215909090909092,0.109625,0.096
streaming,cea-13,duration,intact,1,11,11,11,11,1.0,1.0,1.0,0,0,0.0,0.0,0.7272727272727273,1.0,4.032379693886741,0.0,0.006852272727272727,0.009215909090909092,0.109625,0.096
fixed,cea-13,duration,intact,1,11,15,9,1,0.06666666666666667,0.09090909090909091,0.07692307692307693,4,1,0.36363636363636365,0.09090909090909091,0.7272727272727273,0.8181818181818182,0.09656820676781269,0.0,0.01990277777777778,0.02304861111111111,0.0116875,0.0
oracle-boundary,cea-13,duration,intact,1,11,11,11,11,1.0,1.0,1.0,0,0,0.0,0.0,1.0,1.0,0.0002472438893859871,0.0,0.0,0.0,0.05925,0.05925
map,cea-13,joint,intact,0,11,11,11,11,1.0,1.0,1.0,0,0,0.0,0.0,1.0,1.0,0.0029386466212771756,0.0,0.01006818181818182,0.01134090909090909,0.109625,0.104
mixture,cea-13,joint,intact,0,11,11,11,11,1.0,1.0,1.0,0,0,0.0,0.0,1.0,1.0,0.0029386466212771756,0.0,0.01006818181818182,0.01134090909090909,0.109625,0.104
repaired,cea-13,joint,intact,0,11,11,11,11,1.0,1.0,1.0,0,0,0.0,0.0,1.0,1.0,0.0007365269010734885,0.0,0.01006818181818182,0.01134090909090909,0.109625,0.104
streaming,cea-13,joint,intact,0,11,11,11,11,1.0,1.0,1.0,0,0,0.0,0.0,0.5454545454545454,0.9090909090909091,5.567129861462071,0.2727272727272727,0.01006818181818182,0.01134090909090909,0.109625,0.104
fixed,cea-13,joint,intact,0,11,14,8,1,0.07142857142857142,0.09090909090909091,0.08,5,2,0.45454545454545453,0.18181818181818182,0.6363636363636364,0.7272727272727273,2.3764465825786716,0.0,0.017390625,0.02446875,-0.00475,0.0
oracle-boundary,cea-13,joint,intact,0,11,11,11,11,1.0,1.0,1.0,0,0,0.0,0.0,1.0,1.0,0.0007558434436258113,0.0,0.0,0.0,0.05925,0.05925
map,cea-13,joint,intact,1,11,11,11,11,1.0,1.0,1.0,0,0,0.0,0.0,1.0,1.0,0.004092144788752608,0.0,0.010068181818181818,0.012068181818181818,0.109625,0.1
mixture,cea-13,joint,intact,1,11,11,11,11,1.0,1.0,1.0,0,0,0.0,0.0,1.0,1.0,0.004092144788752608,0.0,0.010068181818181818,0.012068181818181818,0.109625,0.1
repaired,cea-13,joint,intact,1,11,11,11,11,1.0,1.0,1.0,0,0,0.0,0.0,1.0,1.0,0.0007060546409232351,0.0,0.010068181818181818,0.012068181818181818,0.109625,0.1
streaming,cea-13,joint,intact,1,11,11,11,11,1.0,1.0,1.0,0,0,0.0,0.0,0.45454545454545453,0.9090909090909091,7.45785741546093,0.2727272727272727,0.010068181818181818,0.012068181818181818,0.109625,0.1
fixed,cea-13,joint,intact,1,11,14,8,1,0.07142857142857142,0.09090909090909091,0.08,3,1,0.2727272727272727,0.09090909090909091,0.6363636363636364,0.7272727272727273,2.376362884038445,0.0,0.017390625,0.02446875,-0.00475,0.0
oracle-boundary,cea-13,joint,intact,1,11,11,11,11,1.0,1.0,1.0,0,0,0.0,0.0,1.0,1.0,0.0007558434436258113,0.0,0.0,0.0,0.05925,0.05925
map,cea-13,joint,reset,0,3,3,3,3,1.0,1.0,1.0,0,0,0.0,0.0,1.0,1.0,0.003369072475085074,0.0,0.00775,0.01025,0.08975,0.076
mixture,cea-13,joint,reset,0,3,3,3,3,1.0,1.0,1.0,0,0,0.0,0.0,1.0,1.0,0.003369072475085074,0.0,0.00775,0.01025,0.08975,0.076
repaired,cea-13,joint,reset,0,3,3,3,3,1.0,1.0,1.0,0,0,0.0,0.0,1.0,1.0,0.00020109984588353078,0.0,0.00775,0.01025,0.08975,0.076
streaming,cea-13,joint,reset,0,3,3,3,3,1.0,1.0,1.0,0,0,0.0,0.0,1.0,1.0,0.15706498222468923,0.0,0.00775,0.01025,0.08975,0.076
fixed,cea-13,joint,reset,0,3,5,2,0,0.0,0.0,0.0,3,1,1.0,0.3333333333333333,0.6666666666666666,0.6666666666666666,0.00031783089596260083,0.0,0.01525,0.028749999999999998,-0.01925,0.0
oracle-boundary,cea-13,joint,reset,0,3,3,3,3,1.0,1.0,1.0,0,0,0.0,0.0,1.0,1.0,0.00016384352605225416,0.0,0.0,0.0,0.04475,0.04475
map,cea-13,joint,reset,1,3,3,3,3,1.0,1.0,1.0,0,0,0.0,0.0,1.0,1.0,0.003369072475085074,0.0,0.00775,0.01025,0.08975,0.076
mixture,cea-13,joint,reset,1,3,3,3,3,1.0,1.0,1.0,0,0,0.0,0.0,1.0,1.0,0.003369072475085074,0.0,0.00775,0.01025,0.08975,0.076
repaired,cea-13,joint,reset,1,3,3,3,3,1.0,1.0,1.0,0,0,0.0,0.0,1.0,1.0,0.00020109984588353078,0.0,0.00775,0.01025,0.08975,0.076
streaming,cea-13,joint,reset,1,3,3,3,3,1.0,1.0,1.0,0,0,0.0,0.0,1.0,1.0,0.15706498222468923,0.0,0.00775,0.01025,0.08975,0.076
fixed,cea-13,joint,reset,1,3,5,2,0,0.0,0.0,0.0,3,1,1.0,0.3333333333333333,0.6666666666666666,0.6666666666666666,0.00031783089596260083,0.0,0.01525,0.028749999999999998,-0.01925,0.0
oracle-boundary,cea-13,joint,reset,1,3,3,3,3,1.0,1.0,1.0,0,0,0.0,0.0,1.0,1.0,0.00016384352605225416,0.0,0.0,0.0,0.04475,0.04475
map,cea-13,joint,removal,0,9,9,9,9,1.0,1.0,1.0,0,0,0.0,0.0,1.0,1.0,0.003380635498537584,0.0,0.009333333333333332,0.01198611111111111,0.0941875,0.084
mixture,cea-13,joint,removal,0,9,9,9,9,1.0,1.0,1.0,0,0,0.0,0.0,1.0,1.0,0.003380635498537584,0.0,0.009333333333333332,0.01198611111111111,0.0941875,0.084
repaired,cea-13,joint,removal,0,9,9,9,9,1.0,1.0,1.0,0,0,0.0,0.0,1.0,1.0,0.0005538931996946772,0.0,0.009333333333333332,0.01198611111111111,0.0941875,0.084
streaming,cea-13,joint,removal,0,9,9,9,9,1.0,1.0,1.0,0,0,0.0,0.0,0.5555555555555556,0.8888888888888888,5.4455138061976935,0.2222222222222222,0.009333333333333332,0.01198611111111111,0.0941875,0.084
fixed,cea-13,joint,removal,0,9,12,6,0,0.0,0.0,0.0,4,1,0.4444444444444444,0.1111111111111111,0.5555555555555556,0.6666666666666666,3.1679972453774767,0.0,0.015395833333333333,0.028770833333333332,-0.0145,0.0
oracle-boundary,cea-13,joint,removal,0,9,9,9,9,1.0,1.0,1.0,0,0,0.0,0.0,1.0,1.0,0.00047116312336598694,0.0,0.0,0.0,0.0495,0.0495
map,cea-13,joint,removal,1,9,9,9,9,1.0,1.0,1.0,0,0,0.0,0.0,1.0,1.0,0.003380635498537584,0.0,0.009333333333333332,0.01198611111111111,0.0941875,0.084
mixture,cea-13,joint,removal,1,9,9,9,9,1.0,1.0,1.0,0,0,0.0,0.0,1.0,1.0,0.003380635498537584,0.0,0.009333333333333332,0.01198611111111111,0.0941875,0.084
repaired,cea-13,joint,removal,1,9,9,9,9,1.0,1.0,1.0,0,0,0.0,0.0,1.0,1.0,0.0005538931996946772,0.0,0.009333333333333332,0.01198611111111111,0.0941875,0.084
streaming,cea-13,joint,removal,1,9,9,9,9,1.0,1.0,1.0,0,0,0.0,0.0,0.5555555555555556,0.8888888888888888,5.4455138061976935,0.2222222222222222,0.009333333333333332,0.01198611111111111,0.0941875,0.084
fixed,cea-13,joint,removal,1,9,12,6,0,0.0,0.0,0.0,4,1,0.4444444444444444,0.1111111111111111,0.5555555555555556,0.6666666666666666,3.1679972453774767,0.0,0.015395833333333333,0.028770833333333332,-0.0145,0.0
oracle-boundary,cea-13,joint,removal,1,9,9,9,9,1.0,1.0,1.0,0,0,0.0,0.0,1.0,1.0,0.00047116312336598694,0.0,0.0,0.0,0.0495,0.0495
map,cea-13,joint,swap,0,11,11,11,11,1.0,1.0,1.0,0,0,0.0,0.0,1.0,1.0,0.004092144788752608,0.0,0.010068181818181818,0.012068181818181818,0.109625,0.1
mixture,cea-13,joint,swap,0,11,11,11,11,1.0,1.0,1.0,0,0,0.0,0.0,1.0,1.0,0.004092144788752608,0.0,0.010068181818181818,0.012068181818181818,0.109625,0.1
repaired,cea-13,joint,swap,0,11,11,11,11,1.0,1.0,1.0,0,0,0.0,0.0,1.0,1.0,0.0007060546409232351,0.0,0.010068181818181818,0.012068181818181818,0.109625,0.1
streaming,cea-13,joint,swap,0,11,11,11,11,1.0,1.0,1.0,0,0,0.0,0.0,0.45454545454545453,0.9090909090909091,7.45785741546093,0.2727272727272727,0.010068181818181818,0.012068181818181818,0.109625,0.1
fixed,cea-13,joint,swap,0,11,14,8,1,0.07142857142857142,0.09090909090909091,0.08,3,1,0.2727272727272727,0.09090909090909091,0.6363636363636364,0.7272727272727273,2.376362884038445,0.0,0.017390625,0.02446875,-0.00475,0.0
oracle-boundary,cea-13,joint,swap,0,11,11,11,11,1.0,1.0,1.0,0,0,0.0,0.0,1.0,1.0,0.0007558434436258113,0.0,0.0,0.0,0.05925,0.05925
map,cea-13,joint,swap,1,11,11,11,11,1.0,1.0,1.0,0,0,0.0,0.0,1.0,1.0,0.0029386466212771756,0.0,0.01006818181818182,0.01134090909090909,0.109625,0.104
mixture,cea-13,joint,swap,1,11,11,11,11,1.0,1.0,1.0,0,0,0.0,0.0,1.0,1.0,0.0029386466212771756,0.0,0.01006818181818182,0.01134090909090909,0.109625,0.104
repaired,cea-13,joint,swap,1,11,11,11,11,1.0,1.0,1.0,0,0,0.0,0.0,1.0,1.0,0.0007365269010734885,0.0,0.01006818181818182,0.01134090909090909,0.109625,0.104
streaming,cea-13,joint,swap,1,11,11,11,11,1.0,1.0,1.0,0,0,0.0,0.0,0.5454545454545454,0.9090909090909091,5.567129861462071,0.2727272727272727,0.01006818181818182,0.01134090909090909,0.109625,0.104
fixed,cea-13,joint,swap,1,11,14,8,1,0.07142857142857142,0.09090909090909091,0.08,5,2,0.45454545454545453,0.18181818181818182,0.6363636363636364,0.7272727272727273,2.3764465825786716,0.0,0.017390625,0.02446875,-0.00475,0.0
oracle-boundary,cea-13,joint,swap,1,11,11,11,11,1.0,1.0,1.0,0,0,0.0,0.0,1.0,1.0,0.0007558434436258113,0.0,0.0,0.0,0.05925,0.05925
map,cea-13,joint,shuffle,0,11,11,11,11,1.0,1.0,1.0,0,0,0.0,0.0,1.0,1.0,0.004455762188918219,0.0,0.009704545454545454,0.011704545454545455,0.109625,0.1
mixture,cea-13,joint,shuffle,0,11,11,11,11,1.0,1.0,1.0,0,0,0.0,0.0,1.0,1.0,0.004455762188918219,0.0,0.009704545454545454,0.011704545454545455,0.109625,0.1
repaired,cea-13,joint,shuffle,0,11,11,11,11,1.0,1.0,1.0,0,0,0.0,0.0,1.0,1.0,0.0006859529303191246,0.0,0.009704545454545454,0.011704545454545455,0.109625,0.1
streaming,cea-13,joint,shuffle,0,11,11,11,11,1.0,1.0,1.0,0,0,0.0,0.0,0.45454545454545453,0.9090909090909091,8.148788059772514,0.18181818181818182,0.009704545454545454,0.011704545454545455,0.109625,0.1
fixed,cea-13,joint,shuffle,0,11,14,8,1,0.07142857142857142,0.09090909090909091,0.08,3,1,0.2727272727272727,0.09090909090909091,0.6363636363636364,0.7272727272727273,1.5006531140418473,0.09090909090909091,0.017390625,0.02446875,-0.00475,0.0
oracle-boundary,cea-13,joint,shuffle,0,11,11,11,11,1.0,1.0,1.0,0,0,0.0,0.0,1.0,1.0,0.0007558434436258113,0.0,0.0,0.0,0.05925,0.05925
map,cea-13,joint,shuffle,1,11,11,11,11,1.0,1.0,1.0,0,0,0.0,0.0,1.0,1.0,0.003302264021442786,0.0,0.009704545454545455,0.010977272727272726,0.109625,0.104
mixture,cea-13,joint,shuffle,1,11,11,11,11,1.0,1.0,1.0,0,0,0.0,0.0,1.0,1.0,0.003302264021442786,0.0,0.009704545454545455,0.010977272727272726,0.109625,0.104
repaired,cea-13,joint,shuffle,1,11,11,11,11,1.0,1.0,1.0,0,0,0.0,0.0,1.0,1.0,0.0007164251904693779,0.0,0.009704545454545455,0.010977272727272726,0.109625,0.104
streaming,cea-13,joint,shuffle,1,11,11,11,11,1.0,1.0,1.0,0,0,0.0,0.0,0.5454545454545454,0.9090909090909091,6.258060505773656,0.18181818181818182,0.009704545454545455,0.010977272727272726,0.109625,0.104
fixed,cea-13,joint,shuffle,1,11,14,8,1,0.07142857142857142,0.09090909090909091,0.08,5,2,0.45454545454545453,0.18181818181818182,0.6363636363636364,0.7272727272727273,1.500736812582074,0.09090909090909091,0.017390625,0.02446875,-0.00475,0.0
oracle-boundary,cea-13,joint,shuffle,1,11,11,11,11,1.0,1.0,1.0,0,0,0.0,0.0,1.0,1.0,0.0007558434436258113,0.0,0.0,0.0,0.05925,0.05925
map,cea-13,joint,ambiguous,0,11,11,11,11,1.0,1.0,1.0,0,0,0.0,0.0,1.0,1.0,0.002870347232229019,0.0,0.01006818181818182,0.01134090909090909,0.109625,0.104
mixture,cea-13,joint,ambiguous,0,11,11,11,11,1.0,1.0,1.0,0,0,0.0,0.0,1.0,1.0,0.002870347232229019,0.0,0.01006818181818182,0.01134090909090909,0.109625,0.104
repaired,cea-13,joint,ambiguous,0,11,11,11,11,1.0,1.0,1.0,0,0,0.0,0.0,1.0,1.0,0.0007281405333473243,0.0,0.01006818181818182,0.01134090909090909,0.109625,0.104
streaming,cea-13,joint,ambiguous,0,11,11,11,11,1.0,1.0,1.0,0,0,0.0,0.0,0.5454545454545454,0.8181818181818182,5.624399421010535,0.09090909090909091,0.01006818181818182,0.01134090909090909,0.109625,0.104
fixed,cea-13,joint,ambiguous,0,11,14,8,1,0.07142857142857142,0.09090909090909091,0.08,5,2,0.45454545454545453,0.18181818181818182,0.6363636363636364,0.7272727272727273,1.5006912419203837,0.09090909090909091,0.017390625,0.02446875,-0.00475,0.0
oracle-boundary,cea-13,joint,ambiguous,0,11,11,11,11,1.0,1.0,1.0,0,0,0.0,0.0,1.0,1.0,0.0007437443613296033,0.0,0.0,0.0,0.05925,0.05925
map,cea-13,joint,ambiguous,1,11,11,11,11,1.0,1.0,1.0,0,0,0.0,0.0,1.0,1.0,0.002870347232229019,0.0,0.01006818181818182,0.01134090909090909,0.109625,0.104
mixture,cea-13,joint,ambiguous,1,11,11,11,11,1.0,1.0,1.0,0,0,0.0,0.0,1.0,1.0,0.002870347232229019,0.0,0.01006818181818182,0.01134090909090909,0.109625,0.104
repaired,cea-13,joint,ambiguous,1,11,11,11,11,1.0,1.0,1.0,0,0,0.0,0.0,1.0,1.0,0.0007281405333473243,0.0,0.01006818181818182,0.01134090909090909,0.109625,0.104
streaming,cea-13,joint,ambiguous,1,11,11,11,11,1.0,1.0,1.0,0,0,0.0,0.0,0.5454545454545454,0.8181818181818182,5.624399421010535,0.09090909090909091,0.01006818181818182,0.01134090909090909,0.109625,0.104
fixed,cea-13,joint,ambiguous,1,11,14,8,1,0.07142857142857142,0.09090909090909091,0.08,5,2,0.45454545454545453,0.18181818181818182,0.6363636363636364,0.7272727272727273,1.5006912419203837,0.09090909090909091,0.017390625,0.02446875,-0.00475,0.0
oracle-boundary,cea-13,joint,ambiguous,1,11,11,11,11,1.0,1.0,1.0,0,0,0.0,0.0,1.0,1.0,0.0007437443613296033,0.0,0.0,0.0,0.05925,0.05925
map,cea-14,detached,intact,0,11,11,11,11,1.0,1.0,1.0,0,0,0.0,0.0,1.0,1.0,0.0013184519926283465,0.0,0.005590909090909091,0.004130681818181818,0.1051875,0.104
mixture,cea-14,detached,intact,0,11,11,11,11,1.0,1.0,1.0,0,0,0.0,0.0,1.0,1.0,0.0013184519926283465,0.0,0.005590909090909091,0.004130681818181818,0.1051875,0.104
repaired,cea-14,detached,intact,0,11,11,11,11,1.0,1.0,1.0,0,0,0.0,0.0,1.0,1.0,0.0009799770346253082,0.0,0.005590909090909091,0.004130681818181818,0.1051875,0.104
streaming,cea-14,detached,intact,0,11,11,11,11,1.0,1.0,1.0,0,0,0.0,0.0,1.0,1.0,0.03913020245194832,0.0,0.005590909090909091,0.004130681818181818,0.1051875,0.104
fixed,cea-14,detached,intact,0,11,14,9,4,0.2857142857142857,0.36363636363636365,0.32,4,1,0.36363636363636365,0.09090909090909091,0.8181818181818182,0.8181818181818182,0.016496202692183302,0.0,0.01657638888888889,0.017493055555555557,0.0059375,0.0
oracle-boundary,cea-14,detached,intact,0,11,11,11,11,1.0,1.0,1.0,0,0,0.0,0.0,1.0,1.0,0.004243239443170278,0.0,0.0,0.0,0.06125,0.06125
map,cea-14,detached,intact,1,11,11,11,11,1.0,1.0,1.0,0,0,0.0,0.0,1.0,1.0,0.0013239907140671712,0.0,0.005227272727272727,0.003642045454545454,0.1051875,0.104
mixture,cea-14,detached,intact,1,11,11,11,11,1.0,1.0,1.0,0,0,0.0,0.0,1.0,1.0,0.0013239907140671712,0.0,0.005227272727272727,0.003642045454545454,0.1051875,0.104
repaired,cea-14,detached,intact,1,11,11,11,11,1.0,1.0,1.0,0,0,0.0,0.0,1.0,1.0,0.000948407987269271,0.0,0.005227272727272727,0.003642045454545454,0.1051875,0.104
streaming,cea-14,detached,intact,1,11,11,11,11,1.0,1.0,1.0,0,0,0.0,0.0,1.0,1.0,0.02932712599905507,0.0,0.005227272727272727,0.003642045454545454,0.1051875,0.104
fixed,cea-14,detached,intact,1,11,13,9,4,0.3076923076923077,0.36363636363636365,0.3333333333333333,4,1,0.36363636363636365,0.09090909090909091,0.8181818181818182,0.8181818181818182,0.015700985359939936,0.0,0.01657638888888889,0.017493055555555557,0.0059375,0.0
oracle-boundary,cea-14,detached,intact,1,11,11,11,11,1.0,1.0,1.0,0,0,0.0,0.0,1.0,1.0,0.004243239443170278,0.0,0.0,0.0,0.06125,0.06125
map,cea-14,legato,intact,0,11,11,11,11,1.0,1.0,1.0,0,0,0.0,0.0,1.0,1.0,0.0014511322970813206,0.0,0.00828409090909091,0.008403409090909092,0.1051875,0.096
mixture,cea-14,legato,intact,0,11,11,11,11,1.0,1.0,1.0,0,0,0.0,0.0,1.0,1.0,0.0014511322970813206,0.0,0.00828409090909091,0.008403409090909092,0.1051875,0.096
repaired,cea-14,legato,intact,0,11,11,11,11,1.0,1.0,1.0,0,0,0.0,0.0,1.0,1.0,0.00041599122863092674,0.0,0.00828409090909091,0.008403409090909092,0.1051875,0.096
streaming,cea-14,legato,intact,0,11,11,11,11,1.0,1.0,1.0,0,0,0.0,0.0,0.6363636363636364,1.0,5.241620402633032,0.0,0.00828409090909091,0.008403409090909092,0.1051875,0.096
fixed,cea-14,legato,intact,0,11,14,9,4,0.2857142857142857,0.36363636363636365,0.32,4,1,0.36363636363636365,0.09090909090909091,0.8181818181818182,0.8181818181818182,0.04489911764052016,0.0,0.01657638888888889,0.017493055555555557,0.0059375,0.0
oracle-boundary,cea-14,legato,intact,0,11,11,11,11,1.0,1.0,1.0,0,0,0.0,0.0,1.0,1.0,0.0002188856691039056,0.0,0.0,0.0,0.06125,0.06125
map,cea-14,legato,intact,1,11,11,11,11,1.0,1.0,1.0,0,0,0.0,0.0,1.0,1.0,0.0014694350530092169,0.0,0.00828409090909091,0.008403409090909092,0.1126875,0.104
mixture,cea-14,legato,intact,1,11,11,11,11,1.0,1.0,1.0,0,0,0.0,0.0,1.0,1.0,0.0014694350530092169,0.0,0.00828409090909091,0.008403409090909092,0.1126875,0.104
repaired,cea-14,legato,intact,1,11,11,11,11,1.0,1.0,1.0,0,0,0.0,0.0,1.0,1.0,0.0004535524058212236,0.0,0.00828409090909091,0.008403409090909092,0.1126875,0.104
streaming,cea-14,legato,intact,1,11,11,11,11,1.0,1.0,1.0,0,0,0.0,0.0,0.6363636363636364,1.0,5.242283645214333,0.0,0.00828409090909091,0.008403409090909092,0.1126875,0.104
fixed,cea-14,legato,intact,1,11,14,9,4,0.2857142857142857,0.36363636363636365,0.32,4,1,0.36363636363636365,0.09090909090909091,0.8181818181818182,0.8181818181818182,0.04399216383679683,0.0,0.01657638888888889,0.017493055555555557,0.0059375,0.0
oracle-boundary,cea-14,legato,intact,1,11,11,11,11,1.0,1.0,1.0,0,0,0.0,0.0,1.0,1.0,0.0002188856691039056,0.0,0.0,0.0,0.06125,0.06125
map,cea-14,duration,intact,0,11,11,11,11,1.0,1.0,1.0,0,0,0.0,0.0,1.0,1.0,0.0017805257416075354,0.0,0.009176136363636364,0.009488636363636364,0.108875,0.104
mixture,cea-14,duration,intact,0,11,11,11,11,1.0,1.0,1.0,0,0,0.0,0.0,1.0,1.0,0.0017805257416075354,0.0,0.009176136363636364,0.009488636363636364,0.108875,0.104
repaired,cea-14,duration,intact,0,11,11,11,11,1.0,1.0,1.0,0,0,0.0,0.0,1.0,1.0,0.00034903538122644693,0.0,0.009176136363636364,0.009488636363636364,0.108875,0.104
streaming,cea-14,duration,intact,0,11,11,11,11,1.0,1.0,1.0,0,0,0.0,0.0,0.7272727272727273,1.0,5.226593375657692,0.0,0.009176136363636364,0.009488636363636364,0.108875,0.104
fixed,cea-14,duration,intact,0,11,15,8,3,0.2,0.2727272727272727,0.23076923076923078,4,1,0.36363636363636365,0.09090909090909091,0.7272727272727273,0.7272727272727273,0.04214328596981698,0.0,0.020273437499999998,0.0227109375,0.0115,0.0
oracle-boundary,cea-14,duration,intact,0,11,11,11,11,1.0,1.0,1.0,0,0,0.0,0.0,1.0,1.0,0.0002136888535635832,0.0,0.0,0.0,0.05775,0.05775
map,cea-14,duration,intact,1,11,11,11,11,1.0,1.0,1.0,0,0,0.0,0.0,1.0,1.0,0.0010302982658415257,0.0,0.009176136363636364,0.009488636363636364,0.108875,0.1
mixture,cea-14,duration,intact,1,11,11,11,11,1.0,1.0,1.0,0,0,0.0,0.0,1.0,1.0,0.0010302982658415257,0.0,0.009176136363636364,0.009488636363636364,0.108875,0.1
repaired,cea-14,duration,intact,1,11,11,11,11,1.0,1.0,1.0,0,0,0.0,0.0,1.0,1.0,0.0003355659352400796,0.0,0.009176136363636364,0.009488636363636364,0.108875,0.1
streaming,cea-14,duration,intact,1,11,11,11,11,1.0,1.0,1.0,0,0,0.0,0.0,0.7272727272727273,1.0,5.225107891920033,0.0,0.009176136363636364,0.009488636363636364,0.108875,0.1
fixed,cea-14,duration,intact,1,11,14,8,3,0.21428571428571427,0.2727272727272727,0.24,4,1,0.36363636363636365,0.09090909090909091,0.7272727272727273,0.7272727272727273,0.042156081342871965,0.0,0.020273437499999998,0.0227109375,0.0115,0.0
oracle-boundary,cea-14,duration,intact,1,11,11,11,11,1.0,1.0,1.0,0,0,0.0,0.0,1.0,1.0,0.0002136888535635832,0.0,0.0,0.0,0.05775,0.05775
map,cea-14,joint,intact,0,11,11,11,11,1.0,1.0,1.0,0,0,0.0,0.0,1.0,1.0,0.002160990589814479,0.0,0.009539772727272728,0.009488636363636364,0.108875,0.104
mixture,cea-14,joint,intact,0,11,11,11,11,1.0,1.0,1.0,0,0,0.0,0.0,1.0,1.0,0.002160990589814479,0.0,0.009539772727272728,0.009488636363636364,0.108875,0.104
repaired,cea-14,joint,intact,0,11,11,11,11,1.0,1.0,1.0,0,0,0.0,0.0,1.0,1.0,0.0006948492504192736,0.0,0.009539772727272728,0.009488636363636364,0.108875,0.104
streaming,cea-14,joint,intact,0,11,11,11,11,1.0,1.0,1.0,0,0,0.0,0.0,0.7272727272727273,1.0,4.6093519034321515,0.09090909090909091,0.009539772727272728,0.009488636363636364,0.108875,0.104
fixed,cea-14,joint,intact,0,11,13,8,3,0.23076923076923078,0.2727272727272727,0.25,1,0,0.09090909090909091,0.0,0.7272727272727273,0.7272727272727273,0.0407901452872208,0.0,0.020273437499999998,0.0227109375,0.0115,0.0
oracle-boundary,cea-14,joint,intact,0,11,11,11,11,1.0,1.0,1.0,0,0,0.0,0.0,1.0,1.0,0.0005113293224477451,0.0,0.0,0.0,0.05775,0.05775
map,cea-14,joint,intact,1,11,11,11,11,1.0,1.0,1.0,0,0,0.0,0.0,1.0,1.0,0.0014107631140484694,0.0,0.009539772727272728,0.009488636363636364,0.108875,0.1
mixture,cea-14,joint,intact,1,11,11,11,11,1.0,1.0,1.0,0,0,0.0,0.0,1.0,1.0,0.0014107631140484694,0.0,0.009539772727272728,0.009488636363636364,0.108875,0.1
repaired,cea-14,joint,intact,1,11,11,11,11,1.0,1.0,1.0,0,0,0.0,0.0,1.0,1.0,0.0006813798044329063,0.0,0.009539772727272728,0.009488636363636364,0.108875,0.1
streaming,cea-14,joint,intact,1,11,11,11,11,1.0,1.0,1.0,0,0,0.0,0.0,0.7272727272727273,1.0,4.607866419694493,0.09090909090909091,0.009539772727272728,0.009488636363636364,0.108875,0.1
fixed,cea-14,joint,intact,1,11,12,8,3,0.25,0.2727272727272727,0.2608695652173913,1,0,0.09090909090909091,0.0,0.7272727272727273,0.7272727272727273,0.04080294066027579,0.0,0.020273437499999998,0.0227109375,0.0115,0.0
oracle-boundary,cea-14,joint,intact,1,11,11,11,11,1.0,1.0,1.0,0,0,0.0,0.0,1.0,1.0,0.0005113293224477451,0.0,0.0,0.0,0.05775,0.05775
map,cea-14,joint,reset,0,3,3,3,3,1.0,1.0,1.0,0,0,0.0,0.0,1.0,1.0,0.00166136155990948,0.0,0.009729166666666667,0.009708333333333334,0.0880625,0.076
mixture,cea-14,joint,reset,0,3,3,3,3,1.0,1.0,1.0,0,0,0.0,0.0,1.0,1.0,0.00166136155990948,0.0,0.009729166666666667,0.009708333333333334,0.0880625,0.076
repaired,cea-14,joint,reset,0,3,3,3,3,1.0,1.0,1.0,0,0,0.0,0.0,1.0,1.0,0.0016447047829153405,0.0,0.009729166666666667,0.009708333333333334,0.0880625,0.076
streaming,cea-14,joint,reset,0,3,3,3,3,1.0,1.0,1.0,0,0,0.0,0.0,0.6666666666666666,1.0,4.058680971924429,0.3333333333333333,0.009729166666666667,0.009708333333333334,0.0880625,0.076
fixed,cea-14,joint,reset,0,3,3,2,1,0.3333333333333333,0.3333333333333333,0.3333333333333333,0,0,0.0,0.0,0.6666666666666666,0.6666666666666666,0.0016541233035720637,0.0,0.01515625,0.030531250000000003,-0.021125,0.0
oracle-boundary,cea-14,joint,reset,0,3,3,3,3,1.0,1.0,1.0,0,0,0.0,0.0,1.0,1.0,0.0013097436070281059,0.0,0.0,0.0,0.042875,0.042875
map,cea-14,joint,reset,1,3,3,3,3,1.0,1.0,1.0,0,0,0.0,0.0,1.0,1.0,0.00166136155990948,0.0,0.009729166666666667,0.009708333333333334,0.0880625,0.076
mixture,cea-14,joint,reset,1,3,3,3,3,1.0,1.0,1.0,0,0,0.0,0.0,1.0,1.0,0.00166136155990948,0.0,0.009729166666666667,0.009708333333333334,0.0880625,0.076
repaired,cea-14,joint,reset,1,3,3,3,3,1.0,1.0,1.0,0,0,0.0,0.0,1.0,1.0,0.0016447047829153405,0.0,0.009729166666666667,0.009708333333333334,0.0880625,0.076
streaming,cea-14,joint,reset,1,3,3,3,3,1.0,1.0,1.0,0,0,0.0,0.0,0.6666666666666666,1.0,4.058680971924429,0.3333333333333333,0.009729166666666667,0.009708333333333334,0.0880625,0.076
fixed,cea-14,joint,reset,1,3,3,2,1,0.3333333333333333,0.3333333333333333,0.3333333333333333,0,0,0.0,0.0,0.6666666666666666,0.6666666666666666,0.0016541233035720637,0.0,0.01515625,0.030531250000000003,-0.021125,0.0
oracle-boundary,cea-14,joint,reset,1,3,3,3,3,1.0,1.0,1.0,0,0,0.0,0.0,1.0,1.0,0.0013097436070281059,0.0,0.0,0.0,0.042875,0.042875
map,cea-14,joint,removal,0,9,9,9,9,1.0,1.0,1.0,0,0,0.0,0.0,1.0,1.0,0.0008706967235091333,0.0,0.009784722222222222,0.009972222222222223,0.092875,0.084
mixture,cea-14,joint,removal,0,9,9,9,9,1.0,1.0,1.0,0,0,0.0,0.0,1.0,1.0,0.0008706967235091333,0.0,0.009784722222222222,0.009972222222222223,0.092875,0.084
repaired,cea-14,joint,removal,0,9,9,9,9,1.0,1.0,1.0,0,0,0.0,0.0,1.0,1.0,0.0007925942757600365,0.0,0.009784722222222222,0.009972222222222223,0.092875,0.084
streaming,cea-14,joint,removal,0,9,9,9,9,1.0,1.0,1.0,0,0,0.0,0.0,0.6666666666666666,1.0,5.581739949126219,0.1111111111111111,0.009784722222222222,0.009972222222222223,0.092875,0.084
fixed,cea-14,joint,removal,0,9,11,6,2,0.18181818181818182,0.2222222222222222,0.2,2,0,0.2222222222222222,0.0,0.6666666666666666,0.6666666666666666,0.05431682246709476,0.0,0.019552083333333335,0.026052083333333337,0.0115,0.0
oracle-boundary,cea-14,joint,removal,0,9,9,9,9,1.0,1.0,1.0,0,0,0.0,0.0,1.0,1.0,0.0005761039276352717,0.0,0.0,0.0,0.048375,0.048375
map,cea-14,joint,removal,1,9,9,9,9,1.0,1.0,1.0,0,0,0.0,0.0,1.0,1.0,0.0008706967235091333,0.0,0.009784722222222222,0.009972222222222223,0.092875,0.084
mixture,cea-14,joint,removal,1,9,9,9,9,1.0,1.0,1.0,0,0,0.0,0.0,1.0,1.0,0.0008706967235091333,0.0,0.009784722222222222,0.009972222222222223,0.092875,0.084
repaired,cea-14,joint,removal,1,9,9,9,9,1.0,1.0,1.0,0,0,0.0,0.0,1.0,1.0,0.0007925942757600365,0.0,0.009784722222222222,0.009972222222222223,0.092875,0.084
streaming,cea-14,joint,removal,1,9,9,9,9,1.0,1.0,1.0,0,0,0.0,0.0,0.6666666666666666,1.0,5.581739949126219,0.1111111111111111,0.009784722222222222,0.009972222222222223,0.092875,0.084
fixed,cea-14,joint,removal,1,9,11,6,2,0.18181818181818182,0.2222222222222222,0.2,2,0,0.2222222222222222,0.0,0.6666666666666666,0.6666666666666666,0.05431682246709476,0.0,0.019552083333333335,0.026052083333333337,0.0115,0.0
oracle-boundary,cea-14,joint,removal,1,9,9,9,9,1.0,1.0,1.0,0,0,0.0,0.0,1.0,1.0,0.0005761039276352717,0.0,0.0,0.0,0.048375,0.048375
map,cea-14,joint,swap,0,11,11,11,11,1.0,1.0,1.0,0,0,0.0,0.0,1.0,1.0,0.0014107631140484694,0.0,0.009539772727272728,0.009488636363636364,0.108875,0.1
mixture,cea-14,joint,swap,0,11,11,11,11,1.0,1.0,1.0,0,0,0.0,0.0,1.0,1.0,0.0014107631140484694,0.0,0.009539772727272728,0.009488636363636364,0.108875,0.1
repaired,cea-14,joint,swap,0,11,11,11,11,1.0,1.0,1.0,0,0,0.0,0.0,1.0,1.0,0.0006813798044329063,0.0,0.009539772727272728,0.009488636363636364,0.108875,0.1
streaming,cea-14,joint,swap,0,11,11,11,11,1.0,1.0,1.0,0,0,0.0,0.0,0.7272727272727273,1.0,4.607866419694493,0.09090909090909091,0.009539772727272728,0.009488636363636364,0.108875,0.1
fixed,cea-14,joint,swap,0,11,12,8,3,0.25,0.2727272727272727,0.2608695652173913,1,0,0.09090909090909091,0.0,0.7272727272727273,0.7272727272727273,0.04080294066027579,0.0,0.020273437499999998,0.0227109375,0.0115,0.0
oracle-boundary,cea-14,joint,swap,0,11,11,11,11,1.0,1.0,1.0,0,0,0.0,0.0,1.0,1.0,0.0005113293224477451,0.0,0.0,0.0,0.05775,0.05775
map,cea-14,joint,swap,1,11,11,11,11,1.0,1.0,1.0,0,0,0.0,0.0,1.0,1.0,0.002160990589814479,0.0,0.009539772727272728,0.009488636363636364,0.108875,0.104
mixture,cea-14,joint,swap,1,11,11,11,11,1.0,1.0,1.0,0,0,0.0,0.0,1.0,1.0,0.002160990589814479,0.0,0.009539772727272728,0.009488636363636364,0.108875,0.104
repaired,cea-14,joint,swap,1,11,11,11,11,1.0,1.0,1.0,0,0,0.0,0.0,1.0,1.0,0.0006948492504192736,0.0,0.009539772727272728,0.009488636363636364,0.108875,0.104
streaming,cea-14,joint,swap,1,11,11,11,11,1.0,1.0,1.0,0,0,0.0,0.0,0.7272727272727273,1.0,4.6093519034321515,0.09090909090909091,0.009539772727272728,0.009488636363636364,0.108875,0.104
fixed,cea-14,joint,swap,1,11,13,8,3,0.23076923076923078,0.2727272727272727,0.25,1,0,0.09090909090909091,0.0,0.7272727272727273,0.7272727272727273,0.0407901452872208,0.0,0.020273437499999998,0.0227109375,0.0115,0.0
oracle-boundary,cea-14,joint,swap,1,11,11,11,11,1.0,1.0,1.0,0,0,0.0,0.0,1.0,1.0,0.0005113293224477451,0.0,0.0,0.0,0.05775,0.05775
map,cea-14,joint,shuffle,0,11,11,11,11,1.0,1.0,1.0,0,0,0.0,0.0,1.0,1.0,0.0025506404619204596,0.0,0.009903409090909091,0.009852272727272727,0.108875,0.1
mixture,cea-14,joint,shuffle,0,11,11,11,11,1.0,1.0,1.0,0,0,0.0,0.0,1.0,1.0,0.0025506404619204596,0.0,0.009903409090909091,0.009852272727272727,0.108875,0.1
repaired,cea-14,joint,shuffle,0,11,11,11,11,1.0,1.0,1.0,0,0,0.0,0.0,1.0,1.0,0.0030673044172623387,0.0,0.009903409090909091,0.009852272727272727,0.108875,0.1
streaming,cea-14,joint,shuffle,0,11,11,11,11,1.0,1.0,1.0,0,0,0.0,0.0,0.7272727272727273,1.0,4.6062152249102075,0.09090909090909091,0.009903409090909091,0.009852272727272727,0.108875,0.1
fixed,cea-14,joint,shuffle,0,11,14,8,3,0.21428571428571427,0.2727272727272727,0.24,4,2,0.36363636363636365,0.18181818181818182,0.6363636363636364,0.7272727272727273,2.366286152862367,0.0,0.020273437499999998,0.0227109375,0.0115,0.0
oracle-boundary,cea-14,joint,shuffle,0,11,11,11,11,1.0,1.0,1.0,0,0,0.0,0.0,1.0,1.0,0.0005113293224477451,0.0,0.0,0.0,0.05775,0.05775
map,cea-14,joint,shuffle,1,11,11,11,11,1.0,1.0,1.0,0,0,0.0,0.0,1.0,1.0,0.0029273383866112597,0.0,0.009903409090909091,0.009852272727272729,0.108875,0.104
mixture,cea-14,joint,shuffle,1,11,11,11,11,1.0,1.0,1.0,0,0,0.0,0.0,1.0,1.0,0.0029273383866112597,0.0,0.009903409090909091,0.009852272727272729,0.108875,0.104
repaired,cea-14,joint,shuffle,1,11,11,11,11,1.0,1.0,1.0,0,0,0.0,0.0,1.0,1.0,0.0031001955528219775,0.0,0.009903409090909091,0.009852272727272729,0.108875,0.104
streaming,cea-14,joint,shuffle,1,11,11,11,11,1.0,1.0,1.0,0,0,0.0,0.0,0.7272727272727273,1.0,4.60775873663201,0.09090909090909091,0.009903409090909091,0.009852272727272729,0.108875,0.104
fixed,cea-14,joint,shuffle,1,11,15,8,3,0.2,0.2727272727272727,0.23076923076923078,5,2,0.45454545454545453,0.18181818181818182,0.6363636363636364,0.7272727272727273,2.366273357489312,0.0,0.020273437499999998,0.0227109375,0.0115,0.0
oracle-boundary,cea-14,joint,shuffle,1,11,11,11,11,1.0,1.0,1.0,0,0,0.0,0.0,1.0,1.0,0.0005113293224477451,0.0,0.0,0.0,0.05775,0.05775
map,cea-14,joint,ambiguous,0,11,11,11,11,1.0,1.0,1.0,0,0,0.0,0.0,1.0,1.0,0.0029442821109304518,0.0,0.009903409090909091,0.009852272727272727,0.108875,0.104
mixture,cea-14,joint,ambiguous,0,11,11,11,11,1.0,1.0,1.0,0,0,0.0,0.0,1.0,1.0,0.0029442821109304518,0.0,0.009903409090909091,0.009852272727272727,0.108875,0.104
repaired,cea-14,joint,ambiguous,0,11,11,11,11,1.0,1.0,1.0,0,0,0.0,0.0,1.0,1.0,0.003098612553386201,0.0,0.009903409090909091,0.009852272727272727,0.108875,0.104
streaming,cea-14,joint,ambiguous,0,11,11,11,11,1.0,1.0,1.0,0,0,0.0,0.0,0.7272727272727273,1.0,4.613059801230695,0.09090909090909091,0.009903409090909091,0.009852272727272727,0.108875,0.104
fixed,cea-14,joint,ambiguous,0,11,14,8,3,0.21428571428571427,0.2727272727272727,0.24,3,1,0.2727272727272727,0.09090909090909091,0.7272727272727273,0.7272727272727273,0.04078815700985938,0.0,0.020273437499999998,0.0227109375,0.0115,0.0
oracle-boundary,cea-14,joint,ambiguous,0,11,11,11,11,1.0,1.0,1.0,0,0,0.0,0.0,1.0,1.0,0.0004911254577955049,0.0,0.0,0.0,0.05775,0.05775
map,cea-14,joint,ambiguous,1,11,11,11,11,1.0,1.0,1.0,0,0,0.0,0.0,1.0,1.0,0.0029442821109304518,0.0,0.009903409090909091,0.009852272727272727,0.108875,0.104
mixture,cea-14,joint,ambiguous,1,11,11,11,11,1.0,1.0,1.0,0,0,0.0,0.0,1.0,1.0,0.0029442821109304518,0.0,0.009903409090909091,0.009852272727272727,0.108875,0.104
repaired,cea-14,joint,ambiguous,1,11,11,11,11,1.0,1.0,1.0,0,0,0.0,0.0,1.0,1.0,0.003098612553386201,0.0,0.009903409090909091,0.009852272727272727,0.108875,0.104
streaming,cea-14,joint,ambiguous,1,11,11,11,11,1.0,1.0,1.0,0,0,0.0,0.0,0.7272727272727273,1.0,4.613059801230695,0.09090909090909091,0.009903409090909091,0.009852272727272727,0.108875,0.104
fixed,cea-14,joint,ambiguous,1,11,14,8,3,0.21428571428571427,0.2727272727272727,0.24,3,1,0.2727272727272727,0.09090909090909091,0.7272727272727273,0.7272727272727273,0.04078815700985938,0.0,0.020273437499999998,0.0227109375,0.0115,0.0
oracle-boundary,cea-14,joint,ambiguous,1,11,11,11,11,1.0,1.0,1.0,0,0,0.0,0.0,1.0,1.0,0.0004911254577955049,0.0,0.0,0.0,0.05775,0.05775
map,cea-15,detached,intact,0,11,10,9,9,0.9,0.8181818181818182,0.8571428571428571,0,1,0.0,0.09090909090909091,0.8181818181818182,0.8181818181818182,0.0012995288961706012,0.0,0.006430555555555556,0.005666666666666667,0.1119375,0.104
mixture,cea-15,detached,intact,0,11,10,9,9,0.9,0.8181818181818182,0.8571428571428571,0,1,0.0,0.09090909090909091,0.8181818181818182,0.8181818181818182,0.0012995288961706012,0.0,0.006430555555555556,0.005666666666666667,0.1119375,0.104
repaired,cea-15,detached,intact,0,11,10,9,9,0.9,0.8181818181818182,0.8571428571428571,0,1,0.0,0.09090909090909091,0.8181818181818182,0.8181818181818182,0.0018782556007930712,0.0,0.006430555555555556,0.005666666666666667,0.1119375,0.104
streaming,cea-15,detached,intact,0,11,10,9,9,0.9,0.8181818181818182,0.8571428571428571,0,1,0.0,0.09090909090909091,0.8181818181818182,0.8181818181818182,0.07051361647216108,0.0,0.006430555555555556,0.005666666666666667,0.1119375,0.104
fixed,cea-15,detached,intact,0,11,18,9,3,0.16666666666666666,0.2727272727272727,0.20689655172413793,10,4,0.9090909090909091,0.36363636363636365,0.8181818181818182,0.8181818181818182,0.015234235355409156,0.0,0.015916666666666666,0.0180625,0.0040625,0.0
oracle-boundary,cea-15,detached,intact,0,11,11,11,11,1.0,1.0,1.0,0,0,0.0,0.0,1.0,1.0,0.003261397497314598,0.0,0.0,0.0,0.063875,0.063875
map,cea-15,detached,intact,1,11,10,9,9,0.9,0.8181818181818182,0.8571428571428571,0,1,0.0,0.09090909090909091,0.8181818181818182,0.8181818181818182,0.0013106207909976161,0.0,0.006430555555555556,0.005666666666666667,0.103125,0.096
mixture,cea-15,detached,intact,1,11,10,9,9,0.9,0.8181818181818182,0.8571428571428571,0,1,0.0,0.09090909090909091,0.8181818181818182,0.8181818181818182,0.0013106207909976161,0.0,0.006430555555555556,0.005666666666666667,0.103125,0.096
repaired,cea-15,detached,intact,1,11,10,9,9,0.9,0.8181818181818182,0.8571428571428571,0,1,0.0,0.09090909090909091,0.8181818181818182,0.8181818181818182,0.0019068270711272027,0.0,0.006430555555555556,0.005666666666666667,0.103125,0.096
streaming,cea-15,detached,intact,1,11,10,9,9,0.9,0.8181818181818182,0.8571428571428571,0,1,0.0,0.09090909090909091,0.8181818181818182,0.8181818181818182,0.08047796926986767,0.0,0.006430555555555556,0.005666666666666667,0.103125,0.096
fixed,cea-15,detached,intact,1,11,18,9,3,0.16666666666666666,0.2727272727272727,0.20689655172413793,10,4,0.9090909090909091,0.36363636363636365,0.8181818181818182,0.8181818181818182,0.014153114874463234,0.0,0.015916666666666666,0.0180625,0.0040625,0.0
oracle-boundary,cea-15,detached,intact,1,11,11,11,11,1.0,1.0,1.0,0,0,0.0,0.0,1.0,1.0,0.003261397497314598,0.0,0.0,0.0,0.063875,0.063875
map,cea-15,legato,intact,0,11,10,10,9,0.9,0.8181818181818182,0.8571428571428571,0,1,0.0,0.09090909090909091,0.9090909090909091,0.9090909090909091,0.00274256115555751,0.0,0.01536875,0.010225000000000001,0.1119375,0.096
mixture,cea-15,legato,intact,0,11,10,10,9,0.9,0.8181818181818182,0.8571428571428571,0,1,0.0,0.09090909090909091,0.9090909090909091,0.9090909090909091,0.00274256115555751,0.0,0.01536875,0.010225000000000001,0.1119375,0.096
repaired,cea-15,legato,intact,0,11,10,10,9,0.9,0.8181818181818182,0.8571428571428571,0,1,0.0,0.09090909090909091,0.8181818181818182,0.9090909090909091,0.037557071979121656,0.0,0.01536875,0.010225000000000001,0.1119375,0.096
streaming,cea-15,legato,intact,0,11,10,10,9,0.9,0.8181818181818182,0.8571428571428571,0,1,0.0,0.09090909090909091,0.6363636363636364,0.9090909090909091,5.087792958571891,0.09090909090909091,0.01536875,0.010225000000000001,0.1119375,0.096
fixed,cea-15,legato,intact,0,11,18,9,3,0.16666666666666666,0.2727272727272727,0.20689655172413793,10,4,0.9090909090909091,0.36363636363636365,0.8181818181818182,0.8181818181818182,0.041530330577581744,0.0,0.015916666666666666,0.0180625,0.0040625,0.0
oracle-boundary,cea-15,legato,intact,0,11,11,11,11,1.0,1.0,1.0,0,0,0.0,0.0,1.0,1.0,0.0013588168319574575,0.0,0.0,0.0,0.063875,0.063875
map,cea-15,legato,intact,1,11,10,9,9,0.9,0.8181818181818182,0.8571428571428571,0,1,0.0,0.09090909090909091,0.8181818181818182,0.8181818181818182,0.0015967721680247848,0.0,0.00776388888888889,0.01011111111111111,0.1119375,0.1
mixture,cea-15,legato,intact,1,11,10,9,9,0.9,0.8181818181818182,0.8571428571428571,0,1,0.0,0.09090909090909091,0.8181818181818182,0.8181818181818182,0.0015967721680247848,0.0,0.00776388888888889,0.01011111111111111,0.1119375,0.1
repaired,cea-15,legato,intact,1,11,10,9,9,0.9,0.8181818181818182,0.8571428571428571,0,1,0.0,0.09090909090909091,0.8181818181818182,0.8181818181818182,0.0014510932451115997,0.0,0.00776388888888889,0.01011111111111111,0.1119375,0.1
streaming,cea-15,legato,intact,1,11,10,9,9,0.9,0.8181818181818182,0.8571428571428571,0,1,0.0,0.09090909090909091,0.45454545454545453,0.8181818181818182,5.631102652106861,0.09090909090909091,0.00776388888888889,0.01011111111111111,0.1119375,0.1
fixed,cea-15,legato,intact,1,11,18,9,3,0.16666666666666666,0.2727272727272727,0.20689655172413793,10,4,0.9090909090909091,0.36363636363636365,0.8181818181818182,0.8181818181818182,0.04154904373047409,0.0,0.015916666666666666,0.0180625,0.0040625,0.0
oracle-boundary,cea-15,legato,intact,1,11,11,11,11,1.0,1.0,1.0,0,0,0.0,0.0,1.0,1.0,0.0013588168319574575,0.0,0.0,0.0,0.063875,0.063875
map,cea-15,duration,intact,0,11,10,9,9,0.9,0.8181818181818182,0.8571428571428571,0,1,0.0,0.09090909090909091,0.8181818181818182,0.8181818181818182,0.0021702732630524382,0.0,0.007673611111111111,0.009979166666666667,0.108125,0.092
mixture,cea-15,duration,intact,0,11,10,9,9,0.9,0.8181818181818182,0.8571428571428571,0,1,0.0,0.09090909090909091,0.8181818181818182,0.8181818181818182,0.0021702732630524382,0.0,0.007673611111111111,0.009979166666666667,0.108125,0.092
repaired,cea-15,duration,intact,0,11,10,9,9,0.9,0.8181818181818182,0.8571428571428571,0,1,0.0,0.09090909090909091,0.8181818181818182,0.8181818181818182,0.0008999987455552293,0.0,0.007673611111111111,0.009979166666666667,0.108125,0.092
streaming,cea-15,duration,intact,0,11,10,9,9,0.9,0.8181818181818182,0.8571428571428571,0,1,0.0,0.09090909090909091,0.45454545454545453,0.8181818181818182,5.624512783219966,0.09090909090909091,0.007673611111111111,0.009979166666666667,0.108125,0.092
fixed,cea-15,duration,intact,0,11,19,7,3,0.15789473684210525,0.2727272727272727,0.2,11,5,1.0,0.45454545454545453,0.5454545454545454,0.6363636363636364,1.7641950891881617,0.09090909090909091,0.021125,0.0213125,0.0113125,0.0
oracle-boundary,cea-15,duration,intact,0,11,11,11,11,1.0,1.0,1.0,0,0,0.0,0.0,1.0,1.0,0.0013606786546851233,0.0,0.0,0.0,0.05625,0.05625
map,cea-15,duration,intact,1,11,10,9,9,0.9,0.8181818181818182,0.8571428571428571,0,1,0.0,0.09090909090909091,0.8181818181818182,0.8181818181818182,0.00224780529310959,0.0,0.007673611111111111,0.009534722222222222,0.12025,0.104
mixture,cea-15,duration,intact,1,11,10,9,9,0.9,0.8181818181818182,0.8571428571428571,0,1,0.0,0.09090909090909091,0.8181818181818182,0.8181818181818182,0.00224780529310959,0.0,0.007673611111111111,0.009534722222222222,0.12025,0.104
repaired,cea-15,duration,intact,1,11,10,9,9,0.9,0.8181818181818182,0.8571428571428571,0,1,0.0,0.09090909090909091,0.8181818181818182,0.8181818181818182,0.001102895259846785,0.0,0.007673611111111111,0.009534722222222222,0.12025,0.104
streaming,cea-15,duration,intact,1,11,10,9,9,0.9,0.8181818181818182,0.8571428571428571,0,1,0.0,0.09090909090909091,0.45454545454545453,0.8181818181818182,5.625958349756102,0.09090909090909091,0.007673611111111111,0.009534722222222222,0.12025,0.104
fixed,cea-15,duration,intact,1,11,19,7,3,0.15789473684210525,0.2727272727272727,0.2,11,5,1.0,0.45454545454545453,0.5454545454545454,0.6363636363636364,1.764216453415559,0.09090909090909091,0.021125,0.0213125,0.0113125,0.0
oracle-boundary,cea-15,duration,intact,1,11,11,11,11,1.0,1.0,1.0,0,0,0.0,0.0,1.0,1.0,0.0013606786546851233,0.0,0.0,0.0,0.05625,0.05625
map,cea-15,joint,intact,0,11,10,9,9,0.9,0.8181818181818182,0.8571428571428571,0,1,0.0,0.09090909090909091,0.8181818181818182,0.8181818181818182,0.006499831961752831,0.0,0.010215277777777778,0.00940972222222222,0.108125,0.096
mixture,cea-15,joint,intact,0,11,10,9,9,0.9,0.8181818181818182,0.8571428571428571,0,1,0.0,0.09090909090909091,0.8181818181818182,0.8181818181818182,0.006499831961752831,0.0,0.010215277777777778,0.00940972222222222,0.108125,0.096
repaired,cea-15,joint,intact,0,11,10,9,9,0.9,0.8181818181818182,0.8571428571428571,0,1,0.0,0.09090909090909091,0.8181818181818182,0.8181818181818182,0.004418698127166702,0.0,0.010215277777777778,0.00940972222222222,0.108125,0.096
streaming,cea-15,joint,intact,0,11,10,9,9,0.9,0.8181818181818182,0.8571428571428571,0,1,0.0,0.09090909090909091,0.5454545454545454,0.8181818181818182,6.132645841403942,0.09090909090909091,0.010215277777777778,0.00940972222222222,0.108125,0.096
fixed,cea-15,joint,intact,0,11,18,7,3,0.16666666666666666,0.2727272727272727,0.20689655172413793,9,4,0.8181818181818182,0.36363636363636365,0.6363636363636364,0.6363636363636364,0.04600622972272512,0.0,0.021125,0.0213125,0.0113125,0.0
oracle-boundary,cea-15,joint,intact,0,11,11,11,11,1.0,1.0,1.0,0,0,0.0,0.0,1.0,1.0,0.004903267457177921,0.0,0.0,0.0,0.05625,0.05625
map,cea-15,joint,intact,1,11,10,9,9,0.9,0.8181818181818182,0.8571428571428571,0,1,0.0,0.09090909090909091,0.8181818181818182,0.8181818181818182,0.006417957664828815,0.0,0.010215277777777776,0.010298611111111113,0.108125,0.096
mixture,cea-15,joint,intact,1,11,10,9,9,0.9,0.8181818181818182,0.8571428571428571,0,1,0.0,0.09090909090909091,0.8181818181818182,0.8181818181818182,0.006417957664828815,0.0,0.010215277777777776,0.010298611111111113,0.108125,0.096
repaired,cea-15,joint,intact,1,11,10,9,9,0.9,0.8181818181818182,0.8571428571428571,0,1,0.0,0.09090909090909091,0.8181818181818182,0.8181818181818182,0.004354743871273017,0.0,0.010215277777777776,0.010298611111111113,0.108125,0.096
streaming,cea-15,joint,intact,1,11,10,9,9,0.9,0.8181818181818182,0.8571428571428571,0,1,0.0,0.09090909090909091,0.5454545454545454,0.8181818181818182,6.133260871238221,0.09090909090909091,0.010215277777777776,0.010298611111111113,0.108125,0.096
fixed,cea-15,joint,intact,1,11,18,7,3,0.16666666666666666,0.2727272727272727,0.20689655172413793,9,4,0.8181818181818182,0.36363636363636365,0.6363636363636364,0.6363636363636364,0.04597554276290846,0.0,0.021125,0.0213125,0.0113125,0.0
oracle-boundary,cea-15,joint,intact,1,11,11,11,11,1.0,1.0,1.0,0,0,0.0,0.0,1.0,1.0,0.004903267457177921,0.0,0.0,0.0,0.05625,0.05625
map,cea-15,joint,reset,0,3,3,3,3,1.0,1.0,1.0,0,0,0.0,0.0,1.0,1.0,0.004006162661467509,0.0,0.007458333333333333,0.008916666666666666,0.080125,0.068
mixture,cea-15,joint,reset,0,3,3,3,3,1.0,1.0,1.0,0,0,0.0,0.0,1.0,1.0,0.004006162661467509,0.0,0.007458333333333333,0.008916666666666666,0.080125,0.068
repaired,cea-15,joint,reset,0,3,3,3,3,1.0,1.0,1.0,0,0,0.0,0.0,1.0,1.0,0.0010158024272826083,0.0,0.007458333333333333,0.008916666666666666,0.080125,0.068
streaming,cea-15,joint,reset,0,3,3,3,3,1.0,1.0,1.0,0,0,0.0,0.0,0.6666666666666666,1.0,6.340213080421502,0.0,0.007458333333333333,0.008916666666666666,0.080125,0.068
fixed,cea-15,joint,reset,0,3,5,2,1,0.2,0.3333333333333333,0.25,3,2,1.0,0.6666666666666666,0.6666666666666666,0.6666666666666666,0.006253002177517786,0.0,0.0150625,0.0323125,-0.023,0.0
oracle-boundary,cea-15,joint,reset,0,3,3,3,3,1.0,1.0,1.0,0,0,0.0,0.0,1.0,1.0,0.0009208771720696044,0.0,0.0,0.0,0.041,0.041
map,cea-15,joint,reset,1,3,3,3,3,1.0,1.0,1.0,0,0,0.0,0.0,1.0,1.0,0.004006162661467509,0.0,0.007458333333333333,0.008916666666666666,0.080125,0.068
mixture,cea-15,joint,reset,1,3,3,3,3,1.0,1.0,1.0,0,0,0.0,0.0,1.0,1.0,0.004006162661467509,0.0,0.007458333333333333,0.008916666666666666,0.080125,0.068
repaired,cea-15,joint,reset,1,3,3,3,3,1.0,1.0,1.0,0,0,0.0,0.0,1.0,1.0,0.0010158024272826083,0.0,0.007458333333333333,0.008916666666666666,0.080125,0.068
streaming,cea-15,joint,reset,1,3,3,3,3,1.0,1.0,1.0,0,0,0.0,0.0,0.6666666666666666,1.0,6.340213080421502,0.0,0.007458333333333333,0.008916666666666666,0.080125,0.068
fixed,cea-15,joint,reset,1,3,5,2,1,0.2,0.3333333333333333,0.25,3,2,1.0,0.6666666666666666,0.6666666666666666,0.6666666666666666,0.006253002177517786,0.0,0.0150625,0.0323125,-0.023,0.0
oracle-boundary,cea-15,joint,reset,1,3,3,3,3,1.0,1.0,1.0,0,0,0.0,0.0,1.0,1.0,0.0009208771720696044,0.0,0.0,0.0,0.041,0.041
map,cea-15,joint,removal,0,9,8,7,7,0.875,0.7777777777777778,0.8235294117647058,0,1,0.0,0.1111111111111111,0.7777777777777778,0.7777777777777778,0.0053981630869129405,0.0,0.008705357142857141,0.009758928571428571,0.0915625,0.076
mixture,cea-15,joint,removal,0,9,8,7,7,0.875,0.7777777777777778,0.8235294117647058,0,1,0.0,0.1111111111111111,0.7777777777777778,0.7777777777777778,0.0053981630869129405,0.0,0.008705357142857141,0.009758928571428571,0.0915625,0.076
repaired,cea-15,joint,removal,0,9,8,7,7,0.875,0.7777777777777778,0.8235294117647058,0,1,0.0,0.1111111111111111,0.7777777777777778,0.7777777777777778,0.0025997039237667862,0.0,0.008705357142857141,0.009758928571428571,0.0915625,0.076
streaming,cea-15,joint,removal,0,9,8,7,7,0.875,0.7777777777777778,0.8235294117647058,0,1,0.0,0.1111111111111111,0.5555555555555556,0.7777777777777778,6.174663517799621,0.0,0.008705357142857141,0.009758928571428571,0.0915625,0.076
fixed,cea-15,joint,removal,0,9,14,5,2,0.14285714285714285,0.2222222222222222,0.17391304347826086,7,3,0.7777777777777778,0.3333333333333333,0.5555555555555556,0.5555555555555556,0.059994966645664505,0.0,0.020975,0.024312499999999997,0.0113125,0.0
oracle-boundary,cea-15,joint,removal,0,9,9,9,9,1.0,1.0,1.0,0,0,0.0,0.0,1.0,1.0,0.0035965552171326465,0.0,0.0,0.0,0.04725,0.04725
map,cea-15,joint,removal,1,9,8,7,7,0.875,0.7777777777777778,0.8235294117647058,0,1,0.0,0.1111111111111111,0.7777777777777778,0.7777777777777778,0.0053981630869129405,0.0,0.008705357142857141,0.009758928571428571,0.0915625,0.076
mixture,cea-15,joint,removal,1,9,8,7,7,0.875,0.7777777777777778,0.8235294117647058,0,1,0.0,0.1111111111111111,0.7777777777777778,0.7777777777777778,0.0053981630869129405,0.0,0.008705357142857141,0.009758928571428571,0.0915625,0.076
repaired,cea-15,joint,removal,1,9,8,7,7,0.875,0.7777777777777778,0.8235294117647058,0,1,0.0,0.1111111111111111,0.7777777777777778,0.7777777777777778,0.0025997039237667862,0.0,0.008705357142857141,0.009758928571428571,0.0915625,0.076
streaming,cea-15,joint,removal,1,9,8,7,7,0.875,0.7777777777777778,0.8235294117647058,0,1,0.0,0.1111111111111111,0.5555555555555556,0.7777777777777778,6.174663517799621,0.0,0.008705357142857141,0.009758928571428571,0.0915625,0.076
fixed,cea-15,joint,removal,1,9,14,5,2,0.14285714285714285,0.2222222222222222,0.17391304347826086,7,3,0.7777777777777778,0.3333333333333333,0.5555555555555556,0.5555555555555556,0.059994966645664505,0.0,0.020975,0.024312499999999997,0.0113125,0.0
oracle-boundary,cea-15,joint,removal,1,9,9,9,9,1.0,1.0,1.0,0,0,0.0,0.0,1.0,1.0,0.0035965552171326465,0.0,0.0,0.0,0.04725,0.04725
map,cea-15,joint,swap,0,11,10,9,9,0.9,0.8181818181818182,0.8571428571428571,0,1,0.0,0.09090909090909091,0.8181818181818182,0.8181818181818182,0.006417957664828815,0.0,0.010215277777777776,0.010298611111111113,0.108125,0.096
mixture,cea-15,joint,swap,0,11,10,9,9,0.9,0.8181818181818182,0.8571428571428571,0,1,0.0,0.09090909090909091,0.8181818181818182,0.8181818181818182,0.006417957664828815,0.0,0.010215277777777776,0.010298611111111113,0.108125,0.096
repaired,cea-15,joint,swap,0,11,10,9,9,0.9,0.8181818181818182,0.8571428571428571,0,1,0.0,0.09090909090909091,0.8181818181818182,0.8181818181818182,0.004354743871273017,0.0,0.010215277777777776,0.010298611111111113,0.108125,0.096
streaming,cea-15,joint,swap,0,11,10,9,9,0.9,0.8181818181818182,0.8571428571428571,0,1,0.0,0.09090909090909091,0.5454545454545454,0.8181818181818182,6.133260871238221,0.09090909090909091,0.010215277777777776,0.010298611111111113,0.108125,0.096
fixed,cea-15,joint,swap,0,11,18,7,3,0.16666666666666666,0.2727272727272727,0.20689655172413793,9,4,0.8181818181818182,0.36363636363636365,0.6363636363636364,0.6363636363636364,0.04597554276290846,0.0,0.021125,0.0213125,0.0113125,0.0
oracle-boundary,cea-15,joint,swap,0,11,11,11,11,1.0,1.0,1.0,0,0,0.0,0.0,1.0,1.0,0.004903267457177921,0.0,0.0,0.0,0.05625,0.05625
map,cea-15,joint,swap,1,11,10,9,9,0.9,0.8181818181818182,0.8571428571428571,0,1,0.0,0.09090909090909091,0.8181818181818182,0.8181818181818182,0.006499831961752831,0.0,0.010215277777777778,0.00940972222222222,0.108125,0.096
mixture,cea-15,joint,swap,1,11,10,9,9,0.9,0.8181818181818182,0.8571428571428571,0,1,0.0,0.09090909090909091,0.8181818181818182,0.8181818181818182,0.006499831961752831,0.0,0.010215277777777778,0.00940972222222222,0.108125,0.096
repaired,cea-15,joint,swap,1,11,10,9,9,0.9,0.8181818181818182,0.8571428571428571,0,1,0.0,0.09090909090909091,0.8181818181818182,0.8181818181818182,0.004418698127166702,0.0,0.010215277777777778,0.00940972222222222,0.108125,0.096
streaming,cea-15,joint,swap,1,11,10,9,9,0.9,0.8181818181818182,0.8571428571428571,0,1,0.0,0.09090909090909091,0.5454545454545454,0.8181818181818182,6.132645841403942,0.09090909090909091,0.010215277777777778,0.00940972222222222,0.108125,0.096
fixed,cea-15,joint,swap,1,11,18,7,3,0.16666666666666666,0.2727272727272727,0.20689655172413793,9,4,0.8181818181818182,0.36363636363636365,0.6363636363636364,0.6363636363636364,0.04600622972272512,0.0,0.021125,0.0213125,0.0113125,0.0
oracle-boundary,cea-15,joint,swap,1,11,11,11,11,1.0,1.0,1.0,0,0,0.0,0.0,1.0,1.0,0.004903267457177921,0.0,0.0,0.0,0.05625,0.05625
map,cea-15,joint,shuffle,0,11,10,9,9,0.9,0.8181818181818182,0.8571428571428571,0,1,0.0,0.09090909090909091,0.8181818181818182,0.8181818181818182,0.006386666216459484,0.0,0.0101875,0.009381944444444443,0.108125,0.096
mixture,cea-15,joint,shuffle,0,11,10,9,9,0.9,0.8181818181818182,0.8571428571428571,0,1,0.0,0.09090909090909091,0.8181818181818182,0.8181818181818182,0.006386666216459484,0.0,0.0101875,0.009381944444444443,0.108125,0.096
repaired,cea-15,joint,shuffle,0,11,10,9,9,0.9,0.8181818181818182,0.8571428571428571,0,1,0.0,0.09090909090909091,0.8181818181818182,0.8181818181818182,0.0043694457371839706,0.0,0.0101875,0.009381944444444443,0.108125,0.096
streaming,cea-15,joint,shuffle,0,11,10,9,9,0.9,0.8181818181818182,0.8571428571428571,0,1,0.0,0.09090909090909091,0.6363636363636364,0.8181818181818182,3.485865018074814,0.09090909090909091,0.0101875,0.009381944444444443,0.108125,0.096
fixed,cea-15,joint,shuffle,0,11,17,6,3,0.17647058823529413,0.2727272727272727,0.21428571428571427,8,4,0.7272727272727273,0.36363636363636365,0.5454545454545454,0.5454545454545454,0.007197516969011867,0.0,0.017979166666666668,0.022979166666666665,-0.00775,0.0
oracle-boundary,cea-15,joint,shuffle,0,11,11,11,11,1.0,1.0,1.0,0,0,0.0,0.0,1.0,1.0,0.004903267457177921,0.0,0.0,0.0,0.05625,0.05625
map,cea-15,joint,shuffle,1,11,10,9,9,0.9,0.8181818181818182,0.8571428571428571,0,1,0.0,0.09090909090909091,0.8181818181818182,0.8181818181818182,0.006468540513383501,0.0,0.010187499999999999,0.010270833333333333,0.108125,0.096
mixture,cea-15,joint,shuffle,1,11,10,9,9,0.9,0.8181818181818182,0.8571428571428571,0,1,0.0,0.09090909090909091,0.8181818181818182,0.8181818181818182,0.006468540513383501,0.0,0.010187499999999999,0.010270833333333333,0.108125,0.096
repaired,cea-15,joint,shuffle,1,11,10,9,9,0.9,0.8181818181818182,0.8571428571428571,0,1,0.0,0.09090909090909091,0.8181818181818182,0.8181818181818182,0.004404907864594933,0.0,0.010187499999999999,0.010270833333333333,0.108125,0.096
streaming,cea-15,joint,shuffle,1,11,10,9,9,0.9,0.8181818181818182,0.8571428571428571,0,1,0.0,0.09090909090909091,0.6363636363636364,0.8181818181818182,3.486574966752625,0.09090909090909091,0.010187499999999999,0.010270833333333333,0.108125,0.096
fixed,cea-15,joint,shuffle,1,11,17,6,3,0.17647058823529413,0.2727272727272727,0.21428571428571427,8,4,0.7272727272727273,0.36363636363636365,0.5454545454545454,0.5454545454545454,0.0072333184221313,0.0,0.017979166666666668,0.022979166666666665,-0.00775,0.0
oracle-boundary,cea-15,joint,shuffle,1,11,11,11,11,1.0,1.0,1.0,0,0,0.0,0.0,1.0,1.0,0.004903267457177921,0.0,0.0,0.0,0.05625,0.05625
map,cea-15,joint,ambiguous,0,11,11,11,11,1.0,1.0,1.0,0,0,0.0,0.0,1.0,1.0,0.004876611422719567,0.0,0.010397727272727274,0.009386363636363637,0.108125,0.096
mixture,cea-15,joint,ambiguous,0,11,11,11,11,1.0,1.0,1.0,0,0,0.0,0.0,1.0,1.0,0.004876611422719567,0.0,0.010397727272727274,0.009386363636363637,0.108125,0.096
repaired,cea-15,joint,ambiguous,0,11,11,11,11,1.0,1.0,1.0,0,0,0.0,0.0,1.0,1.0,0.004437855197780555,0.0,0.010397727272727274,0.009386363636363637,0.108125,0.096
streaming,cea-15,joint,ambiguous,0,11,11,11,11,1.0,1.0,1.0,0,0,0.0,0.0,0.6363636363636364,1.0,6.111675669738374,0.18181818181818182,0.010397727272727274,0.009386363636363637,0.108125,0.096
fixed,cea-15,joint,ambiguous,0,11,17,6,3,0.17647058823529413,0.2727272727272727,0.21428571428571427,8,4,0.7272727272727273,0.36363636363636365,0.5454545454545454,0.5454545454545454,0.006420132228020847,0.0,0.017979166666666668,0.022979166666666665,-0.00775,0.0
oracle-boundary,cea-15,joint,ambiguous,0,11,11,11,11,1.0,1.0,1.0,0,0,0.0,0.0,1.0,1.0,0.004441190363874237,0.0,0.0,0.0,0.05625,0.05625
map,cea-15,joint,ambiguous,1,11,11,11,11,1.0,1.0,1.0,0,0,0.0,0.0,1.0,1.0,0.004876611422719567,0.0,0.010397727272727274,0.009386363636363637,0.108125,0.096
mixture,cea-15,joint,ambiguous,1,11,11,11,11,1.0,1.0,1.0,0,0,0.0,0.0,1.0,1.0,0.004876611422719567,0.0,0.010397727272727274,0.009386363636363637,0.108125,0.096
repaired,cea-15,joint,ambiguous,1,11,11,11,11,1.0,1.0,1.0,0,0,0.0,0.0,1.0,1.0,0.004437855197780555,0.0,0.010397727272727274,0.009386363636363637,0.108125,0.096
streaming,cea-15,joint,ambiguous,1,11,11,11,11,1.0,1.0,1.0,0,0,0.0,0.0,0.6363636363636364,1.0,6.111675669738374,0.18181818181818182,0.010397727272727274,0.009386363636363637,0.108125,0.096
fixed,cea-15,joint,ambiguous,1,11,17,6,3,0.17647058823529413,0.2727272727272727,0.21428571428571427,8,4,0.7272727272727273,0.36363636363636365,0.5454545454545454,0.5454545454545454,0.006420132228020847,0.0,0.017979166666666668,0.022979166666666665,-0.00775,0.0
oracle-boundary,cea-15,joint,ambiguous,1,11,11,11,11,1.0,1.0,1.0,0,0,0.0,0.0,1.0,1.0,0.004441190363874237,0.0,0.0,0.0,0.05625,0.05625
