model,group,cell,condition,accuracy,paired_success,log_loss,brier,entropy,unknown_mass,confidence
map/absolute,cea-08,detached,intact,1.0,1.0,0.0009804805139615315,9.800000000392828e-07,0.011582902361779928,1.9999999999999998e-05,0.9990199999999999
map/present,cea-08,detached,intact,0.5,0.0,0.9817763680502767,0.5626252924999999,1.2652230253095489,1.9999999999999998e-05,0.37464499999999995
map/recency,cea-08,detached,intact,0.0,0.0,6.907755278982137,1.90245,0.38625940550147086,0.001,0.951
map/reference,cea-08,detached,intact,1.0,1.0,0.0009804805139615315,9.800000000392828e-07,0.011582902361779928,1.9999999999999998e-05,0.9990199999999999
map/transition1,cea-08,detached,intact,0.0,0.0,0.7605915682680938,0.5663254083877787,0.7017597757166218,1.9999999999999998e-05,0.5316499161195125
map/transition2,cea-08,detached,intact,1.0,1.0,0.0009804805139615315,9.800000000392828e-07,0.011582902361779928,1.9999999999999998e-05,0.9990199999999999
map/transition3,cea-08,detached,intact,1.0,1.0,0.0009804805139615315,9.800000000392828e-07,0.011582902361779928,1.9999999999999998e-05,0.9990199999999999
mixture/absolute,cea-08,detached,intact,1.0,1.0,0.13838106993068608,0.036225191746088625,0.3831103465322051,0.1273741748759424,0.8717880875771875
mixture/present,cea-08,detached,intact,0.5,0.0,1.1191769574670012,0.6022260043414358,1.4770909728406534,0.1273741748759424,0.32693144088242015
mixture/recency,cea-08,detached,intact,0.0,0.0,7.0451558683988615,1.7068334086838024,0.7050823590452105,0.12822936528837223,0.8298837573681261
mixture/reference,cea-08,detached,intact,1.0,1.0,0.13838106993068608,0.036225191746088625,0.3831103465322051,0.1273741748759424,0.8717880875771875
mixture/transition1,cea-08,detached,intact,0.0,0.0,0.8979921576848183,0.5848099088253239,0.9853860242213486,0.1273741748759424,0.4639603765871112
mixture/transition2,cea-08,detached,intact,1.0,1.0,0.13838106993068608,0.036225191746088625,0.3831103465322051,0.1273741748759424,0.8717880875771875
mixture/transition3,cea-08,detached,intact,1.0,1.0,0.13838106993068608,0.036225191746088625,0.3831103465322051,0.1273741748759424,0.8717880875771875
repaired/absolute,cea-08,detached,intact,1.0,1.0,0.0009804805139615315,9.800000000392828e-07,0.011582902361779928,1.9999999999999998e-05,0.9990199999999999
repaired/present,cea-08,detached,intact,0.5,0.0,0.9817763680502767,0.5626252924999999,1.2652230253095489,1.9999999999999998e-05,0.37464499999999995
repaired/recency,cea-08,detached,intact,0.0,0.0,6.907755278982137,1.90245,0.38625940550147086,0.001,0.951
repaired/reference,cea-08,detached,intact,1.0,1.0,0.0009804805139615315,9.800000000392828e-07,0.011582902361779928,1.9999999999999998e-05,0.9990199999999999
repaired/transition1,cea-08,detached,intact,0.5,0.0,0.6926768181737961,0.49858017924300846,0.7015941834126518,2e-05,0.532863739080266
repaired/transition2,cea-08,detached,intact,1.0,1.0,0.0009804805139615315,9.800000000392828e-07,0.011582902361779928,1.9999999999999998e-05,0.9990199999999999
repaired/transition3,cea-08,detached,intact,1.0,1.0,0.0009804805139615315,9.800000000392828e-07,0.011582902361779928,1.9999999999999998e-05,0.9990199999999999
streaming/absolute,cea-08,detached,intact,1.0,1.0,0.49137842428211903,0.28131313625,0.6384029638356643,1.9999999999999998e-05,0.6868325
streaming/present,cea-08,detached,intact,0.5,0.0,0.9817763680502767,0.5626252924999999,1.2652230253095489,1.9999999999999998e-05,0.37464499999999995
streaming/recency,cea-08,detached,intact,0.0,0.0,6.907755278982137,1.90245,0.38625940550147086,0.001,0.951
streaming/reference,cea-08,detached,intact,1.0,1.0,0.49137842428211903,0.28131313625,0.6384029638356643,1.9999999999999998e-05,0.6868325
streaming/transition1,cea-08,detached,intact,0.5,0.0,5.410379382462122,0.99900098,0.011582902361779817,2e-05,0.99902
streaming/transition2,cea-08,detached,intact,1.0,1.0,0.49137842428211903,0.28131313625,0.6384029638356643,1.9999999999999998e-05,0.6868325
streaming/transition3,cea-08,detached,intact,1.0,1.0,0.49137842428211903,0.28131313625,0.6384029638356643,1.9999999999999998e-05,0.6868325
fixed/absolute,cea-08,detached,intact,0.5,0.0,0.9817763680502767,0.5626252924999999,1.2652230253095489,1.9999999999999998e-05,0.37464499999999995
fixed/present,cea-08,detached,intact,0.5,0.0,0.9817763680502767,0.5626252924999999,1.2652230253095489,1.9999999999999998e-05,0.37464499999999995
fixed/recency,cea-08,detached,intact,0.5,0.0,1.0293194621721604,0.5694812499999999,1.5615080942797084,0.001,0.35724999999999996
fixed/reference,cea-08,detached,intact,0.5,0.0,0.9817763680502767,0.5626252924999999,1.2652230253095489,1.9999999999999998e-05,0.37464499999999995
fixed/transition1,cea-08,detached,intact,0.5,0.0,0.9817763680502767,0.5626252924999999,1.2652230253095489,1.9999999999999998e-05,0.37464499999999995
fixed/transition2,cea-08,detached,intact,0.5,0.0,0.9817763680502767,0.5626252924999999,1.2652230253095489,1.9999999999999998e-05,0.37464499999999995
fixed/transition3,cea-08,detached,intact,0.5,0.0,0.9817763680502767,0.5626252924999999,1.2652230253095489,1.9999999999999998e-05,0.37464499999999995
oracle-boundary/absolute,cea-08,detached,intact,1.0,1.0,0.0009804805139615315,9.800000000392828e-07,0.011582902361779928,1.9999999999999998e-05,0.9990199999999999
oracle-boundary/present,cea-08,detached,intact,0.5,0.0,0.9817763680502767,0.5626252924999999,1.2652230253095489,1.9999999999999998e-05,0.37464499999999995
oracle-boundary/recency,cea-08,detached,intact,0.0,0.0,6.907755278982137,1.90245,0.38625940550147086,0.001,0.951
oracle-boundary/reference,cea-08,detached,intact,1.0,1.0,0.0009804805139615315,9.800000000392828e-07,0.011582902361779928,1.9999999999999998e-05,0.9990199999999999
oracle-boundary/transition1,cea-08,detached,intact,0.5,0.0,0.69410764165507,0.50000048,0.7038282854721148,1.9999999999999998e-05,0.4995199999999999
oracle-boundary/transition2,cea-08,detached,intact,1.0,1.0,0.0009804805139615315,9.800000000392828e-07,0.011582902361779928,1.9999999999999998e-05,0.9990199999999999
oracle-boundary/transition3,cea-08,detached,intact,1.0,1.0,0.0009804805139615315,9.800000000392828e-07,0.011582902361779928,1.9999999999999998e-05,0.9990199999999999
map/absolute,cea-08,legato,intact,1.0,1.0,0.0009804805139615315,9.800000000392828e-07,0.011582902361779928,1.9999999999999998e-05,0.9990199999999999
map/present,cea-08,legato,intact,0.5,0.0,0.9817763680502767,0.5626252924999999,1.2652230253095489,1.9999999999999998e-05,0.37464499999999995
map/recency,cea-08,legato,intact,0.0,0.0,6.907755278982137,1.90245,0.38625940550147086,0.001,0.951
map/reference,cea-08,legato,intact,1.0,1.0,0.0009804805139615315,9.800000000392828e-07,0.011582902361779928,1.9999999999999998e-05,0.9990199999999999
map/transition1,cea-08,legato,intact,0.0,0.0,0.8148675501279391,0.6187047333484728,0.6923738179157437,1.9999999999999998e-05,0.5531942567888016
map/transition2,cea-08,legato,intact,1.0,1.0,0.0009804805139615315,9.800000000392828e-07,0.011582902361779928,1.9999999999999998e-05,0.9990199999999999
map/transition3,cea-08,legato,intact,1.0,1.0,0.0009804805139615315,9.800000000392828e-07,0.011582902361779928,1.9999999999999998e-05,0.9990199999999999
mixture/absolute,cea-08,legato,intact,1.0,1.0,0.4310114686463602,0.20922701515339792,0.8660269861722965,0.29182032978365835,0.6498514578154555
mixture/present,cea-08,legato,intact,0.0,0.0,1.3268138138412218,0.710954076727796,1.4996292716713804,0.29182032978365835,0.29182032978365835
mixture/recency,cea-08,legato,intact,0.0,0.0,7.252792724773082,1.537764263785255,0.8723343341913796,0.29251435974106954,0.6734923362224655
mixture/reference,cea-08,legato,intact,1.0,1.0,0.42792097047746047,0.2077221138681179,0.8592058825748159,0.29182032978365835,0.6518629291791809
mixture/transition1,cea-08,legato,intact,0.0,0.0,1.159904995918884,0.7096520499391916,1.0939409951300119,0.29182032978365835,0.39176876171350206
mixture/transition2,cea-08,legato,intact,1.0,1.0,0.3460179263049066,0.1707154790852876,0.6118090664281504,0.29182032978365835,0.7074998041356124
mixture/transition3,cea-08,legato,intact,1.0,1.0,0.4310114686463602,0.20922701515339792,0.8660269861722965,0.29182032978365835,0.6498514578154555
repaired/absolute,cea-08,legato,intact,1.0,1.0,0.0009804805139615315,9.800000000392828e-07,0.011582902361779928,1.9999999999999998e-05,0.9990199999999999
repaired/present,cea-08,legato,intact,0.5,0.0,0.9817763680502767,0.5626252924999999,1.2652230253095489,1.9999999999999998e-05,0.37464499999999995
repaired/recency,cea-08,legato,intact,0.0,0.0,6.907755278982137,1.90245,0.38625940550147086,0.001,0.951
repaired/reference,cea-08,legato,intact,1.0,1.0,0.0009804805139615315,9.800000000392828e-07,0.011582902361779928,1.9999999999999998e-05,0.9990199999999999
repaired/transition1,cea-08,legato,intact,1.0,1.0,0.693157499939975,0.49905125064269795,0.7038274404519056,1.9999999999999998e-05,0.49999503678290835
repaired/transition2,cea-08,legato,intact,1.0,1.0,0.0009804805139615315,9.800000000392828e-07,0.011582902361779928,1.9999999999999998e-05,0.9990199999999999
repaired/transition3,cea-08,legato,intact,1.0,1.0,0.0009804805139615315,9.800000000392828e-07,0.011582902361779928,1.9999999999999998e-05,0.9990199999999999
streaming/absolute,cea-08,legato,intact,0.5,0.0,0.9817763680502767,0.5626252924999999,1.2652230253095489,1.9999999999999998e-05,0.37464499999999995
streaming/present,cea-08,legato,intact,0.5,0.0,0.9817763680502767,0.5626252924999999,1.2652230253095489,1.9999999999999998e-05,0.37464499999999995
streaming/recency,cea-08,legato,intact,0.0,0.0,6.907755278982137,1.90245,0.38625940550147086,0.001,0.951
streaming/reference,cea-08,legato,intact,0.5,0.0,0.9817763680502767,0.5626252924999999,1.2652230253095489,1.9999999999999998e-05,0.37464499999999995
streaming/transition1,cea-08,legato,intact,0.5,0.0,0.9817763680502767,0.5626252924999999,1.2652230253095489,1.9999999999999998e-05,0.37464499999999995
streaming/transition2,cea-08,legato,intact,0.5,0.0,0.9817763680502767,0.5626252924999999,1.2652230253095489,1.9999999999999998e-05,0.37464499999999995
streaming/transition3,cea-08,legato,intact,0.5,0.0,0.9817763680502767,0.5626252924999999,1.2652230253095489,1.9999999999999998e-05,0.37464499999999995
fixed/absolute,cea-08,legato,intact,0.5,0.0,0.9817763680502767,0.5626252924999999,1.2652230253095489,1.9999999999999998e-05,0.37464499999999995
fixed/present,cea-08,legato,intact,0.5,0.0,0.9817763680502767,0.5626252924999999,1.2652230253095489,1.9999999999999998e-05,0.37464499999999995
fixed/recency,cea-08,legato,intact,0.5,0.0,1.0293194621721604,0.5694812499999999,1.5615080942797084,0.001,0.35724999999999996
fixed/reference,cea-08,legato,intact,0.5,0.0,0.9817763680502767,0.5626252924999999,1.2652230253095489,1.9999999999999998e-05,0.37464499999999995
fixed/transition1,cea-08,legato,intact,0.5,0.0,0.9817763680502767,0.5626252924999999,1.2652230253095489,1.9999999999999998e-05,0.37464499999999995
fixed/transition2,cea-08,legato,intact,0.5,0.0,0.9817763680502767,0.5626252924999999,1.2652230253095489,1.9999999999999998e-05,0.37464499999999995
fixed/transition3,cea-08,legato,intact,0.5,0.0,0.9817763680502767,0.5626252924999999,1.2652230253095489,1.9999999999999998e-05,0.37464499999999995
oracle-boundary/absolute,cea-08,legato,intact,1.0,1.0,0.0009804805139615315,9.800000000392828e-07,0.011582902361779928,1.9999999999999998e-05,0.9990199999999999
oracle-boundary/present,cea-08,legato,intact,0.5,0.0,0.9817763680502767,0.5626252924999999,1.2652230253095489,1.9999999999999998e-05,0.37464499999999995
oracle-boundary/recency,cea-08,legato,intact,0.0,0.0,6.907755278982137,1.90245,0.38625940550147086,0.001,0.951
oracle-boundary/reference,cea-08,legato,intact,1.0,1.0,0.0009804805139615315,9.800000000392828e-07,0.011582902361779928,1.9999999999999998e-05,0.9990199999999999
oracle-boundary/transition1,cea-08,legato,intact,0.5,0.0,0.69410764165507,0.50000048,0.7038282854721148,1.9999999999999998e-05,0.4995199999999999
oracle-boundary/transition2,cea-08,legato,intact,1.0,1.0,0.0009804805139615315,9.800000000392828e-07,0.011582902361779928,1.9999999999999998e-05,0.9990199999999999
oracle-boundary/transition3,cea-08,legato,intact,1.0,1.0,0.0009804805139615315,9.800000000392828e-07,0.011582902361779928,1.9999999999999998e-05,0.9990199999999999
map/absolute,cea-08,duration,intact,1.0,1.0,0.0009804805139615315,9.800000000392828e-07,0.011582902361779928,1.9999999999999998e-05,0.9990199999999999
map/present,cea-08,duration,intact,0.5,0.0,0.9817763680502767,0.5626252924999999,1.2652230253095489,1.9999999999999998e-05,0.37464499999999995
map/recency,cea-08,duration,intact,0.0,0.0,6.907755278982137,1.90245,0.38625940550147086,0.001,0.951
map/reference,cea-08,duration,intact,1.0,1.0,0.0009804805139615315,9.800000000392828e-07,0.011582902361779928,1.9999999999999998e-05,0.9990199999999999
map/transition1,cea-08,duration,intact,1.0,1.0,0.6512805697759747,0.45724168925430986,0.7028580730249885,1.9999999999999998e-05,0.5213838707413954
map/transition2,cea-08,duration,intact,1.0,1.0,0.0009804805139615315,9.800000000392828e-07,0.011582902361779928,1.9999999999999998e-05,0.9990199999999999
map/transition3,cea-08,duration,intact,1.0,1.0,0.0009804805139615315,9.800000000392828e-07,0.011582902361779928,1.9999999999999998e-05,0.9990199999999999
mixture/absolute,cea-08,duration,intact,1.0,1.0,0.653931555683384,0.4452903355937281,0.7751005874789404,0.4622325139947667,0.5201815220701016
mixture/present,cea-08,duration,intact,0.0,0.0,1.6037432183594293,0.9021705395958981,1.3686471368120818,0.4622325139947667,0.4622325139947667
mixture/recency,cea-08,duration,intact,0.0,0.0,7.52972212929129,1.476463680772384,0.8919177001344378,0.4627595366715054,0.5172606164879101
mixture/reference,cea-08,duration,intact,1.0,1.0,0.653931555683384,0.4452903355937281,0.7751005874789404,0.4622325139947667,0.5201815220701016
mixture/transition1,cea-08,duration,intact,0.0,0.0,1.323786797500781,0.8276215909578785,1.0659071939519402,0.4622325139947667,0.4622325139947667
mixture/transition2,cea-08,duration,intact,1.0,1.0,0.653931555683384,0.4452903355937281,0.7751005874789404,0.4622325139947667,0.5201815220701016
mixture/transition3,cea-08,duration,intact,1.0,1.0,0.653931555683384,0.4452903355937281,0.7751005874789404,0.4622325139947667,0.5201815220701016
repaired/absolute,cea-08,duration,intact,1.0,1.0,0.0009804805139615315,9.800000000392828e-07,0.011582902361779928,1.9999999999999998e-05,0.9990199999999999
repaired/present,cea-08,duration,intact,0.5,0.0,0.9817763680502767,0.5626252924999999,1.2652230253095489,1.9999999999999998e-05,0.37464499999999995
repaired/recency,cea-08,duration,intact,0.0,0.0,6.907755278982137,1.90245,0.38625940550147086,0.001,0.951
repaired/reference,cea-08,duration,intact,1.0,1.0,0.0009804805139615315,9.800000000392828e-07,0.011582902361779928,1.9999999999999998e-05,0.9990199999999999
repaired/transition1,cea-08,duration,intact,1.0,1.0,0.552366487776042,0.35944566160818625,0.6921768311993975,1.9999999999999998e-05,0.5755947250872187
repaired/transition2,cea-08,duration,intact,1.0,1.0,0.0009804805139615315,9.800000000392828e-07,0.011582902361779928,1.9999999999999998e-05,0.9990199999999999
repaired/transition3,cea-08,duration,intact,1.0,1.0,0.0009804805139615315,9.800000000392828e-07,0.011582902361779928,1.9999999999999998e-05,0.9990199999999999
streaming/absolute,cea-08,duration,intact,0.5,0.0,0.9817763680502767,0.5626252924999999,1.2652230253095489,1.9999999999999998e-05,0.37464499999999995
streaming/present,cea-08,duration,intact,0.5,0.0,0.9817763680502767,0.5626252924999999,1.2652230253095489,1.9999999999999998e-05,0.37464499999999995
streaming/recency,cea-08,duration,intact,0.5,0.0,1.0293194621721604,0.5694812499999999,1.5615080942797084,0.001,0.35724999999999996
streaming/reference,cea-08,duration,intact,0.5,0.0,0.9817763680502767,0.5626252924999999,1.2652230253095489,1.9999999999999998e-05,0.37464499999999995
streaming/transition1,cea-08,duration,intact,0.5,0.0,0.9817763680502767,0.5626252924999999,1.2652230253095489,1.9999999999999998e-05,0.37464499999999995
streaming/transition2,cea-08,duration,intact,0.5,0.0,0.9817763680502767,0.5626252924999999,1.2652230253095489,1.9999999999999998e-05,0.37464499999999995
streaming/transition3,cea-08,duration,intact,0.5,0.0,0.9817763680502767,0.5626252924999999,1.2652230253095489,1.9999999999999998e-05,0.37464499999999995
fixed/absolute,cea-08,duration,intact,0.5,0.0,0.9817763680502767,0.5626252924999999,1.2652230253095489,1.9999999999999998e-05,0.37464499999999995
fixed/present,cea-08,duration,intact,0.5,0.0,0.9817763680502767,0.5626252924999999,1.2652230253095489,1.9999999999999998e-05,0.37464499999999995
fixed/recency,cea-08,duration,intact,0.0,0.0,6.907755278982137,1.90245,0.38625940550147086,0.001,0.951
fixed/reference,cea-08,duration,intact,0.5,0.0,0.9817763680502767,0.5626252924999999,1.2652230253095489,1.9999999999999998e-05,0.37464499999999995
fixed/transition1,cea-08,duration,intact,0.5,0.0,0.9817763680502767,0.5626252924999999,1.2652230253095489,1.9999999999999998e-05,0.37464499999999995
fixed/transition2,cea-08,duration,intact,0.5,0.0,0.9817763680502767,0.5626252924999999,1.2652230253095489,1.9999999999999998e-05,0.37464499999999995
fixed/transition3,cea-08,duration,intact,0.5,0.0,0.9817763680502767,0.5626252924999999,1.2652230253095489,1.9999999999999998e-05,0.37464499999999995
oracle-boundary/absolute,cea-08,duration,intact,1.0,1.0,0.0009804805139615315,9.800000000392828e-07,0.011582902361779928,1.9999999999999998e-05,0.9990199999999999
oracle-boundary/present,cea-08,duration,intact,0.5,0.0,0.9817763680502767,0.5626252924999999,1.2652230253095489,1.9999999999999998e-05,0.37464499999999995
oracle-boundary/recency,cea-08,duration,intact,0.0,0.0,6.907755278982137,1.90245,0.38625940550147086,0.001,0.951
oracle-boundary/reference,cea-08,duration,intact,1.0,1.0,0.0009804805139615315,9.800000000392828e-07,0.011582902361779928,1.9999999999999998e-05,0.9990199999999999
oracle-boundary/transition1,cea-08,duration,intact,0.5,0.0,0.69410764165507,0.50000048,0.7038282854721148,1.9999999999999998e-05,0.4995199999999999
oracle-boundary/transition2,cea-08,duration,intact,1.0,1.0,0.0009804805139615315,9.800000000392828e-07,0.011582902361779928,1.9999999999999998e-05,0.9990199999999999
oracle-boundary/transition3,cea-08,duration,intact,1.0,1.0,0.0009804805139615315,9.800000000392828e-07,0.011582902361779928,1.9999999999999998e-05,0.9990199999999999
map/absolute,cea-08,joint,intact,1.0,1.0,0.0009804805139615315,9.800000000392828e-07,0.011582902361779928,1.9999999999999998e-05,0.9990199999999999
map/present,cea-08,joint,intact,0.5,0.0,0.9817763680502767,0.5626252924999999,1.2652230253095489,1.9999999999999998e-05,0.37464499999999995
map/recency,cea-08,joint,intact,0.0,0.0,6.907755278982137,1.90245,0.38625940550147086,0.001,0.951
map/reference,cea-08,joint,intact,1.0,1.0,0.0009804805139615315,9.800000000392828e-07,0.011582902361779928,1.9999999999999998e-05,0.9990199999999999
map/transition1,cea-08,joint,intact,1.0,1.0,0.6526638316989758,0.45862108914683986,0.702920159142463,1.9999999999999998e-05,0.5206631775115094
map/transition2,cea-08,joint,intact,1.0,1.0,0.0009804805139615315,9.800000000392828e-07,0.011582902361779928,1.9999999999999998e-05,0.9990199999999999
map/transition3,cea-08,joint,intact,1.0,1.0,0.0009804805139615315,9.800000000392828e-07,0.011582902361779928,1.9999999999999998e-05,0.9990199999999999
mixture/absolute,cea-08,joint,intact,1.0,1.0,0.653931555683384,0.4452903355937281,0.7751005874789404,0.4622325139947667,0.5201815220701016
mixture/present,cea-08,joint,intact,0.0,0.0,1.6037432183594293,0.9021705395958981,1.3686471368120818,0.4622325139947667,0.4622325139947667
mixture/recency,cea-08,joint,intact,0.0,0.0,7.52972212929129,1.476463680772384,0.8919177001344378,0.4627595366715054,0.5172606164879101
mixture/reference,cea-08,joint,intact,1.0,1.0,0.653931555683384,0.4452903355937281,0.7751005874789404,0.4622325139947667,0.5201815220701016
mixture/transition1,cea-08,joint,intact,0.0,0.0,1.325170056570924,0.8283614540251828,1.065901838474862,0.4622325139947667,0.4622325139947667
mixture/transition2,cea-08,joint,intact,1.0,1.0,0.653931555683384,0.4452903355937281,0.7751005874789404,0.4622325139947667,0.5201815220701016
mixture/transition3,cea-08,joint,intact,1.0,1.0,0.653931555683384,0.4452903355937281,0.7751005874789404,0.4622325139947667,0.5201815220701016
repaired/absolute,cea-08,joint,intact,1.0,1.0,0.0009804805139615315,9.800000000392828e-07,0.011582902361779928,1.9999999999999998e-05,0.9990199999999999
repaired/present,cea-08,joint,intact,0.5,0.0,0.9817763680502767,0.5626252924999999,1.2652230253095489,1.9999999999999998e-05,0.37464499999999995
repaired/recency,cea-08,joint,intact,0.0,0.0,6.907755278982137,1.90245,0.38625940550147086,0.001,0.951
repaired/reference,cea-08,joint,intact,1.0,1.0,0.0009804805139615315,9.800000000392828e-07,0.011582902361779928,1.9999999999999998e-05,0.9990199999999999
repaired/transition1,cea-08,joint,intact,1.0,1.0,0.5556294338652016,0.36263217383454727,0.6927451910815704,1.9999999999999998e-05,0.5737197278101497
repaired/transition2,cea-08,joint,intact,1.0,1.0,0.0009804805139615315,9.800000000392828e-07,0.011582902361779928,1.9999999999999998e-05,0.9990199999999999
repaired/transition3,cea-08,joint,intact,1.0,1.0,0.0009804805139615315,9.800000000392828e-07,0.011582902361779928,1.9999999999999998e-05,0.9990199999999999
streaming/absolute,cea-08,joint,intact,0.5,0.0,0.9817763680502767,0.5626252924999999,1.2652230253095489,1.9999999999999998e-05,0.37464499999999995
streaming/present,cea-08,joint,intact,0.5,0.0,0.9817763680502767,0.5626252924999999,1.2652230253095489,1.9999999999999998e-05,0.37464499999999995
streaming/recency,cea-08,joint,intact,0.5,0.0,1.0293194621721604,0.5694812499999999,1.5615080942797084,0.001,0.35724999999999996
streaming/reference,cea-08,joint,intact,0.5,0.0,0.9817763680502767,0.5626252924999999,1.2652230253095489,1.9999999999999998e-05,0.37464499999999995
streaming/transition1,cea-08,joint,intact,0.5,0.0,0.9817763680502767,0.5626252924999999,1.2652230253095489,1.9999999999999998e-05,0.37464499999999995
streaming/transition2,cea-08,joint,intact,0.5,0.0,0.9817763680502767,0.5626252924999999,1.2652230253095489,1.9999999999999998e-05,0.37464499999999995
streaming/transition3,cea-08,joint,intact,0.5,0.0,0.9817763680502767,0.5626252924999999,1.2652230253095489,1.9999999999999998e-05,0.37464499999999995
fixed/absolute,cea-08,joint,intact,0.5,0.0,0.9817763680502767,0.5626252924999999,1.2652230253095489,1.9999999999999998e-05,0.37464499999999995
fixed/present,cea-08,joint,intact,0.5,0.0,0.9817763680502767,0.5626252924999999,1.2652230253095489,1.9999999999999998e-05,0.37464499999999995
fixed/recency,cea-08,joint,intact,0.0,0.0,6.907755278982137,1.90245,0.38625940550147086,0.001,0.951
fixed/reference,cea-08,joint,intact,0.5,0.0,0.9817763680502767,0.5626252924999999,1.2652230253095489,1.9999999999999998e-05,0.37464499999999995
fixed/transition1,cea-08,joint,intact,0.0,0.0,10.819778284410283,1.99800098,0.011582902361779817,2e-05,0.99902
fixed/transition2,cea-08,joint,intact,0.5,0.0,0.9817763680502767,0.5626252924999999,1.2652230253095489,1.9999999999999998e-05,0.37464499999999995
fixed/transition3,cea-08,joint,intact,0.5,0.0,0.9817763680502767,0.5626252924999999,1.2652230253095489,1.9999999999999998e-05,0.37464499999999995
oracle-boundary/absolute,cea-08,joint,intact,1.0,1.0,0.0009804805139615315,9.800000000392828e-07,0.011582902361779928,1.9999999999999998e-05,0.9990199999999999
oracle-boundary/present,cea-08,joint,intact,0.5,0.0,0.9817763680502767,0.5626252924999999,1.2652230253095489,1.9999999999999998e-05,0.37464499999999995
oracle-boundary/recency,cea-08,joint,intact,0.0,0.0,6.907755278982137,1.90245,0.38625940550147086,0.001,0.951
oracle-boundary/reference,cea-08,joint,intact,1.0,1.0,0.0009804805139615315,9.800000000392828e-07,0.011582902361779928,1.9999999999999998e-05,0.9990199999999999
oracle-boundary/transition1,cea-08,joint,intact,0.5,0.0,0.69410764165507,0.50000048,0.7038282854721148,1.9999999999999998e-05,0.4995199999999999
oracle-boundary/transition2,cea-08,joint,intact,1.0,1.0,0.0009804805139615315,9.800000000392828e-07,0.011582902361779928,1.9999999999999998e-05,0.9990199999999999
oracle-boundary/transition3,cea-08,joint,intact,1.0,1.0,0.0009804805139615315,9.800000000392828e-07,0.011582902361779928,1.9999999999999998e-05,0.9990199999999999
map/absolute,cea-08,joint,reset,0.5,0.0,0.9817763680502767,0.5626252924999999,1.2652230253095489,1.9999999999999998e-05,0.37464499999999995
map/present,cea-08,joint,reset,0.5,0.0,0.9817763680502767,0.5626252924999999,1.2652230253095489,1.9999999999999998e-05,0.37464499999999995
map/recency,cea-08,joint,reset,0.5,0.0,1.0293194621721604,0.5694812499999999,1.5615080942797084,0.001,0.35724999999999996
map/reference,cea-08,joint,reset,0.5,0.0,0.9817763680502767,0.5626252924999999,1.2652230253095489,1.9999999999999998e-05,0.37464499999999995
map/transition1,cea-08,joint,reset,0.5,0.0,0.9817763680502767,0.5626252924999999,1.2652230253095489,1.9999999999999998e-05,0.37464499999999995
map/transition2,cea-08,joint,reset,0.5,0.0,0.9817763680502767,0.5626252924999999,1.2652230253095489,1.9999999999999998e-05,0.37464499999999995
map/transition3,cea-08,joint,reset,0.5,0.0,0.9817763680502767,0.5626252924999999,1.2652230253095489,1.9999999999999998e-05,0.37464499999999995
mixture/absolute,cea-08,joint,reset,0.5,0.0,0.9817763680502767,0.5626252924999999,1.2652230253095489,1.9999999999999998e-05,0.37464499999999995
mixture/present,cea-08,joint,reset,0.5,0.0,0.9817763680502767,0.5626252924999999,1.2652230253095489,1.9999999999999998e-05,0.37464499999999995
mixture/recency,cea-08,joint,reset,0.5,0.0,1.0293194621721604,0.5694812499999999,1.5615080942797084,0.001,0.35724999999999996
mixture/reference,cea-08,joint,reset,0.5,0.0,0.9817763680502767,0.5626252924999999,1.2652230253095489,1.9999999999999998e-05,0.37464499999999995
mixture/transition1,cea-08,joint,reset,0.5,0.0,0.9817763680502767,0.5626252924999999,1.2652230253095489,1.9999999999999998e-05,0.37464499999999995
mixture/transition2,cea-08,joint,reset,0.5,0.0,0.9817763680502767,0.5626252924999999,1.2652230253095489,1.9999999999999998e-05,0.37464499999999995
mixture/transition3,cea-08,joint,reset,0.5,0.0,0.9817763680502767,0.5626252924999999,1.2652230253095489,1.9999999999999998e-05,0.37464499999999995
repaired/absolute,cea-08,joint,reset,0.5,0.0,0.9817763680502767,0.5626252924999999,1.2652230253095489,1.9999999999999998e-05,0.37464499999999995
repaired/present,cea-08,joint,reset,0.5,0.0,0.9817763680502767,0.5626252924999999,1.2652230253095489,1.9999999999999998e-05,0.37464499999999995
repaired/recency,cea-08,joint,reset,0.5,0.0,1.0293194621721604,0.5694812499999999,1.5615080942797084,0.001,0.35724999999999996
repaired/reference,cea-08,joint,reset,0.5,0.0,0.9817763680502767,0.5626252924999999,1.2652230253095489,1.9999999999999998e-05,0.37464499999999995
repaired/transition1,cea-08,joint,reset,0.5,0.0,0.9817763680502767,0.5626252924999999,1.2652230253095489,1.9999999999999998e-05,0.37464499999999995
repaired/transition2,cea-08,joint,reset,0.5,0.0,0.9817763680502767,0.5626252924999999,1.2652230253095489,1.9999999999999998e-05,0.37464499999999995
repaired/transition3,cea-08,joint,reset,0.5,0.0,0.9817763680502767,0.5626252924999999,1.2652230253095489,1.9999999999999998e-05,0.37464499999999995
streaming/absolute,cea-08,joint,reset,0.5,0.0,0.9817763680502767,0.5626252924999999,1.2652230253095489,1.9999999999999998e-05,0.37464499999999995
streaming/present,cea-08,joint,reset,0.5,0.0,0.9817763680502767,0.5626252924999999,1.2652230253095489,1.9999999999999998e-05,0.37464499999999995
streaming/recency,cea-08,joint,reset,0.5,0.0,1.0293194621721604,0.5694812499999999,1.5615080942797084,0.001,0.35724999999999996
streaming/reference,cea-08,joint,reset,0.5,0.0,0.9817763680502767,0.5626252924999999,1.2652230253095489,1.9999999999999998e-05,0.37464499999999995
streaming/transition1,cea-08,joint,reset,0.5,0.0,0.9817763680502767,0.5626252924999999,1.2652230253095489,1.9999999999999998e-05,0.37464499999999995
streaming/transition2,cea-08,joint,reset,0.5,0.0,0.9817763680502767,0.5626252924999999,1.2652230253095489,1.9999999999999998e-05,0.37464499999999995
streaming/transition3,cea-08,joint,reset,0.5,0.0,0.9817763680502767,0.5626252924999999,1.2652230253095489,1.9999999999999998e-05,0.37464499999999995
fixed/absolute,cea-08,joint,reset,0.5,0.0,0.9817763680502767,0.5626252924999999,1.2652230253095489,1.9999999999999998e-05,0.37464499999999995
fixed/present,cea-08,joint,reset,0.5,0.0,0.9817763680502767,0.5626252924999999,1.2652230253095489,1.9999999999999998e-05,0.37464499999999995
fixed/recency,cea-08,joint,reset,0.0,0.0,6.907755278982137,1.90245,0.38625940550147086,0.001,0.951
fixed/reference,cea-08,joint,reset,0.5,0.0,0.9817763680502767,0.5626252924999999,1.2652230253095489,1.9999999999999998e-05,0.37464499999999995
fixed/transition1,cea-08,joint,reset,0.0,0.0,10.819778284410283,1.99800098,0.011582902361779817,2e-05,0.99902
fixed/transition2,cea-08,joint,reset,0.5,0.0,0.9817763680502767,0.5626252924999999,1.2652230253095489,1.9999999999999998e-05,0.37464499999999995
fixed/transition3,cea-08,joint,reset,0.5,0.0,0.9817763680502767,0.5626252924999999,1.2652230253095489,1.9999999999999998e-05,0.37464499999999995
oracle-boundary/absolute,cea-08,joint,reset,0.5,0.0,0.9817763680502767,0.5626252924999999,1.2652230253095489,1.9999999999999998e-05,0.37464499999999995
oracle-boundary/present,cea-08,joint,reset,0.5,0.0,0.9817763680502767,0.5626252924999999,1.2652230253095489,1.9999999999999998e-05,0.37464499999999995
oracle-boundary/recency,cea-08,joint,reset,0.5,0.0,1.0293194621721604,0.5694812499999999,1.5615080942797084,0.001,0.35724999999999996
oracle-boundary/reference,cea-08,joint,reset,0.5,0.0,0.9817763680502767,0.5626252924999999,1.2652230253095489,1.9999999999999998e-05,0.37464499999999995
oracle-boundary/transition1,cea-08,joint,reset,0.5,0.0,0.9817763680502767,0.5626252924999999,1.2652230253095489,1.9999999999999998e-05,0.37464499999999995
oracle-boundary/transition2,cea-08,joint,reset,0.5,0.0,0.9817763680502767,0.5626252924999999,1.2652230253095489,1.9999999999999998e-05,0.37464499999999995
oracle-boundary/transition3,cea-08,joint,reset,0.5,0.0,0.9817763680502767,0.5626252924999999,1.2652230253095489,1.9999999999999998e-05,0.37464499999999995
map/absolute,cea-08,joint,removal,0.5,0.0,0.9817763680502767,0.5626252924999999,1.2652230253095489,1.9999999999999998e-05,0.37464499999999995
map/present,cea-08,joint,removal,0.5,0.0,0.9817763680502767,0.5626252924999999,1.2652230253095489,1.9999999999999998e-05,0.37464499999999995
map/recency,cea-08,joint,removal,0.5,0.0,1.0293194621721604,0.5694812499999999,1.5615080942797084,0.001,0.35724999999999996
map/reference,cea-08,joint,removal,0.5,0.0,0.9817763680502767,0.5626252924999999,1.2652230253095489,1.9999999999999998e-05,0.37464499999999995
map/transition1,cea-08,joint,removal,0.5,0.0,0.9817763680502767,0.5626252924999999,1.2652230253095489,1.9999999999999998e-05,0.37464499999999995
map/transition2,cea-08,joint,removal,0.5,0.0,0.9817763680502767,0.5626252924999999,1.2652230253095489,1.9999999999999998e-05,0.37464499999999995
map/transition3,cea-08,joint,removal,0.5,0.0,0.9817763680502767,0.5626252924999999,1.2652230253095489,1.9999999999999998e-05,0.37464499999999995
mixture/absolute,cea-08,joint,removal,0.5,0.0,1.210979634104034,0.6433735609741591,1.5129270298108728,0.2048490166958684,0.29790529824594125
mixture/present,cea-08,joint,removal,0.5,0.0,1.210979634104034,0.6433735609741591,1.5129270298108728,0.2048490166958684,0.29790529824594125
mixture/recency,cea-08,joint,removal,0.5,0.0,1.2585227282259175,0.653694228637582,1.7434785127634778,0.20562828024477744,0.28407337025280605
mixture/reference,cea-08,joint,removal,0.5,0.0,1.210979634104034,0.6433735609741591,1.5129270298108728,0.2048490166958684,0.29790529824594125
mixture/transition1,cea-08,joint,removal,0.5,0.0,1.210979634104034,0.6433735609741591,1.5129270298108728,0.2048490166958684,0.29790529824594125
mixture/transition2,cea-08,joint,removal,0.5,0.0,1.210979634104034,0.6433735609741591,1.5129270298108728,0.2048490166958684,0.29790529824594125
mixture/transition3,cea-08,joint,removal,0.5,0.0,1.210979634104034,0.6433735609741591,1.5129270298108728,0.2048490166958684,0.29790529824594125
repaired/absolute,cea-08,joint,removal,0.5,0.0,0.9817763680502767,0.5626252924999999,1.2652230253095489,1.9999999999999998e-05,0.37464499999999995
repaired/present,cea-08,joint,removal,0.5,0.0,0.9817763680502767,0.5626252924999999,1.2652230253095489,1.9999999999999998e-05,0.37464499999999995
repaired/recency,cea-08,joint,removal,0.5,0.0,1.0293194621721604,0.5694812499999999,1.5615080942797084,0.001,0.35724999999999996
repaired/reference,cea-08,joint,removal,0.5,0.0,0.9817763680502767,0.5626252924999999,1.2652230253095489,1.9999999999999998e-05,0.37464499999999995
repaired/transition1,cea-08,joint,removal,0.5,0.0,0.9817763680502767,0.5626252924999999,1.2652230253095489,1.9999999999999998e-05,0.37464499999999995
repaired/transition2,cea-08,joint,removal,0.5,0.0,0.9817763680502767,0.5626252924999999,1.2652230253095489,1.9999999999999998e-05,0.37464499999999995
repaired/transition3,cea-08,joint,removal,0.5,0.0,0.9817763680502767,0.5626252924999999,1.2652230253095489,1.9999999999999998e-05,0.37464499999999995
streaming/absolute,cea-08,joint,removal,0.5,0.0,0.9817763680502767,0.5626252924999999,1.2652230253095489,1.9999999999999998e-05,0.37464499999999995
streaming/present,cea-08,joint,removal,0.5,0.0,0.9817763680502767,0.5626252924999999,1.2652230253095489,1.9999999999999998e-05,0.37464499999999995
streaming/recency,cea-08,joint,removal,0.5,0.0,1.0293194621721604,0.5694812499999999,1.5615080942797084,0.001,0.35724999999999996
streaming/reference,cea-08,joint,removal,0.5,0.0,0.9817763680502767,0.5626252924999999,1.2652230253095489,1.9999999999999998e-05,0.37464499999999995
streaming/transition1,cea-08,joint,removal,0.5,0.0,0.9817763680502767,0.5626252924999999,1.2652230253095489,1.9999999999999998e-05,0.37464499999999995
streaming/transition2,cea-08,joint,removal,0.5,0.0,0.9817763680502767,0.5626252924999999,1.2652230253095489,1.9999999999999998e-05,0.37464499999999995
streaming/transition3,cea-08,joint,removal,0.5,0.0,0.9817763680502767,0.5626252924999999,1.2652230253095489,1.9999999999999998e-05,0.37464499999999995
fixed/absolute,cea-08,joint,removal,0.5,0.0,0.9817763680502767,0.5626252924999999,1.2652230253095489,1.9999999999999998e-05,0.37464499999999995
fixed/present,cea-08,joint,removal,0.5,0.0,0.9817763680502767,0.5626252924999999,1.2652230253095489,1.9999999999999998e-05,0.37464499999999995
fixed/recency,cea-08,joint,removal,0.0,0.0,6.907755278982137,1.90245,0.38625940550147086,0.001,0.951
fixed/reference,cea-08,joint,removal,0.5,0.0,0.9817763680502767,0.5626252924999999,1.2652230253095489,1.9999999999999998e-05,0.37464499999999995
fixed/transition1,cea-08,joint,removal,0.0,0.0,10.819778284410283,1.99800098,0.011582902361779817,2e-05,0.99902
fixed/transition2,cea-08,joint,removal,0.5,0.0,0.9817763680502767,0.5626252924999999,1.2652230253095489,1.9999999999999998e-05,0.37464499999999995
fixed/transition3,cea-08,joint,removal,0.5,0.0,0.9817763680502767,0.5626252924999999,1.2652230253095489,1.9999999999999998e-05,0.37464499999999995
oracle-boundary/absolute,cea-08,joint,removal,0.5,0.0,0.9817763680502767,0.5626252924999999,1.2652230253095489,1.9999999999999998e-05,0.37464499999999995
oracle-boundary/present,cea-08,joint,removal,0.5,0.0,0.9817763680502767,0.5626252924999999,1.2652230253095489,1.9999999999999998e-05,0.37464499999999995
oracle-boundary/recency,cea-08,joint,removal,0.5,0.0,1.0293194621721604,0.5694812499999999,1.5615080942797084,0.001,0.35724999999999996
oracle-boundary/reference,cea-08,joint,removal,0.5,0.0,0.9817763680502767,0.5626252924999999,1.2652230253095489,1.9999999999999998e-05,0.37464499999999995
oracle-boundary/transition1,cea-08,joint,removal,0.5,0.0,0.9817763680502767,0.5626252924999999,1.2652230253095489,1.9999999999999998e-05,0.37464499999999995
oracle-boundary/transition2,cea-08,joint,removal,0.5,0.0,0.9817763680502767,0.5626252924999999,1.2652230253095489,1.9999999999999998e-05,0.37464499999999995
oracle-boundary/transition3,cea-08,joint,removal,0.5,0.0,0.9817763680502767,0.5626252924999999,1.2652230253095489,1.9999999999999998e-05,0.37464499999999995
map/absolute,cea-08,joint,swap,1.0,1.0,0.0009804805139615315,9.800000000392828e-07,0.011582902361779928,1.9999999999999998e-05,0.9990199999999999
map/present,cea-08,joint,swap,0.5,0.0,0.9817763680502767,0.5626252924999999,1.2652230253095489,1.9999999999999998e-05,0.37464499999999995
map/recency,cea-08,joint,swap,0.0,0.0,6.907755278982137,1.90245,0.38625940550147086,0.001,0.951
map/reference,cea-08,joint,swap,1.0,1.0,0.0009804805139615315,9.800000000392828e-07,0.011582902361779928,1.9999999999999998e-05,0.9990199999999999
map/transition1,cea-08,joint,swap,1.0,1.0,0.6526638316989758,0.45862108914683986,0.702920159142463,1.9999999999999998e-05,0.5206631775115094
map/transition2,cea-08,joint,swap,1.0,1.0,0.0009804805139615315,9.800000000392828e-07,0.011582902361779928,1.9999999999999998e-05,0.9990199999999999
map/transition3,cea-08,joint,swap,1.0,1.0,0.0009804805139615315,9.800000000392828e-07,0.011582902361779928,1.9999999999999998e-05,0.9990199999999999
mixture/absolute,cea-08,joint,swap,1.0,1.0,0.653931555683384,0.4452903355937281,0.7751005874789404,0.4622325139947667,0.5201815220701016
mixture/present,cea-08,joint,swap,0.0,0.0,1.6037432183594293,0.9021705395958981,1.3686471368120818,0.4622325139947667,0.4622325139947667
mixture/recency,cea-08,joint,swap,0.0,0.0,7.52972212929129,1.476463680772384,0.8919177001344378,0.4627595366715054,0.5172606164879101
mixture/reference,cea-08,joint,swap,1.0,1.0,0.653931555683384,0.4452903355937281,0.7751005874789404,0.4622325139947667,0.5201815220701016
mixture/transition1,cea-08,joint,swap,0.0,0.0,1.325170056570924,0.8283614540251828,1.065901838474862,0.4622325139947667,0.4622325139947667
mixture/transition2,cea-08,joint,swap,1.0,1.0,0.653931555683384,0.4452903355937281,0.7751005874789404,0.4622325139947667,0.5201815220701016
mixture/transition3,cea-08,joint,swap,1.0,1.0,0.653931555683384,0.4452903355937281,0.7751005874789404,0.4622325139947667,0.5201815220701016
repaired/absolute,cea-08,joint,swap,1.0,1.0,0.0009804805139615315,9.800000000392828e-07,0.011582902361779928,1.9999999999999998e-05,0.9990199999999999
repaired/present,cea-08,joint,swap,0.5,0.0,0.9817763680502767,0.5626252924999999,1.2652230253095489,1.9999999999999998e-05,0.37464499999999995
repaired/recency,cea-08,joint,swap,0.0,0.0,6.907755278982137,1.90245,0.38625940550147086,0.001,0.951
repaired/reference,cea-08,joint,swap,1.0,1.0,0.0009804805139615315,9.800000000392828e-07,0.011582902361779928,1.9999999999999998e-05,0.9990199999999999
repaired/transition1,cea-08,joint,swap,1.0,1.0,0.5556294338652016,0.36263217383454727,0.6927451910815704,1.9999999999999998e-05,0.5737197278101497
repaired/transition2,cea-08,joint,swap,1.0,1.0,0.0009804805139615315,9.800000000392828e-07,0.011582902361779928,1.9999999999999998e-05,0.9990199999999999
repaired/transition3,cea-08,joint,swap,1.0,1.0,0.0009804805139615315,9.800000000392828e-07,0.011582902361779928,1.9999999999999998e-05,0.9990199999999999
streaming/absolute,cea-08,joint,swap,0.5,0.0,0.9817763680502767,0.5626252924999999,1.2652230253095489,1.9999999999999998e-05,0.37464499999999995
streaming/present,cea-08,joint,swap,0.5,0.0,0.9817763680502767,0.5626252924999999,1.2652230253095489,1.9999999999999998e-05,0.37464499999999995
streaming/recency,cea-08,joint,swap,0.5,0.0,1.0293194621721604,0.5694812499999999,1.5615080942797084,0.001,0.35724999999999996
streaming/reference,cea-08,joint,swap,0.5,0.0,0.9817763680502767,0.5626252924999999,1.2652230253095489,1.9999999999999998e-05,0.37464499999999995
streaming/transition1,cea-08,joint,swap,0.5,0.0,0.9817763680502767,0.5626252924999999,1.2652230253095489,1.9999999999999998e-05,0.37464499999999995
streaming/transition2,cea-08,joint,swap,0.5,0.0,0.9817763680502767,0.5626252924999999,1.2652230253095489,1.9999999999999998e-05,0.37464499999999995
streaming/transition3,cea-08,joint,swap,0.5,0.0,0.9817763680502767,0.5626252924999999,1.2652230253095489,1.9999999999999998e-05,0.37464499999999995
fixed/absolute,cea-08,joint,swap,0.5,0.0,0.9817763680502767,0.5626252924999999,1.2652230253095489,1.9999999999999998e-05,0.37464499999999995
fixed/present,cea-08,joint,swap,0.5,0.0,0.9817763680502767,0.5626252924999999,1.2652230253095489,1.9999999999999998e-05,0.37464499999999995
fixed/recency,cea-08,joint,swap,0.0,0.0,6.907755278982137,1.90245,0.38625940550147086,0.001,0.951
fixed/reference,cea-08,joint,swap,0.5,0.0,0.9817763680502767,0.5626252924999999,1.2652230253095489,1.9999999999999998e-05,0.37464499999999995
fixed/transition1,cea-08,joint,swap,0.0,0.0,10.819778284410283,1.99800098,0.011582902361779817,2e-05,0.99902
fixed/transition2,cea-08,joint,swap,0.5,0.0,0.9817763680502767,0.5626252924999999,1.2652230253095489,1.9999999999999998e-05,0.37464499999999995
fixed/transition3,cea-08,joint,swap,0.5,0.0,0.9817763680502767,0.5626252924999999,1.2652230253095489,1.9999999999999998e-05,0.37464499999999995
oracle-boundary/absolute,cea-08,joint,swap,1.0,1.0,0.0009804805139615315,9.800000000392828e-07,0.011582902361779928,1.9999999999999998e-05,0.9990199999999999
oracle-boundary/present,cea-08,joint,swap,0.5,0.0,0.9817763680502767,0.5626252924999999,1.2652230253095489,1.9999999999999998e-05,0.37464499999999995
oracle-boundary/recency,cea-08,joint,swap,0.0,0.0,6.907755278982137,1.90245,0.38625940550147086,0.001,0.951
oracle-boundary/reference,cea-08,joint,swap,1.0,1.0,0.0009804805139615315,9.800000000392828e-07,0.011582902361779928,1.9999999999999998e-05,0.9990199999999999
oracle-boundary/transition1,cea-08,joint,swap,0.5,0.0,0.69410764165507,0.50000048,0.7038282854721148,1.9999999999999998e-05,0.4995199999999999
oracle-boundary/transition2,cea-08,joint,swap,1.0,1.0,0.0009804805139615315,9.800000000392828e-07,0.011582902361779928,1.9999999999999998e-05,0.9990199999999999
oracle-boundary/transition3,cea-08,joint,swap,1.0,1.0,0.0009804805139615315,9.800000000392828e-07,0.011582902361779928,1.9999999999999998e-05,0.9990199999999999
map/absolute,cea-08,joint,shuffle,1.0,1.0,0.0009804805139615315,9.800000000392828e-07,0.011582902361779928,1.9999999999999998e-05,0.9990199999999999
map/present,cea-08,joint,shuffle,0.5,0.0,0.9817763680502767,0.5626252924999999,1.2652230253095489,1.9999999999999998e-05,0.37464499999999995
map/recency,cea-08,joint,shuffle,1.0,1.0,0.05024121643674679,0.0024500000000000632,0.38625940550147086,0.001,0.951
map/reference,cea-08,joint,shuffle,1.0,1.0,0.0009804805139615315,9.800000000392828e-07,0.011582902361779928,1.9999999999999998e-05,0.9990199999999999
map/transition1,cea-08,joint,shuffle,0.5,0.0,0.6137963252870738,0.4215170095440839,0.6896588965240962,1.9999999999999995e-05,0.5693485859714182
map/transition2,cea-08,joint,shuffle,1.0,1.0,0.0009804805139615315,9.800000000392828e-07,0.011582902361779928,1.9999999999999998e-05,0.9990199999999999
map/transition3,cea-08,joint,shuffle,1.0,1.0,0.0009804805139615315,9.800000000392828e-07,0.011582902361779928,1.9999999999999998e-05,0.9990199999999999
mixture/absolute,cea-08,joint,shuffle,0.0,0.0,0.8237299216096405,0.6288301497879232,0.6887989946074811,0.5595315884140539,0.5595315884140539
mixture/present,cea-08,joint,shuffle,0.0,0.0,1.8045258091459557,1.0449964441017852,1.2409989122610483,0.5595315884140539,0.5595315884140539
mixture/recency,cea-08,joint,shuffle,0.0,0.0,0.8729906575324258,0.6533526215023362,0.8503568852566985,0.5599632560907617,0.5599632560907617
mixture/reference,cea-08,joint,shuffle,0.0,0.0,0.8237299216096405,0.6288301497879232,0.6887989946074811,0.5595315884140539,0.5595315884140539
mixture/transition1,cea-08,joint,shuffle,0.0,0.0,1.436545766382753,0.9292251072947743,0.9870422176303273,0.5595315884140539,0.5595315884140539
mixture/transition2,cea-08,joint,shuffle,0.0,0.0,0.8237299216096405,0.6288301497879232,0.6887989946074811,0.5595315884140539,0.5595315884140539
mixture/transition3,cea-08,joint,shuffle,0.0,0.0,0.8237299216096405,0.6288301497879232,0.6887989946074811,0.5595315884140539,0.5595315884140539
repaired/absolute,cea-08,joint,shuffle,1.0,1.0,0.0009804805139615315,9.800000000392828e-07,0.011582902361779928,1.9999999999999998e-05,0.9990199999999999
repaired/present,cea-08,joint,shuffle,0.5,0.0,0.9817763680502767,0.5626252924999999,1.2652230253095489,1.9999999999999998e-05,0.37464499999999995
repaired/recency,cea-08,joint,shuffle,1.0,1.0,0.05024121643674679,0.0024500000000000632,0.38625940550147086,0.001,0.951
repaired/reference,cea-08,joint,shuffle,1.0,1.0,0.0009804805139615315,9.800000000392828e-07,0.011582902361779928,1.9999999999999998e-05,0.9990199999999999
repaired/transition1,cea-08,joint,shuffle,0.0,0.0,0.8544919823711161,0.6589930495495183,0.6928022052370297,1.9999999999999998e-05,0.5735289784512524
repaired/transition2,cea-08,joint,shuffle,1.0,1.0,0.0009804805139615315,9.800000000392828e-07,0.011582902361779928,1.9999999999999998e-05,0.9990199999999999
repaired/transition3,cea-08,joint,shuffle,1.0,1.0,0.0009804805139615315,9.800000000392828e-07,0.011582902361779928,1.9999999999999998e-05,0.9990199999999999
streaming/absolute,cea-08,joint,shuffle,0.5,0.0,0.9817763680502767,0.5626252924999999,1.2652230253095489,1.9999999999999998e-05,0.37464499999999995
streaming/present,cea-08,joint,shuffle,0.5,0.0,0.9817763680502767,0.5626252924999999,1.2652230253095489,1.9999999999999998e-05,0.37464499999999995
streaming/recency,cea-08,joint,shuffle,0.5,0.0,1.0293194621721604,0.5694812499999999,1.5615080942797084,0.001,0.35724999999999996
streaming/reference,cea-08,joint,shuffle,0.5,0.0,0.9817763680502767,0.5626252924999999,1.2652230253095489,1.9999999999999998e-05,0.37464499999999995
streaming/transition1,cea-08,joint,shuffle,0.5,0.0,0.9817763680502767,0.5626252924999999,1.2652230253095489,1.9999999999999998e-05,0.37464499999999995
streaming/transition2,cea-08,joint,shuffle,0.5,0.0,0.9817763680502767,0.5626252924999999,1.2652230253095489,1.9999999999999998e-05,0.37464499999999995
streaming/transition3,cea-08,joint,shuffle,0.5,0.0,0.9817763680502767,0.5626252924999999,1.2652230253095489,1.9999999999999998e-05,0.37464499999999995
fixed/absolute,cea-08,joint,shuffle,0.5,0.0,0.9817763680502767,0.5626252924999999,1.2652230253095489,1.9999999999999998e-05,0.37464499999999995
fixed/present,cea-08,joint,shuffle,0.5,0.0,0.9817763680502767,0.5626252924999999,1.2652230253095489,1.9999999999999998e-05,0.37464499999999995
fixed/recency,cea-08,joint,shuffle,0.0,0.0,6.907755278982137,1.90245,0.38625940550147086,0.001,0.951
fixed/reference,cea-08,joint,shuffle,0.5,0.0,0.9817763680502767,0.5626252924999999,1.2652230253095489,1.9999999999999998e-05,0.37464499999999995
fixed/transition1,cea-08,joint,shuffle,0.0,0.0,10.819778284410283,1.99800098,0.011582902361779817,2e-05,0.99902
fixed/transition2,cea-08,joint,shuffle,0.5,0.0,0.9817763680502767,0.5626252924999999,1.2652230253095489,1.9999999999999998e-05,0.37464499999999995
fixed/transition3,cea-08,joint,shuffle,0.5,0.0,0.9817763680502767,0.5626252924999999,1.2652230253095489,1.9999999999999998e-05,0.37464499999999995
oracle-boundary/absolute,cea-08,joint,shuffle,1.0,1.0,0.0009804805139615315,9.800000000392828e-07,0.011582902361779928,1.9999999999999998e-05,0.9990199999999999
oracle-boundary/present,cea-08,joint,shuffle,0.5,0.0,0.9817763680502767,0.5626252924999999,1.2652230253095489,1.9999999999999998e-05,0.37464499999999995
oracle-boundary/recency,cea-08,joint,shuffle,1.0,1.0,0.05024121643674679,0.0024500000000000632,0.38625940550147086,0.001,0.951
oracle-boundary/reference,cea-08,joint,shuffle,1.0,1.0,0.0009804805139615315,9.800000000392828e-07,0.011582902361779928,1.9999999999999998e-05,0.9990199999999999
oracle-boundary/transition1,cea-08,joint,shuffle,0.5,0.0,0.69410764165507,0.50000048,0.7038282854721148,1.9999999999999998e-05,0.4995199999999999
oracle-boundary/transition2,cea-08,joint,shuffle,1.0,1.0,0.0009804805139615315,9.800000000392828e-07,0.011582902361779928,1.9999999999999998e-05,0.9990199999999999
oracle-boundary/transition3,cea-08,joint,shuffle,1.0,1.0,0.0009804805139615315,9.800000000392828e-07,0.011582902361779928,1.9999999999999998e-05,0.9990199999999999
map/absolute,cea-08,joint,ambiguous,0.5,0.0,0.6951493862103328,0.5010391429685663,0.7027882634837848,1.9999999999999998e-05,0.5223088456110254
map/present,cea-08,joint,ambiguous,0.5,0.0,0.9817763680502767,0.5626252924999999,1.2652230253095489,1.9999999999999998e-05,0.37464499999999995
map/recency,cea-08,joint,ambiguous,0.5,0.0,3.4789982477094417,0.95245,0.38625940550147086,0.001,0.951
map/reference,cea-08,joint,ambiguous,0.5,0.0,0.6945036400550235,0.5003955619754961,0.703432771656877,1.9999999999999998e-05,0.513574927525535
map/transition1,cea-08,joint,ambiguous,0.5,0.0,0.6952327845328428,0.5011222010705596,0.7027050655062735,1.9999999999999998e-05,0.5232024942791031
map/transition2,cea-08,joint,ambiguous,0.5,0.0,0.6952321363919034,0.5011215556271018,0.702705712054531,1.9999999999999998e-05,0.5231956797906824
map/transition3,cea-08,joint,ambiguous,0.5,0.0,0.6951493862103328,0.5010391429685663,0.7027882634837848,1.9999999999999998e-05,0.5223088456110254
mixture/absolute,cea-08,joint,ambiguous,0.0,0.0,1.3746993819295281,0.8653196468271527,1.049138664396102,0.4931651134159455,0.4931651134159455
mixture/present,cea-08,joint,ambiguous,0.0,0.0,1.6613263637694722,0.9435664265556258,1.3342059244621942,0.4931651134159455,0.4931651134159455
mixture/recency,cea-08,joint,ambiguous,0.0,0.0,4.158548243428637,0.9935311337002926,0.8848327379450793,0.4936618215389603,0.4936618215389603
mixture/reference,cea-08,joint,ambiguous,0.0,0.0,1.374053635774219,0.8651543160973065,1.049465330156229,0.4931651134159455,0.4931651134159455
mixture/transition1,cea-08,joint,ambiguous,0.0,0.0,1.3747827802520383,0.8653409837789428,1.0490964959152365,0.4931651134159455,0.4931651134159455
mixture/transition2,cea-08,joint,ambiguous,0.0,0.0,1.374782132111099,0.865340817969761,1.0490968236150031,0.4931651134159455,0.4931651134159455
mixture/transition3,cea-08,joint,ambiguous,0.0,0.0,1.3746993819295281,0.8653196468271527,1.049138664396102,0.4931651134159455,0.4931651134159455
repaired/absolute,cea-08,joint,ambiguous,0.5,0.0,0.7062453348108837,0.5119690217401283,0.6917998910686002,1.9999999999999998e-05,0.5768780691981392
repaired/present,cea-08,joint,ambiguous,0.5,0.0,0.9817763680502767,0.5626252924999999,1.2652230253095489,1.9999999999999998e-05,0.37464499999999995
repaired/recency,cea-08,joint,ambiguous,0.5,0.0,3.4789982477094417,0.95245,0.38625940550147086,0.001,0.951
repaired/reference,cea-08,joint,ambiguous,0.5,0.0,0.6997840034994369,0.5056339105656953,0.6981787843823956,1.9999999999999998e-05,0.5525927357769286
repaired/transition1,cea-08,joint,ambiguous,0.5,0.0,0.7062453348108837,0.5119690217401283,0.6917998910686002,1.9999999999999998e-05,0.5768780691981392
repaired/transition2,cea-08,joint,ambiguous,0.5,0.0,0.7062453348108837,0.5119690217401283,0.6917998910686002,1.9999999999999998e-05,0.5768780691981392
repaired/transition3,cea-08,joint,ambiguous,0.5,0.0,0.7062453348108837,0.5119690217401283,0.6917998910686002,1.9999999999999998e-05,0.5768780691981392
streaming/absolute,cea-08,joint,ambiguous,0.5,0.0,0.9817763680502767,0.5626252924999999,1.2652230253095489,1.9999999999999998e-05,0.37464499999999995
streaming/present,cea-08,joint,ambiguous,0.5,0.0,0.9817763680502767,0.5626252924999999,1.2652230253095489,1.9999999999999998e-05,0.37464499999999995
streaming/recency,cea-08,joint,ambiguous,0.5,0.0,1.0293194621721604,0.5694812499999999,1.5615080942797084,0.001,0.35724999999999996
streaming/reference,cea-08,joint,ambiguous,0.5,0.0,0.9817763680502767,0.5626252924999999,1.2652230253095489,1.9999999999999998e-05,0.37464499999999995
streaming/transition1,cea-08,joint,ambiguous,0.5,0.0,0.9817763680502767,0.5626252924999999,1.2652230253095489,1.9999999999999998e-05,0.37464499999999995
streaming/transition2,cea-08,joint,ambiguous,0.5,0.0,0.9817763680502767,0.5626252924999999,1.2652230253095489,1.9999999999999998e-05,0.37464499999999995
streaming/transition3,cea-08,joint,ambiguous,0.5,0.0,0.9817763680502767,0.5626252924999999,1.2652230253095489,1.9999999999999998e-05,0.37464499999999995
fixed/absolute,cea-08,joint,ambiguous,0.5,0.0,0.9817763680502767,0.5626252924999999,1.2652230253095489,1.9999999999999998e-05,0.37464499999999995
fixed/present,cea-08,joint,ambiguous,0.5,0.0,0.9817763680502767,0.5626252924999999,1.2652230253095489,1.9999999999999998e-05,0.37464499999999995
fixed/recency,cea-08,joint,ambiguous,0.0,0.0,6.907755278982137,1.90245,0.38625940550147086,0.001,0.951
fixed/reference,cea-08,joint,ambiguous,0.5,0.0,0.9817763680502767,0.5626252924999999,1.2652230253095489,1.9999999999999998e-05,0.37464499999999995
fixed/transition1,cea-08,joint,ambiguous,0.0,0.0,10.819778284410283,1.99800098,0.011582902361779817,2e-05,0.99902
fixed/transition2,cea-08,joint,ambiguous,0.5,0.0,0.9817763680502767,0.5626252924999999,1.2652230253095489,1.9999999999999998e-05,0.37464499999999995
fixed/transition3,cea-08,joint,ambiguous,0.5,0.0,0.9817763680502767,0.5626252924999999,1.2652230253095489,1.9999999999999998e-05,0.37464499999999995
oracle-boundary/absolute,cea-08,joint,ambiguous,0.5,0.0,0.69410764165507,0.50000048,0.7038282854721148,1.9999999999999998e-05,0.4995199999999999
oracle-boundary/present,cea-08,joint,ambiguous,0.5,0.0,0.9817763680502767,0.5626252924999999,1.2652230253095489,1.9999999999999998e-05,0.37464499999999995
oracle-boundary/recency,cea-08,joint,ambiguous,0.5,0.0,3.4789982477094417,0.95245,0.38625940550147086,0.001,0.951
oracle-boundary/reference,cea-08,joint,ambiguous,0.5,0.0,0.69410764165507,0.50000048,0.7038282854721148,1.9999999999999998e-05,0.4995199999999999
oracle-boundary/transition1,cea-08,joint,ambiguous,0.5,0.0,0.69410764165507,0.50000048,0.7038282854721148,1.9999999999999998e-05,0.4995199999999999
oracle-boundary/transition2,cea-08,joint,ambiguous,0.5,0.0,0.69410764165507,0.50000048,0.7038282854721148,1.9999999999999998e-05,0.4995199999999999
oracle-boundary/transition3,cea-08,joint,ambiguous,0.5,0.0,0.69410764165507,0.50000048,0.7038282854721148,1.9999999999999998e-05,0.4995199999999999
map/absolute,cea-09,detached,intact,1.0,1.0,0.0009804805139615315,9.800000000392828e-07,0.011582902361779928,1.9999999999999998e-05,0.9990199999999999
map/present,cea-09,detached,intact,0.0,0.0,10.819778284410283,1.3118752925,1.2652230253095489,1.9999999999999998e-05,0.37464499999999995
map/recency,cea-09,detached,intact,1.0,1.0,0.05024121643674679,0.0024500000000000632,0.38625940550147086,0.001,0.951
map/reference,cea-09,detached,intact,1.0,1.0,0.0009804805139615315,9.800000000392828e-07,0.011582902361779928,1.9999999999999998e-05,0.9990199999999999
map/transition1,cea-09,detached,intact,0.0,0.0,0.6970240085685729,0.5029140348924548,0.7038240493198124,1.9999999999999998e-05,0.50097466140642
map/transition2,cea-09,detached,intact,1.0,1.0,0.0009804805139615315,9.800000000392828e-07,0.011582902361779928,1.9999999999999998e-05,0.9990199999999999
map/transition3,cea-09,detached,intact,1.0,1.0,0.0009804805139615315,9.800000000392828e-07,0.011582902361779928,1.9999999999999998e-05,0.9990199999999999
mixture/absolute,cea-09,detached,intact,1.0,1.0,0.0009804805139615315,9.800000000392828e-07,0.011582902361779928,1.9999999999999998e-05,0.9990199999999999
mixture/present,cea-09,detached,intact,0.0,0.0,10.819778284410283,1.3118752925,1.2652230253095489,1.9999999999999998e-05,0.37464499999999995
mixture/recency,cea-09,detached,intact,1.0,1.0,0.05024121643674679,0.0024500000000000632,0.38625940550147086,0.001,0.951
mixture/reference,cea-09,detached,intact,1.0,1.0,0.0009804805139615315,9.800000000392828e-07,0.011582902361779928,1.9999999999999998e-05,0.9990199999999999
mixture/transition1,cea-09,detached,intact,0.0,0.0,0.6970240085685729,0.5029140348924548,0.7038240493198124,1.9999999999999998e-05,0.50097466140642
mixture/transition2,cea-09,detached,intact,1.0,1.0,0.0009804805139615315,9.800000000392828e-07,0.011582902361779928,1.9999999999999998e-05,0.9990199999999999
mixture/transition3,cea-09,detached,intact,1.0,1.0,0.0009804805139615315,9.800000000392828e-07,0.011582902361779928,1.9999999999999998e-05,0.9990199999999999
repaired/absolute,cea-09,detached,intact,1.0,1.0,0.0009804805139615315,9.800000000392828e-07,0.011582902361779928,1.9999999999999998e-05,0.9990199999999999
repaired/present,cea-09,detached,intact,0.0,0.0,10.819778284410283,1.3118752925,1.2652230253095489,1.9999999999999998e-05,0.37464499999999995
repaired/recency,cea-09,detached,intact,1.0,1.0,0.05024121643674679,0.0024500000000000632,0.38625940550147086,0.001,0.951
repaired/reference,cea-09,detached,intact,1.0,1.0,0.0009804805139615315,9.800000000392828e-07,0.011582902361779928,1.9999999999999998e-05,0.9990199999999999
repaired/transition1,cea-09,detached,intact,0.0,0.0,0.6955041882750237,0.5013956840505694,0.7038273007378367,1.9999999999999998e-05,0.5002171101309874
repaired/transition2,cea-09,detached,intact,1.0,1.0,0.0009804805139615315,9.800000000392828e-07,0.011582902361779928,1.9999999999999998e-05,0.9990199999999999
repaired/transition3,cea-09,detached,intact,1.0,1.0,0.0009804805139615315,9.800000000392828e-07,0.011582902361779928,1.9999999999999998e-05,0.9990199999999999
streaming/absolute,cea-09,detached,intact,1.0,1.0,0.0009804805139615315,9.800000000392828e-07,0.011582902361779928,1.9999999999999998e-05,0.9990199999999999
streaming/present,cea-09,detached,intact,0.0,0.0,10.819778284410283,1.3118752925,1.2652230253095489,1.9999999999999998e-05,0.37464499999999995
streaming/recency,cea-09,detached,intact,1.0,1.0,0.05024121643674679,0.0024500000000000632,0.38625940550147086,0.001,0.951
streaming/reference,cea-09,detached,intact,1.0,1.0,0.0009804805139615315,9.800000000392828e-07,0.011582902361779928,1.9999999999999998e-05,0.9990199999999999
streaming/transition1,cea-09,detached,intact,0.5,0.0,1.0767026132508104,0.7671824150426643,0.4269446486932208,2e-05,0.8528450122029346
streaming/transition2,cea-09,detached,intact,1.0,1.0,0.0009804805139615315,9.800000000392828e-07,0.011582902361779928,1.9999999999999998e-05,0.9990199999999999
streaming/transition3,cea-09,detached,intact,1.0,1.0,0.0009804805139615315,9.800000000392828e-07,0.011582902361779928,1.9999999999999998e-05,0.9990199999999999
fixed/absolute,cea-09,detached,intact,0.0,0.0,10.819778284410283,1.3118752925,1.2652230253095489,1.9999999999999998e-05,0.37464499999999995
fixed/present,cea-09,detached,intact,0.0,0.0,10.819778284410283,1.3118752925,1.2652230253095489,1.9999999999999998e-05,0.37464499999999995
fixed/recency,cea-09,detached,intact,0.0,0.0,6.907755273231768,1.5922156249775734,0.9738837499300228,0.001,0.6541249999942496
fixed/reference,cea-09,detached,intact,0.0,0.0,10.819778284410283,1.3118752925,1.2652230253095489,1.9999999999999998e-05,0.37464499999999995
fixed/transition1,cea-09,detached,intact,0.0,0.0,10.81977798206203,1.6549381362258244,0.6384029639010852,1.9999999999999998e-05,0.686832499993953
fixed/transition2,cea-09,detached,intact,0.0,0.0,10.819778284410283,1.3118752925,1.2652230253095489,1.9999999999999998e-05,0.37464499999999995
fixed/transition3,cea-09,detached,intact,0.0,0.0,10.819778284410283,1.3118752925,1.2652230253095489,1.9999999999999998e-05,0.37464499999999995
oracle-boundary/absolute,cea-09,detached,intact,1.0,1.0,0.0009804805139615315,9.800000000392828e-07,0.011582902361779928,1.9999999999999998e-05,0.9990199999999999
oracle-boundary/present,cea-09,detached,intact,0.0,0.0,10.819778284410283,1.3118752925,1.2652230253095489,1.9999999999999998e-05,0.37464499999999995
oracle-boundary/recency,cea-09,detached,intact,1.0,1.0,0.05024121643674679,0.0024500000000000632,0.38625940550147086,0.001,0.951
oracle-boundary/reference,cea-09,detached,intact,1.0,1.0,0.0009804805139615315,9.800000000392828e-07,0.011582902361779928,1.9999999999999998e-05,0.9990199999999999
oracle-boundary/transition1,cea-09,detached,intact,0.5,0.0,0.69410764165507,0.50000048,0.7038282854721148,1.9999999999999998e-05,0.4995199999999999
oracle-boundary/transition2,cea-09,detached,intact,1.0,1.0,0.0009804805139615315,9.800000000392828e-07,0.011582902361779928,1.9999999999999998e-05,0.9990199999999999
oracle-boundary/transition3,cea-09,detached,intact,1.0,1.0,0.0009804805139615315,9.800000000392828e-07,0.011582902361779928,1.9999999999999998e-05,0.9990199999999999
map/absolute,cea-09,legato,intact,1.0,1.0,0.0009804805139615315,9.800000000392828e-07,0.011582902361779928,1.9999999999999998e-05,0.9990199999999999
map/present,cea-09,legato,intact,0.0,0.0,10.819778284410283,1.3118752925,1.2652230253095489,1.9999999999999998e-05,0.37464499999999995
map/recency,cea-09,legato,intact,1.0,1.0,0.05024121643674679,0.0024500000000000632,0.38625940550147086,0.001,0.951
map/reference,cea-09,legato,intact,1.0,1.0,0.0009804805139615315,9.800000000392828e-07,0.011582902361779928,1.9999999999999998e-05,0.9990199999999999
map/transition1,cea-09,legato,intact,1.0,1.0,0.6157541338911742,0.4220891538865845,0.6990674604907241,1.9999999999999995e-05,0.5408469580474624
map/transition2,cea-09,legato,intact,1.0,1.0,0.0009804805139615315,9.800000000392828e-07,0.011582902361779928,1.9999999999999998e-05,0.9990199999999999
map/transition3,cea-09,legato,intact,1.0,1.0,0.0009804805139615315,9.800000000392828e-07,0.011582902361779928,1.9999999999999998e-05,0.9990199999999999
mixture/absolute,cea-09,legato,intact,1.0,1.0,0.04498809520893928,0.007176635145643817,0.15552651148392263,0.04214569229429069,0.9569347491791412
mixture/present,cea-09,legato,intact,0.0,0.0,10.863785899105261,1.2902550674488353,1.3563551201343311,0.04214569229429069,0.3588625043604926
mixture/recency,cea-09,legato,intact,1.0,1.0,0.09424883113172454,0.01320857998021574,0.5119747997049371,0.0430844082901622,0.9109376653814372
mixture/reference,cea-09,legato,intact,1.0,1.0,0.04498809520893928,0.007176635145643817,0.15552651148392263,0.04214569229429069,0.9569347491791412
mixture/transition1,cea-09,legato,intact,1.0,1.0,0.659761748586152,0.4287243849708955,0.8138696205657544,0.04214569229429069,0.5191479657665505
mixture/transition2,cea-09,legato,intact,1.0,1.0,0.04498809520893928,0.007176635145643817,0.15552651148392263,0.04214569229429069,0.9569347491791412
mixture/transition3,cea-09,legato,intact,1.0,1.0,0.04498809520893928,0.007176635145643817,0.15552651148392263,0.04214569229429069,0.9569347491791412
repaired/absolute,cea-09,legato,intact,1.0,1.0,0.0009804805139615315,9.800000000392828e-07,0.011582902361779928,1.9999999999999998e-05,0.9990199999999999
repaired/present,cea-09,legato,intact,0.0,0.0,10.819778284410283,1.3118752925,1.2652230253095489,1.9999999999999998e-05,0.37464499999999995
repaired/recency,cea-09,legato,intact,1.0,1.0,0.05024121643674679,0.0024500000000000632,0.38625940550147086,0.001,0.951
repaired/reference,cea-09,legato,intact,1.0,1.0,0.0009804805139615315,9.800000000392828e-07,0.011582902361779928,1.9999999999999998e-05,0.9990199999999999
repaired/transition1,cea-09,legato,intact,1.0,1.0,0.6920702671497024,0.4979650622001577,0.7038262077862372,1.9999999999999998e-05,0.5005387467448512
repaired/transition2,cea-09,legato,intact,1.0,1.0,0.0009804805139615315,9.800000000392828e-07,0.011582902361779928,1.9999999999999998e-05,0.9990199999999999
repaired/transition3,cea-09,legato,intact,1.0,1.0,0.0009804805139615315,9.800000000392828e-07,0.011582902361779928,1.9999999999999998e-05,0.9990199999999999
streaming/absolute,cea-09,legato,intact,0.0,0.0,10.819778284410283,1.3118752925,1.2652230253095489,1.9999999999999998e-05,0.37464499999999995
streaming/present,cea-09,legato,intact,0.0,0.0,10.819778284410283,1.3118752925,1.2652230253095489,1.9999999999999998e-05,0.37464499999999995
streaming/recency,cea-09,legato,intact,0.5,0.0,3.4789982477094417,0.95245,0.38625940550147086,0.001,0.951
streaming/reference,cea-09,legato,intact,0.0,0.0,10.819778284410283,1.3118752925,1.2652230253095489,1.9999999999999998e-05,0.37464499999999995
streaming/transition1,cea-09,legato,intact,0.0,0.0,10.819778284410283,1.3118752925,1.2652230253095489,1.9999999999999998e-05,0.37464499999999995
streaming/transition2,cea-09,legato,intact,0.0,0.0,10.819778284410283,1.3118752925,1.2652230253095489,1.9999999999999998e-05,0.37464499999999995
streaming/transition3,cea-09,legato,intact,0.0,0.0,10.819778284410283,1.3118752925,1.2652230253095489,1.9999999999999998e-05,0.37464499999999995
fixed/absolute,cea-09,legato,intact,0.0,0.0,10.819778284410283,1.3118752925,1.2652230253095489,1.9999999999999998e-05,0.37464499999999995
fixed/present,cea-09,legato,intact,0.0,0.0,10.819778284410283,1.3118752925,1.2652230253095489,1.9999999999999998e-05,0.37464499999999995
fixed/recency,cea-09,legato,intact,0.0,0.0,6.907755278982137,1.90245,0.38625940550147086,0.001,0.951
fixed/reference,cea-09,legato,intact,0.0,0.0,10.819778284410283,1.3118752925,1.2652230253095489,1.9999999999999998e-05,0.37464499999999995
fixed/transition1,cea-09,legato,intact,0.0,0.0,10.819778284410283,1.99800098,0.011582902361779817,2e-05,0.99902
fixed/transition2,cea-09,legato,intact,0.0,0.0,10.819778284410283,1.3118752925,1.2652230253095489,1.9999999999999998e-05,0.37464499999999995
fixed/transition3,cea-09,legato,intact,0.0,0.0,10.819778284410283,1.3118752925,1.2652230253095489,1.9999999999999998e-05,0.37464499999999995
oracle-boundary/absolute,cea-09,legato,intact,1.0,1.0,0.0009804805139615315,9.800000000392828e-07,0.011582902361779928,1.9999999999999998e-05,0.9990199999999999
oracle-boundary/present,cea-09,legato,intact,0.0,0.0,10.819778284410283,1.3118752925,1.2652230253095489,1.9999999999999998e-05,0.37464499999999995
oracle-boundary/recency,cea-09,legato,intact,1.0,1.0,0.05024121643674679,0.0024500000000000632,0.38625940550147086,0.001,0.951
oracle-boundary/reference,cea-09,legato,intact,1.0,1.0,0.0009804805139615315,9.800000000392828e-07,0.011582902361779928,1.9999999999999998e-05,0.9990199999999999
oracle-boundary/transition1,cea-09,legato,intact,0.5,0.0,0.69410764165507,0.50000048,0.7038282854721148,1.9999999999999998e-05,0.4995199999999999
oracle-boundary/transition2,cea-09,legato,intact,1.0,1.0,0.0009804805139615315,9.800000000392828e-07,0.011582902361779928,1.9999999999999998e-05,0.9990199999999999
oracle-boundary/transition3,cea-09,legato,intact,1.0,1.0,0.0009804805139615315,9.800000000392828e-07,0.011582902361779928,1.9999999999999998e-05,0.9990199999999999
map/absolute,cea-09,duration,intact,1.0,1.0,0.0009804805139615315,9.800000000392828e-07,0.011582902361779928,1.9999999999999998e-05,0.9990199999999999
map/present,cea-09,duration,intact,0.0,0.0,10.819778284410283,1.3118752925,1.2652230253095489,1.9999999999999998e-05,0.37464499999999995
map/recency,cea-09,duration,intact,1.0,1.0,0.05024121643674679,0.0024500000000000632,0.38625940550147086,0.001,0.951
map/reference,cea-09,duration,intact,1.0,1.0,0.0009804805139615315,9.800000000392828e-07,0.011582902361779928,1.9999999999999998e-05,0.9990199999999999
map/transition1,cea-09,duration,intact,0.5,0.0,0.6452014274462583,0.45131654423806056,0.7010769488689685,1.9999999999999998e-05,0.5261775515049933
map/transition2,cea-09,duration,intact,1.0,1.0,0.0009804805139615315,9.800000000392828e-07,0.011582902361779928,1.9999999999999998e-05,0.9990199999999999
map/transition3,cea-09,duration,intact,1.0,1.0,0.0009804805139615315,9.800000000392828e-07,0.011582902361779928,1.9999999999999998e-05,0.9990199999999999
mixture/absolute,cea-09,duration,intact,1.0,1.0,0.36458887543004204,0.18627503691711467,0.6228059762008886,0.30485053231056003,0.6944821108533212
mixture/present,cea-09,duration,intact,0.0,0.0,11.183386679326363,1.2436397642874608,1.494290670036031,0.30485053231056003,0.30485053231056003
mixture/recency,cea-09,duration,intact,1.0,1.0,0.4138496113528273,0.20822583435163078,0.8784953281416528,0.3055317924140978,0.661100365779973
mixture/reference,cea-09,duration,intact,1.0,1.0,0.36458887543004204,0.18627503691711467,0.6228059762008886,0.30485053231056003,0.6944821108533212
mixture/transition1,cea-09,duration,intact,0.5,0.0,1.0088098223623385,0.6051754999677275,1.1021169818255112,0.30485053231056003,0.36577936042603754
mixture/transition2,cea-09,duration,intact,1.0,1.0,0.36458887543004204,0.18627503691711467,0.6228059762008886,0.30485053231056003,0.6944821108533212
mixture/transition3,cea-09,duration,intact,1.0,1.0,0.36458887543004204,0.18627503691711467,0.6228059762008886,0.30485053231056003,0.6944821108533212
repaired/absolute,cea-09,duration,intact,1.0,1.0,0.0009804805139615315,9.800000000392828e-07,0.011582902361779928,1.9999999999999998e-05,0.9990199999999999
repaired/present,cea-09,duration,intact,0.0,0.0,10.819778284410283,1.3118752925,1.2652230253095489,1.9999999999999998e-05,0.37464499999999995
repaired/recency,cea-09,duration,intact,1.0,1.0,0.05024121643674679,0.0024500000000000632,0.38625940550147086,0.001,0.951
repaired/reference,cea-09,duration,intact,1.0,1.0,0.0009804805139615315,9.800000000392828e-07,0.011582902361779928,1.9999999999999998e-05,0.9990199999999999
repaired/transition1,cea-09,duration,intact,1.0,1.0,0.69380112818106,0.49969426073184875,0.7038282051146507,1.9999999999999998e-05,0.49967314977423394
repaired/transition2,cea-09,duration,intact,1.0,1.0,0.0009804805139615315,9.800000000392828e-07,0.011582902361779928,1.9999999999999998e-05,0.9990199999999999
repaired/transition3,cea-09,duration,intact,1.0,1.0,0.0009804805139615315,9.800000000392828e-07,0.011582902361779928,1.9999999999999998e-05,0.9990199999999999
streaming/absolute,cea-09,duration,intact,0.0,0.0,10.819778284410283,1.3118752925,1.2652230253095489,1.9999999999999998e-05,0.37464499999999995
streaming/present,cea-09,duration,intact,0.0,0.0,10.819778284410283,1.3118752925,1.2652230253095489,1.9999999999999998e-05,0.37464499999999995
streaming/recency,cea-09,duration,intact,1.0,1.0,0.05024121643674679,0.0024500000000000632,0.38625940550147086,0.001,0.951
streaming/reference,cea-09,duration,intact,0.0,0.0,10.819778284410283,1.3118752925,1.2652230253095489,1.9999999999999998e-05,0.37464499999999995
streaming/transition1,cea-09,duration,intact,0.0,0.0,10.819778284410283,1.3118752925,1.2652230253095489,1.9999999999999998e-05,0.37464499999999995
streaming/transition2,cea-09,duration,intact,0.0,0.0,10.819778284410283,1.3118752925,1.2652230253095489,1.9999999999999998e-05,0.37464499999999995
streaming/transition3,cea-09,duration,intact,0.0,0.0,10.819778284410283,1.3118752925,1.2652230253095489,1.9999999999999998e-05,0.37464499999999995
fixed/absolute,cea-09,duration,intact,0.0,0.0,10.819778284410283,1.3118752925,1.2652230253095489,1.9999999999999998e-05,0.37464499999999995
fixed/present,cea-09,duration,intact,0.0,0.0,10.819778284410283,1.3118752925,1.2652230253095489,1.9999999999999998e-05,0.37464499999999995
fixed/recency,cea-09,duration,intact,0.0,0.0,6.907755278982137,1.90245,0.38625940550147086,0.001,0.951
fixed/reference,cea-09,duration,intact,0.0,0.0,10.819778284410283,1.3118752925,1.2652230253095489,1.9999999999999998e-05,0.37464499999999995
fixed/transition1,cea-09,duration,intact,0.0,0.0,10.819778284410283,1.3118752925,1.2652230253095489,1.9999999999999998e-05,0.37464499999999995
fixed/transition2,cea-09,duration,intact,0.0,0.0,10.819778284410283,1.3118752925,1.2652230253095489,1.9999999999999998e-05,0.37464499999999995
fixed/transition3,cea-09,duration,intact,0.0,0.0,10.819778284410283,1.3118752925,1.2652230253095489,1.9999999999999998e-05,0.37464499999999995
oracle-boundary/absolute,cea-09,duration,intact,1.0,1.0,0.0009804805139615315,9.800000000392828e-07,0.011582902361779928,1.9999999999999998e-05,0.9990199999999999
oracle-boundary/present,cea-09,duration,intact,0.0,0.0,10.819778284410283,1.3118752925,1.2652230253095489,1.9999999999999998e-05,0.37464499999999995
oracle-boundary/recency,cea-09,duration,intact,1.0,1.0,0.05024121643674679,0.0024500000000000632,0.38625940550147086,0.001,0.951
oracle-boundary/reference,cea-09,duration,intact,1.0,1.0,0.0009804805139615315,9.800000000392828e-07,0.011582902361779928,1.9999999999999998e-05,0.9990199999999999
oracle-boundary/transition1,cea-09,duration,intact,0.5,0.0,0.69410764165507,0.50000048,0.7038282854721148,1.9999999999999998e-05,0.4995199999999999
oracle-boundary/transition2,cea-09,duration,intact,1.0,1.0,0.0009804805139615315,9.800000000392828e-07,0.011582902361779928,1.9999999999999998e-05,0.9990199999999999
oracle-boundary/transition3,cea-09,duration,intact,1.0,1.0,0.0009804805139615315,9.800000000392828e-07,0.011582902361779928,1.9999999999999998e-05,0.9990199999999999
map/absolute,cea-09,joint,intact,1.0,1.0,0.0009804805139615315,9.800000000392828e-07,0.011582902361779928,1.9999999999999998e-05,0.9990199999999999
map/present,cea-09,joint,intact,0.0,0.0,10.819778284410283,1.3118752925,1.2652230253095489,1.9999999999999998e-05,0.37464499999999995
map/recency,cea-09,joint,intact,1.0,1.0,0.05024121643674679,0.0024500000000000632,0.38625940550147086,0.001,0.951
map/reference,cea-09,joint,intact,1.0,1.0,0.0009804805139615315,9.800000000392828e-07,0.011582902361779928,1.9999999999999998e-05,0.9990199999999999
map/transition1,cea-09,joint,intact,0.5,0.0,0.6452014274462583,0.45131654423806056,0.7010769488689685,1.9999999999999998e-05,0.5261775515049933
map/transition2,cea-09,joint,intact,1.0,1.0,0.0009804805139615315,9.800000000392828e-07,0.011582902361779928,1.9999999999999998e-05,0.9990199999999999
map/transition3,cea-09,joint,intact,1.0,1.0,0.0009804805139615315,9.800000000392828e-07,0.011582902361779928,1.9999999999999998e-05,0.9990199999999999
mixture/absolute,cea-09,joint,intact,1.0,1.0,0.36458887543004204,0.18627503691711467,0.6228059762008886,0.30485053231056003,0.6944821108533212
mixture/present,cea-09,joint,intact,0.0,0.0,11.183386679326363,1.2436397642874608,1.494290670036031,0.30485053231056003,0.30485053231056003
mixture/recency,cea-09,joint,intact,1.0,1.0,0.4138496113528273,0.20822583435163078,0.8784953281416528,0.3055317924140978,0.661100365779973
mixture/reference,cea-09,joint,intact,1.0,1.0,0.36458887543004204,0.18627503691711467,0.6228059762008886,0.30485053231056003,0.6944821108533212
mixture/transition1,cea-09,joint,intact,0.5,0.0,1.0088098223623385,0.6051754999677275,1.1021169818255112,0.30485053231056003,0.36577936042603754
mixture/transition2,cea-09,joint,intact,1.0,1.0,0.36458887543004204,0.18627503691711467,0.6228059762008886,0.30485053231056003,0.6944821108533212
mixture/transition3,cea-09,joint,intact,1.0,1.0,0.36458887543004204,0.18627503691711467,0.6228059762008886,0.30485053231056003,0.6944821108533212
repaired/absolute,cea-09,joint,intact,1.0,1.0,0.0009804805139615315,9.800000000392828e-07,0.011582902361779928,1.9999999999999998e-05,0.9990199999999999
repaired/present,cea-09,joint,intact,0.0,0.0,10.819778284410283,1.3118752925,1.2652230253095489,1.9999999999999998e-05,0.37464499999999995
repaired/recency,cea-09,joint,intact,1.0,1.0,0.05024121643674679,0.0024500000000000632,0.38625940550147086,0.001,0.951
repaired/reference,cea-09,joint,intact,1.0,1.0,0.0009804805139615315,9.800000000392828e-07,0.011582902361779928,1.9999999999999998e-05,0.9990199999999999
repaired/transition1,cea-09,joint,intact,1.0,1.0,0.69380112818106,0.49969426073184875,0.7038282051146507,1.9999999999999998e-05,0.49967314977423394
repaired/transition2,cea-09,joint,intact,1.0,1.0,0.0009804805139615315,9.800000000392828e-07,0.011582902361779928,1.9999999999999998e-05,0.9990199999999999
repaired/transition3,cea-09,joint,intact,1.0,1.0,0.0009804805139615315,9.800000000392828e-07,0.011582902361779928,1.9999999999999998e-05,0.9990199999999999
streaming/absolute,cea-09,joint,intact,0.0,0.0,10.819778284410283,1.3118752925,1.2652230253095489,1.9999999999999998e-05,0.37464499999999995
streaming/present,cea-09,joint,intact,0.0,0.0,10.819778284410283,1.3118752925,1.2652230253095489,1.9999999999999998e-05,0.37464499999999995
streaming/recency,cea-09,joint,intact,1.0,1.0,0.05024121643674679,0.0024500000000000632,0.38625940550147086,0.001,0.951
streaming/reference,cea-09,joint,intact,0.0,0.0,10.819778284410283,1.3118752925,1.2652230253095489,1.9999999999999998e-05,0.37464499999999995
streaming/transition1,cea-09,joint,intact,0.0,0.0,10.819778284410283,1.3118752925,1.2652230253095489,1.9999999999999998e-05,0.37464499999999995
streaming/transition2,cea-09,joint,intact,0.0,0.0,10.819778284410283,1.3118752925,1.2652230253095489,1.9999999999999998e-05,0.37464499999999995
streaming/transition3,cea-09,joint,intact,0.0,0.0,10.819778284410283,1.3118752925,1.2652230253095489,1.9999999999999998e-05,0.37464499999999995
fixed/absolute,cea-09,joint,intact,0.0,0.0,10.819778284410283,1.3118752925,1.2652230253095489,1.9999999999999998e-05,0.37464499999999995
fixed/present,cea-09,joint,intact,0.0,0.0,10.819778284410283,1.3118752925,1.2652230253095489,1.9999999999999998e-05,0.37464499999999995
fixed/recency,cea-09,joint,intact,0.0,0.0,6.907755278982137,1.90245,0.38625940550147086,0.001,0.951
fixed/reference,cea-09,joint,intact,0.0,0.0,10.819778284410283,1.3118752925,1.2652230253095489,1.9999999999999998e-05,0.37464499999999995
fixed/transition1,cea-09,joint,intact,0.0,0.0,10.819778284410283,1.3118752925,1.2652230253095489,1.9999999999999998e-05,0.37464499999999995
fixed/transition2,cea-09,joint,intact,0.0,0.0,10.819778284410283,1.3118752925,1.2652230253095489,1.9999999999999998e-05,0.37464499999999995
fixed/transition3,cea-09,joint,intact,0.0,0.0,10.819778284410283,1.3118752925,1.2652230253095489,1.9999999999999998e-05,0.37464499999999995
oracle-boundary/absolute,cea-09,joint,intact,1.0,1.0,0.0009804805139615315,9.800000000392828e-07,0.011582902361779928,1.9999999999999998e-05,0.9990199999999999
oracle-boundary/present,cea-09,joint,intact,0.0,0.0,10.819778284410283,1.3118752925,1.2652230253095489,1.9999999999999998e-05,0.37464499999999995
oracle-boundary/recency,cea-09,joint,intact,1.0,1.0,0.05024121643674679,0.0024500000000000632,0.38625940550147086,0.001,0.951
oracle-boundary/reference,cea-09,joint,intact,1.0,1.0,0.0009804805139615315,9.800000000392828e-07,0.011582902361779928,1.9999999999999998e-05,0.9990199999999999
oracle-boundary/transition1,cea-09,joint,intact,0.5,0.0,0.69410764165507,0.50000048,0.7038282854721148,1.9999999999999998e-05,0.4995199999999999
oracle-boundary/transition2,cea-09,joint,intact,1.0,1.0,0.0009804805139615315,9.800000000392828e-07,0.011582902361779928,1.9999999999999998e-05,0.9990199999999999
oracle-boundary/transition3,cea-09,joint,intact,1.0,1.0,0.0009804805139615315,9.800000000392828e-07,0.011582902361779928,1.9999999999999998e-05,0.9990199999999999
map/absolute,cea-09,joint,reset,0.0,0.0,10.819778284410283,1.3118752925,1.2652230253095489,1.9999999999999998e-05,0.37464499999999995
map/present,cea-09,joint,reset,0.0,0.0,10.819778284410283,1.3118752925,1.2652230253095489,1.9999999999999998e-05,0.37464499999999995
map/recency,cea-09,joint,reset,0.0,0.0,6.907755278982137,1.2819812499999999,1.5615080942797084,0.001,0.35724999999999996
map/reference,cea-09,joint,reset,0.0,0.0,10.819778284410283,1.3118752925,1.2652230253095489,1.9999999999999998e-05,0.37464499999999995
map/transition1,cea-09,joint,reset,0.0,0.0,10.819778284410283,1.3118752925,1.2652230253095489,1.9999999999999998e-05,0.37464499999999995
map/transition2,cea-09,joint,reset,0.0,0.0,10.819778284410283,1.3118752925,1.2652230253095489,1.9999999999999998e-05,0.37464499999999995
map/transition3,cea-09,joint,reset,0.0,0.0,10.819778284410283,1.3118752925,1.2652230253095489,1.9999999999999998e-05,0.37464499999999995
mixture/absolute,cea-09,joint,reset,0.0,0.0,10.819778284410283,1.3118752925,1.2652230253095489,1.9999999999999998e-05,0.37464499999999995
mixture/present,cea-09,joint,reset,0.0,0.0,10.819778284410283,1.3118752925,1.2652230253095489,1.9999999999999998e-05,0.37464499999999995
mixture/recency,cea-09,joint,reset,0.0,0.0,6.907755278982137,1.2819812499999999,1.5615080942797084,0.001,0.35724999999999996
mixture/reference,cea-09,joint,reset,0.0,0.0,10.819778284410283,1.3118752925,1.2652230253095489,1.9999999999999998e-05,0.37464499999999995
mixture/transition1,cea-09,joint,reset,0.0,0.0,10.819778284410283,1.3118752925,1.2652230253095489,1.9999999999999998e-05,0.37464499999999995
mixture/transition2,cea-09,joint,reset,0.0,0.0,10.819778284410283,1.3118752925,1.2652230253095489,1.9999999999999998e-05,0.37464499999999995
mixture/transition3,cea-09,joint,reset,0.0,0.0,10.819778284410283,1.3118752925,1.2652230253095489,1.9999999999999998e-05,0.37464499999999995
repaired/absolute,cea-09,joint,reset,0.0,0.0,10.819778284410283,1.3118752925,1.2652230253095489,1.9999999999999998e-05,0.37464499999999995
repaired/present,cea-09,joint,reset,0.0,0.0,10.819778284410283,1.3118752925,1.2652230253095489,1.9999999999999998e-05,0.37464499999999995
repaired/recency,cea-09,joint,reset,0.0,0.0,6.907755278982137,1.2819812499999999,1.5615080942797084,0.001,0.35724999999999996
repaired/reference,cea-09,joint,reset,0.0,0.0,10.819778284410283,1.3118752925,1.2652230253095489,1.9999999999999998e-05,0.37464499999999995
repaired/transition1,cea-09,joint,reset,0.0,0.0,10.819778284410283,1.3118752925,1.2652230253095489,1.9999999999999998e-05,0.37464499999999995
repaired/transition2,cea-09,joint,reset,0.0,0.0,10.819778284410283,1.3118752925,1.2652230253095489,1.9999999999999998e-05,0.37464499999999995
repaired/transition3,cea-09,joint,reset,0.0,0.0,10.819778284410283,1.3118752925,1.2652230253095489,1.9999999999999998e-05,0.37464499999999995
streaming/absolute,cea-09,joint,reset,0.0,0.0,10.819778284410283,1.3118752925,1.2652230253095489,1.9999999999999998e-05,0.37464499999999995
streaming/present,cea-09,joint,reset,0.0,0.0,10.819778284410283,1.3118752925,1.2652230253095489,1.9999999999999998e-05,0.37464499999999995
streaming/recency,cea-09,joint,reset,0.0,0.0,6.907755278982137,1.2819812499999999,1.5615080942797084,0.001,0.35724999999999996
streaming/reference,cea-09,joint,reset,0.0,0.0,10.819778284410283,1.3118752925,1.2652230253095489,1.9999999999999998e-05,0.37464499999999995
streaming/transition1,cea-09,joint,reset,0.0,0.0,10.819778284410283,1.3118752925,1.2652230253095489,1.9999999999999998e-05,0.37464499999999995
streaming/transition2,cea-09,joint,reset,0.0,0.0,10.819778284410283,1.3118752925,1.2652230253095489,1.9999999999999998e-05,0.37464499999999995
streaming/transition3,cea-09,joint,reset,0.0,0.0,10.819778284410283,1.3118752925,1.2652230253095489,1.9999999999999998e-05,0.37464499999999995
fixed/absolute,cea-09,joint,reset,0.0,0.0,10.819778284410283,1.3118752925,1.2652230253095489,1.9999999999999998e-05,0.37464499999999995
fixed/present,cea-09,joint,reset,0.0,0.0,10.819778284410283,1.3118752925,1.2652230253095489,1.9999999999999998e-05,0.37464499999999995
fixed/recency,cea-09,joint,reset,0.0,0.0,6.907755278982137,1.90245,0.38625940550147086,0.001,0.951
fixed/reference,cea-09,joint,reset,0.0,0.0,10.819778284410283,1.3118752925,1.2652230253095489,1.9999999999999998e-05,0.37464499999999995
fixed/transition1,cea-09,joint,reset,0.0,0.0,10.819778284410283,1.3118752925,1.2652230253095489,1.9999999999999998e-05,0.37464499999999995
fixed/transition2,cea-09,joint,reset,0.0,0.0,10.819778284410283,1.3118752925,1.2652230253095489,1.9999999999999998e-05,0.37464499999999995
fixed/transition3,cea-09,joint,reset,0.0,0.0,10.819778284410283,1.3118752925,1.2652230253095489,1.9999999999999998e-05,0.37464499999999995
oracle-boundary/absolute,cea-09,joint,reset,0.0,0.0,10.819778284410283,1.3118752925,1.2652230253095489,1.9999999999999998e-05,0.37464499999999995
oracle-boundary/present,cea-09,joint,reset,0.0,0.0,10.819778284410283,1.3118752925,1.2652230253095489,1.9999999999999998e-05,0.37464499999999995
oracle-boundary/recency,cea-09,joint,reset,0.0,0.0,6.907755278982137,1.2819812499999999,1.5615080942797084,0.001,0.35724999999999996
oracle-boundary/reference,cea-09,joint,reset,0.0,0.0,10.819778284410283,1.3118752925,1.2652230253095489,1.9999999999999998e-05,0.37464499999999995
oracle-boundary/transition1,cea-09,joint,reset,0.0,0.0,10.819778284410283,1.3118752925,1.2652230253095489,1.9999999999999998e-05,0.37464499999999995
oracle-boundary/transition2,cea-09,joint,reset,0.0,0.0,10.819778284410283,1.3118752925,1.2652230253095489,1.9999999999999998e-05,0.37464499999999995
oracle-boundary/transition3,cea-09,joint,reset,0.0,0.0,10.819778284410283,1.3118752925,1.2652230253095489,1.9999999999999998e-05,0.37464499999999995
map/absolute,cea-09,joint,removal,0.0,0.0,10.819778284410283,1.3118752925,1.2652230253095489,1.9999999999999998e-05,0.37464499999999995
map/present,cea-09,joint,removal,0.0,0.0,10.819778284410283,1.3118752925,1.2652230253095489,1.9999999999999998e-05,0.37464499999999995
map/recency,cea-09,joint,removal,0.0,0.0,6.907755278982137,1.2819812499999999,1.5615080942797084,0.001,0.35724999999999996
map/reference,cea-09,joint,removal,0.0,0.0,10.819778284410283,1.3118752925,1.2652230253095489,1.9999999999999998e-05,0.37464499999999995
map/transition1,cea-09,joint,removal,0.0,0.0,10.819778284410283,1.3118752925,1.2652230253095489,1.9999999999999998e-05,0.37464499999999995
map/transition2,cea-09,joint,removal,0.0,0.0,10.819778284410283,1.3118752925,1.2652230253095489,1.9999999999999998e-05,0.37464499999999995
map/transition3,cea-09,joint,removal,0.0,0.0,10.819778284410283,1.3118752925,1.2652230253095489,1.9999999999999998e-05,0.37464499999999995
mixture/absolute,cea-09,joint,removal,0.0,0.0,11.183386679326363,1.2436397642874608,1.494290670036031,0.30485053231056003,0.30485053231056003
mixture/present,cea-09,joint,removal,0.0,0.0,11.183386679326363,1.2436397642874608,1.494290670036031,0.30485053231056003,0.30485053231056003
mixture/recency,cea-09,joint,removal,0.0,0.0,7.271363673898217,1.2291934051035485,1.695485168345361,0.3055317924140978,0.3055317924140978
mixture/reference,cea-09,joint,removal,0.0,0.0,11.183386679326363,1.2436397642874608,1.494290670036031,0.30485053231056003,0.30485053231056003
mixture/transition1,cea-09,joint,removal,0.0,0.0,11.183386679326363,1.2436397642874608,1.494290670036031,0.30485053231056003,0.30485053231056003
mixture/transition2,cea-09,joint,removal,0.0,0.0,11.183386679326363,1.2436397642874608,1.494290670036031,0.30485053231056003,0.30485053231056003
mixture/transition3,cea-09,joint,removal,0.0,0.0,11.183386679326363,1.2436397642874608,1.494290670036031,0.30485053231056003,0.30485053231056003
repaired/absolute,cea-09,joint,removal,0.0,0.0,10.819778284410283,1.3118752925,1.2652230253095489,1.9999999999999998e-05,0.37464499999999995
repaired/present,cea-09,joint,removal,0.0,0.0,10.819778284410283,1.3118752925,1.2652230253095489,1.9999999999999998e-05,0.37464499999999995
repaired/recency,cea-09,joint,removal,0.0,0.0,6.907755278982137,1.2819812499999999,1.5615080942797084,0.001,0.35724999999999996
repaired/reference,cea-09,joint,removal,0.0,0.0,10.819778284410283,1.3118752925,1.2652230253095489,1.9999999999999998e-05,0.37464499999999995
repaired/transition1,cea-09,joint,removal,0.0,0.0,10.819778284410283,1.3118752925,1.2652230253095489,1.9999999999999998e-05,0.37464499999999995
repaired/transition2,cea-09,joint,removal,0.0,0.0,10.819778284410283,1.3118752925,1.2652230253095489,1.9999999999999998e-05,0.37464499999999995
repaired/transition3,cea-09,joint,removal,0.0,0.0,10.819778284410283,1.3118752925,1.2652230253095489,1.9999999999999998e-05,0.37464499999999995
streaming/absolute,cea-09,joint,removal,0.0,0.0,10.819778284410283,1.3118752925,1.2652230253095489,1.9999999999999998e-05,0.37464499999999995
streaming/present,cea-09,joint,removal,0.0,0.0,10.819778284410283,1.3118752925,1.2652230253095489,1.9999999999999998e-05,0.37464499999999995
streaming/recency,cea-09,joint,removal,0.0,0.0,6.907755278982137,1.2819812499999999,1.5615080942797084,0.001,0.35724999999999996
streaming/reference,cea-09,joint,removal,0.0,0.0,10.819778284410283,1.3118752925,1.2652230253095489,1.9999999999999998e-05,0.37464499999999995
streaming/transition1,cea-09,joint,removal,0.0,0.0,10.819778284410283,1.3118752925,1.2652230253095489,1.9999999999999998e-05,0.37464499999999995
streaming/transition2,cea-09,joint,removal,0.0,0.0,10.819778284410283,1.3118752925,1.2652230253095489,1.9999999999999998e-05,0.37464499999999995
streaming/transition3,cea-09,joint,removal,0.0,0.0,10.819778284410283,1.3118752925,1.2652230253095489,1.9999999999999998e-05,0.37464499999999995
fixed/absolute,cea-09,joint,removal,0.0,0.0,10.819778284410283,1.3118752925,1.2652230253095489,1.9999999999999998e-05,0.37464499999999995
fixed/present,cea-09,joint,removal,0.0,0.0,10.819778284410283,1.3118752925,1.2652230253095489,1.9999999999999998e-05,0.37464499999999995
fixed/recency,cea-09,joint,removal,0.0,0.0,6.907755278982137,1.90245,0.38625940550147086,0.001,0.951
fixed/reference,cea-09,joint,removal,0.0,0.0,10.819778284410283,1.3118752925,1.2652230253095489,1.9999999999999998e-05,0.37464499999999995
fixed/transition1,cea-09,joint,removal,0.0,0.0,10.819778284410283,1.3118752925,1.2652230253095489,1.9999999999999998e-05,0.37464499999999995
fixed/transition2,cea-09,joint,removal,0.0,0.0,10.819778284410283,1.3118752925,1.2652230253095489,1.9999999999999998e-05,0.37464499999999995
fixed/transition3,cea-09,joint,removal,0.0,0.0,10.819778284410283,1.3118752925,1.2652230253095489,1.9999999999999998e-05,0.37464499999999995
oracle-boundary/absolute,cea-09,joint,removal,0.0,0.0,10.819778284410283,1.3118752925,1.2652230253095489,1.9999999999999998e-05,0.37464499999999995
oracle-boundary/present,cea-09,joint,removal,0.0,0.0,10.819778284410283,1.3118752925,1.2652230253095489,1.9999999999999998e-05,0.37464499999999995
oracle-boundary/recency,cea-09,joint,removal,0.0,0.0,6.907755278982137,1.2819812499999999,1.5615080942797084,0.001,0.35724999999999996
oracle-boundary/reference,cea-09,joint,removal,0.0,0.0,10.819778284410283,1.3118752925,1.2652230253095489,1.9999999999999998e-05,0.37464499999999995
oracle-boundary/transition1,cea-09,joint,removal,0.0,0.0,10.819778284410283,1.3118752925,1.2652230253095489,1.9999999999999998e-05,0.37464499999999995
oracle-boundary/transition2,cea-09,joint,removal,0.0,0.0,10.819778284410283,1.3118752925,1.2652230253095489,1.9999999999999998e-05,0.37464499999999995
oracle-boundary/transition3,cea-09,joint,removal,0.0,0.0,10.819778284410283,1.3118752925,1.2652230253095489,1.9999999999999998e-05,0.37464499999999995
map/absolute,cea-09,joint,swap,1.0,1.0,0.0009804805139615315,9.800000000392828e-07,0.011582902361779928,1.9999999999999998e-05,0.9990199999999999
map/present,cea-09,joint,swap,0.0,0.0,10.819778284410283,1.3118752925,1.2652230253095489,1.9999999999999998e-05,0.37464499999999995
map/recency,cea-09,joint,swap,1.0,1.0,0.05024121643674679,0.0024500000000000632,0.38625940550147086,0.001,0.951
map/reference,cea-09,joint,swap,1.0,1.0,0.0009804805139615315,9.800000000392828e-07,0.011582902361779928,1.9999999999999998e-05,0.9990199999999999
map/transition1,cea-09,joint,swap,0.5,0.0,0.6452014274462583,0.45131654423806056,0.7010769488689685,1.9999999999999998e-05,0.5261775515049933
map/transition2,cea-09,joint,swap,1.0,1.0,0.0009804805139615315,9.800000000392828e-07,0.011582902361779928,1.9999999999999998e-05,0.9990199999999999
map/transition3,cea-09,joint,swap,1.0,1.0,0.0009804805139615315,9.800000000392828e-07,0.011582902361779928,1.9999999999999998e-05,0.9990199999999999
mixture/absolute,cea-09,joint,swap,1.0,1.0,0.36458887543004204,0.18627503691711467,0.6228059762008886,0.30485053231056003,0.6944821108533212
mixture/present,cea-09,joint,swap,0.0,0.0,11.183386679326363,1.2436397642874608,1.494290670036031,0.30485053231056003,0.30485053231056003
mixture/recency,cea-09,joint,swap,1.0,1.0,0.4138496113528273,0.20822583435163078,0.8784953281416528,0.3055317924140978,0.661100365779973
mixture/reference,cea-09,joint,swap,1.0,1.0,0.36458887543004204,0.18627503691711467,0.6228059762008886,0.30485053231056003,0.6944821108533212
mixture/transition1,cea-09,joint,swap,0.5,0.0,1.0088098223623385,0.6051754999677275,1.1021169818255112,0.30485053231056003,0.36577936042603754
mixture/transition2,cea-09,joint,swap,1.0,1.0,0.36458887543004204,0.18627503691711467,0.6228059762008886,0.30485053231056003,0.6944821108533212
mixture/transition3,cea-09,joint,swap,1.0,1.0,0.36458887543004204,0.18627503691711467,0.6228059762008886,0.30485053231056003,0.6944821108533212
repaired/absolute,cea-09,joint,swap,1.0,1.0,0.0009804805139615315,9.800000000392828e-07,0.011582902361779928,1.9999999999999998e-05,0.9990199999999999
repaired/present,cea-09,joint,swap,0.0,0.0,10.819778284410283,1.3118752925,1.2652230253095489,1.9999999999999998e-05,0.37464499999999995
repaired/recency,cea-09,joint,swap,1.0,1.0,0.05024121643674679,0.0024500000000000632,0.38625940550147086,0.001,0.951
repaired/reference,cea-09,joint,swap,1.0,1.0,0.0009804805139615315,9.800000000392828e-07,0.011582902361779928,1.9999999999999998e-05,0.9990199999999999
repaired/transition1,cea-09,joint,swap,1.0,1.0,0.69380112818106,0.49969426073184875,0.7038282051146507,1.9999999999999998e-05,0.49967314977423394
repaired/transition2,cea-09,joint,swap,1.0,1.0,0.0009804805139615315,9.800000000392828e-07,0.011582902361779928,1.9999999999999998e-05,0.9990199999999999
repaired/transition3,cea-09,joint,swap,1.0,1.0,0.0009804805139615315,9.800000000392828e-07,0.011582902361779928,1.9999999999999998e-05,0.9990199999999999
streaming/absolute,cea-09,joint,swap,0.0,0.0,10.819778284410283,1.3118752925,1.2652230253095489,1.9999999999999998e-05,0.37464499999999995
streaming/present,cea-09,joint,swap,0.0,0.0,10.819778284410283,1.3118752925,1.2652230253095489,1.9999999999999998e-05,0.37464499999999995
streaming/recency,cea-09,joint,swap,1.0,1.0,0.05024121643674679,0.0024500000000000632,0.38625940550147086,0.001,0.951
streaming/reference,cea-09,joint,swap,0.0,0.0,10.819778284410283,1.3118752925,1.2652230253095489,1.9999999999999998e-05,0.37464499999999995
streaming/transition1,cea-09,joint,swap,0.0,0.0,10.819778284410283,1.3118752925,1.2652230253095489,1.9999999999999998e-05,0.37464499999999995
streaming/transition2,cea-09,joint,swap,0.0,0.0,10.819778284410283,1.3118752925,1.2652230253095489,1.9999999999999998e-05,0.37464499999999995
streaming/transition3,cea-09,joint,swap,0.0,0.0,10.819778284410283,1.3118752925,1.2652230253095489,1.9999999999999998e-05,0.37464499999999995
fixed/absolute,cea-09,joint,swap,0.0,0.0,10.819778284410283,1.3118752925,1.2652230253095489,1.9999999999999998e-05,0.37464499999999995
fixed/present,cea-09,joint,swap,0.0,0.0,10.819778284410283,1.3118752925,1.2652230253095489,1.9999999999999998e-05,0.37464499999999995
fixed/recency,cea-09,joint,swap,0.0,0.0,6.907755278982137,1.90245,0.38625940550147086,0.001,0.951
fixed/reference,cea-09,joint,swap,0.0,0.0,10.819778284410283,1.3118752925,1.2652230253095489,1.9999999999999998e-05,0.37464499999999995
fixed/transition1,cea-09,joint,swap,0.0,0.0,10.819778284410283,1.3118752925,1.2652230253095489,1.9999999999999998e-05,0.37464499999999995
fixed/transition2,cea-09,joint,swap,0.0,0.0,10.819778284410283,1.3118752925,1.2652230253095489,1.9999999999999998e-05,0.37464499999999995
fixed/transition3,cea-09,joint,swap,0.0,0.0,10.819778284410283,1.3118752925,1.2652230253095489,1.9999999999999998e-05,0.37464499999999995
oracle-boundary/absolute,cea-09,joint,swap,1.0,1.0,0.0009804805139615315,9.800000000392828e-07,0.011582902361779928,1.9999999999999998e-05,0.9990199999999999
oracle-boundary/present,cea-09,joint,swap,0.0,0.0,10.819778284410283,1.3118752925,1.2652230253095489,1.9999999999999998e-05,0.37464499999999995
oracle-boundary/recency,cea-09,joint,swap,1.0,1.0,0.05024121643674679,0.0024500000000000632,0.38625940550147086,0.001,0.951
oracle-boundary/reference,cea-09,joint,swap,1.0,1.0,0.0009804805139615315,9.800000000392828e-07,0.011582902361779928,1.9999999999999998e-05,0.9990199999999999
oracle-boundary/transition1,cea-09,joint,swap,0.5,0.0,0.69410764165507,0.50000048,0.7038282854721148,1.9999999999999998e-05,0.4995199999999999
oracle-boundary/transition2,cea-09,joint,swap,1.0,1.0,0.0009804805139615315,9.800000000392828e-07,0.011582902361779928,1.9999999999999998e-05,0.9990199999999999
oracle-boundary/transition3,cea-09,joint,swap,1.0,1.0,0.0009804805139615315,9.800000000392828e-07,0.011582902361779928,1.9999999999999998e-05,0.9990199999999999
map/absolute,cea-09,joint,shuffle,1.0,1.0,0.0009804805139615315,9.800000000392828e-07,0.011582902361779928,1.9999999999999998e-05,0.9990199999999999
map/present,cea-09,joint,shuffle,0.0,0.0,10.819778284410283,1.3118752925,1.2652230253095489,1.9999999999999998e-05,0.37464499999999995
map/recency,cea-09,joint,shuffle,0.0,0.0,6.907755278982137,1.90245,0.38625940550147086,0.001,0.951
map/reference,cea-09,joint,shuffle,1.0,1.0,0.0009804805139615315,9.800000000392828e-07,0.011582902361779928,1.9999999999999998e-05,0.9990199999999999
map/transition1,cea-09,joint,shuffle,0.5,0.0,0.7200246329562333,0.5257192942271989,0.700220493948292,1.9999999999999998e-05,0.5404726460620075
map/transition2,cea-09,joint,shuffle,1.0,1.0,0.0009804805139615315,9.800000000392828e-07,0.011582902361779928,1.9999999999999998e-05,0.9990199999999999
map/transition3,cea-09,joint,shuffle,1.0,1.0,0.0009804805139615315,9.800000000392828e-07,0.011582902361779928,1.9999999999999998e-05,0.9990199999999999
mixture/absolute,cea-09,joint,shuffle,1.0,1.0,0.23026303181615848,0.08429131636361564,0.5161586890091832,0.20491205793997336,0.794324642369655
mixture/present,cea-09,joint,shuffle,0.0,0.0,11.04906083571248,1.2391469142016351,1.512932769929222,0.20491205793997336,0.2978816796866724
mixture/recency,cea-09,joint,shuffle,0.0,0.0,7.137037830284334,1.6125024111538884,0.8090209230446825,0.20569125970722751,0.7561437557742007
mixture/reference,cea-09,joint,shuffle,1.0,1.0,0.23026303181615848,0.08429131636361564,0.5161586890091832,0.20491205793997336,0.794324642369655
mixture/transition1,cea-09,joint,shuffle,0.5,0.0,0.9493071842584302,0.5829996896625763,1.063697085296802,0.20491205793997336,0.4297318785347494
mixture/transition2,cea-09,joint,shuffle,1.0,1.0,0.23026303181615848,0.08429131636361564,0.5161586890091832,0.20491205793997336,0.794324642369655
mixture/transition3,cea-09,joint,shuffle,1.0,1.0,0.23026303181615848,0.08429131636361564,0.5161586890091832,0.20491205793997336,0.794324642369655
repaired/absolute,cea-09,joint,shuffle,1.0,1.0,0.0009804805139615315,9.800000000392828e-07,0.011582902361779928,1.9999999999999998e-05,0.9990199999999999
repaired/present,cea-09,joint,shuffle,0.0,0.0,10.819778284410283,1.3118752925,1.2652230253095489,1.9999999999999998e-05,0.37464499999999995
repaired/recency,cea-09,joint,shuffle,0.0,0.0,6.907755278982137,1.90245,0.38625940550147086,0.001,0.951
repaired/reference,cea-09,joint,shuffle,1.0,1.0,0.0009804805139615315,9.800000000392828e-07,0.011582902361779928,1.9999999999999998e-05,0.9990199999999999
repaired/transition1,cea-09,joint,shuffle,1.0,1.0,0.6935201631101022,0.4994135653384757,0.7038281031973264,1.9999999999999998e-05,0.49981354838065767
repaired/transition2,cea-09,joint,shuffle,1.0,1.0,0.0009804805139615315,9.800000000392828e-07,0.011582902361779928,1.9999999999999998e-05,0.9990199999999999
repaired/transition3,cea-09,joint,shuffle,1.0,1.0,0.0009804805139615315,9.800000000392828e-07,0.011582902361779928,1.9999999999999998e-05,0.9990199999999999
streaming/absolute,cea-09,joint,shuffle,0.0,0.0,10.819778284410283,1.3118752925,1.2652230253095489,1.9999999999999998e-05,0.37464499999999995
streaming/present,cea-09,joint,shuffle,0.0,0.0,10.819778284410283,1.3118752925,1.2652230253095489,1.9999999999999998e-05,0.37464499999999995
streaming/recency,cea-09,joint,shuffle,0.0,0.0,6.907755278982137,1.90245,0.38625940550147086,0.001,0.951
streaming/reference,cea-09,joint,shuffle,0.0,0.0,10.819778284410283,1.3118752925,1.2652230253095489,1.9999999999999998e-05,0.37464499999999995
streaming/transition1,cea-09,joint,shuffle,0.0,0.0,10.819778284410283,1.3118752925,1.2652230253095489,1.9999999999999998e-05,0.37464499999999995
streaming/transition2,cea-09,joint,shuffle,0.0,0.0,10.819778284410283,1.3118752925,1.2652230253095489,1.9999999999999998e-05,0.37464499999999995
streaming/transition3,cea-09,joint,shuffle,0.0,0.0,10.819778284410283,1.3118752925,1.2652230253095489,1.9999999999999998e-05,0.37464499999999995
fixed/absolute,cea-09,joint,shuffle,0.0,0.0,10.819778284410283,1.3118752925,1.2652230253095489,1.9999999999999998e-05,0.37464499999999995
fixed/present,cea-09,joint,shuffle,0.0,0.0,10.819778284410283,1.3118752925,1.2652230253095489,1.9999999999999998e-05,0.37464499999999995
fixed/recency,cea-09,joint,shuffle,0.0,0.0,6.907755278982137,1.90245,0.38625940550147086,0.001,0.951
fixed/reference,cea-09,joint,shuffle,0.0,0.0,10.819778284410283,1.3118752925,1.2652230253095489,1.9999999999999998e-05,0.37464499999999995
fixed/transition1,cea-09,joint,shuffle,0.0,0.0,10.819778284410283,1.3118752925,1.2652230253095489,1.9999999999999998e-05,0.37464499999999995
fixed/transition2,cea-09,joint,shuffle,0.0,0.0,10.819778284410283,1.3118752925,1.2652230253095489,1.9999999999999998e-05,0.37464499999999995
fixed/transition3,cea-09,joint,shuffle,0.0,0.0,10.819778284410283,1.3118752925,1.2652230253095489,1.9999999999999998e-05,0.37464499999999995
oracle-boundary/absolute,cea-09,joint,shuffle,1.0,1.0,0.0009804805139615315,9.800000000392828e-07,0.011582902361779928,1.9999999999999998e-05,0.9990199999999999
oracle-boundary/present,cea-09,joint,shuffle,0.0,0.0,10.819778284410283,1.3118752925,1.2652230253095489,1.9999999999999998e-05,0.37464499999999995
oracle-boundary/recency,cea-09,joint,shuffle,0.0,0.0,6.907755278982137,1.90245,0.38625940550147086,0.001,0.951
oracle-boundary/reference,cea-09,joint,shuffle,1.0,1.0,0.0009804805139615315,9.800000000392828e-07,0.011582902361779928,1.9999999999999998e-05,0.9990199999999999
oracle-boundary/transition1,cea-09,joint,shuffle,0.5,0.0,0.69410764165507,0.50000048,0.7038282854721148,1.9999999999999998e-05,0.4995199999999999
oracle-boundary/transition2,cea-09,joint,shuffle,1.0,1.0,0.0009804805139615315,9.800000000392828e-07,0.011582902361779928,1.9999999999999998e-05,0.9990199999999999
oracle-boundary/transition3,cea-09,joint,shuffle,1.0,1.0,0.0009804805139615315,9.800000000392828e-07,0.011582902361779928,1.9999999999999998e-05,0.9990199999999999
map/absolute,cea-09,joint,ambiguous,0.5,0.0,0.7088935237909435,0.5145419191840801,0.6892013482190024,1.9999999999999998e-05,0.5847885146583426
map/present,cea-09,joint,ambiguous,0.0,0.0,10.819778284410283,1.3118752925,1.2652230253095489,1.9999999999999998e-05,0.37464499999999995
map/recency,cea-09,joint,ambiguous,0.5,0.0,3.4789982477094417,0.95245,0.38625940550147086,0.001,0.951
map/reference,cea-09,joint,ambiguous,0.5,0.0,0.7015084154478531,0.5073326535060172,0.6964709878894342,1.9999999999999998e-05,0.5600682184131675
map/transition1,cea-09,joint,ambiguous,0.5,0.0,0.6941094264472837,0.5000022613638782,0.7038265023954232,2e-05,0.5004637594710156
map/transition2,cea-09,joint,ambiguous,0.5,0.0,0.7088935237909435,0.5145419191840801,0.6892013482190024,1.9999999999999998e-05,0.5847885146583426
map/transition3,cea-09,joint,ambiguous,0.5,0.0,0.7088935237909435,0.5145419191840801,0.6892013482190024,1.9999999999999998e-05,0.5847885146583426
mixture/absolute,cea-09,joint,ambiguous,0.5,0.0,0.9978207346878847,0.6027987116200901,1.0794552347947655,0.2509482540209892,0.4380456188456808
mixture/present,cea-09,joint,ambiguous,0.0,0.0,11.108705495307225,1.237961033977006,1.5109339073146477,0.2509482540209892,0.28063410405438755
mixture/recency,cea-09,joint,ambiguous,0.5,0.0,3.7679254586063835,0.8577196795214903,0.8475868543031518,0.2516823394137565,0.7123624576751927
mixture/reference,cea-09,joint,ambiguous,0.5,0.0,0.9904356263447943,0.5987535857130446,1.0849006799914445,0.2509482540209892,0.41952846743908584
mixture/transition1,cea-09,joint,ambiguous,0.5,0.0,0.983036637344225,0.5946404956304858,1.0904104511701531,0.2509482540209892,0.3748807504459929
mixture/transition2,cea-09,joint,ambiguous,0.5,0.0,0.9978207346878847,0.6027987116200901,1.0794552347947655,0.2509482540209892,0.4380456188456808
mixture/transition3,cea-09,joint,ambiguous,0.5,0.0,0.9978207346878847,0.6027987116200901,1.0794552347947655,0.2509482540209892,0.4380456188456808
repaired/absolute,cea-09,joint,ambiguous,0.5,0.0,0.7111317506931689,0.5167059095575581,0.6870122390098844,1.9999999999999998e-05,0.5909131878138574
repaired/present,cea-09,joint,ambiguous,0.0,0.0,10.819778284410283,1.3118752925,1.2652230253095489,1.9999999999999998e-05,0.37464499999999995
repaired/recency,cea-09,joint,ambiguous,0.5,0.0,3.4789982477094417,0.95245,0.38625940550147086,0.001,0.951
repaired/reference,cea-09,joint,ambiguous,0.5,0.0,0.7014697675538628,0.5072946450575666,0.6965092203552782,1.9999999999999998e-05,0.5599110798776056
repaired/transition1,cea-09,joint,ambiguous,0.5,0.0,0.6941076428071857,0.5000004811499046,0.7038282843211052,1.9999999999999998e-05,0.4995439781636261
repaired/transition2,cea-09,joint,ambiguous,0.5,0.0,0.694107654549402,0.5000004928695867,0.7038282725901616,1.9999999999999998e-05,0.4996002171634707
repaired/transition3,cea-09,joint,ambiguous,0.5,0.0,0.7111317506931689,0.5167059095575581,0.6870122390098844,1.9999999999999998e-05,0.5909131878138574
streaming/absolute,cea-09,joint,ambiguous,0.0,0.0,10.819778284410283,1.3118752925,1.2652230253095489,1.9999999999999998e-05,0.37464499999999995
streaming/present,cea-09,joint,ambiguous,0.0,0.0,10.819778284410283,1.3118752925,1.2652230253095489,1.9999999999999998e-05,0.37464499999999995
streaming/recency,cea-09,joint,ambiguous,0.5,0.0,3.4789982477094417,0.95245,0.38625940550147086,0.001,0.951
streaming/reference,cea-09,joint,ambiguous,0.0,0.0,10.819778284410283,1.3118752925,1.2652230253095489,1.9999999999999998e-05,0.37464499999999995
streaming/transition1,cea-09,joint,ambiguous,0.0,0.0,10.819778284410283,1.3118752925,1.2652230253095489,1.9999999999999998e-05,0.37464499999999995
streaming/transition2,cea-09,joint,ambiguous,0.0,0.0,10.819778284410283,1.3118752925,1.2652230253095489,1.9999999999999998e-05,0.37464499999999995
streaming/transition3,cea-09,joint,ambiguous,0.0,0.0,10.819778284410283,1.3118752925,1.2652230253095489,1.9999999999999998e-05,0.37464499999999995
fixed/absolute,cea-09,joint,ambiguous,0.0,0.0,10.819778284410283,1.3118752925,1.2652230253095489,1.9999999999999998e-05,0.37464499999999995
fixed/present,cea-09,joint,ambiguous,0.0,0.0,10.819778284410283,1.3118752925,1.2652230253095489,1.9999999999999998e-05,0.37464499999999995
fixed/recency,cea-09,joint,ambiguous,0.0,0.0,6.907755278982137,1.90245,0.38625940550147086,0.001,0.951
fixed/reference,cea-09,joint,ambiguous,0.0,0.0,10.819778284410283,1.3118752925,1.2652230253095489,1.9999999999999998e-05,0.37464499999999995
fixed/transition1,cea-09,joint,ambiguous,0.0,0.0,10.819778284410283,1.3118752925,1.2652230253095489,1.9999999999999998e-05,0.37464499999999995
fixed/transition2,cea-09,joint,ambiguous,0.0,0.0,10.819778284410283,1.3118752925,1.2652230253095489,1.9999999999999998e-05,0.37464499999999995
fixed/transition3,cea-09,joint,ambiguous,0.0,0.0,10.819778284410283,1.3118752925,1.2652230253095489,1.9999999999999998e-05,0.37464499999999995
oracle-boundary/absolute,cea-09,joint,ambiguous,0.5,0.0,0.69410764165507,0.50000048,0.7038282854721148,1.9999999999999998e-05,0.4995199999999999
oracle-boundary/present,cea-09,joint,ambiguous,0.0,0.0,10.819778284410283,1.3118752925,1.2652230253095489,1.9999999999999998e-05,0.37464499999999995
oracle-boundary/recency,cea-09,joint,ambiguous,0.5,0.0,3.4789982477094417,0.95245,0.38625940550147086,0.001,0.951
oracle-boundary/reference,cea-09,joint,ambiguous,0.5,0.0,0.69410764165507,0.50000048,0.7038282854721148,1.9999999999999998e-05,0.4995199999999999
oracle-boundary/transition1,cea-09,joint,ambiguous,0.5,0.0,0.69410764165507,0.50000048,0.7038282854721148,1.9999999999999998e-05,0.4995199999999999
oracle-boundary/transition2,cea-09,joint,ambiguous,0.5,0.0,0.69410764165507,0.50000048,0.7038282854721148,1.9999999999999998e-05,0.4995199999999999
oracle-boundary/transition3,cea-09,joint,ambiguous,0.5,0.0,0.69410764165507,0.50000048,0.7038282854721148,1.9999999999999998e-05,0.4995199999999999
map/absolute,cea-10,detached,intact,1.0,1.0,0.0009804805139615315,9.800000000392828e-07,0.011582902361779928,1.9999999999999998e-05,0.9990199999999999
map/present,cea-10,detached,intact,0.5,0.0,0.9817763680502767,0.5626252924999999,1.2652230253095489,1.9999999999999998e-05,0.37464499999999995
map/recency,cea-10,detached,intact,1.0,1.0,0.05024121643674679,0.0024500000000000632,0.38625940550147086,0.001,0.951
map/reference,cea-10,detached,intact,1.0,1.0,0.0009804805139615315,9.800000000392828e-07,0.011582902361779928,1.9999999999999998e-05,0.9990199999999999
map/transition1,cea-10,detached,intact,0.0,0.0,0.7115233511002912,0.5173975911370808,0.7036793822036898,1.9999999999999998e-05,0.5081441791033339
map/transition2,cea-10,detached,intact,1.0,1.0,0.0009804805139615315,9.800000000392828e-07,0.011582902361779928,1.9999999999999998e-05,0.9990199999999999
map/transition3,cea-10,detached,intact,1.0,1.0,0.0009804805139615315,9.800000000392828e-07,0.011582902361779928,1.9999999999999998e-05,0.9990199999999999
mixture/absolute,cea-10,detached,intact,1.0,1.0,0.0009804805139615315,9.800000000392828e-07,0.011582902361779928,1.9999999999999998e-05,0.9990199999999999
mixture/present,cea-10,detached,intact,0.5,0.0,0.9817763680502767,0.5626252924999999,1.2652230253095489,1.9999999999999998e-05,0.37464499999999995
mixture/recency,cea-10,detached,intact,1.0,1.0,0.05024121643674679,0.0024500000000000632,0.38625940550147086,0.001,0.951
mixture/reference,cea-10,detached,intact,1.0,1.0,0.0009804805139615315,9.800000000392828e-07,0.011582902361779928,1.9999999999999998e-05,0.9990199999999999
mixture/transition1,cea-10,detached,intact,0.0,0.0,0.7115233511002912,0.5173975911370808,0.7036793822036898,1.9999999999999998e-05,0.5081441791033339
mixture/transition2,cea-10,detached,intact,1.0,1.0,0.0009804805139615315,9.800000000392828e-07,0.011582902361779928,1.9999999999999998e-05,0.9990199999999999
mixture/transition3,cea-10,detached,intact,1.0,1.0,0.0009804805139615315,9.800000000392828e-07,0.011582902361779928,1.9999999999999998e-05,0.9990199999999999
repaired/absolute,cea-10,detached,intact,1.0,1.0,0.0009804805139615315,9.800000000392828e-07,0.011582902361779928,1.9999999999999998e-05,0.9990199999999999
repaired/present,cea-10,detached,intact,0.5,0.0,0.9817763680502767,0.5626252924999999,1.2652230253095489,1.9999999999999998e-05,0.37464499999999995
repaired/recency,cea-10,detached,intact,1.0,1.0,0.05024121643674679,0.0024500000000000632,0.38625940550147086,0.001,0.951
repaired/reference,cea-10,detached,intact,1.0,1.0,0.0009804805139615315,9.800000000392828e-07,0.011582902361779928,1.9999999999999998e-05,0.9990199999999999
repaired/transition1,cea-10,detached,intact,1.0,1.0,0.6934776397434872,0.49937108278311126,0.70382808708646,1.9999999999999998e-05,0.49983479770604006
repaired/transition2,cea-10,detached,intact,1.0,1.0,0.0009804805139615315,9.800000000392828e-07,0.011582902361779928,1.9999999999999998e-05,0.9990199999999999
repaired/transition3,cea-10,detached,intact,1.0,1.0,0.0009804805139615315,9.800000000392828e-07,0.011582902361779928,1.9999999999999998e-05,0.9990199999999999
streaming/absolute,cea-10,detached,intact,1.0,1.0,0.0009804805139615315,9.800000000392828e-07,0.011582902361779928,1.9999999999999998e-05,0.9990199999999999
streaming/present,cea-10,detached,intact,0.5,0.0,0.9817763680502767,0.5626252924999999,1.2652230253095489,1.9999999999999998e-05,0.37464499999999995
streaming/recency,cea-10,detached,intact,1.0,1.0,0.05024121643674679,0.0024500000000000632,0.38625940550147086,0.001,0.951
streaming/reference,cea-10,detached,intact,1.0,1.0,0.0009804805139615315,9.800000000392828e-07,0.011582902361779928,1.9999999999999998e-05,0.9990199999999999
streaming/transition1,cea-10,detached,intact,0.5,0.0,0.7060627078237758,0.5125915769168603,0.6618032905688735,1.9999999999999998e-05,0.6426180212652596
streaming/transition2,cea-10,detached,intact,1.0,1.0,0.0009804805139615315,9.800000000392828e-07,0.011582902361779928,1.9999999999999998e-05,0.9990199999999999
streaming/transition3,cea-10,detached,intact,1.0,1.0,0.0009804805139615315,9.800000000392828e-07,0.011582902361779928,1.9999999999999998e-05,0.9990199999999999
fixed/absolute,cea-10,detached,intact,0.5,0.0,0.9817763680502767,0.5626252924999999,1.2652230253095489,1.9999999999999998e-05,0.37464499999999995
fixed/present,cea-10,detached,intact,0.5,0.0,0.9817763680502767,0.5626252924999999,1.2652230253095489,1.9999999999999998e-05,0.37464499999999995
fixed/recency,cea-10,detached,intact,0.5,0.0,1.0293194621721604,0.5694812499999999,1.5615080942797084,0.001,0.35724999999999996
fixed/reference,cea-10,detached,intact,0.5,0.0,0.9817763680502767,0.5626252924999999,1.2652230253095489,1.9999999999999998e-05,0.37464499999999995
fixed/transition1,cea-10,detached,intact,0.5,0.0,0.9817763680502767,0.5626252924999999,1.2652230253095489,1.9999999999999998e-05,0.37464499999999995
fixed/transition2,cea-10,detached,intact,0.5,0.0,0.9817763680502767,0.5626252924999999,1.2652230253095489,1.9999999999999998e-05,0.37464499999999995
fixed/transition3,cea-10,detached,intact,0.5,0.0,0.9817763680502767,0.5626252924999999,1.2652230253095489,1.9999999999999998e-05,0.37464499999999995
oracle-boundary/absolute,cea-10,detached,intact,1.0,1.0,0.0009804805139615315,9.800000000392828e-07,0.011582902361779928,1.9999999999999998e-05,0.9990199999999999
oracle-boundary/present,cea-10,detached,intact,0.5,0.0,0.9817763680502767,0.5626252924999999,1.2652230253095489,1.9999999999999998e-05,0.37464499999999995
oracle-boundary/recency,cea-10,detached,intact,1.0,1.0,0.05024121643674679,0.0024500000000000632,0.38625940550147086,0.001,0.951
oracle-boundary/reference,cea-10,detached,intact,1.0,1.0,0.0009804805139615315,9.800000000392828e-07,0.011582902361779928,1.9999999999999998e-05,0.9990199999999999
oracle-boundary/transition1,cea-10,detached,intact,0.5,0.0,0.69410764165507,0.50000048,0.7038282854721148,1.9999999999999998e-05,0.4995199999999999
oracle-boundary/transition2,cea-10,detached,intact,1.0,1.0,0.0009804805139615315,9.800000000392828e-07,0.011582902361779928,1.9999999999999998e-05,0.9990199999999999
oracle-boundary/transition3,cea-10,detached,intact,1.0,1.0,0.0009804805139615315,9.800000000392828e-07,0.011582902361779928,1.9999999999999998e-05,0.9990199999999999
map/absolute,cea-10,legato,intact,1.0,1.0,0.0009804805139615315,9.800000000392828e-07,0.011582902361779928,1.9999999999999998e-05,0.9990199999999999
map/present,cea-10,legato,intact,0.5,0.0,0.9817763680502767,0.5626252924999999,1.2652230253095489,1.9999999999999998e-05,0.37464499999999995
map/recency,cea-10,legato,intact,1.0,1.0,0.05024121643674679,0.0024500000000000632,0.38625940550147086,0.001,0.951
map/reference,cea-10,legato,intact,1.0,1.0,0.0009804805139615315,9.800000000392828e-07,0.011582902361779928,1.9999999999999998e-05,0.9990199999999999
map/transition1,cea-10,legato,intact,1.0,1.0,0.5238281651951077,0.33213598203865924,0.6850002377601372,1.9999999999999998e-05,0.5927828069250833
map/transition2,cea-10,legato,intact,1.0,1.0,0.0009804805139615315,9.800000000392828e-07,0.011582902361779928,1.9999999999999998e-05,0.9990199999999999
map/transition3,cea-10,legato,intact,1.0,1.0,0.0009804805139615315,9.800000000392828e-07,0.011582902361779928,1.9999999999999998e-05,0.9990199999999999
mixture/absolute,cea-10,legato,intact,1.0,1.0,0.20285620553865968,0.050310230221277896,0.6582276200745487,0.12246573075395505,0.8163956261550742
mixture/present,cea-10,legato,intact,0.5,0.0,1.1123956389831031,0.5976621440249705,1.4819004887975875,0.12246573075395505,0.3287704017097187
mixture/recency,cea-10,legato,intact,1.0,1.0,0.18086048736957336,0.04261931386576201,0.705522939652949,0.12332573153783186,0.8345517810886105
mixture/reference,cea-10,legato,intact,1.0,1.0,0.20285620553865968,0.050310230221277896,0.6582276200745487,0.12246573075395505,0.8163956261550742
mixture/transition1,cea-10,legato,intact,1.0,1.0,0.6544474361279342,0.3732831404244743,0.9727249254142436,0.12246573075395505,0.5201976312492473
mixture/transition2,cea-10,legato,intact,1.0,1.0,0.1315997514467881,0.030202777373538714,0.38176631692565766,0.12246573075395505,0.8766918194985738
mixture/transition3,cea-10,legato,intact,1.0,1.0,0.20285620553865968,0.050310230221277896,0.6582276200745487,0.12246573075395505,0.8163956261550742
repaired/absolute,cea-10,legato,intact,1.0,1.0,0.0009804805139615315,9.800000000392828e-07,0.011582902361779928,1.9999999999999998e-05,0.9990199999999999
repaired/present,cea-10,legato,intact,0.5,0.0,0.9817763680502767,0.5626252924999999,1.2652230253095489,1.9999999999999998e-05,0.37464499999999995
repaired/recency,cea-10,legato,intact,1.0,1.0,0.05024121643674679,0.0024500000000000632,0.38625940550147086,0.001,0.951
repaired/reference,cea-10,legato,intact,1.0,1.0,0.0009804805139615315,9.800000000392828e-07,0.011582902361779928,1.9999999999999998e-05,0.9990199999999999
repaired/transition1,cea-10,legato,intact,1.0,1.0,0.6930015103398696,0.49889541043455177,0.7038276736195622,1.9999999999999998e-05,0.5000728404152488
repaired/transition2,cea-10,legato,intact,1.0,1.0,0.0009804805139615315,9.800000000392828e-07,0.011582902361779928,1.9999999999999998e-05,0.9990199999999999
repaired/transition3,cea-10,legato,intact,1.0,1.0,0.0009804805139615315,9.800000000392828e-07,0.011582902361779928,1.9999999999999998e-05,0.9990199999999999
streaming/absolute,cea-10,legato,intact,0.5,0.0,0.9817763680502767,0.5626252924999999,1.2652230253095489,1.9999999999999998e-05,0.37464499999999995
streaming/present,cea-10,legato,intact,0.5,0.0,0.9817763680502767,0.5626252924999999,1.2652230253095489,1.9999999999999998e-05,0.37464499999999995
streaming/recency,cea-10,legato,intact,0.5,0.0,0.5397803393044536,0.285965625,0.9738837498905897,0.001,0.654125
streaming/reference,cea-10,legato,intact,0.5,0.0,0.9817763680502767,0.5626252924999999,1.2652230253095489,1.9999999999999998e-05,0.37464499999999995
streaming/transition1,cea-10,legato,intact,0.5,0.0,0.9817763680502767,0.5626252924999999,1.2652230253095489,1.9999999999999998e-05,0.37464499999999995
streaming/transition2,cea-10,legato,intact,0.5,0.0,0.9817763680502767,0.5626252924999999,1.2652230253095489,1.9999999999999998e-05,0.37464499999999995
streaming/transition3,cea-10,legato,intact,0.5,0.0,0.9817763680502767,0.5626252924999999,1.2652230253095489,1.9999999999999998e-05,0.37464499999999995
fixed/absolute,cea-10,legato,intact,0.5,0.0,0.9817763680502767,0.5626252924999999,1.2652230253095489,1.9999999999999998e-05,0.37464499999999995
fixed/present,cea-10,legato,intact,0.5,0.0,0.9817763680502767,0.5626252924999999,1.2652230253095489,1.9999999999999998e-05,0.37464499999999995
fixed/recency,cea-10,legato,intact,0.0,0.0,6.907755278982137,1.90245,0.38625940550147086,0.001,0.951
fixed/reference,cea-10,legato,intact,0.5,0.0,0.9817763680502767,0.5626252924999999,1.2652230253095489,1.9999999999999998e-05,0.37464499999999995
fixed/transition1,cea-10,legato,intact,0.0,0.0,10.819778284410283,1.7485026412195472,0.35770368085842386,1.9999999999999998e-05,0.7499612343212401
fixed/transition2,cea-10,legato,intact,0.5,0.0,0.9817763680502767,0.5626252924999999,1.2652230253095489,1.9999999999999998e-05,0.37464499999999995
fixed/transition3,cea-10,legato,intact,0.5,0.0,0.9817763680502767,0.5626252924999999,1.2652230253095489,1.9999999999999998e-05,0.37464499999999995
oracle-boundary/absolute,cea-10,legato,intact,1.0,1.0,0.0009804805139615315,9.800000000392828e-07,0.011582902361779928,1.9999999999999998e-05,0.9990199999999999
oracle-boundary/present,cea-10,legato,intact,0.5,0.0,0.9817763680502767,0.5626252924999999,1.2652230253095489,1.9999999999999998e-05,0.37464499999999995
oracle-boundary/recency,cea-10,legato,intact,1.0,1.0,0.05024121643674679,0.0024500000000000632,0.38625940550147086,0.001,0.951
oracle-boundary/reference,cea-10,legato,intact,1.0,1.0,0.0009804805139615315,9.800000000392828e-07,0.011582902361779928,1.9999999999999998e-05,0.9990199999999999
oracle-boundary/transition1,cea-10,legato,intact,0.5,0.0,0.69410764165507,0.50000048,0.7038282854721148,1.9999999999999998e-05,0.4995199999999999
oracle-boundary/transition2,cea-10,legato,intact,1.0,1.0,0.0009804805139615315,9.800000000392828e-07,0.011582902361779928,1.9999999999999998e-05,0.9990199999999999
oracle-boundary/transition3,cea-10,legato,intact,1.0,1.0,0.0009804805139615315,9.800000000392828e-07,0.011582902361779928,1.9999999999999998e-05,0.9990199999999999
map/absolute,cea-10,duration,intact,1.0,1.0,0.0009804805139615315,9.800000000392828e-07,0.011582902361779928,1.9999999999999998e-05,0.9990199999999999
map/present,cea-10,duration,intact,0.5,0.0,0.9817763680502767,0.5626252924999999,1.2652230253095489,1.9999999999999998e-05,0.37464499999999995
map/recency,cea-10,duration,intact,1.0,1.0,0.05024121643674679,0.0024500000000000632,0.38625940550147086,0.001,0.951
map/reference,cea-10,duration,intact,1.0,1.0,0.0009804805139615315,9.800000000392828e-07,0.011582902361779928,1.9999999999999998e-05,0.9990199999999999
map/transition1,cea-10,duration,intact,1.0,1.0,0.523061477507262,0.33767466709422456,0.661369980236606,1.9999999999999998e-05,0.6012836063599758
map/transition2,cea-10,duration,intact,1.0,1.0,0.0009804805139615315,9.800000000392828e-07,0.011582902361779928,1.9999999999999998e-05,0.9990199999999999
map/transition3,cea-10,duration,intact,1.0,1.0,0.0009804805139615315,9.800000000392828e-07,0.011582902361779928,1.9999999999999998e-05,0.9990199999999999
mixture/absolute,cea-10,duration,intact,1.0,1.0,0.32034550920375926,0.13993680000507547,0.7254996299921879,0.21679947341478698,0.7342938863742736
mixture/present,cea-10,duration,intact,0.0,0.0,1.2334615820750805,0.6632086395811011,1.486544758160977,0.21679947341478698,0.3200921197119783
mixture/recency,cea-10,duration,intact,1.0,1.0,0.35306907241739494,0.15554772997300215,0.8957717121414026,0.2175670252818778,0.7129997583724548
mixture/reference,cea-10,duration,intact,1.0,1.0,0.32034550920375926,0.13993680000507547,0.7254996299921879,0.21679947341478698,0.7342938863742736
mixture/transition1,cea-10,duration,intact,0.5,0.0,0.8259438644062436,0.4718764239330444,1.007984672368834,0.21679947341478698,0.49688645168664125
mixture/transition2,cea-10,duration,intact,1.0,1.0,0.32034550920375926,0.13993680000507547,0.7254996299921879,0.21679947341478698,0.7342938863742736
mixture/transition3,cea-10,duration,intact,1.0,1.0,0.32034550920375926,0.13993680000507547,0.7254996299921879,0.21679947341478698,0.7342938863742736
repaired/absolute,cea-10,duration,intact,1.0,1.0,0.0009804805139615315,9.800000000392828e-07,0.011582902361779928,1.9999999999999998e-05,0.9990199999999999
repaired/present,cea-10,duration,intact,0.5,0.0,0.9817763680502767,0.5626252924999999,1.2652230253095489,1.9999999999999998e-05,0.37464499999999995
repaired/recency,cea-10,duration,intact,1.0,1.0,0.05024121643674679,0.0024500000000000632,0.38625940550147086,0.001,0.951
repaired/reference,cea-10,duration,intact,1.0,1.0,0.0009804805139615315,9.800000000392828e-07,0.011582902361779928,1.9999999999999998e-05,0.9990199999999999
repaired/transition1,cea-10,duration,intact,0.0,0.0,0.6946510639499679,0.500543380344951,0.7038281040556407,1.9999999999999998e-05,0.49979135955132714
repaired/transition2,cea-10,duration,intact,1.0,1.0,0.0009804805139615315,9.800000000392828e-07,0.011582902361779928,1.9999999999999998e-05,0.9990199999999999
repaired/transition3,cea-10,duration,intact,1.0,1.0,0.0009804805139615315,9.800000000392828e-07,0.011582902361779928,1.9999999999999998e-05,0.9990199999999999
streaming/absolute,cea-10,duration,intact,0.5,0.0,0.9817763680502767,0.5626252924999999,1.2652230253095489,1.9999999999999998e-05,0.37464499999999995
streaming/present,cea-10,duration,intact,0.5,0.0,0.9817763680502767,0.5626252924999999,1.2652230253095489,1.9999999999999998e-05,0.37464499999999995
streaming/recency,cea-10,duration,intact,0.5,0.0,1.0293194621721604,0.5694812499999999,1.5615080942797084,0.001,0.35724999999999996
streaming/reference,cea-10,duration,intact,0.5,0.0,0.9817763680502767,0.5626252924999999,1.2652230253095489,1.9999999999999998e-05,0.37464499999999995
streaming/transition1,cea-10,duration,intact,0.5,0.0,0.9817763680502767,0.5626252924999999,1.2652230253095489,1.9999999999999998e-05,0.37464499999999995
streaming/transition2,cea-10,duration,intact,0.5,0.0,0.9817763680502767,0.5626252924999999,1.2652230253095489,1.9999999999999998e-05,0.37464499999999995
streaming/transition3,cea-10,duration,intact,0.5,0.0,0.9817763680502767,0.5626252924999999,1.2652230253095489,1.9999999999999998e-05,0.37464499999999995
fixed/absolute,cea-10,duration,intact,0.5,0.0,0.9817763680502767,0.5626252924999999,1.2652230253095489,1.9999999999999998e-05,0.37464499999999995
fixed/present,cea-10,duration,intact,0.5,0.0,0.9817763680502767,0.5626252924999999,1.2652230253095489,1.9999999999999998e-05,0.37464499999999995
fixed/recency,cea-10,duration,intact,0.5,0.0,1.0293194621721604,0.5694812499999999,1.5615080942797084,0.001,0.35724999999999996
fixed/reference,cea-10,duration,intact,0.5,0.0,0.9817763680502767,0.5626252924999999,1.2652230253095489,1.9999999999999998e-05,0.37464499999999995
fixed/transition1,cea-10,duration,intact,0.5,0.0,0.9817763680502767,0.5626252924999999,1.2652230253095489,1.9999999999999998e-05,0.37464499999999995
fixed/transition2,cea-10,duration,intact,0.5,0.0,0.9817763680502767,0.5626252924999999,1.2652230253095489,1.9999999999999998e-05,0.37464499999999995
fixed/transition3,cea-10,duration,intact,0.5,0.0,0.9817763680502767,0.5626252924999999,1.2652230253095489,1.9999999999999998e-05,0.37464499999999995
oracle-boundary/absolute,cea-10,duration,intact,1.0,1.0,0.0009804805139615315,9.800000000392828e-07,0.011582902361779928,1.9999999999999998e-05,0.9990199999999999
oracle-boundary/present,cea-10,duration,intact,0.5,0.0,0.9817763680502767,0.5626252924999999,1.2652230253095489,1.9999999999999998e-05,0.37464499999999995
oracle-boundary/recency,cea-10,duration,intact,1.0,1.0,0.05024121643674679,0.0024500000000000632,0.38625940550147086,0.001,0.951
oracle-boundary/reference,cea-10,duration,intact,1.0,1.0,0.0009804805139615315,9.800000000392828e-07,0.011582902361779928,1.9999999999999998e-05,0.9990199999999999
oracle-boundary/transition1,cea-10,duration,intact,0.5,0.0,0.69410764165507,0.50000048,0.7038282854721148,1.9999999999999998e-05,0.4995199999999999
oracle-boundary/transition2,cea-10,duration,intact,1.0,1.0,0.0009804805139615315,9.800000000392828e-07,0.011582902361779928,1.9999999999999998e-05,0.9990199999999999
oracle-boundary/transition3,cea-10,duration,intact,1.0,1.0,0.0009804805139615315,9.800000000392828e-07,0.011582902361779928,1.9999999999999998e-05,0.9990199999999999
map/absolute,cea-10,joint,intact,1.0,1.0,0.0009804805139615315,9.800000000392828e-07,0.011582902361779928,1.9999999999999998e-05,0.9990199999999999
map/present,cea-10,joint,intact,0.5,0.0,0.9817763680502767,0.5626252924999999,1.2652230253095489,1.9999999999999998e-05,0.37464499999999995
map/recency,cea-10,joint,intact,1.0,1.0,0.05024121643674679,0.0024500000000000632,0.38625940550147086,0.001,0.951
map/reference,cea-10,joint,intact,1.0,1.0,0.0009804805139615315,9.800000000392828e-07,0.011582902361779928,1.9999999999999998e-05,0.9990199999999999
map/transition1,cea-10,joint,intact,1.0,1.0,0.523061477507262,0.33767466709422456,0.661369980236606,1.9999999999999998e-05,0.6012836063599758
map/transition2,cea-10,joint,intact,1.0,1.0,0.0009804805139615315,9.800000000392828e-07,0.011582902361779928,1.9999999999999998e-05,0.9990199999999999
map/transition3,cea-10,joint,intact,1.0,1.0,0.0009804805139615315,9.800000000392828e-07,0.011582902361779928,1.9999999999999998e-05,0.9990199999999999
mixture/absolute,cea-10,joint,intact,1.0,1.0,0.32034550920375926,0.13993680000507547,0.7254996299921879,0.21679947341478698,0.7342938863742736
mixture/present,cea-10,joint,intact,0.0,0.0,1.2334615820750805,0.6632086395811011,1.486544758160977,0.21679947341478698,0.3200921197119783
mixture/recency,cea-10,joint,intact,1.0,1.0,0.35306907241739494,0.15554772997300215,0.8957717121414026,0.2175670252818778,0.7129997583724548
mixture/reference,cea-10,joint,intact,1.0,1.0,0.32034550920375926,0.13993680000507547,0.7254996299921879,0.21679947341478698,0.7342938863742736
mixture/transition1,cea-10,joint,intact,0.5,0.0,0.8259438644062436,0.4718764239330444,1.007984672368834,0.21679947341478698,0.49688645168664125
mixture/transition2,cea-10,joint,intact,1.0,1.0,0.32034550920375926,0.13993680000507547,0.7254996299921879,0.21679947341478698,0.7342938863742736
mixture/transition3,cea-10,joint,intact,1.0,1.0,0.32034550920375926,0.13993680000507547,0.7254996299921879,0.21679947341478698,0.7342938863742736
repaired/absolute,cea-10,joint,intact,1.0,1.0,0.0009804805139615315,9.800000000392828e-07,0.011582902361779928,1.9999999999999998e-05,0.9990199999999999
repaired/present,cea-10,joint,intact,0.5,0.0,0.9817763680502767,0.5626252924999999,1.2652230253095489,1.9999999999999998e-05,0.37464499999999995
repaired/recency,cea-10,joint,intact,1.0,1.0,0.05024121643674679,0.0024500000000000632,0.38625940550147086,0.001,0.951
repaired/reference,cea-10,joint,intact,1.0,1.0,0.0009804805139615315,9.800000000392828e-07,0.011582902361779928,1.9999999999999998e-05,0.9990199999999999
repaired/transition1,cea-10,joint,intact,0.0,0.0,0.6946510639499679,0.500543380344951,0.7038281040556407,1.9999999999999998e-05,0.49979135955132714
repaired/transition2,cea-10,joint,intact,1.0,1.0,0.0009804805139615315,9.800000000392828e-07,0.011582902361779928,1.9999999999999998e-05,0.9990199999999999
repaired/transition3,cea-10,joint,intact,1.0,1.0,0.0009804805139615315,9.800000000392828e-07,0.011582902361779928,1.9999999999999998e-05,0.9990199999999999
streaming/absolute,cea-10,joint,intact,0.5,0.0,0.9817763680502767,0.5626252924999999,1.2652230253095489,1.9999999999999998e-05,0.37464499999999995
streaming/present,cea-10,joint,intact,0.5,0.0,0.9817763680502767,0.5626252924999999,1.2652230253095489,1.9999999999999998e-05,0.37464499999999995
streaming/recency,cea-10,joint,intact,0.5,0.0,1.0293194621721604,0.5694812499999999,1.5615080942797084,0.001,0.35724999999999996
streaming/reference,cea-10,joint,intact,0.5,0.0,0.9817763680502767,0.5626252924999999,1.2652230253095489,1.9999999999999998e-05,0.37464499999999995
streaming/transition1,cea-10,joint,intact,0.5,0.0,0.9817763680502767,0.5626252924999999,1.2652230253095489,1.9999999999999998e-05,0.37464499999999995
streaming/transition2,cea-10,joint,intact,0.5,0.0,0.9817763680502767,0.5626252924999999,1.2652230253095489,1.9999999999999998e-05,0.37464499999999995
streaming/transition3,cea-10,joint,intact,0.5,0.0,0.9817763680502767,0.5626252924999999,1.2652230253095489,1.9999999999999998e-05,0.37464499999999995
fixed/absolute,cea-10,joint,intact,0.5,0.0,0.9817763680502767,0.5626252924999999,1.2652230253095489,1.9999999999999998e-05,0.37464499999999995
fixed/present,cea-10,joint,intact,0.5,0.0,0.9817763680502767,0.5626252924999999,1.2652230253095489,1.9999999999999998e-05,0.37464499999999995
fixed/recency,cea-10,joint,intact,0.5,0.0,1.0293194621721604,0.5694812499999999,1.5615080942797084,0.001,0.35724999999999996
fixed/reference,cea-10,joint,intact,0.5,0.0,0.9817763680502767,0.5626252924999999,1.2652230253095489,1.9999999999999998e-05,0.37464499999999995
fixed/transition1,cea-10,joint,intact,0.5,0.0,0.9817763680502767,0.5626252924999999,1.2652230253095489,1.9999999999999998e-05,0.37464499999999995
fixed/transition2,cea-10,joint,intact,0.5,0.0,0.9817763680502767,0.5626252924999999,1.2652230253095489,1.9999999999999998e-05,0.37464499999999995
fixed/transition3,cea-10,joint,intact,0.5,0.0,0.9817763680502767,0.5626252924999999,1.2652230253095489,1.9999999999999998e-05,0.37464499999999995
oracle-boundary/absolute,cea-10,joint,intact,1.0,1.0,0.0009804805139615315,9.800000000392828e-07,0.011582902361779928,1.9999999999999998e-05,0.9990199999999999
oracle-boundary/present,cea-10,joint,intact,0.5,0.0,0.9817763680502767,0.5626252924999999,1.2652230253095489,1.9999999999999998e-05,0.37464499999999995
oracle-boundary/recency,cea-10,joint,intact,1.0,1.0,0.05024121643674679,0.0024500000000000632,0.38625940550147086,0.001,0.951
oracle-boundary/reference,cea-10,joint,intact,1.0,1.0,0.0009804805139615315,9.800000000392828e-07,0.011582902361779928,1.9999999999999998e-05,0.9990199999999999
oracle-boundary/transition1,cea-10,joint,intact,0.5,0.0,0.69410764165507,0.50000048,0.7038282854721148,1.9999999999999998e-05,0.4995199999999999
oracle-boundary/transition2,cea-10,joint,intact,1.0,1.0,0.0009804805139615315,9.800000000392828e-07,0.011582902361779928,1.9999999999999998e-05,0.9990199999999999
oracle-boundary/transition3,cea-10,joint,intact,1.0,1.0,0.0009804805139615315,9.800000000392828e-07,0.011582902361779928,1.9999999999999998e-05,0.9990199999999999
map/absolute,cea-10,joint,reset,0.5,0.0,0.9817763680502767,0.5626252924999999,1.2652230253095489,1.9999999999999998e-05,0.37464499999999995
map/present,cea-10,joint,reset,0.5,0.0,0.9817763680502767,0.5626252924999999,1.2652230253095489,1.9999999999999998e-05,0.37464499999999995
map/recency,cea-10,joint,reset,0.5,0.0,1.0293194621721604,0.5694812499999999,1.5615080942797084,0.001,0.35724999999999996
map/reference,cea-10,joint,reset,0.5,0.0,0.9817763680502767,0.5626252924999999,1.2652230253095489,1.9999999999999998e-05,0.37464499999999995
map/transition1,cea-10,joint,reset,0.5,0.0,0.9817763680502767,0.5626252924999999,1.2652230253095489,1.9999999999999998e-05,0.37464499999999995
map/transition2,cea-10,joint,reset,0.5,0.0,0.9817763680502767,0.5626252924999999,1.2652230253095489,1.9999999999999998e-05,0.37464499999999995
map/transition3,cea-10,joint,reset,0.5,0.0,0.9817763680502767,0.5626252924999999,1.2652230253095489,1.9999999999999998e-05,0.37464499999999995
mixture/absolute,cea-10,joint,reset,0.5,0.0,1.0469956315123208,0.575778737285491,1.4206843413135053,0.06315671599541073,0.3509906719493383
mixture/present,cea-10,joint,reset,0.5,0.0,1.0469956315123208,0.575778737285491,1.4206843413135053,0.06315671599541073,0.3509906719493383
mixture/recency,cea-10,joint,reset,0.5,0.0,1.0945387256342043,0.5839701031653788,1.6935450290951883,0.06407484077623084,0.3346939570897813
mixture/reference,cea-10,joint,reset,0.5,0.0,1.0469956315123208,0.575778737285491,1.4206843413135053,0.06315671599541073,0.3509906719493383
mixture/transition1,cea-10,joint,reset,0.5,0.0,1.0469956315123208,0.575778737285491,1.4206843413135053,0.06315671599541073,0.3509906719493383
mixture/transition2,cea-10,joint,reset,0.5,0.0,1.0469956315123208,0.575778737285491,1.4206843413135053,0.06315671599541073,0.3509906719493383
mixture/transition3,cea-10,joint,reset,0.5,0.0,1.0469956315123208,0.575778737285491,1.4206843413135053,0.06315671599541073,0.3509906719493383
repaired/absolute,cea-10,joint,reset,0.5,0.0,0.9817763680502767,0.5626252924999999,1.2652230253095489,1.9999999999999998e-05,0.37464499999999995
repaired/present,cea-10,joint,reset,0.5,0.0,0.9817763680502767,0.5626252924999999,1.2652230253095489,1.9999999999999998e-05,0.37464499999999995
repaired/recency,cea-10,joint,reset,0.5,0.0,1.0293194621721604,0.5694812499999999,1.5615080942797084,0.001,0.35724999999999996
repaired/reference,cea-10,joint,reset,0.5,0.0,0.9817763680502767,0.5626252924999999,1.2652230253095489,1.9999999999999998e-05,0.37464499999999995
repaired/transition1,cea-10,joint,reset,0.5,0.0,0.9817763680502767,0.5626252924999999,1.2652230253095489,1.9999999999999998e-05,0.37464499999999995
repaired/transition2,cea-10,joint,reset,0.5,0.0,0.9817763680502767,0.5626252924999999,1.2652230253095489,1.9999999999999998e-05,0.37464499999999995
repaired/transition3,cea-10,joint,reset,0.5,0.0,0.9817763680502767,0.5626252924999999,1.2652230253095489,1.9999999999999998e-05,0.37464499999999995
streaming/absolute,cea-10,joint,reset,0.5,0.0,0.9817763680502767,0.5626252924999999,1.2652230253095489,1.9999999999999998e-05,0.37464499999999995
streaming/present,cea-10,joint,reset,0.5,0.0,0.9817763680502767,0.5626252924999999,1.2652230253095489,1.9999999999999998e-05,0.37464499999999995
streaming/recency,cea-10,joint,reset,0.5,0.0,1.0293194621721604,0.5694812499999999,1.5615080942797084,0.001,0.35724999999999996
streaming/reference,cea-10,joint,reset,0.5,0.0,0.9817763680502767,0.5626252924999999,1.2652230253095489,1.9999999999999998e-05,0.37464499999999995
streaming/transition1,cea-10,joint,reset,0.5,0.0,0.9817763680502767,0.5626252924999999,1.2652230253095489,1.9999999999999998e-05,0.37464499999999995
streaming/transition2,cea-10,joint,reset,0.5,0.0,0.9817763680502767,0.5626252924999999,1.2652230253095489,1.9999999999999998e-05,0.37464499999999995
streaming/transition3,cea-10,joint,reset,0.5,0.0,0.9817763680502767,0.5626252924999999,1.2652230253095489,1.9999999999999998e-05,0.37464499999999995
fixed/absolute,cea-10,joint,reset,0.5,0.0,0.9817763680502767,0.5626252924999999,1.2652230253095489,1.9999999999999998e-05,0.37464499999999995
fixed/present,cea-10,joint,reset,0.5,0.0,0.9817763680502767,0.5626252924999999,1.2652230253095489,1.9999999999999998e-05,0.37464499999999995
fixed/recency,cea-10,joint,reset,0.5,0.0,1.0293194621721604,0.5694812499999999,1.5615080942797084,0.001,0.35724999999999996
fixed/reference,cea-10,joint,reset,0.5,0.0,0.9817763680502767,0.5626252924999999,1.2652230253095489,1.9999999999999998e-05,0.37464499999999995
fixed/transition1,cea-10,joint,reset,0.5,0.0,0.9817763680502767,0.5626252924999999,1.2652230253095489,1.9999999999999998e-05,0.37464499999999995
fixed/transition2,cea-10,joint,reset,0.5,0.0,0.9817763680502767,0.5626252924999999,1.2652230253095489,1.9999999999999998e-05,0.37464499999999995
fixed/transition3,cea-10,joint,reset,0.5,0.0,0.9817763680502767,0.5626252924999999,1.2652230253095489,1.9999999999999998e-05,0.37464499999999995
oracle-boundary/absolute,cea-10,joint,reset,0.5,0.0,0.9817763680502767,0.5626252924999999,1.2652230253095489,1.9999999999999998e-05,0.37464499999999995
oracle-boundary/present,cea-10,joint,reset,0.5,0.0,0.9817763680502767,0.5626252924999999,1.2652230253095489,1.9999999999999998e-05,0.37464499999999995
oracle-boundary/recency,cea-10,joint,reset,0.5,0.0,1.0293194621721604,0.5694812499999999,1.5615080942797084,0.001,0.35724999999999996
oracle-boundary/reference,cea-10,joint,reset,0.5,0.0,0.9817763680502767,0.5626252924999999,1.2652230253095489,1.9999999999999998e-05,0.37464499999999995
oracle-boundary/transition1,cea-10,joint,reset,0.5,0.0,0.9817763680502767,0.5626252924999999,1.2652230253095489,1.9999999999999998e-05,0.37464499999999995
oracle-boundary/transition2,cea-10,joint,reset,0.5,0.0,0.9817763680502767,0.5626252924999999,1.2652230253095489,1.9999999999999998e-05,0.37464499999999995
oracle-boundary/transition3,cea-10,joint,reset,0.5,0.0,0.9817763680502767,0.5626252924999999,1.2652230253095489,1.9999999999999998e-05,0.37464499999999995
map/absolute,cea-10,joint,removal,0.5,0.0,0.9817763680502767,0.5626252924999999,1.2652230253095489,1.9999999999999998e-05,0.37464499999999995
map/present,cea-10,joint,removal,0.5,0.0,0.9817763680502767,0.5626252924999999,1.2652230253095489,1.9999999999999998e-05,0.37464499999999995
map/recency,cea-10,joint,removal,0.5,0.0,1.0293194621721604,0.5694812499999999,1.5615080942797084,0.001,0.35724999999999996
map/reference,cea-10,joint,removal,0.5,0.0,0.9817763680502767,0.5626252924999999,1.2652230253095489,1.9999999999999998e-05,0.37464499999999995
map/transition1,cea-10,joint,removal,0.5,0.0,0.9817763680502767,0.5626252924999999,1.2652230253095489,1.9999999999999998e-05,0.37464499999999995
map/transition2,cea-10,joint,removal,0.5,0.0,0.9817763680502767,0.5626252924999999,1.2652230253095489,1.9999999999999998e-05,0.37464499999999995
map/transition3,cea-10,joint,removal,0.5,0.0,0.9817763680502767,0.5626252924999999,1.2652230253095489,1.9999999999999998e-05,0.37464499999999995
mixture/absolute,cea-10,joint,removal,0.5,0.0,1.1121630368801285,0.597570992628023,1.4817565245212003,0.12226159069671304,0.32884688329109574
mixture/present,cea-10,joint,removal,0.5,0.0,1.1121630368801285,0.597570992628023,1.4817565245212003,0.12226159069671304,0.32884688329109574
mixture/recency,cea-10,joint,removal,0.5,0.0,1.159706131002012,0.6067964938703168,1.7367815430199904,0.12312179154184714,0.3135783182899651
mixture/reference,cea-10,joint,removal,0.5,0.0,1.1121630368801285,0.597570992628023,1.4817565245212003,0.12226159069671304,0.32884688329109574
mixture/transition1,cea-10,joint,removal,0.5,0.0,1.1121630368801285,0.597570992628023,1.4817565245212003,0.12226159069671304,0.32884688329109574
mixture/transition2,cea-10,joint,removal,0.5,0.0,1.1121630368801285,0.597570992628023,1.4817565245212003,0.12226159069671304,0.32884688329109574
mixture/transition3,cea-10,joint,removal,0.5,0.0,1.1121630368801285,0.597570992628023,1.4817565245212003,0.12226159069671304,0.32884688329109574
repaired/absolute,cea-10,joint,removal,0.5,0.0,0.9817763680502767,0.5626252924999999,1.2652230253095489,1.9999999999999998e-05,0.37464499999999995
repaired/present,cea-10,joint,removal,0.5,0.0,0.9817763680502767,0.5626252924999999,1.2652230253095489,1.9999999999999998e-05,0.37464499999999995
repaired/recency,cea-10,joint,removal,0.5,0.0,1.0293194621721604,0.5694812499999999,1.5615080942797084,0.001,0.35724999999999996
repaired/reference,cea-10,joint,removal,0.5,0.0,0.9817763680502767,0.5626252924999999,1.2652230253095489,1.9999999999999998e-05,0.37464499999999995
repaired/transition1,cea-10,joint,removal,0.5,0.0,0.9817763680502767,0.5626252924999999,1.2652230253095489,1.9999999999999998e-05,0.37464499999999995
repaired/transition2,cea-10,joint,removal,0.5,0.0,0.9817763680502767,0.5626252924999999,1.2652230253095489,1.9999999999999998e-05,0.37464499999999995
repaired/transition3,cea-10,joint,removal,0.5,0.0,0.9817763680502767,0.5626252924999999,1.2652230253095489,1.9999999999999998e-05,0.37464499999999995
streaming/absolute,cea-10,joint,removal,0.5,0.0,0.9817763680502767,0.5626252924999999,1.2652230253095489,1.9999999999999998e-05,0.37464499999999995
streaming/present,cea-10,joint,removal,0.5,0.0,0.9817763680502767,0.5626252924999999,1.2652230253095489,1.9999999999999998e-05,0.37464499999999995
streaming/recency,cea-10,joint,removal,0.5,0.0,1.0293194621721604,0.5694812499999999,1.5615080942797084,0.001,0.35724999999999996
streaming/reference,cea-10,joint,removal,0.5,0.0,0.9817763680502767,0.5626252924999999,1.2652230253095489,1.9999999999999998e-05,0.37464499999999995
streaming/transition1,cea-10,joint,removal,0.5,0.0,0.9817763680502767,0.5626252924999999,1.2652230253095489,1.9999999999999998e-05,0.37464499999999995
streaming/transition2,cea-10,joint,removal,0.5,0.0,0.9817763680502767,0.5626252924999999,1.2652230253095489,1.9999999999999998e-05,0.37464499999999995
streaming/transition3,cea-10,joint,removal,0.5,0.0,0.9817763680502767,0.5626252924999999,1.2652230253095489,1.9999999999999998e-05,0.37464499999999995
fixed/absolute,cea-10,joint,removal,0.5,0.0,0.9817763680502767,0.5626252924999999,1.2652230253095489,1.9999999999999998e-05,0.37464499999999995
fixed/present,cea-10,joint,removal,0.5,0.0,0.9817763680502767,0.5626252924999999,1.2652230253095489,1.9999999999999998e-05,0.37464499999999995
fixed/recency,cea-10,joint,removal,0.5,0.0,1.0293194621721604,0.5694812499999999,1.5615080942797084,0.001,0.35724999999999996
fixed/reference,cea-10,joint,removal,0.5,0.0,0.9817763680502767,0.5626252924999999,1.2652230253095489,1.9999999999999998e-05,0.37464499999999995
fixed/transition1,cea-10,joint,removal,0.5,0.0,0.9817763680502767,0.5626252924999999,1.2652230253095489,1.9999999999999998e-05,0.37464499999999995
fixed/transition2,cea-10,joint,removal,0.5,0.0,0.9817763680502767,0.5626252924999999,1.2652230253095489,1.9999999999999998e-05,0.37464499999999995
fixed/transition3,cea-10,joint,removal,0.5,0.0,0.9817763680502767,0.5626252924999999,1.2652230253095489,1.9999999999999998e-05,0.37464499999999995
oracle-boundary/absolute,cea-10,joint,removal,0.5,0.0,0.9817763680502767,0.5626252924999999,1.2652230253095489,1.9999999999999998e-05,0.37464499999999995
oracle-boundary/present,cea-10,joint,removal,0.5,0.0,0.9817763680502767,0.5626252924999999,1.2652230253095489,1.9999999999999998e-05,0.37464499999999995
oracle-boundary/recency,cea-10,joint,removal,0.5,0.0,1.0293194621721604,0.5694812499999999,1.5615080942797084,0.001,0.35724999999999996
oracle-boundary/reference,cea-10,joint,removal,0.5,0.0,0.9817763680502767,0.5626252924999999,1.2652230253095489,1.9999999999999998e-05,0.37464499999999995
oracle-boundary/transition1,cea-10,joint,removal,0.5,0.0,0.9817763680502767,0.5626252924999999,1.2652230253095489,1.9999999999999998e-05,0.37464499999999995
oracle-boundary/transition2,cea-10,joint,removal,0.5,0.0,0.9817763680502767,0.5626252924999999,1.2652230253095489,1.9999999999999998e-05,0.37464499999999995
oracle-boundary/transition3,cea-10,joint,removal,0.5,0.0,0.9817763680502767,0.5626252924999999,1.2652230253095489,1.9999999999999998e-05,0.37464499999999995
map/absolute,cea-10,joint,swap,1.0,1.0,0.0009804805139615315,9.800000000392828e-07,0.011582902361779928,1.9999999999999998e-05,0.9990199999999999
map/present,cea-10,joint,swap,0.5,0.0,0.9817763680502767,0.5626252924999999,1.2652230253095489,1.9999999999999998e-05,0.37464499999999995
map/recency,cea-10,joint,swap,1.0,1.0,0.05024121643674679,0.0024500000000000632,0.38625940550147086,0.001,0.951
map/reference,cea-10,joint,swap,1.0,1.0,0.0009804805139615315,9.800000000392828e-07,0.011582902361779928,1.9999999999999998e-05,0.9990199999999999
map/transition1,cea-10,joint,swap,1.0,1.0,0.523061477507262,0.33767466709422456,0.661369980236606,1.9999999999999998e-05,0.6012836063599758
map/transition2,cea-10,joint,swap,1.0,1.0,0.0009804805139615315,9.800000000392828e-07,0.011582902361779928,1.9999999999999998e-05,0.9990199999999999
map/transition3,cea-10,joint,swap,1.0,1.0,0.0009804805139615315,9.800000000392828e-07,0.011582902361779928,1.9999999999999998e-05,0.9990199999999999
mixture/absolute,cea-10,joint,swap,1.0,1.0,0.32034550920375926,0.13993680000507547,0.7254996299921879,0.21679947341478698,0.7342938863742736
mixture/present,cea-10,joint,swap,0.0,0.0,1.2334615820750805,0.6632086395811011,1.486544758160977,0.21679947341478698,0.3200921197119783
mixture/recency,cea-10,joint,swap,1.0,1.0,0.35306907241739494,0.15554772997300215,0.8957717121414026,0.2175670252818778,0.7129997583724548
mixture/reference,cea-10,joint,swap,1.0,1.0,0.32034550920375926,0.13993680000507547,0.7254996299921879,0.21679947341478698,0.7342938863742736
mixture/transition1,cea-10,joint,swap,0.5,0.0,0.8259438644062436,0.4718764239330444,1.007984672368834,0.21679947341478698,0.49688645168664125
mixture/transition2,cea-10,joint,swap,1.0,1.0,0.32034550920375926,0.13993680000507547,0.7254996299921879,0.21679947341478698,0.7342938863742736
mixture/transition3,cea-10,joint,swap,1.0,1.0,0.32034550920375926,0.13993680000507547,0.7254996299921879,0.21679947341478698,0.7342938863742736
repaired/absolute,cea-10,joint,swap,1.0,1.0,0.0009804805139615315,9.800000000392828e-07,0.011582902361779928,1.9999999999999998e-05,0.9990199999999999
repaired/present,cea-10,joint,swap,0.5,0.0,0.9817763680502767,0.5626252924999999,1.2652230253095489,1.9999999999999998e-05,0.37464499999999995
repaired/recency,cea-10,joint,swap,1.0,1.0,0.05024121643674679,0.0024500000000000632,0.38625940550147086,0.001,0.951
repaired/reference,cea-10,joint,swap,1.0,1.0,0.0009804805139615315,9.800000000392828e-07,0.011582902361779928,1.9999999999999998e-05,0.9990199999999999
repaired/transition1,cea-10,joint,swap,0.0,0.0,0.6946510639499679,0.500543380344951,0.7038281040556407,1.9999999999999998e-05,0.49979135955132714
repaired/transition2,cea-10,joint,swap,1.0,1.0,0.0009804805139615315,9.800000000392828e-07,0.011582902361779928,1.9999999999999998e-05,0.9990199999999999
repaired/transition3,cea-10,joint,swap,1.0,1.0,0.0009804805139615315,9.800000000392828e-07,0.011582902361779928,1.9999999999999998e-05,0.9990199999999999
streaming/absolute,cea-10,joint,swap,0.5,0.0,0.9817763680502767,0.5626252924999999,1.2652230253095489,1.9999999999999998e-05,0.37464499999999995
streaming/present,cea-10,joint,swap,0.5,0.0,0.9817763680502767,0.5626252924999999,1.2652230253095489,1.9999999999999998e-05,0.37464499999999995
streaming/recency,cea-10,joint,swap,0.5,0.0,1.0293194621721604,0.5694812499999999,1.5615080942797084,0.001,0.35724999999999996
streaming/reference,cea-10,joint,swap,0.5,0.0,0.9817763680502767,0.5626252924999999,1.2652230253095489,1.9999999999999998e-05,0.37464499999999995
streaming/transition1,cea-10,joint,swap,0.5,0.0,0.9817763680502767,0.5626252924999999,1.2652230253095489,1.9999999999999998e-05,0.37464499999999995
streaming/transition2,cea-10,joint,swap,0.5,0.0,0.9817763680502767,0.5626252924999999,1.2652230253095489,1.9999999999999998e-05,0.37464499999999995
streaming/transition3,cea-10,joint,swap,0.5,0.0,0.9817763680502767,0.5626252924999999,1.2652230253095489,1.9999999999999998e-05,0.37464499999999995
fixed/absolute,cea-10,joint,swap,0.5,0.0,0.9817763680502767,0.5626252924999999,1.2652230253095489,1.9999999999999998e-05,0.37464499999999995
fixed/present,cea-10,joint,swap,0.5,0.0,0.9817763680502767,0.5626252924999999,1.2652230253095489,1.9999999999999998e-05,0.37464499999999995
fixed/recency,cea-10,joint,swap,0.5,0.0,1.0293194621721604,0.5694812499999999,1.5615080942797084,0.001,0.35724999999999996
fixed/reference,cea-10,joint,swap,0.5,0.0,0.9817763680502767,0.5626252924999999,1.2652230253095489,1.9999999999999998e-05,0.37464499999999995
fixed/transition1,cea-10,joint,swap,0.5,0.0,0.9817763680502767,0.5626252924999999,1.2652230253095489,1.9999999999999998e-05,0.37464499999999995
fixed/transition2,cea-10,joint,swap,0.5,0.0,0.9817763680502767,0.5626252924999999,1.2652230253095489,1.9999999999999998e-05,0.37464499999999995
fixed/transition3,cea-10,joint,swap,0.5,0.0,0.9817763680502767,0.5626252924999999,1.2652230253095489,1.9999999999999998e-05,0.37464499999999995
oracle-boundary/absolute,cea-10,joint,swap,1.0,1.0,0.0009804805139615315,9.800000000392828e-07,0.011582902361779928,1.9999999999999998e-05,0.9990199999999999
oracle-boundary/present,cea-10,joint,swap,0.5,0.0,0.9817763680502767,0.5626252924999999,1.2652230253095489,1.9999999999999998e-05,0.37464499999999995
oracle-boundary/recency,cea-10,joint,swap,1.0,1.0,0.05024121643674679,0.0024500000000000632,0.38625940550147086,0.001,0.951
oracle-boundary/reference,cea-10,joint,swap,1.0,1.0,0.0009804805139615315,9.800000000392828e-07,0.011582902361779928,1.9999999999999998e-05,0.9990199999999999
oracle-boundary/transition1,cea-10,joint,swap,0.5,0.0,0.69410764165507,0.50000048,0.7038282854721148,1.9999999999999998e-05,0.4995199999999999
oracle-boundary/transition2,cea-10,joint,swap,1.0,1.0,0.0009804805139615315,9.800000000392828e-07,0.011582902361779928,1.9999999999999998e-05,0.9990199999999999
oracle-boundary/transition3,cea-10,joint,swap,1.0,1.0,0.0009804805139615315,9.800000000392828e-07,0.011582902361779928,1.9999999999999998e-05,0.9990199999999999
map/absolute,cea-10,joint,shuffle,1.0,1.0,0.0009804805139615315,9.800000000392828e-07,0.011582902361779928,1.9999999999999998e-05,0.9990199999999999
map/present,cea-10,joint,shuffle,0.5,0.0,0.9817763680502767,0.5626252924999999,1.2652230253095489,1.9999999999999998e-05,0.37464499999999995
map/recency,cea-10,joint,shuffle,0.0,0.0,6.907755278982137,1.90245,0.38625940550147086,0.001,0.951
map/reference,cea-10,joint,shuffle,1.0,1.0,0.0009804805139615315,9.800000000392828e-07,0.011582902361779928,1.9999999999999998e-05,0.9990199999999999
map/transition1,cea-10,joint,shuffle,1.0,1.0,0.5398196847727087,0.3519551861525446,0.6707638474279369,1.9999999999999998e-05,0.5896912351065726
map/transition2,cea-10,joint,shuffle,1.0,1.0,0.0009804805139615315,9.800000000392828e-07,0.011582902361779928,1.9999999999999998e-05,0.9990199999999999
map/transition3,cea-10,joint,shuffle,1.0,1.0,0.0009804805139615315,9.800000000392828e-07,0.011582902361779928,1.9999999999999998e-05,0.9990199999999999
mixture/absolute,cea-10,joint,shuffle,1.0,1.0,0.3211731189380016,0.1402916112563971,0.7274305052613106,0.21669854728229826,0.7337755268235042
mixture/present,cea-10,joint,shuffle,0.0,0.0,1.2333117074157212,0.6631082555918708,1.4866048475189153,0.21669854728229826,0.3199764833552532
mixture/recency,cea-10,joint,shuffle,0.0,0.0,7.1592906183475815,1.6176415765640169,0.7932026637378834,0.21746619805897713,0.7449345802261389
mixture/reference,cea-10,joint,shuffle,1.0,1.0,0.3211731189380016,0.1402916112563971,0.7274305052613106,0.21669854728229826,0.7337755268235042
mixture/transition1,cea-10,joint,shuffle,0.5,0.0,0.8442206547456499,0.4864038910825196,1.0161373214418756,0.21669854728229826,0.4872210525871773
mixture/transition2,cea-10,joint,shuffle,1.0,1.0,0.3211731189380016,0.1402916112563971,0.7274305052613106,0.21669854728229826,0.7337755268235042
mixture/transition3,cea-10,joint,shuffle,1.0,1.0,0.3211731189380016,0.1402916112563971,0.7274305052613106,0.21669854728229826,0.7337755268235042
repaired/absolute,cea-10,joint,shuffle,1.0,1.0,0.0009804805139615315,9.800000000392828e-07,0.011582902361779928,1.9999999999999998e-05,0.9990199999999999
repaired/present,cea-10,joint,shuffle,0.5,0.0,0.9817763680502767,0.5626252924999999,1.2652230253095489,1.9999999999999998e-05,0.37464499999999995
repaired/recency,cea-10,joint,shuffle,0.0,0.0,6.907755278982137,1.90245,0.38625940550147086,0.001,0.951
repaired/reference,cea-10,joint,shuffle,1.0,1.0,0.0009804805139615315,9.800000000392828e-07,0.011582902361779928,1.9999999999999998e-05,0.9990199999999999
repaired/transition1,cea-10,joint,shuffle,1.0,1.0,0.6932307760717552,0.4991244560828053,0.7038278763846876,1.9999999999999998e-05,0.4999582163059147
repaired/transition2,cea-10,joint,shuffle,1.0,1.0,0.0009804805139615315,9.800000000392828e-07,0.011582902361779928,1.9999999999999998e-05,0.9990199999999999
repaired/transition3,cea-10,joint,shuffle,1.0,1.0,0.0009804805139615315,9.800000000392828e-07,0.011582902361779928,1.9999999999999998e-05,0.9990199999999999
streaming/absolute,cea-10,joint,shuffle,0.5,0.0,0.9817763680502767,0.5626252924999999,1.2652230253095489,1.9999999999999998e-05,0.37464499999999995
streaming/present,cea-10,joint,shuffle,0.5,0.0,0.9817763680502767,0.5626252924999999,1.2652230253095489,1.9999999999999998e-05,0.37464499999999995
streaming/recency,cea-10,joint,shuffle,0.5,0.0,1.0293194621721604,0.5694812499999999,1.5615080942797084,0.001,0.35724999999999996
streaming/reference,cea-10,joint,shuffle,0.5,0.0,0.9817763680502767,0.5626252924999999,1.2652230253095489,1.9999999999999998e-05,0.37464499999999995
streaming/transition1,cea-10,joint,shuffle,0.5,0.0,0.9817763680502767,0.5626252924999999,1.2652230253095489,1.9999999999999998e-05,0.37464499999999995
streaming/transition2,cea-10,joint,shuffle,0.5,0.0,0.9817763680502767,0.5626252924999999,1.2652230253095489,1.9999999999999998e-05,0.37464499999999995
streaming/transition3,cea-10,joint,shuffle,0.5,0.0,0.9817763680502767,0.5626252924999999,1.2652230253095489,1.9999999999999998e-05,0.37464499999999995
fixed/absolute,cea-10,joint,shuffle,0.5,0.0,0.9817763680502767,0.5626252924999999,1.2652230253095489,1.9999999999999998e-05,0.37464499999999995
fixed/present,cea-10,joint,shuffle,0.5,0.0,0.9817763680502767,0.5626252924999999,1.2652230253095489,1.9999999999999998e-05,0.37464499999999995
fixed/recency,cea-10,joint,shuffle,0.5,0.0,1.0293194621721604,0.5694812499999999,1.5615080942797084,0.001,0.35724999999999996
fixed/reference,cea-10,joint,shuffle,0.5,0.0,0.9817763680502767,0.5626252924999999,1.2652230253095489,1.9999999999999998e-05,0.37464499999999995
fixed/transition1,cea-10,joint,shuffle,0.5,0.0,0.9817763680502767,0.5626252924999999,1.2652230253095489,1.9999999999999998e-05,0.37464499999999995
fixed/transition2,cea-10,joint,shuffle,0.5,0.0,0.9817763680502767,0.5626252924999999,1.2652230253095489,1.9999999999999998e-05,0.37464499999999995
fixed/transition3,cea-10,joint,shuffle,0.5,0.0,0.9817763680502767,0.5626252924999999,1.2652230253095489,1.9999999999999998e-05,0.37464499999999995
oracle-boundary/absolute,cea-10,joint,shuffle,1.0,1.0,0.0009804805139615315,9.800000000392828e-07,0.011582902361779928,1.9999999999999998e-05,0.9990199999999999
oracle-boundary/present,cea-10,joint,shuffle,0.5,0.0,0.9817763680502767,0.5626252924999999,1.2652230253095489,1.9999999999999998e-05,0.37464499999999995
oracle-boundary/recency,cea-10,joint,shuffle,0.0,0.0,6.907755278982137,1.90245,0.38625940550147086,0.001,0.951
oracle-boundary/reference,cea-10,joint,shuffle,1.0,1.0,0.0009804805139615315,9.800000000392828e-07,0.011582902361779928,1.9999999999999998e-05,0.9990199999999999
oracle-boundary/transition1,cea-10,joint,shuffle,0.5,0.0,0.69410764165507,0.50000048,0.7038282854721148,1.9999999999999998e-05,0.4995199999999999
oracle-boundary/transition2,cea-10,joint,shuffle,1.0,1.0,0.0009804805139615315,9.800000000392828e-07,0.011582902361779928,1.9999999999999998e-05,0.9990199999999999
oracle-boundary/transition3,cea-10,joint,shuffle,1.0,1.0,0.0009804805139615315,9.800000000392828e-07,0.011582902361779928,1.9999999999999998e-05,0.9990199999999999
map/absolute,cea-10,joint,ambiguous,0.5,0.0,0.6941095564786257,0.5000023911451998,0.7038263724892317,1.9999999999999998e-05,0.5004975339379619
map/present,cea-10,joint,ambiguous,0.5,0.0,0.9817763680502767,0.5626252924999999,1.2652230253095489,1.9999999999999998e-05,0.37464499999999995
map/recency,cea-10,joint,ambiguous,0.5,0.0,3.4789982477094417,0.95245,0.38625940550147086,0.001,0.951
map/reference,cea-10,joint,ambiguous,0.5,0.0,0.6941092222725933,0.5000020575817008,0.7038267063736483,1.9999999999999998e-05,0.5004081389814777
map/transition1,cea-10,joint,ambiguous,0.5,0.0,0.6941078961353371,0.5000007339918349,0.703828031236192,1.9999999999999998e-05,0.49987636486560283
map/transition2,cea-10,joint,ambiguous,0.5,0.0,0.6941078961353371,0.5000007339918349,0.703828031236192,1.9999999999999998e-05,0.49987636486560283
map/transition3,cea-10,joint,ambiguous,0.5,0.0,0.6941095564786257,0.5000023911451998,0.7038263724892317,1.9999999999999998e-05,0.5004975339379619
mixture/absolute,cea-10,joint,ambiguous,0.5,0.0,1.0155027483905301,0.6075661393501608,1.1469269438563252,0.2610894405613323,0.3969606341932514
mixture/present,cea-10,joint,ambiguous,0.5,0.0,1.2843347623851942,0.6848074024655553,1.5089240291070904,0.2610894405613323,0.27683468323456434
mixture/recency,cea-10,joint,ambiguous,0.5,0.0,1.5639118767359843,0.772340652927175,1.0745628489146393,0.26181358739251887,0.6343941089750876
mixture/reference,cea-10,joint,ambiguous,0.5,0.0,1.015516979691711,0.6075736080316811,1.1469166486207667,0.2610894405613323,0.3970167926174194
mixture/transition1,cea-10,joint,ambiguous,0.5,0.0,1.001488321108186,0.6050484794460813,1.0905467658495305,0.2610894405613323,0.405269662922243
mixture/transition2,cea-10,joint,ambiguous,0.5,0.0,1.0157176392116811,0.607678892855994,1.1467715079266707,0.2610894405613323,0.3977985970689423
mixture/transition3,cea-10,joint,ambiguous,0.5,0.0,1.0155027483905301,0.6075661393501608,1.1469269438563252,0.2610894405613323,0.3969606341932514
repaired/absolute,cea-10,joint,ambiguous,0.5,0.0,0.6941082422533209,0.5000010794452958,0.7038276854506786,1.9999999999999998e-05,0.5000674693122474
repaired/present,cea-10,joint,ambiguous,0.5,0.0,0.9817763680502767,0.5626252924999999,1.2652230253095489,1.9999999999999998e-05,0.37464499999999995
repaired/recency,cea-10,joint,ambiguous,0.5,0.0,3.4789982477094417,0.95245,0.38625940550147086,0.001,0.951
repaired/reference,cea-10,joint,ambiguous,0.5,0.0,0.6941080332366611,0.5000008708299624,0.7038278942665441,1.9999999999999998e-05,0.4999620576672555
repaired/transition1,cea-10,joint,ambiguous,0.5,0.0,0.6941077975997081,0.5000006356453439,0.7038281296771995,2e-05,0.4997989671522113
repaired/transition2,cea-10,joint,ambiguous,0.5,0.0,0.6941082422533209,0.5000010794452958,0.7038276854506786,1.9999999999999998e-05,0.5000674693122474
repaired/transition3,cea-10,joint,ambiguous,0.5,0.0,0.6941082422533209,0.5000010794452958,0.7038276854506786,1.9999999999999998e-05,0.5000674693122474
streaming/absolute,cea-10,joint,ambiguous,0.5,0.0,0.9817763680502767,0.5626252924999999,1.2652230253095489,1.9999999999999998e-05,0.37464499999999995
streaming/present,cea-10,joint,ambiguous,0.5,0.0,0.9817763680502767,0.5626252924999999,1.2652230253095489,1.9999999999999998e-05,0.37464499999999995
streaming/recency,cea-10,joint,ambiguous,0.5,0.0,1.0293194621721604,0.5694812499999999,1.5615080942797084,0.001,0.35724999999999996
streaming/reference,cea-10,joint,ambiguous,0.5,0.0,0.9817763680502767,0.5626252924999999,1.2652230253095489,1.9999999999999998e-05,0.37464499999999995
streaming/transition1,cea-10,joint,ambiguous,0.5,0.0,0.9817763680502767,0.5626252924999999,1.2652230253095489,1.9999999999999998e-05,0.37464499999999995
streaming/transition2,cea-10,joint,ambiguous,0.5,0.0,0.9817763680502767,0.5626252924999999,1.2652230253095489,1.9999999999999998e-05,0.37464499999999995
streaming/transition3,cea-10,joint,ambiguous,0.5,0.0,0.9817763680502767,0.5626252924999999,1.2652230253095489,1.9999999999999998e-05,0.37464499999999995
fixed/absolute,cea-10,joint,ambiguous,0.5,0.0,0.9817763680502767,0.5626252924999999,1.2652230253095489,1.9999999999999998e-05,0.37464499999999995
fixed/present,cea-10,joint,ambiguous,0.5,0.0,0.9817763680502767,0.5626252924999999,1.2652230253095489,1.9999999999999998e-05,0.37464499999999995
fixed/recency,cea-10,joint,ambiguous,0.5,0.0,1.0293194621721604,0.5694812499999999,1.5615080942797084,0.001,0.35724999999999996
fixed/reference,cea-10,joint,ambiguous,0.5,0.0,0.9817763680502767,0.5626252924999999,1.2652230253095489,1.9999999999999998e-05,0.37464499999999995
fixed/transition1,cea-10,joint,ambiguous,0.5,0.0,0.9817763680502767,0.5626252924999999,1.2652230253095489,1.9999999999999998e-05,0.37464499999999995
fixed/transition2,cea-10,joint,ambiguous,0.5,0.0,0.9817763680502767,0.5626252924999999,1.2652230253095489,1.9999999999999998e-05,0.37464499999999995
fixed/transition3,cea-10,joint,ambiguous,0.5,0.0,0.9817763680502767,0.5626252924999999,1.2652230253095489,1.9999999999999998e-05,0.37464499999999995
oracle-boundary/absolute,cea-10,joint,ambiguous,0.5,0.0,0.69410764165507,0.50000048,0.7038282854721148,1.9999999999999998e-05,0.4995199999999999
oracle-boundary/present,cea-10,joint,ambiguous,0.5,0.0,0.9817763680502767,0.5626252924999999,1.2652230253095489,1.9999999999999998e-05,0.37464499999999995
oracle-boundary/recency,cea-10,joint,ambiguous,0.5,0.0,3.4789982477094417,0.95245,0.38625940550147086,0.001,0.951
oracle-boundary/reference,cea-10,joint,ambiguous,0.5,0.0,0.69410764165507,0.50000048,0.7038282854721148,1.9999999999999998e-05,0.4995199999999999
oracle-boundary/transition1,cea-10,joint,ambiguous,0.5,0.0,0.69410764165507,0.50000048,0.7038282854721148,1.9999999999999998e-05,0.4995199999999999
oracle-boundary/transition2,cea-10,joint,ambiguous,0.5,0.0,0.69410764165507,0.50000048,0.7038282854721148,1.9999999999999998e-05,0.4995199999999999
oracle-boundary/transition3,cea-10,joint,ambiguous,0.5,0.0,0.69410764165507,0.50000048,0.7038282854721148,1.9999999999999998e-05,0.4995199999999999
map/absolute,cea-11,detached,intact,1.0,1.0,0.0009804805139615315,9.800000000392828e-07,0.011582902361779928,1.9999999999999998e-05,0.9990199999999999
map/present,cea-11,detached,intact,0.5,0.0,0.9817763680502767,0.5626252924999999,1.2652230253095489,1.9999999999999998e-05,0.37464499999999995
map/recency,cea-11,detached,intact,0.0,0.0,6.907755278982137,1.90245,0.38625940550147086,0.001,0.951
map/reference,cea-11,detached,intact,1.0,1.0,0.0009804805139615315,9.800000000392828e-07,0.011582902361779928,1.9999999999999998e-05,0.9990199999999999
map/transition1,cea-11,detached,intact,1.0,1.0,0.6715541356543093,0.47747226153117805,0.7035683701113995,1.9999999999999998e-05,0.5109139308956724
map/transition2,cea-11,detached,intact,1.0,1.0,0.0009804805139615315,9.800000000392828e-07,0.011582902361779928,1.9999999999999998e-05,0.9990199999999999
map/transition3,cea-11,detached,intact,1.0,1.0,0.0009804805139615315,9.800000000392828e-07,0.011582902361779928,1.9999999999999998e-05,0.9990199999999999
mixture/absolute,cea-11,detached,intact,1.0,1.0,0.0009804805139615315,9.800000000392828e-07,0.011582902361779928,1.9999999999999998e-05,0.9990199999999999
mixture/present,cea-11,detached,intact,0.5,0.0,0.9817763680502767,0.5626252924999999,1.2652230253095489,1.9999999999999998e-05,0.37464499999999995
mixture/recency,cea-11,detached,intact,0.0,0.0,6.907755278982137,1.90245,0.38625940550147086,0.001,0.951
mixture/reference,cea-11,detached,intact,1.0,1.0,0.0009804805139615315,9.800000000392828e-07,0.011582902361779928,1.9999999999999998e-05,0.9990199999999999
mixture/transition1,cea-11,detached,intact,1.0,1.0,0.6715541356543093,0.47747226153117805,0.7035683701113995,1.9999999999999998e-05,0.5109139308956724
mixture/transition2,cea-11,detached,intact,1.0,1.0,0.0009804805139615315,9.800000000392828e-07,0.011582902361779928,1.9999999999999998e-05,0.9990199999999999
mixture/transition3,cea-11,detached,intact,1.0,1.0,0.0009804805139615315,9.800000000392828e-07,0.011582902361779928,1.9999999999999998e-05,0.9990199999999999
repaired/absolute,cea-11,detached,intact,1.0,1.0,0.0009804805139615315,9.800000000392828e-07,0.011582902361779928,1.9999999999999998e-05,0.9990199999999999
repaired/present,cea-11,detached,intact,0.5,0.0,0.9817763680502767,0.5626252924999999,1.2652230253095489,1.9999999999999998e-05,0.37464499999999995
repaired/recency,cea-11,detached,intact,0.0,0.0,6.907755278982137,1.90245,0.38625940550147086,0.001,0.951
repaired/reference,cea-11,detached,intact,1.0,1.0,0.0009804805139615315,9.800000000392828e-07,0.011582902361779928,1.9999999999999998e-05,0.9990199999999999
repaired/transition1,cea-11,detached,intact,1.0,1.0,0.6502033189313214,0.4561664695097716,0.702821700334992,1.9999999999999998e-05,0.5219396457611705
repaired/transition2,cea-11,detached,intact,1.0,1.0,0.0009804805139615315,9.800000000392828e-07,0.011582902361779928,1.9999999999999998e-05,0.9990199999999999
repaired/transition3,cea-11,detached,intact,1.0,1.0,0.0009804805139615315,9.800000000392828e-07,0.011582902361779928,1.9999999999999998e-05,0.9990199999999999
streaming/absolute,cea-11,detached,intact,0.5,0.0,0.49137842428211914,0.28131313625,0.6384029638356644,1.9999999999999998e-05,0.6868324999999998
streaming/present,cea-11,detached,intact,0.5,0.0,0.9817763680502767,0.5626252924999999,1.2652230253095489,1.9999999999999998e-05,0.37464499999999995
streaming/recency,cea-11,detached,intact,0.0,0.0,6.907755278982137,1.90245,0.38625940550147086,0.001,0.951
streaming/reference,cea-11,detached,intact,0.5,0.0,0.49137842428211914,0.28131313625,0.6384029638356644,1.9999999999999998e-05,0.6868324999999998
streaming/transition1,cea-11,detached,intact,0.5,0.0,0.49137842428211914,0.28131313625,0.6384029638356644,1.9999999999999998e-05,0.6868324999999998
streaming/transition2,cea-11,detached,intact,0.5,0.0,0.49137842428211914,0.28131313625,0.6384029638356644,1.9999999999999998e-05,0.6868324999999998
streaming/transition3,cea-11,detached,intact,0.5,0.0,0.49137842428211914,0.28131313625,0.6384029638356644,1.9999999999999998e-05,0.6868324999999998
fixed/absolute,cea-11,detached,intact,0.5,0.0,0.9817763680502767,0.5626252924999999,1.2652230253095489,1.9999999999999998e-05,0.37464499999999995
fixed/present,cea-11,detached,intact,0.5,0.0,0.9817763680502767,0.5626252924999999,1.2652230253095489,1.9999999999999998e-05,0.37464499999999995
fixed/recency,cea-11,detached,intact,0.0,0.0,6.907755278982137,1.90245,0.38625940550147086,0.001,0.951
fixed/reference,cea-11,detached,intact,0.5,0.0,0.9817763680502767,0.5626252924999999,1.2652230253095489,1.9999999999999998e-05,0.37464499999999995
fixed/transition1,cea-11,detached,intact,0.0,0.0,10.819778284410283,1.499233445275241,0.7035950781887716,1.9999999999999998e-05,0.5103127122457967
fixed/transition2,cea-11,detached,intact,0.5,0.0,0.9817763680502767,0.5626252924999999,1.2652230253095489,1.9999999999999998e-05,0.37464499999999995
fixed/transition3,cea-11,detached,intact,0.5,0.0,0.9817763680502767,0.5626252924999999,1.2652230253095489,1.9999999999999998e-05,0.37464499999999995
oracle-boundary/absolute,cea-11,detached,intact,1.0,1.0,0.0009804805139615315,9.800000000392828e-07,0.011582902361779928,1.9999999999999998e-05,0.9990199999999999
oracle-boundary/present,cea-11,detached,intact,0.5,0.0,0.9817763680502767,0.5626252924999999,1.2652230253095489,1.9999999999999998e-05,0.37464499999999995
oracle-boundary/recency,cea-11,detached,intact,0.0,0.0,6.907755278982137,1.90245,0.38625940550147086,0.001,0.951
oracle-boundary/reference,cea-11,detached,intact,1.0,1.0,0.0009804805139615315,9.800000000392828e-07,0.011582902361779928,1.9999999999999998e-05,0.9990199999999999
oracle-boundary/transition1,cea-11,detached,intact,0.5,0.0,0.69410764165507,0.50000048,0.7038282854721148,1.9999999999999998e-05,0.4995199999999999
oracle-boundary/transition2,cea-11,detached,intact,1.0,1.0,0.0009804805139615315,9.800000000392828e-07,0.011582902361779928,1.9999999999999998e-05,0.9990199999999999
oracle-boundary/transition3,cea-11,detached,intact,1.0,1.0,0.0009804805139615315,9.800000000392828e-07,0.011582902361779928,1.9999999999999998e-05,0.9990199999999999
map/absolute,cea-11,legato,intact,0.5,0.0,0.49137842428211914,0.28131313625,0.6384029638356644,1.9999999999999998e-05,0.6868324999999998
map/present,cea-11,legato,intact,0.5,0.0,0.9817763680502767,0.5626252924999999,1.2652230253095489,1.9999999999999998e-05,0.37464499999999995
map/recency,cea-11,legato,intact,0.5,0.0,3.4789982477094417,0.95245,0.38625940550147086,0.001,0.951
map/reference,cea-11,legato,intact,0.5,0.0,0.49137842428211914,0.28131313625,0.6384029638356644,1.9999999999999998e-05,0.6868324999999998
map/transition1,cea-11,legato,intact,0.5,0.0,5.410379382462122,0.9990009799999998,0.011582902361780037,1.9999999999999998e-05,0.9990199999999998
map/transition2,cea-11,legato,intact,0.5,0.0,0.49137842428211914,0.28131313625,0.6384029638356644,1.9999999999999998e-05,0.6868324999999998
map/transition3,cea-11,legato,intact,0.5,0.0,0.49137842428211914,0.28131313625,0.6384029638356644,1.9999999999999998e-05,0.6868324999999998
mixture/absolute,cea-11,legato,intact,0.0,0.0,+Infinity,2.0,0.0,1.0,1.0
mixture/present,cea-11,legato,intact,0.0,0.0,+Infinity,2.0,0.0,1.0,1.0
mixture/recency,cea-11,legato,intact,0.0,0.0,+Infinity,2.0,0.0,1.0,1.0
mixture/reference,cea-11,legato,intact,0.0,0.0,+Infinity,2.0,0.0,1.0,1.0
mixture/transition1,cea-11,legato,intact,0.0,0.0,+Infinity,2.0,0.0,1.0,1.0
mixture/transition2,cea-11,legato,intact,0.0,0.0,+Infinity,2.0,0.0,1.0,1.0
mixture/transition3,cea-11,legato,intact,0.0,0.0,+Infinity,2.0,0.0,1.0,1.0
repaired/absolute,cea-11,legato,intact,0.5,0.0,0.49137842428211914,0.28131313625,0.6384029638356644,1.9999999999999998e-05,0.6868324999999998
repaired/present,cea-11,legato,intact,0.5,0.0,0.9817763680502767,0.5626252924999999,1.2652230253095489,1.9999999999999998e-05,0.37464499999999995
repaired/recency,cea-11,legato,intact,0.5,0.0,3.4789982477094417,0.95245,0.38625940550147086,0.001,0.951
repaired/reference,cea-11,legato,intact,0.5,0.0,0.49137842428211914,0.28131313625,0.6384029638356644,1.9999999999999998e-05,0.6868324999999998
repaired/transition1,cea-11,legato,intact,0.5,0.0,5.410379382462122,0.9990009799999998,0.011582902361780037,1.9999999999999998e-05,0.9990199999999998
repaired/transition2,cea-11,legato,intact,0.5,0.0,0.49137842428211914,0.28131313625,0.6384029638356644,1.9999999999999998e-05,0.6868324999999998
repaired/transition3,cea-11,legato,intact,0.5,0.0,0.49137842428211914,0.28131313625,0.6384029638356644,1.9999999999999998e-05,0.6868324999999998
streaming/absolute,cea-11,legato,intact,0.5,0.0,0.9817763680502767,0.5626252924999999,1.2652230253095489,1.9999999999999998e-05,0.37464499999999995
streaming/present,cea-11,legato,intact,0.5,0.0,0.9817763680502767,0.5626252924999999,1.2652230253095489,1.9999999999999998e-05,0.37464499999999995
streaming/recency,cea-11,legato,intact,0.5,0.0,3.4789982477094417,0.95245,0.38625940550147086,0.001,0.951
streaming/reference,cea-11,legato,intact,0.5,0.0,0.49137842428211914,0.28131313625,0.6384029638356644,1.9999999999999998e-05,0.6868324999999998
streaming/transition1,cea-11,legato,intact,0.5,0.0,0.9817763680502767,0.5626252924999999,1.2652230253095489,1.9999999999999998e-05,0.37464499999999995
streaming/transition2,cea-11,legato,intact,0.5,0.0,0.9817763680502767,0.5626252924999999,1.2652230253095489,1.9999999999999998e-05,0.37464499999999995
streaming/transition3,cea-11,legato,intact,0.5,0.0,0.9817763680502767,0.5626252924999999,1.2652230253095489,1.9999999999999998e-05,0.37464499999999995
fixed/absolute,cea-11,legato,intact,0.5,0.0,0.9817763680502767,0.5626252924999999,1.2652230253095489,1.9999999999999998e-05,0.37464499999999995
fixed/present,cea-11,legato,intact,0.5,0.0,0.9817763680502767,0.5626252924999999,1.2652230253095489,1.9999999999999998e-05,0.37464499999999995
fixed/recency,cea-11,legato,intact,0.0,0.0,6.907755278982137,1.90245,0.38625940550147086,0.001,0.951
fixed/reference,cea-11,legato,intact,0.5,0.0,0.9817763680502767,0.5626252924999999,1.2652230253095489,1.9999999999999998e-05,0.37464499999999995
fixed/transition1,cea-11,legato,intact,0.0,0.0,10.819778284410283,1.4990114632481015,0.7038172916296359,2e-05,0.5018634214411671
fixed/transition2,cea-11,legato,intact,0.5,0.0,0.9817763680502767,0.5626252924999999,1.2652230253095489,1.9999999999999998e-05,0.37464499999999995
fixed/transition3,cea-11,legato,intact,0.5,0.0,0.9817763680502767,0.5626252924999999,1.2652230253095489,1.9999999999999998e-05,0.37464499999999995
oracle-boundary/absolute,cea-11,legato,intact,1.0,1.0,0.0009804805139615315,9.800000000392828e-07,0.011582902361779928,1.9999999999999998e-05,0.9990199999999999
oracle-boundary/present,cea-11,legato,intact,0.5,0.0,0.9817763680502767,0.5626252924999999,1.2652230253095489,1.9999999999999998e-05,0.37464499999999995
oracle-boundary/recency,cea-11,legato,intact,0.0,0.0,6.907755278982137,1.90245,0.38625940550147086,0.001,0.951
oracle-boundary/reference,cea-11,legato,intact,1.0,1.0,0.0009804805139615315,9.800000000392828e-07,0.011582902361779928,1.9999999999999998e-05,0.9990199999999999
oracle-boundary/transition1,cea-11,legato,intact,0.5,0.0,0.69410764165507,0.50000048,0.7038282854721148,1.9999999999999998e-05,0.4995199999999999
oracle-boundary/transition2,cea-11,legato,intact,1.0,1.0,0.0009804805139615315,9.800000000392828e-07,0.011582902361779928,1.9999999999999998e-05,0.9990199999999999
oracle-boundary/transition3,cea-11,legato,intact,1.0,1.0,0.0009804805139615315,9.800000000392828e-07,0.011582902361779928,1.9999999999999998e-05,0.9990199999999999
map/absolute,cea-11,duration,intact,0.5,0.0,0.49137842428211914,0.28131313625,0.6384029638356644,1.9999999999999998e-05,0.6868324999999998
map/present,cea-11,duration,intact,0.5,0.0,0.9817763680502767,0.5626252924999999,1.2652230253095489,1.9999999999999998e-05,0.37464499999999995
map/recency,cea-11,duration,intact,0.5,0.0,3.4789982477094417,0.95245,0.38625940550147086,0.001,0.951
map/reference,cea-11,duration,intact,0.5,0.0,0.49137842428211914,0.28131313625,0.6384029638356644,1.9999999999999998e-05,0.6868324999999998
map/transition1,cea-11,duration,intact,0.5,0.0,5.410379382462122,0.9990009799999998,0.011582902361780037,1.9999999999999998e-05,0.9990199999999998
map/transition2,cea-11,duration,intact,0.5,0.0,0.49137842428211914,0.28131313625,0.6384029638356644,1.9999999999999998e-05,0.6868324999999998
map/transition3,cea-11,duration,intact,0.5,0.0,0.49137842428211914,0.28131313625,0.6384029638356644,1.9999999999999998e-05,0.6868324999999998
mixture/absolute,cea-11,duration,intact,0.0,0.0,+Infinity,2.0,0.0,1.0,1.0
mixture/present,cea-11,duration,intact,0.0,0.0,+Infinity,2.0,0.0,1.0,1.0
mixture/recency,cea-11,duration,intact,0.0,0.0,+Infinity,2.0,0.0,1.0,1.0
mixture/reference,cea-11,duration,intact,0.0,0.0,+Infinity,2.0,0.0,1.0,1.0
mixture/transition1,cea-11,duration,intact,0.0,0.0,+Infinity,2.0,0.0,1.0,1.0
mixture/transition2,cea-11,duration,intact,0.0,0.0,+Infinity,2.0,0.0,1.0,1.0
mixture/transition3,cea-11,duration,intact,0.0,0.0,+Infinity,2.0,0.0,1.0,1.0
repaired/absolute,cea-11,duration,intact,0.5,0.0,0.49137842428211914,0.28131313625,0.6384029638356644,1.9999999999999998e-05,0.6868324999999998
repaired/present,cea-11,duration,intact,0.5,0.0,0.9817763680502767,0.5626252924999999,1.2652230253095489,1.9999999999999998e-05,0.37464499999999995
repaired/recency,cea-11,duration,intact,0.5,0.0,3.4789982477094417,0.95245,0.38625940550147086,0.001,0.951
repaired/reference,cea-11,duration,intact,0.5,0.0,0.49137842428211914,0.28131313625,0.6384029638356644,1.9999999999999998e-05,0.6868324999999998
repaired/transition1,cea-11,duration,intact,0.5,0.0,5.410379382462122,0.9990009799999998,0.011582902361780037,1.9999999999999998e-05,0.9990199999999998
repaired/transition2,cea-11,duration,intact,0.5,0.0,0.49137842428211914,0.28131313625,0.6384029638356644,1.9999999999999998e-05,0.6868324999999998
repaired/transition3,cea-11,duration,intact,0.5,0.0,0.49137842428211914,0.28131313625,0.6384029638356644,1.9999999999999998e-05,0.6868324999999998
streaming/absolute,cea-11,duration,intact,0.5,0.0,0.9817763680502767,0.5626252924999999,1.2652230253095489,1.9999999999999998e-05,0.37464499999999995
streaming/present,cea-11,duration,intact,0.5,0.0,0.9817763680502767,0.5626252924999999,1.2652230253095489,1.9999999999999998e-05,0.37464499999999995
streaming/recency,cea-11,duration,intact,0.5,0.0,3.4789982477094417,0.95245,0.38625940550147086,0.001,0.951
streaming/reference,cea-11,duration,intact,0.5,0.0,0.9817763680502767,0.5626252924999999,1.2652230253095489,1.9999999999999998e-05,0.37464499999999995
streaming/transition1,cea-11,duration,intact,0.5,0.0,0.9817763680502767,0.5626252924999999,1.2652230253095489,1.9999999999999998e-05,0.37464499999999995
streaming/transition2,cea-11,duration,intact,0.5,0.0,0.9817763680502767,0.5626252924999999,1.2652230253095489,1.9999999999999998e-05,0.37464499999999995
streaming/transition3,cea-11,duration,intact,0.5,0.0,0.9817763680502767,0.5626252924999999,1.2652230253095489,1.9999999999999998e-05,0.37464499999999995
fixed/absolute,cea-11,duration,intact,0.5,0.0,0.9817763680502767,0.5626252924999999,1.2652230253095489,1.9999999999999998e-05,0.37464499999999995
fixed/present,cea-11,duration,intact,0.5,0.0,0.9817763680502767,0.5626252924999999,1.2652230253095489,1.9999999999999998e-05,0.37464499999999995
fixed/recency,cea-11,duration,intact,0.0,0.0,6.907755278982137,1.90245,0.38625940550147086,0.001,0.951
fixed/reference,cea-11,duration,intact,0.5,0.0,0.9817763680502767,0.5626252924999999,1.2652230253095489,1.9999999999999998e-05,0.37464499999999995
fixed/transition1,cea-11,duration,intact,0.5,0.0,0.9817763680502767,0.5626252924999999,1.2652230253095489,1.9999999999999998e-05,0.37464499999999995
fixed/transition2,cea-11,duration,intact,0.5,0.0,0.9817763680502767,0.5626252924999999,1.2652230253095489,1.9999999999999998e-05,0.37464499999999995
fixed/transition3,cea-11,duration,intact,0.5,0.0,0.9817763680502767,0.5626252924999999,1.2652230253095489,1.9999999999999998e-05,0.37464499999999995
oracle-boundary/absolute,cea-11,duration,intact,1.0,1.0,0.0009804805139615315,9.800000000392828e-07,0.011582902361779928,1.9999999999999998e-05,0.9990199999999999
oracle-boundary/present,cea-11,duration,intact,0.5,0.0,0.9817763680502767,0.5626252924999999,1.2652230253095489,1.9999999999999998e-05,0.37464499999999995
oracle-boundary/recency,cea-11,duration,intact,0.0,0.0,6.907755278982137,1.90245,0.38625940550147086,0.001,0.951
oracle-boundary/reference,cea-11,duration,intact,1.0,1.0,0.0009804805139615315,9.800000000392828e-07,0.011582902361779928,1.9999999999999998e-05,0.9990199999999999
oracle-boundary/transition1,cea-11,duration,intact,0.5,0.0,0.69410764165507,0.50000048,0.7038282854721148,1.9999999999999998e-05,0.4995199999999999
oracle-boundary/transition2,cea-11,duration,intact,1.0,1.0,0.0009804805139615315,9.800000000392828e-07,0.011582902361779928,1.9999999999999998e-05,0.9990199999999999
oracle-boundary/transition3,cea-11,duration,intact,1.0,1.0,0.0009804805139615315,9.800000000392828e-07,0.011582902361779928,1.9999999999999998e-05,0.9990199999999999
map/absolute,cea-11,joint,intact,0.5,0.0,0.49137842428211914,0.28131313625,0.6384029638356644,1.9999999999999998e-05,0.6868324999999998
map/present,cea-11,joint,intact,0.5,0.0,0.9817763680502767,0.5626252924999999,1.2652230253095489,1.9999999999999998e-05,0.37464499999999995
map/recency,cea-11,joint,intact,0.5,0.0,3.4789982477094417,0.95245,0.38625940550147086,0.001,0.951
map/reference,cea-11,joint,intact,0.5,0.0,0.49137842428211914,0.28131313625,0.6384029638356644,1.9999999999999998e-05,0.6868324999999998
map/transition1,cea-11,joint,intact,0.5,0.0,5.410379382462122,0.9990009799999998,0.011582902361780037,1.9999999999999998e-05,0.9990199999999998
map/transition2,cea-11,joint,intact,0.5,0.0,0.49137842428211914,0.28131313625,0.6384029638356644,1.9999999999999998e-05,0.6868324999999998
map/transition3,cea-11,joint,intact,0.5,0.0,0.49137842428211914,0.28131313625,0.6384029638356644,1.9999999999999998e-05,0.6868324999999998
mixture/absolute,cea-11,joint,intact,0.0,0.0,+Infinity,2.0,0.0,1.0,1.0
mixture/present,cea-11,joint,intact,0.0,0.0,+Infinity,2.0,0.0,1.0,1.0
mixture/recency,cea-11,joint,intact,0.0,0.0,+Infinity,2.0,0.0,1.0,1.0
mixture/reference,cea-11,joint,intact,0.0,0.0,+Infinity,2.0,0.0,1.0,1.0
mixture/transition1,cea-11,joint,intact,0.0,0.0,+Infinity,2.0,0.0,1.0,1.0
mixture/transition2,cea-11,joint,intact,0.0,0.0,+Infinity,2.0,0.0,1.0,1.0
mixture/transition3,cea-11,joint,intact,0.0,0.0,+Infinity,2.0,0.0,1.0,1.0
repaired/absolute,cea-11,joint,intact,0.5,0.0,0.49137842428211914,0.28131313625,0.6384029638356644,1.9999999999999998e-05,0.6868324999999998
repaired/present,cea-11,joint,intact,0.5,0.0,0.9817763680502767,0.5626252924999999,1.2652230253095489,1.9999999999999998e-05,0.37464499999999995
repaired/recency,cea-11,joint,intact,0.5,0.0,3.4789982477094417,0.95245,0.38625940550147086,0.001,0.951
repaired/reference,cea-11,joint,intact,0.5,0.0,0.49137842428211914,0.28131313625,0.6384029638356644,1.9999999999999998e-05,0.6868324999999998
repaired/transition1,cea-11,joint,intact,0.5,0.0,5.410379382462122,0.9990009799999998,0.011582902361780037,1.9999999999999998e-05,0.9990199999999998
repaired/transition2,cea-11,joint,intact,0.5,0.0,0.49137842428211914,0.28131313625,0.6384029638356644,1.9999999999999998e-05,0.6868324999999998
repaired/transition3,cea-11,joint,intact,0.5,0.0,0.49137842428211914,0.28131313625,0.6384029638356644,1.9999999999999998e-05,0.6868324999999998
streaming/absolute,cea-11,joint,intact,0.5,0.0,0.49137842428211914,0.28131313625,0.6384029638356644,1.9999999999999998e-05,0.6868324999999998
streaming/present,cea-11,joint,intact,0.5,0.0,0.9817763680502767,0.5626252924999999,1.2652230253095489,1.9999999999999998e-05,0.37464499999999995
streaming/recency,cea-11,joint,intact,0.5,0.0,3.4789982477094417,0.95245,0.38625940550147086,0.001,0.951
streaming/reference,cea-11,joint,intact,0.5,0.0,0.49137842428211914,0.28131313625,0.6384029638356644,1.9999999999999998e-05,0.6868324999999998
streaming/transition1,cea-11,joint,intact,0.5,0.0,5.410379382462122,0.9990009799999998,0.011582902361780037,1.9999999999999998e-05,0.9990199999999998
streaming/transition2,cea-11,joint,intact,0.5,0.0,0.49137842428211914,0.28131313625,0.6384029638356644,1.9999999999999998e-05,0.6868324999999998
streaming/transition3,cea-11,joint,intact,0.5,0.0,0.49137842428211914,0.28131313625,0.6384029638356644,1.9999999999999998e-05,0.6868324999999998
fixed/absolute,cea-11,joint,intact,0.5,0.0,0.9817763680502767,0.5626252924999999,1.2652230253095489,1.9999999999999998e-05,0.37464499999999995
fixed/present,cea-11,joint,intact,0.5,0.0,0.9817763680502767,0.5626252924999999,1.2652230253095489,1.9999999999999998e-05,0.37464499999999995
fixed/recency,cea-11,joint,intact,0.0,0.0,6.907755278982137,1.90245,0.38625940550147086,0.001,0.951
fixed/reference,cea-11,joint,intact,0.5,0.0,0.9817763680502767,0.5626252924999999,1.2652230253095489,1.9999999999999998e-05,0.37464499999999995
fixed/transition1,cea-11,joint,intact,0.5,0.0,0.9817763680502767,0.5626252924999999,1.2652230253095489,1.9999999999999998e-05,0.37464499999999995
fixed/transition2,cea-11,joint,intact,0.5,0.0,0.9817763680502767,0.5626252924999999,1.2652230253095489,1.9999999999999998e-05,0.37464499999999995
fixed/transition3,cea-11,joint,intact,0.5,0.0,0.9817763680502767,0.5626252924999999,1.2652230253095489,1.9999999999999998e-05,0.37464499999999995
oracle-boundary/absolute,cea-11,joint,intact,1.0,1.0,0.0009804805139615315,9.800000000392828e-07,0.011582902361779928,1.9999999999999998e-05,0.9990199999999999
oracle-boundary/present,cea-11,joint,intact,0.5,0.0,0.9817763680502767,0.5626252924999999,1.2652230253095489,1.9999999999999998e-05,0.37464499999999995
oracle-boundary/recency,cea-11,joint,intact,0.0,0.0,6.907755278982137,1.90245,0.38625940550147086,0.001,0.951
oracle-boundary/reference,cea-11,joint,intact,1.0,1.0,0.0009804805139615315,9.800000000392828e-07,0.011582902361779928,1.9999999999999998e-05,0.9990199999999999
oracle-boundary/transition1,cea-11,joint,intact,0.5,0.0,0.69410764165507,0.50000048,0.7038282854721148,1.9999999999999998e-05,0.4995199999999999
oracle-boundary/transition2,cea-11,joint,intact,1.0,1.0,0.0009804805139615315,9.800000000392828e-07,0.011582902361779928,1.9999999999999998e-05,0.9990199999999999
oracle-boundary/transition3,cea-11,joint,intact,1.0,1.0,0.0009804805139615315,9.800000000392828e-07,0.011582902361779928,1.9999999999999998e-05,0.9990199999999999
map/absolute,cea-11,joint,reset,0.5,0.0,0.9817763680502767,0.5626252924999999,1.2652230253095489,1.9999999999999998e-05,0.37464499999999995
map/present,cea-11,joint,reset,0.5,0.0,0.9817763680502767,0.5626252924999999,1.2652230253095489,1.9999999999999998e-05,0.37464499999999995
map/recency,cea-11,joint,reset,0.5,0.0,1.0293194621721604,0.5694812499999999,1.5615080942797084,0.001,0.35724999999999996
map/reference,cea-11,joint,reset,0.5,0.0,0.9817763680502767,0.5626252924999999,1.2652230253095489,1.9999999999999998e-05,0.37464499999999995
map/transition1,cea-11,joint,reset,0.5,0.0,0.9817763680502767,0.5626252924999999,1.2652230253095489,1.9999999999999998e-05,0.37464499999999995
map/transition2,cea-11,joint,reset,0.5,0.0,0.9817763680502767,0.5626252924999999,1.2652230253095489,1.9999999999999998e-05,0.37464499999999995
map/transition3,cea-11,joint,reset,0.5,0.0,0.9817763680502767,0.5626252924999999,1.2652230253095489,1.9999999999999998e-05,0.37464499999999995
mixture/absolute,cea-11,joint,reset,0.5,0.0,0.9817763680502767,0.5626252924999999,1.2652230253095489,1.9999999999999998e-05,0.37464499999999995
mixture/present,cea-11,joint,reset,0.5,0.0,0.9817763680502767,0.5626252924999999,1.2652230253095489,1.9999999999999998e-05,0.37464499999999995
mixture/recency,cea-11,joint,reset,0.5,0.0,1.0293194621721604,0.5694812499999999,1.5615080942797084,0.001,0.35724999999999996
mixture/reference,cea-11,joint,reset,0.5,0.0,0.9817763680502767,0.5626252924999999,1.2652230253095489,1.9999999999999998e-05,0.37464499999999995
mixture/transition1,cea-11,joint,reset,0.5,0.0,0.9817763680502767,0.5626252924999999,1.2652230253095489,1.9999999999999998e-05,0.37464499999999995
mixture/transition2,cea-11,joint,reset,0.5,0.0,0.9817763680502767,0.5626252924999999,1.2652230253095489,1.9999999999999998e-05,0.37464499999999995
mixture/transition3,cea-11,joint,reset,0.5,0.0,0.9817763680502767,0.5626252924999999,1.2652230253095489,1.9999999999999998e-05,0.37464499999999995
repaired/absolute,cea-11,joint,reset,0.5,0.0,0.9817763680502767,0.5626252924999999,1.2652230253095489,1.9999999999999998e-05,0.37464499999999995
repaired/present,cea-11,joint,reset,0.5,0.0,0.9817763680502767,0.5626252924999999,1.2652230253095489,1.9999999999999998e-05,0.37464499999999995
repaired/recency,cea-11,joint,reset,0.5,0.0,1.0293194621721604,0.5694812499999999,1.5615080942797084,0.001,0.35724999999999996
repaired/reference,cea-11,joint,reset,0.5,0.0,0.9817763680502767,0.5626252924999999,1.2652230253095489,1.9999999999999998e-05,0.37464499999999995
repaired/transition1,cea-11,joint,reset,0.5,0.0,0.9817763680502767,0.5626252924999999,1.2652230253095489,1.9999999999999998e-05,0.37464499999999995
repaired/transition2,cea-11,joint,reset,0.5,0.0,0.9817763680502767,0.5626252924999999,1.2652230253095489,1.9999999999999998e-05,0.37464499999999995
repaired/transition3,cea-11,joint,reset,0.5,0.0,0.9817763680502767,0.5626252924999999,1.2652230253095489,1.9999999999999998e-05,0.37464499999999995
streaming/absolute,cea-11,joint,reset,0.5,0.0,0.9817763680502767,0.5626252924999999,1.2652230253095489,1.9999999999999998e-05,0.37464499999999995
streaming/present,cea-11,joint,reset,0.5,0.0,0.9817763680502767,0.5626252924999999,1.2652230253095489,1.9999999999999998e-05,0.37464499999999995
streaming/recency,cea-11,joint,reset,0.5,0.0,1.0293194621721604,0.5694812499999999,1.5615080942797084,0.001,0.35724999999999996
streaming/reference,cea-11,joint,reset,0.5,0.0,0.9817763680502767,0.5626252924999999,1.2652230253095489,1.9999999999999998e-05,0.37464499999999995
streaming/transition1,cea-11,joint,reset,0.5,0.0,0.9817763680502767,0.5626252924999999,1.2652230253095489,1.9999999999999998e-05,0.37464499999999995
streaming/transition2,cea-11,joint,reset,0.5,0.0,0.9817763680502767,0.5626252924999999,1.2652230253095489,1.9999999999999998e-05,0.37464499999999995
streaming/transition3,cea-11,joint,reset,0.5,0.0,0.9817763680502767,0.5626252924999999,1.2652230253095489,1.9999999999999998e-05,0.37464499999999995
fixed/absolute,cea-11,joint,reset,0.5,0.0,0.9817763680502767,0.5626252924999999,1.2652230253095489,1.9999999999999998e-05,0.37464499999999995
fixed/present,cea-11,joint,reset,0.5,0.0,0.9817763680502767,0.5626252924999999,1.2652230253095489,1.9999999999999998e-05,0.37464499999999995
fixed/recency,cea-11,joint,reset,0.5,0.0,1.0293194621721604,0.5694812499999999,1.5615080942797084,0.001,0.35724999999999996
fixed/reference,cea-11,joint,reset,0.5,0.0,0.9817763680502767,0.5626252924999999,1.2652230253095489,1.9999999999999998e-05,0.37464499999999995
fixed/transition1,cea-11,joint,reset,0.5,0.0,0.9817763680502767,0.5626252924999999,1.2652230253095489,1.9999999999999998e-05,0.37464499999999995
fixed/transition2,cea-11,joint,reset,0.5,0.0,0.9817763680502767,0.5626252924999999,1.2652230253095489,1.9999999999999998e-05,0.37464499999999995
fixed/transition3,cea-11,joint,reset,0.5,0.0,0.9817763680502767,0.5626252924999999,1.2652230253095489,1.9999999999999998e-05,0.37464499999999995
oracle-boundary/absolute,cea-11,joint,reset,0.5,0.0,0.9817763680502767,0.5626252924999999,1.2652230253095489,1.9999999999999998e-05,0.37464499999999995
oracle-boundary/present,cea-11,joint,reset,0.5,0.0,0.9817763680502767,0.5626252924999999,1.2652230253095489,1.9999999999999998e-05,0.37464499999999995
oracle-boundary/recency,cea-11,joint,reset,0.5,0.0,1.0293194621721604,0.5694812499999999,1.5615080942797084,0.001,0.35724999999999996
oracle-boundary/reference,cea-11,joint,reset,0.5,0.0,0.9817763680502767,0.5626252924999999,1.2652230253095489,1.9999999999999998e-05,0.37464499999999995
oracle-boundary/transition1,cea-11,joint,reset,0.5,0.0,0.9817763680502767,0.5626252924999999,1.2652230253095489,1.9999999999999998e-05,0.37464499999999995
oracle-boundary/transition2,cea-11,joint,reset,0.5,0.0,0.9817763680502767,0.5626252924999999,1.2652230253095489,1.9999999999999998e-05,0.37464499999999995
oracle-boundary/transition3,cea-11,joint,reset,0.5,0.0,0.9817763680502767,0.5626252924999999,1.2652230253095489,1.9999999999999998e-05,0.37464499999999995
map/absolute,cea-11,joint,removal,0.5,0.0,0.9817763680502767,0.5626252924999999,1.2652230253095489,1.9999999999999998e-05,0.37464499999999995
map/present,cea-11,joint,removal,0.5,0.0,0.9817763680502767,0.5626252924999999,1.2652230253095489,1.9999999999999998e-05,0.37464499999999995
map/recency,cea-11,joint,removal,0.5,0.0,1.0293194621721604,0.5694812499999999,1.5615080942797084,0.001,0.35724999999999996
map/reference,cea-11,joint,removal,0.5,0.0,0.9817763680502767,0.5626252924999999,1.2652230253095489,1.9999999999999998e-05,0.37464499999999995
map/transition1,cea-11,joint,removal,0.5,0.0,0.9817763680502767,0.5626252924999999,1.2652230253095489,1.9999999999999998e-05,0.37464499999999995
map/transition2,cea-11,joint,removal,0.5,0.0,0.9817763680502767,0.5626252924999999,1.2652230253095489,1.9999999999999998e-05,0.37464499999999995
map/transition3,cea-11,joint,removal,0.5,0.0,0.9817763680502767,0.5626252924999999,1.2652230253095489,1.9999999999999998e-05,0.37464499999999995
mixture/absolute,cea-11,joint,removal,0.5,0.0,1.0470975468075063,0.575806547732721,1.420820971805219,0.06325218979004002,0.3509549024541595
mixture/present,cea-11,joint,removal,0.5,0.0,1.0470975468075063,0.575806547732721,1.420820971805219,0.06325218979004002,0.3509549024541595
mixture/recency,cea-11,joint,removal,0.5,0.0,1.09464064092939,0.5839997525063692,1.693652382676235,0.06417022100467007,0.33465984839447604
mixture/reference,cea-11,joint,removal,0.5,0.0,1.0470975468075063,0.575806547732721,1.420820971805219,0.06325218979004002,0.3509549024541595
mixture/transition1,cea-11,joint,removal,0.5,0.0,1.0470975468075063,0.575806547732721,1.420820971805219,0.06325218979004002,0.3509549024541595
mixture/transition2,cea-11,joint,removal,0.5,0.0,1.0470975468075063,0.575806547732721,1.420820971805219,0.06325218979004002,0.3509549024541595
mixture/transition3,cea-11,joint,removal,0.5,0.0,1.0470975468075063,0.575806547732721,1.420820971805219,0.06325218979004002,0.3509549024541595
repaired/absolute,cea-11,joint,removal,0.5,0.0,0.9817763680502767,0.5626252924999999,1.2652230253095489,1.9999999999999998e-05,0.37464499999999995
repaired/present,cea-11,joint,removal,0.5,0.0,0.9817763680502767,0.5626252924999999,1.2652230253095489,1.9999999999999998e-05,0.37464499999999995
repaired/recency,cea-11,joint,removal,0.5,0.0,1.0293194621721604,0.5694812499999999,1.5615080942797084,0.001,0.35724999999999996
repaired/reference,cea-11,joint,removal,0.5,0.0,0.9817763680502767,0.5626252924999999,1.2652230253095489,1.9999999999999998e-05,0.37464499999999995
repaired/transition1,cea-11,joint,removal,0.5,0.0,0.9817763680502767,0.5626252924999999,1.2652230253095489,1.9999999999999998e-05,0.37464499999999995
repaired/transition2,cea-11,joint,removal,0.5,0.0,0.9817763680502767,0.5626252924999999,1.2652230253095489,1.9999999999999998e-05,0.37464499999999995
repaired/transition3,cea-11,joint,removal,0.5,0.0,0.9817763680502767,0.5626252924999999,1.2652230253095489,1.9999999999999998e-05,0.37464499999999995
streaming/absolute,cea-11,joint,removal,0.5,0.0,0.9817763680502767,0.5626252924999999,1.2652230253095489,1.9999999999999998e-05,0.37464499999999995
streaming/present,cea-11,joint,removal,0.5,0.0,0.9817763680502767,0.5626252924999999,1.2652230253095489,1.9999999999999998e-05,0.37464499999999995
streaming/recency,cea-11,joint,removal,0.5,0.0,1.0293194621721604,0.5694812499999999,1.5615080942797084,0.001,0.35724999999999996
streaming/reference,cea-11,joint,removal,0.5,0.0,0.9817763680502767,0.5626252924999999,1.2652230253095489,1.9999999999999998e-05,0.37464499999999995
streaming/transition1,cea-11,joint,removal,0.5,0.0,0.9817763680502767,0.5626252924999999,1.2652230253095489,1.9999999999999998e-05,0.37464499999999995
streaming/transition2,cea-11,joint,removal,0.5,0.0,0.9817763680502767,0.5626252924999999,1.2652230253095489,1.9999999999999998e-05,0.37464499999999995
streaming/transition3,cea-11,joint,removal,0.5,0.0,0.9817763680502767,0.5626252924999999,1.2652230253095489,1.9999999999999998e-05,0.37464499999999995
fixed/absolute,cea-11,joint,removal,0.5,0.0,0.9817763680502767,0.5626252924999999,1.2652230253095489,1.9999999999999998e-05,0.37464499999999995
fixed/present,cea-11,joint,removal,0.5,0.0,0.9817763680502767,0.5626252924999999,1.2652230253095489,1.9999999999999998e-05,0.37464499999999995
fixed/recency,cea-11,joint,removal,0.0,0.0,6.907755278982137,1.90245,0.38625940550147086,0.001,0.951
fixed/reference,cea-11,joint,removal,0.5,0.0,0.9817763680502767,0.5626252924999999,1.2652230253095489,1.9999999999999998e-05,0.37464499999999995
fixed/transition1,cea-11,joint,removal,0.5,0.0,0.9817763680502767,0.5626252924999999,1.2652230253095489,1.9999999999999998e-05,0.37464499999999995
fixed/transition2,cea-11,joint,removal,0.5,0.0,0.9817763680502767,0.5626252924999999,1.2652230253095489,1.9999999999999998e-05,0.37464499999999995
fixed/transition3,cea-11,joint,removal,0.5,0.0,0.9817763680502767,0.5626252924999999,1.2652230253095489,1.9999999999999998e-05,0.37464499999999995
oracle-boundary/absolute,cea-11,joint,removal,0.5,0.0,0.9817763680502767,0.5626252924999999,1.2652230253095489,1.9999999999999998e-05,0.37464499999999995
oracle-boundary/present,cea-11,joint,removal,0.5,0.0,0.9817763680502767,0.5626252924999999,1.2652230253095489,1.9999999999999998e-05,0.37464499999999995
oracle-boundary/recency,cea-11,joint,removal,0.5,0.0,1.0293194621721604,0.5694812499999999,1.5615080942797084,0.001,0.35724999999999996
oracle-boundary/reference,cea-11,joint,removal,0.5,0.0,0.9817763680502767,0.5626252924999999,1.2652230253095489,1.9999999999999998e-05,0.37464499999999995
oracle-boundary/transition1,cea-11,joint,removal,0.5,0.0,0.9817763680502767,0.5626252924999999,1.2652230253095489,1.9999999999999998e-05,0.37464499999999995
oracle-boundary/transition2,cea-11,joint,removal,0.5,0.0,0.9817763680502767,0.5626252924999999,1.2652230253095489,1.9999999999999998e-05,0.37464499999999995
oracle-boundary/transition3,cea-11,joint,removal,0.5,0.0,0.9817763680502767,0.5626252924999999,1.2652230253095489,1.9999999999999998e-05,0.37464499999999995
map/absolute,cea-11,joint,swap,0.5,0.0,0.49137842428211914,0.28131313625,0.6384029638356644,1.9999999999999998e-05,0.6868324999999998
map/present,cea-11,joint,swap,0.5,0.0,0.9817763680502767,0.5626252924999999,1.2652230253095489,1.9999999999999998e-05,0.37464499999999995
map/recency,cea-11,joint,swap,0.5,0.0,3.4789982477094417,0.95245,0.38625940550147086,0.001,0.951
map/reference,cea-11,joint,swap,0.5,0.0,0.49137842428211914,0.28131313625,0.6384029638356644,1.9999999999999998e-05,0.6868324999999998
map/transition1,cea-11,joint,swap,0.5,0.0,5.410379382462122,0.9990009799999998,0.011582902361780037,1.9999999999999998e-05,0.9990199999999998
map/transition2,cea-11,joint,swap,0.5,0.0,0.49137842428211914,0.28131313625,0.6384029638356644,1.9999999999999998e-05,0.6868324999999998
map/transition3,cea-11,joint,swap,0.5,0.0,0.49137842428211914,0.28131313625,0.6384029638356644,1.9999999999999998e-05,0.6868324999999998
mixture/absolute,cea-11,joint,swap,0.0,0.0,+Infinity,2.0,0.0,1.0,1.0
mixture/present,cea-11,joint,swap,0.0,0.0,+Infinity,2.0,0.0,1.0,1.0
mixture/recency,cea-11,joint,swap,0.0,0.0,+Infinity,2.0,0.0,1.0,1.0
mixture/reference,cea-11,joint,swap,0.0,0.0,+Infinity,2.0,0.0,1.0,1.0
mixture/transition1,cea-11,joint,swap,0.0,0.0,+Infinity,2.0,0.0,1.0,1.0
mixture/transition2,cea-11,joint,swap,0.0,0.0,+Infinity,2.0,0.0,1.0,1.0
mixture/transition3,cea-11,joint,swap,0.0,0.0,+Infinity,2.0,0.0,1.0,1.0
repaired/absolute,cea-11,joint,swap,0.5,0.0,0.49137842428211914,0.28131313625,0.6384029638356644,1.9999999999999998e-05,0.6868324999999998
repaired/present,cea-11,joint,swap,0.5,0.0,0.9817763680502767,0.5626252924999999,1.2652230253095489,1.9999999999999998e-05,0.37464499999999995
repaired/recency,cea-11,joint,swap,0.5,0.0,3.4789982477094417,0.95245,0.38625940550147086,0.001,0.951
repaired/reference,cea-11,joint,swap,0.5,0.0,0.49137842428211914,0.28131313625,0.6384029638356644,1.9999999999999998e-05,0.6868324999999998
repaired/transition1,cea-11,joint,swap,0.5,0.0,5.410379382462122,0.9990009799999998,0.011582902361780037,1.9999999999999998e-05,0.9990199999999998
repaired/transition2,cea-11,joint,swap,0.5,0.0,0.49137842428211914,0.28131313625,0.6384029638356644,1.9999999999999998e-05,0.6868324999999998
repaired/transition3,cea-11,joint,swap,0.5,0.0,0.49137842428211914,0.28131313625,0.6384029638356644,1.9999999999999998e-05,0.6868324999999998
streaming/absolute,cea-11,joint,swap,0.5,0.0,0.49137842428211914,0.28131313625,0.6384029638356644,1.9999999999999998e-05,0.6868324999999998
streaming/present,cea-11,joint,swap,0.5,0.0,0.9817763680502767,0.5626252924999999,1.2652230253095489,1.9999999999999998e-05,0.37464499999999995
streaming/recency,cea-11,joint,swap,0.5,0.0,3.4789982477094417,0.95245,0.38625940550147086,0.001,0.951
streaming/reference,cea-11,joint,swap,0.5,0.0,0.49137842428211914,0.28131313625,0.6384029638356644,1.9999999999999998e-05,0.6868324999999998
streaming/transition1,cea-11,joint,swap,0.5,0.0,5.410379382462122,0.9990009799999998,0.011582902361780037,1.9999999999999998e-05,0.9990199999999998
streaming/transition2,cea-11,joint,swap,0.5,0.0,0.49137842428211914,0.28131313625,0.6384029638356644,1.9999999999999998e-05,0.6868324999999998
streaming/transition3,cea-11,joint,swap,0.5,0.0,0.49137842428211914,0.28131313625,0.6384029638356644,1.9999999999999998e-05,0.6868324999999998
fixed/absolute,cea-11,joint,swap,0.5,0.0,0.9817763680502767,0.5626252924999999,1.2652230253095489,1.9999999999999998e-05,0.37464499999999995
fixed/present,cea-11,joint,swap,0.5,0.0,0.9817763680502767,0.5626252924999999,1.2652230253095489,1.9999999999999998e-05,0.37464499999999995
fixed/recency,cea-11,joint,swap,0.0,0.0,6.907755278982137,1.90245,0.38625940550147086,0.001,0.951
fixed/reference,cea-11,joint,swap,0.5,0.0,0.9817763680502767,0.5626252924999999,1.2652230253095489,1.9999999999999998e-05,0.37464499999999995
fixed/transition1,cea-11,joint,swap,0.5,0.0,0.9817763680502767,0.5626252924999999,1.2652230253095489,1.9999999999999998e-05,0.37464499999999995
fixed/transition2,cea-11,joint,swap,0.5,0.0,0.9817763680502767,0.5626252924999999,1.2652230253095489,1.9999999999999998e-05,0.37464499999999995
fixed/transition3,cea-11,joint,swap,0.5,0.0,0.9817763680502767,0.5626252924999999,1.2652230253095489,1.9999999999999998e-05,0.37464499999999995
oracle-boundary/absolute,cea-11,joint,swap,1.0,1.0,0.0009804805139615315,9.800000000392828e-07,0.011582902361779928,1.9999999999999998e-05,0.9990199999999999
oracle-boundary/present,cea-11,joint,swap,0.5,0.0,0.9817763680502767,0.5626252924999999,1.2652230253095489,1.9999999999999998e-05,0.37464499999999995
oracle-boundary/recency,cea-11,joint,swap,0.0,0.0,6.907755278982137,1.90245,0.38625940550147086,0.001,0.951
oracle-boundary/reference,cea-11,joint,swap,1.0,1.0,0.0009804805139615315,9.800000000392828e-07,0.011582902361779928,1.9999999999999998e-05,0.9990199999999999
oracle-boundary/transition1,cea-11,joint,swap,0.5,0.0,0.69410764165507,0.50000048,0.7038282854721148,1.9999999999999998e-05,0.4995199999999999
oracle-boundary/transition2,cea-11,joint,swap,1.0,1.0,0.0009804805139615315,9.800000000392828e-07,0.011582902361779928,1.9999999999999998e-05,0.9990199999999999
oracle-boundary/transition3,cea-11,joint,swap,1.0,1.0,0.0009804805139615315,9.800000000392828e-07,0.011582902361779928,1.9999999999999998e-05,0.9990199999999999
map/absolute,cea-11,joint,shuffle,0.5,0.0,0.49137842428211914,0.28131313625,0.6384029638356644,1.9999999999999998e-05,0.6868324999999998
map/present,cea-11,joint,shuffle,0.5,0.0,0.9817763680502767,0.5626252924999999,1.2652230253095489,1.9999999999999998e-05,0.37464499999999995
map/recency,cea-11,joint,shuffle,0.5,0.0,3.4789982477094417,0.95245,0.38625940550147086,0.001,0.951
map/reference,cea-11,joint,shuffle,0.5,0.0,0.49137842428211914,0.28131313625,0.6384029638356644,1.9999999999999998e-05,0.6868324999999998
map/transition1,cea-11,joint,shuffle,0.5,0.0,5.410379382462122,0.9990009799999998,0.011582902361780037,1.9999999999999998e-05,0.9990199999999998
map/transition2,cea-11,joint,shuffle,0.5,0.0,0.49137842428211914,0.28131313625,0.6384029638356644,1.9999999999999998e-05,0.6868324999999998
map/transition3,cea-11,joint,shuffle,0.5,0.0,0.49137842428211914,0.28131313625,0.6384029638356644,1.9999999999999998e-05,0.6868324999999998
mixture/absolute,cea-11,joint,shuffle,0.0,0.0,+Infinity,2.0,0.0,1.0,1.0
mixture/present,cea-11,joint,shuffle,0.0,0.0,+Infinity,2.0,0.0,1.0,1.0
mixture/recency,cea-11,joint,shuffle,0.0,0.0,+Infinity,2.0,0.0,1.0,1.0
mixture/reference,cea-11,joint,shuffle,0.0,0.0,+Infinity,2.0,0.0,1.0,1.0
mixture/transition1,cea-11,joint,shuffle,0.0,0.0,+Infinity,2.0,0.0,1.0,1.0
mixture/transition2,cea-11,joint,shuffle,0.0,0.0,+Infinity,2.0,0.0,1.0,1.0
mixture/transition3,cea-11,joint,shuffle,0.0,0.0,+Infinity,2.0,0.0,1.0,1.0
repaired/absolute,cea-11,joint,shuffle,0.5,0.0,0.49137842428211914,0.28131313625,0.6384029638356644,1.9999999999999998e-05,0.6868324999999998
repaired/present,cea-11,joint,shuffle,0.5,0.0,0.9817763680502767,0.5626252924999999,1.2652230253095489,1.9999999999999998e-05,0.37464499999999995
repaired/recency,cea-11,joint,shuffle,0.5,0.0,3.4789982477094417,0.95245,0.38625940550147086,0.001,0.951
repaired/reference,cea-11,joint,shuffle,0.5,0.0,0.49137842428211914,0.28131313625,0.6384029638356644,1.9999999999999998e-05,0.6868324999999998
repaired/transition1,cea-11,joint,shuffle,0.5,0.0,5.410379382462122,0.9990009799999998,0.011582902361780037,1.9999999999999998e-05,0.9990199999999998
repaired/transition2,cea-11,joint,shuffle,0.5,0.0,0.49137842428211914,0.28131313625,0.6384029638356644,1.9999999999999998e-05,0.6868324999999998
repaired/transition3,cea-11,joint,shuffle,0.5,0.0,0.49137842428211914,0.28131313625,0.6384029638356644,1.9999999999999998e-05,0.6868324999999998
streaming/absolute,cea-11,joint,shuffle,0.5,0.0,0.49137842428211914,0.28131313625,0.6384029638356644,1.9999999999999998e-05,0.6868324999999998
streaming/present,cea-11,joint,shuffle,0.5,0.0,0.9817763680502767,0.5626252924999999,1.2652230253095489,1.9999999999999998e-05,0.37464499999999995
streaming/recency,cea-11,joint,shuffle,0.5,0.0,3.4789982477094417,0.95245,0.38625940550147086,0.001,0.951
streaming/reference,cea-11,joint,shuffle,0.5,0.0,0.49137842428211914,0.28131313625,0.6384029638356644,1.9999999999999998e-05,0.6868324999999998
streaming/transition1,cea-11,joint,shuffle,0.5,0.0,0.49137842428211914,0.28131313625,0.6384029638356644,1.9999999999999998e-05,0.6868324999999998
streaming/transition2,cea-11,joint,shuffle,0.5,0.0,0.49137842428211914,0.28131313625,0.6384029638356644,1.9999999999999998e-05,0.6868324999999998
streaming/transition3,cea-11,joint,shuffle,0.5,0.0,0.49137842428211914,0.28131313625,0.6384029638356644,1.9999999999999998e-05,0.6868324999999998
fixed/absolute,cea-11,joint,shuffle,0.5,0.0,0.9817763680502767,0.5626252924999999,1.2652230253095489,1.9999999999999998e-05,0.37464499999999995
fixed/present,cea-11,joint,shuffle,0.5,0.0,0.9817763680502767,0.5626252924999999,1.2652230253095489,1.9999999999999998e-05,0.37464499999999995
fixed/recency,cea-11,joint,shuffle,0.0,0.0,6.907755278982137,1.90245,0.38625940550147086,0.001,0.951
fixed/reference,cea-11,joint,shuffle,0.5,0.0,0.9817763680502767,0.5626252924999999,1.2652230253095489,1.9999999999999998e-05,0.37464499999999995
fixed/transition1,cea-11,joint,shuffle,0.5,0.0,0.9817763680502767,0.5626252924999999,1.2652230253095489,1.9999999999999998e-05,0.37464499999999995
fixed/transition2,cea-11,joint,shuffle,0.5,0.0,0.9817763680502767,0.5626252924999999,1.2652230253095489,1.9999999999999998e-05,0.37464499999999995
fixed/transition3,cea-11,joint,shuffle,0.5,0.0,0.9817763680502767,0.5626252924999999,1.2652230253095489,1.9999999999999998e-05,0.37464499999999995
oracle-boundary/absolute,cea-11,joint,shuffle,1.0,1.0,0.0009804805139615315,9.800000000392828e-07,0.011582902361779928,1.9999999999999998e-05,0.9990199999999999
oracle-boundary/present,cea-11,joint,shuffle,0.5,0.0,0.9817763680502767,0.5626252924999999,1.2652230253095489,1.9999999999999998e-05,0.37464499999999995
oracle-boundary/recency,cea-11,joint,shuffle,1.0,1.0,0.05024121643674679,0.0024500000000000632,0.38625940550147086,0.001,0.951
oracle-boundary/reference,cea-11,joint,shuffle,1.0,1.0,0.0009804805139615315,9.800000000392828e-07,0.011582902361779928,1.9999999999999998e-05,0.9990199999999999
oracle-boundary/transition1,cea-11,joint,shuffle,0.5,0.0,0.69410764165507,0.50000048,0.7038282854721148,1.9999999999999998e-05,0.4995199999999999
oracle-boundary/transition2,cea-11,joint,shuffle,1.0,1.0,0.0009804805139615315,9.800000000392828e-07,0.011582902361779928,1.9999999999999998e-05,0.9990199999999999
oracle-boundary/transition3,cea-11,joint,shuffle,1.0,1.0,0.0009804805139615315,9.800000000392828e-07,0.011582902361779928,1.9999999999999998e-05,0.9990199999999999
map/absolute,cea-11,joint,ambiguous,0.5,0.0,5.410379382462122,0.9990009799999997,0.011582902361780037,1.9999999999999998e-05,0.9990199999999998
map/present,cea-11,joint,ambiguous,0.5,0.0,0.9817763680502767,0.5626252924999999,1.2652230253095489,1.9999999999999998e-05,0.37464499999999995
map/recency,cea-11,joint,ambiguous,0.5,0.0,3.4789982477094417,0.95245,0.38625940550147086,0.001,0.951
map/reference,cea-11,joint,ambiguous,0.5,0.0,5.410379382462122,0.9990009799999997,0.011582902361780037,1.9999999999999998e-05,0.9990199999999998
map/transition1,cea-11,joint,ambiguous,0.5,0.0,5.410379382462122,0.9990009799999997,0.011582902361780037,1.9999999999999998e-05,0.9990199999999998
map/transition2,cea-11,joint,ambiguous,0.5,0.0,5.410379382462122,0.9990009799999997,0.011582902361780037,1.9999999999999998e-05,0.9990199999999998
map/transition3,cea-11,joint,ambiguous,0.5,0.0,5.410379382462122,0.9990009799999997,0.011582902361780037,1.9999999999999998e-05,0.9990199999999998
mixture/absolute,cea-11,joint,ambiguous,0.0,0.0,+Infinity,2.0,0.0,1.0,1.0
mixture/present,cea-11,joint,ambiguous,0.0,0.0,+Infinity,2.0,0.0,1.0,1.0
mixture/recency,cea-11,joint,ambiguous,0.0,0.0,+Infinity,2.0,0.0,1.0,1.0
mixture/reference,cea-11,joint,ambiguous,0.0,0.0,+Infinity,2.0,0.0,1.0,1.0
mixture/transition1,cea-11,joint,ambiguous,0.0,0.0,+Infinity,2.0,0.0,1.0,1.0
mixture/transition2,cea-11,joint,ambiguous,0.0,0.0,+Infinity,2.0,0.0,1.0,1.0
mixture/transition3,cea-11,joint,ambiguous,0.0,0.0,+Infinity,2.0,0.0,1.0,1.0
repaired/absolute,cea-11,joint,ambiguous,0.5,0.0,5.410379382462122,0.9990009799999997,0.011582902361780037,1.9999999999999998e-05,0.9990199999999998
repaired/present,cea-11,joint,ambiguous,0.5,0.0,0.9817763680502767,0.5626252924999999,1.2652230253095489,1.9999999999999998e-05,0.37464499999999995
repaired/recency,cea-11,joint,ambiguous,0.5,0.0,3.4789982477094417,0.95245,0.38625940550147086,0.001,0.951
repaired/reference,cea-11,joint,ambiguous,0.5,0.0,5.410379382462122,0.9990009799999997,0.011582902361780037,1.9999999999999998e-05,0.9990199999999998
repaired/transition1,cea-11,joint,ambiguous,0.5,0.0,5.410379382462122,0.9990009799999997,0.011582902361780037,1.9999999999999998e-05,0.9990199999999998
repaired/transition2,cea-11,joint,ambiguous,0.5,0.0,5.410379382462122,0.9990009799999997,0.011582902361780037,1.9999999999999998e-05,0.9990199999999998
repaired/transition3,cea-11,joint,ambiguous,0.5,0.0,5.410379382462122,0.9990009799999997,0.011582902361780037,1.9999999999999998e-05,0.9990199999999998
streaming/absolute,cea-11,joint,ambiguous,0.5,0.0,5.410379382462122,0.9990009799999997,0.011582902361780037,1.9999999999999998e-05,0.9990199999999998
streaming/present,cea-11,joint,ambiguous,0.5,0.0,0.9817763680502767,0.5626252924999999,1.2652230253095489,1.9999999999999998e-05,0.37464499999999995
streaming/recency,cea-11,joint,ambiguous,0.5,0.0,3.4789982477094417,0.95245,0.38625940550147086,0.001,0.951
streaming/reference,cea-11,joint,ambiguous,0.5,0.0,5.410379382462122,0.9990009799999997,0.011582902361780037,1.9999999999999998e-05,0.9990199999999998
streaming/transition1,cea-11,joint,ambiguous,0.5,0.0,5.410379382462122,0.9990009799999997,0.011582902361780037,1.9999999999999998e-05,0.9990199999999998
streaming/transition2,cea-11,joint,ambiguous,0.5,0.0,5.410379382462122,0.9990009799999997,0.011582902361780037,1.9999999999999998e-05,0.9990199999999998
streaming/transition3,cea-11,joint,ambiguous,0.5,0.0,5.410379382462122,0.9990009799999997,0.011582902361780037,1.9999999999999998e-05,0.9990199999999998
fixed/absolute,cea-11,joint,ambiguous,0.5,0.0,0.9817763680502767,0.5626252924999999,1.2652230253095489,1.9999999999999998e-05,0.37464499999999995
fixed/present,cea-11,joint,ambiguous,0.5,0.0,0.9817763680502767,0.5626252924999999,1.2652230253095489,1.9999999999999998e-05,0.37464499999999995
fixed/recency,cea-11,joint,ambiguous,0.0,0.0,6.907755278982137,1.90245,0.38625940550147086,0.001,0.951
fixed/reference,cea-11,joint,ambiguous,0.5,0.0,0.9817763680502767,0.5626252924999999,1.2652230253095489,1.9999999999999998e-05,0.37464499999999995
fixed/transition1,cea-11,joint,ambiguous,0.5,0.0,0.9817763680502767,0.5626252924999999,1.2652230253095489,1.9999999999999998e-05,0.37464499999999995
fixed/transition2,cea-11,joint,ambiguous,0.5,0.0,0.9817763680502767,0.5626252924999999,1.2652230253095489,1.9999999999999998e-05,0.37464499999999995
fixed/transition3,cea-11,joint,ambiguous,0.5,0.0,0.9817763680502767,0.5626252924999999,1.2652230253095489,1.9999999999999998e-05,0.37464499999999995
oracle-boundary/absolute,cea-11,joint,ambiguous,0.5,0.0,0.69410764165507,0.50000048,0.7038282854721148,1.9999999999999998e-05,0.4995199999999999
oracle-boundary/present,cea-11,joint,ambiguous,0.5,0.0,0.9817763680502767,0.5626252924999999,1.2652230253095489,1.9999999999999998e-05,0.37464499999999995
oracle-boundary/recency,cea-11,joint,ambiguous,0.5,0.0,3.4789982477094417,0.95245,0.38625940550147086,0.001,0.951
oracle-boundary/reference,cea-11,joint,ambiguous,0.5,0.0,0.69410764165507,0.50000048,0.7038282854721148,1.9999999999999998e-05,0.4995199999999999
oracle-boundary/transition1,cea-11,joint,ambiguous,0.5,0.0,0.69410764165507,0.50000048,0.7038282854721148,1.9999999999999998e-05,0.4995199999999999
oracle-boundary/transition2,cea-11,joint,ambiguous,0.5,0.0,0.69410764165507,0.50000048,0.7038282854721148,1.9999999999999998e-05,0.4995199999999999
oracle-boundary/transition3,cea-11,joint,ambiguous,0.5,0.0,0.69410764165507,0.50000048,0.7038282854721148,1.9999999999999998e-05,0.4995199999999999
map/absolute,cea-12,detached,intact,1.0,1.0,0.49137842428211903,0.28131313625,0.6384029638356643,1.9999999999999998e-05,0.6868325
map/present,cea-12,detached,intact,0.5,0.0,0.9817763680502767,0.5626252924999999,1.2652230253095489,1.9999999999999998e-05,0.37464499999999995
map/recency,cea-12,detached,intact,0.5,0.0,3.4789982477094417,0.95245,0.38625940550147086,0.001,0.951
map/reference,cea-12,detached,intact,1.0,1.0,0.49137842428211903,0.28131313625,0.6384029638356643,1.9999999999999998e-05,0.6868325
map/transition1,cea-12,detached,intact,0.5,0.0,5.410379382462122,0.99900098,0.011582902361779817,2e-05,0.99902
map/transition2,cea-12,detached,intact,1.0,1.0,0.49137842428211903,0.28131313625,0.6384029638356643,1.9999999999999998e-05,0.6868325
map/transition3,cea-12,detached,intact,1.0,1.0,0.49137842428211903,0.28131313625,0.6384029638356643,1.9999999999999998e-05,0.6868325
mixture/absolute,cea-12,detached,intact,0.0,0.0,+Infinity,2.0,0.0,1.0,1.0
mixture/present,cea-12,detached,intact,0.0,0.0,+Infinity,2.0,0.0,1.0,1.0
mixture/recency,cea-12,detached,intact,0.0,0.0,+Infinity,2.0,0.0,1.0,1.0
mixture/reference,cea-12,detached,intact,0.0,0.0,+Infinity,2.0,0.0,1.0,1.0
mixture/transition1,cea-12,detached,intact,0.0,0.0,+Infinity,2.0,0.0,1.0,1.0
mixture/transition2,cea-12,detached,intact,0.0,0.0,+Infinity,2.0,0.0,1.0,1.0
mixture/transition3,cea-12,detached,intact,0.0,0.0,+Infinity,2.0,0.0,1.0,1.0
repaired/absolute,cea-12,detached,intact,1.0,1.0,0.0009804805139615315,9.800000000392828e-07,0.011582902361779928,1.9999999999999998e-05,0.9990199999999999
repaired/present,cea-12,detached,intact,0.5,0.0,0.9817763680502767,0.5626252924999999,1.2652230253095489,1.9999999999999998e-05,0.37464499999999995
repaired/recency,cea-12,detached,intact,1.0,1.0,0.05024121643674679,0.0024500000000000632,0.38625940550147086,0.001,0.951
repaired/reference,cea-12,detached,intact,1.0,1.0,0.0009804805139615315,9.800000000392828e-07,0.011582902361779928,1.9999999999999998e-05,0.9990199999999999
repaired/transition1,cea-12,detached,intact,1.0,1.0,0.36502458001578164,0.18877270711612293,0.6198289385361377,1.9999999999999998e-05,0.6956570372024649
repaired/transition2,cea-12,detached,intact,1.0,1.0,0.0009804805139615315,9.800000000392828e-07,0.011582902361779928,1.9999999999999998e-05,0.9990199999999999
repaired/transition3,cea-12,detached,intact,1.0,1.0,0.0009804805139615315,9.800000000392828e-07,0.011582902361779928,1.9999999999999998e-05,0.9990199999999999
streaming/absolute,cea-12,detached,intact,1.0,1.0,0.49137842428211903,0.28131313625,0.6384029638356643,1.9999999999999998e-05,0.6868325
streaming/present,cea-12,detached,intact,0.5,0.0,0.9817763680502767,0.5626252924999999,1.2652230253095489,1.9999999999999998e-05,0.37464499999999995
streaming/recency,cea-12,detached,intact,1.0,1.0,0.05024121643674679,0.0024500000000000632,0.38625940550147086,0.001,0.951
streaming/reference,cea-12,detached,intact,1.0,1.0,0.0009804805139615315,9.800000000392828e-07,0.011582902361779928,1.9999999999999998e-05,0.9990199999999999
streaming/transition1,cea-12,detached,intact,0.5,0.0,5.410379382462122,0.99900098,0.011582902361779817,2e-05,0.99902
streaming/transition2,cea-12,detached,intact,1.0,1.0,0.49137842428211903,0.28131313625,0.6384029638356643,1.9999999999999998e-05,0.6868325
streaming/transition3,cea-12,detached,intact,1.0,1.0,0.49137842428211903,0.28131313625,0.6384029638356643,1.9999999999999998e-05,0.6868325
fixed/absolute,cea-12,detached,intact,0.5,0.0,0.9817763680502767,0.5626252924999999,1.2652230253095489,1.9999999999999998e-05,0.37464499999999995
fixed/present,cea-12,detached,intact,0.5,0.0,0.9817763680502767,0.5626252924999999,1.2652230253095489,1.9999999999999998e-05,0.37464499999999995
fixed/recency,cea-12,detached,intact,0.5,0.0,1.0293194621721604,0.5694812499999999,1.5615080942797084,0.001,0.35724999999999996
fixed/reference,cea-12,detached,intact,0.5,0.0,0.9817763680502767,0.5626252924999999,1.2652230253095489,1.9999999999999998e-05,0.37464499999999995
fixed/transition1,cea-12,detached,intact,0.5,0.0,0.9817763680502767,0.5626252924999999,1.2652230253095489,1.9999999999999998e-05,0.37464499999999995
fixed/transition2,cea-12,detached,intact,0.5,0.0,0.9817763680502767,0.5626252924999999,1.2652230253095489,1.9999999999999998e-05,0.37464499999999995
fixed/transition3,cea-12,detached,intact,0.5,0.0,0.9817763680502767,0.5626252924999999,1.2652230253095489,1.9999999999999998e-05,0.37464499999999995
oracle-boundary/absolute,cea-12,detached,intact,1.0,1.0,0.0009804805139615315,9.800000000392828e-07,0.011582902361779928,1.9999999999999998e-05,0.9990199999999999
oracle-boundary/present,cea-12,detached,intact,0.5,0.0,0.9817763680502767,0.5626252924999999,1.2652230253095489,1.9999999999999998e-05,0.37464499999999995
oracle-boundary/recency,cea-12,detached,intact,1.0,1.0,0.05024121643674679,0.0024500000000000632,0.38625940550147086,0.001,0.951
oracle-boundary/reference,cea-12,detached,intact,1.0,1.0,0.0009804805139615315,9.800000000392828e-07,0.011582902361779928,1.9999999999999998e-05,0.9990199999999999
oracle-boundary/transition1,cea-12,detached,intact,0.5,0.0,0.69410764165507,0.50000048,0.7038282854721148,1.9999999999999998e-05,0.4995199999999999
oracle-boundary/transition2,cea-12,detached,intact,1.0,1.0,0.0009804805139615315,9.800000000392828e-07,0.011582902361779928,1.9999999999999998e-05,0.9990199999999999
oracle-boundary/transition3,cea-12,detached,intact,1.0,1.0,0.0009804805139615315,9.800000000392828e-07,0.011582902361779928,1.9999999999999998e-05,0.9990199999999999
map/absolute,cea-12,legato,intact,1.0,1.0,0.49137842428211903,0.28131313625,0.6384029638356643,1.9999999999999998e-05,0.6868325
map/present,cea-12,legato,intact,0.5,0.0,0.9817763680502767,0.5626252924999999,1.2652230253095489,1.9999999999999998e-05,0.37464499999999995
map/recency,cea-12,legato,intact,0.5,0.0,3.4789982477094417,0.95245,0.38625940550147086,0.001,0.951
map/reference,cea-12,legato,intact,1.0,1.0,0.49137842428211903,0.28131313625,0.6384029638356643,1.9999999999999998e-05,0.6868325
map/transition1,cea-12,legato,intact,0.5,0.0,5.410379382462122,0.99900098,0.011582902361779817,2e-05,0.99902
map/transition2,cea-12,legato,intact,1.0,1.0,0.49137842428211903,0.28131313625,0.6384029638356643,1.9999999999999998e-05,0.6868325
map/transition3,cea-12,legato,intact,1.0,1.0,0.49137842428211903,0.28131313625,0.6384029638356643,1.9999999999999998e-05,0.6868325
mixture/absolute,cea-12,legato,intact,0.0,0.0,1.889189668067383,1.4179216790703986,0.5092581574190995,0.835086537934733,0.835086537934733
mixture/present,cea-12,legato,intact,0.0,0.0,2.7840908287471686,1.5822823776810535,0.6563459261811248,0.835086537934733,0.835086537934733
mixture/recency,cea-12,legato,intact,0.0,0.0,1.8525556771336391,1.4085665950916844,0.509862781715397,0.8352481563599254,0.8352481563599254
mixture/reference,cea-12,legato,intact,0.0,0.0,1.889189668067383,1.4179216790703986,0.5092581574190995,0.835086537934733,0.835086537934733
mixture/transition1,cea-12,legato,intact,0.0,0.0,2.397224332784507,1.5291055086417011,0.5627958677674965,0.835086537934733,0.835086537934733
mixture/transition2,cea-12,legato,intact,0.0,0.0,1.8032949412108537,1.395003504207207,0.4495996583965254,0.835086537934733,0.835086537934733
mixture/transition3,cea-12,legato,intact,0.0,0.0,1.889189668067383,1.4179216790703986,0.5092581574190995,0.835086537934733,0.835086537934733
repaired/absolute,cea-12,legato,intact,1.0,1.0,0.0009804805139615315,9.800000000392828e-07,0.011582902361779928,1.9999999999999998e-05,0.9990199999999999
repaired/present,cea-12,legato,intact,0.5,0.0,0.9817763680502767,0.5626252924999999,1.2652230253095489,1.9999999999999998e-05,0.37464499999999995
repaired/recency,cea-12,legato,intact,1.0,1.0,0.05024121643674679,0.0024500000000000632,0.38625940550147086,0.001,0.951
repaired/reference,cea-12,legato,intact,1.0,1.0,0.0009804805139615315,9.800000000392828e-07,0.011582902361779928,1.9999999999999998e-05,0.9990199999999999
repaired/transition1,cea-12,legato,intact,1.0,1.0,0.4753862554031849,0.2863967304112227,0.6710314790436985,1.9999999999999998e-05,0.6224799804612267
repaired/transition2,cea-12,legato,intact,1.0,1.0,0.0009804805139615315,9.800000000392828e-07,0.011582902361779928,1.9999999999999998e-05,0.9990199999999999
repaired/transition3,cea-12,legato,intact,1.0,1.0,0.0009804805139615315,9.800000000392828e-07,0.011582902361779928,1.9999999999999998e-05,0.9990199999999999
streaming/absolute,cea-12,legato,intact,0.5,0.0,0.9817763680502767,0.5626252924999999,1.2652230253095489,1.9999999999999998e-05,0.37464499999999995
streaming/present,cea-12,legato,intact,0.5,0.0,0.9817763680502767,0.5626252924999999,1.2652230253095489,1.9999999999999998e-05,0.37464499999999995
streaming/recency,cea-12,legato,intact,0.5,0.0,1.0293194621721604,0.5694812499999999,1.5615080942797084,0.001,0.35724999999999996
streaming/reference,cea-12,legato,intact,0.5,0.0,0.9817763680502767,0.5626252924999999,1.2652230253095489,1.9999999999999998e-05,0.37464499999999995
streaming/transition1,cea-12,legato,intact,0.5,0.0,0.9817763680502767,0.5626252924999999,1.2652230253095489,1.9999999999999998e-05,0.37464499999999995
streaming/transition2,cea-12,legato,intact,0.5,0.0,0.9817763680502767,0.5626252924999999,1.2652230253095489,1.9999999999999998e-05,0.37464499999999995
streaming/transition3,cea-12,legato,intact,0.5,0.0,0.9817763680502767,0.5626252924999999,1.2652230253095489,1.9999999999999998e-05,0.37464499999999995
fixed/absolute,cea-12,legato,intact,0.5,0.0,0.9817763680502767,0.5626252924999999,1.2652230253095489,1.9999999999999998e-05,0.37464499999999995
fixed/present,cea-12,legato,intact,0.5,0.0,0.9817763680502767,0.5626252924999999,1.2652230253095489,1.9999999999999998e-05,0.37464499999999995
fixed/recency,cea-12,legato,intact,0.5,0.0,1.0293194621721604,0.5694812499999999,1.5615080942797084,0.001,0.35724999999999996
fixed/reference,cea-12,legato,intact,0.5,0.0,0.9817763680502767,0.5626252924999999,1.2652230253095489,1.9999999999999998e-05,0.37464499999999995
fixed/transition1,cea-12,legato,intact,0.5,0.0,0.9817763680502767,0.5626252924999999,1.2652230253095489,1.9999999999999998e-05,0.37464499999999995
fixed/transition2,cea-12,legato,intact,0.5,0.0,0.9817763680502767,0.5626252924999999,1.2652230253095489,1.9999999999999998e-05,0.37464499999999995
fixed/transition3,cea-12,legato,intact,0.5,0.0,0.9817763680502767,0.5626252924999999,1.2652230253095489,1.9999999999999998e-05,0.37464499999999995
oracle-boundary/absolute,cea-12,legato,intact,1.0,1.0,0.0009804805139615315,9.800000000392828e-07,0.011582902361779928,1.9999999999999998e-05,0.9990199999999999
oracle-boundary/present,cea-12,legato,intact,0.5,0.0,0.9817763680502767,0.5626252924999999,1.2652230253095489,1.9999999999999998e-05,0.37464499999999995
oracle-boundary/recency,cea-12,legato,intact,1.0,1.0,0.05024121643674679,0.0024500000000000632,0.38625940550147086,0.001,0.951
oracle-boundary/reference,cea-12,legato,intact,1.0,1.0,0.0009804805139615315,9.800000000392828e-07,0.011582902361779928,1.9999999999999998e-05,0.9990199999999999
oracle-boundary/transition1,cea-12,legato,intact,0.5,0.0,0.69410764165507,0.50000048,0.7038282854721148,1.9999999999999998e-05,0.4995199999999999
oracle-boundary/transition2,cea-12,legato,intact,1.0,1.0,0.0009804805139615315,9.800000000392828e-07,0.011582902361779928,1.9999999999999998e-05,0.9990199999999999
oracle-boundary/transition3,cea-12,legato,intact,1.0,1.0,0.0009804805139615315,9.800000000392828e-07,0.011582902361779928,1.9999999999999998e-05,0.9990199999999999
map/absolute,cea-12,duration,intact,1.0,1.0,0.49137842428211903,0.28131313625,0.6384029638356643,1.9999999999999998e-05,0.6868325
map/present,cea-12,duration,intact,0.5,0.0,0.9817763680502767,0.5626252924999999,1.2652230253095489,1.9999999999999998e-05,0.37464499999999995
map/recency,cea-12,duration,intact,0.5,0.0,3.4789982477094417,0.95245,0.38625940550147086,0.001,0.951
map/reference,cea-12,duration,intact,1.0,1.0,0.49137842428211903,0.28131313625,0.6384029638356643,1.9999999999999998e-05,0.6868325
map/transition1,cea-12,duration,intact,0.5,0.0,5.410379382462122,0.99900098,0.011582902361779817,2e-05,0.99902
map/transition2,cea-12,duration,intact,1.0,1.0,0.49137842428211903,0.28131313625,0.6384029638356643,1.9999999999999998e-05,0.6868325
map/transition3,cea-12,duration,intact,1.0,1.0,0.49137842428211903,0.28131313625,0.6384029638356643,1.9999999999999998e-05,0.6868325
mixture/absolute,cea-12,duration,intact,0.0,0.0,1.2990255577671106,1.0425484656160804,0.6527937753332383,0.7167139804522806,0.7167139804522806
mixture/present,cea-12,duration,intact,0.0,0.0,2.243054589796354,1.3264438085241803,0.954390314126248,0.7167139804522806,0.7167139804522806
mixture/recency,cea-12,duration,intact,0.0,0.0,1.3115194381828237,1.0478419898641753,0.7029562504381203,0.7169916063039545,0.7169916063039545
mixture/reference,cea-12,duration,intact,0.0,0.0,1.2990255577671106,1.0425484656160804,0.6527937753332383,0.7167139804522806,0.7167139804522806
mixture/transition1,cea-12,duration,intact,0.0,0.0,1.8534159262930847,1.2406971274099186,0.7935465424394628,0.7167139804522806,0.7167139804522806
mixture/transition2,cea-12,duration,intact,0.0,0.0,1.2990255577671106,1.0425484656160804,0.6527937753332383,0.7167139804522806,0.7167139804522806
mixture/transition3,cea-12,duration,intact,0.0,0.0,1.2990255577671106,1.0425484656160804,0.6527937753332383,0.7167139804522806,0.7167139804522806
repaired/absolute,cea-12,duration,intact,1.0,1.0,0.0009804805139615315,9.800000000392828e-07,0.011582902361779928,1.9999999999999998e-05,0.9990199999999999
repaired/present,cea-12,duration,intact,0.5,0.0,0.9817763680502767,0.5626252924999999,1.2652230253095489,1.9999999999999998e-05,0.37464499999999995
repaired/recency,cea-12,duration,intact,1.0,1.0,0.05024121643674679,0.0024500000000000632,0.38625940550147086,0.001,0.951
repaired/reference,cea-12,duration,intact,1.0,1.0,0.0009804805139615315,9.800000000392828e-07,0.011582902361779928,1.9999999999999998e-05,0.9990199999999999
repaired/transition1,cea-12,duration,intact,1.0,1.0,0.6876976473859053,0.49359671158189866,0.703807291892981,2e-05,0.5027323708436313
repaired/transition2,cea-12,duration,intact,1.0,1.0,0.0009804805139615315,9.800000000392828e-07,0.011582902361779928,1.9999999999999998e-05,0.9990199999999999
repaired/transition3,cea-12,duration,intact,1.0,1.0,0.0009804805139615315,9.800000000392828e-07,0.011582902361779928,1.9999999999999998e-05,0.9990199999999999
streaming/absolute,cea-12,duration,intact,0.5,0.0,0.9817763680502767,0.5626252924999999,1.2652230253095489,1.9999999999999998e-05,0.37464499999999995
streaming/present,cea-12,duration,intact,0.5,0.0,0.9817763680502767,0.5626252924999999,1.2652230253095489,1.9999999999999998e-05,0.37464499999999995
streaming/recency,cea-12,duration,intact,0.5,0.0,0.5397803393044536,0.285965625,0.9738837498905897,0.001,0.654125
streaming/reference,cea-12,duration,intact,0.5,0.0,0.9817763680502767,0.5626252924999999,1.2652230253095489,1.9999999999999998e-05,0.37464499999999995
streaming/transition1,cea-12,duration,intact,0.5,0.0,0.9817763680502767,0.5626252924999999,1.2652230253095489,1.9999999999999998e-05,0.37464499999999995
streaming/transition2,cea-12,duration,intact,0.5,0.0,0.9817763680502767,0.5626252924999999,1.2652230253095489,1.9999999999999998e-05,0.37464499999999995
streaming/transition3,cea-12,duration,intact,0.5,0.0,0.9817763680502767,0.5626252924999999,1.2652230253095489,1.9999999999999998e-05,0.37464499999999995
fixed/absolute,cea-12,duration,intact,0.5,0.0,0.9817763680502767,0.5626252924999999,1.2652230253095489,1.9999999999999998e-05,0.37464499999999995
fixed/present,cea-12,duration,intact,0.5,0.0,0.9817763680502767,0.5626252924999999,1.2652230253095489,1.9999999999999998e-05,0.37464499999999995
fixed/recency,cea-12,duration,intact,0.5,0.0,1.0293194621721604,0.5694812499999999,1.5615080942797084,0.001,0.35724999999999996
fixed/reference,cea-12,duration,intact,0.5,0.0,0.9817763680502767,0.5626252924999999,1.2652230253095489,1.9999999999999998e-05,0.37464499999999995
fixed/transition1,cea-12,duration,intact,0.5,0.0,0.9817763680502767,0.5626252924999999,1.2652230253095489,1.9999999999999998e-05,0.37464499999999995
fixed/transition2,cea-12,duration,intact,0.5,0.0,0.9817763680502767,0.5626252924999999,1.2652230253095489,1.9999999999999998e-05,0.37464499999999995
fixed/transition3,cea-12,duration,intact,0.5,0.0,0.9817763680502767,0.5626252924999999,1.2652230253095489,1.9999999999999998e-05,0.37464499999999995
oracle-boundary/absolute,cea-12,duration,intact,1.0,1.0,0.0009804805139615315,9.800000000392828e-07,0.011582902361779928,1.9999999999999998e-05,0.9990199999999999
oracle-boundary/present,cea-12,duration,intact,0.5,0.0,0.9817763680502767,0.5626252924999999,1.2652230253095489,1.9999999999999998e-05,0.37464499999999995
oracle-boundary/recency,cea-12,duration,intact,1.0,1.0,0.05024121643674679,0.0024500000000000632,0.38625940550147086,0.001,0.951
oracle-boundary/reference,cea-12,duration,intact,1.0,1.0,0.0009804805139615315,9.800000000392828e-07,0.011582902361779928,1.9999999999999998e-05,0.9990199999999999
oracle-boundary/transition1,cea-12,duration,intact,0.5,0.0,0.69410764165507,0.50000048,0.7038282854721148,1.9999999999999998e-05,0.4995199999999999
oracle-boundary/transition2,cea-12,duration,intact,1.0,1.0,0.0009804805139615315,9.800000000392828e-07,0.011582902361779928,1.9999999999999998e-05,0.9990199999999999
oracle-boundary/transition3,cea-12,duration,intact,1.0,1.0,0.0009804805139615315,9.800000000392828e-07,0.011582902361779928,1.9999999999999998e-05,0.9990199999999999
map/absolute,cea-12,joint,intact,1.0,1.0,0.49137842428211903,0.28131313625,0.6384029638356643,1.9999999999999998e-05,0.6868325
map/present,cea-12,joint,intact,0.5,0.0,0.9817763680502767,0.5626252924999999,1.2652230253095489,1.9999999999999998e-05,0.37464499999999995
map/recency,cea-12,joint,intact,0.5,0.0,3.4789982477094417,0.95245,0.38625940550147086,0.001,0.951
map/reference,cea-12,joint,intact,1.0,1.0,0.49137842428211903,0.28131313625,0.6384029638356643,1.9999999999999998e-05,0.6868325
map/transition1,cea-12,joint,intact,0.5,0.0,5.410379382462122,0.99900098,0.011582902361779817,2e-05,0.99902
map/transition2,cea-12,joint,intact,1.0,1.0,0.49137842428211903,0.28131313625,0.6384029638356643,1.9999999999999998e-05,0.6868325
map/transition3,cea-12,joint,intact,1.0,1.0,0.49137842428211903,0.28131313625,0.6384029638356643,1.9999999999999998e-05,0.6868325
mixture/absolute,cea-12,joint,intact,0.0,0.0,1.1319277638450496,0.9178336076701432,0.6325652697470866,0.6772790572530145,0.6772790572530145
mixture/present,cea-12,joint,intact,0.0,0.0,2.1127236513813648,1.2493774148609642,1.0371492837705178,0.6772790572530145,0.6772790572530145
mixture/recency,cea-12,joint,intact,0.0,0.0,1.1811884997678348,0.939508973968265,0.7507733653650904,0.6775953301023636,0.6775953301023636
mixture/reference,cea-12,joint,intact,0.0,0.0,1.1319277638450496,0.9178336076701432,0.6325652697470866,0.6772790572530145,0.6772790572530145
mixture/transition1,cea-12,joint,intact,0.0,0.0,1.7230849878780958,1.1541566777205254,0.853915202128884,0.6772790572530145,0.6772790572530145
mixture/transition2,cea-12,joint,intact,0.0,0.0,1.1319277638450496,0.9178336076701432,0.6325652697470866,0.6772790572530145,0.6772790572530145
mixture/transition3,cea-12,joint,intact,0.0,0.0,1.1319277638450496,0.9178336076701432,0.6325652697470866,0.6772790572530145,0.6772790572530145
repaired/absolute,cea-12,joint,intact,1.0,1.0,0.0009804805139615315,9.800000000392828e-07,0.011582902361779928,1.9999999999999998e-05,0.9990199999999999
repaired/present,cea-12,joint,intact,0.5,0.0,0.9817763680502767,0.5626252924999999,1.2652230253095489,1.9999999999999998e-05,0.37464499999999995
repaired/recency,cea-12,joint,intact,1.0,1.0,0.05024121643674679,0.0024500000000000632,0.38625940550147086,0.001,0.951
repaired/reference,cea-12,joint,intact,1.0,1.0,0.0009804805139615315,9.800000000392828e-07,0.011582902361779928,1.9999999999999998e-05,0.9990199999999999
repaired/transition1,cea-12,joint,intact,1.0,1.0,0.6876976473859054,0.49359671158189855,0.703807291892981,1.9999999999999998e-05,0.5027323708436313
repaired/transition2,cea-12,joint,intact,1.0,1.0,0.0009804805139615315,9.800000000392828e-07,0.011582902361779928,1.9999999999999998e-05,0.9990199999999999
repaired/transition3,cea-12,joint,intact,1.0,1.0,0.0009804805139615315,9.800000000392828e-07,0.011582902361779928,1.9999999999999998e-05,0.9990199999999999
streaming/absolute,cea-12,joint,intact,0.5,0.0,0.9817763680502767,0.5626252924999999,1.2652230253095489,1.9999999999999998e-05,0.37464499999999995
streaming/present,cea-12,joint,intact,0.5,0.0,0.9817763680502767,0.5626252924999999,1.2652230253095489,1.9999999999999998e-05,0.37464499999999995
streaming/recency,cea-12,joint,intact,0.5,0.0,0.5397803393044536,0.285965625,0.9738837498905897,0.001,0.654125
streaming/reference,cea-12,joint,intact,0.5,0.0,0.9817763680502767,0.5626252924999999,1.2652230253095489,1.9999999999999998e-05,0.37464499999999995
streaming/transition1,cea-12,joint,intact,0.5,0.0,0.9817763680502767,0.5626252924999999,1.2652230253095489,1.9999999999999998e-05,0.37464499999999995
streaming/transition2,cea-12,joint,intact,0.5,0.0,0.9817763680502767,0.5626252924999999,1.2652230253095489,1.9999999999999998e-05,0.37464499999999995
streaming/transition3,cea-12,joint,intact,0.5,0.0,0.9817763680502767,0.5626252924999999,1.2652230253095489,1.9999999999999998e-05,0.37464499999999995
fixed/absolute,cea-12,joint,intact,0.5,0.0,0.9817763680502767,0.5626252924999999,1.2652230253095489,1.9999999999999998e-05,0.37464499999999995
fixed/present,cea-12,joint,intact,0.5,0.0,0.9817763680502767,0.5626252924999999,1.2652230253095489,1.9999999999999998e-05,0.37464499999999995
fixed/recency,cea-12,joint,intact,0.5,0.0,1.0293194621721604,0.5694812499999999,1.5615080942797084,0.001,0.35724999999999996
fixed/reference,cea-12,joint,intact,0.5,0.0,0.9817763680502767,0.5626252924999999,1.2652230253095489,1.9999999999999998e-05,0.37464499999999995
fixed/transition1,cea-12,joint,intact,0.5,0.0,0.9817763680502767,0.5626252924999999,1.2652230253095489,1.9999999999999998e-05,0.37464499999999995
fixed/transition2,cea-12,joint,intact,0.5,0.0,0.9817763680502767,0.5626252924999999,1.2652230253095489,1.9999999999999998e-05,0.37464499999999995
fixed/transition3,cea-12,joint,intact,0.5,0.0,0.9817763680502767,0.5626252924999999,1.2652230253095489,1.9999999999999998e-05,0.37464499999999995
oracle-boundary/absolute,cea-12,joint,intact,1.0,1.0,0.0009804805139615315,9.800000000392828e-07,0.011582902361779928,1.9999999999999998e-05,0.9990199999999999
oracle-boundary/present,cea-12,joint,intact,0.5,0.0,0.9817763680502767,0.5626252924999999,1.2652230253095489,1.9999999999999998e-05,0.37464499999999995
oracle-boundary/recency,cea-12,joint,intact,1.0,1.0,0.05024121643674679,0.0024500000000000632,0.38625940550147086,0.001,0.951
oracle-boundary/reference,cea-12,joint,intact,1.0,1.0,0.0009804805139615315,9.800000000392828e-07,0.011582902361779928,1.9999999999999998e-05,0.9990199999999999
oracle-boundary/transition1,cea-12,joint,intact,0.5,0.0,0.69410764165507,0.50000048,0.7038282854721148,1.9999999999999998e-05,0.4995199999999999
oracle-boundary/transition2,cea-12,joint,intact,1.0,1.0,0.0009804805139615315,9.800000000392828e-07,0.011582902361779928,1.9999999999999998e-05,0.9990199999999999
oracle-boundary/transition3,cea-12,joint,intact,1.0,1.0,0.0009804805139615315,9.800000000392828e-07,0.011582902361779928,1.9999999999999998e-05,0.9990199999999999
map/absolute,cea-12,joint,reset,0.5,0.0,0.9817763680502767,0.5626252924999999,1.2652230253095489,1.9999999999999998e-05,0.37464499999999995
map/present,cea-12,joint,reset,0.5,0.0,0.9817763680502767,0.5626252924999999,1.2652230253095489,1.9999999999999998e-05,0.37464499999999995
map/recency,cea-12,joint,reset,0.5,0.0,1.0293194621721604,0.5694812499999999,1.5615080942797084,0.001,0.35724999999999996
map/reference,cea-12,joint,reset,0.5,0.0,0.9817763680502767,0.5626252924999999,1.2652230253095489,1.9999999999999998e-05,0.37464499999999995
map/transition1,cea-12,joint,reset,0.5,0.0,0.9817763680502767,0.5626252924999999,1.2652230253095489,1.9999999999999998e-05,0.37464499999999995
map/transition2,cea-12,joint,reset,0.5,0.0,0.9817763680502767,0.5626252924999999,1.2652230253095489,1.9999999999999998e-05,0.37464499999999995
map/transition3,cea-12,joint,reset,0.5,0.0,0.9817763680502767,0.5626252924999999,1.2652230253095489,1.9999999999999998e-05,0.37464499999999995
mixture/absolute,cea-12,joint,reset,0.5,0.0,0.9817763680502767,0.5626252924999999,1.2652230253095489,1.9999999999999998e-05,0.37464499999999995
mixture/present,cea-12,joint,reset,0.5,0.0,0.9817763680502767,0.5626252924999999,1.2652230253095489,1.9999999999999998e-05,0.37464499999999995
mixture/recency,cea-12,joint,reset,0.5,0.0,1.0293194621721604,0.5694812499999999,1.5615080942797084,0.001,0.35724999999999996
mixture/reference,cea-12,joint,reset,0.5,0.0,0.9817763680502767,0.5626252924999999,1.2652230253095489,1.9999999999999998e-05,0.37464499999999995
mixture/transition1,cea-12,joint,reset,0.5,0.0,0.9817763680502767,0.5626252924999999,1.2652230253095489,1.9999999999999998e-05,0.37464499999999995
mixture/transition2,cea-12,joint,reset,0.5,0.0,0.9817763680502767,0.5626252924999999,1.2652230253095489,1.9999999999999998e-05,0.37464499999999995
mixture/transition3,cea-12,joint,reset,0.5,0.0,0.9817763680502767,0.5626252924999999,1.2652230253095489,1.9999999999999998e-05,0.37464499999999995
repaired/absolute,cea-12,joint,reset,0.5,0.0,0.9817763680502767,0.5626252924999999,1.2652230253095489,1.9999999999999998e-05,0.37464499999999995
repaired/present,cea-12,joint,reset,0.5,0.0,0.9817763680502767,0.5626252924999999,1.2652230253095489,1.9999999999999998e-05,0.37464499999999995
repaired/recency,cea-12,joint,reset,0.5,0.0,1.0293194621721604,0.5694812499999999,1.5615080942797084,0.001,0.35724999999999996
repaired/reference,cea-12,joint,reset,0.5,0.0,0.9817763680502767,0.5626252924999999,1.2652230253095489,1.9999999999999998e-05,0.37464499999999995
repaired/transition1,cea-12,joint,reset,0.5,0.0,0.9817763680502767,0.5626252924999999,1.2652230253095489,1.9999999999999998e-05,0.37464499999999995
repaired/transition2,cea-12,joint,reset,0.5,0.0,0.9817763680502767,0.5626252924999999,1.2652230253095489,1.9999999999999998e-05,0.37464499999999995
repaired/transition3,cea-12,joint,reset,0.5,0.0,0.9817763680502767,0.5626252924999999,1.2652230253095489,1.9999999999999998e-05,0.37464499999999995
streaming/absolute,cea-12,joint,reset,0.5,0.0,0.9817763680502767,0.5626252924999999,1.2652230253095489,1.9999999999999998e-05,0.37464499999999995
streaming/present,cea-12,joint,reset,0.5,0.0,0.9817763680502767,0.5626252924999999,1.2652230253095489,1.9999999999999998e-05,0.37464499999999995
streaming/recency,cea-12,joint,reset,0.5,0.0,1.0293194621721604,0.5694812499999999,1.5615080942797084,0.001,0.35724999999999996
streaming/reference,cea-12,joint,reset,0.5,0.0,0.9817763680502767,0.5626252924999999,1.2652230253095489,1.9999999999999998e-05,0.37464499999999995
streaming/transition1,cea-12,joint,reset,0.5,0.0,0.9817763680502767,0.5626252924999999,1.2652230253095489,1.9999999999999998e-05,0.37464499999999995
streaming/transition2,cea-12,joint,reset,0.5,0.0,0.9817763680502767,0.5626252924999999,1.2652230253095489,1.9999999999999998e-05,0.37464499999999995
streaming/transition3,cea-12,joint,reset,0.5,0.0,0.9817763680502767,0.5626252924999999,1.2652230253095489,1.9999999999999998e-05,0.37464499999999995
fixed/absolute,cea-12,joint,reset,0.5,0.0,0.9817763680502767,0.5626252924999999,1.2652230253095489,1.9999999999999998e-05,0.37464499999999995
fixed/present,cea-12,joint,reset,0.5,0.0,0.9817763680502767,0.5626252924999999,1.2652230253095489,1.9999999999999998e-05,0.37464499999999995
fixed/recency,cea-12,joint,reset,0.5,0.0,1.0293194621721604,0.5694812499999999,1.5615080942797084,0.001,0.35724999999999996
fixed/reference,cea-12,joint,reset,0.5,0.0,0.9817763680502767,0.5626252924999999,1.2652230253095489,1.9999999999999998e-05,0.37464499999999995
fixed/transition1,cea-12,joint,reset,0.5,0.0,0.9817763680502767,0.5626252924999999,1.2652230253095489,1.9999999999999998e-05,0.37464499999999995
fixed/transition2,cea-12,joint,reset,0.5,0.0,0.9817763680502767,0.5626252924999999,1.2652230253095489,1.9999999999999998e-05,0.37464499999999995
fixed/transition3,cea-12,joint,reset,0.5,0.0,0.9817763680502767,0.5626252924999999,1.2652230253095489,1.9999999999999998e-05,0.37464499999999995
oracle-boundary/absolute,cea-12,joint,reset,0.5,0.0,0.9817763680502767,0.5626252924999999,1.2652230253095489,1.9999999999999998e-05,0.37464499999999995
oracle-boundary/present,cea-12,joint,reset,0.5,0.0,0.9817763680502767,0.5626252924999999,1.2652230253095489,1.9999999999999998e-05,0.37464499999999995
oracle-boundary/recency,cea-12,joint,reset,0.5,0.0,1.0293194621721604,0.5694812499999999,1.5615080942797084,0.001,0.35724999999999996
oracle-boundary/reference,cea-12,joint,reset,0.5,0.0,0.9817763680502767,0.5626252924999999,1.2652230253095489,1.9999999999999998e-05,0.37464499999999995
oracle-boundary/transition1,cea-12,joint,reset,0.5,0.0,0.9817763680502767,0.5626252924999999,1.2652230253095489,1.9999999999999998e-05,0.37464499999999995
oracle-boundary/transition2,cea-12,joint,reset,0.5,0.0,0.9817763680502767,0.5626252924999999,1.2652230253095489,1.9999999999999998e-05,0.37464499999999995
oracle-boundary/transition3,cea-12,joint,reset,0.5,0.0,0.9817763680502767,0.5626252924999999,1.2652230253095489,1.9999999999999998e-05,0.37464499999999995
map/absolute,cea-12,joint,removal,0.5,0.0,0.9817763680502767,0.5626252924999999,1.2652230253095489,1.9999999999999998e-05,0.37464499999999995
map/present,cea-12,joint,removal,0.5,0.0,0.9817763680502767,0.5626252924999999,1.2652230253095489,1.9999999999999998e-05,0.37464499999999995
map/recency,cea-12,joint,removal,0.5,0.0,1.0293194621721604,0.5694812499999999,1.5615080942797084,0.001,0.35724999999999996
map/reference,cea-12,joint,removal,0.5,0.0,0.9817763680502767,0.5626252924999999,1.2652230253095489,1.9999999999999998e-05,0.37464499999999995
map/transition1,cea-12,joint,removal,0.5,0.0,0.9817763680502767,0.5626252924999999,1.2652230253095489,1.9999999999999998e-05,0.37464499999999995
map/transition2,cea-12,joint,removal,0.5,0.0,0.9817763680502767,0.5626252924999999,1.2652230253095489,1.9999999999999998e-05,0.37464499999999995
map/transition3,cea-12,joint,removal,0.5,0.0,0.9817763680502767,0.5626252924999999,1.2652230253095489,1.9999999999999998e-05,0.37464499999999995
mixture/absolute,cea-12,joint,removal,0.5,0.0,1.1314679377873396,0.6054294519358492,1.492343727892196,0.1390437337137248,0.32255941157105295
mixture/present,cea-12,joint,removal,0.5,0.0,1.1314679377873396,0.6054294519358492,1.492343727892196,0.1390437337137248,0.32255941157105295
mixture/recency,cea-12,joint,removal,0.5,0.0,1.1790110319092233,0.6149105109243116,1.7423683200576734,0.13988748772976567,0.3075827777863275
mixture/reference,cea-12,joint,removal,0.5,0.0,1.1314679377873396,0.6054294519358492,1.492343727892196,0.1390437337137248,0.32255941157105295
mixture/transition1,cea-12,joint,removal,0.5,0.0,1.1314679377873396,0.6054294519358492,1.492343727892196,0.1390437337137248,0.32255941157105295
mixture/transition2,cea-12,joint,removal,0.5,0.0,1.1314679377873396,0.6054294519358492,1.492343727892196,0.1390437337137248,0.32255941157105295
mixture/transition3,cea-12,joint,removal,0.5,0.0,1.1314679377873396,0.6054294519358492,1.492343727892196,0.1390437337137248,0.32255941157105295
repaired/absolute,cea-12,joint,removal,0.5,0.0,0.9817763680502767,0.5626252924999999,1.2652230253095489,1.9999999999999998e-05,0.37464499999999995
repaired/present,cea-12,joint,removal,0.5,0.0,0.9817763680502767,0.5626252924999999,1.2652230253095489,1.9999999999999998e-05,0.37464499999999995
repaired/recency,cea-12,joint,removal,0.5,0.0,1.0293194621721604,0.5694812499999999,1.5615080942797084,0.001,0.35724999999999996
repaired/reference,cea-12,joint,removal,0.5,0.0,0.9817763680502767,0.5626252924999999,1.2652230253095489,1.9999999999999998e-05,0.37464499999999995
repaired/transition1,cea-12,joint,removal,0.5,0.0,0.9817763680502767,0.5626252924999999,1.2652230253095489,1.9999999999999998e-05,0.37464499999999995
repaired/transition2,cea-12,joint,removal,0.5,0.0,0.9817763680502767,0.5626252924999999,1.2652230253095489,1.9999999999999998e-05,0.37464499999999995
repaired/transition3,cea-12,joint,removal,0.5,0.0,0.9817763680502767,0.5626252924999999,1.2652230253095489,1.9999999999999998e-05,0.37464499999999995
streaming/absolute,cea-12,joint,removal,0.5,0.0,0.9817763680502767,0.5626252924999999,1.2652230253095489,1.9999999999999998e-05,0.37464499999999995
streaming/present,cea-12,joint,removal,0.5,0.0,0.9817763680502767,0.5626252924999999,1.2652230253095489,1.9999999999999998e-05,0.37464499999999995
streaming/recency,cea-12,joint,removal,0.5,0.0,1.0293194621721604,0.5694812499999999,1.5615080942797084,0.001,0.35724999999999996
streaming/reference,cea-12,joint,removal,0.5,0.0,0.9817763680502767,0.5626252924999999,1.2652230253095489,1.9999999999999998e-05,0.37464499999999995
streaming/transition1,cea-12,joint,removal,0.5,0.0,0.9817763680502767,0.5626252924999999,1.2652230253095489,1.9999999999999998e-05,0.37464499999999995
streaming/transition2,cea-12,joint,removal,0.5,0.0,0.9817763680502767,0.5626252924999999,1.2652230253095489,1.9999999999999998e-05,0.37464499999999995
streaming/transition3,cea-12,joint,removal,0.5,0.0,0.9817763680502767,0.5626252924999999,1.2652230253095489,1.9999999999999998e-05,0.37464499999999995
fixed/absolute,cea-12,joint,removal,0.5,0.0,0.9817763680502767,0.5626252924999999,1.2652230253095489,1.9999999999999998e-05,0.37464499999999995
fixed/present,cea-12,joint,removal,0.5,0.0,0.9817763680502767,0.5626252924999999,1.2652230253095489,1.9999999999999998e-05,0.37464499999999995
fixed/recency,cea-12,joint,removal,0.5,0.0,1.0293194621721604,0.5694812499999999,1.5615080942797084,0.001,0.35724999999999996
fixed/reference,cea-12,joint,removal,0.5,0.0,0.9817763680502767,0.5626252924999999,1.2652230253095489,1.9999999999999998e-05,0.37464499999999995
fixed/transition1,cea-12,joint,removal,0.5,0.0,0.9817763680502767,0.5626252924999999,1.2652230253095489,1.9999999999999998e-05,0.37464499999999995
fixed/transition2,cea-12,joint,removal,0.5,0.0,0.9817763680502767,0.5626252924999999,1.2652230253095489,1.9999999999999998e-05,0.37464499999999995
fixed/transition3,cea-12,joint,removal,0.5,0.0,0.9817763680502767,0.5626252924999999,1.2652230253095489,1.9999999999999998e-05,0.37464499999999995
oracle-boundary/absolute,cea-12,joint,removal,0.5,0.0,0.9817763680502767,0.5626252924999999,1.2652230253095489,1.9999999999999998e-05,0.37464499999999995
oracle-boundary/present,cea-12,joint,removal,0.5,0.0,0.9817763680502767,0.5626252924999999,1.2652230253095489,1.9999999999999998e-05,0.37464499999999995
oracle-boundary/recency,cea-12,joint,removal,0.5,0.0,1.0293194621721604,0.5694812499999999,1.5615080942797084,0.001,0.35724999999999996
oracle-boundary/reference,cea-12,joint,removal,0.5,0.0,0.9817763680502767,0.5626252924999999,1.2652230253095489,1.9999999999999998e-05,0.37464499999999995
oracle-boundary/transition1,cea-12,joint,removal,0.5,0.0,0.9817763680502767,0.5626252924999999,1.2652230253095489,1.9999999999999998e-05,0.37464499999999995
oracle-boundary/transition2,cea-12,joint,removal,0.5,0.0,0.9817763680502767,0.5626252924999999,1.2652230253095489,1.9999999999999998e-05,0.37464499999999995
oracle-boundary/transition3,cea-12,joint,removal,0.5,0.0,0.9817763680502767,0.5626252924999999,1.2652230253095489,1.9999999999999998e-05,0.37464499999999995
map/absolute,cea-12,joint,swap,1.0,1.0,0.49137842428211903,0.28131313625,0.6384029638356643,1.9999999999999998e-05,0.6868325
map/present,cea-12,joint,swap,0.5,0.0,0.9817763680502767,0.5626252924999999,1.2652230253095489,1.9999999999999998e-05,0.37464499999999995
map/recency,cea-12,joint,swap,0.5,0.0,3.4789982477094417,0.95245,0.38625940550147086,0.001,0.951
map/reference,cea-12,joint,swap,1.0,1.0,0.49137842428211903,0.28131313625,0.6384029638356643,1.9999999999999998e-05,0.6868325
map/transition1,cea-12,joint,swap,0.5,0.0,5.410379382462122,0.99900098,0.011582902361779817,2e-05,0.99902
map/transition2,cea-12,joint,swap,1.0,1.0,0.49137842428211903,0.28131313625,0.6384029638356643,1.9999999999999998e-05,0.6868325
map/transition3,cea-12,joint,swap,1.0,1.0,0.49137842428211903,0.28131313625,0.6384029638356643,1.9999999999999998e-05,0.6868325
mixture/absolute,cea-12,joint,swap,0.0,0.0,1.1319277638450496,0.9178336076701432,0.6325652697470866,0.6772790572530145,0.6772790572530145
mixture/present,cea-12,joint,swap,0.0,0.0,2.1127236513813648,1.2493774148609642,1.0371492837705178,0.6772790572530145,0.6772790572530145
mixture/recency,cea-12,joint,swap,0.0,0.0,1.1811884997678348,0.939508973968265,0.7507733653650904,0.6775953301023636,0.6775953301023636
mixture/reference,cea-12,joint,swap,0.0,0.0,1.1319277638450496,0.9178336076701432,0.6325652697470866,0.6772790572530145,0.6772790572530145
mixture/transition1,cea-12,joint,swap,0.0,0.0,1.7230849878780958,1.1541566777205254,0.853915202128884,0.6772790572530145,0.6772790572530145
mixture/transition2,cea-12,joint,swap,0.0,0.0,1.1319277638450496,0.9178336076701432,0.6325652697470866,0.6772790572530145,0.6772790572530145
mixture/transition3,cea-12,joint,swap,0.0,0.0,1.1319277638450496,0.9178336076701432,0.6325652697470866,0.6772790572530145,0.6772790572530145
repaired/absolute,cea-12,joint,swap,1.0,1.0,0.0009804805139615315,9.800000000392828e-07,0.011582902361779928,1.9999999999999998e-05,0.9990199999999999
repaired/present,cea-12,joint,swap,0.5,0.0,0.9817763680502767,0.5626252924999999,1.2652230253095489,1.9999999999999998e-05,0.37464499999999995
repaired/recency,cea-12,joint,swap,1.0,1.0,0.05024121643674679,0.0024500000000000632,0.38625940550147086,0.001,0.951
repaired/reference,cea-12,joint,swap,1.0,1.0,0.0009804805139615315,9.800000000392828e-07,0.011582902361779928,1.9999999999999998e-05,0.9990199999999999
repaired/transition1,cea-12,joint,swap,1.0,1.0,0.6876976473859054,0.49359671158189855,0.703807291892981,1.9999999999999998e-05,0.5027323708436313
repaired/transition2,cea-12,joint,swap,1.0,1.0,0.0009804805139615315,9.800000000392828e-07,0.011582902361779928,1.9999999999999998e-05,0.9990199999999999
repaired/transition3,cea-12,joint,swap,1.0,1.0,0.0009804805139615315,9.800000000392828e-07,0.011582902361779928,1.9999999999999998e-05,0.9990199999999999
streaming/absolute,cea-12,joint,swap,0.5,0.0,0.9817763680502767,0.5626252924999999,1.2652230253095489,1.9999999999999998e-05,0.37464499999999995
streaming/present,cea-12,joint,swap,0.5,0.0,0.9817763680502767,0.5626252924999999,1.2652230253095489,1.9999999999999998e-05,0.37464499999999995
streaming/recency,cea-12,joint,swap,0.5,0.0,0.5397803393044536,0.285965625,0.9738837498905897,0.001,0.654125
streaming/reference,cea-12,joint,swap,0.5,0.0,0.9817763680502767,0.5626252924999999,1.2652230253095489,1.9999999999999998e-05,0.37464499999999995
streaming/transition1,cea-12,joint,swap,0.5,0.0,0.9817763680502767,0.5626252924999999,1.2652230253095489,1.9999999999999998e-05,0.37464499999999995
streaming/transition2,cea-12,joint,swap,0.5,0.0,0.9817763680502767,0.5626252924999999,1.2652230253095489,1.9999999999999998e-05,0.37464499999999995
streaming/transition3,cea-12,joint,swap,0.5,0.0,0.9817763680502767,0.5626252924999999,1.2652230253095489,1.9999999999999998e-05,0.37464499999999995
fixed/absolute,cea-12,joint,swap,0.5,0.0,0.9817763680502767,0.5626252924999999,1.2652230253095489,1.9999999999999998e-05,0.37464499999999995
fixed/present,cea-12,joint,swap,0.5,0.0,0.9817763680502767,0.5626252924999999,1.2652230253095489,1.9999999999999998e-05,0.37464499999999995
fixed/recency,cea-12,joint,swap,0.5,0.0,1.0293194621721604,0.5694812499999999,1.5615080942797084,0.001,0.35724999999999996
fixed/reference,cea-12,joint,swap,0.5,0.0,0.9817763680502767,0.5626252924999999,1.2652230253095489,1.9999999999999998e-05,0.37464499999999995
fixed/transition1,cea-12,joint,swap,0.5,0.0,0.9817763680502767,0.5626252924999999,1.2652230253095489,1.9999999999999998e-05,0.37464499999999995
fixed/transition2,cea-12,joint,swap,0.5,0.0,0.9817763680502767,0.5626252924999999,1.2652230253095489,1.9999999999999998e-05,0.37464499999999995
fixed/transition3,cea-12,joint,swap,0.5,0.0,0.9817763680502767,0.5626252924999999,1.2652230253095489,1.9999999999999998e-05,0.37464499999999995
oracle-boundary/absolute,cea-12,joint,swap,1.0,1.0,0.0009804805139615315,9.800000000392828e-07,0.011582902361779928,1.9999999999999998e-05,0.9990199999999999
oracle-boundary/present,cea-12,joint,swap,0.5,0.0,0.9817763680502767,0.5626252924999999,1.2652230253095489,1.9999999999999998e-05,0.37464499999999995
oracle-boundary/recency,cea-12,joint,swap,1.0,1.0,0.05024121643674679,0.0024500000000000632,0.38625940550147086,0.001,0.951
oracle-boundary/reference,cea-12,joint,swap,1.0,1.0,0.0009804805139615315,9.800000000392828e-07,0.011582902361779928,1.9999999999999998e-05,0.9990199999999999
oracle-boundary/transition1,cea-12,joint,swap,0.5,0.0,0.69410764165507,0.50000048,0.7038282854721148,1.9999999999999998e-05,0.4995199999999999
oracle-boundary/transition2,cea-12,joint,swap,1.0,1.0,0.0009804805139615315,9.800000000392828e-07,0.011582902361779928,1.9999999999999998e-05,0.9990199999999999
oracle-boundary/transition3,cea-12,joint,swap,1.0,1.0,0.0009804805139615315,9.800000000392828e-07,0.011582902361779928,1.9999999999999998e-05,0.9990199999999999
map/absolute,cea-12,joint,shuffle,1.0,1.0,0.49137842428211903,0.28131313625,0.6384029638356643,1.9999999999999998e-05,0.6868325
map/present,cea-12,joint,shuffle,0.5,0.0,0.9817763680502767,0.5626252924999999,1.2652230253095489,1.9999999999999998e-05,0.37464499999999995
map/recency,cea-12,joint,shuffle,0.5,0.0,3.4789982477094417,0.95245,0.38625940550147086,0.001,0.951
map/reference,cea-12,joint,shuffle,1.0,1.0,0.49137842428211903,0.28131313625,0.6384029638356643,1.9999999999999998e-05,0.6868325
map/transition1,cea-12,joint,shuffle,0.5,0.0,5.410379382462122,0.99900098,0.011582902361779817,2e-05,0.99902
map/transition2,cea-12,joint,shuffle,1.0,1.0,0.49137842428211903,0.28131313625,0.6384029638356643,1.9999999999999998e-05,0.6868325
map/transition3,cea-12,joint,shuffle,1.0,1.0,0.49137842428211903,0.28131313625,0.6384029638356643,1.9999999999999998e-05,0.6868325
mixture/absolute,cea-12,joint,shuffle,0.0,0.0,0.9822361941079867,0.7821185803838122,0.6657307995632119,0.6251673854234714,0.6251673854234714
mixture/present,cea-12,joint,shuffle,0.0,0.0,1.9630320816443019,1.1537960048897837,1.1356454028778313,0.6251673854234714,0.6251673854234714
mixture/recency,cea-12,joint,shuffle,0.0,0.0,7.8890109925761625,1.5176237220490902,0.8031110370989274,0.6255347287326225,0.6255347287326225
mixture/reference,cea-12,joint,shuffle,0.0,0.0,0.9822361941079867,0.7821185803838122,0.6657307995632119,0.6251673854234714,0.6251673854234714
mixture/transition1,cea-12,joint,shuffle,0.0,0.0,1.8632531126615324,1.1511509269566913,0.9182997559974462,0.6251673854234714,0.6251673854234714
mixture/transition2,cea-12,joint,shuffle,0.0,0.0,0.9822361941079867,0.7821185803838122,0.6657307995632119,0.6251673854234714,0.6251673854234714
mixture/transition3,cea-12,joint,shuffle,0.0,0.0,0.9822361941079867,0.7821185803838122,0.6657307995632119,0.6251673854234714,0.6251673854234714
repaired/absolute,cea-12,joint,shuffle,1.0,1.0,0.0009804805139615315,9.800000000392828e-07,0.011582902361779928,1.9999999999999998e-05,0.9990199999999999
repaired/present,cea-12,joint,shuffle,0.5,0.0,0.9817763680502767,0.5626252924999999,1.2652230253095489,1.9999999999999998e-05,0.37464499999999995
repaired/recency,cea-12,joint,shuffle,0.0,0.0,6.907755278982137,1.90245,0.38625940550147086,0.001,0.951
repaired/reference,cea-12,joint,shuffle,1.0,1.0,0.0009804805139615315,9.800000000392828e-07,0.011582902361779928,1.9999999999999998e-05,0.9990199999999999
repaired/transition1,cea-12,joint,shuffle,0.0,0.0,0.6973167885789857,0.50320651405718,0.7038209727082956,1.9999999999999998e-05,0.5011193641732026
repaired/transition2,cea-12,joint,shuffle,1.0,1.0,0.0009804805139615315,9.800000000392828e-07,0.011582902361779928,1.9999999999999998e-05,0.9990199999999999
repaired/transition3,cea-12,joint,shuffle,1.0,1.0,0.0009804805139615315,9.800000000392828e-07,0.011582902361779928,1.9999999999999998e-05,0.9990199999999999
streaming/absolute,cea-12,joint,shuffle,0.5,0.0,0.9817763680502767,0.5626252924999999,1.2652230253095489,1.9999999999999998e-05,0.37464499999999995
streaming/present,cea-12,joint,shuffle,0.5,0.0,0.9817763680502767,0.5626252924999999,1.2652230253095489,1.9999999999999998e-05,0.37464499999999995
streaming/recency,cea-12,joint,shuffle,0.5,0.0,3.9685373705771485,1.235965625,0.9738837498905897,0.001,0.654125
streaming/reference,cea-12,joint,shuffle,0.5,0.0,0.9817763680502767,0.5626252924999999,1.2652230253095489,1.9999999999999998e-05,0.37464499999999995
streaming/transition1,cea-12,joint,shuffle,0.5,0.0,0.9817763680502767,0.5626252924999999,1.2652230253095489,1.9999999999999998e-05,0.37464499999999995
streaming/transition2,cea-12,joint,shuffle,0.5,0.0,0.9817763680502767,0.5626252924999999,1.2652230253095489,1.9999999999999998e-05,0.37464499999999995
streaming/transition3,cea-12,joint,shuffle,0.5,0.0,0.9817763680502767,0.5626252924999999,1.2652230253095489,1.9999999999999998e-05,0.37464499999999995
fixed/absolute,cea-12,joint,shuffle,0.5,0.0,0.9817763680502767,0.5626252924999999,1.2652230253095489,1.9999999999999998e-05,0.37464499999999995
fixed/present,cea-12,joint,shuffle,0.5,0.0,0.9817763680502767,0.5626252924999999,1.2652230253095489,1.9999999999999998e-05,0.37464499999999995
fixed/recency,cea-12,joint,shuffle,0.5,0.0,1.0293194621721604,0.5694812499999999,1.5615080942797084,0.001,0.35724999999999996
fixed/reference,cea-12,joint,shuffle,0.5,0.0,0.9817763680502767,0.5626252924999999,1.2652230253095489,1.9999999999999998e-05,0.37464499999999995
fixed/transition1,cea-12,joint,shuffle,0.5,0.0,0.9817763680502767,0.5626252924999999,1.2652230253095489,1.9999999999999998e-05,0.37464499999999995
fixed/transition2,cea-12,joint,shuffle,0.5,0.0,0.9817763680502767,0.5626252924999999,1.2652230253095489,1.9999999999999998e-05,0.37464499999999995
fixed/transition3,cea-12,joint,shuffle,0.5,0.0,0.9817763680502767,0.5626252924999999,1.2652230253095489,1.9999999999999998e-05,0.37464499999999995
oracle-boundary/absolute,cea-12,joint,shuffle,1.0,1.0,0.0009804805139615315,9.800000000392828e-07,0.011582902361779928,1.9999999999999998e-05,0.9990199999999999
oracle-boundary/present,cea-12,joint,shuffle,0.5,0.0,0.9817763680502767,0.5626252924999999,1.2652230253095489,1.9999999999999998e-05,0.37464499999999995
oracle-boundary/recency,cea-12,joint,shuffle,0.0,0.0,6.907755278982137,1.90245,0.38625940550147086,0.001,0.951
oracle-boundary/reference,cea-12,joint,shuffle,1.0,1.0,0.0009804805139615315,9.800000000392828e-07,0.011582902361779928,1.9999999999999998e-05,0.9990199999999999
oracle-boundary/transition1,cea-12,joint,shuffle,0.5,0.0,0.69410764165507,0.50000048,0.7038282854721148,1.9999999999999998e-05,0.4995199999999999
oracle-boundary/transition2,cea-12,joint,shuffle,1.0,1.0,0.0009804805139615315,9.800000000392828e-07,0.011582902361779928,1.9999999999999998e-05,0.9990199999999999
oracle-boundary/transition3,cea-12,joint,shuffle,1.0,1.0,0.0009804805139615315,9.800000000392828e-07,0.011582902361779928,1.9999999999999998e-05,0.9990199999999999
map/absolute,cea-12,joint,ambiguous,0.5,0.0,5.410379382462122,0.9990009799999999,0.011582902361779817,2e-05,0.99902
map/present,cea-12,joint,ambiguous,0.5,0.0,0.9817763680502767,0.5626252924999999,1.2652230253095489,1.9999999999999998e-05,0.37464499999999995
map/recency,cea-12,joint,ambiguous,0.5,0.0,3.4789982477094417,0.95245,0.38625940550147086,0.001,0.951
map/reference,cea-12,joint,ambiguous,0.5,0.0,5.410379382462122,0.9990009799999999,0.011582902361779817,2e-05,0.99902
map/transition1,cea-12,joint,ambiguous,0.5,0.0,5.410379382462122,0.9990009799999999,0.011582902361779817,2e-05,0.99902
map/transition2,cea-12,joint,ambiguous,0.5,0.0,5.410379382462122,0.9990009799999999,0.011582902361779817,2e-05,0.99902
map/transition3,cea-12,joint,ambiguous,0.5,0.0,5.410379382462122,0.9990009799999999,0.011582902361779817,2e-05,0.99902
mixture/absolute,cea-12,joint,ambiguous,0.0,0.0,1.7528823039258037,1.138629881729596,0.8898531911043995,0.6522299452652967,0.6522299452652967
mixture/present,cea-12,joint,ambiguous,0.0,0.0,2.0379701477141285,1.202543860998125,1.085988544000179,0.6522299452652967,0.6522299452652967
mixture/recency,cea-12,joint,ambiguous,0.0,0.0,4.535192027373293,1.2041569572326973,0.7774228718848526,0.6525707667353661,0.6525707667353661
mixture/reference,cea-12,joint,ambiguous,0.0,0.0,1.750776601140298,1.1383764636153062,0.8905833141150642,0.6522299452652967,0.6522299452652967
mixture/transition1,cea-12,joint,ambiguous,0.0,0.0,1.7603253323090837,1.1395171337278849,0.8872888013474104,0.6522299452652967,0.6522299452652967
mixture/transition2,cea-12,joint,ambiguous,0.0,0.0,1.7603253323090837,1.1395171337278849,0.8872888013474104,0.6522299452652967,0.6522299452652967
mixture/transition3,cea-12,joint,ambiguous,0.0,0.0,1.7528823039258037,1.138629881729596,0.8898531911043995,0.6522299452652967,0.6522299452652967
repaired/absolute,cea-12,joint,ambiguous,0.5,0.0,0.6941204990071668,0.5000133125128374,0.7038154405731774,1.9999999999999998e-05,0.5020530330472895
repaired/present,cea-12,joint,ambiguous,0.5,0.0,0.9817763680502767,0.5626252924999999,1.2652230253095489,1.9999999999999998e-05,0.37464499999999995
repaired/recency,cea-12,joint,ambiguous,0.5,0.0,3.4789982477094417,0.95245,0.38625940550147086,0.001,0.951
repaired/reference,cea-12,joint,ambiguous,0.5,0.0,0.6941138017542877,0.5000066282396305,0.703822131311866,1.9999999999999998e-05,0.5012733168040137
repaired/transition1,cea-12,joint,ambiguous,0.5,0.0,0.6941339219124866,0.5000267091342276,0.7038020309037334,1.9999999999999998e-05,0.5031414040252125
repaired/transition2,cea-12,joint,ambiguous,0.5,0.0,0.6941204990071668,0.5000133125128374,0.7038154405731774,1.9999999999999998e-05,0.5020530330472895
repaired/transition3,cea-12,joint,ambiguous,0.5,0.0,0.6941204990071668,0.5000133125128374,0.7038154405731774,1.9999999999999998e-05,0.5020530330472895
streaming/absolute,cea-12,joint,ambiguous,0.5,0.0,0.9817763680502767,0.5626252924999999,1.2652230253095489,1.9999999999999998e-05,0.37464499999999995
streaming/present,cea-12,joint,ambiguous,0.5,0.0,0.9817763680502767,0.5626252924999999,1.2652230253095489,1.9999999999999998e-05,0.37464499999999995
streaming/recency,cea-12,joint,ambiguous,0.5,0.0,3.4789982477094417,0.95245,0.38625940550147086,0.001,0.951
streaming/reference,cea-12,joint,ambiguous,0.5,0.0,0.9817763680502767,0.5626252924999999,1.2652230253095489,1.9999999999999998e-05,0.37464499999999995
streaming/transition1,cea-12,joint,ambiguous,0.5,0.0,0.9817763680502767,0.5626252924999999,1.2652230253095489,1.9999999999999998e-05,0.37464499999999995
streaming/transition2,cea-12,joint,ambiguous,0.5,0.0,0.9817763680502767,0.5626252924999999,1.2652230253095489,1.9999999999999998e-05,0.37464499999999995
streaming/transition3,cea-12,joint,ambiguous,0.5,0.0,0.9817763680502767,0.5626252924999999,1.2652230253095489,1.9999999999999998e-05,0.37464499999999995
fixed/absolute,cea-12,joint,ambiguous,0.5,0.0,0.9817763680502767,0.5626252924999999,1.2652230253095489,1.9999999999999998e-05,0.37464499999999995
fixed/present,cea-12,joint,ambiguous,0.5,0.0,0.9817763680502767,0.5626252924999999,1.2652230253095489,1.9999999999999998e-05,0.37464499999999995
fixed/recency,cea-12,joint,ambiguous,0.5,0.0,1.0293194621721604,0.5694812499999999,1.5615080942797084,0.001,0.35724999999999996
fixed/reference,cea-12,joint,ambiguous,0.5,0.0,0.9817763680502767,0.5626252924999999,1.2652230253095489,1.9999999999999998e-05,0.37464499999999995
fixed/transition1,cea-12,joint,ambiguous,0.5,0.0,0.9817763680502767,0.5626252924999999,1.2652230253095489,1.9999999999999998e-05,0.37464499999999995
fixed/transition2,cea-12,joint,ambiguous,0.5,0.0,0.9817763680502767,0.5626252924999999,1.2652230253095489,1.9999999999999998e-05,0.37464499999999995
fixed/transition3,cea-12,joint,ambiguous,0.5,0.0,0.9817763680502767,0.5626252924999999,1.2652230253095489,1.9999999999999998e-05,0.37464499999999995
oracle-boundary/absolute,cea-12,joint,ambiguous,0.5,0.0,0.69410764165507,0.50000048,0.7038282854721148,1.9999999999999998e-05,0.4995199999999999
oracle-boundary/present,cea-12,joint,ambiguous,0.5,0.0,0.9817763680502767,0.5626252924999999,1.2652230253095489,1.9999999999999998e-05,0.37464499999999995
oracle-boundary/recency,cea-12,joint,ambiguous,0.5,0.0,3.4789982477094417,0.95245,0.38625940550147086,0.001,0.951
oracle-boundary/reference,cea-12,joint,ambiguous,0.5,0.0,0.69410764165507,0.50000048,0.7038282854721148,1.9999999999999998e-05,0.4995199999999999
oracle-boundary/transition1,cea-12,joint,ambiguous,0.5,0.0,0.69410764165507,0.50000048,0.7038282854721148,1.9999999999999998e-05,0.4995199999999999
oracle-boundary/transition2,cea-12,joint,ambiguous,0.5,0.0,0.69410764165507,0.50000048,0.7038282854721148,1.9999999999999998e-05,0.4995199999999999
oracle-boundary/transition3,cea-12,joint,ambiguous,0.5,0.0,0.69410764165507,0.50000048,0.7038282854721148,1.9999999999999998e-05,0.4995199999999999
map/absolute,cea-13,detached,intact,1.0,1.0,0.0009804805139615315,9.800000000392828e-07,0.011582902361779928,1.9999999999999998e-05,0.9990199999999999
map/present,cea-13,detached,intact,0.5,0.0,0.9817763680502767,0.5626252924999999,1.2652230253095489,1.9999999999999998e-05,0.37464499999999995
map/recency,cea-13,detached,intact,0.0,0.0,6.907755278982137,1.90245,0.38625940550147086,0.001,0.951
map/reference,cea-13,detached,intact,1.0,1.0,0.0009804805139615315,9.800000000392828e-07,0.011582902361779928,1.9999999999999998e-05,0.9990199999999999
map/transition1,cea-13,detached,intact,1.0,1.0,0.6550119420372813,0.4609620440582598,0.7030340297701472,1.9999999999999998e-05,0.5194358594276132
map/transition2,cea-13,detached,intact,1.0,1.0,0.0009804805139615315,9.800000000392828e-07,0.011582902361779928,1.9999999999999998e-05,0.9990199999999999
map/transition3,cea-13,detached,intact,1.0,1.0,0.0009804805139615315,9.800000000392828e-07,0.011582902361779928,1.9999999999999998e-05,0.9990199999999999
mixture/absolute,cea-13,detached,intact,1.0,1.0,0.0009804805139615315,9.800000000392828e-07,0.011582902361779928,1.9999999999999998e-05,0.9990199999999999
mixture/present,cea-13,detached,intact,0.5,0.0,0.9817763680502767,0.5626252924999999,1.2652230253095489,1.9999999999999998e-05,0.37464499999999995
mixture/recency,cea-13,detached,intact,0.0,0.0,6.907755278982137,1.90245,0.38625940550147086,0.001,0.951
mixture/reference,cea-13,detached,intact,1.0,1.0,0.0009804805139615315,9.800000000392828e-07,0.011582902361779928,1.9999999999999998e-05,0.9990199999999999
mixture/transition1,cea-13,detached,intact,1.0,1.0,0.6550119420372813,0.4609620440582598,0.7030340297701472,1.9999999999999998e-05,0.5194358594276132
mixture/transition2,cea-13,detached,intact,1.0,1.0,0.0009804805139615315,9.800000000392828e-07,0.011582902361779928,1.9999999999999998e-05,0.9990199999999999
mixture/transition3,cea-13,detached,intact,1.0,1.0,0.0009804805139615315,9.800000000392828e-07,0.011582902361779928,1.9999999999999998e-05,0.9990199999999999
repaired/absolute,cea-13,detached,intact,1.0,1.0,0.0009804805139615315,9.800000000392828e-07,0.011582902361779928,1.9999999999999998e-05,0.9990199999999999
repaired/present,cea-13,detached,intact,0.5,0.0,0.9817763680502767,0.5626252924999999,1.2652230253095489,1.9999999999999998e-05,0.37464499999999995
repaired/recency,cea-13,detached,intact,0.0,0.0,6.907755278982137,1.90245,0.38625940550147086,0.001,0.951
repaired/reference,cea-13,detached,intact,1.0,1.0,0.0009804805139615315,9.800000000392828e-07,0.011582902361779928,1.9999999999999998e-05,0.9990199999999999
repaired/transition1,cea-13,detached,intact,0.0,0.0,0.7084600673829965,0.5143380560017883,0.7037268493886534,1.9999999999999998e-05,0.5066381203633864
repaired/transition2,cea-13,detached,intact,1.0,1.0,0.0009804805139615315,9.800000000392828e-07,0.011582902361779928,1.9999999999999998e-05,0.9990199999999999
repaired/transition3,cea-13,detached,intact,1.0,1.0,0.0009804805139615315,9.800000000392828e-07,0.011582902361779928,1.9999999999999998e-05,0.9990199999999999
streaming/absolute,cea-13,detached,intact,0.5,0.0,0.9817763680502767,0.5626252924999999,1.2652230253095489,1.9999999999999998e-05,0.37464499999999995
streaming/present,cea-13,detached,intact,0.5,0.0,0.9817763680502767,0.5626252924999999,1.2652230253095489,1.9999999999999998e-05,0.37464499999999995
streaming/recency,cea-13,detached,intact,0.0,0.0,6.907755278982137,1.90245,0.38625940550147086,0.001,0.951
streaming/reference,cea-13,detached,intact,0.5,0.0,0.9817763680502767,0.5626252924999999,1.2652230253095489,1.9999999999999998e-05,0.37464499999999995
streaming/transition1,cea-13,detached,intact,0.0,0.0,10.819778284410283,1.9980009799999998,0.011582902361779928,1.9999999999999998e-05,0.9990199999999999
streaming/transition2,cea-13,detached,intact,0.5,0.0,0.9817763680502767,0.5626252924999999,1.2652230253095489,1.9999999999999998e-05,0.37464499999999995
streaming/transition3,cea-13,detached,intact,0.5,0.0,0.9817763680502767,0.5626252924999999,1.2652230253095489,1.9999999999999998e-05,0.37464499999999995
fixed/absolute,cea-13,detached,intact,0.5,0.0,0.9817763680502767,0.5626252924999999,1.2652230253095489,1.9999999999999998e-05,0.37464499999999995
fixed/present,cea-13,detached,intact,0.5,0.0,0.9817763680502767,0.5626252924999999,1.2652230253095489,1.9999999999999998e-05,0.37464499999999995
fixed/recency,cea-13,detached,intact,0.0,0.0,6.907755278982137,1.90245,0.38625940550147086,0.001,0.951
fixed/reference,cea-13,detached,intact,0.5,0.0,0.9817763680502767,0.5626252924999999,1.2652230253095489,1.9999999999999998e-05,0.37464499999999995
fixed/transition1,cea-13,detached,intact,0.0,0.0,10.819778284410283,1.749900082621841,0.3563035844544495,1.9999999999999998e-05,0.7679739609564453
fixed/transition2,cea-13,detached,intact,0.5,0.0,0.9817763680502767,0.5626252924999999,1.2652230253095489,1.9999999999999998e-05,0.37464499999999995
fixed/transition3,cea-13,detached,intact,0.5,0.0,0.9817763680502767,0.5626252924999999,1.2652230253095489,1.9999999999999998e-05,0.37464499999999995
oracle-boundary/absolute,cea-13,detached,intact,1.0,1.0,0.0009804805139615315,9.800000000392828e-07,0.011582902361779928,1.9999999999999998e-05,0.9990199999999999
oracle-boundary/present,cea-13,detached,intact,0.5,0.0,0.9817763680502767,0.5626252924999999,1.2652230253095489,1.9999999999999998e-05,0.37464499999999995
oracle-boundary/recency,cea-13,detached,intact,0.0,0.0,6.907755278982137,1.90245,0.38625940550147086,0.001,0.951
oracle-boundary/reference,cea-13,detached,intact,1.0,1.0,0.0009804805139615315,9.800000000392828e-07,0.011582902361779928,1.9999999999999998e-05,0.9990199999999999
oracle-boundary/transition1,cea-13,detached,intact,0.5,0.0,0.69410764165507,0.50000048,0.7038282854721148,1.9999999999999998e-05,0.4995199999999999
oracle-boundary/transition2,cea-13,detached,intact,1.0,1.0,0.0009804805139615315,9.800000000392828e-07,0.011582902361779928,1.9999999999999998e-05,0.9990199999999999
oracle-boundary/transition3,cea-13,detached,intact,1.0,1.0,0.0009804805139615315,9.800000000392828e-07,0.011582902361779928,1.9999999999999998e-05,0.9990199999999999
map/absolute,cea-13,legato,intact,1.0,1.0,0.0009804805139615315,9.800000000392828e-07,0.011582902361779928,1.9999999999999998e-05,0.9990199999999999
map/present,cea-13,legato,intact,0.5,0.0,0.9817763680502767,0.5626252924999999,1.2652230253095489,1.9999999999999998e-05,0.37464499999999995
map/recency,cea-13,legato,intact,0.0,0.0,6.907755278982137,1.90245,0.38625940550147086,0.001,0.951
map/reference,cea-13,legato,intact,1.0,1.0,0.0009804805139615315,9.800000000392828e-07,0.011582902361779928,1.9999999999999998e-05,0.9990199999999999
map/transition1,cea-13,legato,intact,0.0,0.0,0.8866154839227252,0.689917501449402,0.6877955438931613,1.9999999999999998e-05,0.5865208506650947
map/transition2,cea-13,legato,intact,1.0,1.0,0.0009804805139615315,9.800000000392828e-07,0.011582902361779928,1.9999999999999998e-05,0.9990199999999999
map/transition3,cea-13,legato,intact,1.0,1.0,0.0009804805139615315,9.800000000392828e-07,0.011582902361779928,1.9999999999999998e-05,0.9990199999999999
mixture/absolute,cea-13,legato,intact,1.0,1.0,0.08910286962869715,0.014385554497957531,0.29970298423591946,0.08436950484689268,0.9147514722973031
mixture/present,cea-13,legato,intact,0.5,0.0,1.0698987571650123,0.5825454814633879,1.4475970686360755,0.08436950484689268,0.3430432477215903
mixture/recency,cea-13,legato,intact,0.0,0.0,6.995877668096872,1.7637407135558463,0.6378856834636716,0.08526684067885937,0.8707820165309357
mixture/reference,cea-13,legato,intact,1.0,1.0,0.08910286962869715,0.014385554497957531,0.29970298423591946,0.08436950484689268,0.9147514722973031
mixture/transition1,cea-13,legato,intact,0.0,0.0,0.9747378730374607,0.6834141066172722,0.9188768556226817,0.08436950484689268,0.5370454930397766
mixture/transition2,cea-13,legato,intact,1.0,1.0,0.08910286962869715,0.014385554497957531,0.29970298423591946,0.08436950484689268,0.9147514722973031
mixture/transition3,cea-13,legato,intact,1.0,1.0,0.08910286962869715,0.014385554497957531,0.29970298423591946,0.08436950484689268,0.9147514722973031
repaired/absolute,cea-13,legato,intact,1.0,1.0,0.0009804805139615315,9.800000000392828e-07,0.011582902361779928,1.9999999999999998e-05,0.9990199999999999
repaired/present,cea-13,legato,intact,0.5,0.0,0.9817763680502767,0.5626252924999999,1.2652230253095489,1.9999999999999998e-05,0.37464499999999995
repaired/recency,cea-13,legato,intact,0.0,0.0,6.907755278982137,1.90245,0.38625940550147086,0.001,0.951
repaired/reference,cea-13,legato,intact,1.0,1.0,0.0009804805139615315,9.800000000392828e-07,0.011582902361779928,1.9999999999999998e-05,0.9990199999999999
repaired/transition1,cea-13,legato,intact,1.0,1.0,0.6907760762240067,0.49667211987645077,0.7038227226180883,1.9999999999999998e-05,0.5011869588134603
repaired/transition2,cea-13,legato,intact,1.0,1.0,0.0009804805139615315,9.800000000392828e-07,0.011582902361779928,1.9999999999999998e-05,0.9990199999999999
repaired/transition3,cea-13,legato,intact,1.0,1.0,0.0009804805139615315,9.800000000392828e-07,0.011582902361779928,1.9999999999999998e-05,0.9990199999999999
streaming/absolute,cea-13,legato,intact,0.5,0.0,0.9817763680502767,0.5626252924999999,1.2652230253095489,1.9999999999999998e-05,0.37464499999999995
streaming/present,cea-13,legato,intact,0.5,0.0,0.9817763680502767,0.5626252924999999,1.2652230253095489,1.9999999999999998e-05,0.37464499999999995
streaming/recency,cea-13,legato,intact,0.5,0.0,1.0293194621721604,0.5694812499999999,1.5615080942797084,0.001,0.35724999999999996
streaming/reference,cea-13,legato,intact,0.5,0.0,0.9817763680502767,0.5626252924999999,1.2652230253095489,1.9999999999999998e-05,0.37464499999999995
streaming/transition1,cea-13,legato,intact,0.5,0.0,0.9817763680502767,0.5626252924999999,1.2652230253095489,1.9999999999999998e-05,0.37464499999999995
streaming/transition2,cea-13,legato,intact,0.5,0.0,0.9817763680502767,0.5626252924999999,1.2652230253095489,1.9999999999999998e-05,0.37464499999999995
streaming/transition3,cea-13,legato,intact,0.5,0.0,0.9817763680502767,0.5626252924999999,1.2652230253095489,1.9999999999999998e-05,0.37464499999999995
fixed/absolute,cea-13,legato,intact,0.5,0.0,0.9817763680502767,0.5626252924999999,1.2652230253095489,1.9999999999999998e-05,0.37464499999999995
fixed/present,cea-13,legato,intact,0.5,0.0,0.9817763680502767,0.5626252924999999,1.2652230253095489,1.9999999999999998e-05,0.37464499999999995
fixed/recency,cea-13,legato,intact,0.0,0.0,6.907755278982137,1.90245,0.38625940550147086,0.001,0.951
fixed/reference,cea-13,legato,intact,0.5,0.0,0.9817763680502767,0.5626252924999999,1.2652230253095489,1.9999999999999998e-05,0.37464499999999995
fixed/transition1,cea-13,legato,intact,0.0,0.0,10.819778284410283,1.7900554740455596,0.31487182598636154,1.9999999999999998e-05,0.85119490378406
fixed/transition2,cea-13,legato,intact,0.5,0.0,0.9817763680502767,0.5626252924999999,1.2652230253095489,1.9999999999999998e-05,0.37464499999999995
fixed/transition3,cea-13,legato,intact,0.5,0.0,0.9817763680502767,0.5626252924999999,1.2652230253095489,1.9999999999999998e-05,0.37464499999999995
oracle-boundary/absolute,cea-13,legato,intact,1.0,1.0,0.0009804805139615315,9.800000000392828e-07,0.011582902361779928,1.9999999999999998e-05,0.9990199999999999
oracle-boundary/present,cea-13,legato,intact,0.5,0.0,0.9817763680502767,0.5626252924999999,1.2652230253095489,1.9999999999999998e-05,0.37464499999999995
oracle-boundary/recency,cea-13,legato,intact,0.0,0.0,6.907755278982137,1.90245,0.38625940550147086,0.001,0.951
oracle-boundary/reference,cea-13,legato,intact,1.0,1.0,0.0009804805139615315,9.800000000392828e-07,0.011582902361779928,1.9999999999999998e-05,0.9990199999999999
oracle-boundary/transition1,cea-13,legato,intact,0.5,0.0,0.69410764165507,0.50000048,0.7038282854721148,1.9999999999999998e-05,0.4995199999999999
oracle-boundary/transition2,cea-13,legato,intact,1.0,1.0,0.0009804805139615315,9.800000000392828e-07,0.011582902361779928,1.9999999999999998e-05,0.9990199999999999
oracle-boundary/transition3,cea-13,legato,intact,1.0,1.0,0.0009804805139615315,9.800000000392828e-07,0.011582902361779928,1.9999999999999998e-05,0.9990199999999999
map/absolute,cea-13,duration,intact,1.0,1.0,0.0009804805139615315,9.800000000392828e-07,0.011582902361779928,1.9999999999999998e-05,0.9990199999999999
map/present,cea-13,duration,intact,0.5,0.0,0.9817763680502767,0.5626252924999999,1.2652230253095489,1.9999999999999998e-05,0.37464499999999995
map/recency,cea-13,duration,intact,0.0,0.0,6.907755278982137,1.90245,0.38625940550147086,0.001,0.951
map/reference,cea-13,duration,intact,1.0,1.0,0.0009804805139615315,9.800000000392828e-07,0.011582902361779928,1.9999999999999998e-05,0.9990199999999999
map/transition1,cea-13,duration,intact,0.5,0.0,0.6664088351045999,0.47375156821042674,0.6827388447031415,1.9999999999999998e-05,0.5989659902308258
map/transition2,cea-13,duration,intact,1.0,1.0,0.0009804805139615315,9.800000000392828e-07,0.011582902361779928,1.9999999999999998e-05,0.9990199999999999
map/transition3,cea-13,duration,intact,1.0,1.0,0.0009804805139615315,9.800000000392828e-07,0.011582902361779928,1.9999999999999998e-05,0.9990199999999999
mixture/absolute,cea-13,duration,intact,1.0,1.0,0.06606204191500492,0.008059196653630973,0.24584990715157942,0.0630277018618165,0.9360727867417429
mixture/present,cea-13,duration,intact,0.5,0.0,1.04685792945132,0.5757411949093192,1.420499467179386,0.0630277018618165,0.35103900741612803
mixture/recency,cea-13,duration,intact,0.0,0.0,6.97283684038318,1.796278096894108,0.5922022319579775,0.06394595307901627,0.8910784770989545
mixture/reference,cea-13,duration,intact,1.0,1.0,0.06606204191500492,0.008059196653630973,0.24584990715157942,0.0630277018618165,0.9360727867417429
mixture/transition1,cea-13,duration,intact,0.5,0.0,0.7314903965056432,0.4801863348751847,0.8747170101983242,0.0630277018618165,0.5612257648884874
mixture/transition2,cea-13,duration,intact,1.0,1.0,0.06606204191500492,0.008059196653630973,0.24584990715157942,0.0630277018618165,0.9360727867417429
mixture/transition3,cea-13,duration,intact,1.0,1.0,0.06606204191500492,0.008059196653630973,0.24584990715157942,0.0630277018618165,0.9360727867417429
repaired/absolute,cea-13,duration,intact,1.0,1.0,0.0009804805139615315,9.800000000392828e-07,0.011582902361779928,1.9999999999999998e-05,0.9990199999999999
repaired/present,cea-13,duration,intact,0.5,0.0,0.9817763680502767,0.5626252924999999,1.2652230253095489,1.9999999999999998e-05,0.37464499999999995
repaired/recency,cea-13,duration,intact,0.0,0.0,6.907755278982137,1.90245,0.38625940550147086,0.001,0.951
repaired/reference,cea-13,duration,intact,1.0,1.0,0.0009804805139615315,9.800000000392828e-07,0.011582902361779928,1.9999999999999998e-05,0.9990199999999999
repaired/transition1,cea-13,duration,intact,1.0,1.0,0.693490250109301,0.499383681053405,0.7038280665050455,1.9999999999999998e-05,0.49982850885171626
repaired/transition2,cea-13,duration,intact,1.0,1.0,0.0009804805139615315,9.800000000392828e-07,0.011582902361779928,1.9999999999999998e-05,0.9990199999999999
repaired/transition3,cea-13,duration,intact,1.0,1.0,0.0009804805139615315,9.800000000392828e-07,0.011582902361779928,1.9999999999999998e-05,0.9990199999999999
streaming/absolute,cea-13,duration,intact,0.5,0.0,0.9817763680502767,0.5626252924999999,1.2652230253095489,1.9999999999999998e-05,0.37464499999999995
streaming/present,cea-13,duration,intact,0.5,0.0,0.9817763680502767,0.5626252924999999,1.2652230253095489,1.9999999999999998e-05,0.37464499999999995
streaming/recency,cea-13,duration,intact,0.5,0.0,1.0293194621721604,0.5694812499999999,1.5615080942797084,0.001,0.35724999999999996
streaming/reference,cea-13,duration,intact,0.5,0.0,0.9817763680502767,0.5626252924999999,1.2652230253095489,1.9999999999999998e-05,0.37464499999999995
streaming/transition1,cea-13,duration,intact,0.5,0.0,0.9817763680502767,0.5626252924999999,1.2652230253095489,1.9999999999999998e-05,0.37464499999999995
streaming/transition2,cea-13,duration,intact,0.5,0.0,0.9817763680502767,0.5626252924999999,1.2652230253095489,1.9999999999999998e-05,0.37464499999999995
streaming/transition3,cea-13,duration,intact,0.5,0.0,0.9817763680502767,0.5626252924999999,1.2652230253095489,1.9999999999999998e-05,0.37464499999999995
fixed/absolute,cea-13,duration,intact,0.5,0.0,0.9817763680502767,0.5626252924999999,1.2652230253095489,1.9999999999999998e-05,0.37464499999999995
fixed/present,cea-13,duration,intact,0.5,0.0,0.9817763680502767,0.5626252924999999,1.2652230253095489,1.9999999999999998e-05,0.37464499999999995
fixed/recency,cea-13,duration,intact,0.0,0.0,3.9685373705771485,1.235965625,0.9738837498905897,0.001,0.654125
fixed/reference,cea-13,duration,intact,0.5,0.0,0.9817763680502767,0.5626252924999999,1.2652230253095489,1.9999999999999998e-05,0.37464499999999995
fixed/transition1,cea-13,duration,intact,0.5,0.0,0.9817763680502767,0.5626252924999999,1.2652230253095489,1.9999999999999998e-05,0.37464499999999995
fixed/transition2,cea-13,duration,intact,0.5,0.0,0.9817763680502767,0.5626252924999999,1.2652230253095489,1.9999999999999998e-05,0.37464499999999995
fixed/transition3,cea-13,duration,intact,0.5,0.0,0.9817763680502767,0.5626252924999999,1.2652230253095489,1.9999999999999998e-05,0.37464499999999995
oracle-boundary/absolute,cea-13,duration,intact,1.0,1.0,0.0009804805139615315,9.800000000392828e-07,0.011582902361779928,1.9999999999999998e-05,0.9990199999999999
oracle-boundary/present,cea-13,duration,intact,0.5,0.0,0.9817763680502767,0.5626252924999999,1.2652230253095489,1.9999999999999998e-05,0.37464499999999995
oracle-boundary/recency,cea-13,duration,intact,0.0,0.0,6.907755278982137,1.90245,0.38625940550147086,0.001,0.951
oracle-boundary/reference,cea-13,duration,intact,1.0,1.0,0.0009804805139615315,9.800000000392828e-07,0.011582902361779928,1.9999999999999998e-05,0.9990199999999999
oracle-boundary/transition1,cea-13,duration,intact,0.5,0.0,0.69410764165507,0.50000048,0.7038282854721148,1.9999999999999998e-05,0.4995199999999999
oracle-boundary/transition2,cea-13,duration,intact,1.0,1.0,0.0009804805139615315,9.800000000392828e-07,0.011582902361779928,1.9999999999999998e-05,0.9990199999999999
oracle-boundary/transition3,cea-13,duration,intact,1.0,1.0,0.0009804805139615315,9.800000000392828e-07,0.011582902361779928,1.9999999999999998e-05,0.9990199999999999
map/absolute,cea-13,joint,intact,1.0,1.0,0.0009804805139615315,9.800000000392828e-07,0.011582902361779928,1.9999999999999998e-05,0.9990199999999999
map/present,cea-13,joint,intact,0.5,0.0,0.9817763680502767,0.5626252924999999,1.2652230253095489,1.9999999999999998e-05,0.37464499999999995
map/recency,cea-13,joint,intact,0.0,0.0,6.907755278982137,1.90245,0.38625940550147086,0.001,0.951
map/reference,cea-13,joint,intact,1.0,1.0,0.0009804805139615315,9.800000000392828e-07,0.011582902361779928,1.9999999999999998e-05,0.9990199999999999
map/transition1,cea-13,joint,intact,1.0,1.0,0.6456849242925548,0.4517649467439695,0.7014563463078882,1.9999999999999995e-05,0.5248207274622796
map/transition2,cea-13,joint,intact,1.0,1.0,0.0009804805139615315,9.800000000392828e-07,0.011582902361779928,1.9999999999999998e-05,0.9990199999999999
map/transition3,cea-13,joint,intact,1.0,1.0,0.0009804805139615315,9.800000000392828e-07,0.011582902361779928,1.9999999999999998e-05,0.9990199999999999
mixture/absolute,cea-13,joint,intact,1.0,1.0,0.6249827926651805,0.41201165120412486,0.7942208627637019,0.44008472655624636,0.5356017296608108
mixture/present,cea-13,joint,intact,0.0,0.0,1.5646352620188657,0.8743042576117964,1.3905544399920053,0.44008472655624636,0.44008472655624636
mixture/recency,cea-13,joint,intact,0.0,0.0,7.4906141729507265,1.4800589043598513,0.8942440910555984,0.4406334544987801,0.5324900748465067
mixture/reference,cea-13,joint,intact,1.0,1.0,0.6249827926651805,0.41201165120412486,0.7942208627637019,0.44008472655624636,0.5356017296608108
mixture/transition1,cea-13,joint,intact,0.0,0.0,1.2961016287454543,0.8073183702181463,1.0727114288474362,0.44008472655624636,0.44008472655624636
mixture/transition2,cea-13,joint,intact,1.0,1.0,0.6249827926651805,0.41201165120412486,0.7942208627637019,0.44008472655624636,0.5356017296608108
mixture/transition3,cea-13,joint,intact,1.0,1.0,0.6249827926651805,0.41201165120412486,0.7942208627637019,0.44008472655624636,0.5356017296608108
repaired/absolute,cea-13,joint,intact,1.0,1.0,0.0009804805139615315,9.800000000392828e-07,0.011582902361779928,1.9999999999999998e-05,0.9990199999999999
repaired/present,cea-13,joint,intact,0.5,0.0,0.9817763680502767,0.5626252924999999,1.2652230253095489,1.9999999999999998e-05,0.37464499999999995
repaired/recency,cea-13,joint,intact,0.0,0.0,6.907755278982137,1.90245,0.38625940550147086,0.001,0.951
repaired/reference,cea-13,joint,intact,1.0,1.0,0.0009804805139615315,9.800000000392828e-07,0.011582902361779928,1.9999999999999998e-05,0.9990199999999999
repaired/transition1,cea-13,joint,intact,0.0,0.0,0.7002939771525273,0.5061807753253933,0.7038089461461167,1.9999999999999998e-05,0.5026004873492423
repaired/transition2,cea-13,joint,intact,1.0,1.0,0.0009804805139615315,9.800000000392828e-07,0.011582902361779928,1.9999999999999998e-05,0.9990199999999999
repaired/transition3,cea-13,joint,intact,1.0,1.0,0.0009804805139615315,9.800000000392828e-07,0.011582902361779928,1.9999999999999998e-05,0.9990199999999999
streaming/absolute,cea-13,joint,intact,0.5,0.0,0.9817763680502767,0.5626252924999999,1.2652230253095489,1.9999999999999998e-05,0.37464499999999995
streaming/present,cea-13,joint,intact,0.5,0.0,0.9817763680502767,0.5626252924999999,1.2652230253095489,1.9999999999999998e-05,0.37464499999999995
streaming/recency,cea-13,joint,intact,0.0,0.0,3.9685373705771485,1.235965625,0.9738837498905897,0.001,0.654125
streaming/reference,cea-13,joint,intact,0.5,0.0,0.9817763680502767,0.5626252924999999,1.2652230253095489,1.9999999999999998e-05,0.37464499999999995
streaming/transition1,cea-13,joint,intact,0.5,0.0,0.9817763680502767,0.5626252924999999,1.2652230253095489,1.9999999999999998e-05,0.37464499999999995
streaming/transition2,cea-13,joint,intact,0.5,0.0,0.9817763680502767,0.5626252924999999,1.2652230253095489,1.9999999999999998e-05,0.37464499999999995
streaming/transition3,cea-13,joint,intact,0.5,0.0,0.9817763680502767,0.5626252924999999,1.2652230253095489,1.9999999999999998e-05,0.37464499999999995
fixed/absolute,cea-13,joint,intact,0.5,0.0,0.9817763680502767,0.5626252924999999,1.2652230253095489,1.9999999999999998e-05,0.37464499999999995
fixed/present,cea-13,joint,intact,0.5,0.0,0.9817763680502767,0.5626252924999999,1.2652230253095489,1.9999999999999998e-05,0.37464499999999995
fixed/recency,cea-13,joint,intact,0.5,0.0,1.0293194621721604,0.5694812499999999,1.5615080942797084,0.001,0.35724999999999996
fixed/reference,cea-13,joint,intact,0.5,0.0,0.9817763680502767,0.5626252924999999,1.2652230253095489,1.9999999999999998e-05,0.37464499999999995
fixed/transition1,cea-13,joint,intact,0.5,0.0,0.9817763680502767,0.5626252924999999,1.2652230253095489,1.9999999999999998e-05,0.37464499999999995
fixed/transition2,cea-13,joint,intact,0.5,0.0,0.9817763680502767,0.5626252924999999,1.2652230253095489,1.9999999999999998e-05,0.37464499999999995
fixed/transition3,cea-13,joint,intact,0.5,0.0,0.9817763680502767,0.5626252924999999,1.2652230253095489,1.9999999999999998e-05,0.37464499999999995
oracle-boundary/absolute,cea-13,joint,intact,1.0,1.0,0.0009804805139615315,9.800000000392828e-07,0.011582902361779928,1.9999999999999998e-05,0.9990199999999999
oracle-boundary/present,cea-13,joint,intact,0.5,0.0,0.9817763680502767,0.5626252924999999,1.2652230253095489,1.9999999999999998e-05,0.37464499999999995
oracle-boundary/recency,cea-13,joint,intact,0.0,0.0,6.907755278982137,1.90245,0.38625940550147086,0.001,0.951
oracle-boundary/reference,cea-13,joint,intact,1.0,1.0,0.0009804805139615315,9.800000000392828e-07,0.011582902361779928,1.9999999999999998e-05,0.9990199999999999
oracle-boundary/transition1,cea-13,joint,intact,0.5,0.0,0.69410764165507,0.50000048,0.7038282854721148,1.9999999999999998e-05,0.4995199999999999
oracle-boundary/transition2,cea-13,joint,intact,1.0,1.0,0.0009804805139615315,9.800000000392828e-07,0.011582902361779928,1.9999999999999998e-05,0.9990199999999999
oracle-boundary/transition3,cea-13,joint,intact,1.0,1.0,0.0009804805139615315,9.800000000392828e-07,0.011582902361779928,1.9999999999999998e-05,0.9990199999999999
map/absolute,cea-13,joint,reset,0.5,0.0,0.9817763680502767,0.5626252924999999,1.2652230253095489,1.9999999999999998e-05,0.37464499999999995
map/present,cea-13,joint,reset,0.5,0.0,0.9817763680502767,0.5626252924999999,1.2652230253095489,1.9999999999999998e-05,0.37464499999999995
map/recency,cea-13,joint,reset,0.5,0.0,1.0293194621721604,0.5694812499999999,1.5615080942797084,0.001,0.35724999999999996
map/reference,cea-13,joint,reset,0.5,0.0,0.9817763680502767,0.5626252924999999,1.2652230253095489,1.9999999999999998e-05,0.37464499999999995
map/transition1,cea-13,joint,reset,0.5,0.0,0.9817763680502767,0.5626252924999999,1.2652230253095489,1.9999999999999998e-05,0.37464499999999995
map/transition2,cea-13,joint,reset,0.5,0.0,0.9817763680502767,0.5626252924999999,1.2652230253095489,1.9999999999999998e-05,0.37464499999999995
map/transition3,cea-13,joint,reset,0.5,0.0,0.9817763680502767,0.5626252924999999,1.2652230253095489,1.9999999999999998e-05,0.37464499999999995
mixture/absolute,cea-13,joint,reset,0.5,0.0,1.04685792945132,0.5757411949093192,1.420499467179386,0.0630277018618165,0.35103900741612803
mixture/present,cea-13,joint,reset,0.5,0.0,1.04685792945132,0.5757411949093192,1.420499467179386,0.0630277018618165,0.35103900741612803
mixture/recency,cea-13,joint,reset,0.5,0.0,1.0944010235732038,0.5839300750186331,1.6933997207161844,0.06394595307901627,0.3347400483108322
mixture/reference,cea-13,joint,reset,0.5,0.0,1.04685792945132,0.5757411949093192,1.420499467179386,0.0630277018618165,0.35103900741612803
mixture/transition1,cea-13,joint,reset,0.5,0.0,1.04685792945132,0.5757411949093192,1.420499467179386,0.0630277018618165,0.35103900741612803
mixture/transition2,cea-13,joint,reset,0.5,0.0,1.04685792945132,0.5757411949093192,1.420499467179386,0.0630277018618165,0.35103900741612803
mixture/transition3,cea-13,joint,reset,0.5,0.0,1.04685792945132,0.5757411949093192,1.420499467179386,0.0630277018618165,0.35103900741612803
repaired/absolute,cea-13,joint,reset,0.5,0.0,0.9817763680502767,0.5626252924999999,1.2652230253095489,1.9999999999999998e-05,0.37464499999999995
repaired/present,cea-13,joint,reset,0.5,0.0,0.9817763680502767,0.5626252924999999,1.2652230253095489,1.9999999999999998e-05,0.37464499999999995
repaired/recency,cea-13,joint,reset,0.5,0.0,1.0293194621721604,0.5694812499999999,1.5615080942797084,0.001,0.35724999999999996
repaired/reference,cea-13,joint,reset,0.5,0.0,0.9817763680502767,0.5626252924999999,1.2652230253095489,1.9999999999999998e-05,0.37464499999999995
repaired/transition1,cea-13,joint,reset,0.5,0.0,0.9817763680502767,0.5626252924999999,1.2652230253095489,1.9999999999999998e-05,0.37464499999999995
repaired/transition2,cea-13,joint,reset,0.5,0.0,0.9817763680502767,0.5626252924999999,1.2652230253095489,1.9999999999999998e-05,0.37464499999999995
repaired/transition3,cea-13,joint,reset,0.5,0.0,0.9817763680502767,0.5626252924999999,1.2652230253095489,1.9999999999999998e-05,0.37464499999999995
streaming/absolute,cea-13,joint,reset,0.5,0.0,0.9817763680502767,0.5626252924999999,1.2652230253095489,1.9999999999999998e-05,0.37464499999999995
streaming/present,cea-13,joint,reset,0.5,0.0,0.9817763680502767,0.5626252924999999,1.2652230253095489,1.9999999999999998e-05,0.37464499999999995
streaming/recency,cea-13,joint,reset,0.5,0.0,1.0293194621721604,0.5694812499999999,1.5615080942797084,0.001,0.35724999999999996
streaming/reference,cea-13,joint,reset,0.5,0.0,0.9817763680502767,0.5626252924999999,1.2652230253095489,1.9999999999999998e-05,0.37464499999999995
streaming/transition1,cea-13,joint,reset,0.5,0.0,0.9817763680502767,0.5626252924999999,1.2652230253095489,1.9999999999999998e-05,0.37464499999999995
streaming/transition2,cea-13,joint,reset,0.5,0.0,0.9817763680502767,0.5626252924999999,1.2652230253095489,1.9999999999999998e-05,0.37464499999999995
streaming/transition3,cea-13,joint,reset,0.5,0.0,0.9817763680502767,0.5626252924999999,1.2652230253095489,1.9999999999999998e-05,0.37464499999999995
fixed/absolute,cea-13,joint,reset,0.5,0.0,0.9817763680502767,0.5626252924999999,1.2652230253095489,1.9999999999999998e-05,0.37464499999999995
fixed/present,cea-13,joint,reset,0.5,0.0,0.9817763680502767,0.5626252924999999,1.2652230253095489,1.9999999999999998e-05,0.37464499999999995
fixed/recency,cea-13,joint,reset,0.5,0.0,1.0293194621721604,0.5694812499999999,1.5615080942797084,0.001,0.35724999999999996
fixed/reference,cea-13,joint,reset,0.5,0.0,0.9817763680502767,0.5626252924999999,1.2652230253095489,1.9999999999999998e-05,0.37464499999999995
fixed/transition1,cea-13,joint,reset,0.5,0.0,0.9817763680502767,0.5626252924999999,1.2652230253095489,1.9999999999999998e-05,0.37464499999999995
fixed/transition2,cea-13,joint,reset,0.5,0.0,0.9817763680502767,0.5626252924999999,1.2652230253095489,1.9999999999999998e-05,0.37464499999999995
fixed/transition3,cea-13,joint,reset,0.5,0.0,0.9817763680502767,0.5626252924999999,1.2652230253095489,1.9999999999999998e-05,0.37464499999999995
oracle-boundary/absolute,cea-13,joint,reset,0.5,0.0,0.9817763680502767,0.5626252924999999,1.2652230253095489,1.9999999999999998e-05,0.37464499999999995
oracle-boundary/present,cea-13,joint,reset,0.5,0.0,0.9817763680502767,0.5626252924999999,1.2652230253095489,1.9999999999999998e-05,0.37464499999999995
oracle-boundary/recency,cea-13,joint,reset,0.5,0.0,1.0293194621721604,0.5694812499999999,1.5615080942797084,0.001,0.35724999999999996
oracle-boundary/reference,cea-13,joint,reset,0.5,0.0,0.9817763680502767,0.5626252924999999,1.2652230253095489,1.9999999999999998e-05,0.37464499999999995
oracle-boundary/transition1,cea-13,joint,reset,0.5,0.0,0.9817763680502767,0.5626252924999999,1.2652230253095489,1.9999999999999998e-05,0.37464499999999995
oracle-boundary/transition2,cea-13,joint,reset,0.5,0.0,0.9817763680502767,0.5626252924999999,1.2652230253095489,1.9999999999999998e-05,0.37464499999999995
oracle-boundary/transition3,cea-13,joint,reset,0.5,0.0,0.9817763680502767,0.5626252924999999,1.2652230253095489,1.9999999999999998e-05,0.37464499999999995
map/absolute,cea-13,joint,removal,0.5,0.0,0.9817763680502767,0.5626252924999999,1.2652230253095489,1.9999999999999998e-05,0.37464499999999995
map/present,cea-13,joint,removal,0.5,0.0,0.9817763680502767,0.5626252924999999,1.2652230253095489,1.9999999999999998e-05,0.37464499999999995
map/recency,cea-13,joint,removal,0.5,0.0,1.0293194621721604,0.5694812499999999,1.5615080942797084,0.001,0.35724999999999996
map/reference,cea-13,joint,removal,0.5,0.0,0.9817763680502767,0.5626252924999999,1.2652230253095489,1.9999999999999998e-05,0.37464499999999995
map/transition1,cea-13,joint,removal,0.5,0.0,0.9817763680502767,0.5626252924999999,1.2652230253095489,1.9999999999999998e-05,0.37464499999999995
map/transition2,cea-13,joint,removal,0.5,0.0,0.9817763680502767,0.5626252924999999,1.2652230253095489,1.9999999999999998e-05,0.37464499999999995
map/transition3,cea-13,joint,removal,0.5,0.0,0.9817763680502767,0.5626252924999999,1.2652230253095489,1.9999999999999998e-05,0.37464499999999995
mixture/absolute,cea-13,joint,removal,0.0,0.0,1.3514847957830702,0.7267239268620282,1.492385511548642,0.3090780597389718,0.3090780597389718
mixture/present,cea-13,joint,removal,0.0,0.0,1.3514847957830702,0.7267239268620282,1.492385511548642,0.3090780597389718,0.3090780597389718
mixture/recency,cea-13,joint,removal,0.0,0.0,1.3990278899049537,0.7378446325999148,1.6923430114718143,0.3097551767827685,0.3097551767827685
mixture/reference,cea-13,joint,removal,0.0,0.0,1.3514847957830702,0.7267239268620282,1.492385511548642,0.3090780597389718,0.3090780597389718
mixture/transition1,cea-13,joint,removal,0.0,0.0,1.3514847957830702,0.7267239268620282,1.492385511548642,0.3090780597389718,0.3090780597389718
mixture/transition2,cea-13,joint,removal,0.0,0.0,1.3514847957830702,0.7267239268620282,1.492385511548642,0.3090780597389718,0.3090780597389718
mixture/transition3,cea-13,joint,removal,0.0,0.0,1.3514847957830702,0.7267239268620282,1.492385511548642,0.3090780597389718,0.3090780597389718
repaired/absolute,cea-13,joint,removal,0.5,0.0,0.9817763680502767,0.5626252924999999,1.2652230253095489,1.9999999999999998e-05,0.37464499999999995
repaired/present,cea-13,joint,removal,0.5,0.0,0.9817763680502767,0.5626252924999999,1.2652230253095489,1.9999999999999998e-05,0.37464499999999995
repaired/recency,cea-13,joint,removal,0.5,0.0,1.0293194621721604,0.5694812499999999,1.5615080942797084,0.001,0.35724999999999996
repaired/reference,cea-13,joint,removal,0.5,0.0,0.9817763680502767,0.5626252924999999,1.2652230253095489,1.9999999999999998e-05,0.37464499999999995
repaired/transition1,cea-13,joint,removal,0.5,0.0,0.9817763680502767,0.5626252924999999,1.2652230253095489,1.9999999999999998e-05,0.37464499999999995
repaired/transition2,cea-13,joint,removal,0.5,0.0,0.9817763680502767,0.5626252924999999,1.2652230253095489,1.9999999999999998e-05,0.37464499999999995
repaired/transition3,cea-13,joint,removal,0.5,0.0,0.9817763680502767,0.5626252924999999,1.2652230253095489,1.9999999999999998e-05,0.37464499999999995
streaming/absolute,cea-13,joint,removal,0.5,0.0,0.9817763680502767,0.5626252924999999,1.2652230253095489,1.9999999999999998e-05,0.37464499999999995
streaming/present,cea-13,joint,removal,0.5,0.0,0.9817763680502767,0.5626252924999999,1.2652230253095489,1.9999999999999998e-05,0.37464499999999995
streaming/recency,cea-13,joint,removal,0.5,0.0,1.0293194621721604,0.5694812499999999,1.5615080942797084,0.001,0.35724999999999996
streaming/reference,cea-13,joint,removal,0.5,0.0,0.9817763680502767,0.5626252924999999,1.2652230253095489,1.9999999999999998e-05,0.37464499999999995
streaming/transition1,cea-13,joint,removal,0.5,0.0,0.9817763680502767,0.5626252924999999,1.2652230253095489,1.9999999999999998e-05,0.37464499999999995
streaming/transition2,cea-13,joint,removal,0.5,0.0,0.9817763680502767,0.5626252924999999,1.2652230253095489,1.9999999999999998e-05,0.37464499999999995
streaming/transition3,cea-13,joint,removal,0.5,0.0,0.9817763680502767,0.5626252924999999,1.2652230253095489,1.9999999999999998e-05,0.37464499999999995
fixed/absolute,cea-13,joint,removal,0.5,0.0,0.9817763680502767,0.5626252924999999,1.2652230253095489,1.9999999999999998e-05,0.37464499999999995
fixed/present,cea-13,joint,removal,0.5,0.0,0.9817763680502767,0.5626252924999999,1.2652230253095489,1.9999999999999998e-05,0.37464499999999995
fixed/recency,cea-13,joint,removal,0.5,0.0,1.0293194621721604,0.5694812499999999,1.5615080942797084,0.001,0.35724999999999996
fixed/reference,cea-13,joint,removal,0.5,0.0,0.9817763680502767,0.5626252924999999,1.2652230253095489,1.9999999999999998e-05,0.37464499999999995
fixed/transition1,cea-13,joint,removal,0.5,0.0,0.9817763680502767,0.5626252924999999,1.2652230253095489,1.9999999999999998e-05,0.37464499999999995
fixed/transition2,cea-13,joint,removal,0.5,0.0,0.9817763680502767,0.5626252924999999,1.2652230253095489,1.9999999999999998e-05,0.37464499999999995
fixed/transition3,cea-13,joint,removal,0.5,0.0,0.9817763680502767,0.5626252924999999,1.2652230253095489,1.9999999999999998e-05,0.37464499999999995
oracle-boundary/absolute,cea-13,joint,removal,0.5,0.0,0.9817763680502767,0.5626252924999999,1.2652230253095489,1.9999999999999998e-05,0.37464499999999995
oracle-boundary/present,cea-13,joint,removal,0.5,0.0,0.9817763680502767,0.5626252924999999,1.2652230253095489,1.9999999999999998e-05,0.37464499999999995
oracle-boundary/recency,cea-13,joint,removal,0.5,0.0,1.0293194621721604,0.5694812499999999,1.5615080942797084,0.001,0.35724999999999996
oracle-boundary/reference,cea-13,joint,removal,0.5,0.0,0.9817763680502767,0.5626252924999999,1.2652230253095489,1.9999999999999998e-05,0.37464499999999995
oracle-boundary/transition1,cea-13,joint,removal,0.5,0.0,0.9817763680502767,0.5626252924999999,1.2652230253095489,1.9999999999999998e-05,0.37464499999999995
oracle-boundary/transition2,cea-13,joint,removal,0.5,0.0,0.9817763680502767,0.5626252924999999,1.2652230253095489,1.9999999999999998e-05,0.37464499999999995
oracle-boundary/transition3,cea-13,joint,removal,0.5,0.0,0.9817763680502767,0.5626252924999999,1.2652230253095489,1.9999999999999998e-05,0.37464499999999995
map/absolute,cea-13,joint,swap,1.0,1.0,0.0009804805139615315,9.800000000392828e-07,0.011582902361779928,1.9999999999999998e-05,0.9990199999999999
map/present,cea-13,joint,swap,0.5,0.0,0.9817763680502767,0.5626252924999999,1.2652230253095489,1.9999999999999998e-05,0.37464499999999995
map/recency,cea-13,joint,swap,0.0,0.0,6.907755278982137,1.90245,0.38625940550147086,0.001,0.951
map/reference,cea-13,joint,swap,1.0,1.0,0.0009804805139615315,9.800000000392828e-07,0.011582902361779928,1.9999999999999998e-05,0.9990199999999999
map/transition1,cea-13,joint,swap,1.0,1.0,0.6456849242925548,0.4517649467439695,0.7014563463078882,1.9999999999999995e-05,0.5248207274622796
map/transition2,cea-13,joint,swap,1.0,1.0,0.0009804805139615315,9.800000000392828e-07,0.011582902361779928,1.9999999999999998e-05,0.9990199999999999
map/transition3,cea-13,joint,swap,1.0,1.0,0.0009804805139615315,9.800000000392828e-07,0.011582902361779928,1.9999999999999998e-05,0.9990199999999999
mixture/absolute,cea-13,joint,swap,1.0,1.0,0.6249827926651805,0.41201165120412486,0.7942208627637019,0.44008472655624636,0.5356017296608108
mixture/present,cea-13,joint,swap,0.0,0.0,1.5646352620188657,0.8743042576117964,1.3905544399920053,0.44008472655624636,0.44008472655624636
mixture/recency,cea-13,joint,swap,0.0,0.0,7.4906141729507265,1.4800589043598513,0.8942440910555984,0.4406334544987801,0.5324900748465067
mixture/reference,cea-13,joint,swap,1.0,1.0,0.6249827926651805,0.41201165120412486,0.7942208627637019,0.44008472655624636,0.5356017296608108
mixture/transition1,cea-13,joint,swap,0.0,0.0,1.2961016287454543,0.8073183702181463,1.0727114288474362,0.44008472655624636,0.44008472655624636
mixture/transition2,cea-13,joint,swap,1.0,1.0,0.6249827926651805,0.41201165120412486,0.7942208627637019,0.44008472655624636,0.5356017296608108
mixture/transition3,cea-13,joint,swap,1.0,1.0,0.6249827926651805,0.41201165120412486,0.7942208627637019,0.44008472655624636,0.5356017296608108
repaired/absolute,cea-13,joint,swap,1.0,1.0,0.0009804805139615315,9.800000000392828e-07,0.011582902361779928,1.9999999999999998e-05,0.9990199999999999
repaired/present,cea-13,joint,swap,0.5,0.0,0.9817763680502767,0.5626252924999999,1.2652230253095489,1.9999999999999998e-05,0.37464499999999995
repaired/recency,cea-13,joint,swap,0.0,0.0,6.907755278982137,1.90245,0.38625940550147086,0.001,0.951
repaired/reference,cea-13,joint,swap,1.0,1.0,0.0009804805139615315,9.800000000392828e-07,0.011582902361779928,1.9999999999999998e-05,0.9990199999999999
repaired/transition1,cea-13,joint,swap,0.0,0.0,0.7002939771525273,0.5061807753253933,0.7038089461461167,1.9999999999999998e-05,0.5026004873492423
repaired/transition2,cea-13,joint,swap,1.0,1.0,0.0009804805139615315,9.800000000392828e-07,0.011582902361779928,1.9999999999999998e-05,0.9990199999999999
repaired/transition3,cea-13,joint,swap,1.0,1.0,0.0009804805139615315,9.800000000392828e-07,0.011582902361779928,1.9999999999999998e-05,0.9990199999999999
streaming/absolute,cea-13,joint,swap,0.5,0.0,0.9817763680502767,0.5626252924999999,1.2652230253095489,1.9999999999999998e-05,0.37464499999999995
streaming/present,cea-13,joint,swap,0.5,0.0,0.9817763680502767,0.5626252924999999,1.2652230253095489,1.9999999999999998e-05,0.37464499999999995
streaming/recency,cea-13,joint,swap,0.0,0.0,3.9685373705771485,1.235965625,0.9738837498905897,0.001,0.654125
streaming/reference,cea-13,joint,swap,0.5,0.0,0.9817763680502767,0.5626252924999999,1.2652230253095489,1.9999999999999998e-05,0.37464499999999995
streaming/transition1,cea-13,joint,swap,0.5,0.0,0.9817763680502767,0.5626252924999999,1.2652230253095489,1.9999999999999998e-05,0.37464499999999995
streaming/transition2,cea-13,joint,swap,0.5,0.0,0.9817763680502767,0.5626252924999999,1.2652230253095489,1.9999999999999998e-05,0.37464499999999995
streaming/transition3,cea-13,joint,swap,0.5,0.0,0.9817763680502767,0.5626252924999999,1.2652230253095489,1.9999999999999998e-05,0.37464499999999995
fixed/absolute,cea-13,joint,swap,0.5,0.0,0.9817763680502767,0.5626252924999999,1.2652230253095489,1.9999999999999998e-05,0.37464499999999995
fixed/present,cea-13,joint,swap,0.5,0.0,0.9817763680502767,0.5626252924999999,1.2652230253095489,1.9999999999999998e-05,0.37464499999999995
fixed/recency,cea-13,joint,swap,0.5,0.0,1.0293194621721604,0.5694812499999999,1.5615080942797084,0.001,0.35724999999999996
fixed/reference,cea-13,joint,swap,0.5,0.0,0.9817763680502767,0.5626252924999999,1.2652230253095489,1.9999999999999998e-05,0.37464499999999995
fixed/transition1,cea-13,joint,swap,0.5,0.0,0.9817763680502767,0.5626252924999999,1.2652230253095489,1.9999999999999998e-05,0.37464499999999995
fixed/transition2,cea-13,joint,swap,0.5,0.0,0.9817763680502767,0.5626252924999999,1.2652230253095489,1.9999999999999998e-05,0.37464499999999995
fixed/transition3,cea-13,joint,swap,0.5,0.0,0.9817763680502767,0.5626252924999999,1.2652230253095489,1.9999999999999998e-05,0.37464499999999995
oracle-boundary/absolute,cea-13,joint,swap,1.0,1.0,0.0009804805139615315,9.800000000392828e-07,0.011582902361779928,1.9999999999999998e-05,0.9990199999999999
oracle-boundary/present,cea-13,joint,swap,0.5,0.0,0.9817763680502767,0.5626252924999999,1.2652230253095489,1.9999999999999998e-05,0.37464499999999995
oracle-boundary/recency,cea-13,joint,swap,0.0,0.0,6.907755278982137,1.90245,0.38625940550147086,0.001,0.951
oracle-boundary/reference,cea-13,joint,swap,1.0,1.0,0.0009804805139615315,9.800000000392828e-07,0.011582902361779928,1.9999999999999998e-05,0.9990199999999999
oracle-boundary/transition1,cea-13,joint,swap,0.5,0.0,0.69410764165507,0.50000048,0.7038282854721148,1.9999999999999998e-05,0.4995199999999999
oracle-boundary/transition2,cea-13,joint,swap,1.0,1.0,0.0009804805139615315,9.800000000392828e-07,0.011582902361779928,1.9999999999999998e-05,0.9990199999999999
oracle-boundary/transition3,cea-13,joint,swap,1.0,1.0,0.0009804805139615315,9.800000000392828e-07,0.011582902361779928,1.9999999999999998e-05,0.9990199999999999
map/absolute,cea-13,joint,shuffle,1.0,1.0,0.0009804805139615315,9.800000000392828e-07,0.011582902361779928,1.9999999999999998e-05,0.9990199999999999
map/present,cea-13,joint,shuffle,0.5,0.0,0.9817763680502767,0.5626252924999999,1.2652230253095489,1.9999999999999998e-05,0.37464499999999995
map/recency,cea-13,joint,shuffle,1.0,1.0,0.05024121643674679,0.0024500000000000632,0.38625940550147086,0.001,0.951
map/reference,cea-13,joint,shuffle,1.0,1.0,0.0009804805139615315,9.800000000392828e-07,0.011582902361779928,1.9999999999999998e-05,0.9990199999999999
map/transition1,cea-13,joint,shuffle,0.0,0.0,0.7472938434719483,0.5529678565930881,0.7014563463078882,1.9999999999999995e-05,0.5248207274622796
map/transition2,cea-13,joint,shuffle,1.0,1.0,0.0009804805139615315,9.800000000392828e-07,0.011582902361779928,1.9999999999999998e-05,0.9990199999999999
map/transition3,cea-13,joint,shuffle,1.0,1.0,0.0009804805139615315,9.800000000392828e-07,0.011582902361779928,1.9999999999999998e-05,0.9990199999999999
mixture/absolute,cea-13,joint,shuffle,1.0,1.0,0.5087459147506257,0.31897992442136236,0.6739577898555865,0.3964197931083825,0.6030007583040298
mixture/present,cea-13,joint,shuffle,0.0,0.0,1.4895418022869409,0.8212938169852555,1.4306452883820042,0.3964197931083825,0.3964197931083825
mixture/recency,cea-13,joint,shuffle,1.0,1.0,0.558006650673411,0.3431185355988665,0.8957384637182964,0.39701131354154495,0.5740162570790697
mixture/reference,cea-13,joint,shuffle,1.0,1.0,0.5087459147506257,0.31897992442136236,0.6739577898555865,0.3964197931083825,0.6030007583040298
mixture/transition1,cea-13,joint,shuffle,0.5,0.0,1.1951012505916743,0.728668231504262,1.088015323591509,0.3964197931083825,0.403367733551865
mixture/transition2,cea-13,joint,shuffle,1.0,1.0,0.5087459147506257,0.31897992442136236,0.6739577898555865,0.3964197931083825,0.6030007583040298
mixture/transition3,cea-13,joint,shuffle,1.0,1.0,0.5087459147506257,0.31897992442136236,0.6739577898555865,0.3964197931083825,0.6030007583040298
repaired/absolute,cea-13,joint,shuffle,1.0,1.0,0.0009804805139615315,9.800000000392828e-07,0.011582902361779928,1.9999999999999998e-05,0.9990199999999999
repaired/present,cea-13,joint,shuffle,0.5,0.0,0.9817763680502767,0.5626252924999999,1.2652230253095489,1.9999999999999998e-05,0.37464499999999995
repaired/recency,cea-13,joint,shuffle,1.0,1.0,0.05024121643674679,0.0024500000000000632,0.38625940550147086,0.001,0.951
repaired/reference,cea-13,joint,shuffle,1.0,1.0,0.0009804805139615315,9.800000000392828e-07,0.011582902361779928,1.9999999999999998e-05,0.9990199999999999
repaired/transition1,cea-13,joint,shuffle,1.0,1.0,0.6879600225111782,0.49385882592842345,0.7038089461461167,1.9999999999999998e-05,0.5026004873492423
repaired/transition2,cea-13,joint,shuffle,1.0,1.0,0.0009804805139615315,9.800000000392828e-07,0.011582902361779928,1.9999999999999998e-05,0.9990199999999999
repaired/transition3,cea-13,joint,shuffle,1.0,1.0,0.0009804805139615315,9.800000000392828e-07,0.011582902361779928,1.9999999999999998e-05,0.9990199999999999
streaming/absolute,cea-13,joint,shuffle,0.5,0.0,0.9817763680502767,0.5626252924999999,1.2652230253095489,1.9999999999999998e-05,0.37464499999999995
streaming/present,cea-13,joint,shuffle,0.5,0.0,0.9817763680502767,0.5626252924999999,1.2652230253095489,1.9999999999999998e-05,0.37464499999999995
streaming/recency,cea-13,joint,shuffle,1.0,1.0,0.5397803393044536,0.285965625,0.9738837498905897,0.001,0.654125
streaming/reference,cea-13,joint,shuffle,0.5,0.0,0.9817763680502767,0.5626252924999999,1.2652230253095489,1.9999999999999998e-05,0.37464499999999995
streaming/transition1,cea-13,joint,shuffle,0.5,0.0,0.9817763680502767,0.5626252924999999,1.2652230253095489,1.9999999999999998e-05,0.37464499999999995
streaming/transition2,cea-13,joint,shuffle,0.5,0.0,0.9817763680502767,0.5626252924999999,1.2652230253095489,1.9999999999999998e-05,0.37464499999999995
streaming/transition3,cea-13,joint,shuffle,0.5,0.0,0.9817763680502767,0.5626252924999999,1.2652230253095489,1.9999999999999998e-05,0.37464499999999995
fixed/absolute,cea-13,joint,shuffle,0.5,0.0,0.9817763680502767,0.5626252924999999,1.2652230253095489,1.9999999999999998e-05,0.37464499999999995
fixed/present,cea-13,joint,shuffle,0.5,0.0,0.9817763680502767,0.5626252924999999,1.2652230253095489,1.9999999999999998e-05,0.37464499999999995
fixed/recency,cea-13,joint,shuffle,0.5,0.0,1.0293194621721604,0.5694812499999999,1.5615080942797084,0.001,0.35724999999999996
fixed/reference,cea-13,joint,shuffle,0.5,0.0,0.9817763680502767,0.5626252924999999,1.2652230253095489,1.9999999999999998e-05,0.37464499999999995
fixed/transition1,cea-13,joint,shuffle,0.5,0.0,0.9817763680502767,0.5626252924999999,1.2652230253095489,1.9999999999999998e-05,0.37464499999999995
fixed/transition2,cea-13,joint,shuffle,0.5,0.0,0.9817763680502767,0.5626252924999999,1.2652230253095489,1.9999999999999998e-05,0.37464499999999995
fixed/transition3,cea-13,joint,shuffle,0.5,0.0,0.9817763680502767,0.5626252924999999,1.2652230253095489,1.9999999999999998e-05,0.37464499999999995
oracle-boundary/absolute,cea-13,joint,shuffle,1.0,1.0,0.0009804805139615315,9.800000000392828e-07,0.011582902361779928,1.9999999999999998e-05,0.9990199999999999
oracle-boundary/present,cea-13,joint,shuffle,0.5,0.0,0.9817763680502767,0.5626252924999999,1.2652230253095489,1.9999999999999998e-05,0.37464499999999995
oracle-boundary/recency,cea-13,joint,shuffle,1.0,1.0,0.05024121643674679,0.0024500000000000632,0.38625940550147086,0.001,0.951
oracle-boundary/reference,cea-13,joint,shuffle,1.0,1.0,0.0009804805139615315,9.800000000392828e-07,0.011582902361779928,1.9999999999999998e-05,0.9990199999999999
oracle-boundary/transition1,cea-13,joint,shuffle,0.5,0.0,0.69410764165507,0.50000048,0.7038282854721148,1.9999999999999998e-05,0.4995199999999999
oracle-boundary/transition2,cea-13,joint,shuffle,1.0,1.0,0.0009804805139615315,9.800000000392828e-07,0.011582902361779928,1.9999999999999998e-05,0.9990199999999999
oracle-boundary/transition3,cea-13,joint,shuffle,1.0,1.0,0.0009804805139615315,9.800000000392828e-07,0.011582902361779928,1.9999999999999998e-05,0.9990199999999999
map/absolute,cea-13,joint,ambiguous,0.5,0.0,0.6943717062781958,0.5002639682783541,0.7035645207882449,1.9999999999999998e-05,0.5109979849789518
map/present,cea-13,joint,ambiguous,0.5,0.0,0.9817763680502767,0.5626252924999999,1.2652230253095489,1.9999999999999998e-05,0.37464499999999995
map/recency,cea-13,joint,ambiguous,0.5,0.0,3.4789982477094417,0.95245,0.38625940550147086,0.001,0.951
map/reference,cea-13,joint,ambiguous,0.5,0.0,0.6941261679460091,0.5000189703949738,0.7038097771950094,1.9999999999999998e-05,0.5025605916343434
map/transition1,cea-13,joint,ambiguous,0.5,0.0,0.6941156725683685,0.5000084954369748,0.7038202623114489,1.999999999999999e-05,0.5015219286918735
map/transition2,cea-13,joint,ambiguous,0.5,0.0,0.6941156725683685,0.5000084954369748,0.7038202623114489,1.999999999999999e-05,0.5015219286918735
map/transition3,cea-13,joint,ambiguous,0.5,0.0,0.6943717062781958,0.5002639682783541,0.7035645207882449,1.9999999999999998e-05,0.5109979849789518
mixture/absolute,cea-13,joint,ambiguous,0.0,0.0,1.2856504613382775,0.7968636540278551,1.0752125761344835,0.4433839541910118,0.4433839541910118
mixture/present,cea-13,joint,ambiguous,0.0,0.0,1.5676359698970952,0.8761560574867828,1.390848595756164,0.4433839541910118,0.4433839541910118
mixture/recency,cea-13,joint,ambiguous,0.5,0.0,4.06485784955626,0.9473931665017619,0.8974472114277748,0.4439294488257973,0.5293524466132801
mixture/reference,cea-13,joint,ambiguous,0.0,0.0,1.2873501405065677,0.7973824387629169,1.0742755975937763,0.4433839541910118,0.4433839541910118
mixture/transition1,cea-13,joint,ambiguous,0.0,0.0,1.2875750577825595,0.7974509571301147,1.0741517670795042,0.4433839541910118,0.4433839541910118
mixture/transition2,cea-13,joint,ambiguous,0.0,0.0,1.2875750577825595,0.7974509571301147,1.0741517670795042,0.4433839541910118,0.4433839541910118
mixture/transition3,cea-13,joint,ambiguous,0.0,0.0,1.2856504613382775,0.7968636540278551,1.0752125761344835,0.4433839541910118,0.4433839541910118
repaired/absolute,cea-13,joint,ambiguous,0.5,0.0,0.6941218957730002,0.5000147065603724,0.7038140451734604,1.9999999999999998e-05,0.5021870733372307
repaired/present,cea-13,joint,ambiguous,0.5,0.0,0.9817763680502767,0.5626252924999999,1.2652230253095489,1.9999999999999998e-05,0.37464499999999995
repaired/recency,cea-13,joint,ambiguous,0.5,0.0,3.4789982477094417,0.95245,0.38625940550147086,0.001,0.951
repaired/reference,cea-13,joint,ambiguous,0.5,0.0,0.6941130691615702,0.5000058970612888,0.7038228631956402,2e-05,0.5011657614178167
repaired/transition1,cea-13,joint,ambiguous,0.5,0.0,0.6941218957730002,0.5000147065603724,0.7038140451734604,1.9999999999999998e-05,0.5021870733372307
repaired/transition2,cea-13,joint,ambiguous,0.5,0.0,0.6941218957730002,0.5000147065603724,0.7038140451734604,1.9999999999999998e-05,0.5021870733372307
repaired/transition3,cea-13,joint,ambiguous,0.5,0.0,0.6941218957730002,0.5000147065603724,0.7038140451734604,1.9999999999999998e-05,0.5021870733372307
streaming/absolute,cea-13,joint,ambiguous,0.5,0.0,0.9817763680502767,0.5626252924999999,1.2652230253095489,1.9999999999999998e-05,0.37464499999999995
streaming/present,cea-13,joint,ambiguous,0.5,0.0,0.9817763680502767,0.5626252924999999,1.2652230253095489,1.9999999999999998e-05,0.37464499999999995
streaming/recency,cea-13,joint,ambiguous,0.5,0.0,3.4789982477094417,0.95245,0.38625940550147086,0.001,0.951
streaming/reference,cea-13,joint,ambiguous,0.5,0.0,0.9817763680502767,0.5626252924999999,1.2652230253095489,1.9999999999999998e-05,0.37464499999999995
streaming/transition1,cea-13,joint,ambiguous,0.5,0.0,0.9817763680502767,0.5626252924999999,1.2652230253095489,1.9999999999999998e-05,0.37464499999999995
streaming/transition2,cea-13,joint,ambiguous,0.5,0.0,0.9817763680502767,0.5626252924999999,1.2652230253095489,1.9999999999999998e-05,0.37464499999999995
streaming/transition3,cea-13,joint,ambiguous,0.5,0.0,0.9817763680502767,0.5626252924999999,1.2652230253095489,1.9999999999999998e-05,0.37464499999999995
fixed/absolute,cea-13,joint,ambiguous,0.5,0.0,0.9817763680502767,0.5626252924999999,1.2652230253095489,1.9999999999999998e-05,0.37464499999999995
fixed/present,cea-13,joint,ambiguous,0.5,0.0,0.9817763680502767,0.5626252924999999,1.2652230253095489,1.9999999999999998e-05,0.37464499999999995
fixed/recency,cea-13,joint,ambiguous,0.5,0.0,1.0293194621721604,0.5694812499999999,1.5615080942797084,0.001,0.35724999999999996
fixed/reference,cea-13,joint,ambiguous,0.5,0.0,0.9817763680502767,0.5626252924999999,1.2652230253095489,1.9999999999999998e-05,0.37464499999999995
fixed/transition1,cea-13,joint,ambiguous,0.5,0.0,0.9817763680502767,0.5626252924999999,1.2652230253095489,1.9999999999999998e-05,0.37464499999999995
fixed/transition2,cea-13,joint,ambiguous,0.5,0.0,0.9817763680502767,0.5626252924999999,1.2652230253095489,1.9999999999999998e-05,0.37464499999999995
fixed/transition3,cea-13,joint,ambiguous,0.5,0.0,0.9817763680502767,0.5626252924999999,1.2652230253095489,1.9999999999999998e-05,0.37464499999999995
oracle-boundary/absolute,cea-13,joint,ambiguous,0.5,0.0,0.69410764165507,0.50000048,0.7038282854721148,1.9999999999999998e-05,0.4995199999999999
oracle-boundary/present,cea-13,joint,ambiguous,0.5,0.0,0.9817763680502767,0.5626252924999999,1.2652230253095489,1.9999999999999998e-05,0.37464499999999995
oracle-boundary/recency,cea-13,joint,ambiguous,0.5,0.0,3.4789982477094417,0.95245,0.38625940550147086,0.001,0.951
oracle-boundary/reference,cea-13,joint,ambiguous,0.5,0.0,0.69410764165507,0.50000048,0.7038282854721148,1.9999999999999998e-05,0.4995199999999999
oracle-boundary/transition1,cea-13,joint,ambiguous,0.5,0.0,0.69410764165507,0.50000048,0.7038282854721148,1.9999999999999998e-05,0.4995199999999999
oracle-boundary/transition2,cea-13,joint,ambiguous,0.5,0.0,0.69410764165507,0.50000048,0.7038282854721148,1.9999999999999998e-05,0.4995199999999999
oracle-boundary/transition3,cea-13,joint,ambiguous,0.5,0.0,0.69410764165507,0.50000048,0.7038282854721148,1.9999999999999998e-05,0.4995199999999999
map/absolute,cea-14,detached,intact,1.0,1.0,0.0009804805139615315,9.800000000392828e-07,0.011582902361779928,1.9999999999999998e-05,0.9990199999999999
map/present,cea-14,detached,intact,0.0,0.0,10.819778284410283,1.3118752925,1.2652230253095489,1.9999999999999998e-05,0.37464499999999995
map/recency,cea-14,detached,intact,0.0,0.0,6.907755278982137,1.90245,0.38625940550147086,0.001,0.951
map/reference,cea-14,detached,intact,1.0,1.0,0.0009804805139615315,9.800000000392828e-07,0.011582902361779928,1.9999999999999998e-05,0.9990199999999999
map/transition1,cea-14,detached,intact,0.0,0.0,0.6969086830650806,0.5027988213552796,0.7038243772763156,1.9999999999999998e-05,0.5009172184582198
map/transition2,cea-14,detached,intact,1.0,1.0,0.0009804805139615315,9.800000000392828e-07,0.011582902361779928,1.9999999999999998e-05,0.9990199999999999
map/transition3,cea-14,detached,intact,1.0,1.0,0.0009804805139615315,9.800000000392828e-07,0.011582902361779928,1.9999999999999998e-05,0.9990199999999999
mixture/absolute,cea-14,detached,intact,1.0,1.0,0.0009804805139615315,9.800000000392828e-07,0.011582902361779928,1.9999999999999998e-05,0.9990199999999999
mixture/present,cea-14,detached,intact,0.0,0.0,10.819778284410283,1.3118752925,1.2652230253095489,1.9999999999999998e-05,0.37464499999999995
mixture/recency,cea-14,detached,intact,0.0,0.0,6.907755278982137,1.90245,0.38625940550147086,0.001,0.951
mixture/reference,cea-14,detached,intact,1.0,1.0,0.0009804805139615315,9.800000000392828e-07,0.011582902361779928,1.9999999999999998e-05,0.9990199999999999
mixture/transition1,cea-14,detached,intact,0.0,0.0,0.6969086830650806,0.5027988213552796,0.7038243772763156,1.9999999999999998e-05,0.5009172184582198
mixture/transition2,cea-14,detached,intact,1.0,1.0,0.0009804805139615315,9.800000000392828e-07,0.011582902361779928,1.9999999999999998e-05,0.9990199999999999
mixture/transition3,cea-14,detached,intact,1.0,1.0,0.0009804805139615315,9.800000000392828e-07,0.011582902361779928,1.9999999999999998e-05,0.9990199999999999
repaired/absolute,cea-14,detached,intact,1.0,1.0,0.0009804805139615315,9.800000000392828e-07,0.011582902361779928,1.9999999999999998e-05,0.9990199999999999
repaired/present,cea-14,detached,intact,0.0,0.0,10.819778284410283,1.3118752925,1.2652230253095489,1.9999999999999998e-05,0.37464499999999995
repaired/recency,cea-14,detached,intact,0.0,0.0,6.907755278982137,1.90245,0.38625940550147086,0.001,0.951
repaired/reference,cea-14,detached,intact,1.0,1.0,0.0009804805139615315,9.800000000392828e-07,0.011582902361779928,1.9999999999999998e-05,0.9990199999999999
repaired/transition1,cea-14,detached,intact,1.0,1.0,0.688610169966454,0.49450833069351907,0.7038127209780156,1.9999999999999998e-05,0.5022738493850861
repaired/transition2,cea-14,detached,intact,1.0,1.0,0.0009804805139615315,9.800000000392828e-07,0.011582902361779928,1.9999999999999998e-05,0.9990199999999999
repaired/transition3,cea-14,detached,intact,1.0,1.0,0.0009804805139615315,9.800000000392828e-07,0.011582902361779928,1.9999999999999998e-05,0.9990199999999999
streaming/absolute,cea-14,detached,intact,1.0,1.0,0.0009804805139615315,9.800000000392828e-07,0.011582902361779928,1.9999999999999998e-05,0.9990199999999999
streaming/present,cea-14,detached,intact,0.0,0.0,10.819778284410283,1.3118752925,1.2652230253095489,1.9999999999999998e-05,0.37464499999999995
streaming/recency,cea-14,detached,intact,0.0,0.0,6.907755278982137,1.90245,0.38625940550147086,0.001,0.951
streaming/reference,cea-14,detached,intact,1.0,1.0,0.0009804805139615315,9.800000000392828e-07,0.011582902361779928,1.9999999999999998e-05,0.9990199999999999
streaming/transition1,cea-14,detached,intact,0.5,0.0,1.0355358101628398,0.805175895892132,0.636349658812603,1.9999999999999998e-05,0.6324309148395331
streaming/transition2,cea-14,detached,intact,1.0,1.0,0.0009804805139615315,9.800000000392828e-07,0.011582902361779928,1.9999999999999998e-05,0.9990199999999999
streaming/transition3,cea-14,detached,intact,1.0,1.0,0.0009804805139615315,9.800000000392828e-07,0.011582902361779928,1.9999999999999998e-05,0.9990199999999999
fixed/absolute,cea-14,detached,intact,0.0,0.0,10.819778284410283,1.3118752925,1.2652230253095489,1.9999999999999998e-05,0.37464499999999995
fixed/present,cea-14,detached,intact,0.0,0.0,10.819778284410283,1.3118752925,1.2652230253095489,1.9999999999999998e-05,0.37464499999999995
fixed/recency,cea-14,detached,intact,0.0,0.0,6.907755278982137,1.90245,0.38625940550147086,0.001,0.951
fixed/reference,cea-14,detached,intact,0.0,0.0,10.819778284410283,1.3118752925,1.2652230253095489,1.9999999999999998e-05,0.37464499999999995
fixed/transition1,cea-14,detached,intact,0.0,0.0,10.819778284410283,1.99800098,0.011582902361779817,2e-05,0.99902
fixed/transition2,cea-14,detached,intact,0.0,0.0,10.819778284410283,1.3118752925,1.2652230253095489,1.9999999999999998e-05,0.37464499999999995
fixed/transition3,cea-14,detached,intact,0.0,0.0,10.819778284410283,1.3118752925,1.2652230253095489,1.9999999999999998e-05,0.37464499999999995
oracle-boundary/absolute,cea-14,detached,intact,1.0,1.0,0.0009804805139615315,9.800000000392828e-07,0.011582902361779928,1.9999999999999998e-05,0.9990199999999999
oracle-boundary/present,cea-14,detached,intact,0.0,0.0,10.819778284410283,1.3118752925,1.2652230253095489,1.9999999999999998e-05,0.37464499999999995
oracle-boundary/recency,cea-14,detached,intact,0.0,0.0,6.907755278982137,1.90245,0.38625940550147086,0.001,0.951
oracle-boundary/reference,cea-14,detached,intact,1.0,1.0,0.0009804805139615315,9.800000000392828e-07,0.011582902361779928,1.9999999999999998e-05,0.9990199999999999
oracle-boundary/transition1,cea-14,detached,intact,0.5,0.0,0.69410764165507,0.50000048,0.7038282854721148,1.9999999999999998e-05,0.4995199999999999
oracle-boundary/transition2,cea-14,detached,intact,1.0,1.0,0.0009804805139615315,9.800000000392828e-07,0.011582902361779928,1.9999999999999998e-05,0.9990199999999999
oracle-boundary/transition3,cea-14,detached,intact,1.0,1.0,0.0009804805139615315,9.800000000392828e-07,0.011582902361779928,1.9999999999999998e-05,0.9990199999999999
map/absolute,cea-14,legato,intact,1.0,1.0,0.0009804805139615315,9.800000000392828e-07,0.011582902361779928,1.9999999999999998e-05,0.9990199999999999
map/present,cea-14,legato,intact,0.0,0.0,10.819778284410283,1.3118752925,1.2652230253095489,1.9999999999999998e-05,0.37464499999999995
map/recency,cea-14,legato,intact,0.0,0.0,6.907755278982137,1.90245,0.38625940550147086,0.001,0.951
map/reference,cea-14,legato,intact,1.0,1.0,0.0009804805139615315,9.800000000392828e-07,0.011582902361779928,1.9999999999999998e-05,0.9990199999999999
map/transition1,cea-14,legato,intact,1.0,1.0,0.5961451805277114,0.40246440941264827,0.6985260027353628,1.9999999999999998e-05,0.5509319374445667
map/transition2,cea-14,legato,intact,1.0,1.0,0.0009804805139615315,9.800000000392828e-07,0.011582902361779928,1.9999999999999998e-05,0.9990199999999999
map/transition3,cea-14,legato,intact,1.0,1.0,0.0009804805139615315,9.800000000392828e-07,0.011582902361779928,1.9999999999999998e-05,0.9990199999999999
mixture/absolute,cea-14,legato,intact,1.0,1.0,0.13457259672299782,0.03149615132057115,0.3868351697493674,0.12507063046063435,0.8740894205456279
mixture/present,cea-14,legato,intact,0.0,0.0,10.953370400619319,1.2543888091881197,1.4837036695193073,0.12507063046063435,0.3277944695404664
mixture/recency,cea-14,legato,intact,0.0,0.0,7.041347395191173,1.7064926595508059,0.7096102183973705,0.12592807839174153,0.8320744719213752
mixture/reference,cea-14,legato,intact,1.0,1.0,0.13457259672299782,0.03149615132057115,0.3868351697493674,0.12507063046063435,0.8740894205456279
mixture/transition1,cea-14,legato,intact,1.0,1.0,0.7297372967367475,0.4376497670405205,0.9878738842429333,0.12507063046063435,0.4820361734109443
mixture/transition2,cea-14,legato,intact,1.0,1.0,0.13457259672299782,0.03149615132057115,0.3868351697493674,0.12507063046063435,0.8740894205456279
mixture/transition3,cea-14,legato,intact,1.0,1.0,0.13457259672299782,0.03149615132057115,0.3868351697493674,0.12507063046063435,0.8740894205456279
repaired/absolute,cea-14,legato,intact,1.0,1.0,0.0009804805139615315,9.800000000392828e-07,0.011582902361779928,1.9999999999999998e-05,0.9990199999999999
repaired/present,cea-14,legato,intact,0.0,0.0,10.819778284410283,1.3118752925,1.2652230253095489,1.9999999999999998e-05,0.37464499999999995
repaired/recency,cea-14,legato,intact,0.0,0.0,6.907755278982137,1.90245,0.38625940550147086,0.001,0.951
repaired/reference,cea-14,legato,intact,1.0,1.0,0.0009804805139615315,9.800000000392828e-07,0.011582902361779928,1.9999999999999998e-05,0.9990199999999999
repaired/transition1,cea-14,legato,intact,0.0,0.0,0.6944987722643259,0.5003912350306179,0.7038282090838507,1.9999999999999998e-05,0.4997153393578441
repaired/transition2,cea-14,legato,intact,1.0,1.0,0.0009804805139615315,9.800000000392828e-07,0.011582902361779928,1.9999999999999998e-05,0.9990199999999999
repaired/transition3,cea-14,legato,intact,1.0,1.0,0.0009804805139615315,9.800000000392828e-07,0.011582902361779928,1.9999999999999998e-05,0.9990199999999999
streaming/absolute,cea-14,legato,intact,0.0,0.0,10.819778284410283,1.3118752925,1.2652230253095489,1.9999999999999998e-05,0.37464499999999995
streaming/present,cea-14,legato,intact,0.0,0.0,10.819778284410283,1.3118752925,1.2652230253095489,1.9999999999999998e-05,0.37464499999999995
streaming/recency,cea-14,legato,intact,0.0,0.0,6.907755278982137,1.592215625,0.9738837498905897,0.001,0.654125
streaming/reference,cea-14,legato,intact,0.0,0.0,10.819778284410283,1.3118752925,1.2652230253095489,1.9999999999999998e-05,0.37464499999999995
streaming/transition1,cea-14,legato,intact,0.0,0.0,10.819778284410283,1.3118752925,1.2652230253095489,1.9999999999999998e-05,0.37464499999999995
streaming/transition2,cea-14,legato,intact,0.0,0.0,10.819778284410283,1.3118752925,1.2652230253095489,1.9999999999999998e-05,0.37464499999999995
streaming/transition3,cea-14,legato,intact,0.0,0.0,10.819778284410283,1.3118752925,1.2652230253095489,1.9999999999999998e-05,0.37464499999999995
fixed/absolute,cea-14,legato,intact,0.0,0.0,10.819778284410283,1.3118752925,1.2652230253095489,1.9999999999999998e-05,0.37464499999999995
fixed/present,cea-14,legato,intact,0.0,0.0,10.819778284410283,1.3118752925,1.2652230253095489,1.9999999999999998e-05,0.37464499999999995
fixed/recency,cea-14,legato,intact,0.0,0.0,6.907755278982137,1.90245,0.38625940550147086,0.001,0.951
fixed/reference,cea-14,legato,intact,0.0,0.0,10.819778284410283,1.3118752925,1.2652230253095489,1.9999999999999998e-05,0.37464499999999995
fixed/transition1,cea-14,legato,intact,0.0,0.0,10.819778284410283,1.99800098,0.011582902361779817,2e-05,0.99902
fixed/transition2,cea-14,legato,intact,0.0,0.0,10.819778284410283,1.3118752925,1.2652230253095489,1.9999999999999998e-05,0.37464499999999995
fixed/transition3,cea-14,legato,intact,0.0,0.0,10.819778284410283,1.3118752925,1.2652230253095489,1.9999999999999998e-05,0.37464499999999995
oracle-boundary/absolute,cea-14,legato,intact,1.0,1.0,0.0009804805139615315,9.800000000392828e-07,0.011582902361779928,1.9999999999999998e-05,0.9990199999999999
oracle-boundary/present,cea-14,legato,intact,0.0,0.0,10.819778284410283,1.3118752925,1.2652230253095489,1.9999999999999998e-05,0.37464499999999995
oracle-boundary/recency,cea-14,legato,intact,0.0,0.0,6.907755278982137,1.90245,0.38625940550147086,0.001,0.951
oracle-boundary/reference,cea-14,legato,intact,1.0,1.0,0.0009804805139615315,9.800000000392828e-07,0.011582902361779928,1.9999999999999998e-05,0.9990199999999999
oracle-boundary/transition1,cea-14,legato,intact,0.5,0.0,0.69410764165507,0.50000048,0.7038282854721148,1.9999999999999998e-05,0.4995199999999999
oracle-boundary/transition2,cea-14,legato,intact,1.0,1.0,0.0009804805139615315,9.800000000392828e-07,0.011582902361779928,1.9999999999999998e-05,0.9990199999999999
oracle-boundary/transition3,cea-14,legato,intact,1.0,1.0,0.0009804805139615315,9.800000000392828e-07,0.011582902361779928,1.9999999999999998e-05,0.9990199999999999
map/absolute,cea-14,duration,intact,1.0,1.0,0.0009804805139615315,9.800000000392828e-07,0.011582902361779928,1.9999999999999998e-05,0.9990199999999999
map/present,cea-14,duration,intact,0.0,0.0,10.819778284410283,1.3118752925,1.2652230253095489,1.9999999999999998e-05,0.37464499999999995
map/recency,cea-14,duration,intact,0.0,0.0,6.907755278982137,1.90245,0.38625940550147086,0.001,0.951
map/reference,cea-14,duration,intact,1.0,1.0,0.0009804805139615315,9.800000000392828e-07,0.011582902361779928,1.9999999999999998e-05,0.9990199999999999
map/transition1,cea-14,duration,intact,0.5,0.0,0.7359696763328731,0.5414228944425142,0.6985435384457026,1.9999999999999998e-05,0.5475442649523207
map/transition2,cea-14,duration,intact,1.0,1.0,0.0009804805139615315,9.800000000392828e-07,0.011582902361779928,1.9999999999999998e-05,0.9990199999999999
map/transition3,cea-14,duration,intact,1.0,1.0,0.0009804805139615315,9.800000000392828e-07,0.011582902361779928,1.9999999999999998e-05,0.9990199999999999
mixture/absolute,cea-14,duration,intact,1.0,1.0,0.31767007391731883,0.14775879054989727,0.592969894995495,0.27145770224896115,0.7278428831569059
mixture/present,cea-14,duration,intact,0.0,0.0,11.13646787781364,1.2392232539921317,1.5063180176832114,0.27145770224896115,0.27295018814470084
mixture/recency,cea-14,duration,intact,0.0,0.0,7.224444872385495,1.5526974215341554,0.8610579641087514,0.2721716879804718,0.6928575823128842
mixture/reference,cea-14,duration,intact,1.0,1.0,0.31767007391731883,0.14775879054989727,0.592969894995495,0.27145770224896115,0.7278428831569059
mixture/transition1,cea-14,duration,intact,0.5,0.0,1.0526592697362305,0.6398571899636558,1.0934597850703929,0.27145770224896115,0.3989171352514724
mixture/transition2,cea-14,duration,intact,1.0,1.0,0.31767007391731883,0.14775879054989727,0.592969894995495,0.27145770224896115,0.7278428831569059
mixture/transition3,cea-14,duration,intact,1.0,1.0,0.31767007391731883,0.14775879054989727,0.592969894995495,0.27145770224896115,0.7278428831569059
repaired/absolute,cea-14,duration,intact,1.0,1.0,0.0009804805139615315,9.800000000392828e-07,0.011582902361779928,1.9999999999999998e-05,0.9990199999999999
repaired/present,cea-14,duration,intact,0.0,0.0,10.819778284410283,1.3118752925,1.2652230253095489,1.9999999999999998e-05,0.37464499999999995
repaired/recency,cea-14,duration,intact,0.0,0.0,6.907755278982137,1.90245,0.38625940550147086,0.001,0.951
repaired/reference,cea-14,duration,intact,1.0,1.0,0.0009804805139615315,9.800000000392828e-07,0.011582902361779928,1.9999999999999998e-05,0.9990199999999999
repaired/transition1,cea-14,duration,intact,0.0,0.0,0.7006538793329168,0.5065403184736623,0.7038069174648967,1.9999999999999998e-05,0.5027792455674114
repaired/transition2,cea-14,duration,intact,1.0,1.0,0.0009804805139615315,9.800000000392828e-07,0.011582902361779928,1.9999999999999998e-05,0.9990199999999999
repaired/transition3,cea-14,duration,intact,1.0,1.0,0.0009804805139615315,9.800000000392828e-07,0.011582902361779928,1.9999999999999998e-05,0.9990199999999999
streaming/absolute,cea-14,duration,intact,0.0,0.0,10.819778284410283,1.3118752925,1.2652230253095489,1.9999999999999998e-05,0.37464499999999995
streaming/present,cea-14,duration,intact,0.0,0.0,10.819778284410283,1.3118752925,1.2652230253095489,1.9999999999999998e-05,0.37464499999999995
streaming/recency,cea-14,duration,intact,0.0,0.0,6.907755278982137,1.90245,0.38625940550147086,0.001,0.951
streaming/reference,cea-14,duration,intact,0.0,0.0,10.819778284410283,1.3118752925,1.2652230253095489,1.9999999999999998e-05,0.37464499999999995
streaming/transition1,cea-14,duration,intact,0.0,0.0,10.819778284410283,1.3118752925,1.2652230253095489,1.9999999999999998e-05,0.37464499999999995
streaming/transition2,cea-14,duration,intact,0.0,0.0,10.819778284410283,1.3118752925,1.2652230253095489,1.9999999999999998e-05,0.37464499999999995
streaming/transition3,cea-14,duration,intact,0.0,0.0,10.819778284410283,1.3118752925,1.2652230253095489,1.9999999999999998e-05,0.37464499999999995
fixed/absolute,cea-14,duration,intact,0.0,0.0,10.819778284410283,1.3118752925,1.2652230253095489,1.9999999999999998e-05,0.37464499999999995
fixed/present,cea-14,duration,intact,0.0,0.0,10.819778284410283,1.3118752925,1.2652230253095489,1.9999999999999998e-05,0.37464499999999995
fixed/recency,cea-14,duration,intact,0.0,0.0,6.907755278982137,1.2819812499999999,1.5615080942797084,0.001,0.35724999999999996
fixed/reference,cea-14,duration,intact,0.0,0.0,10.819778284410283,1.3118752925,1.2652230253095489,1.9999999999999998e-05,0.37464499999999995
fixed/transition1,cea-14,duration,intact,0.0,0.0,10.819778284410283,1.3118752925,1.2652230253095489,1.9999999999999998e-05,0.37464499999999995
fixed/transition2,cea-14,duration,intact,0.0,0.0,10.819778284410283,1.3118752925,1.2652230253095489,1.9999999999999998e-05,0.37464499999999995
fixed/transition3,cea-14,duration,intact,0.0,0.0,10.819778284410283,1.3118752925,1.2652230253095489,1.9999999999999998e-05,0.37464499999999995
oracle-boundary/absolute,cea-14,duration,intact,1.0,1.0,0.0009804805139615315,9.800000000392828e-07,0.011582902361779928,1.9999999999999998e-05,0.9990199999999999
oracle-boundary/present,cea-14,duration,intact,0.0,0.0,10.819778284410283,1.3118752925,1.2652230253095489,1.9999999999999998e-05,0.37464499999999995
oracle-boundary/recency,cea-14,duration,intact,0.0,0.0,6.907755278982137,1.90245,0.38625940550147086,0.001,0.951
oracle-boundary/reference,cea-14,duration,intact,1.0,1.0,0.0009804805139615315,9.800000000392828e-07,0.011582902361779928,1.9999999999999998e-05,0.9990199999999999
oracle-boundary/transition1,cea-14,duration,intact,0.5,0.0,0.69410764165507,0.50000048,0.7038282854721148,1.9999999999999998e-05,0.4995199999999999
oracle-boundary/transition2,cea-14,duration,intact,1.0,1.0,0.0009804805139615315,9.800000000392828e-07,0.011582902361779928,1.9999999999999998e-05,0.9990199999999999
oracle-boundary/transition3,cea-14,duration,intact,1.0,1.0,0.0009804805139615315,9.800000000392828e-07,0.011582902361779928,1.9999999999999998e-05,0.9990199999999999
map/absolute,cea-14,joint,intact,1.0,1.0,0.0009804805139615315,9.800000000392828e-07,0.011582902361779928,1.9999999999999998e-05,0.9990199999999999
map/present,cea-14,joint,intact,0.0,0.0,10.819778284410283,1.3118752925,1.2652230253095489,1.9999999999999998e-05,0.37464499999999995
map/recency,cea-14,joint,intact,0.0,0.0,6.907755278982137,1.90245,0.38625940550147086,0.001,0.951
map/reference,cea-14,joint,intact,1.0,1.0,0.0009804805139615315,9.800000000392828e-07,0.011582902361779928,1.9999999999999998e-05,0.9990199999999999
map/transition1,cea-14,joint,intact,0.5,0.0,0.7345289283572456,0.5399794818442154,0.6983241242572094,1.9999999999999998e-05,0.5489665575516689
map/transition2,cea-14,joint,intact,1.0,1.0,0.0009804805139615315,9.800000000392828e-07,0.011582902361779928,1.9999999999999998e-05,0.9990199999999999
map/transition3,cea-14,joint,intact,1.0,1.0,0.0009804805139615315,9.800000000392828e-07,0.011582902361779928,1.9999999999999998e-05,0.9990199999999999
mixture/absolute,cea-14,joint,intact,1.0,1.0,0.19983347047059655,0.06533382074286431,0.4812181473090301,0.18034600915293006,0.8188671072781853
mixture/present,cea-14,joint,intact,0.0,0.0,11.018631274366918,1.242055160504583,1.5087898286028065,0.18034600915293006,0.3070854111091227
mixture/recency,cea-14,joint,intact,0.0,0.0,7.106608268938772,1.6388384111268515,0.7832557893945069,0.18114928612949974,0.779506535426272
mixture/reference,cea-14,joint,intact,1.0,1.0,0.19983347047059655,0.06533382074286431,0.4812181473090301,0.18034600915293006,0.8188671072781853
mixture/transition1,cea-14,joint,intact,0.5,0.0,0.9333819183138806,0.5808851726752208,1.0441195885436367,0.18034600915293006,0.44997162917138656
mixture/transition2,cea-14,joint,intact,1.0,1.0,0.19983347047059655,0.06533382074286431,0.4812181473090301,0.18034600915293006,0.8188671072781853
mixture/transition3,cea-14,joint,intact,1.0,1.0,0.19983347047059655,0.06533382074286431,0.4812181473090301,0.18034600915293006,0.8188671072781853
repaired/absolute,cea-14,joint,intact,1.0,1.0,0.0009804805139615315,9.800000000392828e-07,0.011582902361779928,1.9999999999999998e-05,0.9990199999999999
repaired/present,cea-14,joint,intact,0.0,0.0,10.819778284410283,1.3118752925,1.2652230253095489,1.9999999999999998e-05,0.37464499999999995
repaired/recency,cea-14,joint,intact,0.0,0.0,6.907755278982137,1.90245,0.38625940550147086,0.001,0.951
repaired/reference,cea-14,joint,intact,1.0,1.0,0.0009804805139615315,9.800000000392828e-07,0.011582902361779928,1.9999999999999998e-05,0.9990199999999999
repaired/transition1,cea-14,joint,intact,1.0,1.0,0.6874519758335866,0.49335128145671414,0.7038059648551951,1.9999999999999998e-05,0.5028557487825087
repaired/transition2,cea-14,joint,intact,1.0,1.0,0.0009804805139615315,9.800000000392828e-07,0.011582902361779928,1.9999999999999998e-05,0.9990199999999999
repaired/transition3,cea-14,joint,intact,1.0,1.0,0.0009804805139615315,9.800000000392828e-07,0.011582902361779928,1.9999999999999998e-05,0.9990199999999999
streaming/absolute,cea-14,joint,intact,0.0,0.0,10.819778284410283,1.3118752925,1.2652230253095489,1.9999999999999998e-05,0.37464499999999995
streaming/present,cea-14,joint,intact,0.0,0.0,10.819778284410283,1.3118752925,1.2652230253095489,1.9999999999999998e-05,0.37464499999999995
streaming/recency,cea-14,joint,intact,0.0,0.0,6.907755278982137,1.90245,0.38625940550147086,0.001,0.951
streaming/reference,cea-14,joint,intact,0.0,0.0,10.819778284410283,1.3118752925,1.2652230253095489,1.9999999999999998e-05,0.37464499999999995
streaming/transition1,cea-14,joint,intact,0.0,0.0,10.819778284410283,1.3118752925,1.2652230253095489,1.9999999999999998e-05,0.37464499999999995
streaming/transition2,cea-14,joint,intact,0.0,0.0,10.819778284410283,1.3118752925,1.2652230253095489,1.9999999999999998e-05,0.37464499999999995
streaming/transition3,cea-14,joint,intact,0.0,0.0,10.819778284410283,1.3118752925,1.2652230253095489,1.9999999999999998e-05,0.37464499999999995
fixed/absolute,cea-14,joint,intact,0.0,0.0,10.819778284410283,1.3118752925,1.2652230253095489,1.9999999999999998e-05,0.37464499999999995
fixed/present,cea-14,joint,intact,0.0,0.0,10.819778284410283,1.3118752925,1.2652230253095489,1.9999999999999998e-05,0.37464499999999995
fixed/recency,cea-14,joint,intact,0.0,0.0,6.907755278982137,1.2819812499999999,1.5615080942797084,0.001,0.35724999999999996
fixed/reference,cea-14,joint,intact,0.0,0.0,10.819778284410283,1.3118752925,1.2652230253095489,1.9999999999999998e-05,0.37464499999999995
fixed/transition1,cea-14,joint,intact,0.0,0.0,10.819778284410283,1.3118752925,1.2652230253095489,1.9999999999999998e-05,0.37464499999999995
fixed/transition2,cea-14,joint,intact,0.0,0.0,10.819778284410283,1.3118752925,1.2652230253095489,1.9999999999999998e-05,0.37464499999999995
fixed/transition3,cea-14,joint,intact,0.0,0.0,10.819778284410283,1.3118752925,1.2652230253095489,1.9999999999999998e-05,0.37464499999999995
oracle-boundary/absolute,cea-14,joint,intact,1.0,1.0,0.0009804805139615315,9.800000000392828e-07,0.011582902361779928,1.9999999999999998e-05,0.9990199999999999
oracle-boundary/present,cea-14,joint,intact,0.0,0.0,10.819778284410283,1.3118752925,1.2652230253095489,1.9999999999999998e-05,0.37464499999999995
oracle-boundary/recency,cea-14,joint,intact,0.0,0.0,6.907755278982137,1.90245,0.38625940550147086,0.001,0.951
oracle-boundary/reference,cea-14,joint,intact,1.0,1.0,0.0009804805139615315,9.800000000392828e-07,0.011582902361779928,1.9999999999999998e-05,0.9990199999999999
oracle-boundary/transition1,cea-14,joint,intact,0.5,0.0,0.69410764165507,0.50000048,0.7038282854721148,1.9999999999999998e-05,0.4995199999999999
oracle-boundary/transition2,cea-14,joint,intact,1.0,1.0,0.0009804805139615315,9.800000000392828e-07,0.011582902361779928,1.9999999999999998e-05,0.9990199999999999
oracle-boundary/transition3,cea-14,joint,intact,1.0,1.0,0.0009804805139615315,9.800000000392828e-07,0.011582902361779928,1.9999999999999998e-05,0.9990199999999999
map/absolute,cea-14,joint,reset,0.0,0.0,10.819778284410283,1.3118752925,1.2652230253095489,1.9999999999999998e-05,0.37464499999999995
map/present,cea-14,joint,reset,0.0,0.0,10.819778284410283,1.3118752925,1.2652230253095489,1.9999999999999998e-05,0.37464499999999995
map/recency,cea-14,joint,reset,0.0,0.0,6.907755278982137,1.2819812499999999,1.5615080942797084,0.001,0.35724999999999996
map/reference,cea-14,joint,reset,0.0,0.0,10.819778284410283,1.3118752925,1.2652230253095489,1.9999999999999998e-05,0.37464499999999995
map/transition1,cea-14,joint,reset,0.0,0.0,10.819778284410283,1.3118752925,1.2652230253095489,1.9999999999999998e-05,0.37464499999999995
map/transition2,cea-14,joint,reset,0.0,0.0,10.819778284410283,1.3118752925,1.2652230253095489,1.9999999999999998e-05,0.37464499999999995
map/transition3,cea-14,joint,reset,0.0,0.0,10.819778284410283,1.3118752925,1.2652230253095489,1.9999999999999998e-05,0.37464499999999995
mixture/absolute,cea-14,joint,reset,0.0,0.0,10.819778284410283,1.3118752925,1.2652230253095489,1.9999999999999998e-05,0.37464499999999995
mixture/present,cea-14,joint,reset,0.0,0.0,10.819778284410283,1.3118752925,1.2652230253095489,1.9999999999999998e-05,0.37464499999999995
mixture/recency,cea-14,joint,reset,0.0,0.0,6.907755278982137,1.2819812499999999,1.5615080942797084,0.001,0.35724999999999996
mixture/reference,cea-14,joint,reset,0.0,0.0,10.819778284410283,1.3118752925,1.2652230253095489,1.9999999999999998e-05,0.37464499999999995
mixture/transition1,cea-14,joint,reset,0.0,0.0,10.819778284410283,1.3118752925,1.2652230253095489,1.9999999999999998e-05,0.37464499999999995
mixture/transition2,cea-14,joint,reset,0.0,0.0,10.819778284410283,1.3118752925,1.2652230253095489,1.9999999999999998e-05,0.37464499999999995
mixture/transition3,cea-14,joint,reset,0.0,0.0,10.819778284410283,1.3118752925,1.2652230253095489,1.9999999999999998e-05,0.37464499999999995
repaired/absolute,cea-14,joint,reset,0.0,0.0,10.819778284410283,1.3118752925,1.2652230253095489,1.9999999999999998e-05,0.37464499999999995
repaired/present,cea-14,joint,reset,0.0,0.0,10.819778284410283,1.3118752925,1.2652230253095489,1.9999999999999998e-05,0.37464499999999995
repaired/recency,cea-14,joint,reset,0.0,0.0,6.907755278982137,1.2819812499999999,1.5615080942797084,0.001,0.35724999999999996
repaired/reference,cea-14,joint,reset,0.0,0.0,10.819778284410283,1.3118752925,1.2652230253095489,1.9999999999999998e-05,0.37464499999999995
repaired/transition1,cea-14,joint,reset,0.0,0.0,10.819778284410283,1.3118752925,1.2652230253095489,1.9999999999999998e-05,0.37464499999999995
repaired/transition2,cea-14,joint,reset,0.0,0.0,10.819778284410283,1.3118752925,1.2652230253095489,1.9999999999999998e-05,0.37464499999999995
repaired/transition3,cea-14,joint,reset,0.0,0.0,10.819778284410283,1.3118752925,1.2652230253095489,1.9999999999999998e-05,0.37464499999999995
streaming/absolute,cea-14,joint,reset,0.0,0.0,10.819778284410283,1.3118752925,1.2652230253095489,1.9999999999999998e-05,0.37464499999999995
streaming/present,cea-14,joint,reset,0.0,0.0,10.819778284410283,1.3118752925,1.2652230253095489,1.9999999999999998e-05,0.37464499999999995
streaming/recency,cea-14,joint,reset,0.0,0.0,6.907755278982137,1.2819812499999999,1.5615080942797084,0.001,0.35724999999999996
streaming/reference,cea-14,joint,reset,0.0,0.0,10.819778284410283,1.3118752925,1.2652230253095489,1.9999999999999998e-05,0.37464499999999995
streaming/transition1,cea-14,joint,reset,0.0,0.0,10.819778284410283,1.3118752925,1.2652230253095489,1.9999999999999998e-05,0.37464499999999995
streaming/transition2,cea-14,joint,reset,0.0,0.0,10.819778284410283,1.3118752925,1.2652230253095489,1.9999999999999998e-05,0.37464499999999995
streaming/transition3,cea-14,joint,reset,0.0,0.0,10.819778284410283,1.3118752925,1.2652230253095489,1.9999999999999998e-05,0.37464499999999995
fixed/absolute,cea-14,joint,reset,0.0,0.0,10.819778284410283,1.3118752925,1.2652230253095489,1.9999999999999998e-05,0.37464499999999995
fixed/present,cea-14,joint,reset,0.0,0.0,10.819778284410283,1.3118752925,1.2652230253095489,1.9999999999999998e-05,0.37464499999999995
fixed/recency,cea-14,joint,reset,0.0,0.0,6.907755278982137,1.2819812499999999,1.5615080942797084,0.001,0.35724999999999996
fixed/reference,cea-14,joint,reset,0.0,0.0,10.819778284410283,1.3118752925,1.2652230253095489,1.9999999999999998e-05,0.37464499999999995
fixed/transition1,cea-14,joint,reset,0.0,0.0,10.819778284410283,1.3118752925,1.2652230253095489,1.9999999999999998e-05,0.37464499999999995
fixed/transition2,cea-14,joint,reset,0.0,0.0,10.819778284410283,1.3118752925,1.2652230253095489,1.9999999999999998e-05,0.37464499999999995
fixed/transition3,cea-14,joint,reset,0.0,0.0,10.819778284410283,1.3118752925,1.2652230253095489,1.9999999999999998e-05,0.37464499999999995
oracle-boundary/absolute,cea-14,joint,reset,0.0,0.0,10.819778284410283,1.3118752925,1.2652230253095489,1.9999999999999998e-05,0.37464499999999995
oracle-boundary/present,cea-14,joint,reset,0.0,0.0,10.819778284410283,1.3118752925,1.2652230253095489,1.9999999999999998e-05,0.37464499999999995
oracle-boundary/recency,cea-14,joint,reset,0.0,0.0,6.907755278982137,1.2819812499999999,1.5615080942797084,0.001,0.35724999999999996
oracle-boundary/reference,cea-14,joint,reset,0.0,0.0,10.819778284410283,1.3118752925,1.2652230253095489,1.9999999999999998e-05,0.37464499999999995
oracle-boundary/transition1,cea-14,joint,reset,0.0,0.0,10.819778284410283,1.3118752925,1.2652230253095489,1.9999999999999998e-05,0.37464499999999995
oracle-boundary/transition2,cea-14,joint,reset,0.0,0.0,10.819778284410283,1.3118752925,1.2652230253095489,1.9999999999999998e-05,0.37464499999999995
oracle-boundary/transition3,cea-14,joint,reset,0.0,0.0,10.819778284410283,1.3118752925,1.2652230253095489,1.9999999999999998e-05,0.37464499999999995
map/absolute,cea-14,joint,removal,0.0,0.0,10.819778284410283,1.3118752925,1.2652230253095489,1.9999999999999998e-05,0.37464499999999995
map/present,cea-14,joint,removal,0.0,0.0,10.819778284410283,1.3118752925,1.2652230253095489,1.9999999999999998e-05,0.37464499999999995
map/recency,cea-14,joint,removal,0.0,0.0,6.907755278982137,1.2819812499999999,1.5615080942797084,0.001,0.35724999999999996
map/reference,cea-14,joint,removal,0.0,0.0,10.819778284410283,1.3118752925,1.2652230253095489,1.9999999999999998e-05,0.37464499999999995
map/transition1,cea-14,joint,removal,0.0,0.0,10.819778284410283,1.3118752925,1.2652230253095489,1.9999999999999998e-05,0.37464499999999995
map/transition2,cea-14,joint,removal,0.0,0.0,10.819778284410283,1.3118752925,1.2652230253095489,1.9999999999999998e-05,0.37464499999999995
map/transition3,cea-14,joint,removal,0.0,0.0,10.819778284410283,1.3118752925,1.2652230253095489,1.9999999999999998e-05,0.37464499999999995
mixture/absolute,cea-14,joint,removal,0.0,0.0,11.018631274366918,1.242055160504583,1.5087898286028065,0.18034600915293006,0.3070854111091227
mixture/present,cea-14,joint,removal,0.0,0.0,11.018631274366918,1.242055160504583,1.5087898286028065,0.18034600915293006,0.3070854111091227
mixture/recency,cea-14,joint,removal,0.0,0.0,7.106608268938772,1.2219705628969377,1.7465723337202617,0.18114928612949974,0.2928272447750112
mixture/reference,cea-14,joint,removal,0.0,0.0,11.018631274366918,1.242055160504583,1.5087898286028065,0.18034600915293006,0.3070854111091227
mixture/transition1,cea-14,joint,removal,0.0,0.0,11.018631274366918,1.242055160504583,1.5087898286028065,0.18034600915293006,0.3070854111091227
mixture/transition2,cea-14,joint,removal,0.0,0.0,11.018631274366918,1.242055160504583,1.5087898286028065,0.18034600915293006,0.3070854111091227
mixture/transition3,cea-14,joint,removal,0.0,0.0,11.018631274366918,1.242055160504583,1.5087898286028065,0.18034600915293006,0.3070854111091227
repaired/absolute,cea-14,joint,removal,0.0,0.0,10.819778284410283,1.3118752925,1.2652230253095489,1.9999999999999998e-05,0.37464499999999995
repaired/present,cea-14,joint,removal,0.0,0.0,10.819778284410283,1.3118752925,1.2652230253095489,1.9999999999999998e-05,0.37464499999999995
repaired/recency,cea-14,joint,removal,0.0,0.0,6.907755278982137,1.2819812499999999,1.5615080942797084,0.001,0.35724999999999996
repaired/reference,cea-14,joint,removal,0.0,0.0,10.819778284410283,1.3118752925,1.2652230253095489,1.9999999999999998e-05,0.37464499999999995
repaired/transition1,cea-14,joint,removal,0.0,0.0,10.819778284410283,1.3118752925,1.2652230253095489,1.9999999999999998e-05,0.37464499999999995
repaired/transition2,cea-14,joint,removal,0.0,0.0,10.819778284410283,1.3118752925,1.2652230253095489,1.9999999999999998e-05,0.37464499999999995
repaired/transition3,cea-14,joint,removal,0.0,0.0,10.819778284410283,1.3118752925,1.2652230253095489,1.9999999999999998e-05,0.37464499999999995
streaming/absolute,cea-14,joint,removal,0.0,0.0,10.819778284410283,1.3118752925,1.2652230253095489,1.9999999999999998e-05,0.37464499999999995
streaming/present,cea-14,joint,removal,0.0,0.0,10.819778284410283,1.3118752925,1.2652230253095489,1.9999999999999998e-05,0.37464499999999995
streaming/recency,cea-14,joint,removal,0.0,0.0,6.907755278982137,1.2819812499999999,1.5615080942797084,0.001,0.35724999999999996
streaming/reference,cea-14,joint,removal,0.0,0.0,10.819778284410283,1.3118752925,1.2652230253095489,1.9999999999999998e-05,0.37464499999999995
streaming/transition1,cea-14,joint,removal,0.0,0.0,10.819778284410283,1.3118752925,1.2652230253095489,1.9999999999999998e-05,0.37464499999999995
streaming/transition2,cea-14,joint,removal,0.0,0.0,10.819778284410283,1.3118752925,1.2652230253095489,1.9999999999999998e-05,0.37464499999999995
streaming/transition3,cea-14,joint,removal,0.0,0.0,10.819778284410283,1.3118752925,1.2652230253095489,1.9999999999999998e-05,0.37464499999999995
fixed/absolute,cea-14,joint,removal,0.0,0.0,10.819778284410283,1.3118752925,1.2652230253095489,1.9999999999999998e-05,0.37464499999999995
fixed/present,cea-14,joint,removal,0.0,0.0,10.819778284410283,1.3118752925,1.2652230253095489,1.9999999999999998e-05,0.37464499999999995
fixed/recency,cea-14,joint,removal,0.0,0.0,6.907755278982137,1.2819812499999999,1.5615080942797084,0.001,0.35724999999999996
fixed/reference,cea-14,joint,removal,0.0,0.0,10.819778284410283,1.3118752925,1.2652230253095489,1.9999999999999998e-05,0.37464499999999995
fixed/transition1,cea-14,joint,removal,0.0,0.0,10.819778284410283,1.3118752925,1.2652230253095489,1.9999999999999998e-05,0.37464499999999995
fixed/transition2,cea-14,joint,removal,0.0,0.0,10.819778284410283,1.3118752925,1.2652230253095489,1.9999999999999998e-05,0.37464499999999995
fixed/transition3,cea-14,joint,removal,0.0,0.0,10.819778284410283,1.3118752925,1.2652230253095489,1.9999999999999998e-05,0.37464499999999995
oracle-boundary/absolute,cea-14,joint,removal,0.0,0.0,10.819778284410283,1.3118752925,1.2652230253095489,1.9999999999999998e-05,0.37464499999999995
oracle-boundary/present,cea-14,joint,removal,0.0,0.0,10.819778284410283,1.3118752925,1.2652230253095489,1.9999999999999998e-05,0.37464499999999995
oracle-boundary/recency,cea-14,joint,removal,0.0,0.0,6.907755278982137,1.2819812499999999,1.5615080942797084,0.001,0.35724999999999996
oracle-boundary/reference,cea-14,joint,removal,0.0,0.0,10.819778284410283,1.3118752925,1.2652230253095489,1.9999999999999998e-05,0.37464499999999995
oracle-boundary/transition1,cea-14,joint,removal,0.0,0.0,10.819778284410283,1.3118752925,1.2652230253095489,1.9999999999999998e-05,0.37464499999999995
oracle-boundary/transition2,cea-14,joint,removal,0.0,0.0,10.819778284410283,1.3118752925,1.2652230253095489,1.9999999999999998e-05,0.37464499999999995
oracle-boundary/transition3,cea-14,joint,removal,0.0,0.0,10.819778284410283,1.3118752925,1.2652230253095489,1.9999999999999998e-05,0.37464499999999995
map/absolute,cea-14,joint,swap,1.0,1.0,0.0009804805139615315,9.800000000392828e-07,0.011582902361779928,1.9999999999999998e-05,0.9990199999999999
map/present,cea-14,joint,swap,0.0,0.0,10.819778284410283,1.3118752925,1.2652230253095489,1.9999999999999998e-05,0.37464499999999995
map/recency,cea-14,joint,swap,0.0,0.0,6.907755278982137,1.90245,0.38625940550147086,0.001,0.951
map/reference,cea-14,joint,swap,1.0,1.0,0.0009804805139615315,9.800000000392828e-07,0.011582902361779928,1.9999999999999998e-05,0.9990199999999999
map/transition1,cea-14,joint,swap,0.5,0.0,0.7345289283572456,0.5399794818442154,0.6983241242572094,1.9999999999999998e-05,0.5489665575516689
map/transition2,cea-14,joint,swap,1.0,1.0,0.0009804805139615315,9.800000000392828e-07,0.011582902361779928,1.9999999999999998e-05,0.9990199999999999
map/transition3,cea-14,joint,swap,1.0,1.0,0.0009804805139615315,9.800000000392828e-07,0.011582902361779928,1.9999999999999998e-05,0.9990199999999999
mixture/absolute,cea-14,joint,swap,1.0,1.0,0.19983347047059655,0.06533382074286431,0.4812181473090301,0.18034600915293006,0.8188671072781853
mixture/present,cea-14,joint,swap,0.0,0.0,11.018631274366918,1.242055160504583,1.5087898286028065,0.18034600915293006,0.3070854111091227
mixture/recency,cea-14,joint,swap,0.0,0.0,7.106608268938772,1.6388384111268515,0.7832557893945069,0.18114928612949974,0.779506535426272
mixture/reference,cea-14,joint,swap,1.0,1.0,0.19983347047059655,0.06533382074286431,0.4812181473090301,0.18034600915293006,0.8188671072781853
mixture/transition1,cea-14,joint,swap,0.5,0.0,0.9333819183138806,0.5808851726752208,1.0441195885436367,0.18034600915293006,0.44997162917138656
mixture/transition2,cea-14,joint,swap,1.0,1.0,0.19983347047059655,0.06533382074286431,0.4812181473090301,0.18034600915293006,0.8188671072781853
mixture/transition3,cea-14,joint,swap,1.0,1.0,0.19983347047059655,0.06533382074286431,0.4812181473090301,0.18034600915293006,0.8188671072781853
repaired/absolute,cea-14,joint,swap,1.0,1.0,0.0009804805139615315,9.800000000392828e-07,0.011582902361779928,1.9999999999999998e-05,0.9990199999999999
repaired/present,cea-14,joint,swap,0.0,0.0,10.819778284410283,1.3118752925,1.2652230253095489,1.9999999999999998e-05,0.37464499999999995
repaired/recency,cea-14,joint,swap,0.0,0.0,6.907755278982137,1.90245,0.38625940550147086,0.001,0.951
repaired/reference,cea-14,joint,swap,1.0,1.0,0.0009804805139615315,9.800000000392828e-07,0.011582902361779928,1.9999999999999998e-05,0.9990199999999999
repaired/transition1,cea-14,joint,swap,1.0,1.0,0.6874519758335866,0.49335128145671414,0.7038059648551951,1.9999999999999998e-05,0.5028557487825087
repaired/transition2,cea-14,joint,swap,1.0,1.0,0.0009804805139615315,9.800000000392828e-07,0.011582902361779928,1.9999999999999998e-05,0.9990199999999999
repaired/transition3,cea-14,joint,swap,1.0,1.0,0.0009804805139615315,9.800000000392828e-07,0.011582902361779928,1.9999999999999998e-05,0.9990199999999999
streaming/absolute,cea-14,joint,swap,0.0,0.0,10.819778284410283,1.3118752925,1.2652230253095489,1.9999999999999998e-05,0.37464499999999995
streaming/present,cea-14,joint,swap,0.0,0.0,10.819778284410283,1.3118752925,1.2652230253095489,1.9999999999999998e-05,0.37464499999999995
streaming/recency,cea-14,joint,swap,0.0,0.0,6.907755278982137,1.90245,0.38625940550147086,0.001,0.951
streaming/reference,cea-14,joint,swap,0.0,0.0,10.819778284410283,1.3118752925,1.2652230253095489,1.9999999999999998e-05,0.37464499999999995
streaming/transition1,cea-14,joint,swap,0.0,0.0,10.819778284410283,1.3118752925,1.2652230253095489,1.9999999999999998e-05,0.37464499999999995
streaming/transition2,cea-14,joint,swap,0.0,0.0,10.819778284410283,1.3118752925,1.2652230253095489,1.9999999999999998e-05,0.37464499999999995
streaming/transition3,cea-14,joint,swap,0.0,0.0,10.819778284410283,1.3118752925,1.2652230253095489,1.9999999999999998e-05,0.37464499999999995
fixed/absolute,cea-14,joint,swap,0.0,0.0,10.819778284410283,1.3118752925,1.2652230253095489,1.9999999999999998e-05,0.37464499999999995
fixed/present,cea-14,joint,swap,0.0,0.0,10.819778284410283,1.3118752925,1.2652230253095489,1.9999999999999998e-05,0.37464499999999995
fixed/recency,cea-14,joint,swap,0.0,0.0,6.907755278982137,1.2819812499999999,1.5615080942797084,0.001,0.35724999999999996
fixed/reference,cea-14,joint,swap,0.0,0.0,10.819778284410283,1.3118752925,1.2652230253095489,1.9999999999999998e-05,0.37464499999999995
fixed/transition1,cea-14,joint,swap,0.0,0.0,10.819778284410283,1.3118752925,1.2652230253095489,1.9999999999999998e-05,0.37464499999999995
fixed/transition2,cea-14,joint,swap,0.0,0.0,10.819778284410283,1.3118752925,1.2652230253095489,1.9999999999999998e-05,0.37464499999999995
fixed/transition3,cea-14,joint,swap,0.0,0.0,10.819778284410283,1.3118752925,1.2652230253095489,1.9999999999999998e-05,0.37464499999999995
oracle-boundary/absolute,cea-14,joint,swap,1.0,1.0,0.0009804805139615315,9.800000000392828e-07,0.011582902361779928,1.9999999999999998e-05,0.9990199999999999
oracle-boundary/present,cea-14,joint,swap,0.0,0.0,10.819778284410283,1.3118752925,1.2652230253095489,1.9999999999999998e-05,0.37464499999999995
oracle-boundary/recency,cea-14,joint,swap,0.0,0.0,6.907755278982137,1.90245,0.38625940550147086,0.001,0.951
oracle-boundary/reference,cea-14,joint,swap,1.0,1.0,0.0009804805139615315,9.800000000392828e-07,0.011582902361779928,1.9999999999999998e-05,0.9990199999999999
oracle-boundary/transition1,cea-14,joint,swap,0.5,0.0,0.69410764165507,0.50000048,0.7038282854721148,1.9999999999999998e-05,0.4995199999999999
oracle-boundary/transition2,cea-14,joint,swap,1.0,1.0,0.0009804805139615315,9.800000000392828e-07,0.011582902361779928,1.9999999999999998e-05,0.9990199999999999
oracle-boundary/transition3,cea-14,joint,swap,1.0,1.0,0.0009804805139615315,9.800000000392828e-07,0.011582902361779928,1.9999999999999998e-05,0.9990199999999999
map/absolute,cea-14,joint,shuffle,1.0,1.0,0.0009804805139615315,9.800000000392828e-07,0.011582902361779928,1.9999999999999998e-05,0.9990199999999999
map/present,cea-14,joint,shuffle,0.0,0.0,10.819778284410283,1.3118752925,1.2652230253095489,1.9999999999999998e-05,0.37464499999999995
map/recency,cea-14,joint,shuffle,1.0,1.0,0.05024121643674679,0.0024500000000000632,0.38625940550147086,0.001,0.951
map/reference,cea-14,joint,shuffle,1.0,1.0,0.0009804805139615315,9.800000000392828e-07,0.011582902361779928,1.9999999999999998e-05,0.9990199999999999
map/transition1,cea-14,joint,shuffle,0.5,0.0,0.6845212132930808,0.4905201831325644,0.6993904606826005,1.9999999999999998e-05,0.5460481291928873
map/transition2,cea-14,joint,shuffle,1.0,1.0,0.0009804805139615315,9.800000000392828e-07,0.011582902361779928,1.9999999999999998e-05,0.9990199999999999
map/transition3,cea-14,joint,shuffle,1.0,1.0,0.0009804805139615315,9.800000000392828e-07,0.011582902361779928,1.9999999999999998e-05,0.9990199999999999
mixture/absolute,cea-14,joint,shuffle,1.0,1.0,0.13509831901158392,0.031727289560048555,0.38772351468880184,0.1255304794441186,0.8736300130259971
mixture/present,cea-14,joint,shuffle,0.0,0.0,10.953896122907906,1.254253133052916,1.4840155177926158,0.1255304794441186,0.3276221859723776
mixture/recency,cea-14,joint,shuffle,1.0,1.0,0.1843590549343691,0.04435655153216134,0.7103253344421769,0.12638747671420877,0.8316371467915791
mixture/reference,cea-14,joint,shuffle,1.0,1.0,0.13509831901158392,0.031727289560048555,0.38772351468880184,0.1255304794441186,0.8736300130259971
mixture/transition1,cea-14,joint,shuffle,0.5,0.0,0.8186390517907032,0.5149641530714474,0.9892022900238279,0.1255304794441186,0.47751199597565963
mixture/transition2,cea-14,joint,shuffle,1.0,1.0,0.13509831901158392,0.031727289560048555,0.38772351468880184,0.1255304794441186,0.8736300130259971
mixture/transition3,cea-14,joint,shuffle,1.0,1.0,0.13509831901158392,0.031727289560048555,0.38772351468880184,0.1255304794441186,0.8736300130259971
repaired/absolute,cea-14,joint,shuffle,1.0,1.0,0.0009804805139615315,9.800000000392828e-07,0.011582902361779928,1.9999999999999998e-05,0.9990199999999999
repaired/present,cea-14,joint,shuffle,0.0,0.0,10.819778284410283,1.3118752925,1.2652230253095489,1.9999999999999998e-05,0.37464499999999995
repaired/recency,cea-14,joint,shuffle,1.0,1.0,0.05024121643674679,0.0024500000000000632,0.38625940550147086,0.001,0.951
repaired/reference,cea-14,joint,shuffle,1.0,1.0,0.0009804805139615315,9.800000000392828e-07,0.011582902361779928,1.9999999999999998e-05,0.9990199999999999
repaired/transition1,cea-14,joint,shuffle,0.0,0.0,0.6964739116180534,0.5023644710547917,0.7038254590772062,1.9999999999999998e-05,0.5007005836880097
repaired/transition2,cea-14,joint,shuffle,1.0,1.0,0.0009804805139615315,9.800000000392828e-07,0.011582902361779928,1.9999999999999998e-05,0.9990199999999999
repaired/transition3,cea-14,joint,shuffle,1.0,1.0,0.0009804805139615315,9.800000000392828e-07,0.011582902361779928,1.9999999999999998e-05,0.9990199999999999
streaming/absolute,cea-14,joint,shuffle,0.0,0.0,10.819778284410283,1.3118752925,1.2652230253095489,1.9999999999999998e-05,0.37464499999999995
streaming/present,cea-14,joint,shuffle,0.0,0.0,10.819778284410283,1.3118752925,1.2652230253095489,1.9999999999999998e-05,0.37464499999999995
streaming/recency,cea-14,joint,shuffle,1.0,1.0,0.05024121643674679,0.0024500000000000632,0.38625940550147086,0.001,0.951
streaming/reference,cea-14,joint,shuffle,0.0,0.0,10.819778284410283,1.3118752925,1.2652230253095489,1.9999999999999998e-05,0.37464499999999995
streaming/transition1,cea-14,joint,shuffle,0.0,0.0,10.819778284410283,1.3118752925,1.2652230253095489,1.9999999999999998e-05,0.37464499999999995
streaming/transition2,cea-14,joint,shuffle,0.0,0.0,10.819778284410283,1.3118752925,1.2652230253095489,1.9999999999999998e-05,0.37464499999999995
streaming/transition3,cea-14,joint,shuffle,0.0,0.0,10.819778284410283,1.3118752925,1.2652230253095489,1.9999999999999998e-05,0.37464499999999995
fixed/absolute,cea-14,joint,shuffle,0.0,0.0,10.819778284410283,1.3118752925,1.2652230253095489,1.9999999999999998e-05,0.37464499999999995
fixed/present,cea-14,joint,shuffle,0.0,0.0,10.819778284410283,1.3118752925,1.2652230253095489,1.9999999999999998e-05,0.37464499999999995
fixed/recency,cea-14,joint,shuffle,0.0,0.0,6.907755278982137,1.2819812499999999,1.5615080942797084,0.001,0.35724999999999996
fixed/reference,cea-14,joint,shuffle,0.0,0.0,10.819778284410283,1.3118752925,1.2652230253095489,1.9999999999999998e-05,0.37464499999999995
fixed/transition1,cea-14,joint,shuffle,0.0,0.0,10.819778284410283,1.3118752925,1.2652230253095489,1.9999999999999998e-05,0.37464499999999995
fixed/transition2,cea-14,joint,shuffle,0.0,0.0,10.819778284410283,1.3118752925,1.2652230253095489,1.9999999999999998e-05,0.37464499999999995
fixed/transition3,cea-14,joint,shuffle,0.0,0.0,10.819778284410283,1.3118752925,1.2652230253095489,1.9999999999999998e-05,0.37464499999999995
oracle-boundary/absolute,cea-14,joint,shuffle,1.0,1.0,0.0009804805139615315,9.800000000392828e-07,0.011582902361779928,1.9999999999999998e-05,0.9990199999999999
oracle-boundary/present,cea-14,joint,shuffle,0.0,0.0,10.819778284410283,1.3118752925,1.2652230253095489,1.9999999999999998e-05,0.37464499999999995
oracle-boundary/recency,cea-14,joint,shuffle,1.0,1.0,0.05024121643674679,0.0024500000000000632,0.38625940550147086,0.001,0.951
oracle-boundary/reference,cea-14,joint,shuffle,1.0,1.0,0.0009804805139615315,9.800000000392828e-07,0.011582902361779928,1.9999999999999998e-05,0.9990199999999999
oracle-boundary/transition1,cea-14,joint,shuffle,0.5,0.0,0.69410764165507,0.50000048,0.7038282854721148,1.9999999999999998e-05,0.4995199999999999
oracle-boundary/transition2,cea-14,joint,shuffle,1.0,1.0,0.0009804805139615315,9.800000000392828e-07,0.011582902361779928,1.9999999999999998e-05,0.9990199999999999
oracle-boundary/transition3,cea-14,joint,shuffle,1.0,1.0,0.0009804805139615315,9.800000000392828e-07,0.011582902361779928,1.9999999999999998e-05,0.9990199999999999
map/absolute,cea-14,joint,ambiguous,0.5,0.0,0.6946804696423211,0.5005718813082742,0.7032562258942611,1.9999999999999998e-05,0.5164226818622704
map/present,cea-14,joint,ambiguous,0.0,0.0,10.819778284410283,1.3118752925,1.2652230253095489,1.9999999999999998e-05,0.37464499999999995
map/recency,cea-14,joint,ambiguous,0.5,0.0,3.4789982477094417,0.95245,0.38625940550147086,0.001,0.951
map/reference,cea-14,joint,ambiguous,0.5,0.0,0.6943634828621061,0.5002557649097328,0.7035727334627673,2e-05,0.5108178960371563
map/transition1,cea-14,joint,ambiguous,0.5,0.0,0.703036284945884,0.5088328923576289,0.6949611205839344,2e-05,0.5659745421985164
map/transition2,cea-14,joint,ambiguous,0.5,0.0,0.6946804696423211,0.5005718813082742,0.7032562258942611,1.9999999999999998e-05,0.5164226818622704
map/transition3,cea-14,joint,ambiguous,0.5,0.0,0.6946804696423211,0.5005718813082742,0.7032562258942611,1.9999999999999998e-05,0.5164226818622704
mixture/absolute,cea-14,joint,ambiguous,0.5,0.0,0.9623901567133818,0.5832604617869941,1.0830138796671906,0.23488542663941062,0.39513042251523267
mixture/present,cea-14,joint,ambiguous,0.0,0.0,11.087487971481345,1.2377431712881135,1.512991467196385,0.23488542663941062,0.28665208237832557
mixture/recency,cea-14,joint,ambiguous,0.5,0.0,3.7467079347805026,0.8566062355139088,0.835484866557777,0.23563525391784956,0.7276385120361611
mixture/reference,cea-14,joint,ambiguous,0.5,0.0,0.9620731699331669,0.5830753997467677,1.0832560490638217,0.23488542663941062,0.3908420334320914
mixture/transition1,cea-14,joint,ambiguous,0.5,0.0,0.9707459720169447,0.5880966536649865,1.076667046770041,0.23488542663941062,0.4330440312677981
mixture/transition2,cea-14,joint,ambiguous,0.5,0.0,0.9623901567133818,0.5832604617869941,1.0830138796671906,0.23488542663941062,0.39513042251523267
mixture/transition3,cea-14,joint,ambiguous,0.5,0.0,0.9623901567133818,0.5832604617869941,1.0830138796671906,0.23488542663941062,0.39513042251523267
repaired/absolute,cea-14,joint,ambiguous,0.5,0.0,0.7284286759026855,0.5331064214962526,0.670314060258765,1.9999999999999998e-05,0.6281783489250751
repaired/present,cea-14,joint,ambiguous,0.0,0.0,10.819778284410283,1.3118752925,1.2652230253095489,1.9999999999999998e-05,0.37464499999999995
repaired/recency,cea-14,joint,ambiguous,0.5,0.0,3.4789982477094417,0.95245,0.38625940550147086,0.001,0.951
repaired/reference,cea-14,joint,ambiguous,0.5,0.0,0.7087314986491764,0.5143848916977267,0.6893600719797746,1.9999999999999998e-05,0.5843268738302702
repaired/transition1,cea-14,joint,ambiguous,0.5,0.0,0.694111431635297,0.5000042626926213,0.7038244991398357,1.9999999999999998e-05,0.5008952622697879
repaired/transition2,cea-14,joint,ambiguous,0.5,0.0,0.729942608295858,0.5345150745383171,0.668870849920542,1.9999999999999998e-05,0.6308870326572028
repaired/transition3,cea-14,joint,ambiguous,0.5,0.0,0.7284286759026855,0.5331064214962526,0.670314060258765,1.9999999999999998e-05,0.6281783489250751
streaming/absolute,cea-14,joint,ambiguous,0.0,0.0,10.819778284410283,1.3118752925,1.2652230253095489,1.9999999999999998e-05,0.37464499999999995
streaming/present,cea-14,joint,ambiguous,0.0,0.0,10.819778284410283,1.3118752925,1.2652230253095489,1.9999999999999998e-05,0.37464499999999995
streaming/recency,cea-14,joint,ambiguous,0.5,0.0,3.4789982477094417,0.95245,0.38625940550147086,0.001,0.951
streaming/reference,cea-14,joint,ambiguous,0.0,0.0,10.819778284410283,1.3118752925,1.2652230253095489,1.9999999999999998e-05,0.37464499999999995
streaming/transition1,cea-14,joint,ambiguous,0.0,0.0,10.819778284410283,1.3118752925,1.2652230253095489,1.9999999999999998e-05,0.37464499999999995
streaming/transition2,cea-14,joint,ambiguous,0.0,0.0,10.819778284410283,1.3118752925,1.2652230253095489,1.9999999999999998e-05,0.37464499999999995
streaming/transition3,cea-14,joint,ambiguous,0.0,0.0,10.819778284410283,1.3118752925,1.2652230253095489,1.9999999999999998e-05,0.37464499999999995
fixed/absolute,cea-14,joint,ambiguous,0.0,0.0,10.819778284410283,1.3118752925,1.2652230253095489,1.9999999999999998e-05,0.37464499999999995
fixed/present,cea-14,joint,ambiguous,0.0,0.0,10.819778284410283,1.3118752925,1.2652230253095489,1.9999999999999998e-05,0.37464499999999995
fixed/recency,cea-14,joint,ambiguous,0.0,0.0,6.907755278982137,1.2819812499999999,1.5615080942797084,0.001,0.35724999999999996
fixed/reference,cea-14,joint,ambiguous,0.0,0.0,10.819778284410283,1.3118752925,1.2652230253095489,1.9999999999999998e-05,0.37464499999999995
fixed/transition1,cea-14,joint,ambiguous,0.0,0.0,10.819778284410283,1.3118752925,1.2652230253095489,1.9999999999999998e-05,0.37464499999999995
fixed/transition2,cea-14,joint,ambiguous,0.0,0.0,10.819778284410283,1.3118752925,1.2652230253095489,1.9999999999999998e-05,0.37464499999999995
fixed/transition3,cea-14,joint,ambiguous,0.0,0.0,10.819778284410283,1.3118752925,1.2652230253095489,1.9999999999999998e-05,0.37464499999999995
oracle-boundary/absolute,cea-14,joint,ambiguous,0.5,0.0,0.69410764165507,0.50000048,0.7038282854721148,1.9999999999999998e-05,0.4995199999999999
oracle-boundary/present,cea-14,joint,ambiguous,0.0,0.0,10.819778284410283,1.3118752925,1.2652230253095489,1.9999999999999998e-05,0.37464499999999995
oracle-boundary/recency,cea-14,joint,ambiguous,0.5,0.0,3.4789982477094417,0.95245,0.38625940550147086,0.001,0.951
oracle-boundary/reference,cea-14,joint,ambiguous,0.5,0.0,0.69410764165507,0.50000048,0.7038282854721148,1.9999999999999998e-05,0.4995199999999999
oracle-boundary/transition1,cea-14,joint,ambiguous,0.5,0.0,0.69410764165507,0.50000048,0.7038282854721148,1.9999999999999998e-05,0.4995199999999999
oracle-boundary/transition2,cea-14,joint,ambiguous,0.5,0.0,0.69410764165507,0.50000048,0.7038282854721148,1.9999999999999998e-05,0.4995199999999999
oracle-boundary/transition3,cea-14,joint,ambiguous,0.5,0.0,0.69410764165507,0.50000048,0.7038282854721148,1.9999999999999998e-05,0.4995199999999999
map/absolute,cea-15,detached,intact,1.0,1.0,0.0009804805139615315,9.800000000392828e-07,0.011582902361779928,1.9999999999999998e-05,0.9990199999999999
map/present,cea-15,detached,intact,0.0,0.0,2.0802818946775288,1.0621252925000002,1.2652230253095489,1.9999999999999998e-05,0.37464499999999995
map/recency,cea-15,detached,intact,1.0,1.0,0.05024121643674679,0.0024500000000000632,0.38625940550147086,0.001,0.951
map/reference,cea-15,detached,intact,1.0,1.0,0.0009804805139615315,9.800000000392828e-07,0.011582902361779928,1.9999999999999998e-05,0.9990199999999999
map/transition1,cea-15,detached,intact,1.0,1.0,0.620055525309517,0.4261596280558517,0.7008742538444461,1.9999999999999998e-05,0.5379145688925162
map/transition2,cea-15,detached,intact,1.0,1.0,0.0009804805139615315,9.800000000392828e-07,0.011582902361779928,1.9999999999999998e-05,0.9990199999999999
map/transition3,cea-15,detached,intact,1.0,1.0,0.0009804805139615315,9.800000000392828e-07,0.011582902361779928,1.9999999999999998e-05,0.9990199999999999
mixture/absolute,cea-15,detached,intact,1.0,1.0,0.08450306721923191,0.012989781652549937,0.2895682195965037,0.0801480878091673,0.9189688366936195
mixture/present,cea-15,detached,intact,0.0,0.0,2.163804481382799,1.0405799873722907,1.4427545476157202,0.0801480878091673,0.3446248121389773
mixture/recency,cea-15,detached,intact,1.0,1.0,0.13376380314201722,0.022285522276914715,0.6293602191194465,0.08104956071257238,0.8747966644267704
mixture/reference,cea-15,detached,intact,1.0,1.0,0.08450306721923191,0.012989781652549937,0.2895682195965037,0.0801480878091673,0.9189688366936195
mixture/transition1,cea-15,detached,intact,1.0,1.0,0.37492021718683005,0.15783596910140907,0.808202498032351,0.0801480878091673,0.6873441148505541
mixture/transition2,cea-15,detached,intact,1.0,1.0,0.08450306721923191,0.012989781652549937,0.2895682195965037,0.0801480878091673,0.9189688366936195
mixture/transition3,cea-15,detached,intact,1.0,1.0,0.08450306721923191,0.012989781652549937,0.2895682195965037,0.0801480878091673,0.9189688366936195
repaired/absolute,cea-15,detached,intact,1.0,1.0,0.0009804805139615315,9.800000000392828e-07,0.011582902361779928,1.9999999999999998e-05,0.9990199999999999
repaired/present,cea-15,detached,intact,0.0,0.0,2.0802818946775288,1.0621252925000002,1.2652230253095489,1.9999999999999998e-05,0.37464499999999995
repaired/recency,cea-15,detached,intact,1.0,1.0,0.05024121643674679,0.0024500000000000632,0.38625940550147086,0.001,0.951
repaired/reference,cea-15,detached,intact,1.0,1.0,0.0009804805139615315,9.800000000392828e-07,0.011582902361779928,1.9999999999999998e-05,0.9990199999999999
repaired/transition1,cea-15,detached,intact,1.0,1.0,0.0009804805139615315,9.800000000392828e-07,0.011582902361779928,1.9999999999999998e-05,0.9990199999999999
repaired/transition2,cea-15,detached,intact,1.0,1.0,0.0009804805139615315,9.800000000392828e-07,0.011582902361779928,1.9999999999999998e-05,0.9990199999999999
repaired/transition3,cea-15,detached,intact,1.0,1.0,0.0009804805139615315,9.800000000392828e-07,0.011582902361779928,1.9999999999999998e-05,0.9990199999999999
streaming/absolute,cea-15,detached,intact,0.0,0.0,2.0802818946775288,1.0621252925000002,1.2652230253095489,1.9999999999999998e-05,0.37464499999999995
streaming/present,cea-15,detached,intact,0.0,0.0,2.0802818946775288,1.0621252925000002,1.2652230253095489,1.9999999999999998e-05,0.37464499999999995
streaming/recency,cea-15,detached,intact,1.0,1.0,0.05024121643674679,0.0024500000000000632,0.38625940550147086,0.001,0.951
streaming/reference,cea-15,detached,intact,0.5,0.0,1.0406311875957452,0.5310631362500001,0.6384029638356644,1.9999999999999998e-05,0.6868324999999998
streaming/transition1,cea-15,detached,intact,0.0,0.0,2.0802818946775288,1.0621252925000002,1.2652230253095489,1.9999999999999998e-05,0.37464499999999995
streaming/transition2,cea-15,detached,intact,0.0,0.0,2.0802818946775288,1.0621252925000002,1.2652230253095489,1.9999999999999998e-05,0.37464499999999995
streaming/transition3,cea-15,detached,intact,0.0,0.0,2.0802818946775288,1.0621252925000002,1.2652230253095489,1.9999999999999998e-05,0.37464499999999995
fixed/absolute,cea-15,detached,intact,0.0,0.0,2.0802818946775288,1.0621252925000002,1.2652230253095489,1.9999999999999998e-05,0.37464499999999995
fixed/present,cea-15,detached,intact,0.0,0.0,2.0802818946775288,1.0621252925000002,1.2652230253095489,1.9999999999999998e-05,0.37464499999999995
fixed/recency,cea-15,detached,intact,0.0,0.0,6.907755278982137,1.90245,0.38625940550147086,0.001,0.951
fixed/reference,cea-15,detached,intact,0.0,0.0,2.0802818946775288,1.0621252925000002,1.2652230253095489,1.9999999999999998e-05,0.37464499999999995
fixed/transition1,cea-15,detached,intact,0.0,0.0,10.819778284410283,1.499737658858195,0.7030902164678297,0.25936934150212276,0.5187186830042454
fixed/transition2,cea-15,detached,intact,0.0,0.0,2.0802818946775288,1.0621252925000002,1.2652230253095489,1.9999999999999998e-05,0.37464499999999995
fixed/transition3,cea-15,detached,intact,0.0,0.0,2.0802818946775288,1.0621252925000002,1.2652230253095489,1.9999999999999998e-05,0.37464499999999995
oracle-boundary/absolute,cea-15,detached,intact,1.0,1.0,0.0009804805139615315,9.800000000392828e-07,0.011582902361779928,1.9999999999999998e-05,0.9990199999999999
oracle-boundary/present,cea-15,detached,intact,0.0,0.0,2.0802818946775288,1.0621252925000002,1.2652230253095489,1.9999999999999998e-05,0.37464499999999995
oracle-boundary/recency,cea-15,detached,intact,1.0,1.0,0.05024121643674679,0.0024500000000000632,0.38625940550147086,0.001,0.951
oracle-boundary/reference,cea-15,detached,intact,1.0,1.0,0.0009804805139615315,9.800000000392828e-07,0.011582902361779928,1.9999999999999998e-05,0.9990199999999999
oracle-boundary/transition1,cea-15,detached,intact,0.5,0.0,0.6941076416550698,0.5000004800000002,0.7038282854721148,2e-05,0.49952
oracle-boundary/transition2,cea-15,detached,intact,1.0,1.0,0.0009804805139615315,9.800000000392828e-07,0.011582902361779928,1.9999999999999998e-05,0.9990199999999999
oracle-boundary/transition3,cea-15,detached,intact,1.0,1.0,0.0009804805139615315,9.800000000392828e-07,0.011582902361779928,1.9999999999999998e-05,0.9990199999999999
map/absolute,cea-15,legato,intact,1.0,1.0,0.0009804805139615315,9.800000000392828e-07,0.011582902361779928,1.9999999999999998e-05,0.9990199999999999
map/present,cea-15,legato,intact,0.0,0.0,2.0802818946775288,1.0621252925000002,1.2652230253095489,1.9999999999999998e-05,0.37464499999999995
map/recency,cea-15,legato,intact,1.0,1.0,0.05024121643674679,0.0024500000000000632,0.38625940550147086,0.001,0.951
map/reference,cea-15,legato,intact,1.0,1.0,0.0009804805139615315,9.800000000392828e-07,0.011582902361779928,1.9999999999999998e-05,0.9990199999999999
map/transition1,cea-15,legato,intact,1.0,1.0,0.5532476811807432,0.3603006339672554,0.6923549690362607,1.9999999999999998e-05,0.575079100717629
map/transition2,cea-15,legato,intact,1.0,1.0,0.0009804805139615315,9.800000000392828e-07,0.011582902361779928,1.9999999999999998e-05,0.9990199999999999
map/transition3,cea-15,legato,intact,1.0,1.0,0.0009804805139615315,9.800000000392828e-07,0.011582902361779928,1.9999999999999998e-05,0.9990199999999999
mixture/absolute,cea-15,legato,intact,1.0,1.0,0.15430766426940667,0.04065842204468484,0.4186134671155544,0.14216815534763472,0.8570083096107981
mixture/present,cea-15,legato,intact,0.0,0.0,2.233609078432974,1.0354696771134315,1.4940473949926145,0.14216815534763472,0.3213888392165697
mixture/recency,cea-15,legato,intact,1.0,1.0,0.20356840019219188,0.05441118890540575,0.7349570568141679,0.14300884736923442,0.8158144005524104
mixture/reference,cea-15,legato,intact,1.0,1.0,0.15430766426940667,0.04065842204468484,0.4186134671155544,0.14216815534763472,0.8570083096107981
mixture/transition1,cea-15,legato,intact,1.0,1.0,0.45554518003176714,0.20378781185356099,0.9096361507877175,0.14216815534763472,0.6341021738534902
mixture/transition2,cea-15,legato,intact,1.0,1.0,0.15430766426940667,0.04065842204468484,0.4186134671155544,0.14216815534763472,0.8570083096107981
mixture/transition3,cea-15,legato,intact,1.0,1.0,0.15430766426940667,0.04065842204468484,0.4186134671155544,0.14216815534763472,0.8570083096107981
repaired/absolute,cea-15,legato,intact,1.0,1.0,0.0009804805139615315,9.800000000392828e-07,0.011582902361779928,1.9999999999999998e-05,0.9990199999999999
repaired/present,cea-15,legato,intact,0.0,0.0,2.0802818946775288,1.0621252925000002,1.2652230253095489,1.9999999999999998e-05,0.37464499999999995
repaired/recency,cea-15,legato,intact,1.0,1.0,0.05024121643674679,0.0024500000000000632,0.38625940550147086,0.001,0.951
repaired/reference,cea-15,legato,intact,1.0,1.0,0.0009804805139615315,9.800000000392828e-07,0.011582902361779928,1.9999999999999998e-05,0.9990199999999999
repaired/transition1,cea-15,legato,intact,1.0,1.0,0.0009804805139615315,9.800000000392828e-07,0.011582902361779928,1.9999999999999998e-05,0.9990199999999999
repaired/transition2,cea-15,legato,intact,1.0,1.0,0.0009804805139615315,9.800000000392828e-07,0.011582902361779928,1.9999999999999998e-05,0.9990199999999999
repaired/transition3,cea-15,legato,intact,1.0,1.0,0.0009804805139615315,9.800000000392828e-07,0.011582902361779928,1.9999999999999998e-05,0.9990199999999999
streaming/absolute,cea-15,legato,intact,0.0,0.0,2.0802818946775288,1.0621252925000002,1.2652230253095489,1.9999999999999998e-05,0.37464499999999995
streaming/present,cea-15,legato,intact,0.0,0.0,2.0802818946775288,1.0621252925000002,1.2652230253095489,1.9999999999999998e-05,0.37464499999999995
streaming/recency,cea-15,legato,intact,0.0,0.0,4.515052160836625,1.4734656249999998,0.9738837498905897,0.001,0.654125
streaming/reference,cea-15,legato,intact,0.0,0.0,2.0802818946775288,1.0621252925000002,1.2652230253095489,1.9999999999999998e-05,0.37464499999999995
streaming/transition1,cea-15,legato,intact,0.0,0.0,2.0802818946775288,1.0621252925000002,1.2652230253095489,1.9999999999999998e-05,0.37464499999999995
streaming/transition2,cea-15,legato,intact,0.0,0.0,2.0802818946775288,1.0621252925000002,1.2652230253095489,1.9999999999999998e-05,0.37464499999999995
streaming/transition3,cea-15,legato,intact,0.0,0.0,2.0802818946775288,1.0621252925000002,1.2652230253095489,1.9999999999999998e-05,0.37464499999999995
fixed/absolute,cea-15,legato,intact,0.0,0.0,2.0802818946775288,1.0621252925000002,1.2652230253095489,1.9999999999999998e-05,0.37464499999999995
fixed/present,cea-15,legato,intact,0.0,0.0,2.0802818946775288,1.0621252925000002,1.2652230253095489,1.9999999999999998e-05,0.37464499999999995
fixed/recency,cea-15,legato,intact,0.0,0.0,6.907755278982137,1.90245,0.38625940550147086,0.001,0.951
fixed/reference,cea-15,legato,intact,0.0,0.0,2.0802818946775288,1.0621252925000002,1.2652230253095489,1.9999999999999998e-05,0.37464499999999995
fixed/transition1,cea-15,legato,intact,0.0,0.0,10.819778284410283,1.99800098,0.011582902361779817,2e-05,0.99902
fixed/transition2,cea-15,legato,intact,0.0,0.0,2.0802818946775288,1.0621252925000002,1.2652230253095489,1.9999999999999998e-05,0.37464499999999995
fixed/transition3,cea-15,legato,intact,0.0,0.0,2.0802818946775288,1.0621252925000002,1.2652230253095489,1.9999999999999998e-05,0.37464499999999995
oracle-boundary/absolute,cea-15,legato,intact,1.0,1.0,0.0009804805139615315,9.800000000392828e-07,0.011582902361779928,1.9999999999999998e-05,0.9990199999999999
oracle-boundary/present,cea-15,legato,intact,0.0,0.0,2.0802818946775288,1.0621252925000002,1.2652230253095489,1.9999999999999998e-05,0.37464499999999995
oracle-boundary/recency,cea-15,legato,intact,1.0,1.0,0.05024121643674679,0.0024500000000000632,0.38625940550147086,0.001,0.951
oracle-boundary/reference,cea-15,legato,intact,1.0,1.0,0.0009804805139615315,9.800000000392828e-07,0.011582902361779928,1.9999999999999998e-05,0.9990199999999999
oracle-boundary/transition1,cea-15,legato,intact,0.5,0.0,0.6941076416550698,0.5000004800000002,0.7038282854721148,2e-05,0.49952
oracle-boundary/transition2,cea-15,legato,intact,1.0,1.0,0.0009804805139615315,9.800000000392828e-07,0.011582902361779928,1.9999999999999998e-05,0.9990199999999999
oracle-boundary/transition3,cea-15,legato,intact,1.0,1.0,0.0009804805139615315,9.800000000392828e-07,0.011582902361779928,1.9999999999999998e-05,0.9990199999999999
map/absolute,cea-15,duration,intact,1.0,1.0,0.0009804805139615315,9.800000000392828e-07,0.011582902361779928,1.9999999999999998e-05,0.9990199999999999
map/present,cea-15,duration,intact,0.0,0.0,2.0802818946775288,1.0621252925000002,1.2652230253095489,1.9999999999999998e-05,0.37464499999999995
map/recency,cea-15,duration,intact,1.0,1.0,0.05024121643674679,0.0024500000000000632,0.38625940550147086,0.001,0.951
map/reference,cea-15,duration,intact,1.0,1.0,0.0009804805139615315,9.800000000392828e-07,0.011582902361779928,1.9999999999999998e-05,0.9990199999999999
map/transition1,cea-15,duration,intact,1.0,1.0,0.5176610963552544,0.32579818253249604,0.6851101252678528,1.9999999999999998e-05,0.5959127016687532
map/transition2,cea-15,duration,intact,1.0,1.0,0.0009804805139615315,9.800000000392828e-07,0.011582902361779928,1.9999999999999998e-05,0.9990199999999999
map/transition3,cea-15,duration,intact,1.0,1.0,0.0009804805139615315,9.800000000392828e-07,0.011582902361779928,1.9999999999999998e-05,0.9990199999999999
mixture/absolute,cea-15,duration,intact,1.0,1.0,0.1535321614976346,0.040279936853311105,0.41742301604854304,0.14150264635571191,0.8576731797013106
mixture/present,cea-15,duration,intact,0.0,0.0,2.2328335756612017,1.0354709448682895,1.4936912693865696,0.14150264635571191,0.3216381738195407
mixture/recency,cea-15,duration,intact,1.0,1.0,0.20279289742041995,0.05398877909772115,0.7340166128045801,0.14234399058916797,0.8164473122619631
mixture/reference,cea-15,duration,intact,1.0,1.0,0.1535321614976346,0.040279936853311105,0.41742301604854304,0.14150264635571191,0.8576731797013106
mixture/transition1,cea-15,duration,intact,1.0,1.0,0.4031722498248934,0.16602398100233384,0.8701561842732576,0.14150264635571191,0.6681969925953192
mixture/transition2,cea-15,duration,intact,1.0,1.0,0.1535321614976346,0.040279936853311105,0.41742301604854304,0.14150264635571191,0.8576731797013106
mixture/transition3,cea-15,duration,intact,1.0,1.0,0.1535321614976346,0.040279936853311105,0.41742301604854304,0.14150264635571191,0.8576731797013106
repaired/absolute,cea-15,duration,intact,1.0,1.0,0.0009804805139615315,9.800000000392828e-07,0.011582902361779928,1.9999999999999998e-05,0.9990199999999999
repaired/present,cea-15,duration,intact,0.0,0.0,2.0802818946775288,1.0621252925000002,1.2652230253095489,1.9999999999999998e-05,0.37464499999999995
repaired/recency,cea-15,duration,intact,1.0,1.0,0.05024121643674679,0.0024500000000000632,0.38625940550147086,0.001,0.951
repaired/reference,cea-15,duration,intact,1.0,1.0,0.0009804805139615315,9.800000000392828e-07,0.011582902361779928,1.9999999999999998e-05,0.9990199999999999
repaired/transition1,cea-15,duration,intact,1.0,1.0,0.0009804805139615315,9.800000000392828e-07,0.011582902361779928,1.9999999999999998e-05,0.9990199999999999
repaired/transition2,cea-15,duration,intact,1.0,1.0,0.0009804805139615315,9.800000000392828e-07,0.011582902361779928,1.9999999999999998e-05,0.9990199999999999
repaired/transition3,cea-15,duration,intact,1.0,1.0,0.0009804805139615315,9.800000000392828e-07,0.011582902361779928,1.9999999999999998e-05,0.9990199999999999
streaming/absolute,cea-15,duration,intact,0.0,0.0,2.0802818946775288,1.0621252925000002,1.2652230253095489,1.9999999999999998e-05,0.37464499999999995
streaming/present,cea-15,duration,intact,0.0,0.0,2.0802818946775288,1.0621252925000002,1.2652230253095489,1.9999999999999998e-05,0.37464499999999995
streaming/recency,cea-15,duration,intact,0.0,0.0,4.515052160836625,1.4734656249999998,0.9738837498905897,0.001,0.654125
streaming/reference,cea-15,duration,intact,0.0,0.0,2.0802818946775288,1.0621252925000002,1.2652230253095489,1.9999999999999998e-05,0.37464499999999995
streaming/transition1,cea-15,duration,intact,0.0,0.0,2.0802818946775288,1.0621252925000002,1.2652230253095489,1.9999999999999998e-05,0.37464499999999995
streaming/transition2,cea-15,duration,intact,0.0,0.0,2.0802818946775288,1.0621252925000002,1.2652230253095489,1.9999999999999998e-05,0.37464499999999995
streaming/transition3,cea-15,duration,intact,0.0,0.0,2.0802818946775288,1.0621252925000002,1.2652230253095489,1.9999999999999998e-05,0.37464499999999995
fixed/absolute,cea-15,duration,intact,0.0,0.0,2.0802818946775288,1.0621252925000002,1.2652230253095489,1.9999999999999998e-05,0.37464499999999995
fixed/present,cea-15,duration,intact,0.0,0.0,2.0802818946775288,1.0621252925000002,1.2652230253095489,1.9999999999999998e-05,0.37464499999999995
fixed/recency,cea-15,duration,intact,0.0,0.0,6.907755278982137,1.90245,0.38625940550147086,0.476,0.951
fixed/reference,cea-15,duration,intact,0.0,0.0,2.0802818946775288,1.0621252925000002,1.2652230253095489,1.9999999999999998e-05,0.37464499999999995
fixed/transition1,cea-15,duration,intact,0.0,0.0,2.0802818946775288,1.0621252925000002,1.2652230253095489,1.9999999999999998e-05,0.37464499999999995
fixed/transition2,cea-15,duration,intact,0.0,0.0,2.0802818946775288,1.0621252925000002,1.2652230253095489,1.9999999999999998e-05,0.37464499999999995
fixed/transition3,cea-15,duration,intact,0.0,0.0,2.0802818946775288,1.0621252925000002,1.2652230253095489,1.9999999999999998e-05,0.37464499999999995
oracle-boundary/absolute,cea-15,duration,intact,1.0,1.0,0.0009804805139615315,9.800000000392828e-07,0.011582902361779928,1.9999999999999998e-05,0.9990199999999999
oracle-boundary/present,cea-15,duration,intact,0.0,0.0,2.0802818946775288,1.0621252925000002,1.2652230253095489,1.9999999999999998e-05,0.37464499999999995
oracle-boundary/recency,cea-15,duration,intact,1.0,1.0,0.05024121643674679,0.0024500000000000632,0.38625940550147086,0.001,0.951
oracle-boundary/reference,cea-15,duration,intact,1.0,1.0,0.0009804805139615315,9.800000000392828e-07,0.011582902361779928,1.9999999999999998e-05,0.9990199999999999
oracle-boundary/transition1,cea-15,duration,intact,0.5,0.0,0.6941076416550698,0.5000004800000002,0.7038282854721148,2e-05,0.49952
oracle-boundary/transition2,cea-15,duration,intact,1.0,1.0,0.0009804805139615315,9.800000000392828e-07,0.011582902361779928,1.9999999999999998e-05,0.9990199999999999
oracle-boundary/transition3,cea-15,duration,intact,1.0,1.0,0.0009804805139615315,9.800000000392828e-07,0.011582902361779928,1.9999999999999998e-05,0.9990199999999999
map/absolute,cea-15,joint,intact,1.0,1.0,0.0009804805139615315,9.800000000392828e-07,0.011582902361779928,1.9999999999999998e-05,0.9990199999999999
map/present,cea-15,joint,intact,0.0,0.0,2.0802818946775288,1.0621252925000002,1.2652230253095489,1.9999999999999998e-05,0.37464499999999995
map/recency,cea-15,joint,intact,1.0,1.0,0.05024121643674679,0.0024500000000000632,0.38625940550147086,0.001,0.951
map/reference,cea-15,joint,intact,1.0,1.0,0.0009804805139615315,9.800000000392828e-07,0.011582902361779928,1.9999999999999998e-05,0.9990199999999999
map/transition1,cea-15,joint,intact,1.0,1.0,0.0009804805139615315,9.800000000392828e-07,0.011582902361779928,1.9999999999999998e-05,0.9990199999999999
map/transition2,cea-15,joint,intact,1.0,1.0,0.0009804805139615315,9.800000000392828e-07,0.011582902361779928,1.9999999999999998e-05,0.9990199999999999
map/transition3,cea-15,joint,intact,1.0,1.0,0.0009804805139615315,9.800000000392828e-07,0.011582902361779928,1.9999999999999998e-05,0.9990199999999999
mixture/absolute,cea-15,joint,intact,1.0,1.0,0.28898703205083476,0.09832912748865863,0.783917113158646,0.17460355278372097,0.7509164919523097
mixture/present,cea-15,joint,intact,0.0,0.0,2.272484779932446,1.0374086711252237,1.5056780914470917,0.17460355278372097,0.30923683670407687
mixture/recency,cea-15,joint,intact,1.0,1.0,0.291542174811943,0.09846793573595114,0.922702829453778,0.17541245748008688,0.7492040614277933
mixture/reference,cea-15,joint,intact,1.0,1.0,0.28898703205083476,0.09832912748865863,0.783917113158646,0.17460355278372097,0.7509164919523097
mixture/transition1,cea-15,joint,intact,1.0,1.0,0.5107102185159913,0.23505161763824,1.005337086683256,0.17460355278372097,0.6017056862331701
mixture/transition2,cea-15,joint,intact,1.0,1.0,0.2389002283198238,0.07937494290686764,0.625030435103578,0.17460355278372097,0.7895052059568313
mixture/transition3,cea-15,joint,intact,1.0,1.0,0.28898703205083476,0.09832912748865863,0.783917113158646,0.17460355278372097,0.7509164919523097
repaired/absolute,cea-15,joint,intact,1.0,1.0,0.0009804805139615315,9.800000000392828e-07,0.011582902361779928,1.9999999999999998e-05,0.9990199999999999
repaired/present,cea-15,joint,intact,0.0,0.0,2.0802818946775288,1.0621252925000002,1.2652230253095489,1.9999999999999998e-05,0.37464499999999995
repaired/recency,cea-15,joint,intact,1.0,1.0,0.05024121643674679,0.0024500000000000632,0.38625940550147086,0.001,0.951
repaired/reference,cea-15,joint,intact,1.0,1.0,0.0009804805139615315,9.800000000392828e-07,0.011582902361779928,1.9999999999999998e-05,0.9990199999999999
repaired/transition1,cea-15,joint,intact,1.0,1.0,0.0009804805139615315,9.800000000392828e-07,0.011582902361779928,1.9999999999999998e-05,0.9990199999999999
repaired/transition2,cea-15,joint,intact,1.0,1.0,0.0009804805139615315,9.800000000392828e-07,0.011582902361779928,1.9999999999999998e-05,0.9990199999999999
repaired/transition3,cea-15,joint,intact,1.0,1.0,0.0009804805139615315,9.800000000392828e-07,0.011582902361779928,1.9999999999999998e-05,0.9990199999999999
streaming/absolute,cea-15,joint,intact,0.0,0.0,2.0802818946775288,1.0621252925000002,1.2652230253095489,1.9999999999999998e-05,0.37464499999999995
streaming/present,cea-15,joint,intact,0.0,0.0,2.0802818946775288,1.0621252925000002,1.2652230253095489,1.9999999999999998e-05,0.37464499999999995
streaming/recency,cea-15,joint,intact,0.0,0.0,2.1223490426911127,1.0444812499999996,1.5615080942797084,0.001,0.35724999999999996
streaming/reference,cea-15,joint,intact,0.0,0.0,2.0802818946775288,1.0621252925000002,1.2652230253095489,1.9999999999999998e-05,0.37464499999999995
streaming/transition1,cea-15,joint,intact,0.0,0.0,2.0802818946775288,1.0621252925000002,1.2652230253095489,1.9999999999999998e-05,0.37464499999999995
streaming/transition2,cea-15,joint,intact,0.0,0.0,2.0802818946775288,1.0621252925000002,1.2652230253095489,1.9999999999999998e-05,0.37464499999999995
streaming/transition3,cea-15,joint,intact,0.0,0.0,2.0802818946775288,1.0621252925000002,1.2652230253095489,1.9999999999999998e-05,0.37464499999999995
fixed/absolute,cea-15,joint,intact,0.0,0.0,2.0802818946775288,1.0621252925000002,1.2652230253095489,1.9999999999999998e-05,0.37464499999999995
fixed/present,cea-15,joint,intact,0.0,0.0,2.0802818946775288,1.0621252925000002,1.2652230253095489,1.9999999999999998e-05,0.37464499999999995
fixed/recency,cea-15,joint,intact,0.0,0.0,2.1223490426911127,1.0444812499999996,1.5615080942797084,0.001,0.35724999999999996
fixed/reference,cea-15,joint,intact,0.0,0.0,2.0802818946775288,1.0621252925000002,1.2652230253095489,1.9999999999999998e-05,0.37464499999999995
fixed/transition1,cea-15,joint,intact,0.0,0.0,2.0802818946775288,1.0621252925000002,1.2652230253095489,1.9999999999999998e-05,0.37464499999999995
fixed/transition2,cea-15,joint,intact,0.0,0.0,2.0802818946775288,1.0621252925000002,1.2652230253095489,1.9999999999999998e-05,0.37464499999999995
fixed/transition3,cea-15,joint,intact,0.0,0.0,2.0802818946775288,1.0621252925000002,1.2652230253095489,1.9999999999999998e-05,0.37464499999999995
oracle-boundary/absolute,cea-15,joint,intact,1.0,1.0,0.0009804805139615315,9.800000000392828e-07,0.011582902361779928,1.9999999999999998e-05,0.9990199999999999
oracle-boundary/present,cea-15,joint,intact,0.0,0.0,2.0802818946775288,1.0621252925000002,1.2652230253095489,1.9999999999999998e-05,0.37464499999999995
oracle-boundary/recency,cea-15,joint,intact,1.0,1.0,0.05024121643674679,0.0024500000000000632,0.38625940550147086,0.001,0.951
oracle-boundary/reference,cea-15,joint,intact,1.0,1.0,0.0009804805139615315,9.800000000392828e-07,0.011582902361779928,1.9999999999999998e-05,0.9990199999999999
oracle-boundary/transition1,cea-15,joint,intact,0.5,0.0,0.6941076416550698,0.5000004800000002,0.7038282854721148,2e-05,0.49952
oracle-boundary/transition2,cea-15,joint,intact,1.0,1.0,0.0009804805139615315,9.800000000392828e-07,0.011582902361779928,1.9999999999999998e-05,0.9990199999999999
oracle-boundary/transition3,cea-15,joint,intact,1.0,1.0,0.0009804805139615315,9.800000000392828e-07,0.011582902361779928,1.9999999999999998e-05,0.9990199999999999
map/absolute,cea-15,joint,reset,0.0,0.0,2.0802818946775288,1.0621252925000002,1.2652230253095489,1.9999999999999998e-05,0.37464499999999995
map/present,cea-15,joint,reset,0.0,0.0,2.0802818946775288,1.0621252925000002,1.2652230253095489,1.9999999999999998e-05,0.37464499999999995
map/recency,cea-15,joint,reset,0.0,0.0,2.1223490426911127,1.0444812499999996,1.5615080942797084,0.001,0.35724999999999996
map/reference,cea-15,joint,reset,0.0,0.0,2.0802818946775288,1.0621252925000002,1.2652230253095489,1.9999999999999998e-05,0.37464499999999995
map/transition1,cea-15,joint,reset,0.0,0.0,2.0802818946775288,1.0621252925000002,1.2652230253095489,1.9999999999999998e-05,0.37464499999999995
map/transition2,cea-15,joint,reset,0.0,0.0,2.0802818946775288,1.0621252925000002,1.2652230253095489,1.9999999999999998e-05,0.37464499999999995
map/transition3,cea-15,joint,reset,0.0,0.0,2.0802818946775288,1.0621252925000002,1.2652230253095489,1.9999999999999998e-05,0.37464499999999995
mixture/absolute,cea-15,joint,reset,0.0,0.0,2.0802818946775288,1.0621252925000002,1.2652230253095489,1.9999999999999998e-05,0.37464499999999995
mixture/present,cea-15,joint,reset,0.0,0.0,2.0802818946775288,1.0621252925000002,1.2652230253095489,1.9999999999999998e-05,0.37464499999999995
mixture/recency,cea-15,joint,reset,0.0,0.0,2.1223490426911127,1.0444812499999996,1.5615080942797084,0.001,0.35724999999999996
mixture/reference,cea-15,joint,reset,0.0,0.0,2.0802818946775288,1.0621252925000002,1.2652230253095489,1.9999999999999998e-05,0.37464499999999995
mixture/transition1,cea-15,joint,reset,0.0,0.0,2.0802818946775288,1.0621252925000002,1.2652230253095489,1.9999999999999998e-05,0.37464499999999995
mixture/transition2,cea-15,joint,reset,0.0,0.0,2.0802818946775288,1.0621252925000002,1.2652230253095489,1.9999999999999998e-05,0.37464499999999995
mixture/transition3,cea-15,joint,reset,0.0,0.0,2.0802818946775288,1.0621252925000002,1.2652230253095489,1.9999999999999998e-05,0.37464499999999995
repaired/absolute,cea-15,joint,reset,0.0,0.0,2.0802818946775288,1.0621252925000002,1.2652230253095489,1.9999999999999998e-05,0.37464499999999995
repaired/present,cea-15,joint,reset,0.0,0.0,2.0802818946775288,1.0621252925000002,1.2652230253095489,1.9999999999999998e-05,0.37464499999999995
repaired/recency,cea-15,joint,reset,0.0,0.0,2.1223490426911127,1.0444812499999996,1.5615080942797084,0.001,0.35724999999999996
repaired/reference,cea-15,joint,reset,0.0,0.0,2.0802818946775288,1.0621252925000002,1.2652230253095489,1.9999999999999998e-05,0.37464499999999995
repaired/transition1,cea-15,joint,reset,0.0,0.0,2.0802818946775288,1.0621252925000002,1.2652230253095489,1.9999999999999998e-05,0.37464499999999995
repaired/transition2,cea-15,joint,reset,0.0,0.0,2.0802818946775288,1.0621252925000002,1.2652230253095489,1.9999999999999998e-05,0.37464499999999995
repaired/transition3,cea-15,joint,reset,0.0,0.0,2.0802818946775288,1.0621252925000002,1.2652230253095489,1.9999999999999998e-05,0.37464499999999995
streaming/absolute,cea-15,joint,reset,0.0,0.0,2.0802818946775288,1.0621252925000002,1.2652230253095489,1.9999999999999998e-05,0.37464499999999995
streaming/present,cea-15,joint,reset,0.0,0.0,2.0802818946775288,1.0621252925000002,1.2652230253095489,1.9999999999999998e-05,0.37464499999999995
streaming/recency,cea-15,joint,reset,0.0,0.0,2.1223490426911127,1.0444812499999996,1.5615080942797084,0.001,0.35724999999999996
streaming/reference,cea-15,joint,reset,0.0,0.0,2.0802818946775288,1.0621252925000002,1.2652230253095489,1.9999999999999998e-05,0.37464499999999995
streaming/transition1,cea-15,joint,reset,0.0,0.0,2.0802818946775288,1.0621252925000002,1.2652230253095489,1.9999999999999998e-05,0.37464499999999995
streaming/transition2,cea-15,joint,reset,0.0,0.0,2.0802818946775288,1.0621252925000002,1.2652230253095489,1.9999999999999998e-05,0.37464499999999995
streaming/transition3,cea-15,joint,reset,0.0,0.0,2.0802818946775288,1.0621252925000002,1.2652230253095489,1.9999999999999998e-05,0.37464499999999995
fixed/absolute,cea-15,joint,reset,0.0,0.0,2.0802818946775288,1.0621252925000002,1.2652230253095489,1.9999999999999998e-05,0.37464499999999995
fixed/present,cea-15,joint,reset,0.0,0.0,2.0802818946775288,1.0621252925000002,1.2652230253095489,1.9999999999999998e-05,0.37464499999999995
fixed/recency,cea-15,joint,reset,0.0,0.0,2.1223490426911127,1.0444812499999996,1.5615080942797084,0.001,0.35724999999999996
fixed/reference,cea-15,joint,reset,0.0,0.0,2.0802818946775288,1.0621252925000002,1.2652230253095489,1.9999999999999998e-05,0.37464499999999995
fixed/transition1,cea-15,joint,reset,0.0,0.0,2.0802818946775288,1.0621252925000002,1.2652230253095489,1.9999999999999998e-05,0.37464499999999995
fixed/transition2,cea-15,joint,reset,0.0,0.0,2.0802818946775288,1.0621252925000002,1.2652230253095489,1.9999999999999998e-05,0.37464499999999995
fixed/transition3,cea-15,joint,reset,0.0,0.0,2.0802818946775288,1.0621252925000002,1.2652230253095489,1.9999999999999998e-05,0.37464499999999995
oracle-boundary/absolute,cea-15,joint,reset,0.0,0.0,2.0802818946775288,1.0621252925000002,1.2652230253095489,1.9999999999999998e-05,0.37464499999999995
oracle-boundary/present,cea-15,joint,reset,0.0,0.0,2.0802818946775288,1.0621252925000002,1.2652230253095489,1.9999999999999998e-05,0.37464499999999995
oracle-boundary/recency,cea-15,joint,reset,0.0,0.0,2.1223490426911127,1.0444812499999996,1.5615080942797084,0.001,0.35724999999999996
oracle-boundary/reference,cea-15,joint,reset,0.0,0.0,2.0802818946775288,1.0621252925000002,1.2652230253095489,1.9999999999999998e-05,0.37464499999999995
oracle-boundary/transition1,cea-15,joint,reset,0.0,0.0,2.0802818946775288,1.0621252925000002,1.2652230253095489,1.9999999999999998e-05,0.37464499999999995
oracle-boundary/transition2,cea-15,joint,reset,0.0,0.0,2.0802818946775288,1.0621252925000002,1.2652230253095489,1.9999999999999998e-05,0.37464499999999995
oracle-boundary/transition3,cea-15,joint,reset,0.0,0.0,2.0802818946775288,1.0621252925000002,1.2652230253095489,1.9999999999999998e-05,0.37464499999999995
map/absolute,cea-15,joint,removal,0.0,0.0,2.0802818946775288,1.0621252925000002,1.2652230253095489,1.9999999999999998e-05,0.37464499999999995
map/present,cea-15,joint,removal,0.0,0.0,2.0802818946775288,1.0621252925000002,1.2652230253095489,1.9999999999999998e-05,0.37464499999999995
map/recency,cea-15,joint,removal,0.0,0.0,2.1223490426911127,1.0444812499999996,1.5615080942797084,0.001,0.35724999999999996
map/reference,cea-15,joint,removal,0.0,0.0,2.0802818946775288,1.0621252925000002,1.2652230253095489,1.9999999999999998e-05,0.37464499999999995
map/transition1,cea-15,joint,removal,0.0,0.0,2.0802818946775288,1.0621252925000002,1.2652230253095489,1.9999999999999998e-05,0.37464499999999995
map/transition2,cea-15,joint,removal,0.0,0.0,2.0802818946775288,1.0621252925000002,1.2652230253095489,1.9999999999999998e-05,0.37464499999999995
map/transition3,cea-15,joint,removal,0.0,0.0,2.0802818946775288,1.0621252925000002,1.2652230253095489,1.9999999999999998e-05,0.37464499999999995
mixture/absolute,cea-15,joint,removal,0.0,0.0,2.1843260025489704,1.037978168121553,1.4624977312307652,0.09883247654264135,0.3376246593188685
mixture/present,cea-15,joint,removal,0.0,0.0,2.1843260025489704,1.037978168121553,1.4624977312307652,0.09883247654264135,0.3376246593188685
mixture/recency,cea-15,joint,removal,0.0,0.0,2.2263931505625543,1.0247396811972447,1.724540339765139,0.09971563837886628,0.3219485367258758
mixture/reference,cea-15,joint,removal,0.0,0.0,2.1843260025489704,1.037978168121553,1.4624977312307652,0.09883247654264135,0.3376246593188685
mixture/transition1,cea-15,joint,removal,0.0,0.0,2.1843260025489704,1.037978168121553,1.4624977312307652,0.09883247654264135,0.3376246593188685
mixture/transition2,cea-15,joint,removal,0.0,0.0,2.1843260025489704,1.037978168121553,1.4624977312307652,0.09883247654264135,0.3376246593188685
mixture/transition3,cea-15,joint,removal,0.0,0.0,2.1843260025489704,1.037978168121553,1.4624977312307652,0.09883247654264135,0.3376246593188685
repaired/absolute,cea-15,joint,removal,0.0,0.0,2.0802818946775288,1.0621252925000002,1.2652230253095489,1.9999999999999998e-05,0.37464499999999995
repaired/present,cea-15,joint,removal,0.0,0.0,2.0802818946775288,1.0621252925000002,1.2652230253095489,1.9999999999999998e-05,0.37464499999999995
repaired/recency,cea-15,joint,removal,0.0,0.0,2.1223490426911127,1.0444812499999996,1.5615080942797084,0.001,0.35724999999999996
repaired/reference,cea-15,joint,removal,0.0,0.0,2.0802818946775288,1.0621252925000002,1.2652230253095489,1.9999999999999998e-05,0.37464499999999995
repaired/transition1,cea-15,joint,removal,0.0,0.0,2.0802818946775288,1.0621252925000002,1.2652230253095489,1.9999999999999998e-05,0.37464499999999995
repaired/transition2,cea-15,joint,removal,0.0,0.0,2.0802818946775288,1.0621252925000002,1.2652230253095489,1.9999999999999998e-05,0.37464499999999995
repaired/transition3,cea-15,joint,removal,0.0,0.0,2.0802818946775288,1.0621252925000002,1.2652230253095489,1.9999999999999998e-05,0.37464499999999995
streaming/absolute,cea-15,joint,removal,0.0,0.0,2.0802818946775288,1.0621252925000002,1.2652230253095489,1.9999999999999998e-05,0.37464499999999995
streaming/present,cea-15,joint,removal,0.0,0.0,2.0802818946775288,1.0621252925000002,1.2652230253095489,1.9999999999999998e-05,0.37464499999999995
streaming/recency,cea-15,joint,removal,0.0,0.0,2.1223490426911127,1.0444812499999996,1.5615080942797084,0.001,0.35724999999999996
streaming/reference,cea-15,joint,removal,0.0,0.0,2.0802818946775288,1.0621252925000002,1.2652230253095489,1.9999999999999998e-05,0.37464499999999995
streaming/transition1,cea-15,joint,removal,0.0,0.0,2.0802818946775288,1.0621252925000002,1.2652230253095489,1.9999999999999998e-05,0.37464499999999995
streaming/transition2,cea-15,joint,removal,0.0,0.0,2.0802818946775288,1.0621252925000002,1.2652230253095489,1.9999999999999998e-05,0.37464499999999995
streaming/transition3,cea-15,joint,removal,0.0,0.0,2.0802818946775288,1.0621252925000002,1.2652230253095489,1.9999999999999998e-05,0.37464499999999995
fixed/absolute,cea-15,joint,removal,0.0,0.0,2.0802818946775288,1.0621252925000002,1.2652230253095489,1.9999999999999998e-05,0.37464499999999995
fixed/present,cea-15,joint,removal,0.0,0.0,2.0802818946775288,1.0621252925000002,1.2652230253095489,1.9999999999999998e-05,0.37464499999999995
fixed/recency,cea-15,joint,removal,0.0,0.0,2.1223490426911127,1.0444812499999996,1.5615080942797084,0.001,0.35724999999999996
fixed/reference,cea-15,joint,removal,0.0,0.0,2.0802818946775288,1.0621252925000002,1.2652230253095489,1.9999999999999998e-05,0.37464499999999995
fixed/transition1,cea-15,joint,removal,0.0,0.0,2.0802818946775288,1.0621252925000002,1.2652230253095489,1.9999999999999998e-05,0.37464499999999995
fixed/transition2,cea-15,joint,removal,0.0,0.0,2.0802818946775288,1.0621252925000002,1.2652230253095489,1.9999999999999998e-05,0.37464499999999995
fixed/transition3,cea-15,joint,removal,0.0,0.0,2.0802818946775288,1.0621252925000002,1.2652230253095489,1.9999999999999998e-05,0.37464499999999995
oracle-boundary/absolute,cea-15,joint,removal,0.0,0.0,2.0802818946775288,1.0621252925000002,1.2652230253095489,1.9999999999999998e-05,0.37464499999999995
oracle-boundary/present,cea-15,joint,removal,0.0,0.0,2.0802818946775288,1.0621252925000002,1.2652230253095489,1.9999999999999998e-05,0.37464499999999995
oracle-boundary/recency,cea-15,joint,removal,0.0,0.0,2.1223490426911127,1.0444812499999996,1.5615080942797084,0.001,0.35724999999999996
oracle-boundary/reference,cea-15,joint,removal,0.0,0.0,2.0802818946775288,1.0621252925000002,1.2652230253095489,1.9999999999999998e-05,0.37464499999999995
oracle-boundary/transition1,cea-15,joint,removal,0.0,0.0,2.0802818946775288,1.0621252925000002,1.2652230253095489,1.9999999999999998e-05,0.37464499999999995
oracle-boundary/transition2,cea-15,joint,removal,0.0,0.0,2.0802818946775288,1.0621252925000002,1.2652230253095489,1.9999999999999998e-05,0.37464499999999995
oracle-boundary/transition3,cea-15,joint,removal,0.0,0.0,2.0802818946775288,1.0621252925000002,1.2652230253095489,1.9999999999999998e-05,0.37464499999999995
map/absolute,cea-15,joint,swap,1.0,1.0,0.0009804805139615315,9.800000000392828e-07,0.011582902361779928,1.9999999999999998e-05,0.9990199999999999
map/present,cea-15,joint,swap,0.0,0.0,2.0802818946775288,1.0621252925000002,1.2652230253095489,1.9999999999999998e-05,0.37464499999999995
map/recency,cea-15,joint,swap,1.0,1.0,0.05024121643674679,0.0024500000000000632,0.38625940550147086,0.001,0.951
map/reference,cea-15,joint,swap,1.0,1.0,0.0009804805139615315,9.800000000392828e-07,0.011582902361779928,1.9999999999999998e-05,0.9990199999999999
map/transition1,cea-15,joint,swap,1.0,1.0,0.0009804805139615315,9.800000000392828e-07,0.011582902361779928,1.9999999999999998e-05,0.9990199999999999
map/transition2,cea-15,joint,swap,1.0,1.0,0.0009804805139615315,9.800000000392828e-07,0.011582902361779928,1.9999999999999998e-05,0.9990199999999999
map/transition3,cea-15,joint,swap,1.0,1.0,0.0009804805139615315,9.800000000392828e-07,0.011582902361779928,1.9999999999999998e-05,0.9990199999999999
mixture/absolute,cea-15,joint,swap,1.0,1.0,0.28898703205083476,0.09832912748865863,0.783917113158646,0.17460355278372097,0.7509164919523097
mixture/present,cea-15,joint,swap,0.0,0.0,2.272484779932446,1.0374086711252237,1.5056780914470917,0.17460355278372097,0.30923683670407687
mixture/recency,cea-15,joint,swap,1.0,1.0,0.291542174811943,0.09846793573595114,0.922702829453778,0.17541245748008688,0.7492040614277933
mixture/reference,cea-15,joint,swap,1.0,1.0,0.28898703205083476,0.09832912748865863,0.783917113158646,0.17460355278372097,0.7509164919523097
mixture/transition1,cea-15,joint,swap,1.0,1.0,0.5107102185159913,0.23505161763824,1.005337086683256,0.17460355278372097,0.6017056862331701
mixture/transition2,cea-15,joint,swap,1.0,1.0,0.2389002283198238,0.07937494290686764,0.625030435103578,0.17460355278372097,0.7895052059568313
mixture/transition3,cea-15,joint,swap,1.0,1.0,0.28898703205083476,0.09832912748865863,0.783917113158646,0.17460355278372097,0.7509164919523097
repaired/absolute,cea-15,joint,swap,1.0,1.0,0.0009804805139615315,9.800000000392828e-07,0.011582902361779928,1.9999999999999998e-05,0.9990199999999999
repaired/present,cea-15,joint,swap,0.0,0.0,2.0802818946775288,1.0621252925000002,1.2652230253095489,1.9999999999999998e-05,0.37464499999999995
repaired/recency,cea-15,joint,swap,1.0,1.0,0.05024121643674679,0.0024500000000000632,0.38625940550147086,0.001,0.951
repaired/reference,cea-15,joint,swap,1.0,1.0,0.0009804805139615315,9.800000000392828e-07,0.011582902361779928,1.9999999999999998e-05,0.9990199999999999
repaired/transition1,cea-15,joint,swap,1.0,1.0,0.0009804805139615315,9.800000000392828e-07,0.011582902361779928,1.9999999999999998e-05,0.9990199999999999
repaired/transition2,cea-15,joint,swap,1.0,1.0,0.0009804805139615315,9.800000000392828e-07,0.011582902361779928,1.9999999999999998e-05,0.9990199999999999
repaired/transition3,cea-15,joint,swap,1.0,1.0,0.0009804805139615315,9.800000000392828e-07,0.011582902361779928,1.9999999999999998e-05,0.9990199999999999
streaming/absolute,cea-15,joint,swap,0.0,0.0,2.0802818946775288,1.0621252925000002,1.2652230253095489,1.9999999999999998e-05,0.37464499999999995
streaming/present,cea-15,joint,swap,0.0,0.0,2.0802818946775288,1.0621252925000002,1.2652230253095489,1.9999999999999998e-05,0.37464499999999995
streaming/recency,cea-15,joint,swap,0.0,0.0,2.1223490426911127,1.0444812499999996,1.5615080942797084,0.001,0.35724999999999996
streaming/reference,cea-15,joint,swap,0.0,0.0,2.0802818946775288,1.0621252925000002,1.2652230253095489,1.9999999999999998e-05,0.37464499999999995
streaming/transition1,cea-15,joint,swap,0.0,0.0,2.0802818946775288,1.0621252925000002,1.2652230253095489,1.9999999999999998e-05,0.37464499999999995
streaming/transition2,cea-15,joint,swap,0.0,0.0,2.0802818946775288,1.0621252925000002,1.2652230253095489,1.9999999999999998e-05,0.37464499999999995
streaming/transition3,cea-15,joint,swap,0.0,0.0,2.0802818946775288,1.0621252925000002,1.2652230253095489,1.9999999999999998e-05,0.37464499999999995
fixed/absolute,cea-15,joint,swap,0.0,0.0,2.0802818946775288,1.0621252925000002,1.2652230253095489,1.9999999999999998e-05,0.37464499999999995
fixed/present,cea-15,joint,swap,0.0,0.0,2.0802818946775288,1.0621252925000002,1.2652230253095489,1.9999999999999998e-05,0.37464499999999995
fixed/recency,cea-15,joint,swap,0.0,0.0,2.1223490426911127,1.0444812499999996,1.5615080942797084,0.001,0.35724999999999996
fixed/reference,cea-15,joint,swap,0.0,0.0,2.0802818946775288,1.0621252925000002,1.2652230253095489,1.9999999999999998e-05,0.37464499999999995
fixed/transition1,cea-15,joint,swap,0.0,0.0,2.0802818946775288,1.0621252925000002,1.2652230253095489,1.9999999999999998e-05,0.37464499999999995
fixed/transition2,cea-15,joint,swap,0.0,0.0,2.0802818946775288,1.0621252925000002,1.2652230253095489,1.9999999999999998e-05,0.37464499999999995
fixed/transition3,cea-15,joint,swap,0.0,0.0,2.0802818946775288,1.0621252925000002,1.2652230253095489,1.9999999999999998e-05,0.37464499999999995
oracle-boundary/absolute,cea-15,joint,swap,1.0,1.0,0.0009804805139615315,9.800000000392828e-07,0.011582902361779928,1.9999999999999998e-05,0.9990199999999999
oracle-boundary/present,cea-15,joint,swap,0.0,0.0,2.0802818946775288,1.0621252925000002,1.2652230253095489,1.9999999999999998e-05,0.37464499999999995
oracle-boundary/recency,cea-15,joint,swap,1.0,1.0,0.05024121643674679,0.0024500000000000632,0.38625940550147086,0.001,0.951
oracle-boundary/reference,cea-15,joint,swap,1.0,1.0,0.0009804805139615315,9.800000000392828e-07,0.011582902361779928,1.9999999999999998e-05,0.9990199999999999
oracle-boundary/transition1,cea-15,joint,swap,0.5,0.0,0.6941076416550698,0.5000004800000002,0.7038282854721148,2e-05,0.49952
oracle-boundary/transition2,cea-15,joint,swap,1.0,1.0,0.0009804805139615315,9.800000000392828e-07,0.011582902361779928,1.9999999999999998e-05,0.9990199999999999
oracle-boundary/transition3,cea-15,joint,swap,1.0,1.0,0.0009804805139615315,9.800000000392828e-07,0.011582902361779928,1.9999999999999998e-05,0.9990199999999999
map/absolute,cea-15,joint,shuffle,1.0,1.0,0.0009804805139615315,9.800000000392828e-07,0.011582902361779928,1.9999999999999998e-05,0.9990199999999999
map/present,cea-15,joint,shuffle,0.0,0.0,2.0802818946775288,1.0621252925000002,1.2652230253095489,1.9999999999999998e-05,0.37464499999999995
map/recency,cea-15,joint,shuffle,1.0,1.0,0.05024121643674679,0.0024500000000000632,0.38625940550147086,0.001,0.951
map/reference,cea-15,joint,shuffle,1.0,1.0,0.0009804805139615315,9.800000000392828e-07,0.011582902361779928,1.9999999999999998e-05,0.9990199999999999
map/transition1,cea-15,joint,shuffle,1.0,1.0,0.0009804805139615315,9.800000000392828e-07,0.011582902361779928,1.9999999999999998e-05,0.9990199999999999
map/transition2,cea-15,joint,shuffle,1.0,1.0,0.0009804805139615315,9.800000000392828e-07,0.011582902361779928,1.9999999999999998e-05,0.9990199999999999
map/transition3,cea-15,joint,shuffle,1.0,1.0,0.0009804805139615315,9.800000000392828e-07,0.011582902361779928,1.9999999999999998e-05,0.9990199999999999
mixture/absolute,cea-15,joint,shuffle,1.0,1.0,0.28771000848881184,0.0978121729489908,0.7805422924702003,0.17462395707250977,0.7518758870230827
mixture/present,cea-15,joint,shuffle,0.0,0.0,2.272509363095698,1.0374101118243744,1.5056848496961672,0.17462395707250977,0.30922919218641326
mixture/recency,cea-15,joint,shuffle,0.0,0.0,0.981425126034229,0.5785987827238879,1.370624538186531,0.17543284177227272,0.3957583974930857
mixture/reference,cea-15,joint,shuffle,1.0,1.0,0.28771000848881184,0.0978121729489908,0.7805422924702003,0.17462395707250977,0.7518758870230827
mixture/transition1,cea-15,joint,shuffle,1.0,1.0,0.5136835299589563,0.2372110104263846,1.0072251011426516,0.17462395707250977,0.5999181903581958
mixture/transition2,cea-15,joint,shuffle,1.0,1.0,0.23891782524543076,0.07938647565819446,0.6250426518685701,0.17462395707250977,0.789490618374375
mixture/transition3,cea-15,joint,shuffle,1.0,1.0,0.28771000848881184,0.0978121729489908,0.7805422924702003,0.17462395707250977,0.7518758870230827
repaired/absolute,cea-15,joint,shuffle,1.0,1.0,0.0009804805139615315,9.800000000392828e-07,0.011582902361779928,1.9999999999999998e-05,0.9990199999999999
repaired/present,cea-15,joint,shuffle,0.0,0.0,2.0802818946775288,1.0621252925000002,1.2652230253095489,1.9999999999999998e-05,0.37464499999999995
repaired/recency,cea-15,joint,shuffle,1.0,1.0,0.05024121643674679,0.0024500000000000632,0.38625940550147086,0.001,0.951
repaired/reference,cea-15,joint,shuffle,1.0,1.0,0.0009804805139615315,9.800000000392828e-07,0.011582902361779928,1.9999999999999998e-05,0.9990199999999999
repaired/transition1,cea-15,joint,shuffle,1.0,1.0,0.0009804805139615315,9.800000000392828e-07,0.011582902361779928,1.9999999999999998e-05,0.9990199999999999
repaired/transition2,cea-15,joint,shuffle,1.0,1.0,0.0009804805139615315,9.800000000392828e-07,0.011582902361779928,1.9999999999999998e-05,0.9990199999999999
repaired/transition3,cea-15,joint,shuffle,1.0,1.0,0.0009804805139615315,9.800000000392828e-07,0.011582902361779928,1.9999999999999998e-05,0.9990199999999999
streaming/absolute,cea-15,joint,shuffle,0.0,0.0,2.0802818946775288,1.0621252925000002,1.2652230253095489,1.9999999999999998e-05,0.37464499999999995
streaming/present,cea-15,joint,shuffle,0.0,0.0,2.0802818946775288,1.0621252925000002,1.2652230253095489,1.9999999999999998e-05,0.37464499999999995
streaming/recency,cea-15,joint,shuffle,0.0,0.0,2.1223490426911127,1.0444812499999996,1.5615080942797084,0.001,0.35724999999999996
streaming/reference,cea-15,joint,shuffle,0.0,0.0,2.0802818946775288,1.0621252925000002,1.2652230253095489,1.9999999999999998e-05,0.37464499999999995
streaming/transition1,cea-15,joint,shuffle,0.0,0.0,2.0802818946775288,1.0621252925000002,1.2652230253095489,1.9999999999999998e-05,0.37464499999999995
streaming/transition2,cea-15,joint,shuffle,0.0,0.0,2.0802818946775288,1.0621252925000002,1.2652230253095489,1.9999999999999998e-05,0.37464499999999995
streaming/transition3,cea-15,joint,shuffle,0.0,0.0,2.0802818946775288,1.0621252925000002,1.2652230253095489,1.9999999999999998e-05,0.37464499999999995
fixed/absolute,cea-15,joint,shuffle,0.0,0.0,2.0802818946775288,1.0621252925000002,1.2652230253095489,1.9999999999999998e-05,0.37464499999999995
fixed/present,cea-15,joint,shuffle,0.0,0.0,2.0802818946775288,1.0621252925000002,1.2652230253095489,1.9999999999999998e-05,0.37464499999999995
fixed/recency,cea-15,joint,shuffle,0.0,0.0,6.907755278982137,1.90245,0.38625940550147086,0.476,0.951
fixed/reference,cea-15,joint,shuffle,0.0,0.0,2.0802818946775288,1.0621252925000002,1.2652230253095489,1.9999999999999998e-05,0.37464499999999995
fixed/transition1,cea-15,joint,shuffle,0.0,0.0,2.0802818946775288,1.0621252925000002,1.2652230253095489,1.9999999999999998e-05,0.37464499999999995
fixed/transition2,cea-15,joint,shuffle,0.0,0.0,2.0802818946775288,1.0621252925000002,1.2652230253095489,1.9999999999999998e-05,0.37464499999999995
fixed/transition3,cea-15,joint,shuffle,0.0,0.0,2.0802818946775288,1.0621252925000002,1.2652230253095489,1.9999999999999998e-05,0.37464499999999995
oracle-boundary/absolute,cea-15,joint,shuffle,1.0,1.0,0.0009804805139615315,9.800000000392828e-07,0.011582902361779928,1.9999999999999998e-05,0.9990199999999999
oracle-boundary/present,cea-15,joint,shuffle,0.0,0.0,2.0802818946775288,1.0621252925000002,1.2652230253095489,1.9999999999999998e-05,0.37464499999999995
oracle-boundary/recency,cea-15,joint,shuffle,0.0,0.0,6.907755278982137,1.90245,0.38625940550147086,0.001,0.951
oracle-boundary/reference,cea-15,joint,shuffle,1.0,1.0,0.0009804805139615315,9.800000000392828e-07,0.011582902361779928,1.9999999999999998e-05,0.9990199999999999
oracle-boundary/transition1,cea-15,joint,shuffle,0.5,0.0,0.6941076416550698,0.5000004800000002,0.7038282854721148,2e-05,0.49952
oracle-boundary/transition2,cea-15,joint,shuffle,1.0,1.0,0.0009804805139615315,9.800000000392828e-07,0.011582902361779928,1.9999999999999998e-05,0.9990199999999999
oracle-boundary/transition3,cea-15,joint,shuffle,1.0,1.0,0.0009804805139615315,9.800000000392828e-07,0.011582902361779928,1.9999999999999998e-05,0.9990199999999999
map/absolute,cea-15,joint,ambiguous,0.5,0.0,0.6941317673586215,0.5000245588235117,0.7038041833168955,1.9999999999999998e-05,0.502989785548971
map/present,cea-15,joint,ambiguous,0.0,0.0,2.0802818946775288,1.0621252925,1.2652230253095489,1.9999999999999998e-05,0.37464499999999995
map/recency,cea-15,joint,ambiguous,0.5,0.0,3.4789982477094417,0.95245,0.38625940550147086,0.001,0.951
map/reference,cea-15,joint,ambiguous,0.5,0.0,0.6941355264222776,0.5000283104780996,0.7038004279921538,1.9999999999999998e-05,0.5032503135323704
map/transition1,cea-15,joint,ambiguous,0.5,0.0,0.6941381101872393,0.5000308891341363,0.7037978468080225,1.9999999999999998e-05,0.5034193034080578
map/transition2,cea-15,joint,ambiguous,0.5,0.0,0.6941317673586215,0.5000245588235117,0.7038041833168955,1.9999999999999998e-05,0.502989785548971
map/transition3,cea-15,joint,ambiguous,0.5,0.0,0.6941317673586215,0.5000245588235117,0.7038041833168955,1.9999999999999998e-05,0.502989785548971
mixture/absolute,cea-15,joint,ambiguous,0.5,0.0,0.8127023064881909,0.5201521702804857,0.9906280600827895,0.1018022076884662,0.4900640805984257
mixture/present,cea-15,joint,ambiguous,0.0,0.0,2.1876268707120365,1.0376489962060709,1.4652558026575566,0.1018022076884662,0.33651204214139735
mixture/recency,cea-15,joint,ambiguous,0.5,0.0,3.58634322374395,0.8851440935972805,0.6707791395432622,0.10268245912996037,0.8542031845519595
mixture/reference,cea-15,joint,ambiguous,0.5,0.0,0.8127446030164358,0.5201854701160846,0.990590592626432,0.1018022076884662,0.4902519890964882
mixture/transition1,cea-15,joint,ambiguous,0.5,0.0,0.807196175401068,0.5202303585347245,0.9558678898071592,0.1018022076884662,0.4966272236161974
mixture/transition2,cea-15,joint,ambiguous,0.5,0.0,0.8071128110006691,0.520163991083733,0.9559421303601204,0.1018022076884662,0.49627994532461817
mixture/transition3,cea-15,joint,ambiguous,0.5,0.0,0.8127023064881909,0.5201521702804857,0.9906280600827895,0.1018022076884662,0.4900640805984257
repaired/absolute,cea-15,joint,ambiguous,0.5,0.0,0.6941870474398595,0.500079727106018,0.703748960116229,2e-05,0.5058147242202486
repaired/present,cea-15,joint,ambiguous,0.0,0.0,2.0802818946775288,1.0621252925,1.2652230253095489,1.9999999999999998e-05,0.37464499999999995
repaired/recency,cea-15,joint,ambiguous,0.5,0.0,3.4789982477094417,0.95245,0.38625940550147086,0.001,0.951
repaired/reference,cea-15,joint,ambiguous,0.5,0.0,0.6941249714046798,0.5000177761927211,0.7038109725590845,1.9999999999999998e-05,0.5024607645877587
repaired/transition1,cea-15,joint,ambiguous,0.5,0.0,0.6941870474398595,0.500079727106018,0.703748960116229,2e-05,0.5058147242202486
repaired/transition2,cea-15,joint,ambiguous,0.5,0.0,0.6941870474398595,0.500079727106018,0.703748960116229,2e-05,0.5058147242202486
repaired/transition3,cea-15,joint,ambiguous,0.5,0.0,0.6941870474398595,0.500079727106018,0.703748960116229,2e-05,0.5058147242202486
streaming/absolute,cea-15,joint,ambiguous,0.0,0.0,2.0802818946775288,1.0621252925,1.2652230253095489,1.9999999999999998e-05,0.37464499999999995
streaming/present,cea-15,joint,ambiguous,0.0,0.0,2.0802818946775288,1.0621252925,1.2652230253095489,1.9999999999999998e-05,0.37464499999999995
streaming/recency,cea-15,joint,ambiguous,0.0,0.0,2.1223490426911127,1.04448125,1.5615080942797084,0.001,0.35724999999999996
streaming/reference,cea-15,joint,ambiguous,0.0,0.0,2.0802818946775288,1.0621252925,1.2652230253095489,1.9999999999999998e-05,0.37464499999999995
streaming/transition1,cea-15,joint,ambiguous,0.0,0.0,2.0802818946775288,1.0621252925,1.2652230253095489,1.9999999999999998e-05,0.37464499999999995
streaming/transition2,cea-15,joint,ambiguous,0.0,0.0,2.0802818946775288,1.0621252925,1.2652230253095489,1.9999999999999998e-05,0.37464499999999995
streaming/transition3,cea-15,joint,ambiguous,0.0,0.0,2.0802818946775288,1.0621252925,1.2652230253095489,1.9999999999999998e-05,0.37464499999999995
fixed/absolute,cea-15,joint,ambiguous,0.0,0.0,2.0802818946775288,1.0621252925,1.2652230253095489,1.9999999999999998e-05,0.37464499999999995
fixed/present,cea-15,joint,ambiguous,0.0,0.0,2.0802818946775288,1.0621252925,1.2652230253095489,1.9999999999999998e-05,0.37464499999999995
fixed/recency,cea-15,joint,ambiguous,0.0,0.0,2.1223490426911127,1.04448125,1.5615080942797084,0.001,0.35724999999999996
fixed/reference,cea-15,joint,ambiguous,0.0,0.0,2.0802818946775288,1.0621252925,1.2652230253095489,1.9999999999999998e-05,0.37464499999999995
fixed/transition1,cea-15,joint,ambiguous,0.0,0.0,2.0802818946775288,1.0621252925,1.2652230253095489,1.9999999999999998e-05,0.37464499999999995
fixed/transition2,cea-15,joint,ambiguous,0.0,0.0,2.0802818946775288,1.0621252925,1.2652230253095489,1.9999999999999998e-05,0.37464499999999995
fixed/transition3,cea-15,joint,ambiguous,0.0,0.0,2.0802818946775288,1.0621252925,1.2652230253095489,1.9999999999999998e-05,0.37464499999999995
oracle-boundary/absolute,cea-15,joint,ambiguous,0.5,0.0,0.6941076416550698,0.50000048,0.7038282854721148,2e-05,0.49952
oracle-boundary/present,cea-15,joint,ambiguous,0.0,0.0,2.0802818946775288,1.0621252925,1.2652230253095489,1.9999999999999998e-05,0.37464499999999995
oracle-boundary/recency,cea-15,joint,ambiguous,0.5,0.0,3.4789982477094417,0.95245,0.38625940550147086,0.001,0.951
oracle-boundary/reference,cea-15,joint,ambiguous,0.5,0.0,0.6941076416550698,0.50000048,0.7038282854721148,2e-05,0.49952
oracle-boundary/transition1,cea-15,joint,ambiguous,0.5,0.0,0.6941076416550698,0.50000048,0.7038282854721148,2e-05,0.49952
oracle-boundary/transition2,cea-15,joint,ambiguous,0.5,0.0,0.6941076416550698,0.50000048,0.7038282854721148,2e-05,0.49952
oracle-boundary/transition3,cea-15,joint,ambiguous,0.5,0.0,0.6941076416550698,0.50000048,0.7038282854721148,2e-05,0.49952
