model,cell,condition,accuracy,accuracy_lower95,accuracy_upper95,paired_success,paired_success_lower95,paired_success_upper95,log_loss,log_loss_lower95,log_loss_upper95,brier,brier_lower95,brier_upper95,entropy,entropy_lower95,entropy_upper95,unknown_mass,unknown_mass_lower95,unknown_mass_upper95,confidence,confidence_lower95,confidence_upper95
fixed/absolute,detached,intact,0.3125,0.125,0.4375,0.0,0.0,0.0,3.578590037968685,1.119089558878683,7.130527565775281,0.8123752925,0.6250627925,1.0309065425,1.2652230253095489,1.2652230253095489,1.2652230253095489,1.9999999999999998e-05,1.9999999999999998e-05,1.9999999999999998e-05,0.37464499999999995,0.37464499999999995,0.37464499999999995
fixed/absolute,duration,intact,0.3125,0.125,0.4375,0.0,0.0,0.0,3.578590037968685,1.119089558878683,7.130527565775281,0.8123752925,0.6250627925,1.0309065425,1.2652230253095489,1.2652230253095489,1.2652230253095489,1.9999999999999998e-05,1.9999999999999998e-05,1.9999999999999998e-05,0.37464499999999995,0.37464499999999995,0.37464499999999995
fixed/absolute,joint,ambiguous,0.3125,0.125,0.4375,0.0,0.0,0.0,3.578590037968685,1.119089558878683,7.130527565775281,0.8123752925,0.6250627925,1.0309065425,1.2652230253095489,1.2652230253095489,1.2652230253095489,1.9999999999999998e-05,1.9999999999999998e-05,1.9999999999999998e-05,0.37464499999999995,0.37464499999999995,0.37464499999999995
fixed/absolute,joint,intact,0.3125,0.125,0.4375,0.0,0.0,0.0,3.578590037968685,1.119089558878683,7.130527565775281,0.8123752925,0.6250627925,1.0309065425,1.2652230253095489,1.2652230253095489,1.2652230253095489,1.9999999999999998e-05,1.9999999999999998e-05,1.9999999999999998e-05,0.37464499999999995,0.37464499999999995,0.37464499999999995
fixed/absolute,joint,removal,0.3125,0.125,0.4375,0.0,0.0,0.0,3.578590037968685,1.119089558878683,7.130527565775281,0.8123752925,0.6250627925,1.0309065425,1.2652230253095489,1.2652230253095489,1.2652230253095489,1.9999999999999998e-05,1.9999999999999998e-05,1.9999999999999998e-05,0.37464499999999995,0.37464499999999995,0.37464499999999995
fixed/absolute,joint,reset,0.3125,0.125,0.4375,0.0,0.0,0.0,3.578590037968685,1.119089558878683,7.130527565775281,0.8123752925,0.6250627925,1.0309065425,1.2652230253095489,1.2652230253095489,1.2652230253095489,1.9999999999999998e-05,1.9999999999999998e-05,1.9999999999999998e-05,0.37464499999999995,0.37464499999999995,0.37464499999999995
fixed/absolute,joint,shuffle,0.3125,0.125,0.4375,0.0,0.0,0.0,3.578590037968685,1.119089558878683,7.130527565775281,0.8123752925,0.6250627925,1.0309065425,1.2652230253095489,1.2652230253095489,1.2652230253095489,1.9999999999999998e-05,1.9999999999999998e-05,1.9999999999999998e-05,0.37464499999999995,0.37464499999999995,0.37464499999999995
fixed/absolute,joint,swap,0.3125,0.125,0.4375,0.0,0.0,0.0,3.578590037968685,1.119089558878683,7.130527565775281,0.8123752925,0.6250627925,1.0309065425,1.2652230253095489,1.2652230253095489,1.2652230253095489,1.9999999999999998e-05,1.9999999999999998e-05,1.9999999999999998e-05,0.37464499999999995,0.37464499999999995,0.37464499999999995
fixed/absolute,legato,intact,0.3125,0.125,0.4375,0.0,0.0,0.0,3.578590037968685,1.119089558878683,7.130527565775281,0.8123752925,0.6250627925,1.0309065425,1.2652230253095489,1.2652230253095489,1.2652230253095489,1.9999999999999998e-05,1.9999999999999998e-05,1.9999999999999998e-05,0.37464499999999995,0.37464499999999995,0.37464499999999995
fixed/present,detached,intact,0.3125,0.125,0.4375,0.0,0.0,0.0,3.578590037968685,1.119089558878683,7.130527565775281,0.8123752925,0.6250627925,1.0309065425,1.2652230253095489,1.2652230253095489,1.2652230253095489,1.9999999999999998e-05,1.9999999999999998e-05,1.9999999999999998e-05,0.37464499999999995,0.37464499999999995,0.37464499999999995
fixed/present,duration,intact,0.3125,0.125,0.4375,0.0,0.0,0.0,3.578590037968685,1.119089558878683,7.130527565775281,0.8123752925,0.6250627925,1.0309065425,1.2652230253095489,1.2652230253095489,1.2652230253095489,1.9999999999999998e-05,1.9999999999999998e-05,1.9999999999999998e-05,0.37464499999999995,0.37464499999999995,0.37464499999999995
fixed/present,joint,ambiguous,0.3125,0.125,0.4375,0.0,0.0,0.0,3.578590037968685,1.119089558878683,7.130527565775281,0.8123752925,0.6250627925,1.0309065425,1.2652230253095489,1.2652230253095489,1.2652230253095489,1.9999999999999998e-05,1.9999999999999998e-05,1.9999999999999998e-05,0.37464499999999995,0.37464499999999995,0.37464499999999995
fixed/present,joint,intact,0.3125,0.125,0.4375,0.0,0.0,0.0,3.578590037968685,1.119089558878683,7.130527565775281,0.8123752925,0.6250627925,1.0309065425,1.2652230253095489,1.2652230253095489,1.2652230253095489,1.9999999999999998e-05,1.9999999999999998e-05,1.9999999999999998e-05,0.37464499999999995,0.37464499999999995,0.37464499999999995
fixed/present,joint,removal,0.3125,0.125,0.4375,0.0,0.0,0.0,3.578590037968685,1.119089558878683,7.130527565775281,0.8123752925,0.6250627925,1.0309065425,1.2652230253095489,1.2652230253095489,1.2652230253095489,1.9999999999999998e-05,1.9999999999999998e-05,1.9999999999999998e-05,0.37464499999999995,0.37464499999999995,0.37464499999999995
fixed/present,joint,reset,0.3125,0.125,0.4375,0.0,0.0,0.0,3.578590037968685,1.119089558878683,7.130527565775281,0.8123752925,0.6250627925,1.0309065425,1.2652230253095489,1.2652230253095489,1.2652230253095489,1.9999999999999998e-05,1.9999999999999998e-05,1.9999999999999998e-05,0.37464499999999995,0.37464499999999995,0.37464499999999995
fixed/present,joint,shuffle,0.3125,0.125,0.4375,0.0,0.0,0.0,3.578590037968685,1.119089558878683,7.130527565775281,0.8123752925,0.6250627925,1.0309065425,1.2652230253095489,1.2652230253095489,1.2652230253095489,1.9999999999999998e-05,1.9999999999999998e-05,1.9999999999999998e-05,0.37464499999999995,0.37464499999999995,0.37464499999999995
fixed/present,joint,swap,0.3125,0.125,0.4375,0.0,0.0,0.0,3.578590037968685,1.119089558878683,7.130527565775281,0.8123752925,0.6250627925,1.0309065425,1.2652230253095489,1.2652230253095489,1.2652230253095489,1.9999999999999998e-05,1.9999999999999998e-05,1.9999999999999998e-05,0.37464499999999995,0.37464499999999995,0.37464499999999995
fixed/present,legato,intact,0.3125,0.125,0.4375,0.0,0.0,0.0,3.578590037968685,1.119089558878683,7.130527565775281,0.8123752925,0.6250627925,1.0309065425,1.2652230253095489,1.2652230253095489,1.2652230253095489,1.9999999999999998e-05,1.9999999999999998e-05,1.9999999999999998e-05,0.37464499999999995,0.37464499999999995,0.37464499999999995
fixed/recency,detached,intact,0.1875,0.0625,0.375,0.0,0.0,0.0,4.703341846959599,2.4989284163746546,6.17295080188089,1.3638074218721967,0.9027234375,1.73582890625,0.900430706846879,0.5331654915987505,1.2676959220950073,0.001,0.001,0.001,0.6912343749992811,0.5056874999985623,0.87678125
fixed/recency,duration,intact,0.125,0.0,0.3125,0.0,0.0,0.0,5.07074408622902,3.2337328934759015,6.540353040431514,1.408338671875,0.9917859375,1.7473328124999998,0.9004307068419498,0.5331654915987505,1.267695922085149,0.060375,0.001,0.17912499999999998,0.691234375,0.5056875,0.87678125
fixed/recency,joint,ambiguous,0.1875,0.0625,0.375,0.0,0.0,0.0,4.105166068142018,2.0373813344031455,6.17295080188089,1.21778203125,0.80698125,1.6285828125,1.1207898359878694,0.6800715776960302,1.5615080942797084,0.001,0.001,0.001,0.57990625,0.35724999999999996,0.8025625
fixed/recency,joint,intact,0.1875,0.0625,0.375,0.0,0.0,0.0,4.105166068142018,2.0373813344031455,6.17295080188089,1.2177820312499998,0.8069812499999999,1.6285828125,1.1207898359878694,0.6800715776960302,1.5615080942797084,0.001,0.001,0.001,0.57990625,0.35724999999999996,0.8025625
fixed/recency,joint,removal,0.1875,0.0625,0.375,0.0,0.0,0.0,4.105166068142018,2.0373813344031455,6.17295080188089,1.2177820312499998,0.8069812499999999,1.6285828125,1.1207898359878694,0.6800715776960302,1.5615080942797084,0.001,0.001,0.001,0.57990625,0.35724999999999996,0.8025625
fixed/recency,joint,reset,0.25,0.0625,0.4375,0.0,0.0,0.0,3.3703615910407705,1.7641239392734076,5.438146324779643,1.0511609375,0.7179187499999999,1.42559453125,1.267695922085149,0.9738837498905896,1.5615080942797084,0.001,0.001,0.001,0.5056875,0.35724999999999996,0.654125
fixed/recency,joint,shuffle,0.1875,0.0625,0.375,0.0,0.0,0.0,4.703341847678396,2.4989284163746546,6.17295080188089,1.3250281249999998,0.9027234375,1.73582890625,0.9738837498905896,0.5331654915987505,1.4146020081824286,0.060375,0.001,0.17912499999999998,0.654125,0.43146874999999996,0.87678125
fixed/recency,joint,swap,0.1875,0.0625,0.375,0.0,0.0,0.0,4.105166068142018,2.0373813344031455,6.17295080188089,1.2177820312499998,0.8069812499999999,1.6285828125,1.1207898359878694,0.6800715776960302,1.5615080942797084,0.001,0.001,0.001,0.57990625,0.35724999999999996,0.8025625
fixed/recency,legato,intact,0.125,0.0,0.3125,0.0,0.0,0.0,5.438146324779643,3.2337328934759015,6.907755278982137,1.5692078125,1.06934453125,1.90245,0.6800715776960302,0.38625940550147086,1.1207898359878694,0.001,0.001,0.001,0.8025625,0.57990625,0.951
fixed/reference,detached,intact,0.3125,0.125,0.4375,0.0,0.0,0.0,3.578590037968685,1.119089558878683,7.130527565775281,0.8123752925,0.6250627925,1.0309065425,1.2652230253095489,1.2652230253095489,1.2652230253095489,1.9999999999999998e-05,1.9999999999999998e-05,1.9999999999999998e-05,0.37464499999999995,0.37464499999999995,0.37464499999999995
fixed/reference,duration,intact,0.3125,0.125,0.4375,0.0,0.0,0.0,3.578590037968685,1.119089558878683,7.130527565775281,0.8123752925,0.6250627925,1.0309065425,1.2652230253095489,1.2652230253095489,1.2652230253095489,1.9999999999999998e-05,1.9999999999999998e-05,1.9999999999999998e-05,0.37464499999999995,0.37464499999999995,0.37464499999999995
fixed/reference,joint,ambiguous,0.3125,0.125,0.4375,0.0,0.0,0.0,3.578590037968685,1.119089558878683,7.130527565775281,0.8123752925,0.6250627925,1.0309065425,1.2652230253095489,1.2652230253095489,1.2652230253095489,1.9999999999999998e-05,1.9999999999999998e-05,1.9999999999999998e-05,0.37464499999999995,0.37464499999999995,0.37464499999999995
fixed/reference,joint,intact,0.3125,0.125,0.4375,0.0,0.0,0.0,3.578590037968685,1.119089558878683,7.130527565775281,0.8123752925,0.6250627925,1.0309065425,1.2652230253095489,1.2652230253095489,1.2652230253095489,1.9999999999999998e-05,1.9999999999999998e-05,1.9999999999999998e-05,0.37464499999999995,0.37464499999999995,0.37464499999999995
fixed/reference,joint,removal,0.3125,0.125,0.4375,0.0,0.0,0.0,3.578590037968685,1.119089558878683,7.130527565775281,0.8123752925,0.6250627925,1.0309065425,1.2652230253095489,1.2652230253095489,1.2652230253095489,1.9999999999999998e-05,1.9999999999999998e-05,1.9999999999999998e-05,0.37464499999999995,0.37464499999999995,0.37464499999999995
fixed/reference,joint,reset,0.3125,0.125,0.4375,0.0,0.0,0.0,3.578590037968685,1.119089558878683,7.130527565775281,0.8123752925,0.6250627925,1.0309065425,1.2652230253095489,1.2652230253095489,1.2652230253095489,1.9999999999999998e-05,1.9999999999999998e-05,1.9999999999999998e-05,0.37464499999999995,0.37464499999999995,0.37464499999999995
fixed/reference,joint,shuffle,0.3125,0.125,0.4375,0.0,0.0,0.0,3.578590037968685,1.119089558878683,7.130527565775281,0.8123752925,0.6250627925,1.0309065425,1.2652230253095489,1.2652230253095489,1.2652230253095489,1.9999999999999998e-05,1.9999999999999998e-05,1.9999999999999998e-05,0.37464499999999995,0.37464499999999995,0.37464499999999995
fixed/reference,joint,swap,0.3125,0.125,0.4375,0.0,0.0,0.0,3.578590037968685,1.119089558878683,7.130527565775281,0.8123752925,0.6250627925,1.0309065425,1.2652230253095489,1.2652230253095489,1.2652230253095489,1.9999999999999998e-05,1.9999999999999998e-05,1.9999999999999998e-05,0.37464499999999995,0.37464499999999995,0.37464499999999995
fixed/reference,legato,intact,0.3125,0.125,0.4375,0.0,0.0,0.0,3.578590037968685,1.119089558878683,7.130527565775281,0.8123752925,0.6250627925,1.0309065425,1.2652230253095489,1.2652230253095489,1.2652230253095489,1.9999999999999998e-05,1.9999999999999998e-05,1.9999999999999998e-05,0.37464499999999995,0.37464499999999995,0.37464499999999995
fixed/transition1,detached,intact,0.1875,0.0625,0.375,0.0,0.0,0.0,7.130527527981749,3.441276847140278,9.590028044865281,1.2612107725601378,0.835703503431456,1.6319249377346399,0.7760804776628203,0.4704981097566323,1.0813414940974466,0.03243866768776535,1.9999999999999998e-05,0.09727600306329603,0.575849107025055,0.43167764787477475,0.731942857025055
fixed/transition1,duration,intact,0.3125,0.125,0.4375,0.0,0.0,0.0,3.578590037968685,1.119089558878683,7.130527565775281,0.8123752925,0.6250627925,1.0309065425,1.2652230253095489,1.2652230253095489,1.2652230253095489,1.9999999999999998e-05,1.9999999999999998e-05,1.9999999999999998e-05,0.37464499999999995,0.37464499999999995,0.37464499999999995
fixed/transition1,joint,ambiguous,0.25,0.0625,0.4375,0.0,0.0,0.0,4.808340277513686,2.2115266075952773,8.360277805320282,0.9917972534375,0.6562815424999999,1.3506411753125,1.1085180099410779,0.7951079792041355,1.2652230253095489,1.9999999999999998e-05,1.9999999999999998e-05,1.9999999999999998e-05,0.45269187499999997,0.37464499999999995,0.6087856249999999
fixed/transition1,joint,intact,0.25,0.0625,0.4375,0.0,0.0,0.0,4.808340277513686,2.2115266075952773,8.360277805320282,0.9917972534375,0.6562815424999999,1.3506411753125,1.1085180099410779,0.7951079792041355,1.2652230253095489,1.9999999999999998e-05,1.9999999999999998e-05,1.9999999999999998e-05,0.45269187499999997,0.37464499999999995,0.6087856249999999
fixed/transition1,joint,removal,0.25,0.0625,0.4375,0.0,0.0,0.0,4.808340277513686,2.2115266075952773,8.360277805320282,0.9917972534375,0.6562815424999999,1.3506411753125,1.1085180099410779,0.7951079792041355,1.2652230253095489,1.9999999999999998e-05,1.9999999999999998e-05,1.9999999999999998e-05,0.45269187499999997,0.37464499999999995,0.6087856249999999
fixed/transition1,joint,reset,0.25,0.0625,0.4375,0.0,0.0,0.0,4.808340277513686,2.2115266075952773,8.360277805320282,0.9917972534375,0.6562815424999999,1.3506411753125,1.1085180099410779,0.7951079792041355,1.2652230253095489,1.9999999999999998e-05,1.9999999999999998e-05,1.9999999999999998e-05,0.45269187499999997,0.37464499999999995,0.6087856249999999
fixed/transition1,joint,shuffle,0.25,0.0625,0.4375,0.0,0.0,0.0,4.808340277513686,2.2115266075952773,8.360277805320282,0.9917972534375,0.6562815424999999,1.3506411753125,1.1085180099410779,0.7951079792041355,1.2652230253095489,1.9999999999999998e-05,1.9999999999999998e-05,1.9999999999999998e-05,0.45269187499999997,0.37464499999999995,0.6087856249999999
fixed/transition1,joint,swap,0.25,0.0625,0.4375,0.0,0.0,0.0,4.808340277513686,2.2115266075952773,8.360277805320282,0.9917972534375,0.6562815424999999,1.3506411753125,1.1085180099410779,0.7951079792041355,1.2652230253095489,1.9999999999999998e-05,1.9999999999999998e-05,1.9999999999999998e-05,0.45269187499999997,0.37464499999999995,0.6087856249999999
fixed/transition1,legato,intact,0.125,0.0,0.3125,0.0,0.0,0.0,8.360277805320282,4.671027086685279,10.819778284410283,1.519602887939151,1.074897987068195,1.8784468098141511,0.49269844452235734,0.17393532789208627,0.8547266584647089,1.9999999999999998e-05,1.9999999999999998e-05,1.9999999999999998e-05,0.7311711949433084,0.544737477983746,0.8999191536261609
fixed/transition2,detached,intact,0.3125,0.125,0.4375,0.0,0.0,0.0,3.578590037968685,1.119089558878683,7.130527565775281,0.8123752925,0.6250627925,1.0309065425,1.2652230253095489,1.2652230253095489,1.2652230253095489,1.9999999999999998e-05,1.9999999999999998e-05,1.9999999999999998e-05,0.37464499999999995,0.37464499999999995,0.37464499999999995
fixed/transition2,duration,intact,0.3125,0.125,0.4375,0.0,0.0,0.0,3.578590037968685,1.119089558878683,7.130527565775281,0.8123752925,0.6250627925,1.0309065425,1.2652230253095489,1.2652230253095489,1.2652230253095489,1.9999999999999998e-05,1.9999999999999998e-05,1.9999999999999998e-05,0.37464499999999995,0.37464499999999995,0.37464499999999995
fixed/transition2,joint,ambiguous,0.3125,0.125,0.4375,0.0,0.0,0.0,3.578590037968685,1.119089558878683,7.130527565775281,0.8123752925,0.6250627925,1.0309065425,1.2652230253095489,1.2652230253095489,1.2652230253095489,1.9999999999999998e-05,1.9999999999999998e-05,1.9999999999999998e-05,0.37464499999999995,0.37464499999999995,0.37464499999999995
fixed/transition2,joint,intact,0.3125,0.125,0.4375,0.0,0.0,0.0,3.578590037968685,1.119089558878683,7.130527565775281,0.8123752925,0.6250627925,1.0309065425,1.2652230253095489,1.2652230253095489,1.2652230253095489,1.9999999999999998e-05,1.9999999999999998e-05,1.9999999999999998e-05,0.37464499999999995,0.37464499999999995,0.37464499999999995
fixed/transition2,joint,removal,0.3125,0.125,0.4375,0.0,0.0,0.0,3.578590037968685,1.119089558878683,7.130527565775281,0.8123752925,0.6250627925,1.0309065425,1.2652230253095489,1.2652230253095489,1.2652230253095489,1.9999999999999998e-05,1.9999999999999998e-05,1.9999999999999998e-05,0.37464499999999995,0.37464499999999995,0.37464499999999995
fixed/transition2,joint,reset,0.3125,0.125,0.4375,0.0,0.0,0.0,3.578590037968685,1.119089558878683,7.130527565775281,0.8123752925,0.6250627925,1.0309065425,1.2652230253095489,1.2652230253095489,1.2652230253095489,1.9999999999999998e-05,1.9999999999999998e-05,1.9999999999999998e-05,0.37464499999999995,0.37464499999999995,0.37464499999999995
fixed/transition2,joint,shuffle,0.3125,0.125,0.4375,0.0,0.0,0.0,3.578590037968685,1.119089558878683,7.130527565775281,0.8123752925,0.6250627925,1.0309065425,1.2652230253095489,1.2652230253095489,1.2652230253095489,1.9999999999999998e-05,1.9999999999999998e-05,1.9999999999999998e-05,0.37464499999999995,0.37464499999999995,0.37464499999999995
fixed/transition2,joint,swap,0.3125,0.125,0.4375,0.0,0.0,0.0,3.578590037968685,1.119089558878683,7.130527565775281,0.8123752925,0.6250627925,1.0309065425,1.2652230253095489,1.2652230253095489,1.2652230253095489,1.9999999999999998e-05,1.9999999999999998e-05,1.9999999999999998e-05,0.37464499999999995,0.37464499999999995,0.37464499999999995
fixed/transition2,legato,intact,0.3125,0.125,0.4375,0.0,0.0,0.0,3.578590037968685,1.119089558878683,7.130527565775281,0.8123752925,0.6250627925,1.0309065425,1.2652230253095489,1.2652230253095489,1.2652230253095489,1.9999999999999998e-05,1.9999999999999998e-05,1.9999999999999998e-05,0.37464499999999995,0.37464499999999995,0.37464499999999995
fixed/transition3,detached,intact,0.3125,0.125,0.4375,0.0,0.0,0.0,3.578590037968685,1.119089558878683,7.130527565775281,0.8123752925,0.6250627925,1.0309065425,1.2652230253095489,1.2652230253095489,1.2652230253095489,1.9999999999999998e-05,1.9999999999999998e-05,1.9999999999999998e-05,0.37464499999999995,0.37464499999999995,0.37464499999999995
fixed/transition3,duration,intact,0.3125,0.125,0.4375,0.0,0.0,0.0,3.578590037968685,1.119089558878683,7.130527565775281,0.8123752925,0.6250627925,1.0309065425,1.2652230253095489,1.2652230253095489,1.2652230253095489,1.9999999999999998e-05,1.9999999999999998e-05,1.9999999999999998e-05,0.37464499999999995,0.37464499999999995,0.37464499999999995
fixed/transition3,joint,ambiguous,0.3125,0.125,0.4375,0.0,0.0,0.0,3.578590037968685,1.119089558878683,7.130527565775281,0.8123752925,0.6250627925,1.0309065425,1.2652230253095489,1.2652230253095489,1.2652230253095489,1.9999999999999998e-05,1.9999999999999998e-05,1.9999999999999998e-05,0.37464499999999995,0.37464499999999995,0.37464499999999995
fixed/transition3,joint,intact,0.3125,0.125,0.4375,0.0,0.0,0.0,3.578590037968685,1.119089558878683,7.130527565775281,0.8123752925,0.6250627925,1.0309065425,1.2652230253095489,1.2652230253095489,1.2652230253095489,1.9999999999999998e-05,1.9999999999999998e-05,1.9999999999999998e-05,0.37464499999999995,0.37464499999999995,0.37464499999999995
fixed/transition3,joint,removal,0.3125,0.125,0.4375,0.0,0.0,0.0,3.578590037968685,1.119089558878683,7.130527565775281,0.8123752925,0.6250627925,1.0309065425,1.2652230253095489,1.2652230253095489,1.2652230253095489,1.9999999999999998e-05,1.9999999999999998e-05,1.9999999999999998e-05,0.37464499999999995,0.37464499999999995,0.37464499999999995
fixed/transition3,joint,reset,0.3125,0.125,0.4375,0.0,0.0,0.0,3.578590037968685,1.119089558878683,7.130527565775281,0.8123752925,0.6250627925,1.0309065425,1.2652230253095489,1.2652230253095489,1.2652230253095489,1.9999999999999998e-05,1.9999999999999998e-05,1.9999999999999998e-05,0.37464499999999995,0.37464499999999995,0.37464499999999995
fixed/transition3,joint,shuffle,0.3125,0.125,0.4375,0.0,0.0,0.0,3.578590037968685,1.119089558878683,7.130527565775281,0.8123752925,0.6250627925,1.0309065425,1.2652230253095489,1.2652230253095489,1.2652230253095489,1.9999999999999998e-05,1.9999999999999998e-05,1.9999999999999998e-05,0.37464499999999995,0.37464499999999995,0.37464499999999995
fixed/transition3,joint,swap,0.3125,0.125,0.4375,0.0,0.0,0.0,3.578590037968685,1.119089558878683,7.130527565775281,0.8123752925,0.6250627925,1.0309065425,1.2652230253095489,1.2652230253095489,1.2652230253095489,1.9999999999999998e-05,1.9999999999999998e-05,1.9999999999999998e-05,0.37464499999999995,0.37464499999999995,0.37464499999999995
fixed/transition3,legato,intact,0.3125,0.125,0.4375,0.0,0.0,0.0,3.578590037968685,1.119089558878683,7.130527565775281,0.8123752925,0.6250627925,1.0309065425,1.2652230253095489,1.2652230253095489,1.2652230253095489,1.9999999999999998e-05,1.9999999999999998e-05,1.9999999999999998e-05,0.37464499999999995,0.37464499999999995,0.37464499999999995
map/absolute,detached,intact,1.0,1.0,1.0,1.0,1.0,1.0,0.06228022348498122,0.0009804805139615315,0.1848797094270206,0.03516499953125003,9.800000000392828e-07,0.10549303859375002,0.08993541004601548,0.011582902361779928,0.24664042541448658,1.9999999999999998e-05,1.9999999999999998e-05,1.9999999999999998e-05,0.9599965625,0.8819496874999999,0.9990199999999999
map/absolute,duration,intact,0.9375,0.8125,1.0,0.875,0.625,1.0,0.12357996645600092,0.0009804805139615315,0.30747919536906,0.07032901906250003,9.800000000392828e-07,0.17582107765625,0.16828791773025104,0.011582902361779928,0.40334544078295764,1.9999999999999998e-05,1.9999999999999998e-05,1.9999999999999998e-05,0.920973125,0.8039028125,0.9990199999999999
map/absolute,joint,ambiguous,0.5,0.5,0.5,0.0,0.0,0.0,1.875261896835411,0.6946677927894245,3.641855114583772,0.6268057277134982,0.5005590061181053,0.811953237369412,0.5287008398643726,0.27109738804211897,0.7032590398542811,1.9999999999999998e-05,1.9999999999999998e-05,1.9999999999999998e-05,0.6420056683246904,0.5142821506279378,0.8146877816200264
map/absolute,joint,intact,0.9375,0.8125,1.0,0.875,0.625,1.0,0.12357996645600092,0.0009804805139615315,0.30747919536906,0.07032901906250003,9.800000000392828e-07,0.17582107765625,0.16828791773025104,0.011582902361779928,0.40334544078295764,1.9999999999999998e-05,1.9999999999999998e-05,1.9999999999999998e-05,0.920973125,0.8039028125,0.9990199999999999
map/absolute,joint,removal,0.3125,0.125,0.4375,0.0,0.0,0.0,3.578590037968685,1.119089558878683,7.130527565775281,0.8123752925,0.6250627925,1.0309065425,1.2652230253095489,1.2652230253095489,1.2652230253095489,1.9999999999999998e-05,1.9999999999999998e-05,1.9999999999999998e-05,0.37464499999999995,0.37464499999999995,0.37464499999999995
map/absolute,joint,reset,0.3125,0.125,0.4375,0.0,0.0,0.0,3.578590037968685,1.119089558878683,7.130527565775281,0.8123752925,0.6250627925,1.0309065425,1.2652230253095489,1.2652230253095489,1.2652230253095489,1.9999999999999998e-05,1.9999999999999998e-05,1.9999999999999998e-05,0.37464499999999995,0.37464499999999995,0.37464499999999995
map/absolute,joint,shuffle,0.9375,0.8125,1.0,0.875,0.625,1.0,0.12357996645600092,0.0009804805139615315,0.30747919536906,0.07032901906250003,9.800000000392828e-07,0.17582107765625,0.16828791773025104,0.011582902361779928,0.40334544078295764,1.9999999999999998e-05,1.9999999999999998e-05,1.9999999999999998e-05,0.920973125,0.8039028125,0.9990199999999999
map/absolute,joint,swap,0.9375,0.8125,1.0,0.875,0.625,1.0,0.12357996645600092,0.0009804805139615315,0.30747919536906,0.07032901906250003,9.800000000392828e-07,0.17582107765625,0.16828791773025104,0.011582902361779928,0.40334544078295764,1.9999999999999998e-05,1.9999999999999998e-05,1.9999999999999998e-05,0.920973125,0.8039028125,0.9990199999999999
map/absolute,legato,intact,0.9375,0.8125,1.0,0.875,0.625,1.0,0.12357996645600092,0.0009804805139615315,0.30747919536906,0.07032901906250003,9.800000000392828e-07,0.17582107765625,0.16828791773025104,0.011582902361779928,0.40334544078295764,1.9999999999999998e-05,1.9999999999999998e-05,1.9999999999999998e-05,0.920973125,0.8039028125,0.9990199999999999
map/present,detached,intact,0.3125,0.125,0.4375,0.0,0.0,0.0,3.578590037968685,1.119089558878683,7.130527565775281,0.8123752925,0.6250627925,1.0309065425,1.2652230253095489,1.2652230253095489,1.2652230253095489,1.9999999999999998e-05,1.9999999999999998e-05,1.9999999999999998e-05,0.37464499999999995,0.37464499999999995,0.37464499999999995
map/present,duration,intact,0.3125,0.125,0.4375,0.0,0.0,0.0,3.578590037968685,1.119089558878683,7.130527565775281,0.8123752925,0.6250627925,1.0309065425,1.2652230253095489,1.2652230253095489,1.2652230253095489,1.9999999999999998e-05,1.9999999999999998e-05,1.9999999999999998e-05,0.37464499999999995,0.37464499999999995,0.37464499999999995
map/present,joint,ambiguous,0.3125,0.125,0.4375,0.0,0.0,0.0,3.578590037968685,1.119089558878683,7.130527565775281,0.8123752925,0.6250627925,1.0309065425,1.2652230253095489,1.2652230253095489,1.2652230253095489,1.9999999999999998e-05,1.9999999999999998e-05,1.9999999999999998e-05,0.37464499999999995,0.37464499999999995,0.37464499999999995
map/present,joint,intact,0.3125,0.125,0.4375,0.0,0.0,0.0,3.578590037968685,1.119089558878683,7.130527565775281,0.8123752925,0.6250627925,1.0309065425,1.2652230253095489,1.2652230253095489,1.2652230253095489,1.9999999999999998e-05,1.9999999999999998e-05,1.9999999999999998e-05,0.37464499999999995,0.37464499999999995,0.37464499999999995
map/present,joint,removal,0.3125,0.125,0.4375,0.0,0.0,0.0,3.578590037968685,1.119089558878683,7.130527565775281,0.8123752925,0.6250627925,1.0309065425,1.2652230253095489,1.2652230253095489,1.2652230253095489,1.9999999999999998e-05,1.9999999999999998e-05,1.9999999999999998e-05,0.37464499999999995,0.37464499999999995,0.37464499999999995
map/present,joint,reset,0.3125,0.125,0.4375,0.0,0.0,0.0,3.578590037968685,1.119089558878683,7.130527565775281,0.8123752925,0.6250627925,1.0309065425,1.2652230253095489,1.2652230253095489,1.2652230253095489,1.9999999999999998e-05,1.9999999999999998e-05,1.9999999999999998e-05,0.37464499999999995,0.37464499999999995,0.37464499999999995
map/present,joint,shuffle,0.3125,0.125,0.4375,0.0,0.0,0.0,3.578590037968685,1.119089558878683,7.130527565775281,0.8123752925,0.6250627925,1.0309065425,1.2652230253095489,1.2652230253095489,1.2652230253095489,1.9999999999999998e-05,1.9999999999999998e-05,1.9999999999999998e-05,0.37464499999999995,0.37464499999999995,0.37464499999999995
map/present,joint,swap,0.3125,0.125,0.4375,0.0,0.0,0.0,3.578590037968685,1.119089558878683,7.130527565775281,0.8123752925,0.6250627925,1.0309065425,1.2652230253095489,1.2652230253095489,1.2652230253095489,1.9999999999999998e-05,1.9999999999999998e-05,1.9999999999999998e-05,0.37464499999999995,0.37464499999999995,0.37464499999999995
map/present,legato,intact,0.3125,0.125,0.4375,0.0,0.0,0.0,3.578590037968685,1.119089558878683,7.130527565775281,0.8123752925,0.6250627925,1.0309065425,1.2652230253095489,1.2652230253095489,1.2652230253095489,1.9999999999999998e-05,1.9999999999999998e-05,1.9999999999999998e-05,0.37464499999999995,0.37464499999999995,0.37464499999999995
map/recency,detached,intact,0.4375,0.125,0.75,0.375,0.125,0.75,3.907592876618528,1.7646197320730943,6.050566021163963,1.0712000000000002,0.47745000000000004,1.66495,0.38625940550147086,0.38625940550147086,0.38625940550147086,0.001,0.001,0.001,0.951,0.951,0.951
map/recency,duration,intact,0.5,0.1875,0.8125,0.375,0.125,0.75,3.4789982477094417,1.3360251031640074,5.621971392254876,0.95245,0.3587,1.5461999999999998,0.38625940550147086,0.38625940550147086,0.38625940550147086,0.001,0.001,0.001,0.951,0.951,0.951
map/recency,joint,ambiguous,0.5,0.5,0.5,0.0,0.0,0.0,3.4789982477094417,3.4789982477094417,3.4789982477094417,0.95245,0.95245,0.95245,0.38625940550147086,0.38625940550147086,0.38625940550147086,0.001,0.001,0.001,0.951,0.951,0.951
map/recency,joint,intact,0.5,0.1875,0.8125,0.375,0.125,0.75,3.4789982477094417,1.3360251031640074,5.621971392254876,0.95245,0.3587,1.5461999999999998,0.38625940550147086,0.38625940550147086,0.38625940550147086,0.001,0.001,0.001,0.951,0.951,0.951
map/recency,joint,removal,0.3125,0.125,0.4375,0.0,0.0,0.0,2.6355571139395235,1.1659481597370296,4.703341847678396,0.8069812499999999,0.6288562499999999,1.01479375,1.5615080942797084,1.5615080942797084,1.5615080942797084,0.001,0.001,0.001,0.35724999999999996,0.35724999999999996,0.35724999999999996
map/recency,joint,reset,0.3125,0.125,0.4375,0.0,0.0,0.0,2.6355571139395235,1.1659481597370296,4.703341847678396,0.8069812499999999,0.6288562499999999,1.01479375,1.5615080942797084,1.5615080942797084,1.5615080942797084,0.001,0.001,0.001,0.35724999999999996,0.35724999999999996,0.35724999999999996
map/recency,joint,shuffle,0.625,0.3125,0.875,0.5,0.125,0.875,2.6218089898912678,0.9074304742549205,4.764782134436702,0.7149500000000001,0.23995000000000005,1.3087,0.38625940550147086,0.38625940550147086,0.38625940550147086,0.001,0.001,0.001,0.951,0.951,0.951
map/recency,joint,swap,0.5,0.1875,0.8125,0.375,0.125,0.75,3.4789982477094417,1.3360251031640074,5.621971392254876,0.95245,0.3587,1.5461999999999998,0.38625940550147086,0.38625940550147086,0.38625940550147086,0.001,0.001,0.001,0.951,0.951,0.951
map/recency,legato,intact,0.5,0.1875,0.8125,0.375,0.125,0.75,3.4789982477094417,1.3360251031640074,5.621971392254876,0.95245,0.3587,1.5461999999999998,0.38625940550147086,0.38625940550147086,0.38625940550147086,0.001,0.001,0.001,0.951,0.951,0.951
map/reference,detached,intact,1.0,1.0,1.0,1.0,1.0,1.0,0.06228022348498122,0.0009804805139615315,0.1848797094270206,0.03516499953125003,9.800000000392828e-07,0.10549303859375002,0.08993541004601548,0.011582902361779928,0.24664042541448658,1.9999999999999998e-05,1.9999999999999998e-05,1.9999999999999998e-05,0.9599965625,0.8819496874999999,0.9990199999999999
map/reference,duration,intact,0.9375,0.8125,1.0,0.875,0.625,1.0,0.12357996645600092,0.0009804805139615315,0.30747919536906,0.07032901906250003,9.800000000392828e-07,0.17582107765625,0.16828791773025104,0.011582902361779928,0.40334544078295764,1.9999999999999998e-05,1.9999999999999998e-05,1.9999999999999998e-05,0.920973125,0.8039028125,0.9990199999999999
map/reference,joint,ambiguous,0.5,0.5,0.5,0.0,0.0,0.0,1.8741881524912634,0.6943151254104065,3.6418119731739154,0.6257544098557525,0.5002074871043573,0.8119102116108008,0.5297599011616813,0.2711392974546837,0.7036144991700914,1.9999999999999998e-05,1.9999999999999998e-05,1.9999999999999998e-05,0.6360900107655063,0.5085724523498887,0.8136108283316221
map/reference,joint,intact,0.9375,0.8125,1.0,0.875,0.625,1.0,0.12357996645600092,0.0009804805139615315,0.30747919536906,0.07032901906250003,9.800000000392828e-07,0.17582107765625,0.16828791773025104,0.011582902361779928,0.40334544078295764,1.9999999999999998e-05,1.9999999999999998e-05,1.9999999999999998e-05,0.920973125,0.8039028125,0.9990199999999999
map/reference,joint,removal,0.3125,0.125,0.4375,0.0,0.0,0.0,3.578590037968685,1.119089558878683,7.130527565775281,0.8123752925,0.6250627925,1.0309065425,1.2652230253095489,1.2652230253095489,1.2652230253095489,1.9999999999999998e-05,1.9999999999999998e-05,1.9999999999999998e-05,0.37464499999999995,0.37464499999999995,0.37464499999999995
map/reference,joint,reset,0.3125,0.125,0.4375,0.0,0.0,0.0,3.578590037968685,1.119089558878683,7.130527565775281,0.8123752925,0.6250627925,1.0309065425,1.2652230253095489,1.2652230253095489,1.2652230253095489,1.9999999999999998e-05,1.9999999999999998e-05,1.9999999999999998e-05,0.37464499999999995,0.37464499999999995,0.37464499999999995
map/reference,joint,shuffle,0.9375,0.8125,1.0,0.875,0.625,1.0,0.12357996645600092,0.0009804805139615315,0.30747919536906,0.07032901906250003,9.800000000392828e-07,0.17582107765625,0.16828791773025104,0.011582902361779928,0.40334544078295764,1.9999999999999998e-05,1.9999999999999998e-05,1.9999999999999998e-05,0.920973125,0.8039028125,0.9990199999999999
map/reference,joint,swap,0.9375,0.8125,1.0,0.875,0.625,1.0,0.12357996645600092,0.0009804805139615315,0.30747919536906,0.07032901906250003,9.800000000392828e-07,0.17582107765625,0.16828791773025104,0.011582902361779928,0.40334544078295764,1.9999999999999998e-05,1.9999999999999998e-05,1.9999999999999998e-05,0.920973125,0.8039028125,0.9990199999999999
map/reference,legato,intact,0.9375,0.8125,1.0,0.875,0.625,1.0,0.12357996645600092,0.0009804805139615315,0.30747919536906,0.07032901906250003,9.800000000392828e-07,0.17582107765625,0.16828791773025104,0.011582902361779928,0.40334544078295764,1.9999999999999998e-05,1.9999999999999998e-05,1.9999999999999998e-05,0.920973125,0.8039028125,0.9990199999999999
map/transition1,detached,intact,0.4375,0.125,0.75,0.375,0.0,0.75,1.2778810745581586,0.6667751579647951,2.469265653250938,0.5566288461772355,0.47273963663723684,0.6936640359402464,0.6165183925755265,0.44342804366162636,0.703449220280753,1.9999999999999998e-05,1.9999999999999998e-05,1.9999999999999998e-05,0.576121291787911,0.5090647239365231,0.7002029441822479
map/transition1,duration,intact,0.6875,0.5625,0.875,0.375,0.125,0.75,1.8200427309308083,0.5994292402141705,3.592987506993638,0.573150938221504,0.4083985342943587,0.7644649298601287,0.5193579144088525,0.27004913401856995,0.6919338003228328,1.9999999999999998e-05,1.9999999999999998e-05,1.9999999999999998e-05,0.673663498182283,0.5571296469955812,0.8237757108998386
map/transition1,joint,ambiguous,0.5,0.5,0.5,0.0,0.0,0.0,1.87443736746765,0.6946703403340899,3.641778929721693,0.6259999291693765,0.5005614675311972,0.8118772397705912,0.5295130791956069,0.2711726923534026,0.7032653861505438,1.9999999999999998e-05,1.9999999999999998e-05,1.9999999999999998e-05,0.6365622991142711,0.5093456505174327,0.812193680954238
map/transition1,joint,intact,0.75,0.5625,0.9375,0.5,0.125,0.875,1.7528599793425625,0.4699323717139734,3.5277029743280486,0.5296699586334137,0.32116005109335577,0.747324496520569,0.43748703323730936,0.1839564139885771,0.6765379194377937,1.9999999999999998e-05,1.9999999999999998e-05,1.9999999999999998e-05,0.7148714525488034,0.5721068531946487,0.8808093878762482
map/transition1,joint,removal,0.3125,0.125,0.4375,0.0,0.0,0.0,3.578590037968685,1.119089558878683,7.130527565775281,0.8123752925,0.6250627925,1.0309065425,1.2652230253095489,1.2652230253095489,1.2652230253095489,1.9999999999999998e-05,1.9999999999999998e-05,1.9999999999999998e-05,0.37464499999999995,0.37464499999999995,0.37464499999999995
map/transition1,joint,reset,0.3125,0.125,0.4375,0.0,0.0,0.0,3.578590037968685,1.119089558878683,7.130527565775281,0.8123752925,0.6250627925,1.0309065425,1.2652230253095489,1.2652230253095489,1.2652230253095489,1.9999999999999998e-05,1.9999999999999998e-05,1.9999999999999998e-05,0.37464499999999995,0.37464499999999995,0.37464499999999995
map/transition1,joint,shuffle,0.5625,0.375,0.75,0.25,0.0,0.625,1.7658993681524064,0.48530722674056637,3.5258116753605444,0.5425853087061849,0.32686893562271724,0.7561469921196824,0.4370298439970192,0.18353479194198508,0.6802113719760166,1.9999999999999998e-05,1.9999999999999998e-05,1.9999999999999998e-05,0.7209301654743956,0.5739539282253532,0.8857770322982217
map/transition1,joint,swap,0.75,0.5625,0.9375,0.5,0.125,0.875,1.7528599793425625,0.4699323717139734,3.5277029743280486,0.5296699586334137,0.32116005109335577,0.747324496520569,0.43748703323730936,0.1839564139885771,0.6765379194377937,1.9999999999999998e-05,1.9999999999999998e-05,1.9999999999999998e-05,0.7148714525488034,0.5721068531946487,0.8808093878762482
map/transition1,legato,intact,0.625,0.3125,0.875,0.5,0.125,0.875,1.8514021199712056,0.6295429002041499,3.5930908615722044,0.6029517967628777,0.43330762581024296,0.7908349547857418,0.5222854795693688,0.2684852241188413,0.6936041591767163,1.9999999999999998e-05,1.9999999999999998e-05,1.9999999999999998e-05,0.6746744888235797,0.5626049048070767,0.8300091440351038
map/transition2,detached,intact,1.0,1.0,1.0,1.0,1.0,1.0,0.06228022348498122,0.0009804805139615315,0.1848797094270206,0.03516499953125003,9.800000000392828e-07,0.10549303859375002,0.08993541004601548,0.011582902361779928,0.24664042541448658,1.9999999999999998e-05,1.9999999999999998e-05,1.9999999999999998e-05,0.9599965625,0.8819496874999999,0.9990199999999999
map/transition2,duration,intact,0.9375,0.8125,1.0,0.875,0.625,1.0,0.12357996645600092,0.0009804805139615315,0.30747919536906,0.07032901906250003,9.800000000392828e-07,0.17582107765625,0.16828791773025104,0.011582902361779928,0.40334544078295764,1.9999999999999998e-05,1.9999999999999998e-05,1.9999999999999998e-05,0.920973125,0.8039028125,0.9990199999999999
map/transition2,joint,ambiguous,0.5,0.5,0.5,0.0,0.0,0.0,1.8752400288514675,0.6946755457706822,3.64185011883208,0.6267838880464722,0.5005667394760973,0.8119482513421354,0.5287226959694864,0.2711014077907574,0.7032602581020815,1.9999999999999998e-05,1.9999999999999998e-05,1.9999999999999998e-05,0.6408543694272179,0.5123224534271907,0.8141151219274683
map/transition2,joint,intact,0.9375,0.8125,1.0,0.875,0.625,1.0,0.12357996645600092,0.0009804805139615315,0.30747919536906,0.07032901906250003,9.800000000392828e-07,0.17582107765625,0.16828791773025104,0.011582902361779928,0.40334544078295764,1.9999999999999998e-05,1.9999999999999998e-05,1.9999999999999998e-05,0.920973125,0.8039028125,0.9990199999999999
map/transition2,joint,removal,0.3125,0.125,0.4375,0.0,0.0,0.0,3.578590037968685,1.119089558878683,7.130527565775281,0.8123752925,0.6250627925,1.0309065425,1.2652230253095489,1.2652230253095489,1.2652230253095489,1.9999999999999998e-05,1.9999999999999998e-05,1.9999999999999998e-05,0.37464499999999995,0.37464499999999995,0.37464499999999995
map/transition2,joint,reset,0.3125,0.125,0.4375,0.0,0.0,0.0,3.578590037968685,1.119089558878683,7.130527565775281,0.8123752925,0.6250627925,1.0309065425,1.2652230253095489,1.2652230253095489,1.2652230253095489,1.9999999999999998e-05,1.9999999999999998e-05,1.9999999999999998e-05,0.37464499999999995,0.37464499999999995,0.37464499999999995
map/transition2,joint,shuffle,0.9375,0.8125,1.0,0.875,0.625,1.0,0.12357996645600092,0.0009804805139615315,0.30747919536906,0.07032901906250003,9.800000000392828e-07,0.17582107765625,0.16828791773025104,0.011582902361779928,0.40334544078295764,1.9999999999999998e-05,1.9999999999999998e-05,1.9999999999999998e-05,0.920973125,0.8039028125,0.9990199999999999
map/transition2,joint,swap,0.9375,0.8125,1.0,0.875,0.625,1.0,0.12357996645600092,0.0009804805139615315,0.30747919536906,0.07032901906250003,9.800000000392828e-07,0.17582107765625,0.16828791773025104,0.011582902361779928,0.40334544078295764,1.9999999999999998e-05,1.9999999999999998e-05,1.9999999999999998e-05,0.920973125,0.8039028125,0.9990199999999999
map/transition2,legato,intact,0.9375,0.8125,1.0,0.875,0.625,1.0,0.12357996645600092,0.0009804805139615315,0.30747919536906,0.07032901906250003,9.800000000392828e-07,0.17582107765625,0.16828791773025104,0.011582902361779928,0.40334544078295764,1.9999999999999998e-05,1.9999999999999998e-05,1.9999999999999998e-05,0.920973125,0.8039028125,0.9990199999999999
map/transition3,detached,intact,1.0,1.0,1.0,1.0,1.0,1.0,0.06228022348498122,0.0009804805139615315,0.1848797094270206,0.03516499953125003,9.800000000392828e-07,0.10549303859375002,0.08993541004601548,0.011582902361779928,0.24664042541448658,1.9999999999999998e-05,1.9999999999999998e-05,1.9999999999999998e-05,0.9599965625,0.8819496874999999,0.9990199999999999
map/transition3,duration,intact,0.9375,0.8125,1.0,0.875,0.625,1.0,0.12357996645600092,0.0009804805139615315,0.30747919536906,0.07032901906250003,9.800000000392828e-07,0.17582107765625,0.16828791773025104,0.011582902361779928,0.40334544078295764,1.9999999999999998e-05,1.9999999999999998e-05,1.9999999999999998e-05,0.920973125,0.8039028125,0.9990199999999999
map/transition3,joint,ambiguous,0.5,0.5,0.5,0.0,0.0,0.0,1.875261896835411,0.6946677927894245,3.641855114583772,0.6268057277134982,0.5005590061181053,0.811953237369412,0.5287008398643726,0.27109738804211897,0.7032590398542811,1.9999999999999998e-05,1.9999999999999998e-05,1.9999999999999998e-05,0.6420056683246904,0.5142821506279378,0.8146877816200264
map/transition3,joint,intact,0.9375,0.8125,1.0,0.875,0.625,1.0,0.12357996645600092,0.0009804805139615315,0.30747919536906,0.07032901906250003,9.800000000392828e-07,0.17582107765625,0.16828791773025104,0.011582902361779928,0.40334544078295764,1.9999999999999998e-05,1.9999999999999998e-05,1.9999999999999998e-05,0.920973125,0.8039028125,0.9990199999999999
map/transition3,joint,removal,0.3125,0.125,0.4375,0.0,0.0,0.0,3.578590037968685,1.119089558878683,7.130527565775281,0.8123752925,0.6250627925,1.0309065425,1.2652230253095489,1.2652230253095489,1.2652230253095489,1.9999999999999998e-05,1.9999999999999998e-05,1.9999999999999998e-05,0.37464499999999995,0.37464499999999995,0.37464499999999995
map/transition3,joint,reset,0.3125,0.125,0.4375,0.0,0.0,0.0,3.578590037968685,1.119089558878683,7.130527565775281,0.8123752925,0.6250627925,1.0309065425,1.2652230253095489,1.2652230253095489,1.2652230253095489,1.9999999999999998e-05,1.9999999999999998e-05,1.9999999999999998e-05,0.37464499999999995,0.37464499999999995,0.37464499999999995
map/transition3,joint,shuffle,0.9375,0.8125,1.0,0.875,0.625,1.0,0.12357996645600092,0.0009804805139615315,0.30747919536906,0.07032901906250003,9.800000000392828e-07,0.17582107765625,0.16828791773025104,0.011582902361779928,0.40334544078295764,1.9999999999999998e-05,1.9999999999999998e-05,1.9999999999999998e-05,0.920973125,0.8039028125,0.9990199999999999
map/transition3,joint,swap,0.9375,0.8125,1.0,0.875,0.625,1.0,0.12357996645600092,0.0009804805139615315,0.30747919536906,0.07032901906250003,9.800000000392828e-07,0.17582107765625,0.16828791773025104,0.011582902361779928,0.40334544078295764,1.9999999999999998e-05,1.9999999999999998e-05,1.9999999999999998e-05,0.920973125,0.8039028125,0.9990199999999999
map/transition3,legato,intact,0.9375,0.8125,1.0,0.875,0.625,1.0,0.12357996645600092,0.0009804805139615315,0.30747919536906,0.07032901906250003,9.800000000392828e-07,0.17582107765625,0.16828791773025104,0.011582902361779928,0.40334544078295764,1.9999999999999998e-05,1.9999999999999998e-05,1.9999999999999998e-05,0.920973125,0.8039028125,0.9990199999999999
mixture/absolute,detached,intact,0.875,0.625,1.0,0.875,0.625,1.0,+Infinity,0.01142080385212033,+Infinity,0.2561524841748299,0.0016245802065687764,0.7577758393813987,0.09132413474220105,0.008687176771334945,0.20726139457218515,0.1509527828356387,0.010036010976145912,0.4068510437189856,0.9732321155338508,0.9371928356544041,0.9992649999999998
mixture/absolute,duration,intact,0.75,0.375,1.0,0.75,0.375,1.0,+Infinity,0.2675010545273363,+Infinity,0.5012685702736048,0.12374811028544745,0.9911150166156011,0.5040553484001091,0.3226620195899742,0.6638056706486652,0.3970730688298605,0.21142446893733416,0.6202035186555717,0.7734075436687421,0.6747580680133904,0.8708392819633973
mixture/absolute,joint,ambiguous,0.25,0.0625,0.4375,0.0,0.0,0.0,+Infinity,1.0151433692873333,+Infinity,0.8893238332027918,0.6276290690229726,1.2422443266281857,0.914278568754507,0.6439699294467625,1.0833982913481282,0.4296880427228066,0.2568403498125751,0.6335342941400113,0.5386224711281056,0.43238880753861264,0.6833884441364283
mixture/absolute,joint,intact,0.75,0.375,1.0,0.75,0.375,1.0,+Infinity,0.36288306167084095,+Infinity,0.5331262974527137,0.18473055167966185,1.0016751902452161,0.6019159483313101,0.411950886736824,0.7414351974992803,0.4320244831832532,0.26252920874659047,0.6317537103173438,0.7164527381802521,0.6229947821856816,0.8177745035056028
mixture/absolute,joint,removal,0.25,0.0625,0.4375,0.0,0.0,0.0,3.7799421134505415,1.2389621486912914,7.326713223542703,0.8340721966307971,0.6557157368538745,1.0230353372648295,1.4832264994309665,1.4622891262269708,1.4997939066857264,0.1778142010801812,0.12119733308205966,0.23784937918471483,0.3198631447549716,0.3086889577174262,0.33195801836579153
mixture/absolute,joint,reset,0.3125,0.125,0.4375,0.0,0.0,0.0,3.594877641076571,1.119089558878683,7.130527565775281,0.8156589608993512,0.6250627925,1.0341949036963727,1.304065245043773,1.2652230253095489,1.362293910744962,0.015788052232153404,1.9999999999999998e-05,0.03941594043033459,0.36873745992068324,0.35988521270173124,0.37464499999999995
mixture/absolute,joint,shuffle,0.625,0.25,0.875,0.625,0.25,0.875,+Infinity,0.32211461907974875,+Infinity,0.5105063805902688,0.16367334357070668,0.989004017988213,0.555042823181972,0.37152735271457443,0.6999029223940393,0.41286047608560095,0.23675918897859521,0.6215551589125895,0.7426632251729743,0.6527759883878406,0.8391422072070367
mixture/absolute,joint,swap,0.75,0.375,1.0,0.75,0.375,1.0,+Infinity,0.36288306167084095,+Infinity,0.5331262974527137,0.18473055167966185,1.0016751902452161,0.6019159483313101,0.411950886736824,0.7414351974992803,0.4320244831832532,0.26252920874659047,0.6317537103173438,0.7164527381802521,0.6229947821856816,0.8177745035056028
mixture/absolute,legato,intact,0.75,0.375,1.0,0.75,0.375,1.0,+Infinity,0.14576405489612723,+Infinity,0.4713969609317415,0.04176568647197247,1.034411867831016,0.4117738620313386,0.23970585310308573,0.5941908989777646,0.3303908226777248,0.11597784428450378,0.5912563335376445,0.8630146966922666,0.7908188342940592,0.9267904764192032
mixture/present,detached,intact,0.25,0.0625,0.4375,0.0,0.0,0.0,+Infinity,2.2115266075952773,+Infinity,0.9943040567767157,0.6661817204603588,1.37496889625,1.1557450808755148,0.790764390818468,1.3668649459219844,0.1509527828356387,0.010036010976145912,0.4068510437189856,0.44309765662767464,0.3529998918482797,0.609153125
mixture/present,duration,intact,0.0625,0.0,0.1875,0.0,0.0,0.0,+Infinity,2.5172568649575475,+Infinity,1.1232372682197975,0.851919154668521,1.4281477958770554,1.2155477041730631,0.8429432756484371,1.4737966583124666,0.3970730688298605,0.21142446893733416,0.6202035186555717,0.46868956448124444,0.3242430623860618,0.6521289379271885
mixture/present,joint,ambiguous,0.0625,0.0,0.1875,0.0,0.0,0.0,+Infinity,2.6748021157462576,+Infinity,1.1525533686221598,0.9234372366137831,1.4251152909529705,1.226143533811777,0.8557416256708061,1.4697562084552436,0.4296880427228066,0.2568403498125751,0.6335342941400113,0.47117649058511607,0.32934032607722796,0.6502558672137597
mixture/present,joint,intact,0.0,0.0,0.0,0.0,0.0,0.0,+Infinity,2.6319716226685936,+Infinity,1.1515205559458783,0.9119566800649501,1.433050878591564,1.223956776102689,0.8508549379783239,1.471552793689814,0.4320244831832532,0.26252920874659047,0.6317537103173438,0.4776076497049707,0.34333275272697394,0.6524725671534981
mixture/present,joint,removal,0.25,0.0625,0.4375,0.0,0.0,0.0,3.7799421134505415,1.2389621486912914,7.326713223542703,0.8340721966307971,0.6557157368538745,1.0230353372648295,1.4832264994309665,1.4622891262269708,1.4997939066857264,0.1778142010801812,0.12119733308205966,0.23784937918471483,0.3198631447549716,0.3086889577174262,0.33195801836579153
mixture/present,joint,reset,0.3125,0.125,0.4375,0.0,0.0,0.0,3.594877641076571,1.119089558878683,7.130527565775281,0.8156589608993512,0.6250627925,1.0341949036963727,1.304065245043773,1.2652230253095489,1.362293910744962,0.015788052232153404,1.9999999999999998e-05,0.03941594043033459,0.36873745992068324,0.35988521270173124,0.37464499999999995
mixture/present,joint,shuffle,0.0,0.0,0.0,0.0,0.0,0.0,+Infinity,2.655245808502608,+Infinity,1.1517505850809524,0.9196649855153877,1.4266286481335304,1.2245659485572256,0.8508534026211276,1.4672560867585718,0.41286047608560095,0.23675918897859521,0.6215551589125895,0.479478538518328,0.34432362151777646,0.6545453923613329
mixture/present,joint,swap,0.0,0.0,0.0,0.0,0.0,0.0,+Infinity,2.6319716226685936,+Infinity,1.1515205559458783,0.9119566800649501,1.433050878591564,1.223956776102689,0.8508549379783239,1.471552793689814,0.4320244831832532,0.26252920874659047,0.6317537103173438,0.4776076497049707,0.34333275272697394,0.6524725671534981
mixture/present,legato,intact,0.125,0.0,0.3125,0.0,0.0,0.0,+Infinity,2.3854978074476367,+Infinity,1.1316947042059493,0.8127867449288053,1.4653520194449494,1.1774473674915527,0.7940486384550594,1.4743739745667312,0.3303908226777248,0.11597784428450378,0.5912563335376445,0.47584579128340365,0.3228629728438479,0.669686836395377
mixture/recency,detached,intact,0.375,0.125,0.75,0.375,0.125,0.75,+Infinity,1.8444367457791377,+Infinity,1.1801711163700896,0.4824088805692287,1.7040106902846144,0.4082174507090014,0.2717997301406662,0.5362056147826202,0.15178486575011807,0.011006195089071549,0.40743234132209305,0.932460052724362,0.8960559920663935,0.9632499999999999
mixture/recency,duration,intact,0.375,0.125,0.75,0.375,0.125,0.75,+Infinity,1.528771976067461,+Infinity,1.036380441560897,0.5053098100985375,1.5360974481143623,0.6945522249658653,0.4766513902262909,0.8483273410096795,0.39766394904001146,0.2121972884141651,0.6205757266514491,0.7510919648272618,0.6580326259067639,0.8464937942868858
mixture/recency,joint,ambiguous,0.3125,0.125,0.4375,0.0,0.0,0.0,+Infinity,3.097923113636324,+Infinity,1.0646114898743257,0.8669243811822092,1.3496447624457089,0.7485145663220671,0.5123991061077615,0.9173369153453739,0.43024695961927617,0.2575686608359792,0.6338934377146256,0.7005229122657509,0.5988963799358209,0.811425427746616
mixture/recency,joint,intact,0.375,0.125,0.75,0.375,0.125,0.75,+Infinity,1.548116133039795,+Infinity,0.999638933785992,0.49068418227311333,1.483725755214849,0.7521451019608083,0.5269953322613795,0.8913140495323512,0.4325811103222764,0.26325194457673545,0.6321145988990045,0.7037695928054092,0.612530556954088,0.8066397795568201
mixture/recency,joint,removal,0.25,0.0625,0.4375,0.0,0.0,0.0,2.83690918942138,1.2859990114607949,4.899527505445819,0.8341436584670281,0.6629790463764949,1.017033984676615,1.721902701477494,1.705959088606032,1.7369090323473815,0.17861995927828656,0.122058576920516,0.23859630173156476,0.308744633177666,0.2987332049053124,0.31888251244900606
mixture/recency,joint,reset,0.3125,0.125,0.4375,0.0,0.0,0.0,2.6518447170474095,1.1659481597370296,4.703341847678396,0.8105984597730014,0.6288562499999999,1.0184159632913445,1.5944991644362028,1.5615080942797084,1.6439585243498813,0.01675259923190589,0.001,0.040357331636536986,0.35161675067507664,0.3431755187916387,0.35724999999999996
mixture/recency,joint,shuffle,0.25,0.0,0.625,0.25,0.0,0.625,+Infinity,1.6258311730615582,+Infinity,1.045899275140531,0.5749185741559724,1.5159281586177646,0.7790474806856496,0.5122842798441203,1.0193374531815664,0.4134358843272019,0.23750717993321524,0.6219260422745224,0.6859985152734323,0.5611003922971328,0.8069357275517111
mixture/recency,joint,swap,0.375,0.125,0.75,0.375,0.125,0.75,+Infinity,1.548116133039795,+Infinity,0.999638933785992,0.49068418227311333,1.483725755214849,0.7521451019608083,0.5269953322613795,0.8913140495323512,0.4325811103222764,0.26325194457673545,0.6321145988990045,0.7037695928054092,0.612530556954088,0.8066397795568201
mixture/recency,legato,intact,0.375,0.125,0.75,0.375,0.125,0.75,+Infinity,1.6487968740922794,+Infinity,1.0658504143418719,0.45510457945426186,1.6045540470033401,0.5852684767424841,0.39673788212996286,0.7340689081056518,0.331047052796103,0.11684420332428576,0.5916569103423137,0.846612603507145,0.7858893316636751,0.9046455893351822
mixture/reference,detached,intact,0.875,0.625,1.0,0.875,0.625,1.0,+Infinity,0.01142080385212033,+Infinity,0.2561524841748299,0.0016245802065687764,0.7577758393813987,0.09132413474220105,0.008687176771334945,0.20726139457218515,0.1509527828356387,0.010036010976145912,0.4068510437189856,0.9732321155338508,0.9371928356544041,0.9992649999999998
mixture/reference,duration,intact,0.75,0.375,1.0,0.75,0.375,1.0,+Infinity,0.2675010545273363,+Infinity,0.5012685702736048,0.12374811028544745,0.9911150166156011,0.5040553484001091,0.3226620195899742,0.6638056706486652,0.3970730688298605,0.21142446893733416,0.6202035186555717,0.7734075436687421,0.6747580680133904,0.8708392819633973
mixture/reference,joint,ambiguous,0.25,0.0625,0.4375,0.0,0.0,0.0,+Infinity,1.0149460859581612,+Infinity,0.8888126602603884,0.6266426737207755,1.2415808897190161,0.9149985265209417,0.6439789353890335,1.0840332725756294,0.4296880427228066,0.2568403498125751,0.6335342941400113,0.5358022869321675,0.42929958682652614,0.6807521935811134
mixture/reference,joint,intact,0.75,0.375,1.0,0.75,0.375,1.0,+Infinity,0.36288306167084095,+Infinity,0.5331262974527137,0.18473055167966185,1.0016751902452161,0.6019159483313101,0.411950886736824,0.7414351974992803,0.4320244831832532,0.26252920874659047,0.6317537103173438,0.7164527381802521,0.6229947821856816,0.8177745035056028
mixture/reference,joint,removal,0.25,0.0625,0.4375,0.0,0.0,0.0,3.7799421134505415,1.2389621486912914,7.326713223542703,0.8340721966307971,0.6557157368538745,1.0230353372648295,1.4832264994309665,1.4622891262269708,1.4997939066857264,0.1778142010801812,0.12119733308205966,0.23784937918471483,0.3198631447549716,0.3086889577174262,0.33195801836579153
mixture/reference,joint,reset,0.3125,0.125,0.4375,0.0,0.0,0.0,3.594877641076571,1.119089558878683,7.130527565775281,0.8156589608993512,0.6250627925,1.0341949036963727,1.304065245043773,1.2652230253095489,1.362293910744962,0.015788052232153404,1.9999999999999998e-05,0.03941594043033459,0.36873745992068324,0.35988521270173124,0.37464499999999995
mixture/reference,joint,shuffle,0.625,0.25,0.875,0.625,0.25,0.875,+Infinity,0.32211461907974875,+Infinity,0.5105063805902688,0.16367334357070668,0.989004017988213,0.555042823181972,0.37152735271457443,0.6999029223940393,0.41286047608560095,0.23675918897859521,0.6215551589125895,0.7426632251729743,0.6527759883878406,0.8391422072070367
mixture/reference,joint,swap,0.75,0.375,1.0,0.75,0.375,1.0,+Infinity,0.36288306167084095,+Infinity,0.5331262974527137,0.18473055167966185,1.0016751902452161,0.6019159483313101,0.411950886736824,0.7414351974992803,0.4320244831832532,0.26252920874659047,0.6317537103173438,0.7164527381802521,0.6229947821856816,0.8177745035056028
mixture/reference,legato,intact,0.75,0.375,1.0,0.75,0.375,1.0,+Infinity,0.14543245747630607,+Infinity,0.4712088482710815,0.04157757381131247,1.034411867831016,0.4109212240816535,0.23926409534448254,0.5920171941678443,0.3303908226777248,0.11597784428450378,0.5912563335376445,0.8632661306127323,0.7915731360554561,0.9267904764192032
mixture/transition1,detached,intact,0.375,0.0,0.75,0.375,0.0,0.75,+Infinity,0.5996131601738118,+Infinity,0.6505238288626232,0.3837323427702744,1.069752605399519,0.663939841366883,0.4398720294244932,0.8133064590163943,0.1509527828356387,0.010036010976145912,0.4068510437189856,0.5864612925911156,0.4972110383134302,0.7164015639485211
mixture/transition1,duration,intact,0.375,0.125,0.625,0.125,0.0,0.375,+Infinity,0.8117332772761218,+Infinity,0.8039297685137179,0.4732062280871418,1.20752983339246,0.8509860462659653,0.5881474264302631,1.0322399272707201,0.3970730688298605,0.21142446893733416,0.6202035186555717,0.5837440249118757,0.4646138475077103,0.7254747873895695
mixture/transition1,joint,ambiguous,0.25,0.0625,0.4375,0.0,0.0,0.0,+Infinity,1.0119603335106744,+Infinity,0.8887906327391526,0.626408580656848,1.2413290451580243,0.9030036522423793,0.63241633562625,1.068479504597681,0.4296880427228066,0.2568403498125751,0.6335342941400113,0.5373250851405607,0.4300403977938613,0.6840937234350288
mixture/transition1,joint,intact,0.3125,0.0625,0.5625,0.125,0.0,0.375,+Infinity,0.8950271374337845,+Infinity,0.8353531520222608,0.5257672245204046,1.2190889025686684,0.8940108498590525,0.626913425570178,1.057422603333917,0.4320244831832532,0.26252920874659047,0.6317537103173438,0.561742428165158,0.4514414468895985,0.7070029686052011
mixture/transition1,joint,removal,0.25,0.0625,0.4375,0.0,0.0,0.0,3.7799421134505415,1.2389621486912914,7.326713223542703,0.8340721966307971,0.6557157368538745,1.0230353372648295,1.4832264994309665,1.4622891262269708,1.4997939066857264,0.1778142010801812,0.12119733308205966,0.23784937918471483,0.3198631447549716,0.3086889577174262,0.33195801836579153
mixture/transition1,joint,reset,0.3125,0.125,0.4375,0.0,0.0,0.0,3.594877641076571,1.119089558878683,7.130527565775281,0.8156589608993512,0.6250627925,1.0341949036963727,1.304065245043773,1.2652230253095489,1.362293910744962,0.015788052232153404,1.9999999999999998e-05,0.03941594043033459,0.36873745992068324,0.35988521270173124,0.37464499999999995
mixture/transition1,joint,shuffle,0.375,0.125,0.625,0.125,0.0,0.375,+Infinity,0.8644415787642259,+Infinity,0.8288278762498319,0.5122733647882617,1.2227315059900958,0.8837023868905549,0.6217402437075549,1.0353008769473033,0.41286047608560095,0.23675918897859521,0.6215551589125895,0.5728062281056465,0.47388760352345305,0.7094007437918455
mixture/transition1,joint,swap,0.3125,0.0625,0.5625,0.125,0.0,0.375,+Infinity,0.8950271374337845,+Infinity,0.8353531520222608,0.5257672245204046,1.2190889025686684,0.8940108498590525,0.626913425570178,1.057422603333917,0.4320244831832532,0.26252920874659047,0.6317537103173438,0.561742428165158,0.4514414468895985,0.7070029686052011
mixture/transition1,legato,intact,0.5,0.125,0.875,0.5,0.125,0.875,+Infinity,0.7072658890340108,+Infinity,0.795702096185952,0.4223023609665507,1.2379295510038806,0.7824647874413548,0.5376684512547438,0.9752859329088088,0.3303908226777248,0.11597784428450378,0.5912563335376445,0.6149230921210305,0.49476289176974464,0.7534602843213214
mixture/transition2,detached,intact,0.875,0.625,1.0,0.875,0.625,1.0,+Infinity,0.01142080385212033,+Infinity,0.2561524841748299,0.0016245802065687764,0.7577758393813987,0.09132413474220105,0.008687176771334945,0.20726139457218515,0.1509527828356387,0.010036010976145912,0.4068510437189856,0.9732321155338508,0.9371928356544041,0.9992649999999998
mixture/transition2,duration,intact,0.75,0.375,1.0,0.75,0.375,1.0,+Infinity,0.2675010545273363,+Infinity,0.5012685702736048,0.12374811028544745,0.9911150166156011,0.5040553484001091,0.3226620195899742,0.6638056706486652,0.3970730688298605,0.21142446893733416,0.6202035186555717,0.7734075436687421,0.6747580680133904,0.8708392819633973
mixture/transition2,joint,ambiguous,0.25,0.0625,0.4375,0.0,0.0,0.0,+Infinity,1.0147211646289025,+Infinity,0.8895263707718215,0.6277269005938173,1.2425020589035367,0.9094650180988331,0.6366364734521797,1.08107189277711,0.4296880427228066,0.2568403498125751,0.6335342941400113,0.539504199578341,0.43333918321859555,0.6841654272272024
mixture/transition2,joint,intact,0.75,0.375,1.0,0.75,0.375,1.0,+Infinity,0.3527432863492992,+Infinity,0.5307570243799897,0.18072883454163347,0.9993059171724924,0.5820551135744267,0.39326017469726093,0.7159560493933692,0.4320244831832532,0.26252920874659047,0.6317537103173438,0.7212763274308174,0.6254386492047828,0.8233031001287199
mixture/transition2,joint,removal,0.25,0.0625,0.4375,0.0,0.0,0.0,3.7799421134505415,1.2389621486912914,7.326713223542703,0.8340721966307971,0.6557157368538745,1.0230353372648295,1.4832264994309665,1.4622891262269708,1.4997939066857264,0.1778142010801812,0.12119733308205966,0.23784937918471483,0.3198631447549716,0.3086889577174262,0.33195801836579153
mixture/transition2,joint,reset,0.3125,0.125,0.4375,0.0,0.0,0.0,3.594877641076571,1.119089558878683,7.130527565775281,0.8156589608993512,0.6250627925,1.0341949036963727,1.304065245043773,1.2652230253095489,1.362293910744962,0.015788052232153404,1.9999999999999998e-05,0.03941594043033459,0.36873745992068324,0.35988521270173124,0.37464499999999995
mixture/transition2,joint,shuffle,0.625,0.25,0.875,0.625,0.25,0.875,+Infinity,0.31440191878532564,+Infinity,0.5082031684289192,0.15880825117640024,0.9877434444261929,0.5356053681067682,0.362920901985636,0.6677121016693472,0.41286047608560095,0.23675918897859521,0.6215551589125895,0.7473650665918858,0.6552107874576698,0.8444483016253581
mixture/transition2,joint,swap,0.75,0.375,1.0,0.75,0.375,1.0,+Infinity,0.3527432863492992,+Infinity,0.5307570243799897,0.18072883454163347,0.9993059171724924,0.5820551135744267,0.39326017469726093,0.7159560493933692,0.4320244831832532,0.26252920874659047,0.6317537103173438,0.7212763274308174,0.6254386492047828,0.8233031001287199
mixture/transition2,legato,intact,0.75,0.375,1.0,0.75,0.375,1.0,+Infinity,0.12740245819810536,+Infinity,0.4612048154593614,0.03574526844138455,1.0279717275061824,0.33798164679188714,0.20960398427658297,0.4536292789648038,0.3303908226777248,0.11597784428450378,0.5912563335376445,0.8777577641502237,0.8184665352022749,0.9318216006335247
mixture/transition3,detached,intact,0.875,0.625,1.0,0.875,0.625,1.0,+Infinity,0.01142080385212033,+Infinity,0.2561524841748299,0.0016245802065687764,0.7577758393813987,0.09132413474220105,0.008687176771334945,0.20726139457218515,0.1509527828356387,0.010036010976145912,0.4068510437189856,0.9732321155338508,0.9371928356544041,0.9992649999999998
mixture/transition3,duration,intact,0.75,0.375,1.0,0.75,0.375,1.0,+Infinity,0.2675010545273363,+Infinity,0.5012685702736048,0.12374811028544745,0.9911150166156011,0.5040553484001091,0.3226620195899742,0.6638056706486652,0.3970730688298605,0.21142446893733416,0.6202035186555717,0.7734075436687421,0.6747580680133904,0.8708392819633973
mixture/transition3,joint,ambiguous,0.25,0.0625,0.4375,0.0,0.0,0.0,+Infinity,1.0151433692873333,+Infinity,0.8893238332027918,0.6276290690229726,1.2422443266281857,0.914278568754507,0.6439699294467625,1.0833982913481282,0.4296880427228066,0.2568403498125751,0.6335342941400113,0.5386224711281056,0.43238880753861264,0.6833884441364283
mixture/transition3,joint,intact,0.75,0.375,1.0,0.75,0.375,1.0,+Infinity,0.36288306167084095,+Infinity,0.5331262974527137,0.18473055167966185,1.0016751902452161,0.6019159483313101,0.411950886736824,0.7414351974992803,0.4320244831832532,0.26252920874659047,0.6317537103173438,0.7164527381802521,0.6229947821856816,0.8177745035056028
mixture/transition3,joint,removal,0.25,0.0625,0.4375,0.0,0.0,0.0,3.7799421134505415,1.2389621486912914,7.326713223542703,0.8340721966307971,0.6557157368538745,1.0230353372648295,1.4832264994309665,1.4622891262269708,1.4997939066857264,0.1778142010801812,0.12119733308205966,0.23784937918471483,0.3198631447549716,0.3086889577174262,0.33195801836579153
mixture/transition3,joint,reset,0.3125,0.125,0.4375,0.0,0.0,0.0,3.594877641076571,1.119089558878683,7.130527565775281,0.8156589608993512,0.6250627925,1.0341949036963727,1.304065245043773,1.2652230253095489,1.362293910744962,0.015788052232153404,1.9999999999999998e-05,0.03941594043033459,0.36873745992068324,0.35988521270173124,0.37464499999999995
mixture/transition3,joint,shuffle,0.625,0.25,0.875,0.625,0.25,0.875,+Infinity,0.32211461907974875,+Infinity,0.5105063805902688,0.16367334357070668,0.989004017988213,0.555042823181972,0.37152735271457443,0.6999029223940393,0.41286047608560095,0.23675918897859521,0.6215551589125895,0.7426632251729743,0.6527759883878406,0.8391422072070367
mixture/transition3,joint,swap,0.75,0.375,1.0,0.75,0.375,1.0,+Infinity,0.36288306167084095,+Infinity,0.5331262974527137,0.18473055167966185,1.0016751902452161,0.6019159483313101,0.411950886736824,0.7414351974992803,0.4320244831832532,0.26252920874659047,0.6317537103173438,0.7164527381802521,0.6229947821856816,0.8177745035056028
mixture/transition3,legato,intact,0.75,0.375,1.0,0.75,0.375,1.0,+Infinity,0.14576405489612723,+Infinity,0.4713969609317415,0.04176568647197247,1.034411867831016,0.4117738620313386,0.23970585310308573,0.5941908989777646,0.3303908226777248,0.11597784428450378,0.5912563335376445,0.8630146966922666,0.7908188342940592,0.9267904764192032
oracle-boundary/absolute,detached,intact,1.0,1.0,1.0,1.0,1.0,1.0,0.0009804805139615315,0.0009804805139615315,0.0009804805139615315,9.800000000392828e-07,9.800000000392828e-07,9.800000000392828e-07,0.011582902361779928,0.011582902361779928,0.011582902361779928,1.9999999999999998e-05,1.9999999999999998e-05,1.9999999999999998e-05,0.9990199999999999,0.9990199999999999,0.9990199999999999
oracle-boundary/absolute,duration,intact,1.0,1.0,1.0,1.0,1.0,1.0,0.0009804805139615315,0.0009804805139615315,0.0009804805139615315,9.800000000392828e-07,9.800000000392828e-07,9.800000000392828e-07,0.011582902361779928,0.011582902361779928,0.011582902361779928,1.9999999999999998e-05,1.9999999999999998e-05,1.9999999999999998e-05,0.9990199999999999,0.9990199999999999,0.9990199999999999
oracle-boundary/absolute,joint,ambiguous,0.5,0.5,0.5,0.0,0.0,0.0,0.69410764165507,0.69410764165507,0.69410764165507,0.50000048,0.50000048,0.50000048,0.7038282854721148,0.7038282854721148,0.7038282854721148,1.9999999999999998e-05,1.9999999999999998e-05,1.9999999999999998e-05,0.49951999999999996,0.4995199999999999,0.49951999999999996
oracle-boundary/absolute,joint,intact,1.0,1.0,1.0,1.0,1.0,1.0,0.0009804805139615315,0.0009804805139615315,0.0009804805139615315,9.800000000392828e-07,9.800000000392828e-07,9.800000000392828e-07,0.011582902361779928,0.011582902361779928,0.011582902361779928,1.9999999999999998e-05,1.9999999999999998e-05,1.9999999999999998e-05,0.9990199999999999,0.9990199999999999,0.9990199999999999
oracle-boundary/absolute,joint,removal,0.3125,0.125,0.4375,0.0,0.0,0.0,3.578590037968685,1.119089558878683,7.130527565775281,0.8123752925,0.6250627925,1.0309065425,1.2652230253095489,1.2652230253095489,1.2652230253095489,1.9999999999999998e-05,1.9999999999999998e-05,1.9999999999999998e-05,0.37464499999999995,0.37464499999999995,0.37464499999999995
oracle-boundary/absolute,joint,reset,0.3125,0.125,0.4375,0.0,0.0,0.0,3.578590037968685,1.119089558878683,7.130527565775281,0.8123752925,0.6250627925,1.0309065425,1.2652230253095489,1.2652230253095489,1.2652230253095489,1.9999999999999998e-05,1.9999999999999998e-05,1.9999999999999998e-05,0.37464499999999995,0.37464499999999995,0.37464499999999995
oracle-boundary/absolute,joint,shuffle,1.0,1.0,1.0,1.0,1.0,1.0,0.0009804805139615315,0.0009804805139615315,0.0009804805139615315,9.800000000392828e-07,9.800000000392828e-07,9.800000000392828e-07,0.011582902361779928,0.011582902361779928,0.011582902361779928,1.9999999999999998e-05,1.9999999999999998e-05,1.9999999999999998e-05,0.9990199999999999,0.9990199999999999,0.9990199999999999
oracle-boundary/absolute,joint,swap,1.0,1.0,1.0,1.0,1.0,1.0,0.0009804805139615315,0.0009804805139615315,0.0009804805139615315,9.800000000392828e-07,9.800000000392828e-07,9.800000000392828e-07,0.011582902361779928,0.011582902361779928,0.011582902361779928,1.9999999999999998e-05,1.9999999999999998e-05,1.9999999999999998e-05,0.9990199999999999,0.9990199999999999,0.9990199999999999
oracle-boundary/absolute,legato,intact,1.0,1.0,1.0,1.0,1.0,1.0,0.0009804805139615315,0.0009804805139615315,0.0009804805139615315,9.800000000392828e-07,9.800000000392828e-07,9.800000000392828e-07,0.011582902361779928,0.011582902361779928,0.011582902361779928,1.9999999999999998e-05,1.9999999999999998e-05,1.9999999999999998e-05,0.9990199999999999,0.9990199999999999,0.9990199999999999
oracle-boundary/present,detached,intact,0.3125,0.125,0.4375,0.0,0.0,0.0,3.578590037968685,1.119089558878683,7.130527565775281,0.8123752925,0.6250627925,1.0309065425,1.2652230253095489,1.2652230253095489,1.2652230253095489,1.9999999999999998e-05,1.9999999999999998e-05,1.9999999999999998e-05,0.37464499999999995,0.37464499999999995,0.37464499999999995
oracle-boundary/present,duration,intact,0.3125,0.125,0.4375,0.0,0.0,0.0,3.578590037968685,1.119089558878683,7.130527565775281,0.8123752925,0.6250627925,1.0309065425,1.2652230253095489,1.2652230253095489,1.2652230253095489,1.9999999999999998e-05,1.9999999999999998e-05,1.9999999999999998e-05,0.37464499999999995,0.37464499999999995,0.37464499999999995
oracle-boundary/present,joint,ambiguous,0.3125,0.125,0.4375,0.0,0.0,0.0,3.578590037968685,1.119089558878683,7.130527565775281,0.8123752925,0.6250627925,1.0309065425,1.2652230253095489,1.2652230253095489,1.2652230253095489,1.9999999999999998e-05,1.9999999999999998e-05,1.9999999999999998e-05,0.37464499999999995,0.37464499999999995,0.37464499999999995
oracle-boundary/present,joint,intact,0.3125,0.125,0.4375,0.0,0.0,0.0,3.578590037968685,1.119089558878683,7.130527565775281,0.8123752925,0.6250627925,1.0309065425,1.2652230253095489,1.2652230253095489,1.2652230253095489,1.9999999999999998e-05,1.9999999999999998e-05,1.9999999999999998e-05,0.37464499999999995,0.37464499999999995,0.37464499999999995
oracle-boundary/present,joint,removal,0.3125,0.125,0.4375,0.0,0.0,0.0,3.578590037968685,1.119089558878683,7.130527565775281,0.8123752925,0.6250627925,1.0309065425,1.2652230253095489,1.2652230253095489,1.2652230253095489,1.9999999999999998e-05,1.9999999999999998e-05,1.9999999999999998e-05,0.37464499999999995,0.37464499999999995,0.37464499999999995
oracle-boundary/present,joint,reset,0.3125,0.125,0.4375,0.0,0.0,0.0,3.578590037968685,1.119089558878683,7.130527565775281,0.8123752925,0.6250627925,1.0309065425,1.2652230253095489,1.2652230253095489,1.2652230253095489,1.9999999999999998e-05,1.9999999999999998e-05,1.9999999999999998e-05,0.37464499999999995,0.37464499999999995,0.37464499999999995
oracle-boundary/present,joint,shuffle,0.3125,0.125,0.4375,0.0,0.0,0.0,3.578590037968685,1.119089558878683,7.130527565775281,0.8123752925,0.6250627925,1.0309065425,1.2652230253095489,1.2652230253095489,1.2652230253095489,1.9999999999999998e-05,1.9999999999999998e-05,1.9999999999999998e-05,0.37464499999999995,0.37464499999999995,0.37464499999999995
oracle-boundary/present,joint,swap,0.3125,0.125,0.4375,0.0,0.0,0.0,3.578590037968685,1.119089558878683,7.130527565775281,0.8123752925,0.6250627925,1.0309065425,1.2652230253095489,1.2652230253095489,1.2652230253095489,1.9999999999999998e-05,1.9999999999999998e-05,1.9999999999999998e-05,0.37464499999999995,0.37464499999999995,0.37464499999999995
oracle-boundary/present,legato,intact,0.3125,0.125,0.4375,0.0,0.0,0.0,3.578590037968685,1.119089558878683,7.130527565775281,0.8123752925,0.6250627925,1.0309065425,1.2652230253095489,1.2652230253095489,1.2652230253095489,1.9999999999999998e-05,1.9999999999999998e-05,1.9999999999999998e-05,0.37464499999999995,0.37464499999999995,0.37464499999999995
oracle-boundary/recency,detached,intact,0.5,0.125,0.875,0.5,0.125,0.875,3.4789982477094417,0.9074304742549205,6.050566021163963,0.95245,0.23995000000000005,1.66495,0.38625940550147086,0.38625940550147086,0.38625940550147086,0.001,0.001,0.001,0.951,0.951,0.951
oracle-boundary/recency,duration,intact,0.5,0.125,0.875,0.5,0.125,0.875,3.4789982477094417,0.9074304742549205,6.050566021163963,0.95245,0.23995000000000005,1.66495,0.38625940550147086,0.38625940550147086,0.38625940550147086,0.001,0.001,0.001,0.951,0.951,0.951
oracle-boundary/recency,joint,ambiguous,0.5,0.5,0.5,0.0,0.0,0.0,3.4789982477094417,3.4789982477094417,3.4789982477094417,0.95245,0.95245,0.95245,0.38625940550147086,0.38625940550147086,0.38625940550147086,0.001,0.001,0.001,0.951,0.951,0.951
oracle-boundary/recency,joint,intact,0.5,0.125,0.875,0.5,0.125,0.875,3.4789982477094417,0.9074304742549205,6.050566021163963,0.95245,0.23995000000000005,1.66495,0.38625940550147086,0.38625940550147086,0.38625940550147086,0.001,0.001,0.001,0.951,0.951,0.951
oracle-boundary/recency,joint,removal,0.3125,0.125,0.4375,0.0,0.0,0.0,2.6355571139395235,1.1659481597370296,4.703341847678396,0.8069812499999999,0.6288562499999999,1.01479375,1.5615080942797084,1.5615080942797084,1.5615080942797084,0.001,0.001,0.001,0.35724999999999996,0.35724999999999996,0.35724999999999996
oracle-boundary/recency,joint,reset,0.3125,0.125,0.4375,0.0,0.0,0.0,2.6355571139395235,1.1659481597370296,4.703341847678396,0.8069812499999999,0.6288562499999999,1.01479375,1.5615080942797084,1.5615080942797084,1.5615080942797084,0.001,0.001,0.001,0.35724999999999996,0.35724999999999996,0.35724999999999996
oracle-boundary/recency,joint,shuffle,0.5,0.125,0.875,0.5,0.125,0.875,3.4789982477094417,0.9074304742549205,6.050566021163963,0.95245,0.23995000000000005,1.66495,0.38625940550147086,0.38625940550147086,0.38625940550147086,0.001,0.001,0.001,0.951,0.951,0.951
oracle-boundary/recency,joint,swap,0.5,0.125,0.875,0.5,0.125,0.875,3.4789982477094417,0.9074304742549205,6.050566021163963,0.95245,0.23995000000000005,1.66495,0.38625940550147086,0.38625940550147086,0.38625940550147086,0.001,0.001,0.001,0.951,0.951,0.951
oracle-boundary/recency,legato,intact,0.5,0.125,0.875,0.5,0.125,0.875,3.4789982477094417,0.9074304742549205,6.050566021163963,0.95245,0.23995000000000005,1.66495,0.38625940550147086,0.38625940550147086,0.38625940550147086,0.001,0.001,0.001,0.951,0.951,0.951
oracle-boundary/reference,detached,intact,1.0,1.0,1.0,1.0,1.0,1.0,0.0009804805139615315,0.0009804805139615315,0.0009804805139615315,9.800000000392828e-07,9.800000000392828e-07,9.800000000392828e-07,0.011582902361779928,0.011582902361779928,0.011582902361779928,1.9999999999999998e-05,1.9999999999999998e-05,1.9999999999999998e-05,0.9990199999999999,0.9990199999999999,0.9990199999999999
oracle-boundary/reference,duration,intact,1.0,1.0,1.0,1.0,1.0,1.0,0.0009804805139615315,0.0009804805139615315,0.0009804805139615315,9.800000000392828e-07,9.800000000392828e-07,9.800000000392828e-07,0.011582902361779928,0.011582902361779928,0.011582902361779928,1.9999999999999998e-05,1.9999999999999998e-05,1.9999999999999998e-05,0.9990199999999999,0.9990199999999999,0.9990199999999999
oracle-boundary/reference,joint,ambiguous,0.5,0.5,0.5,0.0,0.0,0.0,0.69410764165507,0.69410764165507,0.69410764165507,0.50000048,0.50000048,0.50000048,0.7038282854721148,0.7038282854721148,0.7038282854721148,1.9999999999999998e-05,1.9999999999999998e-05,1.9999999999999998e-05,0.49951999999999996,0.4995199999999999,0.49951999999999996
oracle-boundary/reference,joint,intact,1.0,1.0,1.0,1.0,1.0,1.0,0.0009804805139615315,0.0009804805139615315,0.0009804805139615315,9.800000000392828e-07,9.800000000392828e-07,9.800000000392828e-07,0.011582902361779928,0.011582902361779928,0.011582902361779928,1.9999999999999998e-05,1.9999999999999998e-05,1.9999999999999998e-05,0.9990199999999999,0.9990199999999999,0.9990199999999999
oracle-boundary/reference,joint,removal,0.3125,0.125,0.4375,0.0,0.0,0.0,3.578590037968685,1.119089558878683,7.130527565775281,0.8123752925,0.6250627925,1.0309065425,1.2652230253095489,1.2652230253095489,1.2652230253095489,1.9999999999999998e-05,1.9999999999999998e-05,1.9999999999999998e-05,0.37464499999999995,0.37464499999999995,0.37464499999999995
oracle-boundary/reference,joint,reset,0.3125,0.125,0.4375,0.0,0.0,0.0,3.578590037968685,1.119089558878683,7.130527565775281,0.8123752925,0.6250627925,1.0309065425,1.2652230253095489,1.2652230253095489,1.2652230253095489,1.9999999999999998e-05,1.9999999999999998e-05,1.9999999999999998e-05,0.37464499999999995,0.37464499999999995,0.37464499999999995
oracle-boundary/reference,joint,shuffle,1.0,1.0,1.0,1.0,1.0,1.0,0.0009804805139615315,0.0009804805139615315,0.0009804805139615315,9.800000000392828e-07,9.800000000392828e-07,9.800000000392828e-07,0.011582902361779928,0.011582902361779928,0.011582902361779928,1.9999999999999998e-05,1.9999999999999998e-05,1.9999999999999998e-05,0.9990199999999999,0.9990199999999999,0.9990199999999999
oracle-boundary/reference,joint,swap,1.0,1.0,1.0,1.0,1.0,1.0,0.0009804805139615315,0.0009804805139615315,0.0009804805139615315,9.800000000392828e-07,9.800000000392828e-07,9.800000000392828e-07,0.011582902361779928,0.011582902361779928,0.011582902361779928,1.9999999999999998e-05,1.9999999999999998e-05,1.9999999999999998e-05,0.9990199999999999,0.9990199999999999,0.9990199999999999
oracle-boundary/reference,legato,intact,1.0,1.0,1.0,1.0,1.0,1.0,0.0009804805139615315,0.0009804805139615315,0.0009804805139615315,9.800000000392828e-07,9.800000000392828e-07,9.800000000392828e-07,0.011582902361779928,0.011582902361779928,0.011582902361779928,1.9999999999999998e-05,1.9999999999999998e-05,1.9999999999999998e-05,0.9990199999999999,0.9990199999999999,0.9990199999999999
oracle-boundary/transition1,detached,intact,0.5,0.5,0.5,0.0,0.0,0.0,0.69410764165507,0.69410764165507,0.69410764165507,0.50000048,0.50000048,0.50000048,0.7038282854721148,0.7038282854721148,0.7038282854721148,1.9999999999999998e-05,1.9999999999999998e-05,1.9999999999999998e-05,0.49951999999999996,0.4995199999999999,0.49951999999999996
oracle-boundary/transition1,duration,intact,0.5,0.5,0.5,0.0,0.0,0.0,0.69410764165507,0.69410764165507,0.69410764165507,0.50000048,0.50000048,0.50000048,0.7038282854721148,0.7038282854721148,0.7038282854721148,1.9999999999999998e-05,1.9999999999999998e-05,1.9999999999999998e-05,0.49951999999999996,0.4995199999999999,0.49951999999999996
oracle-boundary/transition1,joint,ambiguous,0.5,0.5,0.5,0.0,0.0,0.0,0.69410764165507,0.69410764165507,0.69410764165507,0.50000048,0.50000048,0.50000048,0.7038282854721148,0.7038282854721148,0.7038282854721148,1.9999999999999998e-05,1.9999999999999998e-05,1.9999999999999998e-05,0.49951999999999996,0.4995199999999999,0.49951999999999996
oracle-boundary/transition1,joint,intact,0.5,0.5,0.5,0.0,0.0,0.0,0.69410764165507,0.69410764165507,0.69410764165507,0.50000048,0.50000048,0.50000048,0.7038282854721148,0.7038282854721148,0.7038282854721148,1.9999999999999998e-05,1.9999999999999998e-05,1.9999999999999998e-05,0.49951999999999996,0.4995199999999999,0.49951999999999996
oracle-boundary/transition1,joint,removal,0.3125,0.125,0.4375,0.0,0.0,0.0,3.578590037968685,1.119089558878683,7.130527565775281,0.8123752925,0.6250627925,1.0309065425,1.2652230253095489,1.2652230253095489,1.2652230253095489,1.9999999999999998e-05,1.9999999999999998e-05,1.9999999999999998e-05,0.37464499999999995,0.37464499999999995,0.37464499999999995
oracle-boundary/transition1,joint,reset,0.3125,0.125,0.4375,0.0,0.0,0.0,3.578590037968685,1.119089558878683,7.130527565775281,0.8123752925,0.6250627925,1.0309065425,1.2652230253095489,1.2652230253095489,1.2652230253095489,1.9999999999999998e-05,1.9999999999999998e-05,1.9999999999999998e-05,0.37464499999999995,0.37464499999999995,0.37464499999999995
oracle-boundary/transition1,joint,shuffle,0.5,0.5,0.5,0.0,0.0,0.0,0.69410764165507,0.69410764165507,0.69410764165507,0.50000048,0.50000048,0.50000048,0.7038282854721148,0.7038282854721148,0.7038282854721148,1.9999999999999998e-05,1.9999999999999998e-05,1.9999999999999998e-05,0.49951999999999996,0.4995199999999999,0.49951999999999996
oracle-boundary/transition1,joint,swap,0.5,0.5,0.5,0.0,0.0,0.0,0.69410764165507,0.69410764165507,0.69410764165507,0.50000048,0.50000048,0.50000048,0.7038282854721148,0.7038282854721148,0.7038282854721148,1.9999999999999998e-05,1.9999999999999998e-05,1.9999999999999998e-05,0.49951999999999996,0.4995199999999999,0.49951999999999996
oracle-boundary/transition1,legato,intact,0.5,0.5,0.5,0.0,0.0,0.0,0.69410764165507,0.69410764165507,0.69410764165507,0.50000048,0.50000048,0.50000048,0.7038282854721148,0.7038282854721148,0.7038282854721148,1.9999999999999998e-05,1.9999999999999998e-05,1.9999999999999998e-05,0.49951999999999996,0.4995199999999999,0.49951999999999996
oracle-boundary/transition2,detached,intact,1.0,1.0,1.0,1.0,1.0,1.0,0.0009804805139615315,0.0009804805139615315,0.0009804805139615315,9.800000000392828e-07,9.800000000392828e-07,9.800000000392828e-07,0.011582902361779928,0.011582902361779928,0.011582902361779928,1.9999999999999998e-05,1.9999999999999998e-05,1.9999999999999998e-05,0.9990199999999999,0.9990199999999999,0.9990199999999999
oracle-boundary/transition2,duration,intact,1.0,1.0,1.0,1.0,1.0,1.0,0.0009804805139615315,0.0009804805139615315,0.0009804805139615315,9.800000000392828e-07,9.800000000392828e-07,9.800000000392828e-07,0.011582902361779928,0.011582902361779928,0.011582902361779928,1.9999999999999998e-05,1.9999999999999998e-05,1.9999999999999998e-05,0.9990199999999999,0.9990199999999999,0.9990199999999999
oracle-boundary/transition2,joint,ambiguous,0.5,0.5,0.5,0.0,0.0,0.0,0.69410764165507,0.69410764165507,0.69410764165507,0.50000048,0.50000048,0.50000048,0.7038282854721148,0.7038282854721148,0.7038282854721148,1.9999999999999998e-05,1.9999999999999998e-05,1.9999999999999998e-05,0.49951999999999996,0.4995199999999999,0.49951999999999996
oracle-boundary/transition2,joint,intact,1.0,1.0,1.0,1.0,1.0,1.0,0.0009804805139615315,0.0009804805139615315,0.0009804805139615315,9.800000000392828e-07,9.800000000392828e-07,9.800000000392828e-07,0.011582902361779928,0.011582902361779928,0.011582902361779928,1.9999999999999998e-05,1.9999999999999998e-05,1.9999999999999998e-05,0.9990199999999999,0.9990199999999999,0.9990199999999999
oracle-boundary/transition2,joint,removal,0.3125,0.125,0.4375,0.0,0.0,0.0,3.578590037968685,1.119089558878683,7.130527565775281,0.8123752925,0.6250627925,1.0309065425,1.2652230253095489,1.2652230253095489,1.2652230253095489,1.9999999999999998e-05,1.9999999999999998e-05,1.9999999999999998e-05,0.37464499999999995,0.37464499999999995,0.37464499999999995
oracle-boundary/transition2,joint,reset,0.3125,0.125,0.4375,0.0,0.0,0.0,3.578590037968685,1.119089558878683,7.130527565775281,0.8123752925,0.6250627925,1.0309065425,1.2652230253095489,1.2652230253095489,1.2652230253095489,1.9999999999999998e-05,1.9999999999999998e-05,1.9999999999999998e-05,0.37464499999999995,0.37464499999999995,0.37464499999999995
oracle-boundary/transition2,joint,shuffle,1.0,1.0,1.0,1.0,1.0,1.0,0.0009804805139615315,0.0009804805139615315,0.0009804805139615315,9.800000000392828e-07,9.800000000392828e-07,9.800000000392828e-07,0.011582902361779928,0.011582902361779928,0.011582902361779928,1.9999999999999998e-05,1.9999999999999998e-05,1.9999999999999998e-05,0.9990199999999999,0.9990199999999999,0.9990199999999999
oracle-boundary/transition2,joint,swap,1.0,1.0,1.0,1.0,1.0,1.0,0.0009804805139615315,0.0009804805139615315,0.0009804805139615315,9.800000000392828e-07,9.800000000392828e-07,9.800000000392828e-07,0.011582902361779928,0.011582902361779928,0.011582902361779928,1.9999999999999998e-05,1.9999999999999998e-05,1.9999999999999998e-05,0.9990199999999999,0.9990199999999999,0.9990199999999999
oracle-boundary/transition2,legato,intact,1.0,1.0,1.0,1.0,1.0,1.0,0.0009804805139615315,0.0009804805139615315,0.0009804805139615315,9.800000000392828e-07,9.800000000392828e-07,9.800000000392828e-07,0.011582902361779928,0.011582902361779928,0.011582902361779928,1.9999999999999998e-05,1.9999999999999998e-05,1.9999999999999998e-05,0.9990199999999999,0.9990199999999999,0.9990199999999999
oracle-boundary/transition3,detached,intact,1.0,1.0,1.0,1.0,1.0,1.0,0.0009804805139615315,0.0009804805139615315,0.0009804805139615315,9.800000000392828e-07,9.800000000392828e-07,9.800000000392828e-07,0.011582902361779928,0.011582902361779928,0.011582902361779928,1.9999999999999998e-05,1.9999999999999998e-05,1.9999999999999998e-05,0.9990199999999999,0.9990199999999999,0.9990199999999999
oracle-boundary/transition3,duration,intact,1.0,1.0,1.0,1.0,1.0,1.0,0.0009804805139615315,0.0009804805139615315,0.0009804805139615315,9.800000000392828e-07,9.800000000392828e-07,9.800000000392828e-07,0.011582902361779928,0.011582902361779928,0.011582902361779928,1.9999999999999998e-05,1.9999999999999998e-05,1.9999999999999998e-05,0.9990199999999999,0.9990199999999999,0.9990199999999999
oracle-boundary/transition3,joint,ambiguous,0.5,0.5,0.5,0.0,0.0,0.0,0.69410764165507,0.69410764165507,0.69410764165507,0.50000048,0.50000048,0.50000048,0.7038282854721148,0.7038282854721148,0.7038282854721148,1.9999999999999998e-05,1.9999999999999998e-05,1.9999999999999998e-05,0.49951999999999996,0.4995199999999999,0.49951999999999996
oracle-boundary/transition3,joint,intact,1.0,1.0,1.0,1.0,1.0,1.0,0.0009804805139615315,0.0009804805139615315,0.0009804805139615315,9.800000000392828e-07,9.800000000392828e-07,9.800000000392828e-07,0.011582902361779928,0.011582902361779928,0.011582902361779928,1.9999999999999998e-05,1.9999999999999998e-05,1.9999999999999998e-05,0.9990199999999999,0.9990199999999999,0.9990199999999999
oracle-boundary/transition3,joint,removal,0.3125,0.125,0.4375,0.0,0.0,0.0,3.578590037968685,1.119089558878683,7.130527565775281,0.8123752925,0.6250627925,1.0309065425,1.2652230253095489,1.2652230253095489,1.2652230253095489,1.9999999999999998e-05,1.9999999999999998e-05,1.9999999999999998e-05,0.37464499999999995,0.37464499999999995,0.37464499999999995
oracle-boundary/transition3,joint,reset,0.3125,0.125,0.4375,0.0,0.0,0.0,3.578590037968685,1.119089558878683,7.130527565775281,0.8123752925,0.6250627925,1.0309065425,1.2652230253095489,1.2652230253095489,1.2652230253095489,1.9999999999999998e-05,1.9999999999999998e-05,1.9999999999999998e-05,0.37464499999999995,0.37464499999999995,0.37464499999999995
oracle-boundary/transition3,joint,shuffle,1.0,1.0,1.0,1.0,1.0,1.0,0.0009804805139615315,0.0009804805139615315,0.0009804805139615315,9.800000000392828e-07,9.800000000392828e-07,9.800000000392828e-07,0.011582902361779928,0.011582902361779928,0.011582902361779928,1.9999999999999998e-05,1.9999999999999998e-05,1.9999999999999998e-05,0.9990199999999999,0.9990199999999999,0.9990199999999999
oracle-boundary/transition3,joint,swap,1.0,1.0,1.0,1.0,1.0,1.0,0.0009804805139615315,0.0009804805139615315,0.0009804805139615315,9.800000000392828e-07,9.800000000392828e-07,9.800000000392828e-07,0.011582902361779928,0.011582902361779928,0.011582902361779928,1.9999999999999998e-05,1.9999999999999998e-05,1.9999999999999998e-05,0.9990199999999999,0.9990199999999999,0.9990199999999999
oracle-boundary/transition3,legato,intact,1.0,1.0,1.0,1.0,1.0,1.0,0.0009804805139615315,0.0009804805139615315,0.0009804805139615315,9.800000000392828e-07,9.800000000392828e-07,9.800000000392828e-07,0.011582902361779928,0.011582902361779928,0.011582902361779928,1.9999999999999998e-05,1.9999999999999998e-05,1.9999999999999998e-05,0.9990199999999999,0.9990199999999999,0.9990199999999999
repaired/absolute,detached,intact,1.0,1.0,1.0,1.0,1.0,1.0,0.0009804805139615315,0.0009804805139615315,0.0009804805139615315,9.800000000392828e-07,9.800000000392828e-07,9.800000000392828e-07,0.011582902361779928,0.011582902361779928,0.011582902361779928,1.9999999999999998e-05,1.9999999999999998e-05,1.9999999999999998e-05,0.9990199999999999,0.9990199999999999,0.9990199999999999
repaired/absolute,duration,intact,0.9375,0.8125,1.0,0.875,0.625,1.0,0.06228022348498123,0.0009804805139615315,0.18487970942702064,0.03516499953125003,9.800000000392828e-07,0.10549303859375002,0.08993541004601549,0.011582902361779928,0.2466404254144866,1.9999999999999998e-05,1.9999999999999998e-05,1.9999999999999998e-05,0.9599965625,0.8819496874999999,0.9990199999999999
repaired/absolute,joint,ambiguous,0.5,0.5,0.5,0.0,0.0,0.0,1.291590353542776,0.6971639233793061,2.4706564319050166,0.5701113948023078,0.5030144303235691,0.6948596665515993,0.6094894030015718,0.43642973783903494,0.7007979943021713,1.9999999999999998e-05,1.9999999999999998e-05,1.9999999999999998e-05,0.600638988231761,0.5180312889608544,0.7246419590039563
repaired/absolute,joint,intact,0.9375,0.8125,1.0,0.875,0.625,1.0,0.06228022348498123,0.0009804805139615315,0.18487970942702064,0.03516499953125003,9.800000000392828e-07,0.10549303859375002,0.08993541004601549,0.011582902361779928,0.2466404254144866,1.9999999999999998e-05,1.9999999999999998e-05,1.9999999999999998e-05,0.9599965625,0.8819496874999999,0.9990199999999999
repaired/absolute,joint,removal,0.3125,0.125,0.4375,0.0,0.0,0.0,3.578590037968685,1.119089558878683,7.130527565775281,0.8123752925,0.6250627925,1.0309065425,1.2652230253095489,1.2652230253095489,1.2652230253095489,1.9999999999999998e-05,1.9999999999999998e-05,1.9999999999999998e-05,0.37464499999999995,0.37464499999999995,0.37464499999999995
repaired/absolute,joint,reset,0.3125,0.125,0.4375,0.0,0.0,0.0,3.578590037968685,1.119089558878683,7.130527565775281,0.8123752925,0.6250627925,1.0309065425,1.2652230253095489,1.2652230253095489,1.2652230253095489,1.9999999999999998e-05,1.9999999999999998e-05,1.9999999999999998e-05,0.37464499999999995,0.37464499999999995,0.37464499999999995
repaired/absolute,joint,shuffle,0.9375,0.8125,1.0,0.875,0.625,1.0,0.06228022348498123,0.0009804805139615315,0.18487970942702064,0.03516499953125003,9.800000000392828e-07,0.10549303859375002,0.08993541004601549,0.011582902361779928,0.2466404254144866,1.9999999999999998e-05,1.9999999999999998e-05,1.9999999999999998e-05,0.9599965625,0.8819496874999999,0.9990199999999999
repaired/absolute,joint,swap,0.9375,0.8125,1.0,0.875,0.625,1.0,0.06228022348498123,0.0009804805139615315,0.18487970942702064,0.03516499953125003,9.800000000392828e-07,0.10549303859375002,0.08993541004601549,0.011582902361779928,0.2466404254144866,1.9999999999999998e-05,1.9999999999999998e-05,1.9999999999999998e-05,0.9599965625,0.8819496874999999,0.9990199999999999
repaired/absolute,legato,intact,0.9375,0.8125,1.0,0.875,0.625,1.0,0.06228022348498123,0.0009804805139615315,0.18487970942702064,0.03516499953125003,9.800000000392828e-07,0.10549303859375002,0.08993541004601549,0.011582902361779928,0.2466404254144866,1.9999999999999998e-05,1.9999999999999998e-05,1.9999999999999998e-05,0.9599965625,0.8819496874999999,0.9990199999999999
repaired/present,detached,intact,0.3125,0.125,0.4375,0.0,0.0,0.0,3.578590037968685,1.119089558878683,7.130527565775281,0.8123752925,0.6250627925,1.0309065425,1.2652230253095489,1.2652230253095489,1.2652230253095489,1.9999999999999998e-05,1.9999999999999998e-05,1.9999999999999998e-05,0.37464499999999995,0.37464499999999995,0.37464499999999995
repaired/present,duration,intact,0.3125,0.125,0.4375,0.0,0.0,0.0,3.578590037968685,1.119089558878683,7.130527565775281,0.8123752925,0.6250627925,1.0309065425,1.2652230253095489,1.2652230253095489,1.2652230253095489,1.9999999999999998e-05,1.9999999999999998e-05,1.9999999999999998e-05,0.37464499999999995,0.37464499999999995,0.37464499999999995
repaired/present,joint,ambiguous,0.3125,0.125,0.4375,0.0,0.0,0.0,3.578590037968685,1.119089558878683,7.130527565775281,0.8123752925,0.6250627925,1.0309065425,1.2652230253095489,1.2652230253095489,1.2652230253095489,1.9999999999999998e-05,1.9999999999999998e-05,1.9999999999999998e-05,0.37464499999999995,0.37464499999999995,0.37464499999999995
repaired/present,joint,intact,0.3125,0.125,0.4375,0.0,0.0,0.0,3.578590037968685,1.119089558878683,7.130527565775281,0.8123752925,0.6250627925,1.0309065425,1.2652230253095489,1.2652230253095489,1.2652230253095489,1.9999999999999998e-05,1.9999999999999998e-05,1.9999999999999998e-05,0.37464499999999995,0.37464499999999995,0.37464499999999995
repaired/present,joint,removal,0.3125,0.125,0.4375,0.0,0.0,0.0,3.578590037968685,1.119089558878683,7.130527565775281,0.8123752925,0.6250627925,1.0309065425,1.2652230253095489,1.2652230253095489,1.2652230253095489,1.9999999999999998e-05,1.9999999999999998e-05,1.9999999999999998e-05,0.37464499999999995,0.37464499999999995,0.37464499999999995
repaired/present,joint,reset,0.3125,0.125,0.4375,0.0,0.0,0.0,3.578590037968685,1.119089558878683,7.130527565775281,0.8123752925,0.6250627925,1.0309065425,1.2652230253095489,1.2652230253095489,1.2652230253095489,1.9999999999999998e-05,1.9999999999999998e-05,1.9999999999999998e-05,0.37464499999999995,0.37464499999999995,0.37464499999999995
repaired/present,joint,shuffle,0.3125,0.125,0.4375,0.0,0.0,0.0,3.578590037968685,1.119089558878683,7.130527565775281,0.8123752925,0.6250627925,1.0309065425,1.2652230253095489,1.2652230253095489,1.2652230253095489,1.9999999999999998e-05,1.9999999999999998e-05,1.9999999999999998e-05,0.37464499999999995,0.37464499999999995,0.37464499999999995
repaired/present,joint,swap,0.3125,0.125,0.4375,0.0,0.0,0.0,3.578590037968685,1.119089558878683,7.130527565775281,0.8123752925,0.6250627925,1.0309065425,1.2652230253095489,1.2652230253095489,1.2652230253095489,1.9999999999999998e-05,1.9999999999999998e-05,1.9999999999999998e-05,0.37464499999999995,0.37464499999999995,0.37464499999999995
repaired/present,legato,intact,0.3125,0.125,0.4375,0.0,0.0,0.0,3.578590037968685,1.119089558878683,7.130527565775281,0.8123752925,0.6250627925,1.0309065425,1.2652230253095489,1.2652230253095489,1.2652230253095489,1.9999999999999998e-05,1.9999999999999998e-05,1.9999999999999998e-05,0.37464499999999995,0.37464499999999995,0.37464499999999995
repaired/recency,detached,intact,0.5,0.125,0.875,0.5,0.125,0.875,3.4789982477094417,0.9074304742549205,6.050566021163963,0.95245,0.23995000000000005,1.66495,0.38625940550147086,0.38625940550147086,0.38625940550147086,0.001,0.001,0.001,0.951,0.951,0.951
repaired/recency,duration,intact,0.5625,0.25,0.875,0.5,0.125,0.875,3.050403618800355,0.9074304742549205,5.193376763345789,0.8337,0.23995000000000005,1.4274499999999999,0.38625940550147086,0.38625940550147086,0.38625940550147086,0.001,0.001,0.001,0.951,0.951,0.951
repaired/recency,joint,ambiguous,0.5,0.5,0.5,0.0,0.0,0.0,3.4789982477094417,3.4789982477094417,3.4789982477094417,0.95245,0.95245,0.95245,0.38625940550147086,0.38625940550147086,0.38625940550147086,0.001,0.001,0.001,0.951,0.951,0.951
repaired/recency,joint,intact,0.5625,0.25,0.875,0.5,0.125,0.875,3.050403618800355,0.9074304742549205,5.193376763345789,0.8337,0.23995000000000005,1.4274499999999999,0.38625940550147086,0.38625940550147086,0.38625940550147086,0.001,0.001,0.001,0.951,0.951,0.951
repaired/recency,joint,removal,0.3125,0.125,0.4375,0.0,0.0,0.0,2.6355571139395235,1.1659481597370296,4.703341847678396,0.8069812499999999,0.6288562499999999,1.01479375,1.5615080942797084,1.5615080942797084,1.5615080942797084,0.001,0.001,0.001,0.35724999999999996,0.35724999999999996,0.35724999999999996
repaired/recency,joint,reset,0.3125,0.125,0.4375,0.0,0.0,0.0,2.6355571139395235,1.1659481597370296,4.703341847678396,0.8069812499999999,0.6288562499999999,1.01479375,1.5615080942797084,1.5615080942797084,1.5615080942797084,0.001,0.001,0.001,0.35724999999999996,0.35724999999999996,0.35724999999999996
repaired/recency,joint,shuffle,0.5625,0.25,0.875,0.5,0.125,0.875,3.0504036188003547,0.9074304742549205,5.193376763345789,0.8337000000000001,0.23995000000000005,1.4274499999999999,0.38625940550147086,0.38625940550147086,0.38625940550147086,0.001,0.001,0.001,0.951,0.951,0.951
repaired/recency,joint,swap,0.5625,0.25,0.875,0.5,0.125,0.875,3.050403618800355,0.9074304742549205,5.193376763345789,0.8337,0.23995000000000005,1.4274499999999999,0.38625940550147086,0.38625940550147086,0.38625940550147086,0.001,0.001,0.001,0.951,0.951,0.951
repaired/recency,legato,intact,0.5625,0.25,0.875,0.5,0.125,0.875,3.050403618800355,0.9074304742549205,5.193376763345789,0.8337,0.23995000000000005,1.4274499999999999,0.38625940550147086,0.38625940550147086,0.38625940550147086,0.001,0.001,0.001,0.951,0.951,0.951
repaired/reference,detached,intact,1.0,1.0,1.0,1.0,1.0,1.0,0.0009804805139615315,0.0009804805139615315,0.0009804805139615315,9.800000000392828e-07,9.800000000392828e-07,9.800000000392828e-07,0.011582902361779928,0.011582902361779928,0.011582902361779928,1.9999999999999998e-05,1.9999999999999998e-05,1.9999999999999998e-05,0.9990199999999999,0.9990199999999999,0.9990199999999999
repaired/reference,duration,intact,0.9375,0.8125,1.0,0.875,0.625,1.0,0.06228022348498123,0.0009804805139615315,0.18487970942702064,0.03516499953125003,9.800000000392828e-07,0.10549303859375002,0.08993541004601549,0.011582902361779928,0.2466404254144866,1.9999999999999998e-05,1.9999999999999998e-05,1.9999999999999998e-05,0.9599965625,0.8819496874999999,0.9990199999999999
repaired/reference,joint,ambiguous,0.5,0.5,0.5,0.0,0.0,0.0,1.2871030659652247,0.6955324736746049,2.466170273780976,0.5657931999555739,0.5014145681234049,0.6905425989691674,0.6138643550515455,0.4408037359592174,0.7024101286009161,1.9999999999999998e-05,1.9999999999999998e-05,1.9999999999999998e-05,0.5875890737452061,0.5114621831977997,0.7120391889674772
repaired/reference,joint,intact,0.9375,0.8125,1.0,0.875,0.625,1.0,0.06228022348498123,0.0009804805139615315,0.18487970942702064,0.03516499953125003,9.800000000392828e-07,0.10549303859375002,0.08993541004601549,0.011582902361779928,0.2466404254144866,1.9999999999999998e-05,1.9999999999999998e-05,1.9999999999999998e-05,0.9599965625,0.8819496874999999,0.9990199999999999
repaired/reference,joint,removal,0.3125,0.125,0.4375,0.0,0.0,0.0,3.578590037968685,1.119089558878683,7.130527565775281,0.8123752925,0.6250627925,1.0309065425,1.2652230253095489,1.2652230253095489,1.2652230253095489,1.9999999999999998e-05,1.9999999999999998e-05,1.9999999999999998e-05,0.37464499999999995,0.37464499999999995,0.37464499999999995
repaired/reference,joint,reset,0.3125,0.125,0.4375,0.0,0.0,0.0,3.578590037968685,1.119089558878683,7.130527565775281,0.8123752925,0.6250627925,1.0309065425,1.2652230253095489,1.2652230253095489,1.2652230253095489,1.9999999999999998e-05,1.9999999999999998e-05,1.9999999999999998e-05,0.37464499999999995,0.37464499999999995,0.37464499999999995
repaired/reference,joint,shuffle,0.9375,0.8125,1.0,0.875,0.625,1.0,0.06228022348498123,0.0009804805139615315,0.18487970942702064,0.03516499953125003,9.800000000392828e-07,0.10549303859375002,0.08993541004601549,0.011582902361779928,0.2466404254144866,1.9999999999999998e-05,1.9999999999999998e-05,1.9999999999999998e-05,0.9599965625,0.8819496874999999,0.9990199999999999
repaired/reference,joint,swap,0.9375,0.8125,1.0,0.875,0.625,1.0,0.06228022348498123,0.0009804805139615315,0.18487970942702064,0.03516499953125003,9.800000000392828e-07,0.10549303859375002,0.08993541004601549,0.011582902361779928,0.2466404254144866,1.9999999999999998e-05,1.9999999999999998e-05,1.9999999999999998e-05,0.9599965625,0.8819496874999999,0.9990199999999999
repaired/reference,legato,intact,0.9375,0.8125,1.0,0.875,0.625,1.0,0.06228022348498123,0.0009804805139615315,0.18487970942702064,0.03516499953125003,9.800000000392828e-07,0.10549303859375002,0.08993541004601549,0.011582902361779928,0.2466404254144866,1.9999999999999998e-05,1.9999999999999998e-05,1.9999999999999998e-05,0.9599965625,0.8819496874999999,0.9990199999999999
repaired/transition1,detached,intact,0.6875,0.375,1.0,0.625,0.25,1.0,0.5618671578753528,0.3865166433503792,0.693231542154884,0.3941416861747364,0.2583072413706451,0.49912948928566814,0.6063778353545659,0.4333184599369515,0.7034430090004373,1.9999999999999998e-05,1.9999999999999998e-05,1.9999999999999998e-05,0.5948055374536751,0.5076716033039208,0.7195540489740466
repaired/transition1,duration,intact,0.6875,0.375,0.9375,0.625,0.25,0.875,1.1792525399639096,0.41737054991495415,2.444973407910118,0.482275746724244,0.2957275263586573,0.6687345754971867,0.5293051526195215,0.27117226410902157,0.7023691139992059,1.9999999999999998e-05,1.9999999999999998e-05,1.9999999999999998e-05,0.6348049199594423,0.5095858047693261,0.8121621100211489
repaired/transition1,joint,ambiguous,0.5,0.5,0.5,0.0,0.0,0.0,1.2851743068050678,0.694121283119183,2.4642422223697364,0.563887065503577,0.5000140944659455,0.6886371709041708,0.615778592845243,0.44271621871935446,0.7038146458037842,1.9999999999999998e-05,1.9999999999999998e-05,1.9999999999999998e-05,0.573409934795807,0.5013443224381983,0.6981277752953295
repaired/transition1,joint,intact,0.6875,0.375,0.9375,0.625,0.25,0.875,1.1788606361680416,0.41758220065988827,2.4446077806966944,0.48187506790941914,0.29540674141331963,0.6683525934937449,0.5293736884837144,0.27117226410902157,0.702437590427512,1.9999999999999998e-05,1.9999999999999998e-05,1.9999999999999998e-05,0.6349266055138866,0.509721620525684,0.8121621100211489
repaired/transition1,joint,removal,0.3125,0.125,0.4375,0.0,0.0,0.0,3.578590037968685,1.119089558878683,7.130527565775281,0.8123752925,0.6250627925,1.0309065425,1.2652230253095489,1.2652230253095489,1.2652230253095489,1.9999999999999998e-05,1.9999999999999998e-05,1.9999999999999998e-05,0.37464499999999995,0.37464499999999995,0.37464499999999995
repaired/transition1,joint,reset,0.3125,0.125,0.4375,0.0,0.0,0.0,3.578590037968685,1.119089558878683,7.130527565775281,0.8123752925,0.6250627925,1.0309065425,1.2652230253095489,1.2652230253095489,1.2652230253095489,1.9999999999999998e-05,1.9999999999999998e-05,1.9999999999999998e-05,0.37464499999999995,0.37464499999999995,0.37464499999999995
repaired/transition1,joint,shuffle,0.5625,0.25,0.875,0.5,0.125,0.875,1.2167941884046591,0.45437766434799326,2.481696483440284,0.5194953552513993,0.3319728653920513,0.6878557223943443,0.5293849209342778,0.27117396136398103,0.7024479263929556,1.9999999999999998e-05,1.9999999999999998e-05,1.9999999999999998e-05,0.6344701472935349,0.5094491299217023,0.8119988911074718
repaired/transition1,joint,swap,0.6875,0.375,0.9375,0.625,0.25,0.875,1.1788606361680416,0.41758220065988827,2.4446077806966944,0.48187506790941914,0.29540674141331963,0.6683525934937449,0.5293736884837144,0.27117226410902157,0.702437590427512,1.9999999999999998e-05,1.9999999999999998e-05,1.9999999999999998e-05,0.6349266055138866,0.509721620525684,0.8121621100211489
repaired/transition1,legato,intact,0.8125,0.5625,1.0,0.75,0.5,1.0,1.1687812805371436,0.41137578315560724,2.4348748016186685,0.4722967210744623,0.2853573086159243,0.6597817307734243,0.5266661921658629,0.27117470022457024,0.7038244629475114,1.9999999999999998e-05,1.9999999999999998e-05,1.9999999999999998e-05,0.6402536128219424,0.5006919631105371,0.8118701275235426
repaired/transition2,detached,intact,1.0,1.0,1.0,1.0,1.0,1.0,0.0009804805139615315,0.0009804805139615315,0.0009804805139615315,9.800000000392828e-07,9.800000000392828e-07,9.800000000392828e-07,0.011582902361779928,0.011582902361779928,0.011582902361779928,1.9999999999999998e-05,1.9999999999999998e-05,1.9999999999999998e-05,0.9990199999999999,0.9990199999999999,0.9990199999999999
repaired/transition2,duration,intact,0.9375,0.8125,1.0,0.875,0.625,1.0,0.06228022348498123,0.0009804805139615315,0.18487970942702064,0.03516499953125003,9.800000000392828e-07,0.10549303859375002,0.08993541004601549,0.011582902361779928,0.2466404254144866,1.9999999999999998e-05,1.9999999999999998e-05,1.9999999999999998e-05,0.9599965625,0.8819496874999999,0.9990199999999999
repaired/transition2,joint,ambiguous,0.5,0.5,0.5,0.0,0.0,0.0,1.2896515830739517,0.6956267181980269,2.468717909494911,0.5681992993465694,0.5014984090117163,0.6929478186737663,0.6114110059068287,0.4383499111671333,0.7023227996880079,1.9999999999999998e-05,1.9999999999999998e-05,1.9999999999999998e-05,0.5895634523669786,0.5096417122081214,0.7148134479178909
repaired/transition2,joint,intact,0.9375,0.8125,1.0,0.875,0.625,1.0,0.06228022348498123,0.0009804805139615315,0.18487970942702064,0.03516499953125003,9.800000000392828e-07,0.10549303859375002,0.08993541004601549,0.011582902361779928,0.2466404254144866,1.9999999999999998e-05,1.9999999999999998e-05,1.9999999999999998e-05,0.9599965625,0.8819496874999999,0.9990199999999999
repaired/transition2,joint,removal,0.3125,0.125,0.4375,0.0,0.0,0.0,3.578590037968685,1.119089558878683,7.130527565775281,0.8123752925,0.6250627925,1.0309065425,1.2652230253095489,1.2652230253095489,1.2652230253095489,1.9999999999999998e-05,1.9999999999999998e-05,1.9999999999999998e-05,0.37464499999999995,0.37464499999999995,0.37464499999999995
repaired/transition2,joint,reset,0.3125,0.125,0.4375,0.0,0.0,0.0,3.578590037968685,1.119089558878683,7.130527565775281,0.8123752925,0.6250627925,1.0309065425,1.2652230253095489,1.2652230253095489,1.2652230253095489,1.9999999999999998e-05,1.9999999999999998e-05,1.9999999999999998e-05,0.37464499999999995,0.37464499999999995,0.37464499999999995
repaired/transition2,joint,shuffle,0.9375,0.8125,1.0,0.875,0.625,1.0,0.06228022348498123,0.0009804805139615315,0.18487970942702064,0.03516499953125003,9.800000000392828e-07,0.10549303859375002,0.08993541004601549,0.011582902361779928,0.2466404254144866,1.9999999999999998e-05,1.9999999999999998e-05,1.9999999999999998e-05,0.9599965625,0.8819496874999999,0.9990199999999999
repaired/transition2,joint,swap,0.9375,0.8125,1.0,0.875,0.625,1.0,0.06228022348498123,0.0009804805139615315,0.18487970942702064,0.03516499953125003,9.800000000392828e-07,0.10549303859375002,0.08993541004601549,0.011582902361779928,0.2466404254144866,1.9999999999999998e-05,1.9999999999999998e-05,1.9999999999999998e-05,0.9599965625,0.8819496874999999,0.9990199999999999
repaired/transition2,legato,intact,0.9375,0.8125,1.0,0.875,0.625,1.0,0.06228022348498123,0.0009804805139615315,0.18487970942702064,0.03516499953125003,9.800000000392828e-07,0.10549303859375002,0.08993541004601549,0.011582902361779928,0.2466404254144866,1.9999999999999998e-05,1.9999999999999998e-05,1.9999999999999998e-05,0.9599965625,0.8819496874999999,0.9990199999999999
repaired/transition3,detached,intact,1.0,1.0,1.0,1.0,1.0,1.0,0.0009804805139615315,0.0009804805139615315,0.0009804805139615315,9.800000000392828e-07,9.800000000392828e-07,9.800000000392828e-07,0.011582902361779928,0.011582902361779928,0.011582902361779928,1.9999999999999998e-05,1.9999999999999998e-05,1.9999999999999998e-05,0.9990199999999999,0.9990199999999999,0.9990199999999999
repaired/transition3,duration,intact,0.9375,0.8125,1.0,0.875,0.625,1.0,0.06228022348498123,0.0009804805139615315,0.18487970942702064,0.03516499953125003,9.800000000392828e-07,0.10549303859375002,0.08993541004601549,0.011582902361779928,0.2466404254144866,1.9999999999999998e-05,1.9999999999999998e-05,1.9999999999999998e-05,0.9599965625,0.8819496874999999,0.9990199999999999
repaired/transition3,joint,ambiguous,0.5,0.5,0.5,0.0,0.0,0.0,1.291590353542776,0.6971639233793061,2.4706564319050166,0.5701113948023078,0.5030144303235691,0.6948596665515993,0.6094894030015718,0.43642973783903494,0.7007979943021713,1.9999999999999998e-05,1.9999999999999998e-05,1.9999999999999998e-05,0.600638988231761,0.5180312889608544,0.7246419590039563
repaired/transition3,joint,intact,0.9375,0.8125,1.0,0.875,0.625,1.0,0.06228022348498123,0.0009804805139615315,0.18487970942702064,0.03516499953125003,9.800000000392828e-07,0.10549303859375002,0.08993541004601549,0.011582902361779928,0.2466404254144866,1.9999999999999998e-05,1.9999999999999998e-05,1.9999999999999998e-05,0.9599965625,0.8819496874999999,0.9990199999999999
repaired/transition3,joint,removal,0.3125,0.125,0.4375,0.0,0.0,0.0,3.578590037968685,1.119089558878683,7.130527565775281,0.8123752925,0.6250627925,1.0309065425,1.2652230253095489,1.2652230253095489,1.2652230253095489,1.9999999999999998e-05,1.9999999999999998e-05,1.9999999999999998e-05,0.37464499999999995,0.37464499999999995,0.37464499999999995
repaired/transition3,joint,reset,0.3125,0.125,0.4375,0.0,0.0,0.0,3.578590037968685,1.119089558878683,7.130527565775281,0.8123752925,0.6250627925,1.0309065425,1.2652230253095489,1.2652230253095489,1.2652230253095489,1.9999999999999998e-05,1.9999999999999998e-05,1.9999999999999998e-05,0.37464499999999995,0.37464499999999995,0.37464499999999995
repaired/transition3,joint,shuffle,0.9375,0.8125,1.0,0.875,0.625,1.0,0.06228022348498123,0.0009804805139615315,0.18487970942702064,0.03516499953125003,9.800000000392828e-07,0.10549303859375002,0.08993541004601549,0.011582902361779928,0.2466404254144866,1.9999999999999998e-05,1.9999999999999998e-05,1.9999999999999998e-05,0.9599965625,0.8819496874999999,0.9990199999999999
repaired/transition3,joint,swap,0.9375,0.8125,1.0,0.875,0.625,1.0,0.06228022348498123,0.0009804805139615315,0.18487970942702064,0.03516499953125003,9.800000000392828e-07,0.10549303859375002,0.08993541004601549,0.011582902361779928,0.2466404254144866,1.9999999999999998e-05,1.9999999999999998e-05,1.9999999999999998e-05,0.9599965625,0.8819496874999999,0.9990199999999999
repaired/transition3,legato,intact,0.9375,0.8125,1.0,0.875,0.625,1.0,0.06228022348498123,0.0009804805139615315,0.18487970942702064,0.03516499953125003,9.800000000392828e-07,0.10549303859375002,0.08993541004601549,0.011582902361779928,0.2466404254144866,1.9999999999999998e-05,1.9999999999999998e-05,1.9999999999999998e-05,0.9599965625,0.8819496874999999,0.9990199999999999
streaming/absolute,detached,intact,0.75,0.5,1.0,0.625,0.25,1.0,0.5673918721395059,0.18487970942702062,1.0872172256803976,0.30858661671875,0.10549303859375002,0.5741176948437501,0.5600504561514288,0.24664042541448658,0.8734604868883711,1.9999999999999998e-05,1.9999999999999998e-05,1.9999999999999998e-05,0.7258559374999999,0.5697621874999999,0.8819496874999999
streaming/absolute,duration,intact,0.3125,0.125,0.4375,0.0,0.0,0.0,3.578590037968685,1.119089558878683,7.130527565775281,0.8123752925,0.6250627925,1.0309065425,1.2652230253095489,1.2652230253095489,1.2652230253095489,1.9999999999999998e-05,1.9999999999999998e-05,1.9999999999999998e-05,0.37464499999999995,0.37464499999999995,0.37464499999999995
streaming/absolute,joint,ambiguous,0.3125,0.125,0.4375,0.0,0.0,0.0,4.132165414770165,1.5353517448517575,7.130527565775281,0.8669222534375,0.6562815424999999,1.0854535034375,1.1085180099410779,0.7951079792041356,1.2652230253095489,1.9999999999999998e-05,1.9999999999999998e-05,1.9999999999999998e-05,0.45269187499999997,0.37464499999999995,0.6087856249999999
streaming/absolute,joint,intact,0.3125,0.125,0.4375,0.0,0.0,0.0,3.5172902949976654,0.9351903299656241,7.007928079833241,0.7772112729687499,0.52746127296875,1.0309065425,1.1868705176253134,1.0301655022568421,1.2652230253095489,1.9999999999999998e-05,1.9999999999999998e-05,1.9999999999999998e-05,0.41366843749999993,0.37464499999999995,0.49171531249999995
streaming/absolute,joint,removal,0.3125,0.125,0.4375,0.0,0.0,0.0,3.578590037968685,1.119089558878683,7.130527565775281,0.8123752925,0.6250627925,1.0309065425,1.2652230253095489,1.2652230253095489,1.2652230253095489,1.9999999999999998e-05,1.9999999999999998e-05,1.9999999999999998e-05,0.37464499999999995,0.37464499999999995,0.37464499999999995
streaming/absolute,joint,reset,0.3125,0.125,0.4375,0.0,0.0,0.0,3.578590037968685,1.119089558878683,7.130527565775281,0.8123752925,0.6250627925,1.0309065425,1.2652230253095489,1.2652230253095489,1.2652230253095489,1.9999999999999998e-05,1.9999999999999998e-05,1.9999999999999998e-05,0.37464499999999995,0.37464499999999995,0.37464499999999995
streaming/absolute,joint,shuffle,0.3125,0.125,0.4375,0.0,0.0,0.0,3.5172902949976654,0.9351903299656241,7.007928079833241,0.7772112729687499,0.52746127296875,1.0309065425,1.1868705176253134,1.0301655022568421,1.2652230253095489,1.9999999999999998e-05,1.9999999999999998e-05,1.9999999999999998e-05,0.41366843749999993,0.37464499999999995,0.49171531249999995
streaming/absolute,joint,swap,0.3125,0.125,0.4375,0.0,0.0,0.0,3.5172902949976654,0.9351903299656241,7.007928079833241,0.7772112729687499,0.52746127296875,1.0309065425,1.1868705176253134,1.0301655022568421,1.2652230253095489,1.9999999999999998e-05,1.9999999999999998e-05,1.9999999999999998e-05,0.41366843749999993,0.37464499999999995,0.49171531249999995
streaming/absolute,legato,intact,0.3125,0.125,0.4375,0.0,0.0,0.0,3.578590037968685,1.119089558878683,7.130527565775281,0.8123752925,0.6250627925,1.0309065425,1.2652230253095489,1.2652230253095489,1.2652230253095489,1.9999999999999998e-05,1.9999999999999998e-05,1.9999999999999998e-05,0.37464499999999995,0.37464499999999995,0.37464499999999995
streaming/present,detached,intact,0.3125,0.125,0.4375,0.0,0.0,0.0,3.578590037968685,1.119089558878683,7.130527565775281,0.8123752925,0.6250627925,1.0309065425,1.2652230253095489,1.2652230253095489,1.2652230253095489,1.9999999999999998e-05,1.9999999999999998e-05,1.9999999999999998e-05,0.37464499999999995,0.37464499999999995,0.37464499999999995
streaming/present,duration,intact,0.3125,0.125,0.4375,0.0,0.0,0.0,3.578590037968685,1.119089558878683,7.130527565775281,0.8123752925,0.6250627925,1.0309065425,1.2652230253095489,1.2652230253095489,1.2652230253095489,1.9999999999999998e-05,1.9999999999999998e-05,1.9999999999999998e-05,0.37464499999999995,0.37464499999999995,0.37464499999999995
streaming/present,joint,ambiguous,0.3125,0.125,0.4375,0.0,0.0,0.0,3.578590037968685,1.119089558878683,7.130527565775281,0.8123752925,0.6250627925,1.0309065425,1.2652230253095489,1.2652230253095489,1.2652230253095489,1.9999999999999998e-05,1.9999999999999998e-05,1.9999999999999998e-05,0.37464499999999995,0.37464499999999995,0.37464499999999995
streaming/present,joint,intact,0.3125,0.125,0.4375,0.0,0.0,0.0,3.578590037968685,1.119089558878683,7.130527565775281,0.8123752925,0.6250627925,1.0309065425,1.2652230253095489,1.2652230253095489,1.2652230253095489,1.9999999999999998e-05,1.9999999999999998e-05,1.9999999999999998e-05,0.37464499999999995,0.37464499999999995,0.37464499999999995
streaming/present,joint,removal,0.3125,0.125,0.4375,0.0,0.0,0.0,3.578590037968685,1.119089558878683,7.130527565775281,0.8123752925,0.6250627925,1.0309065425,1.2652230253095489,1.2652230253095489,1.2652230253095489,1.9999999999999998e-05,1.9999999999999998e-05,1.9999999999999998e-05,0.37464499999999995,0.37464499999999995,0.37464499999999995
streaming/present,joint,reset,0.3125,0.125,0.4375,0.0,0.0,0.0,3.578590037968685,1.119089558878683,7.130527565775281,0.8123752925,0.6250627925,1.0309065425,1.2652230253095489,1.2652230253095489,1.2652230253095489,1.9999999999999998e-05,1.9999999999999998e-05,1.9999999999999998e-05,0.37464499999999995,0.37464499999999995,0.37464499999999995
streaming/present,joint,shuffle,0.3125,0.125,0.4375,0.0,0.0,0.0,3.578590037968685,1.119089558878683,7.130527565775281,0.8123752925,0.6250627925,1.0309065425,1.2652230253095489,1.2652230253095489,1.2652230253095489,1.9999999999999998e-05,1.9999999999999998e-05,1.9999999999999998e-05,0.37464499999999995,0.37464499999999995,0.37464499999999995
streaming/present,joint,swap,0.3125,0.125,0.4375,0.0,0.0,0.0,3.578590037968685,1.119089558878683,7.130527565775281,0.8123752925,0.6250627925,1.0309065425,1.2652230253095489,1.2652230253095489,1.2652230253095489,1.9999999999999998e-05,1.9999999999999998e-05,1.9999999999999998e-05,0.37464499999999995,0.37464499999999995,0.37464499999999995
streaming/present,legato,intact,0.3125,0.125,0.4375,0.0,0.0,0.0,3.578590037968685,1.119089558878683,7.130527565775281,0.8123752925,0.6250627925,1.0309065425,1.2652230253095489,1.2652230253095489,1.2652230253095489,1.9999999999999998e-05,1.9999999999999998e-05,1.9999999999999998e-05,0.37464499999999995,0.37464499999999995,0.37464499999999995
streaming/recency,detached,intact,0.5,0.125,0.875,0.5,0.125,0.875,3.4789982477094417,0.9074304742549205,6.050566021163963,0.95245,0.23995000000000005,1.66495,0.38625940550147086,0.38625940550147086,0.38625940550147086,0.001,0.001,0.001,0.951,0.951,0.951
streaming/recency,duration,intact,0.4375,0.25,0.625,0.125,0.0,0.375,2.3224732037232356,0.907182577855077,3.982781287425091,0.790653125,0.41714726562500004,1.22446171875,0.9738837498905897,0.6066185346473905,1.341148965133789,0.001,0.001,0.001,0.654125,0.46857812499999996,0.839671875
streaming/recency,joint,ambiguous,0.4375,0.3125,0.5,0.0,0.0,0.0,2.69699740069783,1.9149965536862188,3.30941709708215,0.86821171875,0.7245984375,0.9754578125,0.82697766379331,0.5331654915987505,1.267695922085149,0.001,0.001,0.001,0.72834375,0.5056875,0.87678125
streaming/recency,joint,intact,0.375,0.125,0.625,0.125,0.0,0.375,2.39078755250567,1.0293194621721604,3.968537370577149,0.8203406249999999,0.45165898437499996,1.2244617187499998,0.9738837498905897,0.6066185346473904,1.341148965133789,0.001,0.001,0.001,0.654125,0.46857812499999996,0.839671875
streaming/recency,joint,removal,0.3125,0.125,0.4375,0.0,0.0,0.0,2.6355571139395235,1.1659481597370296,4.703341847678396,0.8069812499999999,0.6288562499999999,1.01479375,1.5615080942797084,1.5615080942797084,1.5615080942797084,0.001,0.001,0.001,0.35724999999999996,0.35724999999999996,0.35724999999999996
streaming/recency,joint,reset,0.3125,0.125,0.4375,0.0,0.0,0.0,2.6355571139395235,1.1659481597370296,4.703341847678396,0.8069812499999999,0.6288562499999999,1.01479375,1.5615080942797084,1.5615080942797084,1.5615080942797084,0.001,0.001,0.001,0.35724999999999996,0.35724999999999996,0.35724999999999996
streaming/recency,joint,shuffle,0.5,0.25,0.75,0.25,0.0,0.625,2.39078755250567,1.0295673585720038,3.9215888970666275,0.8203406249999999,0.45258671875,1.2120300781249997,0.9738837498905897,0.6066185346473904,1.341148965133789,0.001,0.001,0.001,0.654125,0.46857812499999996,0.839671875
streaming/recency,joint,swap,0.375,0.125,0.625,0.125,0.0,0.375,2.39078755250567,1.0293194621721604,3.968537370577149,0.8203406249999999,0.45165898437499996,1.2244617187499998,0.9738837498905897,0.6066185346473904,1.341148965133789,0.001,0.001,0.001,0.654125,0.46857812499999996,0.839671875
streaming/recency,legato,intact,0.3125,0.125,0.4375,0.0,0.0,0.0,3.485872309733569,1.8867566163901777,5.146180393435425,1.037244921875,0.6743152343749999,1.4174304687500001,0.9004307068419497,0.6066185346473904,1.1942428790365092,0.001,0.001,0.001,0.691234375,0.542796875,0.839671875
streaming/reference,detached,intact,0.8125,0.625,1.0,0.625,0.25,1.0,0.37613579078326326,0.1235799664560009,0.6826345056383618,0.20703982765625004,0.06638374953125005,0.37496938625000004,0.4033454407829577,0.08993541004601549,0.7167554715198999,1.9999999999999998e-05,1.9999999999999998e-05,1.9999999999999998e-05,0.8039028124999998,0.6478090624999999,0.9599965625
streaming/reference,duration,intact,0.3125,0.125,0.4375,0.0,0.0,0.0,3.578590037968685,1.119089558878683,7.130527565775281,0.8123752925,0.6250627925,1.0309065425,1.2652230253095489,1.2652230253095489,1.2652230253095489,1.9999999999999998e-05,1.9999999999999998e-05,1.9999999999999998e-05,0.37464499999999995,0.37464499999999995,0.37464499999999995
streaming/reference,joint,ambiguous,0.3125,0.125,0.4375,0.0,0.0,0.0,4.132165414770165,1.5353517448517575,7.130527565775281,0.8669222534375,0.6562815424999999,1.0854535034375,1.1085180099410779,0.7951079792041356,1.2652230253095489,1.9999999999999998e-05,1.9999999999999998e-05,1.9999999999999998e-05,0.45269187499999997,0.37464499999999995,0.6087856249999999
streaming/reference,joint,intact,0.3125,0.125,0.4375,0.0,0.0,0.0,3.5172902949976654,0.9351903299656241,7.007928079833241,0.7772112729687499,0.52746127296875,1.0309065425,1.1868705176253134,1.0301655022568421,1.2652230253095489,1.9999999999999998e-05,1.9999999999999998e-05,1.9999999999999998e-05,0.41366843749999993,0.37464499999999995,0.49171531249999995
streaming/reference,joint,removal,0.3125,0.125,0.4375,0.0,0.0,0.0,3.578590037968685,1.119089558878683,7.130527565775281,0.8123752925,0.6250627925,1.0309065425,1.2652230253095489,1.2652230253095489,1.2652230253095489,1.9999999999999998e-05,1.9999999999999998e-05,1.9999999999999998e-05,0.37464499999999995,0.37464499999999995,0.37464499999999995
streaming/reference,joint,reset,0.3125,0.125,0.4375,0.0,0.0,0.0,3.578590037968685,1.119089558878683,7.130527565775281,0.8123752925,0.6250627925,1.0309065425,1.2652230253095489,1.2652230253095489,1.2652230253095489,1.9999999999999998e-05,1.9999999999999998e-05,1.9999999999999998e-05,0.37464499999999995,0.37464499999999995,0.37464499999999995
streaming/reference,joint,shuffle,0.3125,0.125,0.4375,0.0,0.0,0.0,3.5172902949976654,0.9351903299656241,7.007928079833241,0.7772112729687499,0.52746127296875,1.0309065425,1.1868705176253134,1.0301655022568421,1.2652230253095489,1.9999999999999998e-05,1.9999999999999998e-05,1.9999999999999998e-05,0.41366843749999993,0.37464499999999995,0.49171531249999995
streaming/reference,joint,swap,0.3125,0.125,0.4375,0.0,0.0,0.0,3.5172902949976654,0.9351903299656241,7.007928079833241,0.7772112729687499,0.52746127296875,1.0309065425,1.1868705176253134,1.0301655022568421,1.2652230253095489,1.9999999999999998e-05,1.9999999999999998e-05,1.9999999999999998e-05,0.41366843749999993,0.37464499999999995,0.49171531249999995
streaming/reference,legato,intact,0.3125,0.125,0.4375,0.0,0.0,0.0,3.5172902949976654,0.9351903299656241,7.007928079833241,0.7772112729687499,0.52746127296875,1.0309065425,1.1868705176253134,1.0301655022568421,1.2652230253095489,1.9999999999999998e-05,1.9999999999999998e-05,1.9999999999999998e-05,0.41366843749999993,0.37464499999999995,0.49171531249999995
streaming/transition1,detached,intact,0.375,0.1875,0.5,0.0,0.0,0.0,3.37881231244145,1.3599267330676206,5.892892604238401,0.928048907075207,0.6371079773700132,1.2917380230574405,0.45793403678815625,0.17121295857190216,0.7451684412601758,1.9999999999999998e-05,1.9999999999999998e-05,1.9999999999999998e-05,0.773303931038466,0.6227369908803084,0.9154463151581574
streaming/transition1,duration,intact,0.3125,0.125,0.4375,0.0,0.0,0.0,3.578590037968685,1.119089558878683,7.130527565775281,0.8123752925,0.6250627925,1.0309065425,1.2652230253095489,1.2652230253095489,1.2652230253095489,1.9999999999999998e-05,1.9999999999999998e-05,1.9999999999999998e-05,0.37464499999999995,0.37464499999999995,0.37464499999999995
streaming/transition1,joint,ambiguous,0.3125,0.125,0.4375,0.0,0.0,0.0,4.132165414770165,1.5353517448517575,7.130527565775281,0.8669222534375,0.6562815424999999,1.0854535034375,1.1085180099410779,0.7951079792041356,1.2652230253095489,1.9999999999999998e-05,1.9999999999999998e-05,1.9999999999999998e-05,0.45269187499999997,0.37464499999999995,0.6087856249999999
streaming/transition1,joint,intact,0.3125,0.125,0.4375,0.0,0.0,0.0,4.132165414770165,1.5353517448517575,7.130527565775281,0.8669222534375,0.6562815424999999,1.0854535034375,1.1085180099410779,0.7951079792041356,1.2652230253095489,1.9999999999999998e-05,1.9999999999999998e-05,1.9999999999999998e-05,0.45269187499999997,0.37464499999999995,0.6087856249999999
streaming/transition1,joint,removal,0.3125,0.125,0.4375,0.0,0.0,0.0,3.578590037968685,1.119089558878683,7.130527565775281,0.8123752925,0.6250627925,1.0309065425,1.2652230253095489,1.2652230253095489,1.2652230253095489,1.9999999999999998e-05,1.9999999999999998e-05,1.9999999999999998e-05,0.37464499999999995,0.37464499999999995,0.37464499999999995
streaming/transition1,joint,reset,0.3125,0.125,0.4375,0.0,0.0,0.0,3.578590037968685,1.119089558878683,7.130527565775281,0.8123752925,0.6250627925,1.0309065425,1.2652230253095489,1.2652230253095489,1.2652230253095489,1.9999999999999998e-05,1.9999999999999998e-05,1.9999999999999998e-05,0.37464499999999995,0.37464499999999995,0.37464499999999995
streaming/transition1,joint,shuffle,0.3125,0.125,0.4375,0.0,0.0,0.0,3.5172902949976654,0.9351903299656241,7.007928079833241,0.7772112729687499,0.52746127296875,1.0309065425,1.1868705176253134,1.0301655022568421,1.2652230253095489,1.9999999999999998e-05,1.9999999999999998e-05,1.9999999999999998e-05,0.41366843749999993,0.37464499999999995,0.49171531249999995
streaming/transition1,joint,swap,0.3125,0.125,0.4375,0.0,0.0,0.0,4.132165414770165,1.5353517448517575,7.130527565775281,0.8669222534375,0.6562815424999999,1.0854535034375,1.1085180099410779,0.7951079792041356,1.2652230253095489,1.9999999999999998e-05,1.9999999999999998e-05,1.9999999999999998e-05,0.45269187499999997,0.37464499999999995,0.6087856249999999
streaming/transition1,legato,intact,0.3125,0.125,0.4375,0.0,0.0,0.0,3.578590037968685,1.119089558878683,7.130527565775281,0.8123752925,0.6250627925,1.0309065425,1.2652230253095489,1.2652230253095489,1.2652230253095489,1.9999999999999998e-05,1.9999999999999998e-05,1.9999999999999998e-05,0.37464499999999995,0.37464499999999995,0.37464499999999995
streaming/transition2,detached,intact,0.75,0.5,1.0,0.625,0.25,1.0,0.5673918721395059,0.18487970942702062,1.0872172256803976,0.30858661671875,0.10549303859375002,0.5741176948437501,0.5600504561514288,0.24664042541448658,0.8734604868883711,1.9999999999999998e-05,1.9999999999999998e-05,1.9999999999999998e-05,0.7258559374999999,0.5697621874999999,0.8819496874999999
streaming/transition2,duration,intact,0.3125,0.125,0.4375,0.0,0.0,0.0,3.578590037968685,1.119089558878683,7.130527565775281,0.8123752925,0.6250627925,1.0309065425,1.2652230253095489,1.2652230253095489,1.2652230253095489,1.9999999999999998e-05,1.9999999999999998e-05,1.9999999999999998e-05,0.37464499999999995,0.37464499999999995,0.37464499999999995
streaming/transition2,joint,ambiguous,0.3125,0.125,0.4375,0.0,0.0,0.0,4.132165414770165,1.5353517448517575,7.130527565775281,0.8669222534375,0.6562815424999999,1.0854535034375,1.1085180099410779,0.7951079792041356,1.2652230253095489,1.9999999999999998e-05,1.9999999999999998e-05,1.9999999999999998e-05,0.45269187499999997,0.37464499999999995,0.6087856249999999
streaming/transition2,joint,intact,0.3125,0.125,0.4375,0.0,0.0,0.0,3.5172902949976654,0.9351903299656241,7.007928079833241,0.7772112729687499,0.52746127296875,1.0309065425,1.1868705176253134,1.0301655022568421,1.2652230253095489,1.9999999999999998e-05,1.9999999999999998e-05,1.9999999999999998e-05,0.41366843749999993,0.37464499999999995,0.49171531249999995
streaming/transition2,joint,removal,0.3125,0.125,0.4375,0.0,0.0,0.0,3.578590037968685,1.119089558878683,7.130527565775281,0.8123752925,0.6250627925,1.0309065425,1.2652230253095489,1.2652230253095489,1.2652230253095489,1.9999999999999998e-05,1.9999999999999998e-05,1.9999999999999998e-05,0.37464499999999995,0.37464499999999995,0.37464499999999995
streaming/transition2,joint,reset,0.3125,0.125,0.4375,0.0,0.0,0.0,3.578590037968685,1.119089558878683,7.130527565775281,0.8123752925,0.6250627925,1.0309065425,1.2652230253095489,1.2652230253095489,1.2652230253095489,1.9999999999999998e-05,1.9999999999999998e-05,1.9999999999999998e-05,0.37464499999999995,0.37464499999999995,0.37464499999999995
streaming/transition2,joint,shuffle,0.3125,0.125,0.4375,0.0,0.0,0.0,3.5172902949976654,0.9351903299656241,7.007928079833241,0.7772112729687499,0.52746127296875,1.0309065425,1.1868705176253134,1.0301655022568421,1.2652230253095489,1.9999999999999998e-05,1.9999999999999998e-05,1.9999999999999998e-05,0.41366843749999993,0.37464499999999995,0.49171531249999995
streaming/transition2,joint,swap,0.3125,0.125,0.4375,0.0,0.0,0.0,3.5172902949976654,0.9351903299656241,7.007928079833241,0.7772112729687499,0.52746127296875,1.0309065425,1.1868705176253134,1.0301655022568421,1.2652230253095489,1.9999999999999998e-05,1.9999999999999998e-05,1.9999999999999998e-05,0.41366843749999993,0.37464499999999995,0.49171531249999995
streaming/transition2,legato,intact,0.3125,0.125,0.4375,0.0,0.0,0.0,3.578590037968685,1.119089558878683,7.130527565775281,0.8123752925,0.6250627925,1.0309065425,1.2652230253095489,1.2652230253095489,1.2652230253095489,1.9999999999999998e-05,1.9999999999999998e-05,1.9999999999999998e-05,0.37464499999999995,0.37464499999999995,0.37464499999999995
streaming/transition3,detached,intact,0.75,0.5,1.0,0.625,0.25,1.0,0.5673918721395059,0.18487970942702062,1.0872172256803976,0.30858661671875,0.10549303859375002,0.5741176948437501,0.5600504561514288,0.24664042541448658,0.8734604868883711,1.9999999999999998e-05,1.9999999999999998e-05,1.9999999999999998e-05,0.7258559374999999,0.5697621874999999,0.8819496874999999
streaming/transition3,duration,intact,0.3125,0.125,0.4375,0.0,0.0,0.0,3.578590037968685,1.119089558878683,7.130527565775281,0.8123752925,0.6250627925,1.0309065425,1.2652230253095489,1.2652230253095489,1.2652230253095489,1.9999999999999998e-05,1.9999999999999998e-05,1.9999999999999998e-05,0.37464499999999995,0.37464499999999995,0.37464499999999995
streaming/transition3,joint,ambiguous,0.3125,0.125,0.4375,0.0,0.0,0.0,4.132165414770165,1.5353517448517575,7.130527565775281,0.8669222534375,0.6562815424999999,1.0854535034375,1.1085180099410779,0.7951079792041356,1.2652230253095489,1.9999999999999998e-05,1.9999999999999998e-05,1.9999999999999998e-05,0.45269187499999997,0.37464499999999995,0.6087856249999999
streaming/transition3,joint,intact,0.3125,0.125,0.4375,0.0,0.0,0.0,3.5172902949976654,0.9351903299656241,7.007928079833241,0.7772112729687499,0.52746127296875,1.0309065425,1.1868705176253134,1.0301655022568421,1.2652230253095489,1.9999999999999998e-05,1.9999999999999998e-05,1.9999999999999998e-05,0.41366843749999993,0.37464499999999995,0.49171531249999995
streaming/transition3,joint,removal,0.3125,0.125,0.4375,0.0,0.0,0.0,3.578590037968685,1.119089558878683,7.130527565775281,0.8123752925,0.6250627925,1.0309065425,1.2652230253095489,1.2652230253095489,1.2652230253095489,1.9999999999999998e-05,1.9999999999999998e-05,1.9999999999999998e-05,0.37464499999999995,0.37464499999999995,0.37464499999999995
streaming/transition3,joint,reset,0.3125,0.125,0.4375,0.0,0.0,0.0,3.578590037968685,1.119089558878683,7.130527565775281,0.8123752925,0.6250627925,1.0309065425,1.2652230253095489,1.2652230253095489,1.2652230253095489,1.9999999999999998e-05,1.9999999999999998e-05,1.9999999999999998e-05,0.37464499999999995,0.37464499999999995,0.37464499999999995
streaming/transition3,joint,shuffle,0.3125,0.125,0.4375,0.0,0.0,0.0,3.5172902949976654,0.9351903299656241,7.007928079833241,0.7772112729687499,0.52746127296875,1.0309065425,1.1868705176253134,1.0301655022568421,1.2652230253095489,1.9999999999999998e-05,1.9999999999999998e-05,1.9999999999999998e-05,0.41366843749999993,0.37464499999999995,0.49171531249999995
streaming/transition3,joint,swap,0.3125,0.125,0.4375,0.0,0.0,0.0,3.5172902949976654,0.9351903299656241,7.007928079833241,0.7772112729687499,0.52746127296875,1.0309065425,1.1868705176253134,1.0301655022568421,1.2652230253095489,1.9999999999999998e-05,1.9999999999999998e-05,1.9999999999999998e-05,0.41366843749999993,0.37464499999999995,0.49171531249999995
streaming/transition3,legato,intact,0.3125,0.125,0.4375,0.0,0.0,0.0,3.578590037968685,1.119089558878683,7.130527565775281,0.8123752925,0.6250627925,1.0309065425,1.2652230253095489,1.2652230253095489,1.2652230253095489,1.9999999999999998e-05,1.9999999999999998e-05,1.9999999999999998e-05,0.37464499999999995,0.37464499999999995,0.37464499999999995
