model,group,cell,condition,variant,accuracy,log_loss,brier,entropy,unknown_mass,confidence
map/absolute,cea-08,detached,intact,0,1.0,0.0009804805139616427,9.800000000392828e-07,0.011582902361780037,1.9999999999999998e-05,0.9990199999999998
map/present,cea-08,detached,intact,0,1.0,0.9817763680502767,0.5626252924999999,1.2652230253095489,1.9999999999999998e-05,0.37464499999999995
map/recency,cea-08,detached,intact,0,0.0,6.907755278982137,1.90245,0.38625940550147086,0.001,0.951
map/reference,cea-08,detached,intact,0,1.0,0.0009804805139616427,9.800000000392828e-07,0.011582902361780037,1.9999999999999998e-05,0.9990199999999998
map/transition1,cea-08,detached,intact,0,0.0,0.7595959008109068,0.5653348699563996,0.7018197245178338,1.9999999999999998e-05,0.5311845511769613
map/transition2,cea-08,detached,intact,0,1.0,0.0009804805139616427,9.800000000392828e-07,0.011582902361780037,1.9999999999999998e-05,0.9990199999999998
map/transition3,cea-08,detached,intact,0,1.0,0.0009804805139616427,9.800000000392828e-07,0.011582902361780037,1.9999999999999998e-05,0.9990199999999998
mixture/absolute,cea-08,detached,intact,0,1.0,0.1868088419869394,0.05779971486254376,0.46467450201835603,0.16960049417294196,0.8296023063574745
mixture/present,cea-08,detached,intact,0,1.0,1.1676047295232543,0.6216357915171646,1.5057174614583444,0.16960049417294196,0.3111112450854798
mixture/recency,cea-08,detached,intact,0,0.0,7.0935836404551145,1.6510800224756768,0.7707322561740624,0.1704143019648083,0.7897257245560233
mixture/reference,cea-08,detached,intact,0,1.0,0.1868088419869394,0.05779971486254376,0.46467450201835603,0.16960049417294196,0.8296023063574745
mixture/transition1,cea-08,detached,intact,0,0.0,0.9454242622838844,0.5972515329227259,1.037858281715976,0.16960049417294196,0.44110421088453394
mixture/transition2,cea-08,detached,intact,0,1.0,0.1868088419869394,0.05779971486254376,0.46467450201835603,0.16960049417294196,0.8296023063574745
mixture/transition3,cea-08,detached,intact,0,1.0,0.1868088419869394,0.05779971486254376,0.46467450201835603,0.16960049417294196,0.8296023063574745
repaired/absolute,cea-08,detached,intact,0,1.0,0.0009804805139616427,9.800000000392828e-07,0.011582902361780037,1.9999999999999998e-05,0.9990199999999998
repaired/present,cea-08,detached,intact,0,1.0,0.9817763680502767,0.5626252924999999,1.2652230253095489,1.9999999999999998e-05,0.37464499999999995
repaired/recency,cea-08,detached,intact,0,0.0,6.907755278982137,1.90245,0.38625940550147086,0.001,0.951
repaired/reference,cea-08,detached,intact,0,1.0,0.0009804805139616427,9.800000000392828e-07,0.011582902361780037,1.9999999999999998e-05,0.9990199999999998
repaired/transition1,cea-08,detached,intact,0,0.0,0.7592836755770812,0.5650242098313849,0.7018382289136992,2e-05,0.5310384520933326
repaired/transition2,cea-08,detached,intact,0,1.0,0.0009804805139616427,9.800000000392828e-07,0.011582902361780037,1.9999999999999998e-05,0.9990199999999998
repaired/transition3,cea-08,detached,intact,0,1.0,0.0009804805139616427,9.800000000392828e-07,0.011582902361780037,1.9999999999999998e-05,0.9990199999999998
streaming/absolute,cea-08,detached,intact,0,1.0,0.9817763680502767,0.5626252924999999,1.2652230253095489,1.9999999999999998e-05,0.37464499999999995
streaming/present,cea-08,detached,intact,0,1.0,0.9817763680502767,0.5626252924999999,1.2652230253095489,1.9999999999999998e-05,0.37464499999999995
streaming/recency,cea-08,detached,intact,0,0.0,6.907755278982137,1.90245,0.38625940550147086,0.001,0.951
streaming/reference,cea-08,detached,intact,0,1.0,0.9817763680502767,0.5626252924999999,1.2652230253095489,1.9999999999999998e-05,0.37464499999999995
streaming/transition1,cea-08,detached,intact,0,0.0,10.819778284410283,1.99800098,0.011582902361779817,2e-05,0.99902
streaming/transition2,cea-08,detached,intact,0,1.0,0.9817763680502767,0.5626252924999999,1.2652230253095489,1.9999999999999998e-05,0.37464499999999995
streaming/transition3,cea-08,detached,intact,0,1.0,0.9817763680502767,0.5626252924999999,1.2652230253095489,1.9999999999999998e-05,0.37464499999999995
fixed/absolute,cea-08,detached,intact,0,1.0,0.9817763680502767,0.5626252924999999,1.2652230253095489,1.9999999999999998e-05,0.37464499999999995
fixed/present,cea-08,detached,intact,0,1.0,0.9817763680502767,0.5626252924999999,1.2652230253095489,1.9999999999999998e-05,0.37464499999999995
fixed/recency,cea-08,detached,intact,0,1.0,1.0293194621721604,0.5694812499999999,1.5615080942797084,0.001,0.35724999999999996
fixed/reference,cea-08,detached,intact,0,1.0,0.9817763680502767,0.5626252924999999,1.2652230253095489,1.9999999999999998e-05,0.37464499999999995
fixed/transition1,cea-08,detached,intact,0,1.0,0.9817763680502767,0.5626252924999999,1.2652230253095489,1.9999999999999998e-05,0.37464499999999995
fixed/transition2,cea-08,detached,intact,0,1.0,0.9817763680502767,0.5626252924999999,1.2652230253095489,1.9999999999999998e-05,0.37464499999999995
fixed/transition3,cea-08,detached,intact,0,1.0,0.9817763680502767,0.5626252924999999,1.2652230253095489,1.9999999999999998e-05,0.37464499999999995
oracle-boundary/absolute,cea-08,detached,intact,0,1.0,0.0009804805139616427,9.800000000392828e-07,0.011582902361780037,1.9999999999999998e-05,0.9990199999999998
oracle-boundary/present,cea-08,detached,intact,0,1.0,0.9817763680502767,0.5626252924999999,1.2652230253095489,1.9999999999999998e-05,0.37464499999999995
oracle-boundary/recency,cea-08,detached,intact,0,0.0,6.907755278982137,1.90245,0.38625940550147086,0.001,0.951
oracle-boundary/reference,cea-08,detached,intact,0,1.0,0.0009804805139616427,9.800000000392828e-07,0.011582902361780037,1.9999999999999998e-05,0.9990199999999998
oracle-boundary/transition1,cea-08,detached,intact,0,1.0,0.69410764165507,0.50000048,0.7038282854721148,1.9999999999999998e-05,0.4995199999999999
oracle-boundary/transition2,cea-08,detached,intact,0,1.0,0.0009804805139616427,9.800000000392828e-07,0.011582902361780037,1.9999999999999998e-05,0.9990199999999998
oracle-boundary/transition3,cea-08,detached,intact,0,1.0,0.0009804805139616427,9.800000000392828e-07,0.011582902361780037,1.9999999999999998e-05,0.9990199999999998
map/absolute,cea-08,detached,intact,1,1.0,0.0009804805139614205,9.800000000392828e-07,0.011582902361779817,2e-05,0.99902
map/present,cea-08,detached,intact,1,0.0,0.9817763680502767,0.5626252924999999,1.2652230253095489,1.9999999999999998e-05,0.37464499999999995
map/recency,cea-08,detached,intact,1,0.0,6.907755278982137,1.90245,0.38625940550147086,0.001,0.951
map/reference,cea-08,detached,intact,1,1.0,0.0009804805139614205,9.800000000392828e-07,0.011582902361779817,2e-05,0.99902
map/transition1,cea-08,detached,intact,1,0.0,0.7615872357252809,0.5673159468191578,0.7016998269154099,1.9999999999999998e-05,0.5321152810620638
map/transition2,cea-08,detached,intact,1,1.0,0.0009804805139614205,9.800000000392828e-07,0.011582902361779817,2e-05,0.99902
map/transition3,cea-08,detached,intact,1,1.0,0.0009804805139614205,9.800000000392828e-07,0.011582902361779817,2e-05,0.99902
mixture/absolute,cea-08,detached,intact,1,1.0,0.08995329787443278,0.01465066862963349,0.30154619104605423,0.08514785557894286,0.9139738687969005
mixture/present,cea-08,detached,intact,1,0.0,1.070749185410748,0.582816217165707,1.4484644842229621,0.08514785557894286,0.3427516366793605
mixture/recency,cea-08,detached,intact,1,0.0,6.996728096342609,1.762586794891928,0.6394324619163587,0.08604442861193615,0.8700417901802289
mixture/reference,cea-08,detached,intact,1,1.0,0.08995329787443278,0.01465066862963349,0.30154619104605423,0.08514785557894286,0.9139738687969005
mixture/transition1,cea-08,detached,intact,1,0.0,0.8505600530857522,0.5723682847279219,0.9329137667267212,0.08514785557894286,0.48681654228968846
mixture/transition2,cea-08,detached,intact,1,1.0,0.08995329787443278,0.01465066862963349,0.30154619104605423,0.08514785557894286,0.9139738687969005
mixture/transition3,cea-08,detached,intact,1,1.0,0.08995329787443278,0.01465066862963349,0.30154619104605423,0.08514785557894286,0.9139738687969005
repaired/absolute,cea-08,detached,intact,1,1.0,0.0009804805139614205,9.800000000392828e-07,0.011582902361779817,2e-05,0.99902
repaired/present,cea-08,detached,intact,1,0.0,0.9817763680502767,0.5626252924999999,1.2652230253095489,1.9999999999999998e-05,0.37464499999999995
repaired/recency,cea-08,detached,intact,1,0.0,6.907755278982137,1.90245,0.38625940550147086,0.001,0.951
repaired/reference,cea-08,detached,intact,1,1.0,0.0009804805139614205,9.800000000392828e-07,0.011582902361779817,2e-05,0.99902
repaired/transition1,cea-08,detached,intact,1,1.0,0.626069960770511,0.432136148654632,0.7013501379116045,2e-05,0.5346890260671994
repaired/transition2,cea-08,detached,intact,1,1.0,0.0009804805139614205,9.800000000392828e-07,0.011582902361779817,2e-05,0.99902
repaired/transition3,cea-08,detached,intact,1,1.0,0.0009804805139614205,9.800000000392828e-07,0.011582902361779817,2e-05,0.99902
streaming/absolute,cea-08,detached,intact,1,1.0,0.0009804805139614205,9.800000000392828e-07,0.011582902361779817,2e-05,0.99902
streaming/present,cea-08,detached,intact,1,0.0,0.9817763680502767,0.5626252924999999,1.2652230253095489,1.9999999999999998e-05,0.37464499999999995
streaming/recency,cea-08,detached,intact,1,0.0,6.907755278982137,1.90245,0.38625940550147086,0.001,0.951
streaming/reference,cea-08,detached,intact,1,1.0,0.0009804805139614205,9.800000000392828e-07,0.011582902361779817,2e-05,0.99902
streaming/transition1,cea-08,detached,intact,1,1.0,0.0009804805139614205,9.800000000392828e-07,0.011582902361779817,2e-05,0.99902
streaming/transition2,cea-08,detached,intact,1,1.0,0.0009804805139614205,9.800000000392828e-07,0.011582902361779817,2e-05,0.99902
streaming/transition3,cea-08,detached,intact,1,1.0,0.0009804805139614205,9.800000000392828e-07,0.011582902361779817,2e-05,0.99902
fixed/absolute,cea-08,detached,intact,1,0.0,0.9817763680502767,0.5626252924999999,1.2652230253095489,1.9999999999999998e-05,0.37464499999999995
fixed/present,cea-08,detached,intact,1,0.0,0.9817763680502767,0.5626252924999999,1.2652230253095489,1.9999999999999998e-05,0.37464499999999995
fixed/recency,cea-08,detached,intact,1,0.0,1.0293194621721604,0.5694812499999999,1.5615080942797084,0.001,0.35724999999999996
fixed/reference,cea-08,detached,intact,1,0.0,0.9817763680502767,0.5626252924999999,1.2652230253095489,1.9999999999999998e-05,0.37464499999999995
fixed/transition1,cea-08,detached,intact,1,0.0,0.9817763680502767,0.5626252924999999,1.2652230253095489,1.9999999999999998e-05,0.37464499999999995
fixed/transition2,cea-08,detached,intact,1,0.0,0.9817763680502767,0.5626252924999999,1.2652230253095489,1.9999999999999998e-05,0.37464499999999995
fixed/transition3,cea-08,detached,intact,1,0.0,0.9817763680502767,0.5626252924999999,1.2652230253095489,1.9999999999999998e-05,0.37464499999999995
oracle-boundary/absolute,cea-08,detached,intact,1,1.0,0.0009804805139614205,9.800000000392828e-07,0.011582902361779817,2e-05,0.99902
oracle-boundary/present,cea-08,detached,intact,1,0.0,0.9817763680502767,0.5626252924999999,1.2652230253095489,1.9999999999999998e-05,0.37464499999999995
oracle-boundary/recency,cea-08,detached,intact,1,0.0,6.907755278982137,1.90245,0.38625940550147086,0.001,0.951
oracle-boundary/reference,cea-08,detached,intact,1,1.0,0.0009804805139614205,9.800000000392828e-07,0.011582902361779817,2e-05,0.99902
oracle-boundary/transition1,cea-08,detached,intact,1,0.0,0.69410764165507,0.50000048,0.7038282854721148,1.9999999999999998e-05,0.4995199999999999
oracle-boundary/transition2,cea-08,detached,intact,1,1.0,0.0009804805139614205,9.800000000392828e-07,0.011582902361779817,2e-05,0.99902
oracle-boundary/transition3,cea-08,detached,intact,1,1.0,0.0009804805139614205,9.800000000392828e-07,0.011582902361779817,2e-05,0.99902
map/absolute,cea-08,legato,intact,0,1.0,0.0009804805139616427,9.800000000392828e-07,0.011582902361780037,1.9999999999999998e-05,0.9990199999999998
map/present,cea-08,legato,intact,0,1.0,0.9817763680502767,0.5626252924999999,1.2652230253095489,1.9999999999999998e-05,0.37464499999999995
map/recency,cea-08,legato,intact,0,0.0,6.907755278982137,1.90245,0.38625940550147086,0.001,0.951
map/reference,cea-08,legato,intact,0,1.0,0.0009804805139616427,9.800000000392828e-07,0.011582902361780037,1.9999999999999998e-05,0.9990199999999998
map/transition1,cea-08,legato,intact,0,0.0,0.9340484689696957,0.7358315153990229,0.6809205938026007,1.9999999999999998e-05,0.6060803990531457
map/transition2,cea-08,legato,intact,0,1.0,0.0009804805139616427,9.800000000392828e-07,0.011582902361780037,1.9999999999999998e-05,0.9990199999999998
map/transition3,cea-08,legato,intact,0,1.0,0.0009804805139616427,9.800000000392828e-07,0.011582902361780037,1.9999999999999998e-05,0.9990199999999998
mixture/absolute,cea-08,legato,intact,0,1.0,0.4310114686463603,0.20922701515339792,0.8660269861722966,0.29182032978365835,0.6498514578154555
mixture/present,cea-08,legato,intact,0,0.0,1.3268138138412218,0.710954076727796,1.4996292716713804,0.29182032978365835,0.29182032978365835
mixture/recency,cea-08,legato,intact,0,0.0,7.252792724773082,1.537764263785255,0.8723343341913796,0.29251435974106954,0.6734923362224655
mixture/reference,cea-08,legato,intact,0,1.0,0.4279209704774605,0.207722113868118,0.8592058825748159,0.29182032978365835,0.6518629291791809
mixture/transition1,cea-08,legato,intact,0,0.0,1.2790859147606406,0.7902540473911874,1.0858298924325986,0.29182032978365835,0.429222401574077
mixture/transition2,cea-08,legato,intact,0,1.0,0.34601792630490663,0.1707154790852876,0.6118090664281505,0.29182032978365835,0.7074998041356123
mixture/transition3,cea-08,legato,intact,0,1.0,0.4310114686463603,0.20922701515339792,0.8660269861722966,0.29182032978365835,0.6498514578154555
repaired/absolute,cea-08,legato,intact,0,1.0,0.0009804805139616427,9.800000000392828e-07,0.011582902361780037,1.9999999999999998e-05,0.9990199999999998
repaired/present,cea-08,legato,intact,0,1.0,0.9817763680502767,0.5626252924999999,1.2652230253095489,1.9999999999999998e-05,0.37464499999999995
repaired/recency,cea-08,legato,intact,0,0.0,6.907755278982137,1.90245,0.38625940550147086,0.001,0.951
repaired/reference,cea-08,legato,intact,0,1.0,0.0009804805139616427,9.800000000392828e-07,0.011582902361780037,1.9999999999999998e-05,0.9990199999999998
repaired/transition1,cea-08,legato,intact,0,1.0,0.6922710501325455,0.4981656520506894,0.7038265974582079,1.9999999999999998e-05,0.5004382571708871
repaired/transition2,cea-08,legato,intact,0,1.0,0.0009804805139616427,9.800000000392828e-07,0.011582902361780037,1.9999999999999998e-05,0.9990199999999998
repaired/transition3,cea-08,legato,intact,0,1.0,0.0009804805139616427,9.800000000392828e-07,0.011582902361780037,1.9999999999999998e-05,0.9990199999999998
streaming/absolute,cea-08,legato,intact,0,1.0,0.9817763680502767,0.5626252924999999,1.2652230253095489,1.9999999999999998e-05,0.37464499999999995
streaming/present,cea-08,legato,intact,0,1.0,0.9817763680502767,0.5626252924999999,1.2652230253095489,1.9999999999999998e-05,0.37464499999999995
streaming/recency,cea-08,legato,intact,0,0.0,6.907755278982137,1.90245,0.38625940550147086,0.001,0.951
streaming/reference,cea-08,legato,intact,0,1.0,0.9817763680502767,0.5626252924999999,1.2652230253095489,1.9999999999999998e-05,0.37464499999999995
streaming/transition1,cea-08,legato,intact,0,1.0,0.9817763680502767,0.5626252924999999,1.2652230253095489,1.9999999999999998e-05,0.37464499999999995
streaming/transition2,cea-08,legato,intact,0,1.0,0.9817763680502767,0.5626252924999999,1.2652230253095489,1.9999999999999998e-05,0.37464499999999995
streaming/transition3,cea-08,legato,intact,0,1.0,0.9817763680502767,0.5626252924999999,1.2652230253095489,1.9999999999999998e-05,0.37464499999999995
fixed/absolute,cea-08,legato,intact,0,1.0,0.9817763680502767,0.5626252924999999,1.2652230253095489,1.9999999999999998e-05,0.37464499999999995
fixed/present,cea-08,legato,intact,0,1.0,0.9817763680502767,0.5626252924999999,1.2652230253095489,1.9999999999999998e-05,0.37464499999999995
fixed/recency,cea-08,legato,intact,0,1.0,1.0293194621721604,0.5694812499999999,1.5615080942797084,0.001,0.35724999999999996
fixed/reference,cea-08,legato,intact,0,1.0,0.9817763680502767,0.5626252924999999,1.2652230253095489,1.9999999999999998e-05,0.37464499999999995
fixed/transition1,cea-08,legato,intact,0,1.0,0.9817763680502767,0.5626252924999999,1.2652230253095489,1.9999999999999998e-05,0.37464499999999995
fixed/transition2,cea-08,legato,intact,0,1.0,0.9817763680502767,0.5626252924999999,1.2652230253095489,1.9999999999999998e-05,0.37464499999999995
fixed/transition3,cea-08,legato,intact,0,1.0,0.9817763680502767,0.5626252924999999,1.2652230253095489,1.9999999999999998e-05,0.37464499999999995
oracle-boundary/absolute,cea-08,legato,intact,0,1.0,0.0009804805139616427,9.800000000392828e-07,0.011582902361780037,1.9999999999999998e-05,0.9990199999999998
oracle-boundary/present,cea-08,legato,intact,0,1.0,0.9817763680502767,0.5626252924999999,1.2652230253095489,1.9999999999999998e-05,0.37464499999999995
oracle-boundary/recency,cea-08,legato,intact,0,0.0,6.907755278982137,1.90245,0.38625940550147086,0.001,0.951
oracle-boundary/reference,cea-08,legato,intact,0,1.0,0.0009804805139616427,9.800000000392828e-07,0.011582902361780037,1.9999999999999998e-05,0.9990199999999998
oracle-boundary/transition1,cea-08,legato,intact,0,1.0,0.69410764165507,0.50000048,0.7038282854721148,1.9999999999999998e-05,0.4995199999999999
oracle-boundary/transition2,cea-08,legato,intact,0,1.0,0.0009804805139616427,9.800000000392828e-07,0.011582902361780037,1.9999999999999998e-05,0.9990199999999998
oracle-boundary/transition3,cea-08,legato,intact,0,1.0,0.0009804805139616427,9.800000000392828e-07,0.011582902361780037,1.9999999999999998e-05,0.9990199999999998
map/absolute,cea-08,legato,intact,1,1.0,0.0009804805139614205,9.800000000392828e-07,0.011582902361779817,2e-05,0.99902
map/present,cea-08,legato,intact,1,0.0,0.9817763680502767,0.5626252924999999,1.2652230253095489,1.9999999999999998e-05,0.37464499999999995
map/recency,cea-08,legato,intact,1,0.0,6.907755278982137,1.90245,0.38625940550147086,0.001,0.951
map/reference,cea-08,legato,intact,1,1.0,0.0009804805139614205,9.800000000392828e-07,0.011582902361779817,2e-05,0.99902
map/transition1,cea-08,legato,intact,1,0.0,0.6956866312861825,0.5015779512979226,0.7038270420288867,1.9999999999999998e-05,0.5003081145244576
map/transition2,cea-08,legato,intact,1,1.0,0.0009804805139614205,9.800000000392828e-07,0.011582902361779817,2e-05,0.99902
map/transition3,cea-08,legato,intact,1,1.0,0.0009804805139614205,9.800000000392828e-07,0.011582902361779817,2e-05,0.99902
mixture/absolute,cea-08,legato,intact,1,1.0,0.43101146864636014,0.20922701515339792,0.8660269861722965,0.29182032978365835,0.6498514578154556
mixture/present,cea-08,legato,intact,1,0.0,1.3268138138412218,0.710954076727796,1.4996292716713804,0.29182032978365835,0.29182032978365835
mixture/recency,cea-08,legato,intact,1,0.0,7.252792724773082,1.537764263785255,0.8723343341913796,0.29251435974106954,0.6734923362224655
mixture/reference,cea-08,legato,intact,1,1.0,0.42792097047746036,0.20772211386811779,0.8592058825748159,0.29182032978365835,0.651862929179181
mixture/transition1,cea-08,legato,intact,1,0.0,1.0407240770771276,0.6290500524871958,1.102052097827425,0.29182032978365835,0.3543151218529271
mixture/transition2,cea-08,legato,intact,1,1.0,0.34601792630490646,0.1707154790852876,0.6118090664281504,0.29182032978365835,0.7074998041356124
mixture/transition3,cea-08,legato,intact,1,1.0,0.43101146864636014,0.20922701515339792,0.8660269861722965,0.29182032978365835,0.6498514578154556
repaired/absolute,cea-08,legato,intact,1,1.0,0.0009804805139614205,9.800000000392828e-07,0.011582902361779817,2e-05,0.99902
repaired/present,cea-08,legato,intact,1,0.0,0.9817763680502767,0.5626252924999999,1.2652230253095489,1.9999999999999998e-05,0.37464499999999995
repaired/recency,cea-08,legato,intact,1,0.0,6.907755278982137,1.90245,0.38625940550147086,0.001,0.951
repaired/reference,cea-08,legato,intact,1,1.0,0.0009804805139614205,9.800000000392828e-07,0.011582902361779817,2e-05,0.99902
repaired/transition1,cea-08,legato,intact,1,1.0,0.6940439497474045,0.4999368492347065,0.7038282834456034,1.9999999999999998e-05,0.4995518163949297
repaired/transition2,cea-08,legato,intact,1,1.0,0.0009804805139614205,9.800000000392828e-07,0.011582902361779817,2e-05,0.99902
repaired/transition3,cea-08,legato,intact,1,1.0,0.0009804805139614205,9.800000000392828e-07,0.011582902361779817,2e-05,0.99902
streaming/absolute,cea-08,legato,intact,1,0.0,0.9817763680502767,0.5626252924999999,1.2652230253095489,1.9999999999999998e-05,0.37464499999999995
streaming/present,cea-08,legato,intact,1,0.0,0.9817763680502767,0.5626252924999999,1.2652230253095489,1.9999999999999998e-05,0.37464499999999995
streaming/recency,cea-08,legato,intact,1,0.0,6.907755278982137,1.90245,0.38625940550147086,0.001,0.951
streaming/reference,cea-08,legato,intact,1,0.0,0.9817763680502767,0.5626252924999999,1.2652230253095489,1.9999999999999998e-05,0.37464499999999995
streaming/transition1,cea-08,legato,intact,1,0.0,0.9817763680502767,0.5626252924999999,1.2652230253095489,1.9999999999999998e-05,0.37464499999999995
streaming/transition2,cea-08,legato,intact,1,0.0,0.9817763680502767,0.5626252924999999,1.2652230253095489,1.9999999999999998e-05,0.37464499999999995
streaming/transition3,cea-08,legato,intact,1,0.0,0.9817763680502767,0.5626252924999999,1.2652230253095489,1.9999999999999998e-05,0.37464499999999995
fixed/absolute,cea-08,legato,intact,1,0.0,0.9817763680502767,0.5626252924999999,1.2652230253095489,1.9999999999999998e-05,0.37464499999999995
fixed/present,cea-08,legato,intact,1,0.0,0.9817763680502767,0.5626252924999999,1.2652230253095489,1.9999999999999998e-05,0.37464499999999995
fixed/recency,cea-08,legato,intact,1,0.0,1.0293194621721604,0.5694812499999999,1.5615080942797084,0.001,0.35724999999999996
fixed/reference,cea-08,legato,intact,1,0.0,0.9817763680502767,0.5626252924999999,1.2652230253095489,1.9999999999999998e-05,0.37464499999999995
fixed/transition1,cea-08,legato,intact,1,0.0,0.9817763680502767,0.5626252924999999,1.2652230253095489,1.9999999999999998e-05,0.37464499999999995
fixed/transition2,cea-08,legato,intact,1,0.0,0.9817763680502767,0.5626252924999999,1.2652230253095489,1.9999999999999998e-05,0.37464499999999995
fixed/transition3,cea-08,legato,intact,1,0.0,0.9817763680502767,0.5626252924999999,1.2652230253095489,1.9999999999999998e-05,0.37464499999999995
oracle-boundary/absolute,cea-08,legato,intact,1,1.0,0.0009804805139614205,9.800000000392828e-07,0.011582902361779817,2e-05,0.99902
oracle-boundary/present,cea-08,legato,intact,1,0.0,0.9817763680502767,0.5626252924999999,1.2652230253095489,1.9999999999999998e-05,0.37464499999999995
oracle-boundary/recency,cea-08,legato,intact,1,0.0,6.907755278982137,1.90245,0.38625940550147086,0.001,0.951
oracle-boundary/reference,cea-08,legato,intact,1,1.0,0.0009804805139614205,9.800000000392828e-07,0.011582902361779817,2e-05,0.99902
oracle-boundary/transition1,cea-08,legato,intact,1,0.0,0.69410764165507,0.50000048,0.7038282854721148,1.9999999999999998e-05,0.4995199999999999
oracle-boundary/transition2,cea-08,legato,intact,1,1.0,0.0009804805139614205,9.800000000392828e-07,0.011582902361779817,2e-05,0.99902
oracle-boundary/transition3,cea-08,legato,intact,1,1.0,0.0009804805139614205,9.800000000392828e-07,0.011582902361779817,2e-05,0.99902
map/absolute,cea-08,duration,intact,0,1.0,0.0009804805139616427,9.800000000392828e-07,0.011582902361780037,1.9999999999999998e-05,0.9990199999999998
map/present,cea-08,duration,intact,0,1.0,0.9817763680502767,0.5626252924999999,1.2652230253095489,1.9999999999999998e-05,0.37464499999999995
map/recency,cea-08,duration,intact,0,0.0,6.907755278982137,1.90245,0.38625940550147086,0.001,0.951
map/reference,cea-08,duration,intact,0,1.0,0.0009804805139616427,9.800000000392828e-07,0.011582902361780037,1.9999999999999998e-05,0.9990199999999998
map/transition1,cea-08,duration,intact,0,1.0,0.6464107973257225,0.4523857373117284,0.7026356660953352,1.9999999999999998e-05,0.5239228714806362
map/transition2,cea-08,duration,intact,0,1.0,0.0009804805139616427,9.800000000392828e-07,0.011582902361780037,1.9999999999999998e-05,0.9990199999999998
map/transition3,cea-08,duration,intact,0,1.0,0.0009804805139616427,9.800000000392828e-07,0.011582902361780037,1.9999999999999998e-05,0.9990199999999998
mixture/absolute,cea-08,duration,intact,0,1.0,0.680545464292476,0.4869188052230513,0.6988047882911261,0.49317270983036254,0.5063407262397959
mixture/present,cea-08,duration,intact,0,0.0,1.661341351828791,0.9435772093121102,1.3341965224873589,0.49317270983036254,0.49317270983036254
mixture/recency,cea-08,duration,intact,0,0.0,7.5873202627606515,1.4750344493156655,0.8848300560639483,0.49366941050874236,0.49366941050874236
mixture/reference,cea-08,duration,intact,0,1.0,0.680545464292476,0.4869188052230513,0.6988047882911261,0.49317270983036254,0.5063407262397959
mixture/transition1,cea-08,duration,intact,0,0.0,1.3259757811042368,0.8406334337310293,1.0490561929265352,0.49317270983036254,0.49317270983036254
mixture/transition2,cea-08,duration,intact,0,1.0,0.680545464292476,0.4869188052230513,0.6988047882911261,0.49317270983036254,0.5063407262397959
mixture/transition3,cea-08,duration,intact,0,1.0,0.680545464292476,0.4869188052230513,0.6988047882911261,0.49317270983036254,0.5063407262397959
repaired/absolute,cea-08,duration,intact,0,1.0,0.0009804805139616427,9.800000000392828e-07,0.011582902361780037,1.9999999999999998e-05,0.9990199999999998
repaired/present,cea-08,duration,intact,0,1.0,0.9817763680502767,0.5626252924999999,1.2652230253095489,1.9999999999999998e-05,0.37464499999999995
repaired/recency,cea-08,duration,intact,0,0.0,6.907755278982137,1.90245,0.38625940550147086,0.001,0.951
repaired/reference,cea-08,duration,intact,0,1.0,0.0009804805139616427,9.800000000392828e-07,0.011582902361780037,1.9999999999999998e-05,0.9990199999999998
repaired/transition1,cea-08,duration,intact,0,1.0,0.5468856773240472,0.3540962435280959,0.6912083913421548,1.9999999999999998e-05,0.5787494190844041
repaired/transition2,cea-08,duration,intact,0,1.0,0.0009804805139616427,9.800000000392828e-07,0.011582902361780037,1.9999999999999998e-05,0.9990199999999998
repaired/transition3,cea-08,duration,intact,0,1.0,0.0009804805139616427,9.800000000392828e-07,0.011582902361780037,1.9999999999999998e-05,0.9990199999999998
streaming/absolute,cea-08,duration,intact,0,1.0,0.9817763680502767,0.5626252924999999,1.2652230253095489,1.9999999999999998e-05,0.37464499999999995
streaming/present,cea-08,duration,intact,0,1.0,0.9817763680502767,0.5626252924999999,1.2652230253095489,1.9999999999999998e-05,0.37464499999999995
streaming/recency,cea-08,duration,intact,0,1.0,1.0293194621721604,0.5694812499999999,1.5615080942797084,0.001,0.35724999999999996
streaming/reference,cea-08,duration,intact,0,1.0,0.9817763680502767,0.5626252924999999,1.2652230253095489,1.9999999999999998e-05,0.37464499999999995
streaming/transition1,cea-08,duration,intact,0,1.0,0.9817763680502767,0.5626252924999999,1.2652230253095489,1.9999999999999998e-05,0.37464499999999995
streaming/transition2,cea-08,duration,intact,0,1.0,0.9817763680502767,0.5626252924999999,1.2652230253095489,1.9999999999999998e-05,0.37464499999999995
streaming/transition3,cea-08,duration,intact,0,1.0,0.9817763680502767,0.5626252924999999,1.2652230253095489,1.9999999999999998e-05,0.37464499999999995
fixed/absolute,cea-08,duration,intact,0,1.0,0.9817763680502767,0.5626252924999999,1.2652230253095489,1.9999999999999998e-05,0.37464499999999995
fixed/present,cea-08,duration,intact,0,1.0,0.9817763680502767,0.5626252924999999,1.2652230253095489,1.9999999999999998e-05,0.37464499999999995
fixed/recency,cea-08,duration,intact,0,0.0,6.907755278982137,1.90245,0.38625940550147086,0.001,0.951
fixed/reference,cea-08,duration,intact,0,1.0,0.9817763680502767,0.5626252924999999,1.2652230253095489,1.9999999999999998e-05,0.37464499999999995
fixed/transition1,cea-08,duration,intact,0,1.0,0.9817763680502767,0.5626252924999999,1.2652230253095489,1.9999999999999998e-05,0.37464499999999995
fixed/transition2,cea-08,duration,intact,0,1.0,0.9817763680502767,0.5626252924999999,1.2652230253095489,1.9999999999999998e-05,0.37464499999999995
fixed/transition3,cea-08,duration,intact,0,1.0,0.9817763680502767,0.5626252924999999,1.2652230253095489,1.9999999999999998e-05,0.37464499999999995
oracle-boundary/absolute,cea-08,duration,intact,0,1.0,0.0009804805139616427,9.800000000392828e-07,0.011582902361780037,1.9999999999999998e-05,0.9990199999999998
oracle-boundary/present,cea-08,duration,intact,0,1.0,0.9817763680502767,0.5626252924999999,1.2652230253095489,1.9999999999999998e-05,0.37464499999999995
oracle-boundary/recency,cea-08,duration,intact,0,0.0,6.907755278982137,1.90245,0.38625940550147086,0.001,0.951
oracle-boundary/reference,cea-08,duration,intact,0,1.0,0.0009804805139616427,9.800000000392828e-07,0.011582902361780037,1.9999999999999998e-05,0.9990199999999998
oracle-boundary/transition1,cea-08,duration,intact,0,1.0,0.69410764165507,0.50000048,0.7038282854721148,1.9999999999999998e-05,0.4995199999999999
oracle-boundary/transition2,cea-08,duration,intact,0,1.0,0.0009804805139616427,9.800000000392828e-07,0.011582902361780037,1.9999999999999998e-05,0.9990199999999998
oracle-boundary/transition3,cea-08,duration,intact,0,1.0,0.0009804805139616427,9.800000000392828e-07,0.011582902361780037,1.9999999999999998e-05,0.9990199999999998
map/absolute,cea-08,duration,intact,1,1.0,0.0009804805139614205,9.800000000392828e-07,0.011582902361779817,2e-05,0.99902
map/present,cea-08,duration,intact,1,0.0,0.9817763680502767,0.5626252924999999,1.2652230253095489,1.9999999999999998e-05,0.37464499999999995
map/recency,cea-08,duration,intact,1,0.0,6.907755278982137,1.90245,0.38625940550147086,0.001,0.951
map/reference,cea-08,duration,intact,1,1.0,0.0009804805139614205,9.800000000392828e-07,0.011582902361779817,2e-05,0.99902
map/transition1,cea-08,duration,intact,1,1.0,0.6561503422262268,0.46209764119689134,0.7030804799546416,2e-05,0.5188448700021545
map/transition2,cea-08,duration,intact,1,1.0,0.0009804805139614205,9.800000000392828e-07,0.011582902361779817,2e-05,0.99902
map/transition3,cea-08,duration,intact,1,1.0,0.0009804805139614205,9.800000000392828e-07,0.011582902361779817,2e-05,0.99902
mixture/absolute,cea-08,duration,intact,1,1.0,0.6273176470742922,0.4036618659644049,0.8513963866667547,0.4312923181591709,0.5340223179004073
mixture/present,cea-08,duration,intact,1,0.0,1.5461450848900677,0.860763869879686,1.4030977511368046,0.4312923181591709,0.4312923181591709
mixture/recency,cea-08,duration,intact,1,0.0,7.472123995821928,1.4778929122291027,0.8990053442049275,0.43184966283426846,0.5408518224670779
mixture/reference,cea-08,duration,intact,1,1.0,0.6273176470742922,0.4036618659644049,0.8513963866667547,0.4312923181591709,0.5340223179004073
mixture/transition1,cea-08,duration,intact,1,0.0,1.3215978138973254,0.8146097481847276,1.0827581949773453,0.4312923181591709,0.4312923181591709
mixture/transition2,cea-08,duration,intact,1,1.0,0.6273176470742922,0.4036618659644049,0.8513963866667547,0.4312923181591709,0.5340223179004073
mixture/transition3,cea-08,duration,intact,1,1.0,0.6273176470742922,0.4036618659644049,0.8513963866667547,0.4312923181591709,0.5340223179004073
repaired/absolute,cea-08,duration,intact,1,1.0,0.0009804805139614205,9.800000000392828e-07,0.011582902361779817,2e-05,0.99902
repaired/present,cea-08,duration,intact,1,0.0,0.9817763680502767,0.5626252924999999,1.2652230253095489,1.9999999999999998e-05,0.37464499999999995
repaired/recency,cea-08,duration,intact,1,0.0,6.907755278982137,1.90245,0.38625940550147086,0.001,0.951
repaired/reference,cea-08,duration,intact,1,1.0,0.0009804805139614205,9.800000000392828e-07,0.011582902361779817,2e-05,0.99902
repaired/transition1,cea-08,duration,intact,1,1.0,0.5578472982280368,0.3647950796882766,0.6931452710566403,2e-05,0.572440031090033
repaired/transition2,cea-08,duration,intact,1,1.0,0.0009804805139614205,9.800000000392828e-07,0.011582902361779817,2e-05,0.99902
repaired/transition3,cea-08,duration,intact,1,1.0,0.0009804805139614205,9.800000000392828e-07,0.011582902361779817,2e-05,0.99902
streaming/absolute,cea-08,duration,intact,1,0.0,0.9817763680502767,0.5626252924999999,1.2652230253095489,1.9999999999999998e-05,0.37464499999999995
streaming/present,cea-08,duration,intact,1,0.0,0.9817763680502767,0.5626252924999999,1.2652230253095489,1.9999999999999998e-05,0.37464499999999995
streaming/recency,cea-08,duration,intact,1,0.0,1.0293194621721604,0.5694812499999999,1.5615080942797084,0.001,0.35724999999999996
streaming/reference,cea-08,duration,intact,1,0.0,0.9817763680502767,0.5626252924999999,1.2652230253095489,1.9999999999999998e-05,0.37464499999999995
streaming/transition1,cea-08,duration,intact,1,0.0,0.9817763680502767,0.5626252924999999,1.2652230253095489,1.9999999999999998e-05,0.37464499999999995
streaming/transition2,cea-08,duration,intact,1,0.0,0.9817763680502767,0.5626252924999999,1.2652230253095489,1.9999999999999998e-05,0.37464499999999995
streaming/transition3,cea-08,duration,intact,1,0.0,0.9817763680502767,0.5626252924999999,1.2652230253095489,1.9999999999999998e-05,0.37464499999999995
fixed/absolute,cea-08,duration,intact,1,0.0,0.9817763680502767,0.5626252924999999,1.2652230253095489,1.9999999999999998e-05,0.37464499999999995
fixed/present,cea-08,duration,intact,1,0.0,0.9817763680502767,0.5626252924999999,1.2652230253095489,1.9999999999999998e-05,0.37464499999999995
fixed/recency,cea-08,duration,intact,1,0.0,6.907755278982137,1.90245,0.38625940550147086,0.001,0.951
fixed/reference,cea-08,duration,intact,1,0.0,0.9817763680502767,0.5626252924999999,1.2652230253095489,1.9999999999999998e-05,0.37464499999999995
fixed/transition1,cea-08,duration,intact,1,0.0,0.9817763680502767,0.5626252924999999,1.2652230253095489,1.9999999999999998e-05,0.37464499999999995
fixed/transition2,cea-08,duration,intact,1,0.0,0.9817763680502767,0.5626252924999999,1.2652230253095489,1.9999999999999998e-05,0.37464499999999995
fixed/transition3,cea-08,duration,intact,1,0.0,0.9817763680502767,0.5626252924999999,1.2652230253095489,1.9999999999999998e-05,0.37464499999999995
oracle-boundary/absolute,cea-08,duration,intact,1,1.0,0.0009804805139614205,9.800000000392828e-07,0.011582902361779817,2e-05,0.99902
oracle-boundary/present,cea-08,duration,intact,1,0.0,0.9817763680502767,0.5626252924999999,1.2652230253095489,1.9999999999999998e-05,0.37464499999999995
oracle-boundary/recency,cea-08,duration,intact,1,0.0,6.907755278982137,1.90245,0.38625940550147086,0.001,0.951
oracle-boundary/reference,cea-08,duration,intact,1,1.0,0.0009804805139614205,9.800000000392828e-07,0.011582902361779817,2e-05,0.99902
oracle-boundary/transition1,cea-08,duration,intact,1,0.0,0.69410764165507,0.50000048,0.7038282854721148,1.9999999999999998e-05,0.4995199999999999
oracle-boundary/transition2,cea-08,duration,intact,1,1.0,0.0009804805139614205,9.800000000392828e-07,0.011582902361779817,2e-05,0.99902
oracle-boundary/transition3,cea-08,duration,intact,1,1.0,0.0009804805139614205,9.800000000392828e-07,0.011582902361779817,2e-05,0.99902
map/absolute,cea-08,joint,intact,0,1.0,0.0009804805139616427,9.800000000392828e-07,0.011582902361780037,1.9999999999999998e-05,0.9990199999999998
map/present,cea-08,joint,intact,0,1.0,0.9817763680502767,0.5626252924999999,1.2652230253095489,1.9999999999999998e-05,0.37464499999999995
map/recency,cea-08,joint,intact,0,0.0,6.907755278982137,1.90245,0.38625940550147086,0.001,0.951
map/reference,cea-08,joint,intact,0,1.0,0.0009804805139616427,9.800000000392828e-07,0.011582902361780037,1.9999999999999998e-05,0.9990199999999998
map/transition1,cea-08,joint,intact,0,1.0,0.647786711497486,0.453757212512353,0.7027050655062735,1.9999999999999998e-05,0.5232024942791031
map/transition2,cea-08,joint,intact,0,1.0,0.0009804805139616427,9.800000000392828e-07,0.011582902361780037,1.9999999999999998e-05,0.9990199999999998
map/transition3,cea-08,joint,intact,0,1.0,0.0009804805139616427,9.800000000392828e-07,0.011582902361780037,1.9999999999999998e-05,0.9990199999999998
mixture/absolute,cea-08,joint,intact,0,1.0,0.680545464292476,0.4869188052230513,0.6988047882911261,0.49317270983036254,0.5063407262397959
mixture/present,cea-08,joint,intact,0,0.0,1.661341351828791,0.9435772093121102,1.3341965224873589,0.49317270983036254,0.49317270983036254
mixture/recency,cea-08,joint,intact,0,0.0,7.5873202627606515,1.4750344493156655,0.8848300560639483,0.49366941050874236,0.49366941050874236
mixture/reference,cea-08,joint,intact,0,1.0,0.680545464292476,0.4869188052230513,0.6988047882911261,0.49317270983036254,0.5063407262397959
mixture/transition1,cea-08,joint,intact,0,0.0,1.3273516952760003,0.8413458652545753,1.049091367145405,0.49317270983036254,0.49317270983036254
mixture/transition2,cea-08,joint,intact,0,1.0,0.680545464292476,0.4869188052230513,0.6988047882911261,0.49317270983036254,0.5063407262397959
mixture/transition3,cea-08,joint,intact,0,1.0,0.680545464292476,0.4869188052230513,0.6988047882911261,0.49317270983036254,0.5063407262397959
repaired/absolute,cea-08,joint,intact,0,1.0,0.0009804805139616427,9.800000000392828e-07,0.011582902361780037,1.9999999999999998e-05,0.9990199999999998
repaired/present,cea-08,joint,intact,0,1.0,0.9817763680502767,0.5626252924999999,1.2652230253095489,1.9999999999999998e-05,0.37464499999999995
repaired/recency,cea-08,joint,intact,0,0.0,6.907755278982137,1.90245,0.38625940550147086,0.001,0.951
repaired/reference,cea-08,joint,intact,0,1.0,0.0009804805139616427,9.800000000392828e-07,0.011582902361780037,1.9999999999999998e-05,0.9990199999999998
repaired/transition1,cea-08,joint,intact,0,1.0,0.5501243533523668,0.3572528833438495,0.6917998910686002,1.9999999999999998e-05,0.5768780691981392
repaired/transition2,cea-08,joint,intact,0,1.0,0.0009804805139616427,9.800000000392828e-07,0.011582902361780037,1.9999999999999998e-05,0.9990199999999998
repaired/transition3,cea-08,joint,intact,0,1.0,0.0009804805139616427,9.800000000392828e-07,0.011582902361780037,1.9999999999999998e-05,0.9990199999999998
streaming/absolute,cea-08,joint,intact,0,1.0,0.9817763680502767,0.5626252924999999,1.2652230253095489,1.9999999999999998e-05,0.37464499999999995
streaming/present,cea-08,joint,intact,0,1.0,0.9817763680502767,0.5626252924999999,1.2652230253095489,1.9999999999999998e-05,0.37464499999999995
streaming/recency,cea-08,joint,intact,0,1.0,1.0293194621721604,0.5694812499999999,1.5615080942797084,0.001,0.35724999999999996
streaming/reference,cea-08,joint,intact,0,1.0,0.9817763680502767,0.5626252924999999,1.2652230253095489,1.9999999999999998e-05,0.37464499999999995
streaming/transition1,cea-08,joint,intact,0,1.0,0.9817763680502767,0.5626252924999999,1.2652230253095489,1.9999999999999998e-05,0.37464499999999995
streaming/transition2,cea-08,joint,intact,0,1.0,0.9817763680502767,0.5626252924999999,1.2652230253095489,1.9999999999999998e-05,0.37464499999999995
streaming/transition3,cea-08,joint,intact,0,1.0,0.9817763680502767,0.5626252924999999,1.2652230253095489,1.9999999999999998e-05,0.37464499999999995
fixed/absolute,cea-08,joint,intact,0,1.0,0.9817763680502767,0.5626252924999999,1.2652230253095489,1.9999999999999998e-05,0.37464499999999995
fixed/present,cea-08,joint,intact,0,1.0,0.9817763680502767,0.5626252924999999,1.2652230253095489,1.9999999999999998e-05,0.37464499999999995
fixed/recency,cea-08,joint,intact,0,0.0,6.907755278982137,1.90245,0.38625940550147086,0.001,0.951
fixed/reference,cea-08,joint,intact,0,1.0,0.9817763680502767,0.5626252924999999,1.2652230253095489,1.9999999999999998e-05,0.37464499999999995
fixed/transition1,cea-08,joint,intact,0,0.0,10.819778284410283,1.99800098,0.011582902361779817,2e-05,0.99902
fixed/transition2,cea-08,joint,intact,0,1.0,0.9817763680502767,0.5626252924999999,1.2652230253095489,1.9999999999999998e-05,0.37464499999999995
fixed/transition3,cea-08,joint,intact,0,1.0,0.9817763680502767,0.5626252924999999,1.2652230253095489,1.9999999999999998e-05,0.37464499999999995
oracle-boundary/absolute,cea-08,joint,intact,0,1.0,0.0009804805139616427,9.800000000392828e-07,0.011582902361780037,1.9999999999999998e-05,0.9990199999999998
oracle-boundary/present,cea-08,joint,intact,0,1.0,0.9817763680502767,0.5626252924999999,1.2652230253095489,1.9999999999999998e-05,0.37464499999999995
oracle-boundary/recency,cea-08,joint,intact,0,0.0,6.907755278982137,1.90245,0.38625940550147086,0.001,0.951
oracle-boundary/reference,cea-08,joint,intact,0,1.0,0.0009804805139616427,9.800000000392828e-07,0.011582902361780037,1.9999999999999998e-05,0.9990199999999998
oracle-boundary/transition1,cea-08,joint,intact,0,1.0,0.69410764165507,0.50000048,0.7038282854721148,1.9999999999999998e-05,0.4995199999999999
oracle-boundary/transition2,cea-08,joint,intact,0,1.0,0.0009804805139616427,9.800000000392828e-07,0.011582902361780037,1.9999999999999998e-05,0.9990199999999998
oracle-boundary/transition3,cea-08,joint,intact,0,1.0,0.0009804805139616427,9.800000000392828e-07,0.011582902361780037,1.9999999999999998e-05,0.9990199999999998
map/absolute,cea-08,joint,intact,1,1.0,0.0009804805139614205,9.800000000392828e-07,0.011582902361779817,2e-05,0.99902
map/present,cea-08,joint,intact,1,0.0,0.9817763680502767,0.5626252924999999,1.2652230253095489,1.9999999999999998e-05,0.37464499999999995
map/recency,cea-08,joint,intact,1,0.0,6.907755278982137,1.90245,0.38625940550147086,0.001,0.951
map/reference,cea-08,joint,intact,1,1.0,0.0009804805139614205,9.800000000392828e-07,0.011582902361779817,2e-05,0.99902
map/transition1,cea-08,joint,intact,1,1.0,0.6575409519004656,0.4634849657813267,0.7031352527786523,1.9999999999999998e-05,0.5181238607439156
map/transition2,cea-08,joint,intact,1,1.0,0.0009804805139614205,9.800000000392828e-07,0.011582902361779817,2e-05,0.99902
map/transition3,cea-08,joint,intact,1,1.0,0.0009804805139614205,9.800000000392828e-07,0.011582902361779817,2e-05,0.99902
mixture/absolute,cea-08,joint,intact,1,1.0,0.6273176470742922,0.4036618659644049,0.8513963866667547,0.4312923181591709,0.5340223179004073
mixture/present,cea-08,joint,intact,1,0.0,1.5461450848900677,0.860763869879686,1.4030977511368046,0.4312923181591709,0.4312923181591709
mixture/recency,cea-08,joint,intact,1,0.0,7.472123995821928,1.4778929122291027,0.8990053442049275,0.43184966283426846,0.5408518224670779
mixture/reference,cea-08,joint,intact,1,1.0,0.6273176470742922,0.4036618659644049,0.8513963866667547,0.4312923181591709,0.5340223179004073
mixture/transition1,cea-08,joint,intact,1,0.0,1.3229884178658478,0.8153770427957903,1.082712309804319,0.4312923181591709,0.4312923181591709
mixture/transition2,cea-08,joint,intact,1,1.0,0.6273176470742922,0.4036618659644049,0.8513963866667547,0.4312923181591709,0.5340223179004073
mixture/transition3,cea-08,joint,intact,1,1.0,0.6273176470742922,0.4036618659644049,0.8513963866667547,0.4312923181591709,0.5340223179004073
repaired/absolute,cea-08,joint,intact,1,1.0,0.0009804805139614205,9.800000000392828e-07,0.011582902361779817,2e-05,0.99902
repaired/present,cea-08,joint,intact,1,0.0,0.9817763680502767,0.5626252924999999,1.2652230253095489,1.9999999999999998e-05,0.37464499999999995
repaired/recency,cea-08,joint,intact,1,0.0,6.907755278982137,1.90245,0.38625940550147086,0.001,0.951
repaired/reference,cea-08,joint,intact,1,1.0,0.0009804805139614205,9.800000000392828e-07,0.011582902361779817,2e-05,0.99902
repaired/transition1,cea-08,joint,intact,1,1.0,0.5611345143780364,0.368011464325245,0.6936904910945406,2e-05,0.5705613864221601
repaired/transition2,cea-08,joint,intact,1,1.0,0.0009804805139614205,9.800000000392828e-07,0.011582902361779817,2e-05,0.99902
repaired/transition3,cea-08,joint,intact,1,1.0,0.0009804805139614205,9.800000000392828e-07,0.011582902361779817,2e-05,0.99902
streaming/absolute,cea-08,joint,intact,1,0.0,0.9817763680502767,0.5626252924999999,1.2652230253095489,1.9999999999999998e-05,0.37464499999999995
streaming/present,cea-08,joint,intact,1,0.0,0.9817763680502767,0.5626252924999999,1.2652230253095489,1.9999999999999998e-05,0.37464499999999995
streaming/recency,cea-08,joint,intact,1,0.0,1.0293194621721604,0.5694812499999999,1.5615080942797084,0.001,0.35724999999999996
streaming/reference,cea-08,joint,intact,1,0.0,0.9817763680502767,0.5626252924999999,1.2652230253095489,1.9999999999999998e-05,0.37464499999999995
streaming/transition1,cea-08,joint,intact,1,0.0,0.9817763680502767,0.5626252924999999,1.2652230253095489,1.9999999999999998e-05,0.37464499999999995
streaming/transition2,cea-08,joint,intact,1,0.0,0.9817763680502767,0.5626252924999999,1.2652230253095489,1.9999999999999998e-05,0.37464499999999995
streaming/transition3,cea-08,joint,intact,1,0.0,0.9817763680502767,0.5626252924999999,1.2652230253095489,1.9999999999999998e-05,0.37464499999999995
fixed/absolute,cea-08,joint,intact,1,0.0,0.9817763680502767,0.5626252924999999,1.2652230253095489,1.9999999999999998e-05,0.37464499999999995
fixed/present,cea-08,joint,intact,1,0.0,0.9817763680502767,0.5626252924999999,1.2652230253095489,1.9999999999999998e-05,0.37464499999999995
fixed/recency,cea-08,joint,intact,1,0.0,6.907755278982137,1.90245,0.38625940550147086,0.001,0.951
fixed/reference,cea-08,joint,intact,1,0.0,0.9817763680502767,0.5626252924999999,1.2652230253095489,1.9999999999999998e-05,0.37464499999999995
fixed/transition1,cea-08,joint,intact,1,0.0,10.819778284410283,1.99800098,0.011582902361779817,2e-05,0.99902
fixed/transition2,cea-08,joint,intact,1,0.0,0.9817763680502767,0.5626252924999999,1.2652230253095489,1.9999999999999998e-05,0.37464499999999995
fixed/transition3,cea-08,joint,intact,1,0.0,0.9817763680502767,0.5626252924999999,1.2652230253095489,1.9999999999999998e-05,0.37464499999999995
oracle-boundary/absolute,cea-08,joint,intact,1,1.0,0.0009804805139614205,9.800000000392828e-07,0.011582902361779817,2e-05,0.99902
oracle-boundary/present,cea-08,joint,intact,1,0.0,0.9817763680502767,0.5626252924999999,1.2652230253095489,1.9999999999999998e-05,0.37464499999999995
oracle-boundary/recency,cea-08,joint,intact,1,0.0,6.907755278982137,1.90245,0.38625940550147086,0.001,0.951
oracle-boundary/reference,cea-08,joint,intact,1,1.0,0.0009804805139614205,9.800000000392828e-07,0.011582902361779817,2e-05,0.99902
oracle-boundary/transition1,cea-08,joint,intact,1,0.0,0.69410764165507,0.50000048,0.7038282854721148,1.9999999999999998e-05,0.4995199999999999
oracle-boundary/transition2,cea-08,joint,intact,1,1.0,0.0009804805139614205,9.800000000392828e-07,0.011582902361779817,2e-05,0.99902
oracle-boundary/transition3,cea-08,joint,intact,1,1.0,0.0009804805139614205,9.800000000392828e-07,0.011582902361779817,2e-05,0.99902
map/absolute,cea-08,joint,reset,0,1.0,0.9817763680502767,0.5626252924999999,1.2652230253095489,1.9999999999999998e-05,0.37464499999999995
map/present,cea-08,joint,reset,0,1.0,0.9817763680502767,0.5626252924999999,1.2652230253095489,1.9999999999999998e-05,0.37464499999999995
map/recency,cea-08,joint,reset,0,1.0,1.0293194621721604,0.5694812499999999,1.5615080942797084,0.001,0.35724999999999996
map/reference,cea-08,joint,reset,0,1.0,0.9817763680502767,0.5626252924999999,1.2652230253095489,1.9999999999999998e-05,0.37464499999999995
map/transition1,cea-08,joint,reset,0,1.0,0.9817763680502767,0.5626252924999999,1.2652230253095489,1.9999999999999998e-05,0.37464499999999995
map/transition2,cea-08,joint,reset,0,1.0,0.9817763680502767,0.5626252924999999,1.2652230253095489,1.9999999999999998e-05,0.37464499999999995
map/transition3,cea-08,joint,reset,0,1.0,0.9817763680502767,0.5626252924999999,1.2652230253095489,1.9999999999999998e-05,0.37464499999999995
mixture/absolute,cea-08,joint,reset,0,1.0,0.9817763680502767,0.5626252924999999,1.2652230253095489,1.9999999999999998e-05,0.37464499999999995
mixture/present,cea-08,joint,reset,0,1.0,0.9817763680502767,0.5626252924999999,1.2652230253095489,1.9999999999999998e-05,0.37464499999999995
mixture/recency,cea-08,joint,reset,0,1.0,1.0293194621721604,0.5694812499999999,1.5615080942797084,0.001,0.35724999999999996
mixture/reference,cea-08,joint,reset,0,1.0,0.9817763680502767,0.5626252924999999,1.2652230253095489,1.9999999999999998e-05,0.37464499999999995
mixture/transition1,cea-08,joint,reset,0,1.0,0.9817763680502767,0.5626252924999999,1.2652230253095489,1.9999999999999998e-05,0.37464499999999995
mixture/transition2,cea-08,joint,reset,0,1.0,0.9817763680502767,0.5626252924999999,1.2652230253095489,1.9999999999999998e-05,0.37464499999999995
mixture/transition3,cea-08,joint,reset,0,1.0,0.9817763680502767,0.5626252924999999,1.2652230253095489,1.9999999999999998e-05,0.37464499999999995
repaired/absolute,cea-08,joint,reset,0,1.0,0.9817763680502767,0.5626252924999999,1.2652230253095489,1.9999999999999998e-05,0.37464499999999995
repaired/present,cea-08,joint,reset,0,1.0,0.9817763680502767,0.5626252924999999,1.2652230253095489,1.9999999999999998e-05,0.37464499999999995
repaired/recency,cea-08,joint,reset,0,1.0,1.0293194621721604,0.5694812499999999,1.5615080942797084,0.001,0.35724999999999996
repaired/reference,cea-08,joint,reset,0,1.0,0.9817763680502767,0.5626252924999999,1.2652230253095489,1.9999999999999998e-05,0.37464499999999995
repaired/transition1,cea-08,joint,reset,0,1.0,0.9817763680502767,0.5626252924999999,1.2652230253095489,1.9999999999999998e-05,0.37464499999999995
repaired/transition2,cea-08,joint,reset,0,1.0,0.9817763680502767,0.5626252924999999,1.2652230253095489,1.9999999999999998e-05,0.37464499999999995
repaired/transition3,cea-08,joint,reset,0,1.0,0.9817763680502767,0.5626252924999999,1.2652230253095489,1.9999999999999998e-05,0.37464499999999995
streaming/absolute,cea-08,joint,reset,0,1.0,0.9817763680502767,0.5626252924999999,1.2652230253095489,1.9999999999999998e-05,0.37464499999999995
streaming/present,cea-08,joint,reset,0,1.0,0.9817763680502767,0.5626252924999999,1.2652230253095489,1.9999999999999998e-05,0.37464499999999995
streaming/recency,cea-08,joint,reset,0,1.0,1.0293194621721604,0.5694812499999999,1.5615080942797084,0.001,0.35724999999999996
streaming/reference,cea-08,joint,reset,0,1.0,0.9817763680502767,0.5626252924999999,1.2652230253095489,1.9999999999999998e-05,0.37464499999999995
streaming/transition1,cea-08,joint,reset,0,1.0,0.9817763680502767,0.5626252924999999,1.2652230253095489,1.9999999999999998e-05,0.37464499999999995
streaming/transition2,cea-08,joint,reset,0,1.0,0.9817763680502767,0.5626252924999999,1.2652230253095489,1.9999999999999998e-05,0.37464499999999995
streaming/transition3,cea-08,joint,reset,0,1.0,0.9817763680502767,0.5626252924999999,1.2652230253095489,1.9999999999999998e-05,0.37464499999999995
fixed/absolute,cea-08,joint,reset,0,1.0,0.9817763680502767,0.5626252924999999,1.2652230253095489,1.9999999999999998e-05,0.37464499999999995
fixed/present,cea-08,joint,reset,0,1.0,0.9817763680502767,0.5626252924999999,1.2652230253095489,1.9999999999999998e-05,0.37464499999999995
fixed/recency,cea-08,joint,reset,0,0.0,6.907755278982137,1.90245,0.38625940550147086,0.001,0.951
fixed/reference,cea-08,joint,reset,0,1.0,0.9817763680502767,0.5626252924999999,1.2652230253095489,1.9999999999999998e-05,0.37464499999999995
fixed/transition1,cea-08,joint,reset,0,0.0,10.819778284410283,1.99800098,0.011582902361779817,2e-05,0.99902
fixed/transition2,cea-08,joint,reset,0,1.0,0.9817763680502767,0.5626252924999999,1.2652230253095489,1.9999999999999998e-05,0.37464499999999995
fixed/transition3,cea-08,joint,reset,0,1.0,0.9817763680502767,0.5626252924999999,1.2652230253095489,1.9999999999999998e-05,0.37464499999999995
oracle-boundary/absolute,cea-08,joint,reset,0,1.0,0.9817763680502767,0.5626252924999999,1.2652230253095489,1.9999999999999998e-05,0.37464499999999995
oracle-boundary/present,cea-08,joint,reset,0,1.0,0.9817763680502767,0.5626252924999999,1.2652230253095489,1.9999999999999998e-05,0.37464499999999995
oracle-boundary/recency,cea-08,joint,reset,0,1.0,1.0293194621721604,0.5694812499999999,1.5615080942797084,0.001,0.35724999999999996
oracle-boundary/reference,cea-08,joint,reset,0,1.0,0.9817763680502767,0.5626252924999999,1.2652230253095489,1.9999999999999998e-05,0.37464499999999995
oracle-boundary/transition1,cea-08,joint,reset,0,1.0,0.9817763680502767,0.5626252924999999,1.2652230253095489,1.9999999999999998e-05,0.37464499999999995
oracle-boundary/transition2,cea-08,joint,reset,0,1.0,0.9817763680502767,0.5626252924999999,1.2652230253095489,1.9999999999999998e-05,0.37464499999999995
oracle-boundary/transition3,cea-08,joint,reset,0,1.0,0.9817763680502767,0.5626252924999999,1.2652230253095489,1.9999999999999998e-05,0.37464499999999995
map/absolute,cea-08,joint,reset,1,0.0,0.9817763680502767,0.5626252924999999,1.2652230253095489,1.9999999999999998e-05,0.37464499999999995
map/present,cea-08,joint,reset,1,0.0,0.9817763680502767,0.5626252924999999,1.2652230253095489,1.9999999999999998e-05,0.37464499999999995
map/recency,cea-08,joint,reset,1,0.0,1.0293194621721604,0.5694812499999999,1.5615080942797084,0.001,0.35724999999999996
map/reference,cea-08,joint,reset,1,0.0,0.9817763680502767,0.5626252924999999,1.2652230253095489,1.9999999999999998e-05,0.37464499999999995
map/transition1,cea-08,joint,reset,1,0.0,0.9817763680502767,0.5626252924999999,1.2652230253095489,1.9999999999999998e-05,0.37464499999999995
map/transition2,cea-08,joint,reset,1,0.0,0.9817763680502767,0.5626252924999999,1.2652230253095489,1.9999999999999998e-05,0.37464499999999995
map/transition3,cea-08,joint,reset,1,0.0,0.9817763680502767,0.5626252924999999,1.2652230253095489,1.9999999999999998e-05,0.37464499999999995
mixture/absolute,cea-08,joint,reset,1,0.0,0.9817763680502767,0.5626252924999999,1.2652230253095489,1.9999999999999998e-05,0.37464499999999995
mixture/present,cea-08,joint,reset,1,0.0,0.9817763680502767,0.5626252924999999,1.2652230253095489,1.9999999999999998e-05,0.37464499999999995
mixture/recency,cea-08,joint,reset,1,0.0,1.0293194621721604,0.5694812499999999,1.5615080942797084,0.001,0.35724999999999996
mixture/reference,cea-08,joint,reset,1,0.0,0.9817763680502767,0.5626252924999999,1.2652230253095489,1.9999999999999998e-05,0.37464499999999995
mixture/transition1,cea-08,joint,reset,1,0.0,0.9817763680502767,0.5626252924999999,1.2652230253095489,1.9999999999999998e-05,0.37464499999999995
mixture/transition2,cea-08,joint,reset,1,0.0,0.9817763680502767,0.5626252924999999,1.2652230253095489,1.9999999999999998e-05,0.37464499999999995
mixture/transition3,cea-08,joint,reset,1,0.0,0.9817763680502767,0.5626252924999999,1.2652230253095489,1.9999999999999998e-05,0.37464499999999995
repaired/absolute,cea-08,joint,reset,1,0.0,0.9817763680502767,0.5626252924999999,1.2652230253095489,1.9999999999999998e-05,0.37464499999999995
repaired/present,cea-08,joint,reset,1,0.0,0.9817763680502767,0.5626252924999999,1.2652230253095489,1.9999999999999998e-05,0.37464499999999995
repaired/recency,cea-08,joint,reset,1,0.0,1.0293194621721604,0.5694812499999999,1.5615080942797084,0.001,0.35724999999999996
repaired/reference,cea-08,joint,reset,1,0.0,0.9817763680502767,0.5626252924999999,1.2652230253095489,1.9999999999999998e-05,0.37464499999999995
repaired/transition1,cea-08,joint,reset,1,0.0,0.9817763680502767,0.5626252924999999,1.2652230253095489,1.9999999999999998e-05,0.37464499999999995
repaired/transition2,cea-08,joint,reset,1,0.0,0.9817763680502767,0.5626252924999999,1.2652230253095489,1.9999999999999998e-05,0.37464499999999995
repaired/transition3,cea-08,joint,reset,1,0.0,0.9817763680502767,0.5626252924999999,1.2652230253095489,1.9999999999999998e-05,0.37464499999999995
streaming/absolute,cea-08,joint,reset,1,0.0,0.9817763680502767,0.5626252924999999,1.2652230253095489,1.9999999999999998e-05,0.37464499999999995
streaming/present,cea-08,joint,reset,1,0.0,0.9817763680502767,0.5626252924999999,1.2652230253095489,1.9999999999999998e-05,0.37464499999999995
streaming/recency,cea-08,joint,reset,1,0.0,1.0293194621721604,0.5694812499999999,1.5615080942797084,0.001,0.35724999999999996
streaming/reference,cea-08,joint,reset,1,0.0,0.9817763680502767,0.5626252924999999,1.2652230253095489,1.9999999999999998e-05,0.37464499999999995
streaming/transition1,cea-08,joint,reset,1,0.0,0.9817763680502767,0.5626252924999999,1.2652230253095489,1.9999999999999998e-05,0.37464499999999995
streaming/transition2,cea-08,joint,reset,1,0.0,0.9817763680502767,0.5626252924999999,1.2652230253095489,1.9999999999999998e-05,0.37464499999999995
streaming/transition3,cea-08,joint,reset,1,0.0,0.9817763680502767,0.5626252924999999,1.2652230253095489,1.9999999999999998e-05,0.37464499999999995
fixed/absolute,cea-08,joint,reset,1,0.0,0.9817763680502767,0.5626252924999999,1.2652230253095489,1.9999999999999998e-05,0.37464499999999995
fixed/present,cea-08,joint,reset,1,0.0,0.9817763680502767,0.5626252924999999,1.2652230253095489,1.9999999999999998e-05,0.37464499999999995
fixed/recency,cea-08,joint,reset,1,0.0,6.907755278982137,1.90245,0.38625940550147086,0.001,0.951
fixed/reference,cea-08,joint,reset,1,0.0,0.9817763680502767,0.5626252924999999,1.2652230253095489,1.9999999999999998e-05,0.37464499999999995
fixed/transition1,cea-08,joint,reset,1,0.0,10.819778284410283,1.99800098,0.011582902361779817,2e-05,0.99902
fixed/transition2,cea-08,joint,reset,1,0.0,0.9817763680502767,0.5626252924999999,1.2652230253095489,1.9999999999999998e-05,0.37464499999999995
fixed/transition3,cea-08,joint,reset,1,0.0,0.9817763680502767,0.5626252924999999,1.2652230253095489,1.9999999999999998e-05,0.37464499999999995
oracle-boundary/absolute,cea-08,joint,reset,1,0.0,0.9817763680502767,0.5626252924999999,1.2652230253095489,1.9999999999999998e-05,0.37464499999999995
oracle-boundary/present,cea-08,joint,reset,1,0.0,0.9817763680502767,0.5626252924999999,1.2652230253095489,1.9999999999999998e-05,0.37464499999999995
oracle-boundary/recency,cea-08,joint,reset,1,0.0,1.0293194621721604,0.5694812499999999,1.5615080942797084,0.001,0.35724999999999996
oracle-boundary/reference,cea-08,joint,reset,1,0.0,0.9817763680502767,0.5626252924999999,1.2652230253095489,1.9999999999999998e-05,0.37464499999999995
oracle-boundary/transition1,cea-08,joint,reset,1,0.0,0.9817763680502767,0.5626252924999999,1.2652230253095489,1.9999999999999998e-05,0.37464499999999995
oracle-boundary/transition2,cea-08,joint,reset,1,0.0,0.9817763680502767,0.5626252924999999,1.2652230253095489,1.9999999999999998e-05,0.37464499999999995
oracle-boundary/transition3,cea-08,joint,reset,1,0.0,0.9817763680502767,0.5626252924999999,1.2652230253095489,1.9999999999999998e-05,0.37464499999999995
map/absolute,cea-08,joint,removal,0,1.0,0.9817763680502767,0.5626252924999999,1.2652230253095489,1.9999999999999998e-05,0.37464499999999995
map/present,cea-08,joint,removal,0,1.0,0.9817763680502767,0.5626252924999999,1.2652230253095489,1.9999999999999998e-05,0.37464499999999995
map/recency,cea-08,joint,removal,0,1.0,1.0293194621721604,0.5694812499999999,1.5615080942797084,0.001,0.35724999999999996
map/reference,cea-08,joint,removal,0,1.0,0.9817763680502767,0.5626252924999999,1.2652230253095489,1.9999999999999998e-05,0.37464499999999995
map/transition1,cea-08,joint,removal,0,1.0,0.9817763680502767,0.5626252924999999,1.2652230253095489,1.9999999999999998e-05,0.37464499999999995
map/transition2,cea-08,joint,removal,0,1.0,0.9817763680502767,0.5626252924999999,1.2652230253095489,1.9999999999999998e-05,0.37464499999999995
map/transition3,cea-08,joint,removal,0,1.0,0.9817763680502767,0.5626252924999999,1.2652230253095489,1.9999999999999998e-05,0.37464499999999995
mixture/absolute,cea-08,joint,removal,0,1.0,1.210979634104034,0.6433735609741591,1.5129270298108728,0.2048490166958684,0.29790529824594125
mixture/present,cea-08,joint,removal,0,1.0,1.210979634104034,0.6433735609741591,1.5129270298108728,0.2048490166958684,0.29790529824594125
mixture/recency,cea-08,joint,removal,0,1.0,1.2585227282259175,0.653694228637582,1.7434785127634778,0.20562828024477744,0.28407337025280605
mixture/reference,cea-08,joint,removal,0,1.0,1.210979634104034,0.6433735609741591,1.5129270298108728,0.2048490166958684,0.29790529824594125
mixture/transition1,cea-08,joint,removal,0,1.0,1.210979634104034,0.6433735609741591,1.5129270298108728,0.2048490166958684,0.29790529824594125
mixture/transition2,cea-08,joint,removal,0,1.0,1.210979634104034,0.6433735609741591,1.5129270298108728,0.2048490166958684,0.29790529824594125
mixture/transition3,cea-08,joint,removal,0,1.0,1.210979634104034,0.6433735609741591,1.5129270298108728,0.2048490166958684,0.29790529824594125
repaired/absolute,cea-08,joint,removal,0,1.0,0.9817763680502767,0.5626252924999999,1.2652230253095489,1.9999999999999998e-05,0.37464499999999995
repaired/present,cea-08,joint,removal,0,1.0,0.9817763680502767,0.5626252924999999,1.2652230253095489,1.9999999999999998e-05,0.37464499999999995
repaired/recency,cea-08,joint,removal,0,1.0,1.0293194621721604,0.5694812499999999,1.5615080942797084,0.001,0.35724999999999996
repaired/reference,cea-08,joint,removal,0,1.0,0.9817763680502767,0.5626252924999999,1.2652230253095489,1.9999999999999998e-05,0.37464499999999995
repaired/transition1,cea-08,joint,removal,0,1.0,0.9817763680502767,0.5626252924999999,1.2652230253095489,1.9999999999999998e-05,0.37464499999999995
repaired/transition2,cea-08,joint,removal,0,1.0,0.9817763680502767,0.5626252924999999,1.2652230253095489,1.9999999999999998e-05,0.37464499999999995
repaired/transition3,cea-08,joint,removal,0,1.0,0.9817763680502767,0.5626252924999999,1.2652230253095489,1.9999999999999998e-05,0.37464499999999995
streaming/absolute,cea-08,joint,removal,0,1.0,0.9817763680502767,0.5626252924999999,1.2652230253095489,1.9999999999999998e-05,0.37464499999999995
streaming/present,cea-08,joint,removal,0,1.0,0.9817763680502767,0.5626252924999999,1.2652230253095489,1.9999999999999998e-05,0.37464499999999995
streaming/recency,cea-08,joint,removal,0,1.0,1.0293194621721604,0.5694812499999999,1.5615080942797084,0.001,0.35724999999999996
streaming/reference,cea-08,joint,removal,0,1.0,0.9817763680502767,0.5626252924999999,1.2652230253095489,1.9999999999999998e-05,0.37464499999999995
streaming/transition1,cea-08,joint,removal,0,1.0,0.9817763680502767,0.5626252924999999,1.2652230253095489,1.9999999999999998e-05,0.37464499999999995
streaming/transition2,cea-08,joint,removal,0,1.0,0.9817763680502767,0.5626252924999999,1.2652230253095489,1.9999999999999998e-05,0.37464499999999995
streaming/transition3,cea-08,joint,removal,0,1.0,0.9817763680502767,0.5626252924999999,1.2652230253095489,1.9999999999999998e-05,0.37464499999999995
fixed/absolute,cea-08,joint,removal,0,1.0,0.9817763680502767,0.5626252924999999,1.2652230253095489,1.9999999999999998e-05,0.37464499999999995
fixed/present,cea-08,joint,removal,0,1.0,0.9817763680502767,0.5626252924999999,1.2652230253095489,1.9999999999999998e-05,0.37464499999999995
fixed/recency,cea-08,joint,removal,0,0.0,6.907755278982137,1.90245,0.38625940550147086,0.001,0.951
fixed/reference,cea-08,joint,removal,0,1.0,0.9817763680502767,0.5626252924999999,1.2652230253095489,1.9999999999999998e-05,0.37464499999999995
fixed/transition1,cea-08,joint,removal,0,0.0,10.819778284410283,1.99800098,0.011582902361779817,2e-05,0.99902
fixed/transition2,cea-08,joint,removal,0,1.0,0.9817763680502767,0.5626252924999999,1.2652230253095489,1.9999999999999998e-05,0.37464499999999995
fixed/transition3,cea-08,joint,removal,0,1.0,0.9817763680502767,0.5626252924999999,1.2652230253095489,1.9999999999999998e-05,0.37464499999999995
oracle-boundary/absolute,cea-08,joint,removal,0,1.0,0.9817763680502767,0.5626252924999999,1.2652230253095489,1.9999999999999998e-05,0.37464499999999995
oracle-boundary/present,cea-08,joint,removal,0,1.0,0.9817763680502767,0.5626252924999999,1.2652230253095489,1.9999999999999998e-05,0.37464499999999995
oracle-boundary/recency,cea-08,joint,removal,0,1.0,1.0293194621721604,0.5694812499999999,1.5615080942797084,0.001,0.35724999999999996
oracle-boundary/reference,cea-08,joint,removal,0,1.0,0.9817763680502767,0.5626252924999999,1.2652230253095489,1.9999999999999998e-05,0.37464499999999995
oracle-boundary/transition1,cea-08,joint,removal,0,1.0,0.9817763680502767,0.5626252924999999,1.2652230253095489,1.9999999999999998e-05,0.37464499999999995
oracle-boundary/transition2,cea-08,joint,removal,0,1.0,0.9817763680502767,0.5626252924999999,1.2652230253095489,1.9999999999999998e-05,0.37464499999999995
oracle-boundary/transition3,cea-08,joint,removal,0,1.0,0.9817763680502767,0.5626252924999999,1.2652230253095489,1.9999999999999998e-05,0.37464499999999995
map/absolute,cea-08,joint,removal,1,0.0,0.9817763680502767,0.5626252924999999,1.2652230253095489,1.9999999999999998e-05,0.37464499999999995
map/present,cea-08,joint,removal,1,0.0,0.9817763680502767,0.5626252924999999,1.2652230253095489,1.9999999999999998e-05,0.37464499999999995
map/recency,cea-08,joint,removal,1,0.0,1.0293194621721604,0.5694812499999999,1.5615080942797084,0.001,0.35724999999999996
map/reference,cea-08,joint,removal,1,0.0,0.9817763680502767,0.5626252924999999,1.2652230253095489,1.9999999999999998e-05,0.37464499999999995
map/transition1,cea-08,joint,removal,1,0.0,0.9817763680502767,0.5626252924999999,1.2652230253095489,1.9999999999999998e-05,0.37464499999999995
map/transition2,cea-08,joint,removal,1,0.0,0.9817763680502767,0.5626252924999999,1.2652230253095489,1.9999999999999998e-05,0.37464499999999995
map/transition3,cea-08,joint,removal,1,0.0,0.9817763680502767,0.5626252924999999,1.2652230253095489,1.9999999999999998e-05,0.37464499999999995
mixture/absolute,cea-08,joint,removal,1,0.0,1.210979634104034,0.6433735609741591,1.5129270298108728,0.2048490166958684,0.29790529824594125
mixture/present,cea-08,joint,removal,1,0.0,1.210979634104034,0.6433735609741591,1.5129270298108728,0.2048490166958684,0.29790529824594125
mixture/recency,cea-08,joint,removal,1,0.0,1.2585227282259175,0.653694228637582,1.7434785127634778,0.20562828024477744,0.28407337025280605
mixture/reference,cea-08,joint,removal,1,0.0,1.210979634104034,0.6433735609741591,1.5129270298108728,0.2048490166958684,0.29790529824594125
mixture/transition1,cea-08,joint,removal,1,0.0,1.210979634104034,0.6433735609741591,1.5129270298108728,0.2048490166958684,0.29790529824594125
mixture/transition2,cea-08,joint,removal,1,0.0,1.210979634104034,0.6433735609741591,1.5129270298108728,0.2048490166958684,0.29790529824594125
mixture/transition3,cea-08,joint,removal,1,0.0,1.210979634104034,0.6433735609741591,1.5129270298108728,0.2048490166958684,0.29790529824594125
repaired/absolute,cea-08,joint,removal,1,0.0,0.9817763680502767,0.5626252924999999,1.2652230253095489,1.9999999999999998e-05,0.37464499999999995
repaired/present,cea-08,joint,removal,1,0.0,0.9817763680502767,0.5626252924999999,1.2652230253095489,1.9999999999999998e-05,0.37464499999999995
repaired/recency,cea-08,joint,removal,1,0.0,1.0293194621721604,0.5694812499999999,1.5615080942797084,0.001,0.35724999999999996
repaired/reference,cea-08,joint,removal,1,0.0,0.9817763680502767,0.5626252924999999,1.2652230253095489,1.9999999999999998e-05,0.37464499999999995
repaired/transition1,cea-08,joint,removal,1,0.0,0.9817763680502767,0.5626252924999999,1.2652230253095489,1.9999999999999998e-05,0.37464499999999995
repaired/transition2,cea-08,joint,removal,1,0.0,0.9817763680502767,0.5626252924999999,1.2652230253095489,1.9999999999999998e-05,0.37464499999999995
repaired/transition3,cea-08,joint,removal,1,0.0,0.9817763680502767,0.5626252924999999,1.2652230253095489,1.9999999999999998e-05,0.37464499999999995
streaming/absolute,cea-08,joint,removal,1,0.0,0.9817763680502767,0.5626252924999999,1.2652230253095489,1.9999999999999998e-05,0.37464499999999995
streaming/present,cea-08,joint,removal,1,0.0,0.9817763680502767,0.5626252924999999,1.2652230253095489,1.9999999999999998e-05,0.37464499999999995
streaming/recency,cea-08,joint,removal,1,0.0,1.0293194621721604,0.5694812499999999,1.5615080942797084,0.001,0.35724999999999996
streaming/reference,cea-08,joint,removal,1,0.0,0.9817763680502767,0.5626252924999999,1.2652230253095489,1.9999999999999998e-05,0.37464499999999995
streaming/transition1,cea-08,joint,removal,1,0.0,0.9817763680502767,0.5626252924999999,1.2652230253095489,1.9999999999999998e-05,0.37464499999999995
streaming/transition2,cea-08,joint,removal,1,0.0,0.9817763680502767,0.5626252924999999,1.2652230253095489,1.9999999999999998e-05,0.37464499999999995
streaming/transition3,cea-08,joint,removal,1,0.0,0.9817763680502767,0.5626252924999999,1.2652230253095489,1.9999999999999998e-05,0.37464499999999995
fixed/absolute,cea-08,joint,removal,1,0.0,0.9817763680502767,0.5626252924999999,1.2652230253095489,1.9999999999999998e-05,0.37464499999999995
fixed/present,cea-08,joint,removal,1,0.0,0.9817763680502767,0.5626252924999999,1.2652230253095489,1.9999999999999998e-05,0.37464499999999995
fixed/recency,cea-08,joint,removal,1,0.0,6.907755278982137,1.90245,0.38625940550147086,0.001,0.951
fixed/reference,cea-08,joint,removal,1,0.0,0.9817763680502767,0.5626252924999999,1.2652230253095489,1.9999999999999998e-05,0.37464499999999995
fixed/transition1,cea-08,joint,removal,1,0.0,10.819778284410283,1.99800098,0.011582902361779817,2e-05,0.99902
fixed/transition2,cea-08,joint,removal,1,0.0,0.9817763680502767,0.5626252924999999,1.2652230253095489,1.9999999999999998e-05,0.37464499999999995
fixed/transition3,cea-08,joint,removal,1,0.0,0.9817763680502767,0.5626252924999999,1.2652230253095489,1.9999999999999998e-05,0.37464499999999995
oracle-boundary/absolute,cea-08,joint,removal,1,0.0,0.9817763680502767,0.5626252924999999,1.2652230253095489,1.9999999999999998e-05,0.37464499999999995
oracle-boundary/present,cea-08,joint,removal,1,0.0,0.9817763680502767,0.5626252924999999,1.2652230253095489,1.9999999999999998e-05,0.37464499999999995
oracle-boundary/recency,cea-08,joint,removal,1,0.0,1.0293194621721604,0.5694812499999999,1.5615080942797084,0.001,0.35724999999999996
oracle-boundary/reference,cea-08,joint,removal,1,0.0,0.9817763680502767,0.5626252924999999,1.2652230253095489,1.9999999999999998e-05,0.37464499999999995
oracle-boundary/transition1,cea-08,joint,removal,1,0.0,0.9817763680502767,0.5626252924999999,1.2652230253095489,1.9999999999999998e-05,0.37464499999999995
oracle-boundary/transition2,cea-08,joint,removal,1,0.0,0.9817763680502767,0.5626252924999999,1.2652230253095489,1.9999999999999998e-05,0.37464499999999995
oracle-boundary/transition3,cea-08,joint,removal,1,0.0,0.9817763680502767,0.5626252924999999,1.2652230253095489,1.9999999999999998e-05,0.37464499999999995
map/absolute,cea-08,joint,swap,0,1.0,0.0009804805139614205,9.800000000392828e-07,0.011582902361779817,2e-05,0.99902
map/present,cea-08,joint,swap,0,0.0,0.9817763680502767,0.5626252924999999,1.2652230253095489,1.9999999999999998e-05,0.37464499999999995
map/recency,cea-08,joint,swap,0,0.0,6.907755278982137,1.90245,0.38625940550147086,0.001,0.951
map/reference,cea-08,joint,swap,0,1.0,0.0009804805139614205,9.800000000392828e-07,0.011582902361779817,2e-05,0.99902
map/transition1,cea-08,joint,swap,0,1.0,0.6575409519004656,0.4634849657813267,0.7031352527786523,1.9999999999999998e-05,0.5181238607439156
map/transition2,cea-08,joint,swap,0,1.0,0.0009804805139614205,9.800000000392828e-07,0.011582902361779817,2e-05,0.99902
map/transition3,cea-08,joint,swap,0,1.0,0.0009804805139614205,9.800000000392828e-07,0.011582902361779817,2e-05,0.99902
mixture/absolute,cea-08,joint,swap,0,1.0,0.6273176470742922,0.4036618659644049,0.8513963866667547,0.4312923181591709,0.5340223179004073
mixture/present,cea-08,joint,swap,0,0.0,1.5461450848900677,0.860763869879686,1.4030977511368046,0.4312923181591709,0.4312923181591709
mixture/recency,cea-08,joint,swap,0,0.0,7.472123995821928,1.4778929122291027,0.8990053442049275,0.43184966283426846,0.5408518224670779
mixture/reference,cea-08,joint,swap,0,1.0,0.6273176470742922,0.4036618659644049,0.8513963866667547,0.4312923181591709,0.5340223179004073
mixture/transition1,cea-08,joint,swap,0,0.0,1.3229884178658478,0.8153770427957903,1.082712309804319,0.4312923181591709,0.4312923181591709
mixture/transition2,cea-08,joint,swap,0,1.0,0.6273176470742922,0.4036618659644049,0.8513963866667547,0.4312923181591709,0.5340223179004073
mixture/transition3,cea-08,joint,swap,0,1.0,0.6273176470742922,0.4036618659644049,0.8513963866667547,0.4312923181591709,0.5340223179004073
repaired/absolute,cea-08,joint,swap,0,1.0,0.0009804805139614205,9.800000000392828e-07,0.011582902361779817,2e-05,0.99902
repaired/present,cea-08,joint,swap,0,0.0,0.9817763680502767,0.5626252924999999,1.2652230253095489,1.9999999999999998e-05,0.37464499999999995
repaired/recency,cea-08,joint,swap,0,0.0,6.907755278982137,1.90245,0.38625940550147086,0.001,0.951
repaired/reference,cea-08,joint,swap,0,1.0,0.0009804805139614205,9.800000000392828e-07,0.011582902361779817,2e-05,0.99902
repaired/transition1,cea-08,joint,swap,0,1.0,0.5611345143780364,0.368011464325245,0.6936904910945406,2e-05,0.5705613864221601
repaired/transition2,cea-08,joint,swap,0,1.0,0.0009804805139614205,9.800000000392828e-07,0.011582902361779817,2e-05,0.99902
repaired/transition3,cea-08,joint,swap,0,1.0,0.0009804805139614205,9.800000000392828e-07,0.011582902361779817,2e-05,0.99902
streaming/absolute,cea-08,joint,swap,0,0.0,0.9817763680502767,0.5626252924999999,1.2652230253095489,1.9999999999999998e-05,0.37464499999999995
streaming/present,cea-08,joint,swap,0,0.0,0.9817763680502767,0.5626252924999999,1.2652230253095489,1.9999999999999998e-05,0.37464499999999995
streaming/recency,cea-08,joint,swap,0,0.0,1.0293194621721604,0.5694812499999999,1.5615080942797084,0.001,0.35724999999999996
streaming/reference,cea-08,joint,swap,0,0.0,0.9817763680502767,0.5626252924999999,1.2652230253095489,1.9999999999999998e-05,0.37464499999999995
streaming/transition1,cea-08,joint,swap,0,0.0,0.9817763680502767,0.5626252924999999,1.2652230253095489,1.9999999999999998e-05,0.37464499999999995
streaming/transition2,cea-08,joint,swap,0,0.0,0.9817763680502767,0.5626252924999999,1.2652230253095489,1.9999999999999998e-05,0.37464499999999995
streaming/transition3,cea-08,joint,swap,0,0.0,0.9817763680502767,0.5626252924999999,1.2652230253095489,1.9999999999999998e-05,0.37464499999999995
fixed/absolute,cea-08,joint,swap,0,0.0,0.9817763680502767,0.5626252924999999,1.2652230253095489,1.9999999999999998e-05,0.37464499999999995
fixed/present,cea-08,joint,swap,0,0.0,0.9817763680502767,0.5626252924999999,1.2652230253095489,1.9999999999999998e-05,0.37464499999999995
fixed/recency,cea-08,joint,swap,0,0.0,6.907755278982137,1.90245,0.38625940550147086,0.001,0.951
fixed/reference,cea-08,joint,swap,0,0.0,0.9817763680502767,0.5626252924999999,1.2652230253095489,1.9999999999999998e-05,0.37464499999999995
fixed/transition1,cea-08,joint,swap,0,0.0,10.819778284410283,1.99800098,0.011582902361779817,2e-05,0.99902
fixed/transition2,cea-08,joint,swap,0,0.0,0.9817763680502767,0.5626252924999999,1.2652230253095489,1.9999999999999998e-05,0.37464499999999995
fixed/transition3,cea-08,joint,swap,0,0.0,0.9817763680502767,0.5626252924999999,1.2652230253095489,1.9999999999999998e-05,0.37464499999999995
oracle-boundary/absolute,cea-08,joint,swap,0,1.0,0.0009804805139614205,9.800000000392828e-07,0.011582902361779817,2e-05,0.99902
oracle-boundary/present,cea-08,joint,swap,0,0.0,0.9817763680502767,0.5626252924999999,1.2652230253095489,1.9999999999999998e-05,0.37464499999999995
oracle-boundary/recency,cea-08,joint,swap,0,0.0,6.907755278982137,1.90245,0.38625940550147086,0.001,0.951
oracle-boundary/reference,cea-08,joint,swap,0,1.0,0.0009804805139614205,9.800000000392828e-07,0.011582902361779817,2e-05,0.99902
oracle-boundary/transition1,cea-08,joint,swap,0,0.0,0.69410764165507,0.50000048,0.7038282854721148,1.9999999999999998e-05,0.4995199999999999
oracle-boundary/transition2,cea-08,joint,swap,0,1.0,0.0009804805139614205,9.800000000392828e-07,0.011582902361779817,2e-05,0.99902
oracle-boundary/transition3,cea-08,joint,swap,0,1.0,0.0009804805139614205,9.800000000392828e-07,0.011582902361779817,2e-05,0.99902
map/absolute,cea-08,joint,swap,1,1.0,0.0009804805139616427,9.800000000392828e-07,0.011582902361780037,1.9999999999999998e-05,0.9990199999999998
map/present,cea-08,joint,swap,1,1.0,0.9817763680502767,0.5626252924999999,1.2652230253095489,1.9999999999999998e-05,0.37464499999999995
map/recency,cea-08,joint,swap,1,0.0,6.907755278982137,1.90245,0.38625940550147086,0.001,0.951
map/reference,cea-08,joint,swap,1,1.0,0.0009804805139616427,9.800000000392828e-07,0.011582902361780037,1.9999999999999998e-05,0.9990199999999998
map/transition1,cea-08,joint,swap,1,1.0,0.647786711497486,0.453757212512353,0.7027050655062735,1.9999999999999998e-05,0.5232024942791031
map/transition2,cea-08,joint,swap,1,1.0,0.0009804805139616427,9.800000000392828e-07,0.011582902361780037,1.9999999999999998e-05,0.9990199999999998
map/transition3,cea-08,joint,swap,1,1.0,0.0009804805139616427,9.800000000392828e-07,0.011582902361780037,1.9999999999999998e-05,0.9990199999999998
mixture/absolute,cea-08,joint,swap,1,1.0,0.680545464292476,0.4869188052230513,0.6988047882911261,0.49317270983036254,0.5063407262397959
mixture/present,cea-08,joint,swap,1,0.0,1.661341351828791,0.9435772093121102,1.3341965224873589,0.49317270983036254,0.49317270983036254
mixture/recency,cea-08,joint,swap,1,0.0,7.5873202627606515,1.4750344493156655,0.8848300560639483,0.49366941050874236,0.49366941050874236
mixture/reference,cea-08,joint,swap,1,1.0,0.680545464292476,0.4869188052230513,0.6988047882911261,0.49317270983036254,0.5063407262397959
mixture/transition1,cea-08,joint,swap,1,0.0,1.3273516952760003,0.8413458652545753,1.049091367145405,0.49317270983036254,0.49317270983036254
mixture/transition2,cea-08,joint,swap,1,1.0,0.680545464292476,0.4869188052230513,0.6988047882911261,0.49317270983036254,0.5063407262397959
mixture/transition3,cea-08,joint,swap,1,1.0,0.680545464292476,0.4869188052230513,0.6988047882911261,0.49317270983036254,0.5063407262397959
repaired/absolute,cea-08,joint,swap,1,1.0,0.0009804805139616427,9.800000000392828e-07,0.011582902361780037,1.9999999999999998e-05,0.9990199999999998
repaired/present,cea-08,joint,swap,1,1.0,0.9817763680502767,0.5626252924999999,1.2652230253095489,1.9999999999999998e-05,0.37464499999999995
repaired/recency,cea-08,joint,swap,1,0.0,6.907755278982137,1.90245,0.38625940550147086,0.001,0.951
repaired/reference,cea-08,joint,swap,1,1.0,0.0009804805139616427,9.800000000392828e-07,0.011582902361780037,1.9999999999999998e-05,0.9990199999999998
repaired/transition1,cea-08,joint,swap,1,1.0,0.5501243533523668,0.3572528833438495,0.6917998910686002,1.9999999999999998e-05,0.5768780691981392
repaired/transition2,cea-08,joint,swap,1,1.0,0.0009804805139616427,9.800000000392828e-07,0.011582902361780037,1.9999999999999998e-05,0.9990199999999998
repaired/transition3,cea-08,joint,swap,1,1.0,0.0009804805139616427,9.800000000392828e-07,0.011582902361780037,1.9999999999999998e-05,0.9990199999999998
streaming/absolute,cea-08,joint,swap,1,1.0,0.9817763680502767,0.5626252924999999,1.2652230253095489,1.9999999999999998e-05,0.37464499999999995
streaming/present,cea-08,joint,swap,1,1.0,0.9817763680502767,0.5626252924999999,1.2652230253095489,1.9999999999999998e-05,0.37464499999999995
streaming/recency,cea-08,joint,swap,1,1.0,1.0293194621721604,0.5694812499999999,1.5615080942797084,0.001,0.35724999999999996
streaming/reference,cea-08,joint,swap,1,1.0,0.9817763680502767,0.5626252924999999,1.2652230253095489,1.9999999999999998e-05,0.37464499999999995
streaming/transition1,cea-08,joint,swap,1,1.0,0.9817763680502767,0.5626252924999999,1.2652230253095489,1.9999999999999998e-05,0.37464499999999995
streaming/transition2,cea-08,joint,swap,1,1.0,0.9817763680502767,0.5626252924999999,1.2652230253095489,1.9999999999999998e-05,0.37464499999999995
streaming/transition3,cea-08,joint,swap,1,1.0,0.9817763680502767,0.5626252924999999,1.2652230253095489,1.9999999999999998e-05,0.37464499999999995
fixed/absolute,cea-08,joint,swap,1,1.0,0.9817763680502767,0.5626252924999999,1.2652230253095489,1.9999999999999998e-05,0.37464499999999995
fixed/present,cea-08,joint,swap,1,1.0,0.9817763680502767,0.5626252924999999,1.2652230253095489,1.9999999999999998e-05,0.37464499999999995
fixed/recency,cea-08,joint,swap,1,0.0,6.907755278982137,1.90245,0.38625940550147086,0.001,0.951
fixed/reference,cea-08,joint,swap,1,1.0,0.9817763680502767,0.5626252924999999,1.2652230253095489,1.9999999999999998e-05,0.37464499999999995
fixed/transition1,cea-08,joint,swap,1,0.0,10.819778284410283,1.99800098,0.011582902361779817,2e-05,0.99902
fixed/transition2,cea-08,joint,swap,1,1.0,0.9817763680502767,0.5626252924999999,1.2652230253095489,1.9999999999999998e-05,0.37464499999999995
fixed/transition3,cea-08,joint,swap,1,1.0,0.9817763680502767,0.5626252924999999,1.2652230253095489,1.9999999999999998e-05,0.37464499999999995
oracle-boundary/absolute,cea-08,joint,swap,1,1.0,0.0009804805139616427,9.800000000392828e-07,0.011582902361780037,1.9999999999999998e-05,0.9990199999999998
oracle-boundary/present,cea-08,joint,swap,1,1.0,0.9817763680502767,0.5626252924999999,1.2652230253095489,1.9999999999999998e-05,0.37464499999999995
oracle-boundary/recency,cea-08,joint,swap,1,0.0,6.907755278982137,1.90245,0.38625940550147086,0.001,0.951
oracle-boundary/reference,cea-08,joint,swap,1,1.0,0.0009804805139616427,9.800000000392828e-07,0.011582902361780037,1.9999999999999998e-05,0.9990199999999998
oracle-boundary/transition1,cea-08,joint,swap,1,1.0,0.69410764165507,0.50000048,0.7038282854721148,1.9999999999999998e-05,0.4995199999999999
oracle-boundary/transition2,cea-08,joint,swap,1,1.0,0.0009804805139616427,9.800000000392828e-07,0.011582902361780037,1.9999999999999998e-05,0.9990199999999998
oracle-boundary/transition3,cea-08,joint,swap,1,1.0,0.0009804805139616427,9.800000000392828e-07,0.011582902361780037,1.9999999999999998e-05,0.9990199999999998
map/absolute,cea-08,joint,shuffle,0,1.0,0.0009804805139616427,9.800000000392828e-07,0.011582902361780037,1.9999999999999998e-05,0.9990199999999998
map/present,cea-08,joint,shuffle,0,1.0,0.9817763680502767,0.5626252924999999,1.2652230253095489,1.9999999999999998e-05,0.37464499999999995
map/recency,cea-08,joint,shuffle,0,1.0,0.05024121643674679,0.0024500000000000632,0.38625940550147086,0.001,0.951
map/reference,cea-08,joint,shuffle,0,1.0,0.0009804805139616427,9.800000000392828e-07,0.011582902361780037,1.9999999999999998e-05,0.9990199999999998
map/transition1,cea-08,joint,shuffle,0,1.0,0.48514794973664893,0.29478022792822367,0.6766021782829955,1.999999999999999e-05,0.6156061112643724
map/transition2,cea-08,joint,shuffle,0,1.0,0.0009804805139616427,9.800000000392828e-07,0.011582902361780037,1.9999999999999998e-05,0.9990199999999998
map/transition3,cea-08,joint,shuffle,0,1.0,0.0009804805139616427,9.800000000392828e-07,0.011582902361780037,1.9999999999999998e-05,0.9990199999999998
mixture/absolute,cea-08,joint,shuffle,0,0.0,0.748157323506862,0.5544780023683775,0.6971372381095343,0.526307472151408,0.526307472151408
mixture/present,cea-08,joint,shuffle,0,0.0,1.7289532110431771,0.9920511733548882,1.2909890739978003,0.526307472151408,0.526307472151408
mixture/recency,cea-08,joint,shuffle,0,0.0,0.797418059429647,0.5794597714487588,0.870939218053386,0.5267717001132589,0.5267717001132589
mixture/reference,cea-08,joint,shuffle,0,0.0,0.748157323506862,0.5544780023683775,0.6971372381095343,0.526307472151408,0.526307472151408
mixture/transition1,cea-08,joint,shuffle,0,0.0,1.2323247927295493,0.8118011930700677,1.012158200407941,0.526307472151408,0.526307472151408
mixture/transition2,cea-08,joint,shuffle,0,0.0,0.748157323506862,0.5544780023683775,0.6971372381095343,0.526307472151408,0.526307472151408
mixture/transition3,cea-08,joint,shuffle,0,0.0,0.748157323506862,0.5544780023683775,0.6971372381095343,0.526307472151408,0.526307472151408
repaired/absolute,cea-08,joint,shuffle,0,1.0,0.0009804805139616427,9.800000000392828e-07,0.011582902361780037,1.9999999999999998e-05,0.9990199999999998
repaired/present,cea-08,joint,shuffle,0,1.0,0.9817763680502767,0.5626252924999999,1.2652230253095489,1.9999999999999998e-05,0.37464499999999995
repaired/recency,cea-08,joint,shuffle,0,1.0,0.05024121643674679,0.0024500000000000632,0.38625940550147086,0.001,0.951
repaired/reference,cea-08,joint,shuffle,0,1.0,0.0009804805139616427,9.800000000392828e-07,0.011582902361780037,1.9999999999999998e-05,0.9990199999999998
repaired/transition1,cea-08,joint,shuffle,0,0.0,0.8470685192627428,0.651740544037898,0.6937451480605535,1.9999999999999998e-05,0.5703702711035082
repaired/transition2,cea-08,joint,shuffle,0,1.0,0.0009804805139616427,9.800000000392828e-07,0.011582902361780037,1.9999999999999998e-05,0.9990199999999998
repaired/transition3,cea-08,joint,shuffle,0,1.0,0.0009804805139616427,9.800000000392828e-07,0.011582902361780037,1.9999999999999998e-05,0.9990199999999998
streaming/absolute,cea-08,joint,shuffle,0,1.0,0.9817763680502767,0.5626252924999999,1.2652230253095489,1.9999999999999998e-05,0.37464499999999995
streaming/present,cea-08,joint,shuffle,0,1.0,0.9817763680502767,0.5626252924999999,1.2652230253095489,1.9999999999999998e-05,0.37464499999999995
streaming/recency,cea-08,joint,shuffle,0,1.0,1.0293194621721604,0.5694812499999999,1.5615080942797084,0.001,0.35724999999999996
streaming/reference,cea-08,joint,shuffle,0,1.0,0.9817763680502767,0.5626252924999999,1.2652230253095489,1.9999999999999998e-05,0.37464499999999995
streaming/transition1,cea-08,joint,shuffle,0,1.0,0.9817763680502767,0.5626252924999999,1.2652230253095489,1.9999999999999998e-05,0.37464499999999995
streaming/transition2,cea-08,joint,shuffle,0,1.0,0.9817763680502767,0.5626252924999999,1.2652230253095489,1.9999999999999998e-05,0.37464499999999995
streaming/transition3,cea-08,joint,shuffle,0,1.0,0.9817763680502767,0.5626252924999999,1.2652230253095489,1.9999999999999998e-05,0.37464499999999995
fixed/absolute,cea-08,joint,shuffle,0,1.0,0.9817763680502767,0.5626252924999999,1.2652230253095489,1.9999999999999998e-05,0.37464499999999995
fixed/present,cea-08,joint,shuffle,0,1.0,0.9817763680502767,0.5626252924999999,1.2652230253095489,1.9999999999999998e-05,0.37464499999999995
fixed/recency,cea-08,joint,shuffle,0,0.0,6.907755278982137,1.90245,0.38625940550147086,0.001,0.951
fixed/reference,cea-08,joint,shuffle,0,1.0,0.9817763680502767,0.5626252924999999,1.2652230253095489,1.9999999999999998e-05,0.37464499999999995
fixed/transition1,cea-08,joint,shuffle,0,0.0,10.819778284410283,1.99800098,0.011582902361779817,2e-05,0.99902
fixed/transition2,cea-08,joint,shuffle,0,1.0,0.9817763680502767,0.5626252924999999,1.2652230253095489,1.9999999999999998e-05,0.37464499999999995
fixed/transition3,cea-08,joint,shuffle,0,1.0,0.9817763680502767,0.5626252924999999,1.2652230253095489,1.9999999999999998e-05,0.37464499999999995
oracle-boundary/absolute,cea-08,joint,shuffle,0,1.0,0.0009804805139616427,9.800000000392828e-07,0.011582902361780037,1.9999999999999998e-05,0.9990199999999998
oracle-boundary/present,cea-08,joint,shuffle,0,1.0,0.9817763680502767,0.5626252924999999,1.2652230253095489,1.9999999999999998e-05,0.37464499999999995
oracle-boundary/recency,cea-08,joint,shuffle,0,1.0,0.05024121643674679,0.0024500000000000632,0.38625940550147086,0.001,0.951
oracle-boundary/reference,cea-08,joint,shuffle,0,1.0,0.0009804805139616427,9.800000000392828e-07,0.011582902361780037,1.9999999999999998e-05,0.9990199999999998
oracle-boundary/transition1,cea-08,joint,shuffle,0,1.0,0.69410764165507,0.50000048,0.7038282854721148,1.9999999999999998e-05,0.4995199999999999
oracle-boundary/transition2,cea-08,joint,shuffle,0,1.0,0.0009804805139616427,9.800000000392828e-07,0.011582902361780037,1.9999999999999998e-05,0.9990199999999998
oracle-boundary/transition3,cea-08,joint,shuffle,0,1.0,0.0009804805139616427,9.800000000392828e-07,0.011582902361780037,1.9999999999999998e-05,0.9990199999999998
map/absolute,cea-08,joint,shuffle,1,1.0,0.0009804805139614205,9.800000000392828e-07,0.011582902361779817,2e-05,0.99902
map/present,cea-08,joint,shuffle,1,0.0,0.9817763680502767,0.5626252924999999,1.2652230253095489,1.9999999999999998e-05,0.37464499999999995
map/recency,cea-08,joint,shuffle,1,1.0,0.05024121643674679,0.0024500000000000632,0.38625940550147086,0.001,0.951
map/reference,cea-08,joint,shuffle,1,1.0,0.0009804805139614205,9.800000000392828e-07,0.011582902361779817,2e-05,0.99902
map/transition1,cea-08,joint,shuffle,1,0.0,0.7424447008374988,0.5482537911599441,0.702715614765197,1.9999999999999998e-05,0.5230910606784641
map/transition2,cea-08,joint,shuffle,1,1.0,0.0009804805139614205,9.800000000392828e-07,0.011582902361779817,2e-05,0.99902
map/transition3,cea-08,joint,shuffle,1,1.0,0.0009804805139614205,9.800000000392828e-07,0.011582902361779817,2e-05,0.99902
mixture/absolute,cea-08,joint,shuffle,1,0.0,0.8993025197124191,0.7031822972074688,0.6804607511054279,0.5927557046766997,0.5927557046766997
mixture/present,cea-08,joint,shuffle,1,0.0,1.8800984072487343,1.097941714848682,1.1910087505242961,0.5927557046766997,0.5927557046766997
mixture/recency,cea-08,joint,shuffle,1,0.0,0.9485632556352045,0.7272454715559136,0.8297745524600111,0.5931548120682644,0.5931548120682644
mixture/reference,cea-08,joint,shuffle,1,0.0,0.8993025197124191,0.7031822972074688,0.6804607511054279,0.5927557046766997,0.5927557046766997
mixture/transition1,cea-08,joint,shuffle,1,0.0,1.6407667400359565,1.0466490215194808,0.9619262348527136,0.5927557046766997,0.5927557046766997
mixture/transition2,cea-08,joint,shuffle,1,0.0,0.8993025197124191,0.7031822972074688,0.6804607511054279,0.5927557046766997,0.5927557046766997
mixture/transition3,cea-08,joint,shuffle,1,0.0,0.8993025197124191,0.7031822972074688,0.6804607511054279,0.5927557046766997,0.5927557046766997
repaired/absolute,cea-08,joint,shuffle,1,1.0,0.0009804805139614205,9.800000000392828e-07,0.011582902361779817,2e-05,0.99902
repaired/present,cea-08,joint,shuffle,1,0.0,0.9817763680502767,0.5626252924999999,1.2652230253095489,1.9999999999999998e-05,0.37464499999999995
repaired/recency,cea-08,joint,shuffle,1,1.0,0.05024121643674679,0.0024500000000000632,0.38625940550147086,0.001,0.951
repaired/reference,cea-08,joint,shuffle,1,1.0,0.0009804805139614205,9.800000000392828e-07,0.011582902361779817,2e-05,0.99902
repaired/transition1,cea-08,joint,shuffle,1,0.0,0.8619154454794893,0.6662455550611386,0.6918592624135058,1.9999999999999998e-05,0.5766876857989965
repaired/transition2,cea-08,joint,shuffle,1,1.0,0.0009804805139614205,9.800000000392828e-07,0.011582902361779817,2e-05,0.99902
repaired/transition3,cea-08,joint,shuffle,1,1.0,0.0009804805139614205,9.800000000392828e-07,0.011582902361779817,2e-05,0.99902
streaming/absolute,cea-08,joint,shuffle,1,0.0,0.9817763680502767,0.5626252924999999,1.2652230253095489,1.9999999999999998e-05,0.37464499999999995
streaming/present,cea-08,joint,shuffle,1,0.0,0.9817763680502767,0.5626252924999999,1.2652230253095489,1.9999999999999998e-05,0.37464499999999995
streaming/recency,cea-08,joint,shuffle,1,0.0,1.0293194621721604,0.5694812499999999,1.5615080942797084,0.001,0.35724999999999996
streaming/reference,cea-08,joint,shuffle,1,0.0,0.9817763680502767,0.5626252924999999,1.2652230253095489,1.9999999999999998e-05,0.37464499999999995
streaming/transition1,cea-08,joint,shuffle,1,0.0,0.9817763680502767,0.5626252924999999,1.2652230253095489,1.9999999999999998e-05,0.37464499999999995
streaming/transition2,cea-08,joint,shuffle,1,0.0,0.9817763680502767,0.5626252924999999,1.2652230253095489,1.9999999999999998e-05,0.37464499999999995
streaming/transition3,cea-08,joint,shuffle,1,0.0,0.9817763680502767,0.5626252924999999,1.2652230253095489,1.9999999999999998e-05,0.37464499999999995
fixed/absolute,cea-08,joint,shuffle,1,0.0,0.9817763680502767,0.5626252924999999,1.2652230253095489,1.9999999999999998e-05,0.37464499999999995
fixed/present,cea-08,joint,shuffle,1,0.0,0.9817763680502767,0.5626252924999999,1.2652230253095489,1.9999999999999998e-05,0.37464499999999995
fixed/recency,cea-08,joint,shuffle,1,0.0,6.907755278982137,1.90245,0.38625940550147086,0.001,0.951
fixed/reference,cea-08,joint,shuffle,1,0.0,0.9817763680502767,0.5626252924999999,1.2652230253095489,1.9999999999999998e-05,0.37464499999999995
fixed/transition1,cea-08,joint,shuffle,1,0.0,10.819778284410283,1.99800098,0.011582902361779817,2e-05,0.99902
fixed/transition2,cea-08,joint,shuffle,1,0.0,0.9817763680502767,0.5626252924999999,1.2652230253095489,1.9999999999999998e-05,0.37464499999999995
fixed/transition3,cea-08,joint,shuffle,1,0.0,0.9817763680502767,0.5626252924999999,1.2652230253095489,1.9999999999999998e-05,0.37464499999999995
oracle-boundary/absolute,cea-08,joint,shuffle,1,1.0,0.0009804805139614205,9.800000000392828e-07,0.011582902361779817,2e-05,0.99902
oracle-boundary/present,cea-08,joint,shuffle,1,0.0,0.9817763680502767,0.5626252924999999,1.2652230253095489,1.9999999999999998e-05,0.37464499999999995
oracle-boundary/recency,cea-08,joint,shuffle,1,1.0,0.05024121643674679,0.0024500000000000632,0.38625940550147086,0.001,0.951
oracle-boundary/reference,cea-08,joint,shuffle,1,1.0,0.0009804805139614205,9.800000000392828e-07,0.011582902361779817,2e-05,0.99902
oracle-boundary/transition1,cea-08,joint,shuffle,1,0.0,0.69410764165507,0.50000048,0.7038282854721148,1.9999999999999998e-05,0.4995199999999999
oracle-boundary/transition2,cea-08,joint,shuffle,1,1.0,0.0009804805139614205,9.800000000392828e-07,0.011582902361779817,2e-05,0.99902
oracle-boundary/transition3,cea-08,joint,shuffle,1,1.0,0.0009804805139614205,9.800000000392828e-07,0.011582902361779817,2e-05,0.99902
map/absolute,cea-08,joint,ambiguous,0,1.0,0.6951493862103328,0.5010391429685663,0.7027882634837848,1.9999999999999998e-05,0.5223088456110254
map/present,cea-08,joint,ambiguous,0,1.0,0.9817763680502767,0.5626252924999999,1.2652230253095489,1.9999999999999998e-05,0.37464499999999995
map/recency,cea-08,joint,ambiguous,0,0.0,3.4789982477094417,0.95245,0.38625940550147086,0.001,0.951
map/reference,cea-08,joint,ambiguous,0,1.0,0.6945036400550235,0.5003955619754961,0.703432771656877,1.9999999999999998e-05,0.513574927525535
map/transition1,cea-08,joint,ambiguous,0,1.0,0.6952327845328428,0.5011222010705596,0.7027050655062735,1.9999999999999998e-05,0.5232024942791031
map/transition2,cea-08,joint,ambiguous,0,1.0,0.6952321363919034,0.5011215556271018,0.702705712054531,1.9999999999999998e-05,0.5231956797906824
map/transition3,cea-08,joint,ambiguous,0,1.0,0.6951493862103328,0.5010391429685663,0.7027882634837848,1.9999999999999998e-05,0.5223088456110254
mixture/absolute,cea-08,joint,ambiguous,0,0.0,1.3746993819295281,0.8653196468271527,1.049138664396102,0.4931651134159455,0.4931651134159455
mixture/present,cea-08,joint,ambiguous,0,0.0,1.6613263637694722,0.9435664265556258,1.3342059244621942,0.4931651134159455,0.4931651134159455
mixture/recency,cea-08,joint,ambiguous,0,0.0,4.158548243428637,0.9935311337002926,0.8848327379450793,0.4936618215389603,0.4936618215389603
mixture/reference,cea-08,joint,ambiguous,0,0.0,1.374053635774219,0.8651543160973065,1.049465330156229,0.4931651134159455,0.4931651134159455
mixture/transition1,cea-08,joint,ambiguous,0,0.0,1.3747827802520383,0.8653409837789428,1.0490964959152365,0.4931651134159455,0.4931651134159455
mixture/transition2,cea-08,joint,ambiguous,0,0.0,1.374782132111099,0.865340817969761,1.0490968236150031,0.4931651134159455,0.4931651134159455
mixture/transition3,cea-08,joint,ambiguous,0,0.0,1.3746993819295281,0.8653196468271527,1.049138664396102,0.4931651134159455,0.4931651134159455
repaired/absolute,cea-08,joint,ambiguous,0,1.0,0.7062453348108837,0.5119690217401283,0.6917998910686002,1.9999999999999998e-05,0.5768780691981392
repaired/present,cea-08,joint,ambiguous,0,1.0,0.9817763680502767,0.5626252924999999,1.2652230253095489,1.9999999999999998e-05,0.37464499999999995
repaired/recency,cea-08,joint,ambiguous,0,0.0,3.4789982477094417,0.95245,0.38625940550147086,0.001,0.951
repaired/reference,cea-08,joint,ambiguous,0,1.0,0.6997840034994369,0.5056339105656953,0.6981787843823956,1.9999999999999998e-05,0.5525927357769286
repaired/transition1,cea-08,joint,ambiguous,0,1.0,0.7062453348108837,0.5119690217401283,0.6917998910686002,1.9999999999999998e-05,0.5768780691981392
repaired/transition2,cea-08,joint,ambiguous,0,1.0,0.7062453348108837,0.5119690217401283,0.6917998910686002,1.9999999999999998e-05,0.5768780691981392
repaired/transition3,cea-08,joint,ambiguous,0,1.0,0.7062453348108837,0.5119690217401283,0.6917998910686002,1.9999999999999998e-05,0.5768780691981392
streaming/absolute,cea-08,joint,ambiguous,0,1.0,0.9817763680502767,0.5626252924999999,1.2652230253095489,1.9999999999999998e-05,0.37464499999999995
streaming/present,cea-08,joint,ambiguous,0,1.0,0.9817763680502767,0.5626252924999999,1.2652230253095489,1.9999999999999998e-05,0.37464499999999995
streaming/recency,cea-08,joint,ambiguous,0,1.0,1.0293194621721604,0.5694812499999999,1.5615080942797084,0.001,0.35724999999999996
streaming/reference,cea-08,joint,ambiguous,0,1.0,0.9817763680502767,0.5626252924999999,1.2652230253095489,1.9999999999999998e-05,0.37464499999999995
streaming/transition1,cea-08,joint,ambiguous,0,1.0,0.9817763680502767,0.5626252924999999,1.2652230253095489,1.9999999999999998e-05,0.37464499999999995
streaming/transition2,cea-08,joint,ambiguous,0,1.0,0.9817763680502767,0.5626252924999999,1.2652230253095489,1.9999999999999998e-05,0.37464499999999995
streaming/transition3,cea-08,joint,ambiguous,0,1.0,0.9817763680502767,0.5626252924999999,1.2652230253095489,1.9999999999999998e-05,0.37464499999999995
fixed/absolute,cea-08,joint,ambiguous,0,1.0,0.9817763680502767,0.5626252924999999,1.2652230253095489,1.9999999999999998e-05,0.37464499999999995
fixed/present,cea-08,joint,ambiguous,0,1.0,0.9817763680502767,0.5626252924999999,1.2652230253095489,1.9999999999999998e-05,0.37464499999999995
fixed/recency,cea-08,joint,ambiguous,0,0.0,6.907755278982137,1.90245,0.38625940550147086,0.001,0.951
fixed/reference,cea-08,joint,ambiguous,0,1.0,0.9817763680502767,0.5626252924999999,1.2652230253095489,1.9999999999999998e-05,0.37464499999999995
fixed/transition1,cea-08,joint,ambiguous,0,0.0,10.819778284410283,1.99800098,0.011582902361779817,2e-05,0.99902
fixed/transition2,cea-08,joint,ambiguous,0,1.0,0.9817763680502767,0.5626252924999999,1.2652230253095489,1.9999999999999998e-05,0.37464499999999995
fixed/transition3,cea-08,joint,ambiguous,0,1.0,0.9817763680502767,0.5626252924999999,1.2652230253095489,1.9999999999999998e-05,0.37464499999999995
oracle-boundary/absolute,cea-08,joint,ambiguous,0,1.0,0.69410764165507,0.50000048,0.7038282854721148,1.9999999999999998e-05,0.4995199999999999
oracle-boundary/present,cea-08,joint,ambiguous,0,1.0,0.9817763680502767,0.5626252924999999,1.2652230253095489,1.9999999999999998e-05,0.37464499999999995
oracle-boundary/recency,cea-08,joint,ambiguous,0,0.0,3.4789982477094417,0.95245,0.38625940550147086,0.001,0.951
oracle-boundary/reference,cea-08,joint,ambiguous,0,1.0,0.69410764165507,0.50000048,0.7038282854721148,1.9999999999999998e-05,0.4995199999999999
oracle-boundary/transition1,cea-08,joint,ambiguous,0,1.0,0.69410764165507,0.50000048,0.7038282854721148,1.9999999999999998e-05,0.4995199999999999
oracle-boundary/transition2,cea-08,joint,ambiguous,0,1.0,0.69410764165507,0.50000048,0.7038282854721148,1.9999999999999998e-05,0.4995199999999999
oracle-boundary/transition3,cea-08,joint,ambiguous,0,1.0,0.69410764165507,0.50000048,0.7038282854721148,1.9999999999999998e-05,0.4995199999999999
map/absolute,cea-08,joint,ambiguous,1,0.0,0.6951493862103328,0.5010391429685663,0.7027882634837848,1.9999999999999998e-05,0.5223088456110254
map/present,cea-08,joint,ambiguous,1,0.0,0.9817763680502767,0.5626252924999999,1.2652230253095489,1.9999999999999998e-05,0.37464499999999995
map/recency,cea-08,joint,ambiguous,1,1.0,3.4789982477094417,0.95245,0.38625940550147086,0.001,0.951
map/reference,cea-08,joint,ambiguous,1,0.0,0.6945036400550235,0.5003955619754961,0.703432771656877,1.9999999999999998e-05,0.513574927525535
map/transition1,cea-08,joint,ambiguous,1,0.0,0.6952327845328428,0.5011222010705596,0.7027050655062735,1.9999999999999998e-05,0.5232024942791031
map/transition2,cea-08,joint,ambiguous,1,0.0,0.6952321363919034,0.5011215556271018,0.702705712054531,1.9999999999999998e-05,0.5231956797906824
map/transition3,cea-08,joint,ambiguous,1,0.0,0.6951493862103328,0.5010391429685663,0.7027882634837848,1.9999999999999998e-05,0.5223088456110254
mixture/absolute,cea-08,joint,ambiguous,1,0.0,1.3746993819295281,0.8653196468271527,1.049138664396102,0.4931651134159455,0.4931651134159455
mixture/present,cea-08,joint,ambiguous,1,0.0,1.6613263637694722,0.9435664265556258,1.3342059244621942,0.4931651134159455,0.4931651134159455
mixture/recency,cea-08,joint,ambiguous,1,0.0,4.158548243428637,0.9935311337002926,0.8848327379450793,0.4936618215389603,0.4936618215389603
mixture/reference,cea-08,joint,ambiguous,1,0.0,1.374053635774219,0.8651543160973065,1.049465330156229,0.4931651134159455,0.4931651134159455
mixture/transition1,cea-08,joint,ambiguous,1,0.0,1.3747827802520383,0.8653409837789428,1.0490964959152365,0.4931651134159455,0.4931651134159455
mixture/transition2,cea-08,joint,ambiguous,1,0.0,1.374782132111099,0.865340817969761,1.0490968236150031,0.4931651134159455,0.4931651134159455
mixture/transition3,cea-08,joint,ambiguous,1,0.0,1.3746993819295281,0.8653196468271527,1.049138664396102,0.4931651134159455,0.4931651134159455
repaired/absolute,cea-08,joint,ambiguous,1,0.0,0.7062453348108837,0.5119690217401283,0.6917998910686002,1.9999999999999998e-05,0.5768780691981392
repaired/present,cea-08,joint,ambiguous,1,0.0,0.9817763680502767,0.5626252924999999,1.2652230253095489,1.9999999999999998e-05,0.37464499999999995
repaired/recency,cea-08,joint,ambiguous,1,1.0,3.4789982477094417,0.95245,0.38625940550147086,0.001,0.951
repaired/reference,cea-08,joint,ambiguous,1,0.0,0.6997840034994369,0.5056339105656953,0.6981787843823956,1.9999999999999998e-05,0.5525927357769286
repaired/transition1,cea-08,joint,ambiguous,1,0.0,0.7062453348108837,0.5119690217401283,0.6917998910686002,1.9999999999999998e-05,0.5768780691981392
repaired/transition2,cea-08,joint,ambiguous,1,0.0,0.7062453348108837,0.5119690217401283,0.6917998910686002,1.9999999999999998e-05,0.5768780691981392
repaired/transition3,cea-08,joint,ambiguous,1,0.0,0.7062453348108837,0.5119690217401283,0.6917998910686002,1.9999999999999998e-05,0.5768780691981392
streaming/absolute,cea-08,joint,ambiguous,1,0.0,0.9817763680502767,0.5626252924999999,1.2652230253095489,1.9999999999999998e-05,0.37464499999999995
streaming/present,cea-08,joint,ambiguous,1,0.0,0.9817763680502767,0.5626252924999999,1.2652230253095489,1.9999999999999998e-05,0.37464499999999995
streaming/recency,cea-08,joint,ambiguous,1,0.0,1.0293194621721604,0.5694812499999999,1.5615080942797084,0.001,0.35724999999999996
streaming/reference,cea-08,joint,ambiguous,1,0.0,0.9817763680502767,0.5626252924999999,1.2652230253095489,1.9999999999999998e-05,0.37464499999999995
streaming/transition1,cea-08,joint,ambiguous,1,0.0,0.9817763680502767,0.5626252924999999,1.2652230253095489,1.9999999999999998e-05,0.37464499999999995
streaming/transition2,cea-08,joint,ambiguous,1,0.0,0.9817763680502767,0.5626252924999999,1.2652230253095489,1.9999999999999998e-05,0.37464499999999995
streaming/transition3,cea-08,joint,ambiguous,1,0.0,0.9817763680502767,0.5626252924999999,1.2652230253095489,1.9999999999999998e-05,0.37464499999999995
fixed/absolute,cea-08,joint,ambiguous,1,0.0,0.9817763680502767,0.5626252924999999,1.2652230253095489,1.9999999999999998e-05,0.37464499999999995
fixed/present,cea-08,joint,ambiguous,1,0.0,0.9817763680502767,0.5626252924999999,1.2652230253095489,1.9999999999999998e-05,0.37464499999999995
fixed/recency,cea-08,joint,ambiguous,1,0.0,6.907755278982137,1.90245,0.38625940550147086,0.001,0.951
fixed/reference,cea-08,joint,ambiguous,1,0.0,0.9817763680502767,0.5626252924999999,1.2652230253095489,1.9999999999999998e-05,0.37464499999999995
fixed/transition1,cea-08,joint,ambiguous,1,0.0,10.819778284410283,1.99800098,0.011582902361779817,2e-05,0.99902
fixed/transition2,cea-08,joint,ambiguous,1,0.0,0.9817763680502767,0.5626252924999999,1.2652230253095489,1.9999999999999998e-05,0.37464499999999995
fixed/transition3,cea-08,joint,ambiguous,1,0.0,0.9817763680502767,0.5626252924999999,1.2652230253095489,1.9999999999999998e-05,0.37464499999999995
oracle-boundary/absolute,cea-08,joint,ambiguous,1,0.0,0.69410764165507,0.50000048,0.7038282854721148,1.9999999999999998e-05,0.4995199999999999
oracle-boundary/present,cea-08,joint,ambiguous,1,0.0,0.9817763680502767,0.5626252924999999,1.2652230253095489,1.9999999999999998e-05,0.37464499999999995
oracle-boundary/recency,cea-08,joint,ambiguous,1,1.0,3.4789982477094417,0.95245,0.38625940550147086,0.001,0.951
oracle-boundary/reference,cea-08,joint,ambiguous,1,0.0,0.69410764165507,0.50000048,0.7038282854721148,1.9999999999999998e-05,0.4995199999999999
oracle-boundary/transition1,cea-08,joint,ambiguous,1,0.0,0.69410764165507,0.50000048,0.7038282854721148,1.9999999999999998e-05,0.4995199999999999
oracle-boundary/transition2,cea-08,joint,ambiguous,1,0.0,0.69410764165507,0.50000048,0.7038282854721148,1.9999999999999998e-05,0.4995199999999999
oracle-boundary/transition3,cea-08,joint,ambiguous,1,0.0,0.69410764165507,0.50000048,0.7038282854721148,1.9999999999999998e-05,0.4995199999999999
map/absolute,cea-09,detached,intact,0,1.0,0.0009804805139616427,9.800000000392828e-07,0.011582902361780037,1.9999999999999998e-05,0.9990199999999998
map/present,cea-09,detached,intact,0,0.0,10.819778284410283,1.3118752925,1.2652230253095489,1.9999999999999998e-05,0.37464499999999995
map/recency,cea-09,detached,intact,0,1.0,0.05024121643674679,0.0024500000000000632,0.38625940550147086,0.001,0.951
map/reference,cea-09,detached,intact,0,1.0,0.0009804805139616427,9.800000000392828e-07,0.011582902361780037,1.9999999999999998e-05,0.9990199999999998
map/transition1,cea-09,detached,intact,0,0.0,0.6970240085685729,0.5029140348924548,0.7038240493198124,1.9999999999999998e-05,0.50097466140642
map/transition2,cea-09,detached,intact,0,1.0,0.0009804805139616427,9.800000000392828e-07,0.011582902361780037,1.9999999999999998e-05,0.9990199999999998
map/transition3,cea-09,detached,intact,0,1.0,0.0009804805139616427,9.800000000392828e-07,0.011582902361780037,1.9999999999999998e-05,0.9990199999999998
mixture/absolute,cea-09,detached,intact,0,1.0,0.0009804805139616427,9.800000000392828e-07,0.011582902361780037,1.9999999999999998e-05,0.9990199999999998
mixture/present,cea-09,detached,intact,0,0.0,10.819778284410283,1.3118752925,1.2652230253095489,1.9999999999999998e-05,0.37464499999999995
mixture/recency,cea-09,detached,intact,0,1.0,0.05024121643674679,0.0024500000000000632,0.38625940550147086,0.001,0.951
mixture/reference,cea-09,detached,intact,0,1.0,0.0009804805139616427,9.800000000392828e-07,0.011582902361780037,1.9999999999999998e-05,0.9990199999999998
mixture/transition1,cea-09,detached,intact,0,0.0,0.6970240085685729,0.5029140348924548,0.7038240493198124,1.9999999999999998e-05,0.50097466140642
mixture/transition2,cea-09,detached,intact,0,1.0,0.0009804805139616427,9.800000000392828e-07,0.011582902361780037,1.9999999999999998e-05,0.9990199999999998
mixture/transition3,cea-09,detached,intact,0,1.0,0.0009804805139616427,9.800000000392828e-07,0.011582902361780037,1.9999999999999998e-05,0.9990199999999998
repaired/absolute,cea-09,detached,intact,0,1.0,0.0009804805139616427,9.800000000392828e-07,0.011582902361780037,1.9999999999999998e-05,0.9990199999999998
repaired/present,cea-09,detached,intact,0,0.0,10.819778284410283,1.3118752925,1.2652230253095489,1.9999999999999998e-05,0.37464499999999995
repaired/recency,cea-09,detached,intact,0,1.0,0.05024121643674679,0.0024500000000000632,0.38625940550147086,0.001,0.951
repaired/reference,cea-09,detached,intact,0,1.0,0.0009804805139616427,9.800000000392828e-07,0.011582902361780037,1.9999999999999998e-05,0.9990199999999998
repaired/transition1,cea-09,detached,intact,0,0.0,0.6956585876394054,0.5015499346835504,0.7038270857713925,1.9999999999999998e-05,0.5002941280675102
repaired/transition2,cea-09,detached,intact,0,1.0,0.0009804805139616427,9.800000000392828e-07,0.011582902361780037,1.9999999999999998e-05,0.9990199999999998
repaired/transition3,cea-09,detached,intact,0,1.0,0.0009804805139616427,9.800000000392828e-07,0.011582902361780037,1.9999999999999998e-05,0.9990199999999998
streaming/absolute,cea-09,detached,intact,0,1.0,0.0009804805139616427,9.800000000392828e-07,0.011582902361780037,1.9999999999999998e-05,0.9990199999999998
streaming/present,cea-09,detached,intact,0,0.0,10.819778284410283,1.3118752925,1.2652230253095489,1.9999999999999998e-05,0.37464499999999995
streaming/recency,cea-09,detached,intact,0,1.0,0.05024121643674679,0.0024500000000000632,0.38625940550147086,0.001,0.951
streaming/reference,cea-09,detached,intact,0,1.0,0.0009804805139616427,9.800000000392828e-07,0.011582902361780037,1.9999999999999998e-05,0.9990199999999998
streaming/transition1,cea-09,detached,intact,0,0.0,1.9840013573842983,1.4860958008731364,0.411636428105083,2e-05,0.8615221232204526
streaming/transition2,cea-09,detached,intact,0,1.0,0.0009804805139616427,9.800000000392828e-07,0.011582902361780037,1.9999999999999998e-05,0.9990199999999998
streaming/transition3,cea-09,detached,intact,0,1.0,0.0009804805139616427,9.800000000392828e-07,0.011582902361780037,1.9999999999999998e-05,0.9990199999999998
fixed/absolute,cea-09,detached,intact,0,0.0,10.819778284410283,1.3118752925,1.2652230253095489,1.9999999999999998e-05,0.37464499999999995
fixed/present,cea-09,detached,intact,0,0.0,10.819778284410283,1.3118752925,1.2652230253095489,1.9999999999999998e-05,0.37464499999999995
fixed/recency,cea-09,detached,intact,0,0.0,6.907755278982137,1.2819812499999999,1.5615080942797084,0.001,0.35724999999999996
fixed/reference,cea-09,detached,intact,0,0.0,10.819778284410283,1.3118752925,1.2652230253095489,1.9999999999999998e-05,0.37464499999999995
fixed/transition1,cea-09,detached,intact,0,0.0,10.819778284410283,1.3118752925,1.2652230253095489,1.9999999999999998e-05,0.37464499999999995
fixed/transition2,cea-09,detached,intact,0,0.0,10.819778284410283,1.3118752925,1.2652230253095489,1.9999999999999998e-05,0.37464499999999995
fixed/transition3,cea-09,detached,intact,0,0.0,10.819778284410283,1.3118752925,1.2652230253095489,1.9999999999999998e-05,0.37464499999999995
oracle-boundary/absolute,cea-09,detached,intact,0,1.0,0.0009804805139616427,9.800000000392828e-07,0.011582902361780037,1.9999999999999998e-05,0.9990199999999998
oracle-boundary/present,cea-09,detached,intact,0,0.0,10.819778284410283,1.3118752925,1.2652230253095489,1.9999999999999998e-05,0.37464499999999995
oracle-boundary/recency,cea-09,detached,intact,0,1.0,0.05024121643674679,0.0024500000000000632,0.38625940550147086,0.001,0.951
oracle-boundary/reference,cea-09,detached,intact,0,1.0,0.0009804805139616427,9.800000000392828e-07,0.011582902361780037,1.9999999999999998e-05,0.9990199999999998
oracle-boundary/transition1,cea-09,detached,intact,0,1.0,0.69410764165507,0.50000048,0.7038282854721148,1.9999999999999998e-05,0.4995199999999999
oracle-boundary/transition2,cea-09,detached,intact,0,1.0,0.0009804805139616427,9.800000000392828e-07,0.011582902361780037,1.9999999999999998e-05,0.9990199999999998
oracle-boundary/transition3,cea-09,detached,intact,0,1.0,0.0009804805139616427,9.800000000392828e-07,0.011582902361780037,1.9999999999999998e-05,0.9990199999999998
map/absolute,cea-09,detached,intact,1,1.0,0.0009804805139614205,9.800000000392828e-07,0.011582902361779817,2e-05,0.99902
map/present,cea-09,detached,intact,1,0.0,10.819778284410283,1.3118752925,1.2652230253095489,1.9999999999999998e-05,0.37464499999999995
map/recency,cea-09,detached,intact,1,1.0,0.05024121643674679,0.0024500000000000632,0.38625940550147086,0.001,0.951
map/reference,cea-09,detached,intact,1,1.0,0.0009804805139614205,9.800000000392828e-07,0.011582902361779817,2e-05,0.99902
map/transition1,cea-09,detached,intact,1,0.0,0.6970240085685729,0.5029140348924548,0.7038240493198124,1.9999999999999998e-05,0.50097466140642
map/transition2,cea-09,detached,intact,1,1.0,0.0009804805139614205,9.800000000392828e-07,0.011582902361779817,2e-05,0.99902
map/transition3,cea-09,detached,intact,1,1.0,0.0009804805139614205,9.800000000392828e-07,0.011582902361779817,2e-05,0.99902
mixture/absolute,cea-09,detached,intact,1,1.0,0.0009804805139614205,9.800000000392828e-07,0.011582902361779817,2e-05,0.99902
mixture/present,cea-09,detached,intact,1,0.0,10.819778284410283,1.3118752925,1.2652230253095489,1.9999999999999998e-05,0.37464499999999995
mixture/recency,cea-09,detached,intact,1,1.0,0.05024121643674679,0.0024500000000000632,0.38625940550147086,0.001,0.951
mixture/reference,cea-09,detached,intact,1,1.0,0.0009804805139614205,9.800000000392828e-07,0.011582902361779817,2e-05,0.99902
mixture/transition1,cea-09,detached,intact,1,0.0,0.6970240085685729,0.5029140348924548,0.7038240493198124,1.9999999999999998e-05,0.50097466140642
mixture/transition2,cea-09,detached,intact,1,1.0,0.0009804805139614205,9.800000000392828e-07,0.011582902361779817,2e-05,0.99902
mixture/transition3,cea-09,detached,intact,1,1.0,0.0009804805139614205,9.800000000392828e-07,0.011582902361779817,2e-05,0.99902
repaired/absolute,cea-09,detached,intact,1,1.0,0.0009804805139614205,9.800000000392828e-07,0.011582902361779817,2e-05,0.99902
repaired/present,cea-09,detached,intact,1,0.0,10.819778284410283,1.3118752925,1.2652230253095489,1.9999999999999998e-05,0.37464499999999995
repaired/recency,cea-09,detached,intact,1,1.0,0.05024121643674679,0.0024500000000000632,0.38625940550147086,0.001,0.951
repaired/reference,cea-09,detached,intact,1,1.0,0.0009804805139614205,9.800000000392828e-07,0.011582902361779817,2e-05,0.99902
repaired/transition1,cea-09,detached,intact,1,0.0,0.6953497889106419,0.5012414334175885,0.7038275157042809,1.9999999999999998e-05,0.5001400921944645
repaired/transition2,cea-09,detached,intact,1,1.0,0.0009804805139614205,9.800000000392828e-07,0.011582902361779817,2e-05,0.99902
repaired/transition3,cea-09,detached,intact,1,1.0,0.0009804805139614205,9.800000000392828e-07,0.011582902361779817,2e-05,0.99902
streaming/absolute,cea-09,detached,intact,1,1.0,0.0009804805139614205,9.800000000392828e-07,0.011582902361779817,2e-05,0.99902
streaming/present,cea-09,detached,intact,1,0.0,10.819778284410283,1.3118752925,1.2652230253095489,1.9999999999999998e-05,0.37464499999999995
streaming/recency,cea-09,detached,intact,1,1.0,0.05024121643674679,0.0024500000000000632,0.38625940550147086,0.001,0.951
streaming/reference,cea-09,detached,intact,1,1.0,0.0009804805139614205,9.800000000392828e-07,0.011582902361779817,2e-05,0.99902
streaming/transition1,cea-09,detached,intact,1,1.0,0.1694038691173227,0.048269029212192116,0.4422528692813586,2e-05,0.8441679011854166
streaming/transition2,cea-09,detached,intact,1,1.0,0.0009804805139614205,9.800000000392828e-07,0.011582902361779817,2e-05,0.99902
streaming/transition3,cea-09,detached,intact,1,1.0,0.0009804805139614205,9.800000000392828e-07,0.011582902361779817,2e-05,0.99902
fixed/absolute,cea-09,detached,intact,1,0.0,10.819778284410283,1.3118752925,1.2652230253095489,1.9999999999999998e-05,0.37464499999999995
fixed/present,cea-09,detached,intact,1,0.0,10.819778284410283,1.3118752925,1.2652230253095489,1.9999999999999998e-05,0.37464499999999995
fixed/recency,cea-09,detached,intact,1,0.0,6.9077552674814,1.902449999955147,0.38625940558033733,0.001,0.9509999999884993
fixed/reference,cea-09,detached,intact,1,0.0,10.819778284410283,1.3118752925,1.2652230253095489,1.9999999999999998e-05,0.37464499999999995
fixed/transition1,cea-09,detached,intact,1,0.0,10.819777679713777,1.998000979951649,0.011582902492621585,2e-05,0.9990199999879061
fixed/transition2,cea-09,detached,intact,1,0.0,10.819778284410283,1.3118752925,1.2652230253095489,1.9999999999999998e-05,0.37464499999999995
fixed/transition3,cea-09,detached,intact,1,0.0,10.819778284410283,1.3118752925,1.2652230253095489,1.9999999999999998e-05,0.37464499999999995
oracle-boundary/absolute,cea-09,detached,intact,1,1.0,0.0009804805139614205,9.800000000392828e-07,0.011582902361779817,2e-05,0.99902
oracle-boundary/present,cea-09,detached,intact,1,0.0,10.819778284410283,1.3118752925,1.2652230253095489,1.9999999999999998e-05,0.37464499999999995
oracle-boundary/recency,cea-09,detached,intact,1,1.0,0.05024121643674679,0.0024500000000000632,0.38625940550147086,0.001,0.951
oracle-boundary/reference,cea-09,detached,intact,1,1.0,0.0009804805139614205,9.800000000392828e-07,0.011582902361779817,2e-05,0.99902
oracle-boundary/transition1,cea-09,detached,intact,1,0.0,0.69410764165507,0.50000048,0.7038282854721148,1.9999999999999998e-05,0.4995199999999999
oracle-boundary/transition2,cea-09,detached,intact,1,1.0,0.0009804805139614205,9.800000000392828e-07,0.011582902361779817,2e-05,0.99902
oracle-boundary/transition3,cea-09,detached,intact,1,1.0,0.0009804805139614205,9.800000000392828e-07,0.011582902361779817,2e-05,0.99902
map/absolute,cea-09,legato,intact,0,1.0,0.0009804805139616427,9.800000000392828e-07,0.011582902361780037,1.9999999999999998e-05,0.9990199999999998
map/present,cea-09,legato,intact,0,0.0,10.819778284410283,1.3118752925,1.2652230253095489,1.9999999999999998e-05,0.37464499999999995
map/recency,cea-09,legato,intact,0,1.0,0.05024121643674679,0.0024500000000000632,0.38625940550147086,0.001,0.951
map/reference,cea-09,legato,intact,0,1.0,0.0009804805139616427,9.800000000392828e-07,0.011582902361780037,1.9999999999999998e-05,0.9990199999999998
map/transition1,cea-09,legato,intact,0,1.0,0.5680962655594798,0.3748346089509007,0.6947920823187297,1.999999999999999e-05,0.5666030743948091
map/transition2,cea-09,legato,intact,0,1.0,0.0009804805139616427,9.800000000392828e-07,0.011582902361780037,1.9999999999999998e-05,0.9990199999999998
map/transition3,cea-09,legato,intact,0,1.0,0.0009804805139616427,9.800000000392828e-07,0.011582902361780037,1.9999999999999998e-05,0.9990199999999998
mixture/absolute,cea-09,legato,intact,0,1.0,0.0009804805139616427,9.800000000392828e-07,0.011582902361780037,1.9999999999999998e-05,0.9990199999999998
mixture/present,cea-09,legato,intact,0,0.0,10.819778284410283,1.3118752925,1.2652230253095489,1.9999999999999998e-05,0.37464499999999995
mixture/recency,cea-09,legato,intact,0,1.0,0.05024121643674679,0.0024500000000000632,0.38625940550147086,0.001,0.951
mixture/reference,cea-09,legato,intact,0,1.0,0.0009804805139616427,9.800000000392828e-07,0.011582902361780037,1.9999999999999998e-05,0.9990199999999998
mixture/transition1,cea-09,legato,intact,0,1.0,0.5680962655594798,0.3748346089509007,0.6947920823187297,1.999999999999999e-05,0.5666030743948091
mixture/transition2,cea-09,legato,intact,0,1.0,0.0009804805139616427,9.800000000392828e-07,0.011582902361780037,1.9999999999999998e-05,0.9990199999999998
mixture/transition3,cea-09,legato,intact,0,1.0,0.0009804805139616427,9.800000000392828e-07,0.011582902361780037,1.9999999999999998e-05,0.9990199999999998
repaired/absolute,cea-09,legato,intact,0,1.0,0.0009804805139616427,9.800000000392828e-07,0.011582902361780037,1.9999999999999998e-05,0.9990199999999998
repaired/present,cea-09,legato,intact,0,0.0,10.819778284410283,1.3118752925,1.2652230253095489,1.9999999999999998e-05,0.37464499999999995
repaired/recency,cea-09,legato,intact,0,1.0,0.05024121643674679,0.0024500000000000632,0.38625940550147086,0.001,0.951
repaired/reference,cea-09,legato,intact,0,1.0,0.0009804805139616427,9.800000000392828e-07,0.011582902361780037,1.9999999999999998e-05,0.9990199999999998
repaired/transition1,cea-09,legato,intact,0,1.0,0.6920702671497025,0.4979650622001577,0.7038262077862372,1.9999999999999998e-05,0.5005387467448512
repaired/transition2,cea-09,legato,intact,0,1.0,0.0009804805139616427,9.800000000392828e-07,0.011582902361780037,1.9999999999999998e-05,0.9990199999999998
repaired/transition3,cea-09,legato,intact,0,1.0,0.0009804805139616427,9.800000000392828e-07,0.011582902361780037,1.9999999999999998e-05,0.9990199999999998
streaming/absolute,cea-09,legato,intact,0,0.0,10.819778284410283,1.3118752925,1.2652230253095489,1.9999999999999998e-05,0.37464499999999995
streaming/present,cea-09,legato,intact,0,0.0,10.819778284410283,1.3118752925,1.2652230253095489,1.9999999999999998e-05,0.37464499999999995
streaming/recency,cea-09,legato,intact,0,1.0,0.05024121643674679,0.0024500000000000632,0.38625940550147086,0.001,0.951
streaming/reference,cea-09,legato,intact,0,0.0,10.819778284410283,1.3118752925,1.2652230253095489,1.9999999999999998e-05,0.37464499999999995
streaming/transition1,cea-09,legato,intact,0,0.0,10.819778284410283,1.3118752925,1.2652230253095489,1.9999999999999998e-05,0.37464499999999995
streaming/transition2,cea-09,legato,intact,0,0.0,10.819778284410283,1.3118752925,1.2652230253095489,1.9999999999999998e-05,0.37464499999999995
streaming/transition3,cea-09,legato,intact,0,0.0,10.819778284410283,1.3118752925,1.2652230253095489,1.9999999999999998e-05,0.37464499999999995
fixed/absolute,cea-09,legato,intact,0,0.0,10.819778284410283,1.3118752925,1.2652230253095489,1.9999999999999998e-05,0.37464499999999995
fixed/present,cea-09,legato,intact,0,0.0,10.819778284410283,1.3118752925,1.2652230253095489,1.9999999999999998e-05,0.37464499999999995
fixed/recency,cea-09,legato,intact,0,0.0,6.907755278982137,1.90245,0.38625940550147086,0.001,0.951
fixed/reference,cea-09,legato,intact,0,0.0,10.819778284410283,1.3118752925,1.2652230253095489,1.9999999999999998e-05,0.37464499999999995
fixed/transition1,cea-09,legato,intact,0,0.0,10.819778284410283,1.99800098,0.011582902361779817,2e-05,0.99902
fixed/transition2,cea-09,legato,intact,0,0.0,10.819778284410283,1.3118752925,1.2652230253095489,1.9999999999999998e-05,0.37464499999999995
fixed/transition3,cea-09,legato,intact,0,0.0,10.819778284410283,1.3118752925,1.2652230253095489,1.9999999999999998e-05,0.37464499999999995
oracle-boundary/absolute,cea-09,legato,intact,0,1.0,0.0009804805139616427,9.800000000392828e-07,0.011582902361780037,1.9999999999999998e-05,0.9990199999999998
oracle-boundary/present,cea-09,legato,intact,0,0.0,10.819778284410283,1.3118752925,1.2652230253095489,1.9999999999999998e-05,0.37464499999999995
oracle-boundary/recency,cea-09,legato,intact,0,1.0,0.05024121643674679,0.0024500000000000632,0.38625940550147086,0.001,0.951
oracle-boundary/reference,cea-09,legato,intact,0,1.0,0.0009804805139616427,9.800000000392828e-07,0.011582902361780037,1.9999999999999998e-05,0.9990199999999998
oracle-boundary/transition1,cea-09,legato,intact,0,1.0,0.69410764165507,0.50000048,0.7038282854721148,1.9999999999999998e-05,0.4995199999999999
oracle-boundary/transition2,cea-09,legato,intact,0,1.0,0.0009804805139616427,9.800000000392828e-07,0.011582902361780037,1.9999999999999998e-05,0.9990199999999998
oracle-boundary/transition3,cea-09,legato,intact,0,1.0,0.0009804805139616427,9.800000000392828e-07,0.011582902361780037,1.9999999999999998e-05,0.9990199999999998
map/absolute,cea-09,legato,intact,1,1.0,0.0009804805139614205,9.800000000392828e-07,0.011582902361779817,2e-05,0.99902
map/present,cea-09,legato,intact,1,0.0,10.819778284410283,1.3118752925,1.2652230253095489,1.9999999999999998e-05,0.37464499999999995
map/recency,cea-09,legato,intact,1,1.0,0.05024121643674679,0.0024500000000000632,0.38625940550147086,0.001,0.951
map/reference,cea-09,legato,intact,1,1.0,0.0009804805139614205,9.800000000392828e-07,0.011582902361779817,2e-05,0.99902
map/transition1,cea-09,legato,intact,1,1.0,0.6634120022228686,0.46934369882226834,0.7033428386627186,1.9999999999999998e-05,0.5150908417001159
map/transition2,cea-09,legato,intact,1,1.0,0.0009804805139614205,9.800000000392828e-07,0.011582902361779817,2e-05,0.99902
map/transition3,cea-09,legato,intact,1,1.0,0.0009804805139614205,9.800000000392828e-07,0.011582902361779817,2e-05,0.99902
mixture/absolute,cea-09,legato,intact,1,1.0,0.08899570990391692,0.014352290291287595,0.2994701206060652,0.08427138458858137,0.9148494983582827
mixture/present,cea-09,legato,intact,1,0.0,10.90779351380024,1.2686348423976708,1.4474872149591136,0.08427138458858137,0.3430800087209853
mixture/recency,cea-09,legato,intact,1,1.0,0.1382564458267023,0.023967159960431417,0.6376901939084033,0.0851688165803244,0.8708753307628744
mixture/reference,cea-09,legato,intact,1,1.0,0.08899570990391692,0.014352290291287595,0.2994701206060652,0.08427138458858137,0.9148494983582827
mixture/transition1,cea-09,legato,intact,1,1.0,0.7514272316128241,0.4826141609908903,0.9329471588127791,0.08427138458858137,0.47169285713829207
mixture/transition2,cea-09,legato,intact,1,1.0,0.08899570990391692,0.014352290291287595,0.2994701206060652,0.08427138458858137,0.9148494983582827
mixture/transition3,cea-09,legato,intact,1,1.0,0.08899570990391692,0.014352290291287595,0.2994701206060652,0.08427138458858137,0.9148494983582827
repaired/absolute,cea-09,legato,intact,1,1.0,0.0009804805139614205,9.800000000392828e-07,0.011582902361779817,2e-05,0.99902
repaired/present,cea-09,legato,intact,1,0.0,10.819778284410283,1.3118752925,1.2652230253095489,1.9999999999999998e-05,0.37464499999999995
repaired/recency,cea-09,legato,intact,1,1.0,0.05024121643674679,0.0024500000000000632,0.38625940550147086,0.001,0.951
repaired/reference,cea-09,legato,intact,1,1.0,0.0009804805139614205,9.800000000392828e-07,0.011582902361779817,2e-05,0.99902
repaired/transition1,cea-09,legato,intact,1,1.0,0.6920702671497023,0.4979650622001577,0.7038262077862372,2e-05,0.5005387467448513
repaired/transition2,cea-09,legato,intact,1,1.0,0.0009804805139614205,9.800000000392828e-07,0.011582902361779817,2e-05,0.99902
repaired/transition3,cea-09,legato,intact,1,1.0,0.0009804805139614205,9.800000000392828e-07,0.011582902361779817,2e-05,0.99902
streaming/absolute,cea-09,legato,intact,1,0.0,10.819778284410283,1.3118752925,1.2652230253095489,1.9999999999999998e-05,0.37464499999999995
streaming/present,cea-09,legato,intact,1,0.0,10.819778284410283,1.3118752925,1.2652230253095489,1.9999999999999998e-05,0.37464499999999995
streaming/recency,cea-09,legato,intact,1,0.0,6.907755278982137,1.90245,0.38625940550147086,0.001,0.951
streaming/reference,cea-09,legato,intact,1,0.0,10.819778284410283,1.3118752925,1.2652230253095489,1.9999999999999998e-05,0.37464499999999995
streaming/transition1,cea-09,legato,intact,1,0.0,10.819778284410283,1.3118752925,1.2652230253095489,1.9999999999999998e-05,0.37464499999999995
streaming/transition2,cea-09,legato,intact,1,0.0,10.819778284410283,1.3118752925,1.2652230253095489,1.9999999999999998e-05,0.37464499999999995
streaming/transition3,cea-09,legato,intact,1,0.0,10.819778284410283,1.3118752925,1.2652230253095489,1.9999999999999998e-05,0.37464499999999995
fixed/absolute,cea-09,legato,intact,1,0.0,10.819778284410283,1.3118752925,1.2652230253095489,1.9999999999999998e-05,0.37464499999999995
fixed/present,cea-09,legato,intact,1,0.0,10.819778284410283,1.3118752925,1.2652230253095489,1.9999999999999998e-05,0.37464499999999995
fixed/recency,cea-09,legato,intact,1,0.0,6.907755278982137,1.90245,0.38625940550147086,0.001,0.951
fixed/reference,cea-09,legato,intact,1,0.0,10.819778284410283,1.3118752925,1.2652230253095489,1.9999999999999998e-05,0.37464499999999995
fixed/transition1,cea-09,legato,intact,1,0.0,10.819778284410283,1.99800098,0.011582902361779817,2e-05,0.99902
fixed/transition2,cea-09,legato,intact,1,0.0,10.819778284410283,1.3118752925,1.2652230253095489,1.9999999999999998e-05,0.37464499999999995
fixed/transition3,cea-09,legato,intact,1,0.0,10.819778284410283,1.3118752925,1.2652230253095489,1.9999999999999998e-05,0.37464499999999995
oracle-boundary/absolute,cea-09,legato,intact,1,1.0,0.0009804805139614205,9.800000000392828e-07,0.011582902361779817,2e-05,0.99902
oracle-boundary/present,cea-09,legato,intact,1,0.0,10.819778284410283,1.3118752925,1.2652230253095489,1.9999999999999998e-05,0.37464499999999995
oracle-boundary/recency,cea-09,legato,intact,1,1.0,0.05024121643674679,0.0024500000000000632,0.38625940550147086,0.001,0.951
oracle-boundary/reference,cea-09,legato,intact,1,1.0,0.0009804805139614205,9.800000000392828e-07,0.011582902361779817,2e-05,0.99902
oracle-boundary/transition1,cea-09,legato,intact,1,0.0,0.69410764165507,0.50000048,0.7038282854721148,1.9999999999999998e-05,0.4995199999999999
oracle-boundary/transition2,cea-09,legato,intact,1,1.0,0.0009804805139614205,9.800000000392828e-07,0.011582902361779817,2e-05,0.99902
oracle-boundary/transition3,cea-09,legato,intact,1,1.0,0.0009804805139614205,9.800000000392828e-07,0.011582902361779817,2e-05,0.99902
map/absolute,cea-09,duration,intact,0,1.0,0.0009804805139616427,9.800000000392828e-07,0.011582902361780037,1.9999999999999998e-05,0.9990199999999998
map/present,cea-09,duration,intact,0,0.0,10.819778284410283,1.3118752925,1.2652230253095489,1.9999999999999998e-05,0.37464499999999995
map/recency,cea-09,duration,intact,0,1.0,0.05024121643674679,0.0024500000000000632,0.38625940550147086,0.001,0.951
map/reference,cea-09,duration,intact,0,1.0,0.0009804805139616427,9.800000000392828e-07,0.011582902361780037,1.9999999999999998e-05,0.9990199999999998
map/transition1,cea-09,duration,intact,0,0.0,0.6959987613967533,0.5018897803059095,0.7038265023954232,2e-05,0.5004637594710156
map/transition2,cea-09,duration,intact,0,1.0,0.0009804805139616427,9.800000000392828e-07,0.011582902361780037,1.9999999999999998e-05,0.9990199999999998
map/transition3,cea-09,duration,intact,0,1.0,0.0009804805139616427,9.800000000392828e-07,0.011582902361780037,1.9999999999999998e-05,0.9990199999999998
mixture/absolute,cea-09,duration,intact,0,1.0,0.36458887543004215,0.18627503691711467,0.6228059762008886,0.30485053231056003,0.6944821108533212
mixture/present,cea-09,duration,intact,0,0.0,11.183386679326363,1.2436397642874608,1.494290670036031,0.30485053231056003,0.30485053231056003
mixture/recency,cea-09,duration,intact,0,1.0,0.4138496113528273,0.20822583435163078,0.8784953281416528,0.3055317924140978,0.661100365779973
mixture/reference,cea-09,duration,intact,0,1.0,0.36458887543004215,0.18627503691711467,0.6228059762008886,0.30485053231056003,0.6944821108533212
mixture/transition1,cea-09,duration,intact,0,0.0,1.0596071563128335,0.6409131937075734,1.1040283707235876,0.30485053231056003,0.34790407407561397
mixture/transition2,cea-09,duration,intact,0,1.0,0.36458887543004215,0.18627503691711467,0.6228059762008886,0.30485053231056003,0.6944821108533212
mixture/transition3,cea-09,duration,intact,0,1.0,0.36458887543004215,0.18627503691711467,0.6228059762008886,0.30485053231056003,0.6944821108533212
repaired/absolute,cea-09,duration,intact,0,1.0,0.0009804805139616427,9.800000000392828e-07,0.011582902361780037,1.9999999999999998e-05,0.9990199999999998
repaired/present,cea-09,duration,intact,0,0.0,10.819778284410283,1.3118752925,1.2652230253095489,1.9999999999999998e-05,0.37464499999999995
repaired/recency,cea-09,duration,intact,0,1.0,0.05024121643674679,0.0024500000000000632,0.38625940550147086,0.001,0.951
repaired/reference,cea-09,duration,intact,0,1.0,0.0009804805139616427,9.800000000392828e-07,0.011582902361780037,1.9999999999999998e-05,0.9990199999999998
repaired/transition1,cea-09,duration,intact,0,1.0,0.6940596403975832,0.4999525248226522,0.7038282843211052,1.9999999999999998e-05,0.4995439781636261
repaired/transition2,cea-09,duration,intact,0,1.0,0.0009804805139616427,9.800000000392828e-07,0.011582902361780037,1.9999999999999998e-05,0.9990199999999998
repaired/transition3,cea-09,duration,intact,0,1.0,0.0009804805139616427,9.800000000392828e-07,0.011582902361780037,1.9999999999999998e-05,0.9990199999999998
streaming/absolute,cea-09,duration,intact,0,0.0,10.819778284410283,1.3118752925,1.2652230253095489,1.9999999999999998e-05,0.37464499999999995
streaming/present,cea-09,duration,intact,0,0.0,10.819778284410283,1.3118752925,1.2652230253095489,1.9999999999999998e-05,0.37464499999999995
streaming/recency,cea-09,duration,intact,0,1.0,0.05024121643674679,0.0024500000000000632,0.38625940550147086,0.001,0.951
streaming/reference,cea-09,duration,intact,0,0.0,10.819778284410283,1.3118752925,1.2652230253095489,1.9999999999999998e-05,0.37464499999999995
streaming/transition1,cea-09,duration,intact,0,0.0,10.819778284410283,1.3118752925,1.2652230253095489,1.9999999999999998e-05,0.37464499999999995
streaming/transition2,cea-09,duration,intact,0,0.0,10.819778284410283,1.3118752925,1.2652230253095489,1.9999999999999998e-05,0.37464499999999995
streaming/transition3,cea-09,duration,intact,0,0.0,10.819778284410283,1.3118752925,1.2652230253095489,1.9999999999999998e-05,0.37464499999999995
fixed/absolute,cea-09,duration,intact,0,0.0,10.819778284410283,1.3118752925,1.2652230253095489,1.9999999999999998e-05,0.37464499999999995
fixed/present,cea-09,duration,intact,0,0.0,10.819778284410283,1.3118752925,1.2652230253095489,1.9999999999999998e-05,0.37464499999999995
fixed/recency,cea-09,duration,intact,0,0.0,6.907755278982137,1.90245,0.38625940550147086,0.001,0.951
fixed/reference,cea-09,duration,intact,0,0.0,10.819778284410283,1.3118752925,1.2652230253095489,1.9999999999999998e-05,0.37464499999999995
fixed/transition1,cea-09,duration,intact,0,0.0,10.819778284410283,1.3118752925,1.2652230253095489,1.9999999999999998e-05,0.37464499999999995
fixed/transition2,cea-09,duration,intact,0,0.0,10.819778284410283,1.3118752925,1.2652230253095489,1.9999999999999998e-05,0.37464499999999995
fixed/transition3,cea-09,duration,intact,0,0.0,10.819778284410283,1.3118752925,1.2652230253095489,1.9999999999999998e-05,0.37464499999999995
oracle-boundary/absolute,cea-09,duration,intact,0,1.0,0.0009804805139616427,9.800000000392828e-07,0.011582902361780037,1.9999999999999998e-05,0.9990199999999998
oracle-boundary/present,cea-09,duration,intact,0,0.0,10.819778284410283,1.3118752925,1.2652230253095489,1.9999999999999998e-05,0.37464499999999995
oracle-boundary/recency,cea-09,duration,intact,0,1.0,0.05024121643674679,0.0024500000000000632,0.38625940550147086,0.001,0.951
oracle-boundary/reference,cea-09,duration,intact,0,1.0,0.0009804805139616427,9.800000000392828e-07,0.011582902361780037,1.9999999999999998e-05,0.9990199999999998
oracle-boundary/transition1,cea-09,duration,intact,0,1.0,0.69410764165507,0.50000048,0.7038282854721148,1.9999999999999998e-05,0.4995199999999999
oracle-boundary/transition2,cea-09,duration,intact,0,1.0,0.0009804805139616427,9.800000000392828e-07,0.011582902361780037,1.9999999999999998e-05,0.9990199999999998
oracle-boundary/transition3,cea-09,duration,intact,0,1.0,0.0009804805139616427,9.800000000392828e-07,0.011582902361780037,1.9999999999999998e-05,0.9990199999999998
map/absolute,cea-09,duration,intact,1,1.0,0.0009804805139614205,9.800000000392828e-07,0.011582902361779817,2e-05,0.99902
map/present,cea-09,duration,intact,1,0.0,10.819778284410283,1.3118752925,1.2652230253095489,1.9999999999999998e-05,0.37464499999999995
map/recency,cea-09,duration,intact,1,1.0,0.05024121643674679,0.0024500000000000632,0.38625940550147086,0.001,0.951
map/reference,cea-09,duration,intact,1,1.0,0.0009804805139614205,9.800000000392828e-07,0.011582902361779817,2e-05,0.99902
map/transition1,cea-09,duration,intact,1,1.0,0.5944040934957632,0.40074330817021164,0.6983273953425138,1.9999999999999998e-05,0.5518913435389711
map/transition2,cea-09,duration,intact,1,1.0,0.0009804805139614205,9.800000000392828e-07,0.011582902361779817,2e-05,0.99902
map/transition3,cea-09,duration,intact,1,1.0,0.0009804805139614205,9.800000000392828e-07,0.011582902361779817,2e-05,0.99902
mixture/absolute,cea-09,duration,intact,1,1.0,0.364588875430042,0.18627503691711467,0.6228059762008885,0.30485053231056003,0.6944821108533213
mixture/present,cea-09,duration,intact,1,0.0,11.183386679326363,1.2436397642874608,1.494290670036031,0.30485053231056003,0.30485053231056003
mixture/recency,cea-09,duration,intact,1,1.0,0.4138496113528273,0.20822583435163078,0.8784953281416528,0.3055317924140978,0.661100365779973
mixture/reference,cea-09,duration,intact,1,1.0,0.364588875430042,0.18627503691711467,0.6228059762008885,0.30485053231056003,0.6944821108533213
mixture/transition1,cea-09,duration,intact,1,1.0,0.9580124884118437,0.5694378062278815,1.1002055929274346,0.30485053231056003,0.3836546467764611
mixture/transition2,cea-09,duration,intact,1,1.0,0.364588875430042,0.18627503691711467,0.6228059762008885,0.30485053231056003,0.6944821108533213
mixture/transition3,cea-09,duration,intact,1,1.0,0.364588875430042,0.18627503691711467,0.6228059762008885,0.30485053231056003,0.6944821108533213
repaired/absolute,cea-09,duration,intact,1,1.0,0.0009804805139614205,9.800000000392828e-07,0.011582902361779817,2e-05,0.99902
repaired/present,cea-09,duration,intact,1,0.0,10.819778284410283,1.3118752925,1.2652230253095489,1.9999999999999998e-05,0.37464499999999995
repaired/recency,cea-09,duration,intact,1,1.0,0.05024121643674679,0.0024500000000000632,0.38625940550147086,0.001,0.951
repaired/reference,cea-09,duration,intact,1,1.0,0.0009804805139614205,9.800000000392828e-07,0.011582902361779817,2e-05,0.99902
repaired/transition1,cea-09,duration,intact,1,1.0,0.6935426159645368,0.4994359966410453,0.7038281259081963,2e-05,0.4998023213848417
repaired/transition2,cea-09,duration,intact,1,1.0,0.0009804805139614205,9.800000000392828e-07,0.011582902361779817,2e-05,0.99902
repaired/transition3,cea-09,duration,intact,1,1.0,0.0009804805139614205,9.800000000392828e-07,0.011582902361779817,2e-05,0.99902
streaming/absolute,cea-09,duration,intact,1,0.0,10.819778284410283,1.3118752925,1.2652230253095489,1.9999999999999998e-05,0.37464499999999995
streaming/present,cea-09,duration,intact,1,0.0,10.819778284410283,1.3118752925,1.2652230253095489,1.9999999999999998e-05,0.37464499999999995
streaming/recency,cea-09,duration,intact,1,1.0,0.05024121643674679,0.0024500000000000632,0.38625940550147086,0.001,0.951
streaming/reference,cea-09,duration,intact,1,0.0,10.819778284410283,1.3118752925,1.2652230253095489,1.9999999999999998e-05,0.37464499999999995
streaming/transition1,cea-09,duration,intact,1,0.0,10.819778284410283,1.3118752925,1.2652230253095489,1.9999999999999998e-05,0.37464499999999995
streaming/transition2,cea-09,duration,intact,1,0.0,10.819778284410283,1.3118752925,1.2652230253095489,1.9999999999999998e-05,0.37464499999999995
streaming/transition3,cea-09,duration,intact,1,0.0,10.819778284410283,1.3118752925,1.2652230253095489,1.9999999999999998e-05,0.37464499999999995
fixed/absolute,cea-09,duration,intact,1,0.0,10.819778284410283,1.3118752925,1.2652230253095489,1.9999999999999998e-05,0.37464499999999995
fixed/present,cea-09,duration,intact,1,0.0,10.819778284410283,1.3118752925,1.2652230253095489,1.9999999999999998e-05,0.37464499999999995
fixed/recency,cea-09,duration,intact,1,0.0,6.907755278982137,1.90245,0.38625940550147086,0.001,0.951
fixed/reference,cea-09,duration,intact,1,0.0,10.819778284410283,1.3118752925,1.2652230253095489,1.9999999999999998e-05,0.37464499999999995
fixed/transition1,cea-09,duration,intact,1,0.0,10.819778284410283,1.3118752925,1.2652230253095489,1.9999999999999998e-05,0.37464499999999995
fixed/transition2,cea-09,duration,intact,1,0.0,10.819778284410283,1.3118752925,1.2652230253095489,1.9999999999999998e-05,0.37464499999999995
fixed/transition3,cea-09,duration,intact,1,0.0,10.819778284410283,1.3118752925,1.2652230253095489,1.9999999999999998e-05,0.37464499999999995
oracle-boundary/absolute,cea-09,duration,intact,1,1.0,0.0009804805139614205,9.800000000392828e-07,0.011582902361779817,2e-05,0.99902
oracle-boundary/present,cea-09,duration,intact,1,0.0,10.819778284410283,1.3118752925,1.2652230253095489,1.9999999999999998e-05,0.37464499999999995
oracle-boundary/recency,cea-09,duration,intact,1,1.0,0.05024121643674679,0.0024500000000000632,0.38625940550147086,0.001,0.951
oracle-boundary/reference,cea-09,duration,intact,1,1.0,0.0009804805139614205,9.800000000392828e-07,0.011582902361779817,2e-05,0.99902
oracle-boundary/transition1,cea-09,duration,intact,1,0.0,0.69410764165507,0.50000048,0.7038282854721148,1.9999999999999998e-05,0.4995199999999999
oracle-boundary/transition2,cea-09,duration,intact,1,1.0,0.0009804805139614205,9.800000000392828e-07,0.011582902361779817,2e-05,0.99902
oracle-boundary/transition3,cea-09,duration,intact,1,1.0,0.0009804805139614205,9.800000000392828e-07,0.011582902361779817,2e-05,0.99902
map/absolute,cea-09,joint,intact,0,1.0,0.0009804805139616427,9.800000000392828e-07,0.011582902361780037,1.9999999999999998e-05,0.9990199999999998
map/present,cea-09,joint,intact,0,0.0,10.819778284410283,1.3118752925,1.2652230253095489,1.9999999999999998e-05,0.37464499999999995
map/recency,cea-09,joint,intact,0,1.0,0.05024121643674679,0.0024500000000000632,0.38625940550147086,0.001,0.951
map/reference,cea-09,joint,intact,0,1.0,0.0009804805139616427,9.800000000392828e-07,0.011582902361780037,1.9999999999999998e-05,0.9990199999999998
map/transition1,cea-09,joint,intact,0,0.0,0.6959987613967533,0.5018897803059095,0.7038265023954232,2e-05,0.5004637594710156
map/transition2,cea-09,joint,intact,0,1.0,0.0009804805139616427,9.800000000392828e-07,0.011582902361780037,1.9999999999999998e-05,0.9990199999999998
map/transition3,cea-09,joint,intact,0,1.0,0.0009804805139616427,9.800000000392828e-07,0.011582902361780037,1.9999999999999998e-05,0.9990199999999998
mixture/absolute,cea-09,joint,intact,0,1.0,0.36458887543004215,0.18627503691711467,0.6228059762008886,0.30485053231056003,0.6944821108533212
mixture/present,cea-09,joint,intact,0,0.0,11.183386679326363,1.2436397642874608,1.494290670036031,0.30485053231056003,0.30485053231056003
mixture/recency,cea-09,joint,intact,0,1.0,0.4138496113528273,0.20822583435163078,0.8784953281416528,0.3055317924140978,0.661100365779973
mixture/reference,cea-09,joint,intact,0,1.0,0.36458887543004215,0.18627503691711467,0.6228059762008886,0.30485053231056003,0.6944821108533212
mixture/transition1,cea-09,joint,intact,0,0.0,1.0596071563128335,0.6409131937075734,1.1040283707235876,0.30485053231056003,0.34790407407561397
mixture/transition2,cea-09,joint,intact,0,1.0,0.36458887543004215,0.18627503691711467,0.6228059762008886,0.30485053231056003,0.6944821108533212
mixture/transition3,cea-09,joint,intact,0,1.0,0.36458887543004215,0.18627503691711467,0.6228059762008886,0.30485053231056003,0.6944821108533212
repaired/absolute,cea-09,joint,intact,0,1.0,0.0009804805139616427,9.800000000392828e-07,0.011582902361780037,1.9999999999999998e-05,0.9990199999999998
repaired/present,cea-09,joint,intact,0,0.0,10.819778284410283,1.3118752925,1.2652230253095489,1.9999999999999998e-05,0.37464499999999995
repaired/recency,cea-09,joint,intact,0,1.0,0.05024121643674679,0.0024500000000000632,0.38625940550147086,0.001,0.951
repaired/reference,cea-09,joint,intact,0,1.0,0.0009804805139616427,9.800000000392828e-07,0.011582902361780037,1.9999999999999998e-05,0.9990199999999998
repaired/transition1,cea-09,joint,intact,0,1.0,0.6940596403975832,0.4999525248226522,0.7038282843211052,1.9999999999999998e-05,0.4995439781636261
repaired/transition2,cea-09,joint,intact,0,1.0,0.0009804805139616427,9.800000000392828e-07,0.011582902361780037,1.9999999999999998e-05,0.9990199999999998
repaired/transition3,cea-09,joint,intact,0,1.0,0.0009804805139616427,9.800000000392828e-07,0.011582902361780037,1.9999999999999998e-05,0.9990199999999998
streaming/absolute,cea-09,joint,intact,0,0.0,10.819778284410283,1.3118752925,1.2652230253095489,1.9999999999999998e-05,0.37464499999999995
streaming/present,cea-09,joint,intact,0,0.0,10.819778284410283,1.3118752925,1.2652230253095489,1.9999999999999998e-05,0.37464499999999995
streaming/recency,cea-09,joint,intact,0,1.0,0.05024121643674679,0.0024500000000000632,0.38625940550147086,0.001,0.951
streaming/reference,cea-09,joint,intact,0,0.0,10.819778284410283,1.3118752925,1.2652230253095489,1.9999999999999998e-05,0.37464499999999995
streaming/transition1,cea-09,joint,intact,0,0.0,10.819778284410283,1.3118752925,1.2652230253095489,1.9999999999999998e-05,0.37464499999999995
streaming/transition2,cea-09,joint,intact,0,0.0,10.819778284410283,1.3118752925,1.2652230253095489,1.9999999999999998e-05,0.37464499999999995
streaming/transition3,cea-09,joint,intact,0,0.0,10.819778284410283,1.3118752925,1.2652230253095489,1.9999999999999998e-05,0.37464499999999995
fixed/absolute,cea-09,joint,intact,0,0.0,10.819778284410283,1.3118752925,1.2652230253095489,1.9999999999999998e-05,0.37464499999999995
fixed/present,cea-09,joint,intact,0,0.0,10.819778284410283,1.3118752925,1.2652230253095489,1.9999999999999998e-05,0.37464499999999995
fixed/recency,cea-09,joint,intact,0,0.0,6.907755278982137,1.90245,0.38625940550147086,0.001,0.951
fixed/reference,cea-09,joint,intact,0,0.0,10.819778284410283,1.3118752925,1.2652230253095489,1.9999999999999998e-05,0.37464499999999995
fixed/transition1,cea-09,joint,intact,0,0.0,10.819778284410283,1.3118752925,1.2652230253095489,1.9999999999999998e-05,0.37464499999999995
fixed/transition2,cea-09,joint,intact,0,0.0,10.819778284410283,1.3118752925,1.2652230253095489,1.9999999999999998e-05,0.37464499999999995
fixed/transition3,cea-09,joint,intact,0,0.0,10.819778284410283,1.3118752925,1.2652230253095489,1.9999999999999998e-05,0.37464499999999995
oracle-boundary/absolute,cea-09,joint,intact,0,1.0,0.0009804805139616427,9.800000000392828e-07,0.011582902361780037,1.9999999999999998e-05,0.9990199999999998
oracle-boundary/present,cea-09,joint,intact,0,0.0,10.819778284410283,1.3118752925,1.2652230253095489,1.9999999999999998e-05,0.37464499999999995
oracle-boundary/recency,cea-09,joint,intact,0,1.0,0.05024121643674679,0.0024500000000000632,0.38625940550147086,0.001,0.951
oracle-boundary/reference,cea-09,joint,intact,0,1.0,0.0009804805139616427,9.800000000392828e-07,0.011582902361780037,1.9999999999999998e-05,0.9990199999999998
oracle-boundary/transition1,cea-09,joint,intact,0,1.0,0.69410764165507,0.50000048,0.7038282854721148,1.9999999999999998e-05,0.4995199999999999
oracle-boundary/transition2,cea-09,joint,intact,0,1.0,0.0009804805139616427,9.800000000392828e-07,0.011582902361780037,1.9999999999999998e-05,0.9990199999999998
oracle-boundary/transition3,cea-09,joint,intact,0,1.0,0.0009804805139616427,9.800000000392828e-07,0.011582902361780037,1.9999999999999998e-05,0.9990199999999998
map/absolute,cea-09,joint,intact,1,1.0,0.0009804805139614205,9.800000000392828e-07,0.011582902361779817,2e-05,0.99902
map/present,cea-09,joint,intact,1,0.0,10.819778284410283,1.3118752925,1.2652230253095489,1.9999999999999998e-05,0.37464499999999995
map/recency,cea-09,joint,intact,1,1.0,0.05024121643674679,0.0024500000000000632,0.38625940550147086,0.001,0.951
map/reference,cea-09,joint,intact,1,1.0,0.0009804805139614205,9.800000000392828e-07,0.011582902361779817,2e-05,0.99902
map/transition1,cea-09,joint,intact,1,1.0,0.5944040934957632,0.40074330817021164,0.6983273953425138,1.9999999999999998e-05,0.5518913435389711
map/transition2,cea-09,joint,intact,1,1.0,0.0009804805139614205,9.800000000392828e-07,0.011582902361779817,2e-05,0.99902
map/transition3,cea-09,joint,intact,1,1.0,0.0009804805139614205,9.800000000392828e-07,0.011582902361779817,2e-05,0.99902
mixture/absolute,cea-09,joint,intact,1,1.0,0.364588875430042,0.18627503691711467,0.6228059762008885,0.30485053231056003,0.6944821108533213
mixture/present,cea-09,joint,intact,1,0.0,11.183386679326363,1.2436397642874608,1.494290670036031,0.30485053231056003,0.30485053231056003
mixture/recency,cea-09,joint,intact,1,1.0,0.4138496113528273,0.20822583435163078,0.8784953281416528,0.3055317924140978,0.661100365779973
mixture/reference,cea-09,joint,intact,1,1.0,0.364588875430042,0.18627503691711467,0.6228059762008885,0.30485053231056003,0.6944821108533213
mixture/transition1,cea-09,joint,intact,1,1.0,0.9580124884118437,0.5694378062278815,1.1002055929274346,0.30485053231056003,0.3836546467764611
mixture/transition2,cea-09,joint,intact,1,1.0,0.364588875430042,0.18627503691711467,0.6228059762008885,0.30485053231056003,0.6944821108533213
mixture/transition3,cea-09,joint,intact,1,1.0,0.364588875430042,0.18627503691711467,0.6228059762008885,0.30485053231056003,0.6944821108533213
repaired/absolute,cea-09,joint,intact,1,1.0,0.0009804805139614205,9.800000000392828e-07,0.011582902361779817,2e-05,0.99902
repaired/present,cea-09,joint,intact,1,0.0,10.819778284410283,1.3118752925,1.2652230253095489,1.9999999999999998e-05,0.37464499999999995
repaired/recency,cea-09,joint,intact,1,1.0,0.05024121643674679,0.0024500000000000632,0.38625940550147086,0.001,0.951
repaired/reference,cea-09,joint,intact,1,1.0,0.0009804805139614205,9.800000000392828e-07,0.011582902361779817,2e-05,0.99902
repaired/transition1,cea-09,joint,intact,1,1.0,0.6935426159645368,0.4994359966410453,0.7038281259081963,2e-05,0.4998023213848417
repaired/transition2,cea-09,joint,intact,1,1.0,0.0009804805139614205,9.800000000392828e-07,0.011582902361779817,2e-05,0.99902
repaired/transition3,cea-09,joint,intact,1,1.0,0.0009804805139614205,9.800000000392828e-07,0.011582902361779817,2e-05,0.99902
streaming/absolute,cea-09,joint,intact,1,0.0,10.819778284410283,1.3118752925,1.2652230253095489,1.9999999999999998e-05,0.37464499999999995
streaming/present,cea-09,joint,intact,1,0.0,10.819778284410283,1.3118752925,1.2652230253095489,1.9999999999999998e-05,0.37464499999999995
streaming/recency,cea-09,joint,intact,1,1.0,0.05024121643674679,0.0024500000000000632,0.38625940550147086,0.001,0.951
streaming/reference,cea-09,joint,intact,1,0.0,10.819778284410283,1.3118752925,1.2652230253095489,1.9999999999999998e-05,0.37464499999999995
streaming/transition1,cea-09,joint,intact,1,0.0,10.819778284410283,1.3118752925,1.2652230253095489,1.9999999999999998e-05,0.37464499999999995
streaming/transition2,cea-09,joint,intact,1,0.0,10.819778284410283,1.3118752925,1.2652230253095489,1.9999999999999998e-05,0.37464499999999995
streaming/transition3,cea-09,joint,intact,1,0.0,10.819778284410283,1.3118752925,1.2652230253095489,1.9999999999999998e-05,0.37464499999999995
fixed/absolute,cea-09,joint,intact,1,0.0,10.819778284410283,1.3118752925,1.2652230253095489,1.9999999999999998e-05,0.37464499999999995
fixed/present,cea-09,joint,intact,1,0.0,10.819778284410283,1.3118752925,1.2652230253095489,1.9999999999999998e-05,0.37464499999999995
fixed/recency,cea-09,joint,intact,1,0.0,6.907755278982137,1.90245,0.38625940550147086,0.001,0.951
fixed/reference,cea-09,joint,intact,1,0.0,10.819778284410283,1.3118752925,1.2652230253095489,1.9999999999999998e-05,0.37464499999999995
fixed/transition1,cea-09,joint,intact,1,0.0,10.819778284410283,1.3118752925,1.2652230253095489,1.9999999999999998e-05,0.37464499999999995
fixed/transition2,cea-09,joint,intact,1,0.0,10.819778284410283,1.3118752925,1.2652230253095489,1.9999999999999998e-05,0.37464499999999995
fixed/transition3,cea-09,joint,intact,1,0.0,10.819778284410283,1.3118752925,1.2652230253095489,1.9999999999999998e-05,0.37464499999999995
oracle-boundary/absolute,cea-09,joint,intact,1,1.0,0.0009804805139614205,9.800000000392828e-07,0.011582902361779817,2e-05,0.99902
oracle-boundary/present,cea-09,joint,intact,1,0.0,10.819778284410283,1.3118752925,1.2652230253095489,1.9999999999999998e-05,0.37464499999999995
oracle-boundary/recency,cea-09,joint,intact,1,1.0,0.05024121643674679,0.0024500000000000632,0.38625940550147086,0.001,0.951
oracle-boundary/reference,cea-09,joint,intact,1,1.0,0.0009804805139614205,9.800000000392828e-07,0.011582902361779817,2e-05,0.99902
oracle-boundary/transition1,cea-09,joint,intact,1,0.0,0.69410764165507,0.50000048,0.7038282854721148,1.9999999999999998e-05,0.4995199999999999
oracle-boundary/transition2,cea-09,joint,intact,1,1.0,0.0009804805139614205,9.800000000392828e-07,0.011582902361779817,2e-05,0.99902
oracle-boundary/transition3,cea-09,joint,intact,1,1.0,0.0009804805139614205,9.800000000392828e-07,0.011582902361779817,2e-05,0.99902
map/absolute,cea-09,joint,reset,0,0.0,10.819778284410283,1.3118752925,1.2652230253095489,1.9999999999999998e-05,0.37464499999999995
map/present,cea-09,joint,reset,0,0.0,10.819778284410283,1.3118752925,1.2652230253095489,1.9999999999999998e-05,0.37464499999999995
map/recency,cea-09,joint,reset,0,0.0,6.907755278982137,1.2819812499999999,1.5615080942797084,0.001,0.35724999999999996
map/reference,cea-09,joint,reset,0,0.0,10.819778284410283,1.3118752925,1.2652230253095489,1.9999999999999998e-05,0.37464499999999995
map/transition1,cea-09,joint,reset,0,0.0,10.819778284410283,1.3118752925,1.2652230253095489,1.9999999999999998e-05,0.37464499999999995
map/transition2,cea-09,joint,reset,0,0.0,10.819778284410283,1.3118752925,1.2652230253095489,1.9999999999999998e-05,0.37464499999999995
map/transition3,cea-09,joint,reset,0,0.0,10.819778284410283,1.3118752925,1.2652230253095489,1.9999999999999998e-05,0.37464499999999995
mixture/absolute,cea-09,joint,reset,0,0.0,10.819778284410283,1.3118752925,1.2652230253095489,1.9999999999999998e-05,0.37464499999999995
mixture/present,cea-09,joint,reset,0,0.0,10.819778284410283,1.3118752925,1.2652230253095489,1.9999999999999998e-05,0.37464499999999995
mixture/recency,cea-09,joint,reset,0,0.0,6.907755278982137,1.2819812499999999,1.5615080942797084,0.001,0.35724999999999996
mixture/reference,cea-09,joint,reset,0,0.0,10.819778284410283,1.3118752925,1.2652230253095489,1.9999999999999998e-05,0.37464499999999995
mixture/transition1,cea-09,joint,reset,0,0.0,10.819778284410283,1.3118752925,1.2652230253095489,1.9999999999999998e-05,0.37464499999999995
mixture/transition2,cea-09,joint,reset,0,0.0,10.819778284410283,1.3118752925,1.2652230253095489,1.9999999999999998e-05,0.37464499999999995
mixture/transition3,cea-09,joint,reset,0,0.0,10.819778284410283,1.3118752925,1.2652230253095489,1.9999999999999998e-05,0.37464499999999995
repaired/absolute,cea-09,joint,reset,0,0.0,10.819778284410283,1.3118752925,1.2652230253095489,1.9999999999999998e-05,0.37464499999999995
repaired/present,cea-09,joint,reset,0,0.0,10.819778284410283,1.3118752925,1.2652230253095489,1.9999999999999998e-05,0.37464499999999995
repaired/recency,cea-09,joint,reset,0,0.0,6.907755278982137,1.2819812499999999,1.5615080942797084,0.001,0.35724999999999996
repaired/reference,cea-09,joint,reset,0,0.0,10.819778284410283,1.3118752925,1.2652230253095489,1.9999999999999998e-05,0.37464499999999995
repaired/transition1,cea-09,joint,reset,0,0.0,10.819778284410283,1.3118752925,1.2652230253095489,1.9999999999999998e-05,0.37464499999999995
repaired/transition2,cea-09,joint,reset,0,0.0,10.819778284410283,1.3118752925,1.2652230253095489,1.9999999999999998e-05,0.37464499999999995
repaired/transition3,cea-09,joint,reset,0,0.0,10.819778284410283,1.3118752925,1.2652230253095489,1.9999999999999998e-05,0.37464499999999995
streaming/absolute,cea-09,joint,reset,0,0.0,10.819778284410283,1.3118752925,1.2652230253095489,1.9999999999999998e-05,0.37464499999999995
streaming/present,cea-09,joint,reset,0,0.0,10.819778284410283,1.3118752925,1.2652230253095489,1.9999999999999998e-05,0.37464499999999995
streaming/recency,cea-09,joint,reset,0,0.0,6.907755278982137,1.2819812499999999,1.5615080942797084,0.001,0.35724999999999996
streaming/reference,cea-09,joint,reset,0,0.0,10.819778284410283,1.3118752925,1.2652230253095489,1.9999999999999998e-05,0.37464499999999995
streaming/transition1,cea-09,joint,reset,0,0.0,10.819778284410283,1.3118752925,1.2652230253095489,1.9999999999999998e-05,0.37464499999999995
streaming/transition2,cea-09,joint,reset,0,0.0,10.819778284410283,1.3118752925,1.2652230253095489,1.9999999999999998e-05,0.37464499999999995
streaming/transition3,cea-09,joint,reset,0,0.0,10.819778284410283,1.3118752925,1.2652230253095489,1.9999999999999998e-05,0.37464499999999995
fixed/absolute,cea-09,joint,reset,0,0.0,10.819778284410283,1.3118752925,1.2652230253095489,1.9999999999999998e-05,0.37464499999999995
fixed/present,cea-09,joint,reset,0,0.0,10.819778284410283,1.3118752925,1.2652230253095489,1.9999999999999998e-05,0.37464499999999995
fixed/recency,cea-09,joint,reset,0,0.0,6.907755278982137,1.90245,0.38625940550147086,0.001,0.951
fixed/reference,cea-09,joint,reset,0,0.0,10.819778284410283,1.3118752925,1.2652230253095489,1.9999999999999998e-05,0.37464499999999995
fixed/transition1,cea-09,joint,reset,0,0.0,10.819778284410283,1.3118752925,1.2652230253095489,1.9999999999999998e-05,0.37464499999999995
fixed/transition2,cea-09,joint,reset,0,0.0,10.819778284410283,1.3118752925,1.2652230253095489,1.9999999999999998e-05,0.37464499999999995
fixed/transition3,cea-09,joint,reset,0,0.0,10.819778284410283,1.3118752925,1.2652230253095489,1.9999999999999998e-05,0.37464499999999995
oracle-boundary/absolute,cea-09,joint,reset,0,0.0,10.819778284410283,1.3118752925,1.2652230253095489,1.9999999999999998e-05,0.37464499999999995
oracle-boundary/present,cea-09,joint,reset,0,0.0,10.819778284410283,1.3118752925,1.2652230253095489,1.9999999999999998e-05,0.37464499999999995
oracle-boundary/recency,cea-09,joint,reset,0,0.0,6.907755278982137,1.2819812499999999,1.5615080942797084,0.001,0.35724999999999996
oracle-boundary/reference,cea-09,joint,reset,0,0.0,10.819778284410283,1.3118752925,1.2652230253095489,1.9999999999999998e-05,0.37464499999999995
oracle-boundary/transition1,cea-09,joint,reset,0,0.0,10.819778284410283,1.3118752925,1.2652230253095489,1.9999999999999998e-05,0.37464499999999995
oracle-boundary/transition2,cea-09,joint,reset,0,0.0,10.819778284410283,1.3118752925,1.2652230253095489,1.9999999999999998e-05,0.37464499999999995
oracle-boundary/transition3,cea-09,joint,reset,0,0.0,10.819778284410283,1.3118752925,1.2652230253095489,1.9999999999999998e-05,0.37464499999999995
map/absolute,cea-09,joint,reset,1,0.0,10.819778284410283,1.3118752925,1.2652230253095489,1.9999999999999998e-05,0.37464499999999995
map/present,cea-09,joint,reset,1,0.0,10.819778284410283,1.3118752925,1.2652230253095489,1.9999999999999998e-05,0.37464499999999995
map/recency,cea-09,joint,reset,1,0.0,6.907755278982137,1.2819812499999999,1.5615080942797084,0.001,0.35724999999999996
map/reference,cea-09,joint,reset,1,0.0,10.819778284410283,1.3118752925,1.2652230253095489,1.9999999999999998e-05,0.37464499999999995
map/transition1,cea-09,joint,reset,1,0.0,10.819778284410283,1.3118752925,1.2652230253095489,1.9999999999999998e-05,0.37464499999999995
map/transition2,cea-09,joint,reset,1,0.0,10.819778284410283,1.3118752925,1.2652230253095489,1.9999999999999998e-05,0.37464499999999995
map/transition3,cea-09,joint,reset,1,0.0,10.819778284410283,1.3118752925,1.2652230253095489,1.9999999999999998e-05,0.37464499999999995
mixture/absolute,cea-09,joint,reset,1,0.0,10.819778284410283,1.3118752925,1.2652230253095489,1.9999999999999998e-05,0.37464499999999995
mixture/present,cea-09,joint,reset,1,0.0,10.819778284410283,1.3118752925,1.2652230253095489,1.9999999999999998e-05,0.37464499999999995
mixture/recency,cea-09,joint,reset,1,0.0,6.907755278982137,1.2819812499999999,1.5615080942797084,0.001,0.35724999999999996
mixture/reference,cea-09,joint,reset,1,0.0,10.819778284410283,1.3118752925,1.2652230253095489,1.9999999999999998e-05,0.37464499999999995
mixture/transition1,cea-09,joint,reset,1,0.0,10.819778284410283,1.3118752925,1.2652230253095489,1.9999999999999998e-05,0.37464499999999995
mixture/transition2,cea-09,joint,reset,1,0.0,10.819778284410283,1.3118752925,1.2652230253095489,1.9999999999999998e-05,0.37464499999999995
mixture/transition3,cea-09,joint,reset,1,0.0,10.819778284410283,1.3118752925,1.2652230253095489,1.9999999999999998e-05,0.37464499999999995
repaired/absolute,cea-09,joint,reset,1,0.0,10.819778284410283,1.3118752925,1.2652230253095489,1.9999999999999998e-05,0.37464499999999995
repaired/present,cea-09,joint,reset,1,0.0,10.819778284410283,1.3118752925,1.2652230253095489,1.9999999999999998e-05,0.37464499999999995
repaired/recency,cea-09,joint,reset,1,0.0,6.907755278982137,1.2819812499999999,1.5615080942797084,0.001,0.35724999999999996
repaired/reference,cea-09,joint,reset,1,0.0,10.819778284410283,1.3118752925,1.2652230253095489,1.9999999999999998e-05,0.37464499999999995
repaired/transition1,cea-09,joint,reset,1,0.0,10.819778284410283,1.3118752925,1.2652230253095489,1.9999999999999998e-05,0.37464499999999995
repaired/transition2,cea-09,joint,reset,1,0.0,10.819778284410283,1.3118752925,1.2652230253095489,1.9999999999999998e-05,0.37464499999999995
repaired/transition3,cea-09,joint,reset,1,0.0,10.819778284410283,1.3118752925,1.2652230253095489,1.9999999999999998e-05,0.37464499999999995
streaming/absolute,cea-09,joint,reset,1,0.0,10.819778284410283,1.3118752925,1.2652230253095489,1.9999999999999998e-05,0.37464499999999995
streaming/present,cea-09,joint,reset,1,0.0,10.819778284410283,1.3118752925,1.2652230253095489,1.9999999999999998e-05,0.37464499999999995
streaming/recency,cea-09,joint,reset,1,0.0,6.907755278982137,1.2819812499999999,1.5615080942797084,0.001,0.35724999999999996
streaming/reference,cea-09,joint,reset,1,0.0,10.819778284410283,1.3118752925,1.2652230253095489,1.9999999999999998e-05,0.37464499999999995
streaming/transition1,cea-09,joint,reset,1,0.0,10.819778284410283,1.3118752925,1.2652230253095489,1.9999999999999998e-05,0.37464499999999995
streaming/transition2,cea-09,joint,reset,1,0.0,10.819778284410283,1.3118752925,1.2652230253095489,1.9999999999999998e-05,0.37464499999999995
streaming/transition3,cea-09,joint,reset,1,0.0,10.819778284410283,1.3118752925,1.2652230253095489,1.9999999999999998e-05,0.37464499999999995
fixed/absolute,cea-09,joint,reset,1,0.0,10.819778284410283,1.3118752925,1.2652230253095489,1.9999999999999998e-05,0.37464499999999995
fixed/present,cea-09,joint,reset,1,0.0,10.819778284410283,1.3118752925,1.2652230253095489,1.9999999999999998e-05,0.37464499999999995
fixed/recency,cea-09,joint,reset,1,0.0,6.907755278982137,1.90245,0.38625940550147086,0.001,0.951
fixed/reference,cea-09,joint,reset,1,0.0,10.819778284410283,1.3118752925,1.2652230253095489,1.9999999999999998e-05,0.37464499999999995
fixed/transition1,cea-09,joint,reset,1,0.0,10.819778284410283,1.3118752925,1.2652230253095489,1.9999999999999998e-05,0.37464499999999995
fixed/transition2,cea-09,joint,reset,1,0.0,10.819778284410283,1.3118752925,1.2652230253095489,1.9999999999999998e-05,0.37464499999999995
fixed/transition3,cea-09,joint,reset,1,0.0,10.819778284410283,1.3118752925,1.2652230253095489,1.9999999999999998e-05,0.37464499999999995
oracle-boundary/absolute,cea-09,joint,reset,1,0.0,10.819778284410283,1.3118752925,1.2652230253095489,1.9999999999999998e-05,0.37464499999999995
oracle-boundary/present,cea-09,joint,reset,1,0.0,10.819778284410283,1.3118752925,1.2652230253095489,1.9999999999999998e-05,0.37464499999999995
oracle-boundary/recency,cea-09,joint,reset,1,0.0,6.907755278982137,1.2819812499999999,1.5615080942797084,0.001,0.35724999999999996
oracle-boundary/reference,cea-09,joint,reset,1,0.0,10.819778284410283,1.3118752925,1.2652230253095489,1.9999999999999998e-05,0.37464499999999995
oracle-boundary/transition1,cea-09,joint,reset,1,0.0,10.819778284410283,1.3118752925,1.2652230253095489,1.9999999999999998e-05,0.37464499999999995
oracle-boundary/transition2,cea-09,joint,reset,1,0.0,10.819778284410283,1.3118752925,1.2652230253095489,1.9999999999999998e-05,0.37464499999999995
oracle-boundary/transition3,cea-09,joint,reset,1,0.0,10.819778284410283,1.3118752925,1.2652230253095489,1.9999999999999998e-05,0.37464499999999995
map/absolute,cea-09,joint,removal,0,0.0,10.819778284410283,1.3118752925,1.2652230253095489,1.9999999999999998e-05,0.37464499999999995
map/present,cea-09,joint,removal,0,0.0,10.819778284410283,1.3118752925,1.2652230253095489,1.9999999999999998e-05,0.37464499999999995
map/recency,cea-09,joint,removal,0,0.0,6.907755278982137,1.2819812499999999,1.5615080942797084,0.001,0.35724999999999996
map/reference,cea-09,joint,removal,0,0.0,10.819778284410283,1.3118752925,1.2652230253095489,1.9999999999999998e-05,0.37464499999999995
map/transition1,cea-09,joint,removal,0,0.0,10.819778284410283,1.3118752925,1.2652230253095489,1.9999999999999998e-05,0.37464499999999995
map/transition2,cea-09,joint,removal,0,0.0,10.819778284410283,1.3118752925,1.2652230253095489,1.9999999999999998e-05,0.37464499999999995
map/transition3,cea-09,joint,removal,0,0.0,10.819778284410283,1.3118752925,1.2652230253095489,1.9999999999999998e-05,0.37464499999999995
mixture/absolute,cea-09,joint,removal,0,0.0,11.183386679326363,1.2436397642874608,1.494290670036031,0.30485053231056003,0.30485053231056003
mixture/present,cea-09,joint,removal,0,0.0,11.183386679326363,1.2436397642874608,1.494290670036031,0.30485053231056003,0.30485053231056003
mixture/recency,cea-09,joint,removal,0,0.0,7.271363673898217,1.2291934051035485,1.695485168345361,0.3055317924140978,0.3055317924140978
mixture/reference,cea-09,joint,removal,0,0.0,11.183386679326363,1.2436397642874608,1.494290670036031,0.30485053231056003,0.30485053231056003
mixture/transition1,cea-09,joint,removal,0,0.0,11.183386679326363,1.2436397642874608,1.494290670036031,0.30485053231056003,0.30485053231056003
mixture/transition2,cea-09,joint,removal,0,0.0,11.183386679326363,1.2436397642874608,1.494290670036031,0.30485053231056003,0.30485053231056003
mixture/transition3,cea-09,joint,removal,0,0.0,11.183386679326363,1.2436397642874608,1.494290670036031,0.30485053231056003,0.30485053231056003
repaired/absolute,cea-09,joint,removal,0,0.0,10.819778284410283,1.3118752925,1.2652230253095489,1.9999999999999998e-05,0.37464499999999995
repaired/present,cea-09,joint,removal,0,0.0,10.819778284410283,1.3118752925,1.2652230253095489,1.9999999999999998e-05,0.37464499999999995
repaired/recency,cea-09,joint,removal,0,0.0,6.907755278982137,1.2819812499999999,1.5615080942797084,0.001,0.35724999999999996
repaired/reference,cea-09,joint,removal,0,0.0,10.819778284410283,1.3118752925,1.2652230253095489,1.9999999999999998e-05,0.37464499999999995
repaired/transition1,cea-09,joint,removal,0,0.0,10.819778284410283,1.3118752925,1.2652230253095489,1.9999999999999998e-05,0.37464499999999995
repaired/transition2,cea-09,joint,removal,0,0.0,10.819778284410283,1.3118752925,1.2652230253095489,1.9999999999999998e-05,0.37464499999999995
repaired/transition3,cea-09,joint,removal,0,0.0,10.819778284410283,1.3118752925,1.2652230253095489,1.9999999999999998e-05,0.37464499999999995
streaming/absolute,cea-09,joint,removal,0,0.0,10.819778284410283,1.3118752925,1.2652230253095489,1.9999999999999998e-05,0.37464499999999995
streaming/present,cea-09,joint,removal,0,0.0,10.819778284410283,1.3118752925,1.2652230253095489,1.9999999999999998e-05,0.37464499999999995
streaming/recency,cea-09,joint,removal,0,0.0,6.907755278982137,1.2819812499999999,1.5615080942797084,0.001,0.35724999999999996
streaming/reference,cea-09,joint,removal,0,0.0,10.819778284410283,1.3118752925,1.2652230253095489,1.9999999999999998e-05,0.37464499999999995
streaming/transition1,cea-09,joint,removal,0,0.0,10.819778284410283,1.3118752925,1.2652230253095489,1.9999999999999998e-05,0.37464499999999995
streaming/transition2,cea-09,joint,removal,0,0.0,10.819778284410283,1.3118752925,1.2652230253095489,1.9999999999999998e-05,0.37464499999999995
streaming/transition3,cea-09,joint,removal,0,0.0,10.819778284410283,1.3118752925,1.2652230253095489,1.9999999999999998e-05,0.37464499999999995
fixed/absolute,cea-09,joint,removal,0,0.0,10.819778284410283,1.3118752925,1.2652230253095489,1.9999999999999998e-05,0.37464499999999995
fixed/present,cea-09,joint,removal,0,0.0,10.819778284410283,1.3118752925,1.2652230253095489,1.9999999999999998e-05,0.37464499999999995
fixed/recency,cea-09,joint,removal,0,0.0,6.907755278982137,1.90245,0.38625940550147086,0.001,0.951
fixed/reference,cea-09,joint,removal,0,0.0,10.819778284410283,1.3118752925,1.2652230253095489,1.9999999999999998e-05,0.37464499999999995
fixed/transition1,cea-09,joint,removal,0,0.0,10.819778284410283,1.3118752925,1.2652230253095489,1.9999999999999998e-05,0.37464499999999995
fixed/transition2,cea-09,joint,removal,0,0.0,10.819778284410283,1.3118752925,1.2652230253095489,1.9999999999999998e-05,0.37464499999999995
fixed/transition3,cea-09,joint,removal,0,0.0,10.819778284410283,1.3118752925,1.2652230253095489,1.9999999999999998e-05,0.37464499999999995
oracle-boundary/absolute,cea-09,joint,removal,0,0.0,10.819778284410283,1.3118752925,1.2652230253095489,1.9999999999999998e-05,0.37464499999999995
oracle-boundary/present,cea-09,joint,removal,0,0.0,10.819778284410283,1.3118752925,1.2652230253095489,1.9999999999999998e-05,0.37464499999999995
oracle-boundary/recency,cea-09,joint,removal,0,0.0,6.907755278982137,1.2819812499999999,1.5615080942797084,0.001,0.35724999999999996
oracle-boundary/reference,cea-09,joint,removal,0,0.0,10.819778284410283,1.3118752925,1.2652230253095489,1.9999999999999998e-05,0.37464499999999995
oracle-boundary/transition1,cea-09,joint,removal,0,0.0,10.819778284410283,1.3118752925,1.2652230253095489,1.9999999999999998e-05,0.37464499999999995
oracle-boundary/transition2,cea-09,joint,removal,0,0.0,10.819778284410283,1.3118752925,1.2652230253095489,1.9999999999999998e-05,0.37464499999999995
oracle-boundary/transition3,cea-09,joint,removal,0,0.0,10.819778284410283,1.3118752925,1.2652230253095489,1.9999999999999998e-05,0.37464499999999995
map/absolute,cea-09,joint,removal,1,0.0,10.819778284410283,1.3118752925,1.2652230253095489,1.9999999999999998e-05,0.37464499999999995
map/present,cea-09,joint,removal,1,0.0,10.819778284410283,1.3118752925,1.2652230253095489,1.9999999999999998e-05,0.37464499999999995
map/recency,cea-09,joint,removal,1,0.0,6.907755278982137,1.2819812499999999,1.5615080942797084,0.001,0.35724999999999996
map/reference,cea-09,joint,removal,1,0.0,10.819778284410283,1.3118752925,1.2652230253095489,1.9999999999999998e-05,0.37464499999999995
map/transition1,cea-09,joint,removal,1,0.0,10.819778284410283,1.3118752925,1.2652230253095489,1.9999999999999998e-05,0.37464499999999995
map/transition2,cea-09,joint,removal,1,0.0,10.819778284410283,1.3118752925,1.2652230253095489,1.9999999999999998e-05,0.37464499999999995
map/transition3,cea-09,joint,removal,1,0.0,10.819778284410283,1.3118752925,1.2652230253095489,1.9999999999999998e-05,0.37464499999999995
mixture/absolute,cea-09,joint,removal,1,0.0,11.183386679326363,1.2436397642874608,1.494290670036031,0.30485053231056003,0.30485053231056003
mixture/present,cea-09,joint,removal,1,0.0,11.183386679326363,1.2436397642874608,1.494290670036031,0.30485053231056003,0.30485053231056003
mixture/recency,cea-09,joint,removal,1,0.0,7.271363673898217,1.2291934051035485,1.695485168345361,0.3055317924140978,0.3055317924140978
mixture/reference,cea-09,joint,removal,1,0.0,11.183386679326363,1.2436397642874608,1.494290670036031,0.30485053231056003,0.30485053231056003
mixture/transition1,cea-09,joint,removal,1,0.0,11.183386679326363,1.2436397642874608,1.494290670036031,0.30485053231056003,0.30485053231056003
mixture/transition2,cea-09,joint,removal,1,0.0,11.183386679326363,1.2436397642874608,1.494290670036031,0.30485053231056003,0.30485053231056003
mixture/transition3,cea-09,joint,removal,1,0.0,11.183386679326363,1.2436397642874608,1.494290670036031,0.30485053231056003,0.30485053231056003
repaired/absolute,cea-09,joint,removal,1,0.0,10.819778284410283,1.3118752925,1.2652230253095489,1.9999999999999998e-05,0.37464499999999995
repaired/present,cea-09,joint,removal,1,0.0,10.819778284410283,1.3118752925,1.2652230253095489,1.9999999999999998e-05,0.37464499999999995
repaired/recency,cea-09,joint,removal,1,0.0,6.907755278982137,1.2819812499999999,1.5615080942797084,0.001,0.35724999999999996
repaired/reference,cea-09,joint,removal,1,0.0,10.819778284410283,1.3118752925,1.2652230253095489,1.9999999999999998e-05,0.37464499999999995
repaired/transition1,cea-09,joint,removal,1,0.0,10.819778284410283,1.3118752925,1.2652230253095489,1.9999999999999998e-05,0.37464499999999995
repaired/transition2,cea-09,joint,removal,1,0.0,10.819778284410283,1.3118752925,1.2652230253095489,1.9999999999999998e-05,0.37464499999999995
repaired/transition3,cea-09,joint,removal,1,0.0,10.819778284410283,1.3118752925,1.2652230253095489,1.9999999999999998e-05,0.37464499999999995
streaming/absolute,cea-09,joint,removal,1,0.0,10.819778284410283,1.3118752925,1.2652230253095489,1.9999999999999998e-05,0.37464499999999995
streaming/present,cea-09,joint,removal,1,0.0,10.819778284410283,1.3118752925,1.2652230253095489,1.9999999999999998e-05,0.37464499999999995
streaming/recency,cea-09,joint,removal,1,0.0,6.907755278982137,1.2819812499999999,1.5615080942797084,0.001,0.35724999999999996
streaming/reference,cea-09,joint,removal,1,0.0,10.819778284410283,1.3118752925,1.2652230253095489,1.9999999999999998e-05,0.37464499999999995
streaming/transition1,cea-09,joint,removal,1,0.0,10.819778284410283,1.3118752925,1.2652230253095489,1.9999999999999998e-05,0.37464499999999995
streaming/transition2,cea-09,joint,removal,1,0.0,10.819778284410283,1.3118752925,1.2652230253095489,1.9999999999999998e-05,0.37464499999999995
streaming/transition3,cea-09,joint,removal,1,0.0,10.819778284410283,1.3118752925,1.2652230253095489,1.9999999999999998e-05,0.37464499999999995
fixed/absolute,cea-09,joint,removal,1,0.0,10.819778284410283,1.3118752925,1.2652230253095489,1.9999999999999998e-05,0.37464499999999995
fixed/present,cea-09,joint,removal,1,0.0,10.819778284410283,1.3118752925,1.2652230253095489,1.9999999999999998e-05,0.37464499999999995
fixed/recency,cea-09,joint,removal,1,0.0,6.907755278982137,1.90245,0.38625940550147086,0.001,0.951
fixed/reference,cea-09,joint,removal,1,0.0,10.819778284410283,1.3118752925,1.2652230253095489,1.9999999999999998e-05,0.37464499999999995
fixed/transition1,cea-09,joint,removal,1,0.0,10.819778284410283,1.3118752925,1.2652230253095489,1.9999999999999998e-05,0.37464499999999995
fixed/transition2,cea-09,joint,removal,1,0.0,10.819778284410283,1.3118752925,1.2652230253095489,1.9999999999999998e-05,0.37464499999999995
fixed/transition3,cea-09,joint,removal,1,0.0,10.819778284410283,1.3118752925,1.2652230253095489,1.9999999999999998e-05,0.37464499999999995
oracle-boundary/absolute,cea-09,joint,removal,1,0.0,10.819778284410283,1.3118752925,1.2652230253095489,1.9999999999999998e-05,0.37464499999999995
oracle-boundary/present,cea-09,joint,removal,1,0.0,10.819778284410283,1.3118752925,1.2652230253095489,1.9999999999999998e-05,0.37464499999999995
oracle-boundary/recency,cea-09,joint,removal,1,0.0,6.907755278982137,1.2819812499999999,1.5615080942797084,0.001,0.35724999999999996
oracle-boundary/reference,cea-09,joint,removal,1,0.0,10.819778284410283,1.3118752925,1.2652230253095489,1.9999999999999998e-05,0.37464499999999995
oracle-boundary/transition1,cea-09,joint,removal,1,0.0,10.819778284410283,1.3118752925,1.2652230253095489,1.9999999999999998e-05,0.37464499999999995
oracle-boundary/transition2,cea-09,joint,removal,1,0.0,10.819778284410283,1.3118752925,1.2652230253095489,1.9999999999999998e-05,0.37464499999999995
oracle-boundary/transition3,cea-09,joint,removal,1,0.0,10.819778284410283,1.3118752925,1.2652230253095489,1.9999999999999998e-05,0.37464499999999995
map/absolute,cea-09,joint,swap,0,1.0,0.0009804805139614205,9.800000000392828e-07,0.011582902361779817,2e-05,0.99902
map/present,cea-09,joint,swap,0,0.0,10.819778284410283,1.3118752925,1.2652230253095489,1.9999999999999998e-05,0.37464499999999995
map/recency,cea-09,joint,swap,0,1.0,0.05024121643674679,0.0024500000000000632,0.38625940550147086,0.001,0.951
map/reference,cea-09,joint,swap,0,1.0,0.0009804805139614205,9.800000000392828e-07,0.011582902361779817,2e-05,0.99902
map/transition1,cea-09,joint,swap,0,1.0,0.5944040934957632,0.40074330817021164,0.6983273953425138,1.9999999999999998e-05,0.5518913435389711
map/transition2,cea-09,joint,swap,0,1.0,0.0009804805139614205,9.800000000392828e-07,0.011582902361779817,2e-05,0.99902
map/transition3,cea-09,joint,swap,0,1.0,0.0009804805139614205,9.800000000392828e-07,0.011582902361779817,2e-05,0.99902
mixture/absolute,cea-09,joint,swap,0,1.0,0.364588875430042,0.18627503691711467,0.6228059762008885,0.30485053231056003,0.6944821108533213
mixture/present,cea-09,joint,swap,0,0.0,11.183386679326363,1.2436397642874608,1.494290670036031,0.30485053231056003,0.30485053231056003
mixture/recency,cea-09,joint,swap,0,1.0,0.4138496113528273,0.20822583435163078,0.8784953281416528,0.3055317924140978,0.661100365779973
mixture/reference,cea-09,joint,swap,0,1.0,0.364588875430042,0.18627503691711467,0.6228059762008885,0.30485053231056003,0.6944821108533213
mixture/transition1,cea-09,joint,swap,0,1.0,0.9580124884118437,0.5694378062278815,1.1002055929274346,0.30485053231056003,0.3836546467764611
mixture/transition2,cea-09,joint,swap,0,1.0,0.364588875430042,0.18627503691711467,0.6228059762008885,0.30485053231056003,0.6944821108533213
mixture/transition3,cea-09,joint,swap,0,1.0,0.364588875430042,0.18627503691711467,0.6228059762008885,0.30485053231056003,0.6944821108533213
repaired/absolute,cea-09,joint,swap,0,1.0,0.0009804805139614205,9.800000000392828e-07,0.011582902361779817,2e-05,0.99902
repaired/present,cea-09,joint,swap,0,0.0,10.819778284410283,1.3118752925,1.2652230253095489,1.9999999999999998e-05,0.37464499999999995
repaired/recency,cea-09,joint,swap,0,1.0,0.05024121643674679,0.0024500000000000632,0.38625940550147086,0.001,0.951
repaired/reference,cea-09,joint,swap,0,1.0,0.0009804805139614205,9.800000000392828e-07,0.011582902361779817,2e-05,0.99902
repaired/transition1,cea-09,joint,swap,0,1.0,0.6935426159645368,0.4994359966410453,0.7038281259081963,2e-05,0.4998023213848417
repaired/transition2,cea-09,joint,swap,0,1.0,0.0009804805139614205,9.800000000392828e-07,0.011582902361779817,2e-05,0.99902
repaired/transition3,cea-09,joint,swap,0,1.0,0.0009804805139614205,9.800000000392828e-07,0.011582902361779817,2e-05,0.99902
streaming/absolute,cea-09,joint,swap,0,0.0,10.819778284410283,1.3118752925,1.2652230253095489,1.9999999999999998e-05,0.37464499999999995
streaming/present,cea-09,joint,swap,0,0.0,10.819778284410283,1.3118752925,1.2652230253095489,1.9999999999999998e-05,0.37464499999999995
streaming/recency,cea-09,joint,swap,0,1.0,0.05024121643674679,0.0024500000000000632,0.38625940550147086,0.001,0.951
streaming/reference,cea-09,joint,swap,0,0.0,10.819778284410283,1.3118752925,1.2652230253095489,1.9999999999999998e-05,0.37464499999999995
streaming/transition1,cea-09,joint,swap,0,0.0,10.819778284410283,1.3118752925,1.2652230253095489,1.9999999999999998e-05,0.37464499999999995
streaming/transition2,cea-09,joint,swap,0,0.0,10.819778284410283,1.3118752925,1.2652230253095489,1.9999999999999998e-05,0.37464499999999995
streaming/transition3,cea-09,joint,swap,0,0.0,10.819778284410283,1.3118752925,1.2652230253095489,1.9999999999999998e-05,0.37464499999999995
fixed/absolute,cea-09,joint,swap,0,0.0,10.819778284410283,1.3118752925,1.2652230253095489,1.9999999999999998e-05,0.37464499999999995
fixed/present,cea-09,joint,swap,0,0.0,10.819778284410283,1.3118752925,1.2652230253095489,1.9999999999999998e-05,0.37464499999999995
fixed/recency,cea-09,joint,swap,0,0.0,6.907755278982137,1.90245,0.38625940550147086,0.001,0.951
fixed/reference,cea-09,joint,swap,0,0.0,10.819778284410283,1.3118752925,1.2652230253095489,1.9999999999999998e-05,0.37464499999999995
fixed/transition1,cea-09,joint,swap,0,0.0,10.819778284410283,1.3118752925,1.2652230253095489,1.9999999999999998e-05,0.37464499999999995
fixed/transition2,cea-09,joint,swap,0,0.0,10.819778284410283,1.3118752925,1.2652230253095489,1.9999999999999998e-05,0.37464499999999995
fixed/transition3,cea-09,joint,swap,0,0.0,10.819778284410283,1.3118752925,1.2652230253095489,1.9999999999999998e-05,0.37464499999999995
oracle-boundary/absolute,cea-09,joint,swap,0,1.0,0.0009804805139614205,9.800000000392828e-07,0.011582902361779817,2e-05,0.99902
oracle-boundary/present,cea-09,joint,swap,0,0.0,10.819778284410283,1.3118752925,1.2652230253095489,1.9999999999999998e-05,0.37464499999999995
oracle-boundary/recency,cea-09,joint,swap,0,1.0,0.05024121643674679,0.0024500000000000632,0.38625940550147086,0.001,0.951
oracle-boundary/reference,cea-09,joint,swap,0,1.0,0.0009804805139614205,9.800000000392828e-07,0.011582902361779817,2e-05,0.99902
oracle-boundary/transition1,cea-09,joint,swap,0,0.0,0.69410764165507,0.50000048,0.7038282854721148,1.9999999999999998e-05,0.4995199999999999
oracle-boundary/transition2,cea-09,joint,swap,0,1.0,0.0009804805139614205,9.800000000392828e-07,0.011582902361779817,2e-05,0.99902
oracle-boundary/transition3,cea-09,joint,swap,0,1.0,0.0009804805139614205,9.800000000392828e-07,0.011582902361779817,2e-05,0.99902
map/absolute,cea-09,joint,swap,1,1.0,0.0009804805139616427,9.800000000392828e-07,0.011582902361780037,1.9999999999999998e-05,0.9990199999999998
map/present,cea-09,joint,swap,1,0.0,10.819778284410283,1.3118752925,1.2652230253095489,1.9999999999999998e-05,0.37464499999999995
map/recency,cea-09,joint,swap,1,1.0,0.05024121643674679,0.0024500000000000632,0.38625940550147086,0.001,0.951
map/reference,cea-09,joint,swap,1,1.0,0.0009804805139616427,9.800000000392828e-07,0.011582902361780037,1.9999999999999998e-05,0.9990199999999998
map/transition1,cea-09,joint,swap,1,0.0,0.6959987613967533,0.5018897803059095,0.7038265023954232,2e-05,0.5004637594710156
map/transition2,cea-09,joint,swap,1,1.0,0.0009804805139616427,9.800000000392828e-07,0.011582902361780037,1.9999999999999998e-05,0.9990199999999998
map/transition3,cea-09,joint,swap,1,1.0,0.0009804805139616427,9.800000000392828e-07,0.011582902361780037,1.9999999999999998e-05,0.9990199999999998
mixture/absolute,cea-09,joint,swap,1,1.0,0.36458887543004215,0.18627503691711467,0.6228059762008886,0.30485053231056003,0.6944821108533212
mixture/present,cea-09,joint,swap,1,0.0,11.183386679326363,1.2436397642874608,1.494290670036031,0.30485053231056003,0.30485053231056003
mixture/recency,cea-09,joint,swap,1,1.0,0.4138496113528273,0.20822583435163078,0.8784953281416528,0.3055317924140978,0.661100365779973
mixture/reference,cea-09,joint,swap,1,1.0,0.36458887543004215,0.18627503691711467,0.6228059762008886,0.30485053231056003,0.6944821108533212
mixture/transition1,cea-09,joint,swap,1,0.0,1.0596071563128335,0.6409131937075734,1.1040283707235876,0.30485053231056003,0.34790407407561397
mixture/transition2,cea-09,joint,swap,1,1.0,0.36458887543004215,0.18627503691711467,0.6228059762008886,0.30485053231056003,0.6944821108533212
mixture/transition3,cea-09,joint,swap,1,1.0,0.36458887543004215,0.18627503691711467,0.6228059762008886,0.30485053231056003,0.6944821108533212
repaired/absolute,cea-09,joint,swap,1,1.0,0.0009804805139616427,9.800000000392828e-07,0.011582902361780037,1.9999999999999998e-05,0.9990199999999998
repaired/present,cea-09,joint,swap,1,0.0,10.819778284410283,1.3118752925,1.2652230253095489,1.9999999999999998e-05,0.37464499999999995
repaired/recency,cea-09,joint,swap,1,1.0,0.05024121643674679,0.0024500000000000632,0.38625940550147086,0.001,0.951
repaired/reference,cea-09,joint,swap,1,1.0,0.0009804805139616427,9.800000000392828e-07,0.011582902361780037,1.9999999999999998e-05,0.9990199999999998
repaired/transition1,cea-09,joint,swap,1,1.0,0.6940596403975832,0.4999525248226522,0.7038282843211052,1.9999999999999998e-05,0.4995439781636261
repaired/transition2,cea-09,joint,swap,1,1.0,0.0009804805139616427,9.800000000392828e-07,0.011582902361780037,1.9999999999999998e-05,0.9990199999999998
repaired/transition3,cea-09,joint,swap,1,1.0,0.0009804805139616427,9.800000000392828e-07,0.011582902361780037,1.9999999999999998e-05,0.9990199999999998
streaming/absolute,cea-09,joint,swap,1,0.0,10.819778284410283,1.3118752925,1.2652230253095489,1.9999999999999998e-05,0.37464499999999995
streaming/present,cea-09,joint,swap,1,0.0,10.819778284410283,1.3118752925,1.2652230253095489,1.9999999999999998e-05,0.37464499999999995
streaming/recency,cea-09,joint,swap,1,1.0,0.05024121643674679,0.0024500000000000632,0.38625940550147086,0.001,0.951
streaming/reference,cea-09,joint,swap,1,0.0,10.819778284410283,1.3118752925,1.2652230253095489,1.9999999999999998e-05,0.37464499999999995
streaming/transition1,cea-09,joint,swap,1,0.0,10.819778284410283,1.3118752925,1.2652230253095489,1.9999999999999998e-05,0.37464499999999995
streaming/transition2,cea-09,joint,swap,1,0.0,10.819778284410283,1.3118752925,1.2652230253095489,1.9999999999999998e-05,0.37464499999999995
streaming/transition3,cea-09,joint,swap,1,0.0,10.819778284410283,1.3118752925,1.2652230253095489,1.9999999999999998e-05,0.37464499999999995
fixed/absolute,cea-09,joint,swap,1,0.0,10.819778284410283,1.3118752925,1.2652230253095489,1.9999999999999998e-05,0.37464499999999995
fixed/present,cea-09,joint,swap,1,0.0,10.819778284410283,1.3118752925,1.2652230253095489,1.9999999999999998e-05,0.37464499999999995
fixed/recency,cea-09,joint,swap,1,0.0,6.907755278982137,1.90245,0.38625940550147086,0.001,0.951
fixed/reference,cea-09,joint,swap,1,0.0,10.819778284410283,1.3118752925,1.2652230253095489,1.9999999999999998e-05,0.37464499999999995
fixed/transition1,cea-09,joint,swap,1,0.0,10.819778284410283,1.3118752925,1.2652230253095489,1.9999999999999998e-05,0.37464499999999995
fixed/transition2,cea-09,joint,swap,1,0.0,10.819778284410283,1.3118752925,1.2652230253095489,1.9999999999999998e-05,0.37464499999999995
fixed/transition3,cea-09,joint,swap,1,0.0,10.819778284410283,1.3118752925,1.2652230253095489,1.9999999999999998e-05,0.37464499999999995
oracle-boundary/absolute,cea-09,joint,swap,1,1.0,0.0009804805139616427,9.800000000392828e-07,0.011582902361780037,1.9999999999999998e-05,0.9990199999999998
oracle-boundary/present,cea-09,joint,swap,1,0.0,10.819778284410283,1.3118752925,1.2652230253095489,1.9999999999999998e-05,0.37464499999999995
oracle-boundary/recency,cea-09,joint,swap,1,1.0,0.05024121643674679,0.0024500000000000632,0.38625940550147086,0.001,0.951
oracle-boundary/reference,cea-09,joint,swap,1,1.0,0.0009804805139616427,9.800000000392828e-07,0.011582902361780037,1.9999999999999998e-05,0.9990199999999998
oracle-boundary/transition1,cea-09,joint,swap,1,1.0,0.69410764165507,0.50000048,0.7038282854721148,1.9999999999999998e-05,0.4995199999999999
oracle-boundary/transition2,cea-09,joint,swap,1,1.0,0.0009804805139616427,9.800000000392828e-07,0.011582902361780037,1.9999999999999998e-05,0.9990199999999998
oracle-boundary/transition3,cea-09,joint,swap,1,1.0,0.0009804805139616427,9.800000000392828e-07,0.011582902361780037,1.9999999999999998e-05,0.9990199999999998
map/absolute,cea-09,joint,shuffle,0,1.0,0.0009804805139616427,9.800000000392828e-07,0.011582902361780037,1.9999999999999998e-05,0.9990199999999998
map/present,cea-09,joint,shuffle,0,0.0,10.819778284410283,1.3118752925,1.2652230253095489,1.9999999999999998e-05,0.37464499999999995
map/recency,cea-09,joint,shuffle,0,0.0,6.907755278982137,1.90245,0.38625940550147086,0.001,0.951
map/reference,cea-09,joint,shuffle,0,1.0,0.0009804805139616427,9.800000000392828e-07,0.011582902361780037,1.9999999999999998e-05,0.9990199999999998
map/transition1,cea-09,joint,shuffle,0,0.0,0.8040622299596226,0.6094363256905759,0.6984026337194089,1.9999999999999998e-05,0.5515326111288471
map/transition2,cea-09,joint,shuffle,0,1.0,0.0009804805139616427,9.800000000392828e-07,0.011582902361780037,1.9999999999999998e-05,0.9990199999999998
map/transition3,cea-09,joint,shuffle,0,1.0,0.0009804805139616427,9.800000000392828e-07,0.011582902361780037,1.9999999999999998e-05,0.9990199999999998
mixture/absolute,cea-09,joint,shuffle,0,1.0,0.23026303181615854,0.08429131636361564,0.5161586890091833,0.20491205793997336,0.794324642369655
mixture/present,cea-09,joint,shuffle,0,0.0,11.04906083571248,1.2391469142016351,1.512932769929222,0.20491205793997336,0.2978816796866724
mixture/recency,cea-09,joint,shuffle,0,0.0,7.137037830284334,1.6125024111538884,0.8090209230446825,0.20569125970722751,0.7561437557742007
mixture/reference,cea-09,joint,shuffle,0,1.0,0.23026303181615854,0.08429131636361564,0.5161586890091833,0.20491205793997336,0.794324642369655
mixture/transition1,cea-09,joint,shuffle,0,0.0,1.0333447812618195,0.6492682660012623,1.0622516976407135,0.20491205793997336,0.4385256992754135
mixture/transition2,cea-09,joint,shuffle,0,1.0,0.23026303181615854,0.08429131636361564,0.5161586890091833,0.20491205793997336,0.794324642369655
mixture/transition3,cea-09,joint,shuffle,0,1.0,0.23026303181615854,0.08429131636361564,0.5161586890091833,0.20491205793997336,0.794324642369655
repaired/absolute,cea-09,joint,shuffle,0,1.0,0.0009804805139616427,9.800000000392828e-07,0.011582902361780037,1.9999999999999998e-05,0.9990199999999998
repaired/present,cea-09,joint,shuffle,0,0.0,10.819778284410283,1.3118752925,1.2652230253095489,1.9999999999999998e-05,0.37464499999999995
repaired/recency,cea-09,joint,shuffle,0,0.0,6.907755278982137,1.90245,0.38625940550147086,0.001,0.951
repaired/reference,cea-09,joint,shuffle,0,1.0,0.0009804805139616427,9.800000000392828e-07,0.011582902361780037,1.9999999999999998e-05,0.9990199999999998
repaired/transition1,cea-09,joint,shuffle,0,1.0,0.6936599183952885,0.4995531864882756,0.7038281852954287,1.9999999999999998e-05,0.4997436967961186
repaired/transition2,cea-09,joint,shuffle,0,1.0,0.0009804805139616427,9.800000000392828e-07,0.011582902361780037,1.9999999999999998e-05,0.9990199999999998
repaired/transition3,cea-09,joint,shuffle,0,1.0,0.0009804805139616427,9.800000000392828e-07,0.011582902361780037,1.9999999999999998e-05,0.9990199999999998
streaming/absolute,cea-09,joint,shuffle,0,0.0,10.819778284410283,1.3118752925,1.2652230253095489,1.9999999999999998e-05,0.37464499999999995
streaming/present,cea-09,joint,shuffle,0,0.0,10.819778284410283,1.3118752925,1.2652230253095489,1.9999999999999998e-05,0.37464499999999995
streaming/recency,cea-09,joint,shuffle,0,0.0,6.907755278982137,1.90245,0.38625940550147086,0.001,0.951
streaming/reference,cea-09,joint,shuffle,0,0.0,10.819778284410283,1.3118752925,1.2652230253095489,1.9999999999999998e-05,0.37464499999999995
streaming/transition1,cea-09,joint,shuffle,0,0.0,10.819778284410283,1.3118752925,1.2652230253095489,1.9999999999999998e-05,0.37464499999999995
streaming/transition2,cea-09,joint,shuffle,0,0.0,10.819778284410283,1.3118752925,1.2652230253095489,1.9999999999999998e-05,0.37464499999999995
streaming/transition3,cea-09,joint,shuffle,0,0.0,10.819778284410283,1.3118752925,1.2652230253095489,1.9999999999999998e-05,0.37464499999999995
fixed/absolute,cea-09,joint,shuffle,0,0.0,10.819778284410283,1.3118752925,1.2652230253095489,1.9999999999999998e-05,0.37464499999999995
fixed/present,cea-09,joint,shuffle,0,0.0,10.819778284410283,1.3118752925,1.2652230253095489,1.9999999999999998e-05,0.37464499999999995
fixed/recency,cea-09,joint,shuffle,0,0.0,6.907755278982137,1.90245,0.38625940550147086,0.001,0.951
fixed/reference,cea-09,joint,shuffle,0,0.0,10.819778284410283,1.3118752925,1.2652230253095489,1.9999999999999998e-05,0.37464499999999995
fixed/transition1,cea-09,joint,shuffle,0,0.0,10.819778284410283,1.3118752925,1.2652230253095489,1.9999999999999998e-05,0.37464499999999995
fixed/transition2,cea-09,joint,shuffle,0,0.0,10.819778284410283,1.3118752925,1.2652230253095489,1.9999999999999998e-05,0.37464499999999995
fixed/transition3,cea-09,joint,shuffle,0,0.0,10.819778284410283,1.3118752925,1.2652230253095489,1.9999999999999998e-05,0.37464499999999995
oracle-boundary/absolute,cea-09,joint,shuffle,0,1.0,0.0009804805139616427,9.800000000392828e-07,0.011582902361780037,1.9999999999999998e-05,0.9990199999999998
oracle-boundary/present,cea-09,joint,shuffle,0,0.0,10.819778284410283,1.3118752925,1.2652230253095489,1.9999999999999998e-05,0.37464499999999995
oracle-boundary/recency,cea-09,joint,shuffle,0,0.0,6.907755278982137,1.90245,0.38625940550147086,0.001,0.951
oracle-boundary/reference,cea-09,joint,shuffle,0,1.0,0.0009804805139616427,9.800000000392828e-07,0.011582902361780037,1.9999999999999998e-05,0.9990199999999998
oracle-boundary/transition1,cea-09,joint,shuffle,0,1.0,0.69410764165507,0.50000048,0.7038282854721148,1.9999999999999998e-05,0.4995199999999999
oracle-boundary/transition2,cea-09,joint,shuffle,0,1.0,0.0009804805139616427,9.800000000392828e-07,0.011582902361780037,1.9999999999999998e-05,0.9990199999999998
oracle-boundary/transition3,cea-09,joint,shuffle,0,1.0,0.0009804805139616427,9.800000000392828e-07,0.011582902361780037,1.9999999999999998e-05,0.9990199999999998
map/absolute,cea-09,joint,shuffle,1,1.0,0.0009804805139614205,9.800000000392828e-07,0.011582902361779817,2e-05,0.99902
map/present,cea-09,joint,shuffle,1,0.0,10.819778284410283,1.3118752925,1.2652230253095489,1.9999999999999998e-05,0.37464499999999995
map/recency,cea-09,joint,shuffle,1,0.0,6.907755278982137,1.90245,0.38625940550147086,0.001,0.951
map/reference,cea-09,joint,shuffle,1,1.0,0.0009804805139614205,9.800000000392828e-07,0.011582902361779817,2e-05,0.99902
map/transition1,cea-09,joint,shuffle,1,1.0,0.635987035952844,0.4420022627638218,0.7020383541771751,1.9999999999999998e-05,0.5294126809951679
map/transition2,cea-09,joint,shuffle,1,1.0,0.0009804805139614205,9.800000000392828e-07,0.011582902361779817,2e-05,0.99902
map/transition3,cea-09,joint,shuffle,1,1.0,0.0009804805139614205,9.800000000392828e-07,0.011582902361779817,2e-05,0.99902
mixture/absolute,cea-09,joint,shuffle,1,1.0,0.2302630318161584,0.08429131636361564,0.5161586890091832,0.20491205793997336,0.7943246423696552
mixture/present,cea-09,joint,shuffle,1,0.0,11.04906083571248,1.2391469142016351,1.512932769929222,0.20491205793997336,0.2978816796866724
mixture/recency,cea-09,joint,shuffle,1,0.0,7.137037830284334,1.6125024111538884,0.8090209230446825,0.20569125970722751,0.7561437557742007
mixture/reference,cea-09,joint,shuffle,1,1.0,0.2302630318161584,0.08429131636361564,0.5161586890091832,0.20491205793997336,0.7943246423696552
mixture/transition1,cea-09,joint,shuffle,1,1.0,0.8652695872550409,0.5167311133238903,1.0651424729528904,0.20491205793997336,0.42093805779408533
mixture/transition2,cea-09,joint,shuffle,1,1.0,0.2302630318161584,0.08429131636361564,0.5161586890091832,0.20491205793997336,0.7943246423696552
mixture/transition3,cea-09,joint,shuffle,1,1.0,0.2302630318161584,0.08429131636361564,0.5161586890091832,0.20491205793997336,0.7943246423696552
repaired/absolute,cea-09,joint,shuffle,1,1.0,0.0009804805139614205,9.800000000392828e-07,0.011582902361779817,2e-05,0.99902
repaired/present,cea-09,joint,shuffle,1,0.0,10.819778284410283,1.3118752925,1.2652230253095489,1.9999999999999998e-05,0.37464499999999995
repaired/recency,cea-09,joint,shuffle,1,0.0,6.907755278982137,1.90245,0.38625940550147086,0.001,0.951
repaired/reference,cea-09,joint,shuffle,1,1.0,0.0009804805139614205,9.800000000392828e-07,0.011582902361779817,2e-05,0.99902
repaired/transition1,cea-09,joint,shuffle,1,1.0,0.6933804078249161,0.49927394418867577,0.7038280210992242,1.9999999999999998e-05,0.49988339996519676
repaired/transition2,cea-09,joint,shuffle,1,1.0,0.0009804805139614205,9.800000000392828e-07,0.011582902361779817,2e-05,0.99902
repaired/transition3,cea-09,joint,shuffle,1,1.0,0.0009804805139614205,9.800000000392828e-07,0.011582902361779817,2e-05,0.99902
streaming/absolute,cea-09,joint,shuffle,1,0.0,10.819778284410283,1.3118752925,1.2652230253095489,1.9999999999999998e-05,0.37464499999999995
streaming/present,cea-09,joint,shuffle,1,0.0,10.819778284410283,1.3118752925,1.2652230253095489,1.9999999999999998e-05,0.37464499999999995
streaming/recency,cea-09,joint,shuffle,1,0.0,6.907755278982137,1.90245,0.38625940550147086,0.001,0.951
streaming/reference,cea-09,joint,shuffle,1,0.0,10.819778284410283,1.3118752925,1.2652230253095489,1.9999999999999998e-05,0.37464499999999995
streaming/transition1,cea-09,joint,shuffle,1,0.0,10.819778284410283,1.3118752925,1.2652230253095489,1.9999999999999998e-05,0.37464499999999995
streaming/transition2,cea-09,joint,shuffle,1,0.0,10.819778284410283,1.3118752925,1.2652230253095489,1.9999999999999998e-05,0.37464499999999995
streaming/transition3,cea-09,joint,shuffle,1,0.0,10.819778284410283,1.3118752925,1.2652230253095489,1.9999999999999998e-05,0.37464499999999995
fixed/absolute,cea-09,joint,shuffle,1,0.0,10.819778284410283,1.3118752925,1.2652230253095489,1.9999999999999998e-05,0.37464499999999995
fixed/present,cea-09,joint,shuffle,1,0.0,10.819778284410283,1.3118752925,1.2652230253095489,1.9999999999999998e-05,0.37464499999999995
fixed/recency,cea-09,joint,shuffle,1,0.0,6.907755278982137,1.90245,0.38625940550147086,0.001,0.951
fixed/reference,cea-09,joint,shuffle,1,0.0,10.819778284410283,1.3118752925,1.2652230253095489,1.9999999999999998e-05,0.37464499999999995
fixed/transition1,cea-09,joint,shuffle,1,0.0,10.819778284410283,1.3118752925,1.2652230253095489,1.9999999999999998e-05,0.37464499999999995
fixed/transition2,cea-09,joint,shuffle,1,0.0,10.819778284410283,1.3118752925,1.2652230253095489,1.9999999999999998e-05,0.37464499999999995
fixed/transition3,cea-09,joint,shuffle,1,0.0,10.819778284410283,1.3118752925,1.2652230253095489,1.9999999999999998e-05,0.37464499999999995
oracle-boundary/absolute,cea-09,joint,shuffle,1,1.0,0.0009804805139614205,9.800000000392828e-07,0.011582902361779817,2e-05,0.99902
oracle-boundary/present,cea-09,joint,shuffle,1,0.0,10.819778284410283,1.3118752925,1.2652230253095489,1.9999999999999998e-05,0.37464499999999995
oracle-boundary/recency,cea-09,joint,shuffle,1,0.0,6.907755278982137,1.90245,0.38625940550147086,0.001,0.951
oracle-boundary/reference,cea-09,joint,shuffle,1,1.0,0.0009804805139614205,9.800000000392828e-07,0.011582902361779817,2e-05,0.99902
oracle-boundary/transition1,cea-09,joint,shuffle,1,0.0,0.69410764165507,0.50000048,0.7038282854721148,1.9999999999999998e-05,0.4995199999999999
oracle-boundary/transition2,cea-09,joint,shuffle,1,1.0,0.0009804805139614205,9.800000000392828e-07,0.011582902361779817,2e-05,0.99902
oracle-boundary/transition3,cea-09,joint,shuffle,1,1.0,0.0009804805139614205,9.800000000392828e-07,0.011582902361779817,2e-05,0.99902
map/absolute,cea-09,joint,ambiguous,0,0.0,0.7088935237909435,0.5145419191840801,0.6892013482190024,1.9999999999999998e-05,0.5847885146583426
map/present,cea-09,joint,ambiguous,0,0.0,10.819778284410283,1.3118752925,1.2652230253095489,1.9999999999999998e-05,0.37464499999999995
map/recency,cea-09,joint,ambiguous,0,1.0,3.4789982477094417,0.95245,0.38625940550147086,0.001,0.951
map/reference,cea-09,joint,ambiguous,0,0.0,0.7015084154478531,0.5073326535060172,0.6964709878894342,1.9999999999999998e-05,0.5600682184131675
map/transition1,cea-09,joint,ambiguous,0,0.0,0.6941094264472837,0.5000022613638782,0.7038265023954232,2e-05,0.5004637594710156
map/transition2,cea-09,joint,ambiguous,0,0.0,0.7088935237909435,0.5145419191840801,0.6892013482190024,1.9999999999999998e-05,0.5847885146583426
map/transition3,cea-09,joint,ambiguous,0,0.0,0.7088935237909435,0.5145419191840801,0.6892013482190024,1.9999999999999998e-05,0.5847885146583426
mixture/absolute,cea-09,joint,ambiguous,0,0.0,0.9978207346878847,0.6027987116200901,1.0794552347947655,0.2509482540209892,0.4380456188456808
mixture/present,cea-09,joint,ambiguous,0,0.0,11.108705495307225,1.237961033977006,1.5109339073146477,0.2509482540209892,0.28063410405438755
mixture/recency,cea-09,joint,ambiguous,0,1.0,3.7679254586063835,0.8577196795214903,0.8475868543031518,0.2516823394137565,0.7123624576751927
mixture/reference,cea-09,joint,ambiguous,0,0.0,0.9904356263447943,0.5987535857130446,1.0849006799914445,0.2509482540209892,0.41952846743908584
mixture/transition1,cea-09,joint,ambiguous,0,0.0,0.983036637344225,0.5946404956304858,1.0904104511701531,0.2509482540209892,0.3748807504459929
mixture/transition2,cea-09,joint,ambiguous,0,0.0,0.9978207346878847,0.6027987116200901,1.0794552347947655,0.2509482540209892,0.4380456188456808
mixture/transition3,cea-09,joint,ambiguous,0,0.0,0.9978207346878847,0.6027987116200901,1.0794552347947655,0.2509482540209892,0.4380456188456808
repaired/absolute,cea-09,joint,ambiguous,0,1.0,0.7111317506931689,0.5167059095575581,0.6870122390098844,1.9999999999999998e-05,0.5909131878138574
repaired/present,cea-09,joint,ambiguous,0,0.0,10.819778284410283,1.3118752925,1.2652230253095489,1.9999999999999998e-05,0.37464499999999995
repaired/recency,cea-09,joint,ambiguous,0,1.0,3.4789982477094417,0.95245,0.38625940550147086,0.001,0.951
repaired/reference,cea-09,joint,ambiguous,0,1.0,0.7014697675538628,0.5072946450575666,0.6965092203552782,1.9999999999999998e-05,0.5599110798776056
repaired/transition1,cea-09,joint,ambiguous,0,1.0,0.6941076428071857,0.5000004811499046,0.7038282843211052,1.9999999999999998e-05,0.4995439781636261
repaired/transition2,cea-09,joint,ambiguous,0,1.0,0.694107654549402,0.5000004928695867,0.7038282725901616,1.9999999999999998e-05,0.4996002171634707
repaired/transition3,cea-09,joint,ambiguous,0,1.0,0.7111317506931689,0.5167059095575581,0.6870122390098844,1.9999999999999998e-05,0.5909131878138574
streaming/absolute,cea-09,joint,ambiguous,0,0.0,10.819778284410283,1.3118752925,1.2652230253095489,1.9999999999999998e-05,0.37464499999999995
streaming/present,cea-09,joint,ambiguous,0,0.0,10.819778284410283,1.3118752925,1.2652230253095489,1.9999999999999998e-05,0.37464499999999995
streaming/recency,cea-09,joint,ambiguous,0,1.0,3.4789982477094417,0.95245,0.38625940550147086,0.001,0.951
streaming/reference,cea-09,joint,ambiguous,0,0.0,10.819778284410283,1.3118752925,1.2652230253095489,1.9999999999999998e-05,0.37464499999999995
streaming/transition1,cea-09,joint,ambiguous,0,0.0,10.819778284410283,1.3118752925,1.2652230253095489,1.9999999999999998e-05,0.37464499999999995
streaming/transition2,cea-09,joint,ambiguous,0,0.0,10.819778284410283,1.3118752925,1.2652230253095489,1.9999999999999998e-05,0.37464499999999995
streaming/transition3,cea-09,joint,ambiguous,0,0.0,10.819778284410283,1.3118752925,1.2652230253095489,1.9999999999999998e-05,0.37464499999999995
fixed/absolute,cea-09,joint,ambiguous,0,0.0,10.819778284410283,1.3118752925,1.2652230253095489,1.9999999999999998e-05,0.37464499999999995
fixed/present,cea-09,joint,ambiguous,0,0.0,10.819778284410283,1.3118752925,1.2652230253095489,1.9999999999999998e-05,0.37464499999999995
fixed/recency,cea-09,joint,ambiguous,0,0.0,6.907755278982137,1.90245,0.38625940550147086,0.001,0.951
fixed/reference,cea-09,joint,ambiguous,0,0.0,10.819778284410283,1.3118752925,1.2652230253095489,1.9999999999999998e-05,0.37464499999999995
fixed/transition1,cea-09,joint,ambiguous,0,0.0,10.819778284410283,1.3118752925,1.2652230253095489,1.9999999999999998e-05,0.37464499999999995
fixed/transition2,cea-09,joint,ambiguous,0,0.0,10.819778284410283,1.3118752925,1.2652230253095489,1.9999999999999998e-05,0.37464499999999995
fixed/transition3,cea-09,joint,ambiguous,0,0.0,10.819778284410283,1.3118752925,1.2652230253095489,1.9999999999999998e-05,0.37464499999999995
oracle-boundary/absolute,cea-09,joint,ambiguous,0,1.0,0.69410764165507,0.50000048,0.7038282854721148,1.9999999999999998e-05,0.4995199999999999
oracle-boundary/present,cea-09,joint,ambiguous,0,0.0,10.819778284410283,1.3118752925,1.2652230253095489,1.9999999999999998e-05,0.37464499999999995
oracle-boundary/recency,cea-09,joint,ambiguous,0,1.0,3.4789982477094417,0.95245,0.38625940550147086,0.001,0.951
oracle-boundary/reference,cea-09,joint,ambiguous,0,1.0,0.69410764165507,0.50000048,0.7038282854721148,1.9999999999999998e-05,0.4995199999999999
oracle-boundary/transition1,cea-09,joint,ambiguous,0,1.0,0.69410764165507,0.50000048,0.7038282854721148,1.9999999999999998e-05,0.4995199999999999
oracle-boundary/transition2,cea-09,joint,ambiguous,0,1.0,0.69410764165507,0.50000048,0.7038282854721148,1.9999999999999998e-05,0.4995199999999999
oracle-boundary/transition3,cea-09,joint,ambiguous,0,1.0,0.69410764165507,0.50000048,0.7038282854721148,1.9999999999999998e-05,0.4995199999999999
map/absolute,cea-09,joint,ambiguous,1,1.0,0.7088935237909435,0.5145419191840801,0.6892013482190024,1.9999999999999998e-05,0.5847885146583426
map/present,cea-09,joint,ambiguous,1,0.0,10.819778284410283,1.3118752925,1.2652230253095489,1.9999999999999998e-05,0.37464499999999995
map/recency,cea-09,joint,ambiguous,1,0.0,3.4789982477094417,0.95245,0.38625940550147086,0.001,0.951
map/reference,cea-09,joint,ambiguous,1,1.0,0.7015084154478531,0.5073326535060172,0.6964709878894342,1.9999999999999998e-05,0.5600682184131675
map/transition1,cea-09,joint,ambiguous,1,1.0,0.6941094264472837,0.5000022613638782,0.7038265023954232,2e-05,0.5004637594710156
map/transition2,cea-09,joint,ambiguous,1,1.0,0.7088935237909435,0.5145419191840801,0.6892013482190024,1.9999999999999998e-05,0.5847885146583426
map/transition3,cea-09,joint,ambiguous,1,1.0,0.7088935237909435,0.5145419191840801,0.6892013482190024,1.9999999999999998e-05,0.5847885146583426
mixture/absolute,cea-09,joint,ambiguous,1,1.0,0.9978207346878847,0.6027987116200901,1.0794552347947655,0.2509482540209892,0.4380456188456808
mixture/present,cea-09,joint,ambiguous,1,0.0,11.108705495307225,1.237961033977006,1.5109339073146477,0.2509482540209892,0.28063410405438755
mixture/recency,cea-09,joint,ambiguous,1,0.0,3.7679254586063835,0.8577196795214903,0.8475868543031518,0.2516823394137565,0.7123624576751927
mixture/reference,cea-09,joint,ambiguous,1,1.0,0.9904356263447943,0.5987535857130446,1.0849006799914445,0.2509482540209892,0.41952846743908584
mixture/transition1,cea-09,joint,ambiguous,1,1.0,0.983036637344225,0.5946404956304858,1.0904104511701531,0.2509482540209892,0.3748807504459929
mixture/transition2,cea-09,joint,ambiguous,1,1.0,0.9978207346878847,0.6027987116200901,1.0794552347947655,0.2509482540209892,0.4380456188456808
mixture/transition3,cea-09,joint,ambiguous,1,1.0,0.9978207346878847,0.6027987116200901,1.0794552347947655,0.2509482540209892,0.4380456188456808
repaired/absolute,cea-09,joint,ambiguous,1,0.0,0.7111317506931689,0.5167059095575581,0.6870122390098844,1.9999999999999998e-05,0.5909131878138574
repaired/present,cea-09,joint,ambiguous,1,0.0,10.819778284410283,1.3118752925,1.2652230253095489,1.9999999999999998e-05,0.37464499999999995
repaired/recency,cea-09,joint,ambiguous,1,0.0,3.4789982477094417,0.95245,0.38625940550147086,0.001,0.951
repaired/reference,cea-09,joint,ambiguous,1,0.0,0.7014697675538628,0.5072946450575666,0.6965092203552782,1.9999999999999998e-05,0.5599110798776056
repaired/transition1,cea-09,joint,ambiguous,1,0.0,0.6941076428071857,0.5000004811499046,0.7038282843211052,1.9999999999999998e-05,0.4995439781636261
repaired/transition2,cea-09,joint,ambiguous,1,0.0,0.694107654549402,0.5000004928695867,0.7038282725901616,1.9999999999999998e-05,0.4996002171634707
repaired/transition3,cea-09,joint,ambiguous,1,0.0,0.7111317506931689,0.5167059095575581,0.6870122390098844,1.9999999999999998e-05,0.5909131878138574
streaming/absolute,cea-09,joint,ambiguous,1,0.0,10.819778284410283,1.3118752925,1.2652230253095489,1.9999999999999998e-05,0.37464499999999995
streaming/present,cea-09,joint,ambiguous,1,0.0,10.819778284410283,1.3118752925,1.2652230253095489,1.9999999999999998e-05,0.37464499999999995
streaming/recency,cea-09,joint,ambiguous,1,0.0,3.4789982477094417,0.95245,0.38625940550147086,0.001,0.951
streaming/reference,cea-09,joint,ambiguous,1,0.0,10.819778284410283,1.3118752925,1.2652230253095489,1.9999999999999998e-05,0.37464499999999995
streaming/transition1,cea-09,joint,ambiguous,1,0.0,10.819778284410283,1.3118752925,1.2652230253095489,1.9999999999999998e-05,0.37464499999999995
streaming/transition2,cea-09,joint,ambiguous,1,0.0,10.819778284410283,1.3118752925,1.2652230253095489,1.9999999999999998e-05,0.37464499999999995
streaming/transition3,cea-09,joint,ambiguous,1,0.0,10.819778284410283,1.3118752925,1.2652230253095489,1.9999999999999998e-05,0.37464499999999995
fixed/absolute,cea-09,joint,ambiguous,1,0.0,10.819778284410283,1.3118752925,1.2652230253095489,1.9999999999999998e-05,0.37464499999999995
fixed/present,cea-09,joint,ambiguous,1,0.0,10.819778284410283,1.3118752925,1.2652230253095489,1.9999999999999998e-05,0.37464499999999995
fixed/recency,cea-09,joint,ambiguous,1,0.0,6.907755278982137,1.90245,0.38625940550147086,0.001,0.951
fixed/reference,cea-09,joint,ambiguous,1,0.0,10.819778284410283,1.3118752925,1.2652230253095489,1.9999999999999998e-05,0.37464499999999995
fixed/transition1,cea-09,joint,ambiguous,1,0.0,10.819778284410283,1.3118752925,1.2652230253095489,1.9999999999999998e-05,0.37464499999999995
fixed/transition2,cea-09,joint,ambiguous,1,0.0,10.819778284410283,1.3118752925,1.2652230253095489,1.9999999999999998e-05,0.37464499999999995
fixed/transition3,cea-09,joint,ambiguous,1,0.0,10.819778284410283,1.3118752925,1.2652230253095489,1.9999999999999998e-05,0.37464499999999995
oracle-boundary/absolute,cea-09,joint,ambiguous,1,0.0,0.69410764165507,0.50000048,0.7038282854721148,1.9999999999999998e-05,0.4995199999999999
oracle-boundary/present,cea-09,joint,ambiguous,1,0.0,10.819778284410283,1.3118752925,1.2652230253095489,1.9999999999999998e-05,0.37464499999999995
oracle-boundary/recency,cea-09,joint,ambiguous,1,0.0,3.4789982477094417,0.95245,0.38625940550147086,0.001,0.951
oracle-boundary/reference,cea-09,joint,ambiguous,1,0.0,0.69410764165507,0.50000048,0.7038282854721148,1.9999999999999998e-05,0.4995199999999999
oracle-boundary/transition1,cea-09,joint,ambiguous,1,0.0,0.69410764165507,0.50000048,0.7038282854721148,1.9999999999999998e-05,0.4995199999999999
oracle-boundary/transition2,cea-09,joint,ambiguous,1,0.0,0.69410764165507,0.50000048,0.7038282854721148,1.9999999999999998e-05,0.4995199999999999
oracle-boundary/transition3,cea-09,joint,ambiguous,1,0.0,0.69410764165507,0.50000048,0.7038282854721148,1.9999999999999998e-05,0.4995199999999999
map/absolute,cea-10,detached,intact,0,1.0,0.0009804805139616427,9.800000000392828e-07,0.011582902361780037,1.9999999999999998e-05,0.9990199999999998
map/present,cea-10,detached,intact,0,1.0,0.9817763680502767,0.5626252924999999,1.2652230253095489,1.9999999999999998e-05,0.37464499999999995
map/recency,cea-10,detached,intact,0,1.0,0.05024121643674679,0.0024500000000000632,0.38625940550147086,0.001,0.951
map/reference,cea-10,detached,intact,0,1.0,0.0009804805139616427,9.800000000392828e-07,0.011582902361780037,1.9999999999999998e-05,0.9990199999999998
map/transition1,cea-10,detached,intact,0,0.0,0.7115233511002911,0.5173975911370807,0.7036793822036898,2e-05,0.508144179103334
map/transition2,cea-10,detached,intact,0,1.0,0.0009804805139616427,9.800000000392828e-07,0.011582902361780037,1.9999999999999998e-05,0.9990199999999998
map/transition3,cea-10,detached,intact,0,1.0,0.0009804805139616427,9.800000000392828e-07,0.011582902361780037,1.9999999999999998e-05,0.9990199999999998
mixture/absolute,cea-10,detached,intact,0,1.0,0.0009804805139616427,9.800000000392828e-07,0.011582902361780037,1.9999999999999998e-05,0.9990199999999998
mixture/present,cea-10,detached,intact,0,1.0,0.9817763680502767,0.5626252924999999,1.2652230253095489,1.9999999999999998e-05,0.37464499999999995
mixture/recency,cea-10,detached,intact,0,1.0,0.05024121643674679,0.0024500000000000632,0.38625940550147086,0.001,0.951
mixture/reference,cea-10,detached,intact,0,1.0,0.0009804805139616427,9.800000000392828e-07,0.011582902361780037,1.9999999999999998e-05,0.9990199999999998
mixture/transition1,cea-10,detached,intact,0,0.0,0.7115233511002911,0.5173975911370807,0.7036793822036898,2e-05,0.508144179103334
mixture/transition2,cea-10,detached,intact,0,1.0,0.0009804805139616427,9.800000000392828e-07,0.011582902361780037,1.9999999999999998e-05,0.9990199999999998
mixture/transition3,cea-10,detached,intact,0,1.0,0.0009804805139616427,9.800000000392828e-07,0.011582902361780037,1.9999999999999998e-05,0.9990199999999998
repaired/absolute,cea-10,detached,intact,0,1.0,0.0009804805139616427,9.800000000392828e-07,0.011582902361780037,1.9999999999999998e-05,0.9990199999999998
repaired/present,cea-10,detached,intact,0,1.0,0.9817763680502767,0.5626252924999999,1.2652230253095489,1.9999999999999998e-05,0.37464499999999995
repaired/recency,cea-10,detached,intact,0,1.0,0.05024121643674679,0.0024500000000000632,0.38625940550147086,0.001,0.951
repaired/reference,cea-10,detached,intact,0,1.0,0.0009804805139616427,9.800000000392828e-07,0.011582902361780037,1.9999999999999998e-05,0.9990199999999998
repaired/transition1,cea-10,detached,intact,0,1.0,0.6934776397434872,0.49937108278311126,0.70382808708646,1.9999999999999998e-05,0.49983479770604006
repaired/transition2,cea-10,detached,intact,0,1.0,0.0009804805139616427,9.800000000392828e-07,0.011582902361780037,1.9999999999999998e-05,0.9990199999999998
repaired/transition3,cea-10,detached,intact,0,1.0,0.0009804805139616427,9.800000000392828e-07,0.011582902361780037,1.9999999999999998e-05,0.9990199999999998
streaming/absolute,cea-10,detached,intact,0,1.0,0.0009804805139616427,9.800000000392828e-07,0.011582902361780037,1.9999999999999998e-05,0.9990199999999998
streaming/present,cea-10,detached,intact,0,1.0,0.9817763680502767,0.5626252924999999,1.2652230253095489,1.9999999999999998e-05,0.37464499999999995
streaming/recency,cea-10,detached,intact,0,1.0,0.05024121643674679,0.0024500000000000632,0.38625940550147086,0.001,0.951
streaming/reference,cea-10,detached,intact,0,1.0,0.0009804805139616427,9.800000000392828e-07,0.011582902361780037,1.9999999999999998e-05,0.9990199999999998
streaming/transition1,cea-10,detached,intact,0,1.0,0.4200612968560232,0.23463141214325356,0.653319480946089,1.9999999999999998e-05,0.6570065461450794
streaming/transition2,cea-10,detached,intact,0,1.0,0.0009804805139616427,9.800000000392828e-07,0.011582902361780037,1.9999999999999998e-05,0.9990199999999998
streaming/transition3,cea-10,detached,intact,0,1.0,0.0009804805139616427,9.800000000392828e-07,0.011582902361780037,1.9999999999999998e-05,0.9990199999999998
fixed/absolute,cea-10,detached,intact,0,1.0,0.9817763680502767,0.5626252924999999,1.2652230253095489,1.9999999999999998e-05,0.37464499999999995
fixed/present,cea-10,detached,intact,0,1.0,0.9817763680502767,0.5626252924999999,1.2652230253095489,1.9999999999999998e-05,0.37464499999999995
fixed/recency,cea-10,detached,intact,0,1.0,1.0293194621721604,0.5694812499999999,1.5615080942797084,0.001,0.35724999999999996
fixed/reference,cea-10,detached,intact,0,1.0,0.9817763680502767,0.5626252924999999,1.2652230253095489,1.9999999999999998e-05,0.37464499999999995
fixed/transition1,cea-10,detached,intact,0,1.0,0.9817763680502767,0.5626252924999999,1.2652230253095489,1.9999999999999998e-05,0.37464499999999995
fixed/transition2,cea-10,detached,intact,0,1.0,0.9817763680502767,0.5626252924999999,1.2652230253095489,1.9999999999999998e-05,0.37464499999999995
fixed/transition3,cea-10,detached,intact,0,1.0,0.9817763680502767,0.5626252924999999,1.2652230253095489,1.9999999999999998e-05,0.37464499999999995
oracle-boundary/absolute,cea-10,detached,intact,0,1.0,0.0009804805139616427,9.800000000392828e-07,0.011582902361780037,1.9999999999999998e-05,0.9990199999999998
oracle-boundary/present,cea-10,detached,intact,0,1.0,0.9817763680502767,0.5626252924999999,1.2652230253095489,1.9999999999999998e-05,0.37464499999999995
oracle-boundary/recency,cea-10,detached,intact,0,1.0,0.05024121643674679,0.0024500000000000632,0.38625940550147086,0.001,0.951
oracle-boundary/reference,cea-10,detached,intact,0,1.0,0.0009804805139616427,9.800000000392828e-07,0.011582902361780037,1.9999999999999998e-05,0.9990199999999998
oracle-boundary/transition1,cea-10,detached,intact,0,1.0,0.69410764165507,0.50000048,0.7038282854721148,1.9999999999999998e-05,0.4995199999999999
oracle-boundary/transition2,cea-10,detached,intact,0,1.0,0.0009804805139616427,9.800000000392828e-07,0.011582902361780037,1.9999999999999998e-05,0.9990199999999998
oracle-boundary/transition3,cea-10,detached,intact,0,1.0,0.0009804805139616427,9.800000000392828e-07,0.011582902361780037,1.9999999999999998e-05,0.9990199999999998
map/absolute,cea-10,detached,intact,1,1.0,0.0009804805139614205,9.800000000392828e-07,0.011582902361779817,2e-05,0.99902
map/present,cea-10,detached,intact,1,0.0,0.9817763680502767,0.5626252924999999,1.2652230253095489,1.9999999999999998e-05,0.37464499999999995
map/recency,cea-10,detached,intact,1,1.0,0.05024121643674679,0.0024500000000000632,0.38625940550147086,0.001,0.951
map/reference,cea-10,detached,intact,1,1.0,0.0009804805139614205,9.800000000392828e-07,0.011582902361779817,2e-05,0.99902
map/transition1,cea-10,detached,intact,1,0.0,0.7115233511002913,0.517397591137081,0.7036793822036898,1.9999999999999998e-05,0.5081441791033339
map/transition2,cea-10,detached,intact,1,1.0,0.0009804805139614205,9.800000000392828e-07,0.011582902361779817,2e-05,0.99902
map/transition3,cea-10,detached,intact,1,1.0,0.0009804805139614205,9.800000000392828e-07,0.011582902361779817,2e-05,0.99902
mixture/absolute,cea-10,detached,intact,1,1.0,0.0009804805139614205,9.800000000392828e-07,0.011582902361779817,2e-05,0.99902
mixture/present,cea-10,detached,intact,1,0.0,0.9817763680502767,0.5626252924999999,1.2652230253095489,1.9999999999999998e-05,0.37464499999999995
mixture/recency,cea-10,detached,intact,1,1.0,0.05024121643674679,0.0024500000000000632,0.38625940550147086,0.001,0.951
mixture/reference,cea-10,detached,intact,1,1.0,0.0009804805139614205,9.800000000392828e-07,0.011582902361779817,2e-05,0.99902
mixture/transition1,cea-10,detached,intact,1,0.0,0.7115233511002913,0.517397591137081,0.7036793822036898,1.9999999999999998e-05,0.5081441791033339
mixture/transition2,cea-10,detached,intact,1,1.0,0.0009804805139614205,9.800000000392828e-07,0.011582902361779817,2e-05,0.99902
mixture/transition3,cea-10,detached,intact,1,1.0,0.0009804805139614205,9.800000000392828e-07,0.011582902361779817,2e-05,0.99902
repaired/absolute,cea-10,detached,intact,1,1.0,0.0009804805139614205,9.800000000392828e-07,0.011582902361779817,2e-05,0.99902
repaired/present,cea-10,detached,intact,1,0.0,0.9817763680502767,0.5626252924999999,1.2652230253095489,1.9999999999999998e-05,0.37464499999999995
repaired/recency,cea-10,detached,intact,1,1.0,0.05024121643674679,0.0024500000000000632,0.38625940550147086,0.001,0.951
repaired/reference,cea-10,detached,intact,1,1.0,0.0009804805139614205,9.800000000392828e-07,0.011582902361779817,2e-05,0.99902
repaired/transition1,cea-10,detached,intact,1,1.0,0.6934776397434872,0.49937108278311126,0.70382808708646,1.9999999999999998e-05,0.49983479770604006
repaired/transition2,cea-10,detached,intact,1,1.0,0.0009804805139614205,9.800000000392828e-07,0.011582902361779817,2e-05,0.99902
repaired/transition3,cea-10,detached,intact,1,1.0,0.0009804805139614205,9.800000000392828e-07,0.011582902361779817,2e-05,0.99902
streaming/absolute,cea-10,detached,intact,1,1.0,0.0009804805139614205,9.800000000392828e-07,0.011582902361779817,2e-05,0.99902
streaming/present,cea-10,detached,intact,1,0.0,0.9817763680502767,0.5626252924999999,1.2652230253095489,1.9999999999999998e-05,0.37464499999999995
streaming/recency,cea-10,detached,intact,1,1.0,0.05024121643674679,0.0024500000000000632,0.38625940550147086,0.001,0.951
streaming/reference,cea-10,detached,intact,1,1.0,0.0009804805139614205,9.800000000392828e-07,0.011582902361779817,2e-05,0.99902
streaming/transition1,cea-10,detached,intact,1,0.0,0.9920641187915282,0.790551741690467,0.6702871001916582,1.9999999999999998e-05,0.6282294963854398
streaming/transition2,cea-10,detached,intact,1,1.0,0.0009804805139614205,9.800000000392828e-07,0.011582902361779817,2e-05,0.99902
streaming/transition3,cea-10,detached,intact,1,1.0,0.0009804805139614205,9.800000000392828e-07,0.011582902361779817,2e-05,0.99902
fixed/absolute,cea-10,detached,intact,1,0.0,0.9817763680502767,0.5626252924999999,1.2652230253095489,1.9999999999999998e-05,0.37464499999999995
fixed/present,cea-10,detached,intact,1,0.0,0.9817763680502767,0.5626252924999999,1.2652230253095489,1.9999999999999998e-05,0.37464499999999995
fixed/recency,cea-10,detached,intact,1,0.0,1.0293194621721604,0.5694812499999999,1.5615080942797084,0.001,0.35724999999999996
fixed/reference,cea-10,detached,intact,1,0.0,0.9817763680502767,0.5626252924999999,1.2652230253095489,1.9999999999999998e-05,0.37464499999999995
fixed/transition1,cea-10,detached,intact,1,0.0,0.9817763680502767,0.5626252924999999,1.2652230253095489,1.9999999999999998e-05,0.37464499999999995
fixed/transition2,cea-10,detached,intact,1,0.0,0.9817763680502767,0.5626252924999999,1.2652230253095489,1.9999999999999998e-05,0.37464499999999995
fixed/transition3,cea-10,detached,intact,1,0.0,0.9817763680502767,0.5626252924999999,1.2652230253095489,1.9999999999999998e-05,0.37464499999999995
oracle-boundary/absolute,cea-10,detached,intact,1,1.0,0.0009804805139614205,9.800000000392828e-07,0.011582902361779817,2e-05,0.99902
oracle-boundary/present,cea-10,detached,intact,1,0.0,0.9817763680502767,0.5626252924999999,1.2652230253095489,1.9999999999999998e-05,0.37464499999999995
oracle-boundary/recency,cea-10,detached,intact,1,1.0,0.05024121643674679,0.0024500000000000632,0.38625940550147086,0.001,0.951
oracle-boundary/reference,cea-10,detached,intact,1,1.0,0.0009804805139614205,9.800000000392828e-07,0.011582902361779817,2e-05,0.99902
oracle-boundary/transition1,cea-10,detached,intact,1,0.0,0.69410764165507,0.50000048,0.7038282854721148,1.9999999999999998e-05,0.4995199999999999
oracle-boundary/transition2,cea-10,detached,intact,1,1.0,0.0009804805139614205,9.800000000392828e-07,0.011582902361779817,2e-05,0.99902
oracle-boundary/transition3,cea-10,detached,intact,1,1.0,0.0009804805139614205,9.800000000392828e-07,0.011582902361779817,2e-05,0.99902
map/absolute,cea-10,legato,intact,0,1.0,0.0009804805139616427,9.800000000392828e-07,0.011582902361780037,1.9999999999999998e-05,0.9990199999999998
map/present,cea-10,legato,intact,0,1.0,0.9817763680502767,0.5626252924999999,1.2652230253095489,1.9999999999999998e-05,0.37464499999999995
map/recency,cea-10,legato,intact,0,1.0,0.05024121643674679,0.0024500000000000632,0.38625940550147086,0.001,0.951
map/reference,cea-10,legato,intact,0,1.0,0.0009804805139616427,9.800000000392828e-07,0.011582902361780037,1.9999999999999998e-05,0.9990199999999998
map/transition1,cea-10,legato,intact,0,1.0,0.5662834880229051,0.37305646988667895,0.6945121230883823,1.9999999999999998e-05,0.5676311312578899
map/transition2,cea-10,legato,intact,0,1.0,0.0009804805139616427,9.800000000392828e-07,0.011582902361780037,1.9999999999999998e-05,0.9990199999999998
map/transition3,cea-10,legato,intact,0,1.0,0.0009804805139616427,9.800000000392828e-07,0.011582902361780037,1.9999999999999998e-05,0.9990199999999998
mixture/absolute,cea-10,legato,intact,0,1.0,0.20285620553865974,0.050310230221277896,0.6582276200745487,0.12246573075395505,0.8163956261550742
mixture/present,cea-10,legato,intact,0,1.0,1.1123956389831031,0.5976621440249705,1.4819004887975875,0.12246573075395505,0.3287704017097187
mixture/recency,cea-10,legato,intact,0,1.0,0.18086048736957336,0.04261931386576201,0.705522939652949,0.12332573153783186,0.8345517810886105
mixture/reference,cea-10,legato,intact,0,1.0,0.20285620553865974,0.050310230221277896,0.6582276200745487,0.12246573075395505,0.8163956261550742
mixture/transition1,cea-10,legato,intact,0,1.0,0.6969027589557316,0.41020122108095114,0.981072097698363,0.12246573075395505,0.49812573248434794
mixture/transition2,cea-10,legato,intact,0,1.0,0.13159975144678818,0.030202777373538714,0.3817663169256577,0.12246573075395505,0.8766918194985737
mixture/transition3,cea-10,legato,intact,0,1.0,0.20285620553865974,0.050310230221277896,0.6582276200745487,0.12246573075395505,0.8163956261550742
repaired/absolute,cea-10,legato,intact,0,1.0,0.0009804805139616427,9.800000000392828e-07,0.011582902361780037,1.9999999999999998e-05,0.9990199999999998
repaired/present,cea-10,legato,intact,0,1.0,0.9817763680502767,0.5626252924999999,1.2652230253095489,1.9999999999999998e-05,0.37464499999999995
repaired/recency,cea-10,legato,intact,0,1.0,0.05024121643674679,0.0024500000000000632,0.38625940550147086,0.001,0.951
repaired/reference,cea-10,legato,intact,0,1.0,0.0009804805139616427,9.800000000392828e-07,0.011582902361780037,1.9999999999999998e-05,0.9990199999999998
repaired/transition1,cea-10,legato,intact,0,1.0,0.6930015103398697,0.49889541043455177,0.7038276736195622,1.9999999999999998e-05,0.5000728404152487
repaired/transition2,cea-10,legato,intact,0,1.0,0.0009804805139616427,9.800000000392828e-07,0.011582902361780037,1.9999999999999998e-05,0.9990199999999998
repaired/transition3,cea-10,legato,intact,0,1.0,0.0009804805139616427,9.800000000392828e-07,0.011582902361780037,1.9999999999999998e-05,0.9990199999999998
streaming/absolute,cea-10,legato,intact,0,1.0,0.9817763680502767,0.5626252924999999,1.2652230253095489,1.9999999999999998e-05,0.37464499999999995
streaming/present,cea-10,legato,intact,0,1.0,0.9817763680502767,0.5626252924999999,1.2652230253095489,1.9999999999999998e-05,0.37464499999999995
streaming/recency,cea-10,legato,intact,0,1.0,0.05024121643674679,0.0024500000000000632,0.38625940550147086,0.001,0.951
streaming/reference,cea-10,legato,intact,0,1.0,0.9817763680502767,0.5626252924999999,1.2652230253095489,1.9999999999999998e-05,0.37464499999999995
streaming/transition1,cea-10,legato,intact,0,1.0,0.9817763680502767,0.5626252924999999,1.2652230253095489,1.9999999999999998e-05,0.37464499999999995
streaming/transition2,cea-10,legato,intact,0,1.0,0.9817763680502767,0.5626252924999999,1.2652230253095489,1.9999999999999998e-05,0.37464499999999995
streaming/transition3,cea-10,legato,intact,0,1.0,0.9817763680502767,0.5626252924999999,1.2652230253095489,1.9999999999999998e-05,0.37464499999999995
fixed/absolute,cea-10,legato,intact,0,1.0,0.9817763680502767,0.5626252924999999,1.2652230253095489,1.9999999999999998e-05,0.37464499999999995
fixed/present,cea-10,legato,intact,0,1.0,0.9817763680502767,0.5626252924999999,1.2652230253095489,1.9999999999999998e-05,0.37464499999999995
fixed/recency,cea-10,legato,intact,0,0.0,6.907755278982137,1.90245,0.38625940550147086,0.001,0.951
fixed/reference,cea-10,legato,intact,0,1.0,0.9817763680502767,0.5626252924999999,1.2652230253095489,1.9999999999999998e-05,0.37464499999999995
fixed/transition1,cea-10,legato,intact,0,0.0,10.819778284410283,1.99800098,0.011582902361779817,2e-05,0.99902
fixed/transition2,cea-10,legato,intact,0,1.0,0.9817763680502767,0.5626252924999999,1.2652230253095489,1.9999999999999998e-05,0.37464499999999995
fixed/transition3,cea-10,legato,intact,0,1.0,0.9817763680502767,0.5626252924999999,1.2652230253095489,1.9999999999999998e-05,0.37464499999999995
oracle-boundary/absolute,cea-10,legato,intact,0,1.0,0.0009804805139616427,9.800000000392828e-07,0.011582902361780037,1.9999999999999998e-05,0.9990199999999998
oracle-boundary/present,cea-10,legato,intact,0,1.0,0.9817763680502767,0.5626252924999999,1.2652230253095489,1.9999999999999998e-05,0.37464499999999995
oracle-boundary/recency,cea-10,legato,intact,0,1.0,0.05024121643674679,0.0024500000000000632,0.38625940550147086,0.001,0.951
oracle-boundary/reference,cea-10,legato,intact,0,1.0,0.0009804805139616427,9.800000000392828e-07,0.011582902361780037,1.9999999999999998e-05,0.9990199999999998
oracle-boundary/transition1,cea-10,legato,intact,0,1.0,0.69410764165507,0.50000048,0.7038282854721148,1.9999999999999998e-05,0.4995199999999999
oracle-boundary/transition2,cea-10,legato,intact,0,1.0,0.0009804805139616427,9.800000000392828e-07,0.011582902361780037,1.9999999999999998e-05,0.9990199999999998
oracle-boundary/transition3,cea-10,legato,intact,0,1.0,0.0009804805139616427,9.800000000392828e-07,0.011582902361780037,1.9999999999999998e-05,0.9990199999999998
map/absolute,cea-10,legato,intact,1,1.0,0.0009804805139614205,9.800000000392828e-07,0.011582902361779817,2e-05,0.99902
map/present,cea-10,legato,intact,1,0.0,0.9817763680502767,0.5626252924999999,1.2652230253095489,1.9999999999999998e-05,0.37464499999999995
map/recency,cea-10,legato,intact,1,1.0,0.05024121643674679,0.0024500000000000632,0.38625940550147086,0.001,0.951
map/reference,cea-10,legato,intact,1,1.0,0.0009804805139614205,9.800000000392828e-07,0.011582902361779817,2e-05,0.99902
map/transition1,cea-10,legato,intact,1,1.0,0.4813728423673103,0.2912154941906395,0.6754883524318921,1.9999999999999998e-05,0.6179344825922768
map/transition2,cea-10,legato,intact,1,1.0,0.0009804805139614205,9.800000000392828e-07,0.011582902361779817,2e-05,0.99902
map/transition3,cea-10,legato,intact,1,1.0,0.0009804805139614205,9.800000000392828e-07,0.011582902361779817,2e-05,0.99902
mixture/absolute,cea-10,legato,intact,1,1.0,0.2028562055386596,0.050310230221277896,0.6582276200745486,0.12246573075395505,0.8163956261550743
mixture/present,cea-10,legato,intact,1,0.0,1.1123956389831031,0.5976621440249705,1.4819004887975875,0.12246573075395505,0.3287704017097187
mixture/recency,cea-10,legato,intact,1,1.0,0.18086048736957336,0.04261931386576201,0.705522939652949,0.12332573153783186,0.8345517810886105
mixture/reference,cea-10,legato,intact,1,1.0,0.2028562055386596,0.050310230221277896,0.6582276200745486,0.12246573075395505,0.8163956261550743
mixture/transition1,cea-10,legato,intact,1,1.0,0.6119921133001369,0.33636505976799747,0.9643777531301243,0.12246573075395505,0.5422695300141468
mixture/transition2,cea-10,legato,intact,1,1.0,0.13159975144678804,0.030202777373538714,0.3817663169256576,0.12246573075395505,0.8766918194985738
mixture/transition3,cea-10,legato,intact,1,1.0,0.2028562055386596,0.050310230221277896,0.6582276200745486,0.12246573075395505,0.8163956261550743
repaired/absolute,cea-10,legato,intact,1,1.0,0.0009804805139614205,9.800000000392828e-07,0.011582902361779817,2e-05,0.99902
repaired/present,cea-10,legato,intact,1,0.0,0.9817763680502767,0.5626252924999999,1.2652230253095489,1.9999999999999998e-05,0.37464499999999995
repaired/recency,cea-10,legato,intact,1,1.0,0.05024121643674679,0.0024500000000000632,0.38625940550147086,0.001,0.951
repaired/reference,cea-10,legato,intact,1,1.0,0.0009804805139614205,9.800000000392828e-07,0.011582902361779817,2e-05,0.99902
repaired/transition1,cea-10,legato,intact,1,1.0,0.6930015103398695,0.49889541043455177,0.7038276736195622,2e-05,0.5000728404152488
repaired/transition2,cea-10,legato,intact,1,1.0,0.0009804805139614205,9.800000000392828e-07,0.011582902361779817,2e-05,0.99902
repaired/transition3,cea-10,legato,intact,1,1.0,0.0009804805139614205,9.800000000392828e-07,0.011582902361779817,2e-05,0.99902
streaming/absolute,cea-10,legato,intact,1,0.0,0.9817763680502767,0.5626252924999999,1.2652230253095489,1.9999999999999998e-05,0.37464499999999995
streaming/present,cea-10,legato,intact,1,0.0,0.9817763680502767,0.5626252924999999,1.2652230253095489,1.9999999999999998e-05,0.37464499999999995
streaming/recency,cea-10,legato,intact,1,0.0,1.0293194621721604,0.5694812499999999,1.5615080942797084,0.001,0.35724999999999996
streaming/reference,cea-10,legato,intact,1,0.0,0.9817763680502767,0.5626252924999999,1.2652230253095489,1.9999999999999998e-05,0.37464499999999995
streaming/transition1,cea-10,legato,intact,1,0.0,0.9817763680502767,0.5626252924999999,1.2652230253095489,1.9999999999999998e-05,0.37464499999999995
streaming/transition2,cea-10,legato,intact,1,0.0,0.9817763680502767,0.5626252924999999,1.2652230253095489,1.9999999999999998e-05,0.37464499999999995
streaming/transition3,cea-10,legato,intact,1,0.0,0.9817763680502767,0.5626252924999999,1.2652230253095489,1.9999999999999998e-05,0.37464499999999995
fixed/absolute,cea-10,legato,intact,1,0.0,0.9817763680502767,0.5626252924999999,1.2652230253095489,1.9999999999999998e-05,0.37464499999999995
fixed/present,cea-10,legato,intact,1,0.0,0.9817763680502767,0.5626252924999999,1.2652230253095489,1.9999999999999998e-05,0.37464499999999995
fixed/recency,cea-10,legato,intact,1,0.0,6.907755278982137,1.90245,0.38625940550147086,0.001,0.951
fixed/reference,cea-10,legato,intact,1,0.0,0.9817763680502767,0.5626252924999999,1.2652230253095489,1.9999999999999998e-05,0.37464499999999995
fixed/transition1,cea-10,legato,intact,1,0.0,10.819778284410283,1.4990043024390944,0.7038244593550679,1.9999999999999998e-05,0.5009024686424801
fixed/transition2,cea-10,legato,intact,1,0.0,0.9817763680502767,0.5626252924999999,1.2652230253095489,1.9999999999999998e-05,0.37464499999999995
fixed/transition3,cea-10,legato,intact,1,0.0,0.9817763680502767,0.5626252924999999,1.2652230253095489,1.9999999999999998e-05,0.37464499999999995
oracle-boundary/absolute,cea-10,legato,intact,1,1.0,0.0009804805139614205,9.800000000392828e-07,0.011582902361779817,2e-05,0.99902
oracle-boundary/present,cea-10,legato,intact,1,0.0,0.9817763680502767,0.5626252924999999,1.2652230253095489,1.9999999999999998e-05,0.37464499999999995
oracle-boundary/recency,cea-10,legato,intact,1,1.0,0.05024121643674679,0.0024500000000000632,0.38625940550147086,0.001,0.951
oracle-boundary/reference,cea-10,legato,intact,1,1.0,0.0009804805139614205,9.800000000392828e-07,0.011582902361779817,2e-05,0.99902
oracle-boundary/transition1,cea-10,legato,intact,1,0.0,0.69410764165507,0.50000048,0.7038282854721148,1.9999999999999998e-05,0.4995199999999999
oracle-boundary/transition2,cea-10,legato,intact,1,1.0,0.0009804805139614205,9.800000000392828e-07,0.011582902361779817,2e-05,0.99902
oracle-boundary/transition3,cea-10,legato,intact,1,1.0,0.0009804805139614205,9.800000000392828e-07,0.011582902361779817,2e-05,0.99902
map/absolute,cea-10,duration,intact,0,1.0,0.0009804805139616427,9.800000000392828e-07,0.011582902361780037,1.9999999999999998e-05,0.9990199999999998
map/present,cea-10,duration,intact,0,1.0,0.9817763680502767,0.5626252924999999,1.2652230253095489,1.9999999999999998e-05,0.37464499999999995
map/recency,cea-10,duration,intact,0,1.0,0.05024121643674679,0.0024500000000000632,0.38625940550147086,0.001,0.951
map/reference,cea-10,duration,intact,0,1.0,0.0009804805139616427,9.800000000392828e-07,0.011582902361780037,1.9999999999999998e-05,0.9990199999999998
map/transition1,cea-10,duration,intact,0,1.0,0.6930138506501587,0.4989077388962502,0.7038276872027928,1.9999999999999998e-05,0.500066669399307
map/transition2,cea-10,duration,intact,0,1.0,0.0009804805139616427,9.800000000392828e-07,0.011582902361780037,1.9999999999999998e-05,0.9990199999999998
map/transition3,cea-10,duration,intact,0,1.0,0.0009804805139616427,9.800000000392828e-07,0.011582902361780037,1.9999999999999998e-05,0.9990199999999998
mixture/absolute,cea-10,duration,intact,0,1.0,0.47229100216826075,0.24045726307979542,0.902763896152437,0.3113373561328609,0.6235720257009003
mixture/present,cea-10,duration,intact,0,0.0,1.3547601272700325,0.7288462865341792,1.4913329918007534,0.3113373561328609,0.3113373561328609
mixture/recency,cea-10,duration,intact,0,1.0,0.5255102595681913,0.26859059228713345,1.086343427517724,0.31201225902190843,0.5912535945790404
mixture/reference,cea-10,duration,intact,0,1.0,0.47229100216826075,0.24045726307979542,0.902763896152437,0.3113373561328609,0.6235720257009003
mixture/transition1,cea-10,duration,intact,0,0.0,1.1683919556182705,0.714077303969987,1.101515937689254,0.3113373561328609,0.3771488614634868
mixture/transition2,cea-10,duration,intact,0,1.0,0.47229100216826075,0.24045726307979542,0.902763896152437,0.3113373561328609,0.6235720257009003
mixture/transition3,cea-10,duration,intact,0,1.0,0.47229100216826075,0.24045726307979542,0.902763896152437,0.3113373561328609,0.6235720257009003
repaired/absolute,cea-10,duration,intact,0,1.0,0.0009804805139616427,9.800000000392828e-07,0.011582902361780037,1.9999999999999998e-05,0.9990199999999998
repaired/present,cea-10,duration,intact,0,1.0,0.9817763680502767,0.5626252924999999,1.2652230253095489,1.9999999999999998e-05,0.37464499999999995
repaired/recency,cea-10,duration,intact,0,1.0,0.05024121643674679,0.0024500000000000632,0.38625940550147086,0.001,0.951
repaired/reference,cea-10,duration,intact,0,1.0,0.0009804805139616427,9.800000000392828e-07,0.011582902361780037,1.9999999999999998e-05,0.9990199999999998
repaired/transition1,cea-10,duration,intact,0,0.0,0.6949121103530108,0.5008041759246256,0.7038279624577206,1.9999999999999998e-05,0.49992168661017994
repaired/transition2,cea-10,duration,intact,0,1.0,0.0009804805139616427,9.800000000392828e-07,0.011582902361780037,1.9999999999999998e-05,0.9990199999999998
repaired/transition3,cea-10,duration,intact,0,1.0,0.0009804805139616427,9.800000000392828e-07,0.011582902361780037,1.9999999999999998e-05,0.9990199999999998
streaming/absolute,cea-10,duration,intact,0,1.0,0.9817763680502767,0.5626252924999999,1.2652230253095489,1.9999999999999998e-05,0.37464499999999995
streaming/present,cea-10,duration,intact,0,1.0,0.9817763680502767,0.5626252924999999,1.2652230253095489,1.9999999999999998e-05,0.37464499999999995
streaming/recency,cea-10,duration,intact,0,1.0,1.0293194621721604,0.5694812499999999,1.5615080942797084,0.001,0.35724999999999996
streaming/reference,cea-10,duration,intact,0,1.0,0.9817763680502767,0.5626252924999999,1.2652230253095489,1.9999999999999998e-05,0.37464499999999995
streaming/transition1,cea-10,duration,intact,0,1.0,0.9817763680502767,0.5626252924999999,1.2652230253095489,1.9999999999999998e-05,0.37464499999999995
streaming/transition2,cea-10,duration,intact,0,1.0,0.9817763680502767,0.5626252924999999,1.2652230253095489,1.9999999999999998e-05,0.37464499999999995
streaming/transition3,cea-10,duration,intact,0,1.0,0.9817763680502767,0.5626252924999999,1.2652230253095489,1.9999999999999998e-05,0.37464499999999995
fixed/absolute,cea-10,duration,intact,0,1.0,0.9817763680502767,0.5626252924999999,1.2652230253095489,1.9999999999999998e-05,0.37464499999999995
fixed/present,cea-10,duration,intact,0,1.0,0.9817763680502767,0.5626252924999999,1.2652230253095489,1.9999999999999998e-05,0.37464499999999995
fixed/recency,cea-10,duration,intact,0,1.0,1.0293194621721604,0.5694812499999999,1.5615080942797084,0.001,0.35724999999999996
fixed/reference,cea-10,duration,intact,0,1.0,0.9817763680502767,0.5626252924999999,1.2652230253095489,1.9999999999999998e-05,0.37464499999999995
fixed/transition1,cea-10,duration,intact,0,1.0,0.9817763680502767,0.5626252924999999,1.2652230253095489,1.9999999999999998e-05,0.37464499999999995
fixed/transition2,cea-10,duration,intact,0,1.0,0.9817763680502767,0.5626252924999999,1.2652230253095489,1.9999999999999998e-05,0.37464499999999995
fixed/transition3,cea-10,duration,intact,0,1.0,0.9817763680502767,0.5626252924999999,1.2652230253095489,1.9999999999999998e-05,0.37464499999999995
oracle-boundary/absolute,cea-10,duration,intact,0,1.0,0.0009804805139616427,9.800000000392828e-07,0.011582902361780037,1.9999999999999998e-05,0.9990199999999998
oracle-boundary/present,cea-10,duration,intact,0,1.0,0.9817763680502767,0.5626252924999999,1.2652230253095489,1.9999999999999998e-05,0.37464499999999995
oracle-boundary/recency,cea-10,duration,intact,0,1.0,0.05024121643674679,0.0024500000000000632,0.38625940550147086,0.001,0.951
oracle-boundary/reference,cea-10,duration,intact,0,1.0,0.0009804805139616427,9.800000000392828e-07,0.011582902361780037,1.9999999999999998e-05,0.9990199999999998
oracle-boundary/transition1,cea-10,duration,intact,0,1.0,0.69410764165507,0.50000048,0.7038282854721148,1.9999999999999998e-05,0.4995199999999999
oracle-boundary/transition2,cea-10,duration,intact,0,1.0,0.0009804805139616427,9.800000000392828e-07,0.011582902361780037,1.9999999999999998e-05,0.9990199999999998
oracle-boundary/transition3,cea-10,duration,intact,0,1.0,0.0009804805139616427,9.800000000392828e-07,0.011582902361780037,1.9999999999999998e-05,0.9990199999999998
map/absolute,cea-10,duration,intact,1,1.0,0.0009804805139614205,9.800000000392828e-07,0.011582902361779817,2e-05,0.99902
map/present,cea-10,duration,intact,1,0.0,0.9817763680502767,0.5626252924999999,1.2652230253095489,1.9999999999999998e-05,0.37464499999999995
map/recency,cea-10,duration,intact,1,1.0,0.05024121643674679,0.0024500000000000632,0.38625940550147086,0.001,0.951
map/reference,cea-10,duration,intact,1,1.0,0.0009804805139614205,9.800000000392828e-07,0.011582902361779817,2e-05,0.99902
map/transition1,cea-10,duration,intact,1,1.0,0.35310910436436505,0.17644159529219894,0.6189122732704191,1.9999999999999998e-05,0.7025005433206446
map/transition2,cea-10,duration,intact,1,1.0,0.0009804805139614205,9.800000000392828e-07,0.011582902361779817,2e-05,0.99902
map/transition3,cea-10,duration,intact,1,1.0,0.0009804805139614205,9.800000000392828e-07,0.011582902361779817,2e-05,0.99902
mixture/absolute,cea-10,duration,intact,1,1.0,0.16840001623925774,0.03941633693035551,0.5482353638319386,0.12226159069671304,0.8450157470476468
mixture/present,cea-10,duration,intact,1,0.0,1.1121630368801285,0.597570992628023,1.4817565245212003,0.12226159069671304,0.32884688329109574
mixture/recency,cea-10,duration,intact,1,1.0,0.18062788526659856,0.04250486765887085,0.7051999967650814,0.12312179154184714,0.8347459221658692
mixture/reference,cea-10,duration,intact,1,1.0,0.16840001623925774,0.03941633693035551,0.5482353638319386,0.12226159069671304,0.8450157470476468
mixture/transition1,cea-10,duration,intact,1,1.0,0.4834957731942167,0.22967554389610179,0.9144534070484138,0.12226159069671304,0.6166240419097957
mixture/transition2,cea-10,duration,intact,1,1.0,0.16840001623925774,0.03941633693035551,0.5482353638319386,0.12226159069671304,0.8450157470476468
mixture/transition3,cea-10,duration,intact,1,1.0,0.16840001623925774,0.03941633693035551,0.5482353638319386,0.12226159069671304,0.8450157470476468
repaired/absolute,cea-10,duration,intact,1,1.0,0.0009804805139614205,9.800000000392828e-07,0.011582902361779817,2e-05,0.99902
repaired/present,cea-10,duration,intact,1,0.0,0.9817763680502767,0.5626252924999999,1.2652230253095489,1.9999999999999998e-05,0.37464499999999995
repaired/recency,cea-10,duration,intact,1,1.0,0.05024121643674679,0.0024500000000000632,0.38625940550147086,0.001,0.951
repaired/reference,cea-10,duration,intact,1,1.0,0.0009804805139614205,9.800000000392828e-07,0.011582902361779817,2e-05,0.99902
repaired/transition1,cea-10,duration,intact,1,0.0,0.694390017546925,0.5002825847652765,0.7038282456535606,1.9999999999999998e-05,0.4996610324924743
repaired/transition2,cea-10,duration,intact,1,1.0,0.0009804805139614205,9.800000000392828e-07,0.011582902361779817,2e-05,0.99902
repaired/transition3,cea-10,duration,intact,1,1.0,0.0009804805139614205,9.800000000392828e-07,0.011582902361779817,2e-05,0.99902
streaming/absolute,cea-10,duration,intact,1,0.0,0.9817763680502767,0.5626252924999999,1.2652230253095489,1.9999999999999998e-05,0.37464499999999995
streaming/present,cea-10,duration,intact,1,0.0,0.9817763680502767,0.5626252924999999,1.2652230253095489,1.9999999999999998e-05,0.37464499999999995
streaming/recency,cea-10,duration,intact,1,0.0,1.0293194621721604,0.5694812499999999,1.5615080942797084,0.001,0.35724999999999996
streaming/reference,cea-10,duration,intact,1,0.0,0.9817763680502767,0.5626252924999999,1.2652230253095489,1.9999999999999998e-05,0.37464499999999995
streaming/transition1,cea-10,duration,intact,1,0.0,0.9817763680502767,0.5626252924999999,1.2652230253095489,1.9999999999999998e-05,0.37464499999999995
streaming/transition2,cea-10,duration,intact,1,0.0,0.9817763680502767,0.5626252924999999,1.2652230253095489,1.9999999999999998e-05,0.37464499999999995
streaming/transition3,cea-10,duration,intact,1,0.0,0.9817763680502767,0.5626252924999999,1.2652230253095489,1.9999999999999998e-05,0.37464499999999995
fixed/absolute,cea-10,duration,intact,1,0.0,0.9817763680502767,0.5626252924999999,1.2652230253095489,1.9999999999999998e-05,0.37464499999999995
fixed/present,cea-10,duration,intact,1,0.0,0.9817763680502767,0.5626252924999999,1.2652230253095489,1.9999999999999998e-05,0.37464499999999995
fixed/recency,cea-10,duration,intact,1,0.0,1.0293194621721604,0.5694812499999999,1.5615080942797084,0.001,0.35724999999999996
fixed/reference,cea-10,duration,intact,1,0.0,0.9817763680502767,0.5626252924999999,1.2652230253095489,1.9999999999999998e-05,0.37464499999999995
fixed/transition1,cea-10,duration,intact,1,0.0,0.9817763680502767,0.5626252924999999,1.2652230253095489,1.9999999999999998e-05,0.37464499999999995
fixed/transition2,cea-10,duration,intact,1,0.0,0.9817763680502767,0.5626252924999999,1.2652230253095489,1.9999999999999998e-05,0.37464499999999995
fixed/transition3,cea-10,duration,intact,1,0.0,0.9817763680502767,0.5626252924999999,1.2652230253095489,1.9999999999999998e-05,0.37464499999999995
oracle-boundary/absolute,cea-10,duration,intact,1,1.0,0.0009804805139614205,9.800000000392828e-07,0.011582902361779817,2e-05,0.99902
oracle-boundary/present,cea-10,duration,intact,1,0.0,0.9817763680502767,0.5626252924999999,1.2652230253095489,1.9999999999999998e-05,0.37464499999999995
oracle-boundary/recency,cea-10,duration,intact,1,1.0,0.05024121643674679,0.0024500000000000632,0.38625940550147086,0.001,0.951
oracle-boundary/reference,cea-10,duration,intact,1,1.0,0.0009804805139614205,9.800000000392828e-07,0.011582902361779817,2e-05,0.99902
oracle-boundary/transition1,cea-10,duration,intact,1,0.0,0.69410764165507,0.50000048,0.7038282854721148,1.9999999999999998e-05,0.4995199999999999
oracle-boundary/transition2,cea-10,duration,intact,1,1.0,0.0009804805139614205,9.800000000392828e-07,0.011582902361779817,2e-05,0.99902
oracle-boundary/transition3,cea-10,duration,intact,1,1.0,0.0009804805139614205,9.800000000392828e-07,0.011582902361779817,2e-05,0.99902
map/absolute,cea-10,joint,intact,0,1.0,0.0009804805139616427,9.800000000392828e-07,0.011582902361780037,1.9999999999999998e-05,0.9990199999999998
map/present,cea-10,joint,intact,0,1.0,0.9817763680502767,0.5626252924999999,1.2652230253095489,1.9999999999999998e-05,0.37464499999999995
map/recency,cea-10,joint,intact,0,1.0,0.05024121643674679,0.0024500000000000632,0.38625940550147086,0.001,0.951
map/reference,cea-10,joint,intact,0,1.0,0.0009804805139616427,9.800000000392828e-07,0.011582902361780037,1.9999999999999998e-05,0.9990199999999998
map/transition1,cea-10,joint,intact,0,1.0,0.6930138506501587,0.4989077388962502,0.7038276872027928,1.9999999999999998e-05,0.500066669399307
map/transition2,cea-10,joint,intact,0,1.0,0.0009804805139616427,9.800000000392828e-07,0.011582902361780037,1.9999999999999998e-05,0.9990199999999998
map/transition3,cea-10,joint,intact,0,1.0,0.0009804805139616427,9.800000000392828e-07,0.011582902361780037,1.9999999999999998e-05,0.9990199999999998
mixture/absolute,cea-10,joint,intact,0,1.0,0.47229100216826075,0.24045726307979542,0.902763896152437,0.3113373561328609,0.6235720257009003
mixture/present,cea-10,joint,intact,0,0.0,1.3547601272700325,0.7288462865341792,1.4913329918007534,0.3113373561328609,0.3113373561328609
mixture/recency,cea-10,joint,intact,0,1.0,0.5255102595681913,0.26859059228713345,1.086343427517724,0.31201225902190843,0.5912535945790404
mixture/reference,cea-10,joint,intact,0,1.0,0.47229100216826075,0.24045726307979542,0.902763896152437,0.3113373561328609,0.6235720257009003
mixture/transition1,cea-10,joint,intact,0,0.0,1.1683919556182705,0.714077303969987,1.101515937689254,0.3113373561328609,0.3771488614634868
mixture/transition2,cea-10,joint,intact,0,1.0,0.47229100216826075,0.24045726307979542,0.902763896152437,0.3113373561328609,0.6235720257009003
mixture/transition3,cea-10,joint,intact,0,1.0,0.47229100216826075,0.24045726307979542,0.902763896152437,0.3113373561328609,0.6235720257009003
repaired/absolute,cea-10,joint,intact,0,1.0,0.0009804805139616427,9.800000000392828e-07,0.011582902361780037,1.9999999999999998e-05,0.9990199999999998
repaired/present,cea-10,joint,intact,0,1.0,0.9817763680502767,0.5626252924999999,1.2652230253095489,1.9999999999999998e-05,0.37464499999999995
repaired/recency,cea-10,joint,intact,0,1.0,0.05024121643674679,0.0024500000000000632,0.38625940550147086,0.001,0.951
repaired/reference,cea-10,joint,intact,0,1.0,0.0009804805139616427,9.800000000392828e-07,0.011582902361780037,1.9999999999999998e-05,0.9990199999999998
repaired/transition1,cea-10,joint,intact,0,0.0,0.6949121103530108,0.5008041759246256,0.7038279624577206,1.9999999999999998e-05,0.49992168661017994
repaired/transition2,cea-10,joint,intact,0,1.0,0.0009804805139616427,9.800000000392828e-07,0.011582902361780037,1.9999999999999998e-05,0.9990199999999998
repaired/transition3,cea-10,joint,intact,0,1.0,0.0009804805139616427,9.800000000392828e-07,0.011582902361780037,1.9999999999999998e-05,0.9990199999999998
streaming/absolute,cea-10,joint,intact,0,1.0,0.9817763680502767,0.5626252924999999,1.2652230253095489,1.9999999999999998e-05,0.37464499999999995
streaming/present,cea-10,joint,intact,0,1.0,0.9817763680502767,0.5626252924999999,1.2652230253095489,1.9999999999999998e-05,0.37464499999999995
streaming/recency,cea-10,joint,intact,0,1.0,1.0293194621721604,0.5694812499999999,1.5615080942797084,0.001,0.35724999999999996
streaming/reference,cea-10,joint,intact,0,1.0,0.9817763680502767,0.5626252924999999,1.2652230253095489,1.9999999999999998e-05,0.37464499999999995
streaming/transition1,cea-10,joint,intact,0,1.0,0.9817763680502767,0.5626252924999999,1.2652230253095489,1.9999999999999998e-05,0.37464499999999995
streaming/transition2,cea-10,joint,intact,0,1.0,0.9817763680502767,0.5626252924999999,1.2652230253095489,1.9999999999999998e-05,0.37464499999999995
streaming/transition3,cea-10,joint,intact,0,1.0,0.9817763680502767,0.5626252924999999,1.2652230253095489,1.9999999999999998e-05,0.37464499999999995
fixed/absolute,cea-10,joint,intact,0,1.0,0.9817763680502767,0.5626252924999999,1.2652230253095489,1.9999999999999998e-05,0.37464499999999995
fixed/present,cea-10,joint,intact,0,1.0,0.9817763680502767,0.5626252924999999,1.2652230253095489,1.9999999999999998e-05,0.37464499999999995
fixed/recency,cea-10,joint,intact,0,1.0,1.0293194621721604,0.5694812499999999,1.5615080942797084,0.001,0.35724999999999996
fixed/reference,cea-10,joint,intact,0,1.0,0.9817763680502767,0.5626252924999999,1.2652230253095489,1.9999999999999998e-05,0.37464499999999995
fixed/transition1,cea-10,joint,intact,0,1.0,0.9817763680502767,0.5626252924999999,1.2652230253095489,1.9999999999999998e-05,0.37464499999999995
fixed/transition2,cea-10,joint,intact,0,1.0,0.9817763680502767,0.5626252924999999,1.2652230253095489,1.9999999999999998e-05,0.37464499999999995
fixed/transition3,cea-10,joint,intact,0,1.0,0.9817763680502767,0.5626252924999999,1.2652230253095489,1.9999999999999998e-05,0.37464499999999995
oracle-boundary/absolute,cea-10,joint,intact,0,1.0,0.0009804805139616427,9.800000000392828e-07,0.011582902361780037,1.9999999999999998e-05,0.9990199999999998
oracle-boundary/present,cea-10,joint,intact,0,1.0,0.9817763680502767,0.5626252924999999,1.2652230253095489,1.9999999999999998e-05,0.37464499999999995
oracle-boundary/recency,cea-10,joint,intact,0,1.0,0.05024121643674679,0.0024500000000000632,0.38625940550147086,0.001,0.951
oracle-boundary/reference,cea-10,joint,intact,0,1.0,0.0009804805139616427,9.800000000392828e-07,0.011582902361780037,1.9999999999999998e-05,0.9990199999999998
oracle-boundary/transition1,cea-10,joint,intact,0,1.0,0.69410764165507,0.50000048,0.7038282854721148,1.9999999999999998e-05,0.4995199999999999
oracle-boundary/transition2,cea-10,joint,intact,0,1.0,0.0009804805139616427,9.800000000392828e-07,0.011582902361780037,1.9999999999999998e-05,0.9990199999999998
oracle-boundary/transition3,cea-10,joint,intact,0,1.0,0.0009804805139616427,9.800000000392828e-07,0.011582902361780037,1.9999999999999998e-05,0.9990199999999998
map/absolute,cea-10,joint,intact,1,1.0,0.0009804805139614205,9.800000000392828e-07,0.011582902361779817,2e-05,0.99902
map/present,cea-10,joint,intact,1,0.0,0.9817763680502767,0.5626252924999999,1.2652230253095489,1.9999999999999998e-05,0.37464499999999995
map/recency,cea-10,joint,intact,1,1.0,0.05024121643674679,0.0024500000000000632,0.38625940550147086,0.001,0.951
map/reference,cea-10,joint,intact,1,1.0,0.0009804805139614205,9.800000000392828e-07,0.011582902361779817,2e-05,0.99902
map/transition1,cea-10,joint,intact,1,1.0,0.35310910436436505,0.17644159529219894,0.6189122732704191,1.9999999999999998e-05,0.7025005433206446
map/transition2,cea-10,joint,intact,1,1.0,0.0009804805139614205,9.800000000392828e-07,0.011582902361779817,2e-05,0.99902
map/transition3,cea-10,joint,intact,1,1.0,0.0009804805139614205,9.800000000392828e-07,0.011582902361779817,2e-05,0.99902
mixture/absolute,cea-10,joint,intact,1,1.0,0.16840001623925774,0.03941633693035551,0.5482353638319386,0.12226159069671304,0.8450157470476468
mixture/present,cea-10,joint,intact,1,0.0,1.1121630368801285,0.597570992628023,1.4817565245212003,0.12226159069671304,0.32884688329109574
mixture/recency,cea-10,joint,intact,1,1.0,0.18062788526659856,0.04250486765887085,0.7051999967650814,0.12312179154184714,0.8347459221658692
mixture/reference,cea-10,joint,intact,1,1.0,0.16840001623925774,0.03941633693035551,0.5482353638319386,0.12226159069671304,0.8450157470476468
mixture/transition1,cea-10,joint,intact,1,1.0,0.4834957731942167,0.22967554389610179,0.9144534070484138,0.12226159069671304,0.6166240419097957
mixture/transition2,cea-10,joint,intact,1,1.0,0.16840001623925774,0.03941633693035551,0.5482353638319386,0.12226159069671304,0.8450157470476468
mixture/transition3,cea-10,joint,intact,1,1.0,0.16840001623925774,0.03941633693035551,0.5482353638319386,0.12226159069671304,0.8450157470476468
repaired/absolute,cea-10,joint,intact,1,1.0,0.0009804805139614205,9.800000000392828e-07,0.011582902361779817,2e-05,0.99902
repaired/present,cea-10,joint,intact,1,0.0,0.9817763680502767,0.5626252924999999,1.2652230253095489,1.9999999999999998e-05,0.37464499999999995
repaired/recency,cea-10,joint,intact,1,1.0,0.05024121643674679,0.0024500000000000632,0.38625940550147086,0.001,0.951
repaired/reference,cea-10,joint,intact,1,1.0,0.0009804805139614205,9.800000000392828e-07,0.011582902361779817,2e-05,0.99902
repaired/transition1,cea-10,joint,intact,1,0.0,0.694390017546925,0.5002825847652765,0.7038282456535606,1.9999999999999998e-05,0.4996610324924743
repaired/transition2,cea-10,joint,intact,1,1.0,0.0009804805139614205,9.800000000392828e-07,0.011582902361779817,2e-05,0.99902
repaired/transition3,cea-10,joint,intact,1,1.0,0.0009804805139614205,9.800000000392828e-07,0.011582902361779817,2e-05,0.99902
streaming/absolute,cea-10,joint,intact,1,0.0,0.9817763680502767,0.5626252924999999,1.2652230253095489,1.9999999999999998e-05,0.37464499999999995
streaming/present,cea-10,joint,intact,1,0.0,0.9817763680502767,0.5626252924999999,1.2652230253095489,1.9999999999999998e-05,0.37464499999999995
streaming/recency,cea-10,joint,intact,1,0.0,1.0293194621721604,0.5694812499999999,1.5615080942797084,0.001,0.35724999999999996
streaming/reference,cea-10,joint,intact,1,0.0,0.9817763680502767,0.5626252924999999,1.2652230253095489,1.9999999999999998e-05,0.37464499999999995
streaming/transition1,cea-10,joint,intact,1,0.0,0.9817763680502767,0.5626252924999999,1.2652230253095489,1.9999999999999998e-05,0.37464499999999995
streaming/transition2,cea-10,joint,intact,1,0.0,0.9817763680502767,0.5626252924999999,1.2652230253095489,1.9999999999999998e-05,0.37464499999999995
streaming/transition3,cea-10,joint,intact,1,0.0,0.9817763680502767,0.5626252924999999,1.2652230253095489,1.9999999999999998e-05,0.37464499999999995
fixed/absolute,cea-10,joint,intact,1,0.0,0.9817763680502767,0.5626252924999999,1.2652230253095489,1.9999999999999998e-05,0.37464499999999995
fixed/present,cea-10,joint,intact,1,0.0,0.9817763680502767,0.5626252924999999,1.2652230253095489,1.9999999999999998e-05,0.37464499999999995
fixed/recency,cea-10,joint,intact,1,0.0,1.0293194621721604,0.5694812499999999,1.5615080942797084,0.001,0.35724999999999996
fixed/reference,cea-10,joint,intact,1,0.0,0.9817763680502767,0.5626252924999999,1.2652230253095489,1.9999999999999998e-05,0.37464499999999995
fixed/transition1,cea-10,joint,intact,1,0.0,0.9817763680502767,0.5626252924999999,1.2652230253095489,1.9999999999999998e-05,0.37464499999999995
fixed/transition2,cea-10,joint,intact,1,0.0,0.9817763680502767,0.5626252924999999,1.2652230253095489,1.9999999999999998e-05,0.37464499999999995
fixed/transition3,cea-10,joint,intact,1,0.0,0.9817763680502767,0.5626252924999999,1.2652230253095489,1.9999999999999998e-05,0.37464499999999995
oracle-boundary/absolute,cea-10,joint,intact,1,1.0,0.0009804805139614205,9.800000000392828e-07,0.011582902361779817,2e-05,0.99902
oracle-boundary/present,cea-10,joint,intact,1,0.0,0.9817763680502767,0.5626252924999999,1.2652230253095489,1.9999999999999998e-05,0.37464499999999995
oracle-boundary/recency,cea-10,joint,intact,1,1.0,0.05024121643674679,0.0024500000000000632,0.38625940550147086,0.001,0.951
oracle-boundary/reference,cea-10,joint,intact,1,1.0,0.0009804805139614205,9.800000000392828e-07,0.011582902361779817,2e-05,0.99902
oracle-boundary/transition1,cea-10,joint,intact,1,0.0,0.69410764165507,0.50000048,0.7038282854721148,1.9999999999999998e-05,0.4995199999999999
oracle-boundary/transition2,cea-10,joint,intact,1,1.0,0.0009804805139614205,9.800000000392828e-07,0.011582902361779817,2e-05,0.99902
oracle-boundary/transition3,cea-10,joint,intact,1,1.0,0.0009804805139614205,9.800000000392828e-07,0.011582902361779817,2e-05,0.99902
map/absolute,cea-10,joint,reset,0,1.0,0.9817763680502767,0.5626252924999999,1.2652230253095489,1.9999999999999998e-05,0.37464499999999995
map/present,cea-10,joint,reset,0,1.0,0.9817763680502767,0.5626252924999999,1.2652230253095489,1.9999999999999998e-05,0.37464499999999995
map/recency,cea-10,joint,reset,0,1.0,1.0293194621721604,0.5694812499999999,1.5615080942797084,0.001,0.35724999999999996
map/reference,cea-10,joint,reset,0,1.0,0.9817763680502767,0.5626252924999999,1.2652230253095489,1.9999999999999998e-05,0.37464499999999995
map/transition1,cea-10,joint,reset,0,1.0,0.9817763680502767,0.5626252924999999,1.2652230253095489,1.9999999999999998e-05,0.37464499999999995
map/transition2,cea-10,joint,reset,0,1.0,0.9817763680502767,0.5626252924999999,1.2652230253095489,1.9999999999999998e-05,0.37464499999999995
map/transition3,cea-10,joint,reset,0,1.0,0.9817763680502767,0.5626252924999999,1.2652230253095489,1.9999999999999998e-05,0.37464499999999995
mixture/absolute,cea-10,joint,reset,0,1.0,1.0469956315123208,0.575778737285491,1.4206843413135053,0.06315671599541073,0.3509906719493383
mixture/present,cea-10,joint,reset,0,1.0,1.0469956315123208,0.575778737285491,1.4206843413135053,0.06315671599541073,0.3509906719493383
mixture/recency,cea-10,joint,reset,0,1.0,1.0945387256342043,0.5839701031653788,1.6935450290951883,0.06407484077623084,0.3346939570897813
mixture/reference,cea-10,joint,reset,0,1.0,1.0469956315123208,0.575778737285491,1.4206843413135053,0.06315671599541073,0.3509906719493383
mixture/transition1,cea-10,joint,reset,0,1.0,1.0469956315123208,0.575778737285491,1.4206843413135053,0.06315671599541073,0.3509906719493383
mixture/transition2,cea-10,joint,reset,0,1.0,1.0469956315123208,0.575778737285491,1.4206843413135053,0.06315671599541073,0.3509906719493383
mixture/transition3,cea-10,joint,reset,0,1.0,1.0469956315123208,0.575778737285491,1.4206843413135053,0.06315671599541073,0.3509906719493383
repaired/absolute,cea-10,joint,reset,0,1.0,0.9817763680502767,0.5626252924999999,1.2652230253095489,1.9999999999999998e-05,0.37464499999999995
repaired/present,cea-10,joint,reset,0,1.0,0.9817763680502767,0.5626252924999999,1.2652230253095489,1.9999999999999998e-05,0.37464499999999995
repaired/recency,cea-10,joint,reset,0,1.0,1.0293194621721604,0.5694812499999999,1.5615080942797084,0.001,0.35724999999999996
repaired/reference,cea-10,joint,reset,0,1.0,0.9817763680502767,0.5626252924999999,1.2652230253095489,1.9999999999999998e-05,0.37464499999999995
repaired/transition1,cea-10,joint,reset,0,1.0,0.9817763680502767,0.5626252924999999,1.2652230253095489,1.9999999999999998e-05,0.37464499999999995
repaired/transition2,cea-10,joint,reset,0,1.0,0.9817763680502767,0.5626252924999999,1.2652230253095489,1.9999999999999998e-05,0.37464499999999995
repaired/transition3,cea-10,joint,reset,0,1.0,0.9817763680502767,0.5626252924999999,1.2652230253095489,1.9999999999999998e-05,0.37464499999999995
streaming/absolute,cea-10,joint,reset,0,1.0,0.9817763680502767,0.5626252924999999,1.2652230253095489,1.9999999999999998e-05,0.37464499999999995
streaming/present,cea-10,joint,reset,0,1.0,0.9817763680502767,0.5626252924999999,1.2652230253095489,1.9999999999999998e-05,0.37464499999999995
streaming/recency,cea-10,joint,reset,0,1.0,1.0293194621721604,0.5694812499999999,1.5615080942797084,0.001,0.35724999999999996
streaming/reference,cea-10,joint,reset,0,1.0,0.9817763680502767,0.5626252924999999,1.2652230253095489,1.9999999999999998e-05,0.37464499999999995
streaming/transition1,cea-10,joint,reset,0,1.0,0.9817763680502767,0.5626252924999999,1.2652230253095489,1.9999999999999998e-05,0.37464499999999995
streaming/transition2,cea-10,joint,reset,0,1.0,0.9817763680502767,0.5626252924999999,1.2652230253095489,1.9999999999999998e-05,0.37464499999999995
streaming/transition3,cea-10,joint,reset,0,1.0,0.9817763680502767,0.5626252924999999,1.2652230253095489,1.9999999999999998e-05,0.37464499999999995
fixed/absolute,cea-10,joint,reset,0,1.0,0.9817763680502767,0.5626252924999999,1.2652230253095489,1.9999999999999998e-05,0.37464499999999995
fixed/present,cea-10,joint,reset,0,1.0,0.9817763680502767,0.5626252924999999,1.2652230253095489,1.9999999999999998e-05,0.37464499999999995
fixed/recency,cea-10,joint,reset,0,1.0,1.0293194621721604,0.5694812499999999,1.5615080942797084,0.001,0.35724999999999996
fixed/reference,cea-10,joint,reset,0,1.0,0.9817763680502767,0.5626252924999999,1.2652230253095489,1.9999999999999998e-05,0.37464499999999995
fixed/transition1,cea-10,joint,reset,0,1.0,0.9817763680502767,0.5626252924999999,1.2652230253095489,1.9999999999999998e-05,0.37464499999999995
fixed/transition2,cea-10,joint,reset,0,1.0,0.9817763680502767,0.5626252924999999,1.2652230253095489,1.9999999999999998e-05,0.37464499999999995
fixed/transition3,cea-10,joint,reset,0,1.0,0.9817763680502767,0.5626252924999999,1.2652230253095489,1.9999999999999998e-05,0.37464499999999995
oracle-boundary/absolute,cea-10,joint,reset,0,1.0,0.9817763680502767,0.5626252924999999,1.2652230253095489,1.9999999999999998e-05,0.37464499999999995
oracle-boundary/present,cea-10,joint,reset,0,1.0,0.9817763680502767,0.5626252924999999,1.2652230253095489,1.9999999999999998e-05,0.37464499999999995
oracle-boundary/recency,cea-10,joint,reset,0,1.0,1.0293194621721604,0.5694812499999999,1.5615080942797084,0.001,0.35724999999999996
oracle-boundary/reference,cea-10,joint,reset,0,1.0,0.9817763680502767,0.5626252924999999,1.2652230253095489,1.9999999999999998e-05,0.37464499999999995
oracle-boundary/transition1,cea-10,joint,reset,0,1.0,0.9817763680502767,0.5626252924999999,1.2652230253095489,1.9999999999999998e-05,0.37464499999999995
oracle-boundary/transition2,cea-10,joint,reset,0,1.0,0.9817763680502767,0.5626252924999999,1.2652230253095489,1.9999999999999998e-05,0.37464499999999995
oracle-boundary/transition3,cea-10,joint,reset,0,1.0,0.9817763680502767,0.5626252924999999,1.2652230253095489,1.9999999999999998e-05,0.37464499999999995
map/absolute,cea-10,joint,reset,1,0.0,0.9817763680502767,0.5626252924999999,1.2652230253095489,1.9999999999999998e-05,0.37464499999999995
map/present,cea-10,joint,reset,1,0.0,0.9817763680502767,0.5626252924999999,1.2652230253095489,1.9999999999999998e-05,0.37464499999999995
map/recency,cea-10,joint,reset,1,0.0,1.0293194621721604,0.5694812499999999,1.5615080942797084,0.001,0.35724999999999996
map/reference,cea-10,joint,reset,1,0.0,0.9817763680502767,0.5626252924999999,1.2652230253095489,1.9999999999999998e-05,0.37464499999999995
map/transition1,cea-10,joint,reset,1,0.0,0.9817763680502767,0.5626252924999999,1.2652230253095489,1.9999999999999998e-05,0.37464499999999995
map/transition2,cea-10,joint,reset,1,0.0,0.9817763680502767,0.5626252924999999,1.2652230253095489,1.9999999999999998e-05,0.37464499999999995
map/transition3,cea-10,joint,reset,1,0.0,0.9817763680502767,0.5626252924999999,1.2652230253095489,1.9999999999999998e-05,0.37464499999999995
mixture/absolute,cea-10,joint,reset,1,0.0,1.0469956315123208,0.575778737285491,1.4206843413135053,0.06315671599541073,0.3509906719493383
mixture/present,cea-10,joint,reset,1,0.0,1.0469956315123208,0.575778737285491,1.4206843413135053,0.06315671599541073,0.3509906719493383
mixture/recency,cea-10,joint,reset,1,0.0,1.0945387256342043,0.5839701031653788,1.6935450290951883,0.06407484077623084,0.3346939570897813
mixture/reference,cea-10,joint,reset,1,0.0,1.0469956315123208,0.575778737285491,1.4206843413135053,0.06315671599541073,0.3509906719493383
mixture/transition1,cea-10,joint,reset,1,0.0,1.0469956315123208,0.575778737285491,1.4206843413135053,0.06315671599541073,0.3509906719493383
mixture/transition2,cea-10,joint,reset,1,0.0,1.0469956315123208,0.575778737285491,1.4206843413135053,0.06315671599541073,0.3509906719493383
mixture/transition3,cea-10,joint,reset,1,0.0,1.0469956315123208,0.575778737285491,1.4206843413135053,0.06315671599541073,0.3509906719493383
repaired/absolute,cea-10,joint,reset,1,0.0,0.9817763680502767,0.5626252924999999,1.2652230253095489,1.9999999999999998e-05,0.37464499999999995
repaired/present,cea-10,joint,reset,1,0.0,0.9817763680502767,0.5626252924999999,1.2652230253095489,1.9999999999999998e-05,0.37464499999999995
repaired/recency,cea-10,joint,reset,1,0.0,1.0293194621721604,0.5694812499999999,1.5615080942797084,0.001,0.35724999999999996
repaired/reference,cea-10,joint,reset,1,0.0,0.9817763680502767,0.5626252924999999,1.2652230253095489,1.9999999999999998e-05,0.37464499999999995
repaired/transition1,cea-10,joint,reset,1,0.0,0.9817763680502767,0.5626252924999999,1.2652230253095489,1.9999999999999998e-05,0.37464499999999995
repaired/transition2,cea-10,joint,reset,1,0.0,0.9817763680502767,0.5626252924999999,1.2652230253095489,1.9999999999999998e-05,0.37464499999999995
repaired/transition3,cea-10,joint,reset,1,0.0,0.9817763680502767,0.5626252924999999,1.2652230253095489,1.9999999999999998e-05,0.37464499999999995
streaming/absolute,cea-10,joint,reset,1,0.0,0.9817763680502767,0.5626252924999999,1.2652230253095489,1.9999999999999998e-05,0.37464499999999995
streaming/present,cea-10,joint,reset,1,0.0,0.9817763680502767,0.5626252924999999,1.2652230253095489,1.9999999999999998e-05,0.37464499999999995
streaming/recency,cea-10,joint,reset,1,0.0,1.0293194621721604,0.5694812499999999,1.5615080942797084,0.001,0.35724999999999996
streaming/reference,cea-10,joint,reset,1,0.0,0.9817763680502767,0.5626252924999999,1.2652230253095489,1.9999999999999998e-05,0.37464499999999995
streaming/transition1,cea-10,joint,reset,1,0.0,0.9817763680502767,0.5626252924999999,1.2652230253095489,1.9999999999999998e-05,0.37464499999999995
streaming/transition2,cea-10,joint,reset,1,0.0,0.9817763680502767,0.5626252924999999,1.2652230253095489,1.9999999999999998e-05,0.37464499999999995
streaming/transition3,cea-10,joint,reset,1,0.0,0.9817763680502767,0.5626252924999999,1.2652230253095489,1.9999999999999998e-05,0.37464499999999995
fixed/absolute,cea-10,joint,reset,1,0.0,0.9817763680502767,0.5626252924999999,1.2652230253095489,1.9999999999999998e-05,0.37464499999999995
fixed/present,cea-10,joint,reset,1,0.0,0.9817763680502767,0.5626252924999999,1.2652230253095489,1.9999999999999998e-05,0.37464499999999995
fixed/recency,cea-10,joint,reset,1,0.0,1.0293194621721604,0.5694812499999999,1.5615080942797084,0.001,0.35724999999999996
fixed/reference,cea-10,joint,reset,1,0.0,0.9817763680502767,0.5626252924999999,1.2652230253095489,1.9999999999999998e-05,0.37464499999999995
fixed/transition1,cea-10,joint,reset,1,0.0,0.9817763680502767,0.5626252924999999,1.2652230253095489,1.9999999999999998e-05,0.37464499999999995
fixed/transition2,cea-10,joint,reset,1,0.0,0.9817763680502767,0.5626252924999999,1.2652230253095489,1.9999999999999998e-05,0.37464499999999995
fixed/transition3,cea-10,joint,reset,1,0.0,0.9817763680502767,0.5626252924999999,1.2652230253095489,1.9999999999999998e-05,0.37464499999999995
oracle-boundary/absolute,cea-10,joint,reset,1,0.0,0.9817763680502767,0.5626252924999999,1.2652230253095489,1.9999999999999998e-05,0.37464499999999995
oracle-boundary/present,cea-10,joint,reset,1,0.0,0.9817763680502767,0.5626252924999999,1.2652230253095489,1.9999999999999998e-05,0.37464499999999995
oracle-boundary/recency,cea-10,joint,reset,1,0.0,1.0293194621721604,0.5694812499999999,1.5615080942797084,0.001,0.35724999999999996
oracle-boundary/reference,cea-10,joint,reset,1,0.0,0.9817763680502767,0.5626252924999999,1.2652230253095489,1.9999999999999998e-05,0.37464499999999995
oracle-boundary/transition1,cea-10,joint,reset,1,0.0,0.9817763680502767,0.5626252924999999,1.2652230253095489,1.9999999999999998e-05,0.37464499999999995
oracle-boundary/transition2,cea-10,joint,reset,1,0.0,0.9817763680502767,0.5626252924999999,1.2652230253095489,1.9999999999999998e-05,0.37464499999999995
oracle-boundary/transition3,cea-10,joint,reset,1,0.0,0.9817763680502767,0.5626252924999999,1.2652230253095489,1.9999999999999998e-05,0.37464499999999995
map/absolute,cea-10,joint,removal,0,1.0,0.9817763680502767,0.5626252924999999,1.2652230253095489,1.9999999999999998e-05,0.37464499999999995
map/present,cea-10,joint,removal,0,1.0,0.9817763680502767,0.5626252924999999,1.2652230253095489,1.9999999999999998e-05,0.37464499999999995
map/recency,cea-10,joint,removal,0,1.0,1.0293194621721604,0.5694812499999999,1.5615080942797084,0.001,0.35724999999999996
map/reference,cea-10,joint,removal,0,1.0,0.9817763680502767,0.5626252924999999,1.2652230253095489,1.9999999999999998e-05,0.37464499999999995
map/transition1,cea-10,joint,removal,0,1.0,0.9817763680502767,0.5626252924999999,1.2652230253095489,1.9999999999999998e-05,0.37464499999999995
map/transition2,cea-10,joint,removal,0,1.0,0.9817763680502767,0.5626252924999999,1.2652230253095489,1.9999999999999998e-05,0.37464499999999995
map/transition3,cea-10,joint,removal,0,1.0,0.9817763680502767,0.5626252924999999,1.2652230253095489,1.9999999999999998e-05,0.37464499999999995
mixture/absolute,cea-10,joint,removal,0,1.0,1.1121630368801285,0.597570992628023,1.4817565245212003,0.12226159069671304,0.32884688329109574
mixture/present,cea-10,joint,removal,0,1.0,1.1121630368801285,0.597570992628023,1.4817565245212003,0.12226159069671304,0.32884688329109574
mixture/recency,cea-10,joint,removal,0,1.0,1.159706131002012,0.6067964938703168,1.7367815430199904,0.12312179154184714,0.3135783182899651
mixture/reference,cea-10,joint,removal,0,1.0,1.1121630368801285,0.597570992628023,1.4817565245212003,0.12226159069671304,0.32884688329109574
mixture/transition1,cea-10,joint,removal,0,1.0,1.1121630368801285,0.597570992628023,1.4817565245212003,0.12226159069671304,0.32884688329109574
mixture/transition2,cea-10,joint,removal,0,1.0,1.1121630368801285,0.597570992628023,1.4817565245212003,0.12226159069671304,0.32884688329109574
mixture/transition3,cea-10,joint,removal,0,1.0,1.1121630368801285,0.597570992628023,1.4817565245212003,0.12226159069671304,0.32884688329109574
repaired/absolute,cea-10,joint,removal,0,1.0,0.9817763680502767,0.5626252924999999,1.2652230253095489,1.9999999999999998e-05,0.37464499999999995
repaired/present,cea-10,joint,removal,0,1.0,0.9817763680502767,0.5626252924999999,1.2652230253095489,1.9999999999999998e-05,0.37464499999999995
repaired/recency,cea-10,joint,removal,0,1.0,1.0293194621721604,0.5694812499999999,1.5615080942797084,0.001,0.35724999999999996
repaired/reference,cea-10,joint,removal,0,1.0,0.9817763680502767,0.5626252924999999,1.2652230253095489,1.9999999999999998e-05,0.37464499999999995
repaired/transition1,cea-10,joint,removal,0,1.0,0.9817763680502767,0.5626252924999999,1.2652230253095489,1.9999999999999998e-05,0.37464499999999995
repaired/transition2,cea-10,joint,removal,0,1.0,0.9817763680502767,0.5626252924999999,1.2652230253095489,1.9999999999999998e-05,0.37464499999999995
repaired/transition3,cea-10,joint,removal,0,1.0,0.9817763680502767,0.5626252924999999,1.2652230253095489,1.9999999999999998e-05,0.37464499999999995
streaming/absolute,cea-10,joint,removal,0,1.0,0.9817763680502767,0.5626252924999999,1.2652230253095489,1.9999999999999998e-05,0.37464499999999995
streaming/present,cea-10,joint,removal,0,1.0,0.9817763680502767,0.5626252924999999,1.2652230253095489,1.9999999999999998e-05,0.37464499999999995
streaming/recency,cea-10,joint,removal,0,1.0,1.0293194621721604,0.5694812499999999,1.5615080942797084,0.001,0.35724999999999996
streaming/reference,cea-10,joint,removal,0,1.0,0.9817763680502767,0.5626252924999999,1.2652230253095489,1.9999999999999998e-05,0.37464499999999995
streaming/transition1,cea-10,joint,removal,0,1.0,0.9817763680502767,0.5626252924999999,1.2652230253095489,1.9999999999999998e-05,0.37464499999999995
streaming/transition2,cea-10,joint,removal,0,1.0,0.9817763680502767,0.5626252924999999,1.2652230253095489,1.9999999999999998e-05,0.37464499999999995
streaming/transition3,cea-10,joint,removal,0,1.0,0.9817763680502767,0.5626252924999999,1.2652230253095489,1.9999999999999998e-05,0.37464499999999995
fixed/absolute,cea-10,joint,removal,0,1.0,0.9817763680502767,0.5626252924999999,1.2652230253095489,1.9999999999999998e-05,0.37464499999999995
fixed/present,cea-10,joint,removal,0,1.0,0.9817763680502767,0.5626252924999999,1.2652230253095489,1.9999999999999998e-05,0.37464499999999995
fixed/recency,cea-10,joint,removal,0,1.0,1.0293194621721604,0.5694812499999999,1.5615080942797084,0.001,0.35724999999999996
fixed/reference,cea-10,joint,removal,0,1.0,0.9817763680502767,0.5626252924999999,1.2652230253095489,1.9999999999999998e-05,0.37464499999999995
fixed/transition1,cea-10,joint,removal,0,1.0,0.9817763680502767,0.5626252924999999,1.2652230253095489,1.9999999999999998e-05,0.37464499999999995
fixed/transition2,cea-10,joint,removal,0,1.0,0.9817763680502767,0.5626252924999999,1.2652230253095489,1.9999999999999998e-05,0.37464499999999995
fixed/transition3,cea-10,joint,removal,0,1.0,0.9817763680502767,0.5626252924999999,1.2652230253095489,1.9999999999999998e-05,0.37464499999999995
oracle-boundary/absolute,cea-10,joint,removal,0,1.0,0.9817763680502767,0.5626252924999999,1.2652230253095489,1.9999999999999998e-05,0.37464499999999995
oracle-boundary/present,cea-10,joint,removal,0,1.0,0.9817763680502767,0.5626252924999999,1.2652230253095489,1.9999999999999998e-05,0.37464499999999995
oracle-boundary/recency,cea-10,joint,removal,0,1.0,1.0293194621721604,0.5694812499999999,1.5615080942797084,0.001,0.35724999999999996
oracle-boundary/reference,cea-10,joint,removal,0,1.0,0.9817763680502767,0.5626252924999999,1.2652230253095489,1.9999999999999998e-05,0.37464499999999995
oracle-boundary/transition1,cea-10,joint,removal,0,1.0,0.9817763680502767,0.5626252924999999,1.2652230253095489,1.9999999999999998e-05,0.37464499999999995
oracle-boundary/transition2,cea-10,joint,removal,0,1.0,0.9817763680502767,0.5626252924999999,1.2652230253095489,1.9999999999999998e-05,0.37464499999999995
oracle-boundary/transition3,cea-10,joint,removal,0,1.0,0.9817763680502767,0.5626252924999999,1.2652230253095489,1.9999999999999998e-05,0.37464499999999995
map/absolute,cea-10,joint,removal,1,0.0,0.9817763680502767,0.5626252924999999,1.2652230253095489,1.9999999999999998e-05,0.37464499999999995
map/present,cea-10,joint,removal,1,0.0,0.9817763680502767,0.5626252924999999,1.2652230253095489,1.9999999999999998e-05,0.37464499999999995
map/recency,cea-10,joint,removal,1,0.0,1.0293194621721604,0.5694812499999999,1.5615080942797084,0.001,0.35724999999999996
map/reference,cea-10,joint,removal,1,0.0,0.9817763680502767,0.5626252924999999,1.2652230253095489,1.9999999999999998e-05,0.37464499999999995
map/transition1,cea-10,joint,removal,1,0.0,0.9817763680502767,0.5626252924999999,1.2652230253095489,1.9999999999999998e-05,0.37464499999999995
map/transition2,cea-10,joint,removal,1,0.0,0.9817763680502767,0.5626252924999999,1.2652230253095489,1.9999999999999998e-05,0.37464499999999995
map/transition3,cea-10,joint,removal,1,0.0,0.9817763680502767,0.5626252924999999,1.2652230253095489,1.9999999999999998e-05,0.37464499999999995
mixture/absolute,cea-10,joint,removal,1,0.0,1.1121630368801285,0.597570992628023,1.4817565245212003,0.12226159069671304,0.32884688329109574
mixture/present,cea-10,joint,removal,1,0.0,1.1121630368801285,0.597570992628023,1.4817565245212003,0.12226159069671304,0.32884688329109574
mixture/recency,cea-10,joint,removal,1,0.0,1.159706131002012,0.6067964938703168,1.7367815430199904,0.12312179154184714,0.3135783182899651
mixture/reference,cea-10,joint,removal,1,0.0,1.1121630368801285,0.597570992628023,1.4817565245212003,0.12226159069671304,0.32884688329109574
mixture/transition1,cea-10,joint,removal,1,0.0,1.1121630368801285,0.597570992628023,1.4817565245212003,0.12226159069671304,0.32884688329109574
mixture/transition2,cea-10,joint,removal,1,0.0,1.1121630368801285,0.597570992628023,1.4817565245212003,0.12226159069671304,0.32884688329109574
mixture/transition3,cea-10,joint,removal,1,0.0,1.1121630368801285,0.597570992628023,1.4817565245212003,0.12226159069671304,0.32884688329109574
repaired/absolute,cea-10,joint,removal,1,0.0,0.9817763680502767,0.5626252924999999,1.2652230253095489,1.9999999999999998e-05,0.37464499999999995
repaired/present,cea-10,joint,removal,1,0.0,0.9817763680502767,0.5626252924999999,1.2652230253095489,1.9999999999999998e-05,0.37464499999999995
repaired/recency,cea-10,joint,removal,1,0.0,1.0293194621721604,0.5694812499999999,1.5615080942797084,0.001,0.35724999999999996
repaired/reference,cea-10,joint,removal,1,0.0,0.9817763680502767,0.5626252924999999,1.2652230253095489,1.9999999999999998e-05,0.37464499999999995
repaired/transition1,cea-10,joint,removal,1,0.0,0.9817763680502767,0.5626252924999999,1.2652230253095489,1.9999999999999998e-05,0.37464499999999995
repaired/transition2,cea-10,joint,removal,1,0.0,0.9817763680502767,0.5626252924999999,1.2652230253095489,1.9999999999999998e-05,0.37464499999999995
repaired/transition3,cea-10,joint,removal,1,0.0,0.9817763680502767,0.5626252924999999,1.2652230253095489,1.9999999999999998e-05,0.37464499999999995
streaming/absolute,cea-10,joint,removal,1,0.0,0.9817763680502767,0.5626252924999999,1.2652230253095489,1.9999999999999998e-05,0.37464499999999995
streaming/present,cea-10,joint,removal,1,0.0,0.9817763680502767,0.5626252924999999,1.2652230253095489,1.9999999999999998e-05,0.37464499999999995
streaming/recency,cea-10,joint,removal,1,0.0,1.0293194621721604,0.5694812499999999,1.5615080942797084,0.001,0.35724999999999996
streaming/reference,cea-10,joint,removal,1,0.0,0.9817763680502767,0.5626252924999999,1.2652230253095489,1.9999999999999998e-05,0.37464499999999995
streaming/transition1,cea-10,joint,removal,1,0.0,0.9817763680502767,0.5626252924999999,1.2652230253095489,1.9999999999999998e-05,0.37464499999999995
streaming/transition2,cea-10,joint,removal,1,0.0,0.9817763680502767,0.5626252924999999,1.2652230253095489,1.9999999999999998e-05,0.37464499999999995
streaming/transition3,cea-10,joint,removal,1,0.0,0.9817763680502767,0.5626252924999999,1.2652230253095489,1.9999999999999998e-05,0.37464499999999995
fixed/absolute,cea-10,joint,removal,1,0.0,0.9817763680502767,0.5626252924999999,1.2652230253095489,1.9999999999999998e-05,0.37464499999999995
fixed/present,cea-10,joint,removal,1,0.0,0.9817763680502767,0.5626252924999999,1.2652230253095489,1.9999999999999998e-05,0.37464499999999995
fixed/recency,cea-10,joint,removal,1,0.0,1.0293194621721604,0.5694812499999999,1.5615080942797084,0.001,0.35724999999999996
fixed/reference,cea-10,joint,removal,1,0.0,0.9817763680502767,0.5626252924999999,1.2652230253095489,1.9999999999999998e-05,0.37464499999999995
fixed/transition1,cea-10,joint,removal,1,0.0,0.9817763680502767,0.5626252924999999,1.2652230253095489,1.9999999999999998e-05,0.37464499999999995
fixed/transition2,cea-10,joint,removal,1,0.0,0.9817763680502767,0.5626252924999999,1.2652230253095489,1.9999999999999998e-05,0.37464499999999995
fixed/transition3,cea-10,joint,removal,1,0.0,0.9817763680502767,0.5626252924999999,1.2652230253095489,1.9999999999999998e-05,0.37464499999999995
oracle-boundary/absolute,cea-10,joint,removal,1,0.0,0.9817763680502767,0.5626252924999999,1.2652230253095489,1.9999999999999998e-05,0.37464499999999995
oracle-boundary/present,cea-10,joint,removal,1,0.0,0.9817763680502767,0.5626252924999999,1.2652230253095489,1.9999999999999998e-05,0.37464499999999995
oracle-boundary/recency,cea-10,joint,removal,1,0.0,1.0293194621721604,0.5694812499999999,1.5615080942797084,0.001,0.35724999999999996
oracle-boundary/reference,cea-10,joint,removal,1,0.0,0.9817763680502767,0.5626252924999999,1.2652230253095489,1.9999999999999998e-05,0.37464499999999995
oracle-boundary/transition1,cea-10,joint,removal,1,0.0,0.9817763680502767,0.5626252924999999,1.2652230253095489,1.9999999999999998e-05,0.37464499999999995
oracle-boundary/transition2,cea-10,joint,removal,1,0.0,0.9817763680502767,0.5626252924999999,1.2652230253095489,1.9999999999999998e-05,0.37464499999999995
oracle-boundary/transition3,cea-10,joint,removal,1,0.0,0.9817763680502767,0.5626252924999999,1.2652230253095489,1.9999999999999998e-05,0.37464499999999995
map/absolute,cea-10,joint,swap,0,1.0,0.0009804805139614205,9.800000000392828e-07,0.011582902361779817,2e-05,0.99902
map/present,cea-10,joint,swap,0,0.0,0.9817763680502767,0.5626252924999999,1.2652230253095489,1.9999999999999998e-05,0.37464499999999995
map/recency,cea-10,joint,swap,0,1.0,0.05024121643674679,0.0024500000000000632,0.38625940550147086,0.001,0.951
map/reference,cea-10,joint,swap,0,1.0,0.0009804805139614205,9.800000000392828e-07,0.011582902361779817,2e-05,0.99902
map/transition1,cea-10,joint,swap,0,1.0,0.35310910436436505,0.17644159529219894,0.6189122732704191,1.9999999999999998e-05,0.7025005433206446
map/transition2,cea-10,joint,swap,0,1.0,0.0009804805139614205,9.800000000392828e-07,0.011582902361779817,2e-05,0.99902
map/transition3,cea-10,joint,swap,0,1.0,0.0009804805139614205,9.800000000392828e-07,0.011582902361779817,2e-05,0.99902
mixture/absolute,cea-10,joint,swap,0,1.0,0.16840001623925774,0.03941633693035551,0.5482353638319386,0.12226159069671304,0.8450157470476468
mixture/present,cea-10,joint,swap,0,0.0,1.1121630368801285,0.597570992628023,1.4817565245212003,0.12226159069671304,0.32884688329109574
mixture/recency,cea-10,joint,swap,0,1.0,0.18062788526659856,0.04250486765887085,0.7051999967650814,0.12312179154184714,0.8347459221658692
mixture/reference,cea-10,joint,swap,0,1.0,0.16840001623925774,0.03941633693035551,0.5482353638319386,0.12226159069671304,0.8450157470476468
mixture/transition1,cea-10,joint,swap,0,1.0,0.4834957731942167,0.22967554389610179,0.9144534070484138,0.12226159069671304,0.6166240419097957
mixture/transition2,cea-10,joint,swap,0,1.0,0.16840001623925774,0.03941633693035551,0.5482353638319386,0.12226159069671304,0.8450157470476468
mixture/transition3,cea-10,joint,swap,0,1.0,0.16840001623925774,0.03941633693035551,0.5482353638319386,0.12226159069671304,0.8450157470476468
repaired/absolute,cea-10,joint,swap,0,1.0,0.0009804805139614205,9.800000000392828e-07,0.011582902361779817,2e-05,0.99902
repaired/present,cea-10,joint,swap,0,0.0,0.9817763680502767,0.5626252924999999,1.2652230253095489,1.9999999999999998e-05,0.37464499999999995
repaired/recency,cea-10,joint,swap,0,1.0,0.05024121643674679,0.0024500000000000632,0.38625940550147086,0.001,0.951
repaired/reference,cea-10,joint,swap,0,1.0,0.0009804805139614205,9.800000000392828e-07,0.011582902361779817,2e-05,0.99902
repaired/transition1,cea-10,joint,swap,0,0.0,0.694390017546925,0.5002825847652765,0.7038282456535606,1.9999999999999998e-05,0.4996610324924743
repaired/transition2,cea-10,joint,swap,0,1.0,0.0009804805139614205,9.800000000392828e-07,0.011582902361779817,2e-05,0.99902
repaired/transition3,cea-10,joint,swap,0,1.0,0.0009804805139614205,9.800000000392828e-07,0.011582902361779817,2e-05,0.99902
streaming/absolute,cea-10,joint,swap,0,0.0,0.9817763680502767,0.5626252924999999,1.2652230253095489,1.9999999999999998e-05,0.37464499999999995
streaming/present,cea-10,joint,swap,0,0.0,0.9817763680502767,0.5626252924999999,1.2652230253095489,1.9999999999999998e-05,0.37464499999999995
streaming/recency,cea-10,joint,swap,0,0.0,1.0293194621721604,0.5694812499999999,1.5615080942797084,0.001,0.35724999999999996
streaming/reference,cea-10,joint,swap,0,0.0,0.9817763680502767,0.5626252924999999,1.2652230253095489,1.9999999999999998e-05,0.37464499999999995
streaming/transition1,cea-10,joint,swap,0,0.0,0.9817763680502767,0.5626252924999999,1.2652230253095489,1.9999999999999998e-05,0.37464499999999995
streaming/transition2,cea-10,joint,swap,0,0.0,0.9817763680502767,0.5626252924999999,1.2652230253095489,1.9999999999999998e-05,0.37464499999999995
streaming/transition3,cea-10,joint,swap,0,0.0,0.9817763680502767,0.5626252924999999,1.2652230253095489,1.9999999999999998e-05,0.37464499999999995
fixed/absolute,cea-10,joint,swap,0,0.0,0.9817763680502767,0.5626252924999999,1.2652230253095489,1.9999999999999998e-05,0.37464499999999995
fixed/present,cea-10,joint,swap,0,0.0,0.9817763680502767,0.5626252924999999,1.2652230253095489,1.9999999999999998e-05,0.37464499999999995
fixed/recency,cea-10,joint,swap,0,0.0,1.0293194621721604,0.5694812499999999,1.5615080942797084,0.001,0.35724999999999996
fixed/reference,cea-10,joint,swap,0,0.0,0.9817763680502767,0.5626252924999999,1.2652230253095489,1.9999999999999998e-05,0.37464499999999995
fixed/transition1,cea-10,joint,swap,0,0.0,0.9817763680502767,0.5626252924999999,1.2652230253095489,1.9999999999999998e-05,0.37464499999999995
fixed/transition2,cea-10,joint,swap,0,0.0,0.9817763680502767,0.5626252924999999,1.2652230253095489,1.9999999999999998e-05,0.37464499999999995
fixed/transition3,cea-10,joint,swap,0,0.0,0.9817763680502767,0.5626252924999999,1.2652230253095489,1.9999999999999998e-05,0.37464499999999995
oracle-boundary/absolute,cea-10,joint,swap,0,1.0,0.0009804805139614205,9.800000000392828e-07,0.011582902361779817,2e-05,0.99902
oracle-boundary/present,cea-10,joint,swap,0,0.0,0.9817763680502767,0.5626252924999999,1.2652230253095489,1.9999999999999998e-05,0.37464499999999995
oracle-boundary/recency,cea-10,joint,swap,0,1.0,0.05024121643674679,0.0024500000000000632,0.38625940550147086,0.001,0.951
oracle-boundary/reference,cea-10,joint,swap,0,1.0,0.0009804805139614205,9.800000000392828e-07,0.011582902361779817,2e-05,0.99902
oracle-boundary/transition1,cea-10,joint,swap,0,0.0,0.69410764165507,0.50000048,0.7038282854721148,1.9999999999999998e-05,0.4995199999999999
oracle-boundary/transition2,cea-10,joint,swap,0,1.0,0.0009804805139614205,9.800000000392828e-07,0.011582902361779817,2e-05,0.99902
oracle-boundary/transition3,cea-10,joint,swap,0,1.0,0.0009804805139614205,9.800000000392828e-07,0.011582902361779817,2e-05,0.99902
map/absolute,cea-10,joint,swap,1,1.0,0.0009804805139616427,9.800000000392828e-07,0.011582902361780037,1.9999999999999998e-05,0.9990199999999998
map/present,cea-10,joint,swap,1,1.0,0.9817763680502767,0.5626252924999999,1.2652230253095489,1.9999999999999998e-05,0.37464499999999995
map/recency,cea-10,joint,swap,1,1.0,0.05024121643674679,0.0024500000000000632,0.38625940550147086,0.001,0.951
map/reference,cea-10,joint,swap,1,1.0,0.0009804805139616427,9.800000000392828e-07,0.011582902361780037,1.9999999999999998e-05,0.9990199999999998
map/transition1,cea-10,joint,swap,1,1.0,0.6930138506501587,0.4989077388962502,0.7038276872027928,1.9999999999999998e-05,0.500066669399307
map/transition2,cea-10,joint,swap,1,1.0,0.0009804805139616427,9.800000000392828e-07,0.011582902361780037,1.9999999999999998e-05,0.9990199999999998
map/transition3,cea-10,joint,swap,1,1.0,0.0009804805139616427,9.800000000392828e-07,0.011582902361780037,1.9999999999999998e-05,0.9990199999999998
mixture/absolute,cea-10,joint,swap,1,1.0,0.47229100216826075,0.24045726307979542,0.902763896152437,0.3113373561328609,0.6235720257009003
mixture/present,cea-10,joint,swap,1,0.0,1.3547601272700325,0.7288462865341792,1.4913329918007534,0.3113373561328609,0.3113373561328609
mixture/recency,cea-10,joint,swap,1,1.0,0.5255102595681913,0.26859059228713345,1.086343427517724,0.31201225902190843,0.5912535945790404
mixture/reference,cea-10,joint,swap,1,1.0,0.47229100216826075,0.24045726307979542,0.902763896152437,0.3113373561328609,0.6235720257009003
mixture/transition1,cea-10,joint,swap,1,0.0,1.1683919556182705,0.714077303969987,1.101515937689254,0.3113373561328609,0.3771488614634868
mixture/transition2,cea-10,joint,swap,1,1.0,0.47229100216826075,0.24045726307979542,0.902763896152437,0.3113373561328609,0.6235720257009003
mixture/transition3,cea-10,joint,swap,1,1.0,0.47229100216826075,0.24045726307979542,0.902763896152437,0.3113373561328609,0.6235720257009003
repaired/absolute,cea-10,joint,swap,1,1.0,0.0009804805139616427,9.800000000392828e-07,0.011582902361780037,1.9999999999999998e-05,0.9990199999999998
repaired/present,cea-10,joint,swap,1,1.0,0.9817763680502767,0.5626252924999999,1.2652230253095489,1.9999999999999998e-05,0.37464499999999995
repaired/recency,cea-10,joint,swap,1,1.0,0.05024121643674679,0.0024500000000000632,0.38625940550147086,0.001,0.951
repaired/reference,cea-10,joint,swap,1,1.0,0.0009804805139616427,9.800000000392828e-07,0.011582902361780037,1.9999999999999998e-05,0.9990199999999998
repaired/transition1,cea-10,joint,swap,1,0.0,0.6949121103530108,0.5008041759246256,0.7038279624577206,1.9999999999999998e-05,0.49992168661017994
repaired/transition2,cea-10,joint,swap,1,1.0,0.0009804805139616427,9.800000000392828e-07,0.011582902361780037,1.9999999999999998e-05,0.9990199999999998
repaired/transition3,cea-10,joint,swap,1,1.0,0.0009804805139616427,9.800000000392828e-07,0.011582902361780037,1.9999999999999998e-05,0.9990199999999998
streaming/absolute,cea-10,joint,swap,1,1.0,0.9817763680502767,0.5626252924999999,1.2652230253095489,1.9999999999999998e-05,0.37464499999999995
streaming/present,cea-10,joint,swap,1,1.0,0.9817763680502767,0.5626252924999999,1.2652230253095489,1.9999999999999998e-05,0.37464499999999995
streaming/recency,cea-10,joint,swap,1,1.0,1.0293194621721604,0.5694812499999999,1.5615080942797084,0.001,0.35724999999999996
streaming/reference,cea-10,joint,swap,1,1.0,0.9817763680502767,0.5626252924999999,1.2652230253095489,1.9999999999999998e-05,0.37464499999999995
streaming/transition1,cea-10,joint,swap,1,1.0,0.9817763680502767,0.5626252924999999,1.2652230253095489,1.9999999999999998e-05,0.37464499999999995
streaming/transition2,cea-10,joint,swap,1,1.0,0.9817763680502767,0.5626252924999999,1.2652230253095489,1.9999999999999998e-05,0.37464499999999995
streaming/transition3,cea-10,joint,swap,1,1.0,0.9817763680502767,0.5626252924999999,1.2652230253095489,1.9999999999999998e-05,0.37464499999999995
fixed/absolute,cea-10,joint,swap,1,1.0,0.9817763680502767,0.5626252924999999,1.2652230253095489,1.9999999999999998e-05,0.37464499999999995
fixed/present,cea-10,joint,swap,1,1.0,0.9817763680502767,0.5626252924999999,1.2652230253095489,1.9999999999999998e-05,0.37464499999999995
fixed/recency,cea-10,joint,swap,1,1.0,1.0293194621721604,0.5694812499999999,1.5615080942797084,0.001,0.35724999999999996
fixed/reference,cea-10,joint,swap,1,1.0,0.9817763680502767,0.5626252924999999,1.2652230253095489,1.9999999999999998e-05,0.37464499999999995
fixed/transition1,cea-10,joint,swap,1,1.0,0.9817763680502767,0.5626252924999999,1.2652230253095489,1.9999999999999998e-05,0.37464499999999995
fixed/transition2,cea-10,joint,swap,1,1.0,0.9817763680502767,0.5626252924999999,1.2652230253095489,1.9999999999999998e-05,0.37464499999999995
fixed/transition3,cea-10,joint,swap,1,1.0,0.9817763680502767,0.5626252924999999,1.2652230253095489,1.9999999999999998e-05,0.37464499999999995
oracle-boundary/absolute,cea-10,joint,swap,1,1.0,0.0009804805139616427,9.800000000392828e-07,0.011582902361780037,1.9999999999999998e-05,0.9990199999999998
oracle-boundary/present,cea-10,joint,swap,1,1.0,0.9817763680502767,0.5626252924999999,1.2652230253095489,1.9999999999999998e-05,0.37464499999999995
oracle-boundary/recency,cea-10,joint,swap,1,1.0,0.05024121643674679,0.0024500000000000632,0.38625940550147086,0.001,0.951
oracle-boundary/reference,cea-10,joint,swap,1,1.0,0.0009804805139616427,9.800000000392828e-07,0.011582902361780037,1.9999999999999998e-05,0.9990199999999998
oracle-boundary/transition1,cea-10,joint,swap,1,1.0,0.69410764165507,0.50000048,0.7038282854721148,1.9999999999999998e-05,0.4995199999999999
oracle-boundary/transition2,cea-10,joint,swap,1,1.0,0.0009804805139616427,9.800000000392828e-07,0.011582902361780037,1.9999999999999998e-05,0.9990199999999998
oracle-boundary/transition3,cea-10,joint,swap,1,1.0,0.0009804805139616427,9.800000000392828e-07,0.011582902361780037,1.9999999999999998e-05,0.9990199999999998
map/absolute,cea-10,joint,shuffle,0,1.0,0.0009804805139616427,9.800000000392828e-07,0.011582902361780037,1.9999999999999998e-05,0.9990199999999998
map/present,cea-10,joint,shuffle,0,1.0,0.9817763680502767,0.5626252924999999,1.2652230253095489,1.9999999999999998e-05,0.37464499999999995
map/recency,cea-10,joint,shuffle,0,0.0,6.907755278982137,1.90245,0.38625940550147086,0.001,0.951
map/reference,cea-10,joint,shuffle,0,1.0,0.0009804805139616427,9.800000000392828e-07,0.011582902361780037,1.9999999999999998e-05,0.9990199999999998
map/transition1,cea-10,joint,shuffle,0,1.0,0.6928483839713785,0.4987424311079105,0.7038274923699025,1.9999999999999998e-05,0.5001494206163569
map/transition2,cea-10,joint,shuffle,0,1.0,0.0009804805139616427,9.800000000392828e-07,0.011582902361780037,1.9999999999999998e-05,0.9990199999999998
map/transition3,cea-10,joint,shuffle,0,1.0,0.0009804805139616427,9.800000000392828e-07,0.011582902361780037,1.9999999999999998e-05,0.9990199999999998
mixture/absolute,cea-10,joint,shuffle,0,1.0,0.47392183810800353,0.2411552865957649,0.9065877729619489,0.3111141017690828,0.6225559108139145
mixture/present,cea-10,joint,shuffle,0,0.0,1.3544359944225717,0.7286359673495331,1.4914380590504361,0.3111141017690828,0.3111141017690828
mixture/recency,cea-10,joint,shuffle,0,0.0,7.280414905354432,1.5250706267367442,0.8811714552233469,0.3117892234517827,0.6551435920894442
mixture/reference,cea-10,joint,shuffle,0,1.0,0.47392183810800353,0.2411552865957649,0.9065877729619489,0.3111141017690828,0.6225559108139145
mixture/transition1,cea-10,joint,shuffle,0,0.0,1.1712392715586672,0.7159935103415609,1.1013014768669778,0.3111141017690828,0.3782557819614208
mixture/transition2,cea-10,joint,shuffle,0,1.0,0.47392183810800353,0.2411552865957649,0.9065877729619489,0.3111141017690828,0.6225559108139145
mixture/transition3,cea-10,joint,shuffle,0,1.0,0.47392183810800353,0.2411552865957649,0.9065877729619489,0.3111141017690828,0.6225559108139145
repaired/absolute,cea-10,joint,shuffle,0,1.0,0.0009804805139616427,9.800000000392828e-07,0.011582902361780037,1.9999999999999998e-05,0.9990199999999998
repaired/present,cea-10,joint,shuffle,0,1.0,0.9817763680502767,0.5626252924999999,1.2652230253095489,1.9999999999999998e-05,0.37464499999999995
repaired/recency,cea-10,joint,shuffle,0,0.0,6.907755278982137,1.90245,0.38625940550147086,0.001,0.951
repaired/reference,cea-10,joint,shuffle,0,1.0,0.0009804805139616427,9.800000000392828e-07,0.011582902361780037,1.9999999999999998e-05,0.9990199999999998
repaired/transition1,cea-10,joint,shuffle,0,1.0,0.6934527296288215,0.4993461965770718,0.7038280710827272,2e-05,0.49984724880324327
repaired/transition2,cea-10,joint,shuffle,0,1.0,0.0009804805139616427,9.800000000392828e-07,0.011582902361780037,1.9999999999999998e-05,0.9990199999999998
repaired/transition3,cea-10,joint,shuffle,0,1.0,0.0009804805139616427,9.800000000392828e-07,0.011582902361780037,1.9999999999999998e-05,0.9990199999999998
streaming/absolute,cea-10,joint,shuffle,0,1.0,0.9817763680502767,0.5626252924999999,1.2652230253095489,1.9999999999999998e-05,0.37464499999999995
streaming/present,cea-10,joint,shuffle,0,1.0,0.9817763680502767,0.5626252924999999,1.2652230253095489,1.9999999999999998e-05,0.37464499999999995
streaming/recency,cea-10,joint,shuffle,0,1.0,1.0293194621721604,0.5694812499999999,1.5615080942797084,0.001,0.35724999999999996
streaming/reference,cea-10,joint,shuffle,0,1.0,0.9817763680502767,0.5626252924999999,1.2652230253095489,1.9999999999999998e-05,0.37464499999999995
streaming/transition1,cea-10,joint,shuffle,0,1.0,0.9817763680502767,0.5626252924999999,1.2652230253095489,1.9999999999999998e-05,0.37464499999999995
streaming/transition2,cea-10,joint,shuffle,0,1.0,0.9817763680502767,0.5626252924999999,1.2652230253095489,1.9999999999999998e-05,0.37464499999999995
streaming/transition3,cea-10,joint,shuffle,0,1.0,0.9817763680502767,0.5626252924999999,1.2652230253095489,1.9999999999999998e-05,0.37464499999999995
fixed/absolute,cea-10,joint,shuffle,0,1.0,0.9817763680502767,0.5626252924999999,1.2652230253095489,1.9999999999999998e-05,0.37464499999999995
fixed/present,cea-10,joint,shuffle,0,1.0,0.9817763680502767,0.5626252924999999,1.2652230253095489,1.9999999999999998e-05,0.37464499999999995
fixed/recency,cea-10,joint,shuffle,0,1.0,1.0293194621721604,0.5694812499999999,1.5615080942797084,0.001,0.35724999999999996
fixed/reference,cea-10,joint,shuffle,0,1.0,0.9817763680502767,0.5626252924999999,1.2652230253095489,1.9999999999999998e-05,0.37464499999999995
fixed/transition1,cea-10,joint,shuffle,0,1.0,0.9817763680502767,0.5626252924999999,1.2652230253095489,1.9999999999999998e-05,0.37464499999999995
fixed/transition2,cea-10,joint,shuffle,0,1.0,0.9817763680502767,0.5626252924999999,1.2652230253095489,1.9999999999999998e-05,0.37464499999999995
fixed/transition3,cea-10,joint,shuffle,0,1.0,0.9817763680502767,0.5626252924999999,1.2652230253095489,1.9999999999999998e-05,0.37464499999999995
oracle-boundary/absolute,cea-10,joint,shuffle,0,1.0,0.0009804805139616427,9.800000000392828e-07,0.011582902361780037,1.9999999999999998e-05,0.9990199999999998
oracle-boundary/present,cea-10,joint,shuffle,0,1.0,0.9817763680502767,0.5626252924999999,1.2652230253095489,1.9999999999999998e-05,0.37464499999999995
oracle-boundary/recency,cea-10,joint,shuffle,0,0.0,6.907755278982137,1.90245,0.38625940550147086,0.001,0.951
oracle-boundary/reference,cea-10,joint,shuffle,0,1.0,0.0009804805139616427,9.800000000392828e-07,0.011582902361780037,1.9999999999999998e-05,0.9990199999999998
oracle-boundary/transition1,cea-10,joint,shuffle,0,1.0,0.69410764165507,0.50000048,0.7038282854721148,1.9999999999999998e-05,0.4995199999999999
oracle-boundary/transition2,cea-10,joint,shuffle,0,1.0,0.0009804805139616427,9.800000000392828e-07,0.011582902361780037,1.9999999999999998e-05,0.9990199999999998
oracle-boundary/transition3,cea-10,joint,shuffle,0,1.0,0.0009804805139616427,9.800000000392828e-07,0.011582902361780037,1.9999999999999998e-05,0.9990199999999998
map/absolute,cea-10,joint,shuffle,1,1.0,0.0009804805139614205,9.800000000392828e-07,0.011582902361779817,2e-05,0.99902
map/present,cea-10,joint,shuffle,1,0.0,0.9817763680502767,0.5626252924999999,1.2652230253095489,1.9999999999999998e-05,0.37464499999999995
map/recency,cea-10,joint,shuffle,1,0.0,6.907755278982137,1.90245,0.38625940550147086,0.001,0.951
map/reference,cea-10,joint,shuffle,1,1.0,0.0009804805139614205,9.800000000392828e-07,0.011582902361779817,2e-05,0.99902
map/transition1,cea-10,joint,shuffle,1,1.0,0.38679098557403896,0.20516794119717874,0.6377002024859715,1.9999999999999998e-05,0.6792330495967883
map/transition2,cea-10,joint,shuffle,1,1.0,0.0009804805139614205,9.800000000392828e-07,0.011582902361779817,2e-05,0.99902
map/transition3,cea-10,joint,shuffle,1,1.0,0.0009804805139614205,9.800000000392828e-07,0.011582902361779817,2e-05,0.99902
mixture/absolute,cea-10,joint,shuffle,1,1.0,0.16842439976799964,0.03942793591702931,0.5482732375606723,0.12228299279551373,0.8449951428330941
mixture/present,cea-10,joint,shuffle,1,0.0,1.1121874204088704,0.5975805438342086,1.4817716359873945,0.12228299279551373,0.32883886494142356
mixture/recency,cea-10,joint,shuffle,1,0.0,7.03816633134073,1.7102125263912895,0.7052338722524198,0.12314317266617154,0.8347255683628336
mixture/reference,cea-10,joint,shuffle,1,1.0,0.16842439976799964,0.03942793591702931,0.5482732375606723,0.12228299279551373,0.8449951428330941
mixture/transition1,cea-10,joint,shuffle,1,1.0,0.5172020379326325,0.25681427182347827,0.9309731660167735,0.12228299279551373,0.5961863232129337
mixture/transition2,cea-10,joint,shuffle,1,1.0,0.16842439976799964,0.03942793591702931,0.5482732375606723,0.12228299279551373,0.8449951428330941
mixture/transition3,cea-10,joint,shuffle,1,1.0,0.16842439976799964,0.03942793591702931,0.5482732375606723,0.12228299279551373,0.8449951428330941
repaired/absolute,cea-10,joint,shuffle,1,1.0,0.0009804805139614205,9.800000000392828e-07,0.011582902361779817,2e-05,0.99902
repaired/present,cea-10,joint,shuffle,1,0.0,0.9817763680502767,0.5626252924999999,1.2652230253095489,1.9999999999999998e-05,0.37464499999999995
repaired/recency,cea-10,joint,shuffle,1,0.0,6.907755278982137,1.90245,0.38625940550147086,0.001,0.951
repaired/reference,cea-10,joint,shuffle,1,1.0,0.0009804805139614205,9.800000000392828e-07,0.011582902361779817,2e-05,0.99902
repaired/transition1,cea-10,joint,shuffle,1,1.0,0.6930088225146889,0.4989027155885388,0.703827681686648,1.9999999999999998e-05,0.5000691838085861
repaired/transition2,cea-10,joint,shuffle,1,1.0,0.0009804805139614205,9.800000000392828e-07,0.011582902361779817,2e-05,0.99902
repaired/transition3,cea-10,joint,shuffle,1,1.0,0.0009804805139614205,9.800000000392828e-07,0.011582902361779817,2e-05,0.99902
streaming/absolute,cea-10,joint,shuffle,1,0.0,0.9817763680502767,0.5626252924999999,1.2652230253095489,1.9999999999999998e-05,0.37464499999999995
streaming/present,cea-10,joint,shuffle,1,0.0,0.9817763680502767,0.5626252924999999,1.2652230253095489,1.9999999999999998e-05,0.37464499999999995
streaming/recency,cea-10,joint,shuffle,1,0.0,1.0293194621721604,0.5694812499999999,1.5615080942797084,0.001,0.35724999999999996
streaming/reference,cea-10,joint,shuffle,1,0.0,0.9817763680502767,0.5626252924999999,1.2652230253095489,1.9999999999999998e-05,0.37464499999999995
streaming/transition1,cea-10,joint,shuffle,1,0.0,0.9817763680502767,0.5626252924999999,1.2652230253095489,1.9999999999999998e-05,0.37464499999999995
streaming/transition2,cea-10,joint,shuffle,1,0.0,0.9817763680502767,0.5626252924999999,1.2652230253095489,1.9999999999999998e-05,0.37464499999999995
streaming/transition3,cea-10,joint,shuffle,1,0.0,0.9817763680502767,0.5626252924999999,1.2652230253095489,1.9999999999999998e-05,0.37464499999999995
fixed/absolute,cea-10,joint,shuffle,1,0.0,0.9817763680502767,0.5626252924999999,1.2652230253095489,1.9999999999999998e-05,0.37464499999999995
fixed/present,cea-10,joint,shuffle,1,0.0,0.9817763680502767,0.5626252924999999,1.2652230253095489,1.9999999999999998e-05,0.37464499999999995
fixed/recency,cea-10,joint,shuffle,1,0.0,1.0293194621721604,0.5694812499999999,1.5615080942797084,0.001,0.35724999999999996
fixed/reference,cea-10,joint,shuffle,1,0.0,0.9817763680502767,0.5626252924999999,1.2652230253095489,1.9999999999999998e-05,0.37464499999999995
fixed/transition1,cea-10,joint,shuffle,1,0.0,0.9817763680502767,0.5626252924999999,1.2652230253095489,1.9999999999999998e-05,0.37464499999999995
fixed/transition2,cea-10,joint,shuffle,1,0.0,0.9817763680502767,0.5626252924999999,1.2652230253095489,1.9999999999999998e-05,0.37464499999999995
fixed/transition3,cea-10,joint,shuffle,1,0.0,0.9817763680502767,0.5626252924999999,1.2652230253095489,1.9999999999999998e-05,0.37464499999999995
oracle-boundary/absolute,cea-10,joint,shuffle,1,1.0,0.0009804805139614205,9.800000000392828e-07,0.011582902361779817,2e-05,0.99902
oracle-boundary/present,cea-10,joint,shuffle,1,0.0,0.9817763680502767,0.5626252924999999,1.2652230253095489,1.9999999999999998e-05,0.37464499999999995
oracle-boundary/recency,cea-10,joint,shuffle,1,0.0,6.907755278982137,1.90245,0.38625940550147086,0.001,0.951
oracle-boundary/reference,cea-10,joint,shuffle,1,1.0,0.0009804805139614205,9.800000000392828e-07,0.011582902361779817,2e-05,0.99902
oracle-boundary/transition1,cea-10,joint,shuffle,1,0.0,0.69410764165507,0.50000048,0.7038282854721148,1.9999999999999998e-05,0.4995199999999999
oracle-boundary/transition2,cea-10,joint,shuffle,1,1.0,0.0009804805139614205,9.800000000392828e-07,0.011582902361779817,2e-05,0.99902
oracle-boundary/transition3,cea-10,joint,shuffle,1,1.0,0.0009804805139614205,9.800000000392828e-07,0.011582902361779817,2e-05,0.99902
map/absolute,cea-10,joint,ambiguous,0,1.0,0.6941095564786257,0.5000023911451998,0.7038263724892317,1.9999999999999998e-05,0.5004975339379619
map/present,cea-10,joint,ambiguous,0,1.0,0.9817763680502767,0.5626252924999999,1.2652230253095489,1.9999999999999998e-05,0.37464499999999995
map/recency,cea-10,joint,ambiguous,0,1.0,3.4789982477094417,0.95245,0.38625940550147086,0.001,0.951
map/reference,cea-10,joint,ambiguous,0,1.0,0.6941092222725933,0.5000020575817008,0.7038267063736483,1.9999999999999998e-05,0.5004081389814777
map/transition1,cea-10,joint,ambiguous,0,0.0,0.6941078961353371,0.5000007339918349,0.703828031236192,1.9999999999999998e-05,0.49987636486560283
map/transition2,cea-10,joint,ambiguous,0,0.0,0.6941078961353371,0.5000007339918349,0.703828031236192,1.9999999999999998e-05,0.49987636486560283
map/transition3,cea-10,joint,ambiguous,0,1.0,0.6941095564786257,0.5000023911451998,0.7038263724892317,1.9999999999999998e-05,0.5004975339379619
mixture/absolute,cea-10,joint,ambiguous,0,0.0,1.0155027483905301,0.6075661393501608,1.1469269438563252,0.2610894405613323,0.3969606341932514
mixture/present,cea-10,joint,ambiguous,0,1.0,1.2843347623851942,0.6848074024655553,1.5089240291070904,0.2610894405613323,0.27683468323456434
mixture/recency,cea-10,joint,ambiguous,0,1.0,1.5639118767359843,0.772340652927175,1.0745628489146393,0.26181358739251887,0.6343941089750876
mixture/reference,cea-10,joint,ambiguous,0,0.0,1.015516979691711,0.6075736080316811,1.1469166486207667,0.2610894405613323,0.3970167926174194
mixture/transition1,cea-10,joint,ambiguous,0,0.0,1.001488321108186,0.6050484794460813,1.0905467658495305,0.2610894405613323,0.405269662922243
mixture/transition2,cea-10,joint,ambiguous,0,0.0,1.0157176392116811,0.607678892855994,1.1467715079266707,0.2610894405613323,0.3977985970689423
mixture/transition3,cea-10,joint,ambiguous,0,0.0,1.0155027483905301,0.6075661393501608,1.1469269438563252,0.2610894405613323,0.3969606341932514
repaired/absolute,cea-10,joint,ambiguous,0,1.0,0.6941082422533209,0.5000010794452958,0.7038276854506786,1.9999999999999998e-05,0.5000674693122474
repaired/present,cea-10,joint,ambiguous,0,1.0,0.9817763680502767,0.5626252924999999,1.2652230253095489,1.9999999999999998e-05,0.37464499999999995
repaired/recency,cea-10,joint,ambiguous,0,1.0,3.4789982477094417,0.95245,0.38625940550147086,0.001,0.951
repaired/reference,cea-10,joint,ambiguous,0,1.0,0.6941080332366611,0.5000008708299624,0.7038278942665441,1.9999999999999998e-05,0.4999620576672555
repaired/transition1,cea-10,joint,ambiguous,0,0.0,0.6941077975997081,0.5000006356453439,0.7038281296771995,2e-05,0.4997989671522113
repaired/transition2,cea-10,joint,ambiguous,0,1.0,0.6941082422533209,0.5000010794452958,0.7038276854506786,1.9999999999999998e-05,0.5000674693122474
repaired/transition3,cea-10,joint,ambiguous,0,1.0,0.6941082422533209,0.5000010794452958,0.7038276854506786,1.9999999999999998e-05,0.5000674693122474
streaming/absolute,cea-10,joint,ambiguous,0,1.0,0.9817763680502767,0.5626252924999999,1.2652230253095489,1.9999999999999998e-05,0.37464499999999995
streaming/present,cea-10,joint,ambiguous,0,1.0,0.9817763680502767,0.5626252924999999,1.2652230253095489,1.9999999999999998e-05,0.37464499999999995
streaming/recency,cea-10,joint,ambiguous,0,1.0,1.0293194621721604,0.5694812499999999,1.5615080942797084,0.001,0.35724999999999996
streaming/reference,cea-10,joint,ambiguous,0,1.0,0.9817763680502767,0.5626252924999999,1.2652230253095489,1.9999999999999998e-05,0.37464499999999995
streaming/transition1,cea-10,joint,ambiguous,0,1.0,0.9817763680502767,0.5626252924999999,1.2652230253095489,1.9999999999999998e-05,0.37464499999999995
streaming/transition2,cea-10,joint,ambiguous,0,1.0,0.9817763680502767,0.5626252924999999,1.2652230253095489,1.9999999999999998e-05,0.37464499999999995
streaming/transition3,cea-10,joint,ambiguous,0,1.0,0.9817763680502767,0.5626252924999999,1.2652230253095489,1.9999999999999998e-05,0.37464499999999995
fixed/absolute,cea-10,joint,ambiguous,0,1.0,0.9817763680502767,0.5626252924999999,1.2652230253095489,1.9999999999999998e-05,0.37464499999999995
fixed/present,cea-10,joint,ambiguous,0,1.0,0.9817763680502767,0.5626252924999999,1.2652230253095489,1.9999999999999998e-05,0.37464499999999995
fixed/recency,cea-10,joint,ambiguous,0,1.0,1.0293194621721604,0.5694812499999999,1.5615080942797084,0.001,0.35724999999999996
fixed/reference,cea-10,joint,ambiguous,0,1.0,0.9817763680502767,0.5626252924999999,1.2652230253095489,1.9999999999999998e-05,0.37464499999999995
fixed/transition1,cea-10,joint,ambiguous,0,1.0,0.9817763680502767,0.5626252924999999,1.2652230253095489,1.9999999999999998e-05,0.37464499999999995
fixed/transition2,cea-10,joint,ambiguous,0,1.0,0.9817763680502767,0.5626252924999999,1.2652230253095489,1.9999999999999998e-05,0.37464499999999995
fixed/transition3,cea-10,joint,ambiguous,0,1.0,0.9817763680502767,0.5626252924999999,1.2652230253095489,1.9999999999999998e-05,0.37464499999999995
oracle-boundary/absolute,cea-10,joint,ambiguous,0,1.0,0.69410764165507,0.50000048,0.7038282854721148,1.9999999999999998e-05,0.4995199999999999
oracle-boundary/present,cea-10,joint,ambiguous,0,1.0,0.9817763680502767,0.5626252924999999,1.2652230253095489,1.9999999999999998e-05,0.37464499999999995
oracle-boundary/recency,cea-10,joint,ambiguous,0,1.0,3.4789982477094417,0.95245,0.38625940550147086,0.001,0.951
oracle-boundary/reference,cea-10,joint,ambiguous,0,1.0,0.69410764165507,0.50000048,0.7038282854721148,1.9999999999999998e-05,0.4995199999999999
oracle-boundary/transition1,cea-10,joint,ambiguous,0,1.0,0.69410764165507,0.50000048,0.7038282854721148,1.9999999999999998e-05,0.4995199999999999
oracle-boundary/transition2,cea-10,joint,ambiguous,0,1.0,0.69410764165507,0.50000048,0.7038282854721148,1.9999999999999998e-05,0.4995199999999999
oracle-boundary/transition3,cea-10,joint,ambiguous,0,1.0,0.69410764165507,0.50000048,0.7038282854721148,1.9999999999999998e-05,0.4995199999999999
map/absolute,cea-10,joint,ambiguous,1,0.0,0.6941095564786257,0.5000023911451998,0.7038263724892317,1.9999999999999998e-05,0.5004975339379619
map/present,cea-10,joint,ambiguous,1,0.0,0.9817763680502767,0.5626252924999999,1.2652230253095489,1.9999999999999998e-05,0.37464499999999995
map/recency,cea-10,joint,ambiguous,1,0.0,3.4789982477094417,0.95245,0.38625940550147086,0.001,0.951
map/reference,cea-10,joint,ambiguous,1,0.0,0.6941092222725933,0.5000020575817008,0.7038267063736483,1.9999999999999998e-05,0.5004081389814777
map/transition1,cea-10,joint,ambiguous,1,1.0,0.6941078961353371,0.5000007339918349,0.703828031236192,1.9999999999999998e-05,0.49987636486560283
map/transition2,cea-10,joint,ambiguous,1,1.0,0.6941078961353371,0.5000007339918349,0.703828031236192,1.9999999999999998e-05,0.49987636486560283
map/transition3,cea-10,joint,ambiguous,1,0.0,0.6941095564786257,0.5000023911451998,0.7038263724892317,1.9999999999999998e-05,0.5004975339379619
mixture/absolute,cea-10,joint,ambiguous,1,1.0,1.0155027483905301,0.6075661393501608,1.1469269438563252,0.2610894405613323,0.3969606341932514
mixture/present,cea-10,joint,ambiguous,1,0.0,1.2843347623851942,0.6848074024655553,1.5089240291070904,0.2610894405613323,0.27683468323456434
mixture/recency,cea-10,joint,ambiguous,1,0.0,1.5639118767359843,0.772340652927175,1.0745628489146393,0.26181358739251887,0.6343941089750876
mixture/reference,cea-10,joint,ambiguous,1,1.0,1.015516979691711,0.6075736080316811,1.1469166486207667,0.2610894405613323,0.3970167926174194
mixture/transition1,cea-10,joint,ambiguous,1,1.0,1.001488321108186,0.6050484794460813,1.0905467658495305,0.2610894405613323,0.405269662922243
mixture/transition2,cea-10,joint,ambiguous,1,1.0,1.0157176392116811,0.607678892855994,1.1467715079266707,0.2610894405613323,0.3977985970689423
mixture/transition3,cea-10,joint,ambiguous,1,1.0,1.0155027483905301,0.6075661393501608,1.1469269438563252,0.2610894405613323,0.3969606341932514
repaired/absolute,cea-10,joint,ambiguous,1,0.0,0.6941082422533209,0.5000010794452958,0.7038276854506786,1.9999999999999998e-05,0.5000674693122474
repaired/present,cea-10,joint,ambiguous,1,0.0,0.9817763680502767,0.5626252924999999,1.2652230253095489,1.9999999999999998e-05,0.37464499999999995
repaired/recency,cea-10,joint,ambiguous,1,0.0,3.4789982477094417,0.95245,0.38625940550147086,0.001,0.951
repaired/reference,cea-10,joint,ambiguous,1,0.0,0.6941080332366611,0.5000008708299624,0.7038278942665441,1.9999999999999998e-05,0.4999620576672555
repaired/transition1,cea-10,joint,ambiguous,1,1.0,0.6941077975997081,0.5000006356453439,0.7038281296771995,2e-05,0.4997989671522113
repaired/transition2,cea-10,joint,ambiguous,1,0.0,0.6941082422533209,0.5000010794452958,0.7038276854506786,1.9999999999999998e-05,0.5000674693122474
repaired/transition3,cea-10,joint,ambiguous,1,0.0,0.6941082422533209,0.5000010794452958,0.7038276854506786,1.9999999999999998e-05,0.5000674693122474
streaming/absolute,cea-10,joint,ambiguous,1,0.0,0.9817763680502767,0.5626252924999999,1.2652230253095489,1.9999999999999998e-05,0.37464499999999995
streaming/present,cea-10,joint,ambiguous,1,0.0,0.9817763680502767,0.5626252924999999,1.2652230253095489,1.9999999999999998e-05,0.37464499999999995
streaming/recency,cea-10,joint,ambiguous,1,0.0,1.0293194621721604,0.5694812499999999,1.5615080942797084,0.001,0.35724999999999996
streaming/reference,cea-10,joint,ambiguous,1,0.0,0.9817763680502767,0.5626252924999999,1.2652230253095489,1.9999999999999998e-05,0.37464499999999995
streaming/transition1,cea-10,joint,ambiguous,1,0.0,0.9817763680502767,0.5626252924999999,1.2652230253095489,1.9999999999999998e-05,0.37464499999999995
streaming/transition2,cea-10,joint,ambiguous,1,0.0,0.9817763680502767,0.5626252924999999,1.2652230253095489,1.9999999999999998e-05,0.37464499999999995
streaming/transition3,cea-10,joint,ambiguous,1,0.0,0.9817763680502767,0.5626252924999999,1.2652230253095489,1.9999999999999998e-05,0.37464499999999995
fixed/absolute,cea-10,joint,ambiguous,1,0.0,0.9817763680502767,0.5626252924999999,1.2652230253095489,1.9999999999999998e-05,0.37464499999999995
fixed/present,cea-10,joint,ambiguous,1,0.0,0.9817763680502767,0.5626252924999999,1.2652230253095489,1.9999999999999998e-05,0.37464499999999995
fixed/recency,cea-10,joint,ambiguous,1,0.0,1.0293194621721604,0.5694812499999999,1.5615080942797084,0.001,0.35724999999999996
fixed/reference,cea-10,joint,ambiguous,1,0.0,0.9817763680502767,0.5626252924999999,1.2652230253095489,1.9999999999999998e-05,0.37464499999999995
fixed/transition1,cea-10,joint,ambiguous,1,0.0,0.9817763680502767,0.5626252924999999,1.2652230253095489,1.9999999999999998e-05,0.37464499999999995
fixed/transition2,cea-10,joint,ambiguous,1,0.0,0.9817763680502767,0.5626252924999999,1.2652230253095489,1.9999999999999998e-05,0.37464499999999995
fixed/transition3,cea-10,joint,ambiguous,1,0.0,0.9817763680502767,0.5626252924999999,1.2652230253095489,1.9999999999999998e-05,0.37464499999999995
oracle-boundary/absolute,cea-10,joint,ambiguous,1,0.0,0.69410764165507,0.50000048,0.7038282854721148,1.9999999999999998e-05,0.4995199999999999
oracle-boundary/present,cea-10,joint,ambiguous,1,0.0,0.9817763680502767,0.5626252924999999,1.2652230253095489,1.9999999999999998e-05,0.37464499999999995
oracle-boundary/recency,cea-10,joint,ambiguous,1,0.0,3.4789982477094417,0.95245,0.38625940550147086,0.001,0.951
oracle-boundary/reference,cea-10,joint,ambiguous,1,0.0,0.69410764165507,0.50000048,0.7038282854721148,1.9999999999999998e-05,0.4995199999999999
oracle-boundary/transition1,cea-10,joint,ambiguous,1,0.0,0.69410764165507,0.50000048,0.7038282854721148,1.9999999999999998e-05,0.4995199999999999
oracle-boundary/transition2,cea-10,joint,ambiguous,1,0.0,0.69410764165507,0.50000048,0.7038282854721148,1.9999999999999998e-05,0.4995199999999999
oracle-boundary/transition3,cea-10,joint,ambiguous,1,0.0,0.69410764165507,0.50000048,0.7038282854721148,1.9999999999999998e-05,0.4995199999999999
map/absolute,cea-11,detached,intact,0,1.0,0.0009804805139616427,9.800000000392828e-07,0.011582902361780037,1.9999999999999998e-05,0.9990199999999998
map/present,cea-11,detached,intact,0,1.0,0.9817763680502767,0.5626252924999999,1.2652230253095489,1.9999999999999998e-05,0.37464499999999995
map/recency,cea-11,detached,intact,0,0.0,6.907755278982137,1.90245,0.38625940550147086,0.001,0.951
map/reference,cea-11,detached,intact,0,1.0,0.0009804805139616427,9.800000000392828e-07,0.011582902361780037,1.9999999999999998e-05,0.9990199999999998
map/transition1,cea-11,detached,intact,0,1.0,0.6715542882671464,0.47747241392159556,0.7035683736690628,1.9999999999999998e-05,0.5109138529236479
map/transition2,cea-11,detached,intact,0,1.0,0.0009804805139616427,9.800000000392828e-07,0.011582902361780037,1.9999999999999998e-05,0.9990199999999998
map/transition3,cea-11,detached,intact,0,1.0,0.0009804805139616427,9.800000000392828e-07,0.011582902361780037,1.9999999999999998e-05,0.9990199999999998
mixture/absolute,cea-11,detached,intact,0,1.0,0.0009804805139616427,9.800000000392828e-07,0.011582902361780037,1.9999999999999998e-05,0.9990199999999998
mixture/present,cea-11,detached,intact,0,1.0,0.9817763680502767,0.5626252924999999,1.2652230253095489,1.9999999999999998e-05,0.37464499999999995
mixture/recency,cea-11,detached,intact,0,0.0,6.907755278982137,1.90245,0.38625940550147086,0.001,0.951
mixture/reference,cea-11,detached,intact,0,1.0,0.0009804805139616427,9.800000000392828e-07,0.011582902361780037,1.9999999999999998e-05,0.9990199999999998
mixture/transition1,cea-11,detached,intact,0,1.0,0.6715542882671464,0.47747241392159556,0.7035683736690628,1.9999999999999998e-05,0.5109138529236479
mixture/transition2,cea-11,detached,intact,0,1.0,0.0009804805139616427,9.800000000392828e-07,0.011582902361780037,1.9999999999999998e-05,0.9990199999999998
mixture/transition3,cea-11,detached,intact,0,1.0,0.0009804805139616427,9.800000000392828e-07,0.011582902361780037,1.9999999999999998e-05,0.9990199999999998
repaired/absolute,cea-11,detached,intact,0,1.0,0.0009804805139616427,9.800000000392828e-07,0.011582902361780037,1.9999999999999998e-05,0.9990199999999998
repaired/present,cea-11,detached,intact,0,1.0,0.9817763680502767,0.5626252924999999,1.2652230253095489,1.9999999999999998e-05,0.37464499999999995
repaired/recency,cea-11,detached,intact,0,0.0,6.907755278982137,1.90245,0.38625940550147086,0.001,0.951
repaired/reference,cea-11,detached,intact,0,1.0,0.0009804805139616427,9.800000000392828e-07,0.011582902361780037,1.9999999999999998e-05,0.9990199999999998
repaired/transition1,cea-11,detached,intact,0,1.0,0.6502033189313214,0.4561664695097716,0.702821700334992,1.9999999999999998e-05,0.5219396457611705
repaired/transition2,cea-11,detached,intact,0,1.0,0.0009804805139616427,9.800000000392828e-07,0.011582902361780037,1.9999999999999998e-05,0.9990199999999998
repaired/transition3,cea-11,detached,intact,0,1.0,0.0009804805139616427,9.800000000392828e-07,0.011582902361780037,1.9999999999999998e-05,0.9990199999999998
streaming/absolute,cea-11,detached,intact,0,1.0,0.0009804805139616427,9.800000000392828e-07,0.011582902361780037,1.9999999999999998e-05,0.9990199999999998
streaming/present,cea-11,detached,intact,0,1.0,0.9817763680502767,0.5626252924999999,1.2652230253095489,1.9999999999999998e-05,0.37464499999999995
streaming/recency,cea-11,detached,intact,0,0.0,6.907755278982137,1.90245,0.38625940550147086,0.001,0.951
streaming/reference,cea-11,detached,intact,0,1.0,0.0009804805139616427,9.800000000392828e-07,0.011582902361780037,1.9999999999999998e-05,0.9990199999999998
streaming/transition1,cea-11,detached,intact,0,1.0,0.0009804805139616427,9.800000000392828e-07,0.011582902361780037,1.9999999999999998e-05,0.9990199999999998
streaming/transition2,cea-11,detached,intact,0,1.0,0.0009804805139616427,9.800000000392828e-07,0.011582902361780037,1.9999999999999998e-05,0.9990199999999998
streaming/transition3,cea-11,detached,intact,0,1.0,0.0009804805139616427,9.800000000392828e-07,0.011582902361780037,1.9999999999999998e-05,0.9990199999999998
fixed/absolute,cea-11,detached,intact,0,1.0,0.9817763680502767,0.5626252924999999,1.2652230253095489,1.9999999999999998e-05,0.37464499999999995
fixed/present,cea-11,detached,intact,0,1.0,0.9817763680502767,0.5626252924999999,1.2652230253095489,1.9999999999999998e-05,0.37464499999999995
fixed/recency,cea-11,detached,intact,0,0.0,6.907755278982137,1.90245,0.38625940550147086,0.001,0.951
fixed/reference,cea-11,detached,intact,0,1.0,0.9817763680502767,0.5626252924999999,1.2652230253095489,1.9999999999999998e-05,0.37464499999999995
fixed/transition1,cea-11,detached,intact,0,0.0,10.819778284410283,1.499233445275241,0.7035950781887718,1.9999999999999998e-05,0.5103127122457967
fixed/transition2,cea-11,detached,intact,0,1.0,0.9817763680502767,0.5626252924999999,1.2652230253095489,1.9999999999999998e-05,0.37464499999999995
fixed/transition3,cea-11,detached,intact,0,1.0,0.9817763680502767,0.5626252924999999,1.2652230253095489,1.9999999999999998e-05,0.37464499999999995
oracle-boundary/absolute,cea-11,detached,intact,0,1.0,0.0009804805139616427,9.800000000392828e-07,0.011582902361780037,1.9999999999999998e-05,0.9990199999999998
oracle-boundary/present,cea-11,detached,intact,0,1.0,0.9817763680502767,0.5626252924999999,1.2652230253095489,1.9999999999999998e-05,0.37464499999999995
oracle-boundary/recency,cea-11,detached,intact,0,0.0,6.907755278982137,1.90245,0.38625940550147086,0.001,0.951
oracle-boundary/reference,cea-11,detached,intact,0,1.0,0.0009804805139616427,9.800000000392828e-07,0.011582902361780037,1.9999999999999998e-05,0.9990199999999998
oracle-boundary/transition1,cea-11,detached,intact,0,1.0,0.69410764165507,0.50000048,0.7038282854721148,1.9999999999999998e-05,0.4995199999999999
oracle-boundary/transition2,cea-11,detached,intact,0,1.0,0.0009804805139616427,9.800000000392828e-07,0.011582902361780037,1.9999999999999998e-05,0.9990199999999998
oracle-boundary/transition3,cea-11,detached,intact,0,1.0,0.0009804805139616427,9.800000000392828e-07,0.011582902361780037,1.9999999999999998e-05,0.9990199999999998
map/absolute,cea-11,detached,intact,1,1.0,0.0009804805139614205,9.800000000392828e-07,0.011582902361779817,2e-05,0.99902
map/present,cea-11,detached,intact,1,0.0,0.9817763680502767,0.5626252924999999,1.2652230253095489,1.9999999999999998e-05,0.37464499999999995
map/recency,cea-11,detached,intact,1,0.0,6.907755278982137,1.90245,0.38625940550147086,0.001,0.951
map/reference,cea-11,detached,intact,1,1.0,0.0009804805139614205,9.800000000392828e-07,0.011582902361779817,2e-05,0.99902
map/transition1,cea-11,detached,intact,1,1.0,0.6715539830414722,0.47747210914076055,0.7035683665537362,2e-05,0.5109140088676969
map/transition2,cea-11,detached,intact,1,1.0,0.0009804805139614205,9.800000000392828e-07,0.011582902361779817,2e-05,0.99902
map/transition3,cea-11,detached,intact,1,1.0,0.0009804805139614205,9.800000000392828e-07,0.011582902361779817,2e-05,0.99902
mixture/absolute,cea-11,detached,intact,1,1.0,0.0009804805139614205,9.800000000392828e-07,0.011582902361779817,2e-05,0.99902
mixture/present,cea-11,detached,intact,1,0.0,0.9817763680502767,0.5626252924999999,1.2652230253095489,1.9999999999999998e-05,0.37464499999999995
mixture/recency,cea-11,detached,intact,1,0.0,6.907755278982137,1.90245,0.38625940550147086,0.001,0.951
mixture/reference,cea-11,detached,intact,1,1.0,0.0009804805139614205,9.800000000392828e-07,0.011582902361779817,2e-05,0.99902
mixture/transition1,cea-11,detached,intact,1,1.0,0.6715539830414722,0.47747210914076055,0.7035683665537362,2e-05,0.5109140088676969
mixture/transition2,cea-11,detached,intact,1,1.0,0.0009804805139614205,9.800000000392828e-07,0.011582902361779817,2e-05,0.99902
mixture/transition3,cea-11,detached,intact,1,1.0,0.0009804805139614205,9.800000000392828e-07,0.011582902361779817,2e-05,0.99902
repaired/absolute,cea-11,detached,intact,1,1.0,0.0009804805139614205,9.800000000392828e-07,0.011582902361779817,2e-05,0.99902
repaired/present,cea-11,detached,intact,1,0.0,0.9817763680502767,0.5626252924999999,1.2652230253095489,1.9999999999999998e-05,0.37464499999999995
repaired/recency,cea-11,detached,intact,1,0.0,6.907755278982137,1.90245,0.38625940550147086,0.001,0.951
repaired/reference,cea-11,detached,intact,1,1.0,0.0009804805139614205,9.800000000392828e-07,0.011582902361779817,2e-05,0.99902
repaired/transition1,cea-11,detached,intact,1,1.0,0.6502033189313214,0.4561664695097716,0.702821700334992,1.9999999999999998e-05,0.5219396457611705
repaired/transition2,cea-11,detached,intact,1,1.0,0.0009804805139614205,9.800000000392828e-07,0.011582902361779817,2e-05,0.99902
repaired/transition3,cea-11,detached,intact,1,1.0,0.0009804805139614205,9.800000000392828e-07,0.011582902361779817,2e-05,0.99902
streaming/absolute,cea-11,detached,intact,1,0.0,0.9817763680502767,0.5626252924999999,1.2652230253095489,1.9999999999999998e-05,0.37464499999999995
streaming/present,cea-11,detached,intact,1,0.0,0.9817763680502767,0.5626252924999999,1.2652230253095489,1.9999999999999998e-05,0.37464499999999995
streaming/recency,cea-11,detached,intact,1,0.0,6.907755278982137,1.90245,0.38625940550147086,0.001,0.951
streaming/reference,cea-11,detached,intact,1,0.0,0.9817763680502767,0.5626252924999999,1.2652230253095489,1.9999999999999998e-05,0.37464499999999995
streaming/transition1,cea-11,detached,intact,1,0.0,0.9817763680502767,0.5626252924999999,1.2652230253095489,1.9999999999999998e-05,0.37464499999999995
streaming/transition2,cea-11,detached,intact,1,0.0,0.9817763680502767,0.5626252924999999,1.2652230253095489,1.9999999999999998e-05,0.37464499999999995
streaming/transition3,cea-11,detached,intact,1,0.0,0.9817763680502767,0.5626252924999999,1.2652230253095489,1.9999999999999998e-05,0.37464499999999995
fixed/absolute,cea-11,detached,intact,1,0.0,0.9817763680502767,0.5626252924999999,1.2652230253095489,1.9999999999999998e-05,0.37464499999999995
fixed/present,cea-11,detached,intact,1,0.0,0.9817763680502767,0.5626252924999999,1.2652230253095489,1.9999999999999998e-05,0.37464499999999995
fixed/recency,cea-11,detached,intact,1,0.0,6.907755278982137,1.90245,0.38625940550147086,0.001,0.951
fixed/reference,cea-11,detached,intact,1,0.0,0.9817763680502767,0.5626252924999999,1.2652230253095489,1.9999999999999998e-05,0.37464499999999995
fixed/transition1,cea-11,detached,intact,1,0.0,10.819778284410283,1.499233445275241,0.7035950781887716,2e-05,0.5103127122457968
fixed/transition2,cea-11,detached,intact,1,0.0,0.9817763680502767,0.5626252924999999,1.2652230253095489,1.9999999999999998e-05,0.37464499999999995
fixed/transition3,cea-11,detached,intact,1,0.0,0.9817763680502767,0.5626252924999999,1.2652230253095489,1.9999999999999998e-05,0.37464499999999995
oracle-boundary/absolute,cea-11,detached,intact,1,1.0,0.0009804805139614205,9.800000000392828e-07,0.011582902361779817,2e-05,0.99902
oracle-boundary/present,cea-11,detached,intact,1,0.0,0.9817763680502767,0.5626252924999999,1.2652230253095489,1.9999999999999998e-05,0.37464499999999995
oracle-boundary/recency,cea-11,detached,intact,1,0.0,6.907755278982137,1.90245,0.38625940550147086,0.001,0.951
oracle-boundary/reference,cea-11,detached,intact,1,1.0,0.0009804805139614205,9.800000000392828e-07,0.011582902361779817,2e-05,0.99902
oracle-boundary/transition1,cea-11,detached,intact,1,0.0,0.69410764165507,0.50000048,0.7038282854721148,1.9999999999999998e-05,0.4995199999999999
oracle-boundary/transition2,cea-11,detached,intact,1,1.0,0.0009804805139614205,9.800000000392828e-07,0.011582902361779817,2e-05,0.99902
oracle-boundary/transition3,cea-11,detached,intact,1,1.0,0.0009804805139614205,9.800000000392828e-07,0.011582902361779817,2e-05,0.99902
map/absolute,cea-11,legato,intact,0,1.0,0.0009804805139616427,9.800000000392828e-07,0.011582902361780037,1.9999999999999998e-05,0.9990199999999998
map/present,cea-11,legato,intact,0,1.0,0.9817763680502767,0.5626252924999999,1.2652230253095489,1.9999999999999998e-05,0.37464499999999995
map/recency,cea-11,legato,intact,0,1.0,0.05024121643674679,0.0024500000000000632,0.38625940550147086,0.001,0.951
map/reference,cea-11,legato,intact,0,1.0,0.0009804805139616427,9.800000000392828e-07,0.011582902361780037,1.9999999999999998e-05,0.9990199999999998
map/transition1,cea-11,legato,intact,0,1.0,0.0009804805139616427,9.800000000392828e-07,0.011582902361780037,1.9999999999999998e-05,0.9990199999999998
map/transition2,cea-11,legato,intact,0,1.0,0.0009804805139616427,9.800000000392828e-07,0.011582902361780037,1.9999999999999998e-05,0.9990199999999998
map/transition3,cea-11,legato,intact,0,1.0,0.0009804805139616427,9.800000000392828e-07,0.011582902361780037,1.9999999999999998e-05,0.9990199999999998
mixture/absolute,cea-11,legato,intact,0,0.0,+Infinity,2.0,-0.0,1.0,1.0
mixture/present,cea-11,legato,intact,0,0.0,+Infinity,2.0,-0.0,1.0,1.0
mixture/recency,cea-11,legato,intact,0,0.0,+Infinity,2.0,-0.0,1.0,1.0
mixture/reference,cea-11,legato,intact,0,0.0,+Infinity,2.0,-0.0,1.0,1.0
mixture/transition1,cea-11,legato,intact,0,0.0,+Infinity,2.0,-0.0,1.0,1.0
mixture/transition2,cea-11,legato,intact,0,0.0,+Infinity,2.0,-0.0,1.0,1.0
mixture/transition3,cea-11,legato,intact,0,0.0,+Infinity,2.0,-0.0,1.0,1.0
repaired/absolute,cea-11,legato,intact,0,1.0,0.0009804805139616427,9.800000000392828e-07,0.011582902361780037,1.9999999999999998e-05,0.9990199999999998
repaired/present,cea-11,legato,intact,0,1.0,0.9817763680502767,0.5626252924999999,1.2652230253095489,1.9999999999999998e-05,0.37464499999999995
repaired/recency,cea-11,legato,intact,0,1.0,0.05024121643674679,0.0024500000000000632,0.38625940550147086,0.001,0.951
repaired/reference,cea-11,legato,intact,0,1.0,0.0009804805139616427,9.800000000392828e-07,0.011582902361780037,1.9999999999999998e-05,0.9990199999999998
repaired/transition1,cea-11,legato,intact,0,1.0,0.0009804805139616427,9.800000000392828e-07,0.011582902361780037,1.9999999999999998e-05,0.9990199999999998
repaired/transition2,cea-11,legato,intact,0,1.0,0.0009804805139616427,9.800000000392828e-07,0.011582902361780037,1.9999999999999998e-05,0.9990199999999998
repaired/transition3,cea-11,legato,intact,0,1.0,0.0009804805139616427,9.800000000392828e-07,0.011582902361780037,1.9999999999999998e-05,0.9990199999999998
streaming/absolute,cea-11,legato,intact,0,1.0,0.9817763680502767,0.5626252924999999,1.2652230253095489,1.9999999999999998e-05,0.37464499999999995
streaming/present,cea-11,legato,intact,0,1.0,0.9817763680502767,0.5626252924999999,1.2652230253095489,1.9999999999999998e-05,0.37464499999999995
streaming/recency,cea-11,legato,intact,0,1.0,0.05024121643674679,0.0024500000000000632,0.38625940550147086,0.001,0.951
streaming/reference,cea-11,legato,intact,0,1.0,0.0009804805139616427,9.800000000392828e-07,0.011582902361780037,1.9999999999999998e-05,0.9990199999999998
streaming/transition1,cea-11,legato,intact,0,1.0,0.9817763680502767,0.5626252924999999,1.2652230253095489,1.9999999999999998e-05,0.37464499999999995
streaming/transition2,cea-11,legato,intact,0,1.0,0.9817763680502767,0.5626252924999999,1.2652230253095489,1.9999999999999998e-05,0.37464499999999995
streaming/transition3,cea-11,legato,intact,0,1.0,0.9817763680502767,0.5626252924999999,1.2652230253095489,1.9999999999999998e-05,0.37464499999999995
fixed/absolute,cea-11,legato,intact,0,1.0,0.9817763680502767,0.5626252924999999,1.2652230253095489,1.9999999999999998e-05,0.37464499999999995
fixed/present,cea-11,legato,intact,0,1.0,0.9817763680502767,0.5626252924999999,1.2652230253095489,1.9999999999999998e-05,0.37464499999999995
fixed/recency,cea-11,legato,intact,0,0.0,6.907755278982137,1.90245,0.38625940550147086,0.001,0.951
fixed/reference,cea-11,legato,intact,0,1.0,0.9817763680502767,0.5626252924999999,1.2652230253095489,1.9999999999999998e-05,0.37464499999999995
fixed/transition1,cea-11,legato,intact,0,0.0,10.819778284410283,1.4990114632481015,0.7038172916296359,2e-05,0.5018634214411671
fixed/transition2,cea-11,legato,intact,0,1.0,0.9817763680502767,0.5626252924999999,1.2652230253095489,1.9999999999999998e-05,0.37464499999999995
fixed/transition3,cea-11,legato,intact,0,1.0,0.9817763680502767,0.5626252924999999,1.2652230253095489,1.9999999999999998e-05,0.37464499999999995
oracle-boundary/absolute,cea-11,legato,intact,0,1.0,0.0009804805139616427,9.800000000392828e-07,0.011582902361780037,1.9999999999999998e-05,0.9990199999999998
oracle-boundary/present,cea-11,legato,intact,0,1.0,0.9817763680502767,0.5626252924999999,1.2652230253095489,1.9999999999999998e-05,0.37464499999999995
oracle-boundary/recency,cea-11,legato,intact,0,0.0,6.907755278982137,1.90245,0.38625940550147086,0.001,0.951
oracle-boundary/reference,cea-11,legato,intact,0,1.0,0.0009804805139616427,9.800000000392828e-07,0.011582902361780037,1.9999999999999998e-05,0.9990199999999998
oracle-boundary/transition1,cea-11,legato,intact,0,1.0,0.69410764165507,0.50000048,0.7038282854721148,1.9999999999999998e-05,0.4995199999999999
oracle-boundary/transition2,cea-11,legato,intact,0,1.0,0.0009804805139616427,9.800000000392828e-07,0.011582902361780037,1.9999999999999998e-05,0.9990199999999998
oracle-boundary/transition3,cea-11,legato,intact,0,1.0,0.0009804805139616427,9.800000000392828e-07,0.011582902361780037,1.9999999999999998e-05,0.9990199999999998
map/absolute,cea-11,legato,intact,1,0.0,0.9817763680502767,0.5626252924999999,1.2652230253095489,1.9999999999999998e-05,0.37464499999999995
map/present,cea-11,legato,intact,1,0.0,0.9817763680502767,0.5626252924999999,1.2652230253095489,1.9999999999999998e-05,0.37464499999999995
map/recency,cea-11,legato,intact,1,0.0,6.907755278982137,1.90245,0.38625940550147086,0.001,0.951
map/reference,cea-11,legato,intact,1,0.0,0.9817763680502767,0.5626252924999999,1.2652230253095489,1.9999999999999998e-05,0.37464499999999995
map/transition1,cea-11,legato,intact,1,0.0,10.819778284410283,1.9980009799999996,0.011582902361780037,1.9999999999999998e-05,0.9990199999999998
map/transition2,cea-11,legato,intact,1,0.0,0.9817763680502767,0.5626252924999999,1.2652230253095489,1.9999999999999998e-05,0.37464499999999995
map/transition3,cea-11,legato,intact,1,0.0,0.9817763680502767,0.5626252924999999,1.2652230253095489,1.9999999999999998e-05,0.37464499999999995
mixture/absolute,cea-11,legato,intact,1,0.0,+Infinity,2.0,-0.0,1.0,1.0
mixture/present,cea-11,legato,intact,1,0.0,+Infinity,2.0,-0.0,1.0,1.0
mixture/recency,cea-11,legato,intact,1,0.0,+Infinity,2.0,-0.0,1.0,1.0
mixture/reference,cea-11,legato,intact,1,0.0,+Infinity,2.0,-0.0,1.0,1.0
mixture/transition1,cea-11,legato,intact,1,0.0,+Infinity,2.0,-0.0,1.0,1.0
mixture/transition2,cea-11,legato,intact,1,0.0,+Infinity,2.0,-0.0,1.0,1.0
mixture/transition3,cea-11,legato,intact,1,0.0,+Infinity,2.0,-0.0,1.0,1.0
repaired/absolute,cea-11,legato,intact,1,0.0,0.9817763680502767,0.5626252924999999,1.2652230253095489,1.9999999999999998e-05,0.37464499999999995
repaired/present,cea-11,legato,intact,1,0.0,0.9817763680502767,0.5626252924999999,1.2652230253095489,1.9999999999999998e-05,0.37464499999999995
repaired/recency,cea-11,legato,intact,1,0.0,6.907755278982137,1.90245,0.38625940550147086,0.001,0.951
repaired/reference,cea-11,legato,intact,1,0.0,0.9817763680502767,0.5626252924999999,1.2652230253095489,1.9999999999999998e-05,0.37464499999999995
repaired/transition1,cea-11,legato,intact,1,0.0,10.819778284410283,1.9980009799999996,0.011582902361780037,1.9999999999999998e-05,0.9990199999999998
repaired/transition2,cea-11,legato,intact,1,0.0,0.9817763680502767,0.5626252924999999,1.2652230253095489,1.9999999999999998e-05,0.37464499999999995
repaired/transition3,cea-11,legato,intact,1,0.0,0.9817763680502767,0.5626252924999999,1.2652230253095489,1.9999999999999998e-05,0.37464499999999995
streaming/absolute,cea-11,legato,intact,1,0.0,0.9817763680502767,0.5626252924999999,1.2652230253095489,1.9999999999999998e-05,0.37464499999999995
streaming/present,cea-11,legato,intact,1,0.0,0.9817763680502767,0.5626252924999999,1.2652230253095489,1.9999999999999998e-05,0.37464499999999995
streaming/recency,cea-11,legato,intact,1,0.0,6.907755278982137,1.90245,0.38625940550147086,0.001,0.951
streaming/reference,cea-11,legato,intact,1,0.0,0.9817763680502767,0.5626252924999999,1.2652230253095489,1.9999999999999998e-05,0.37464499999999995
streaming/transition1,cea-11,legato,intact,1,0.0,0.9817763680502767,0.5626252924999999,1.2652230253095489,1.9999999999999998e-05,0.37464499999999995
streaming/transition2,cea-11,legato,intact,1,0.0,0.9817763680502767,0.5626252924999999,1.2652230253095489,1.9999999999999998e-05,0.37464499999999995
streaming/transition3,cea-11,legato,intact,1,0.0,0.9817763680502767,0.5626252924999999,1.2652230253095489,1.9999999999999998e-05,0.37464499999999995
fixed/absolute,cea-11,legato,intact,1,0.0,0.9817763680502767,0.5626252924999999,1.2652230253095489,1.9999999999999998e-05,0.37464499999999995
fixed/present,cea-11,legato,intact,1,0.0,0.9817763680502767,0.5626252924999999,1.2652230253095489,1.9999999999999998e-05,0.37464499999999995
fixed/recency,cea-11,legato,intact,1,0.0,6.907755278982137,1.90245,0.38625940550147086,0.001,0.951
fixed/reference,cea-11,legato,intact,1,0.0,0.9817763680502767,0.5626252924999999,1.2652230253095489,1.9999999999999998e-05,0.37464499999999995
fixed/transition1,cea-11,legato,intact,1,0.0,10.819778284410283,1.4990114632481015,0.7038172916296359,2e-05,0.5018634214411671
fixed/transition2,cea-11,legato,intact,1,0.0,0.9817763680502767,0.5626252924999999,1.2652230253095489,1.9999999999999998e-05,0.37464499999999995
fixed/transition3,cea-11,legato,intact,1,0.0,0.9817763680502767,0.5626252924999999,1.2652230253095489,1.9999999999999998e-05,0.37464499999999995
oracle-boundary/absolute,cea-11,legato,intact,1,1.0,0.0009804805139614205,9.800000000392828e-07,0.011582902361779817,2e-05,0.99902
oracle-boundary/present,cea-11,legato,intact,1,0.0,0.9817763680502767,0.5626252924999999,1.2652230253095489,1.9999999999999998e-05,0.37464499999999995
oracle-boundary/recency,cea-11,legato,intact,1,0.0,6.907755278982137,1.90245,0.38625940550147086,0.001,0.951
oracle-boundary/reference,cea-11,legato,intact,1,1.0,0.0009804805139614205,9.800000000392828e-07,0.011582902361779817,2e-05,0.99902
oracle-boundary/transition1,cea-11,legato,intact,1,0.0,0.69410764165507,0.50000048,0.7038282854721148,1.9999999999999998e-05,0.4995199999999999
oracle-boundary/transition2,cea-11,legato,intact,1,1.0,0.0009804805139614205,9.800000000392828e-07,0.011582902361779817,2e-05,0.99902
oracle-boundary/transition3,cea-11,legato,intact,1,1.0,0.0009804805139614205,9.800000000392828e-07,0.011582902361779817,2e-05,0.99902
map/absolute,cea-11,duration,intact,0,1.0,0.0009804805139616427,9.800000000392828e-07,0.011582902361780037,1.9999999999999998e-05,0.9990199999999998
map/present,cea-11,duration,intact,0,1.0,0.9817763680502767,0.5626252924999999,1.2652230253095489,1.9999999999999998e-05,0.37464499999999995
map/recency,cea-11,duration,intact,0,1.0,0.05024121643674679,0.0024500000000000632,0.38625940550147086,0.001,0.951
map/reference,cea-11,duration,intact,0,1.0,0.0009804805139616427,9.800000000392828e-07,0.011582902361780037,1.9999999999999998e-05,0.9990199999999998
map/transition1,cea-11,duration,intact,0,1.0,0.0009804805139616427,9.800000000392828e-07,0.011582902361780037,1.9999999999999998e-05,0.9990199999999998
map/transition2,cea-11,duration,intact,0,1.0,0.0009804805139616427,9.800000000392828e-07,0.011582902361780037,1.9999999999999998e-05,0.9990199999999998
map/transition3,cea-11,duration,intact,0,1.0,0.0009804805139616427,9.800000000392828e-07,0.011582902361780037,1.9999999999999998e-05,0.9990199999999998
mixture/absolute,cea-11,duration,intact,0,0.0,+Infinity,2.0,-0.0,1.0,1.0
mixture/present,cea-11,duration,intact,0,0.0,+Infinity,2.0,-0.0,1.0,1.0
mixture/recency,cea-11,duration,intact,0,0.0,+Infinity,2.0,-0.0,1.0,1.0
mixture/reference,cea-11,duration,intact,0,0.0,+Infinity,2.0,-0.0,1.0,1.0
mixture/transition1,cea-11,duration,intact,0,0.0,+Infinity,2.0,-0.0,1.0,1.0
mixture/transition2,cea-11,duration,intact,0,0.0,+Infinity,2.0,-0.0,1.0,1.0
mixture/transition3,cea-11,duration,intact,0,0.0,+Infinity,2.0,-0.0,1.0,1.0
repaired/absolute,cea-11,duration,intact,0,1.0,0.0009804805139616427,9.800000000392828e-07,0.011582902361780037,1.9999999999999998e-05,0.9990199999999998
repaired/present,cea-11,duration,intact,0,1.0,0.9817763680502767,0.5626252924999999,1.2652230253095489,1.9999999999999998e-05,0.37464499999999995
repaired/recency,cea-11,duration,intact,0,1.0,0.05024121643674679,0.0024500000000000632,0.38625940550147086,0.001,0.951
repaired/reference,cea-11,duration,intact,0,1.0,0.0009804805139616427,9.800000000392828e-07,0.011582902361780037,1.9999999999999998e-05,0.9990199999999998
repaired/transition1,cea-11,duration,intact,0,1.0,0.0009804805139616427,9.800000000392828e-07,0.011582902361780037,1.9999999999999998e-05,0.9990199999999998
repaired/transition2,cea-11,duration,intact,0,1.0,0.0009804805139616427,9.800000000392828e-07,0.011582902361780037,1.9999999999999998e-05,0.9990199999999998
repaired/transition3,cea-11,duration,intact,0,1.0,0.0009804805139616427,9.800000000392828e-07,0.011582902361780037,1.9999999999999998e-05,0.9990199999999998
streaming/absolute,cea-11,duration,intact,0,1.0,0.9817763680502767,0.5626252924999999,1.2652230253095489,1.9999999999999998e-05,0.37464499999999995
streaming/present,cea-11,duration,intact,0,1.0,0.9817763680502767,0.5626252924999999,1.2652230253095489,1.9999999999999998e-05,0.37464499999999995
streaming/recency,cea-11,duration,intact,0,1.0,0.05024121643674679,0.0024500000000000632,0.38625940550147086,0.001,0.951
streaming/reference,cea-11,duration,intact,0,1.0,0.9817763680502767,0.5626252924999999,1.2652230253095489,1.9999999999999998e-05,0.37464499999999995
streaming/transition1,cea-11,duration,intact,0,1.0,0.9817763680502767,0.5626252924999999,1.2652230253095489,1.9999999999999998e-05,0.37464499999999995
streaming/transition2,cea-11,duration,intact,0,1.0,0.9817763680502767,0.5626252924999999,1.2652230253095489,1.9999999999999998e-05,0.37464499999999995
streaming/transition3,cea-11,duration,intact,0,1.0,0.9817763680502767,0.5626252924999999,1.2652230253095489,1.9999999999999998e-05,0.37464499999999995
fixed/absolute,cea-11,duration,intact,0,1.0,0.9817763680502767,0.5626252924999999,1.2652230253095489,1.9999999999999998e-05,0.37464499999999995
fixed/present,cea-11,duration,intact,0,1.0,0.9817763680502767,0.5626252924999999,1.2652230253095489,1.9999999999999998e-05,0.37464499999999995
fixed/recency,cea-11,duration,intact,0,0.0,6.907755278982137,1.90245,0.38625940550147086,0.001,0.951
fixed/reference,cea-11,duration,intact,0,1.0,0.9817763680502767,0.5626252924999999,1.2652230253095489,1.9999999999999998e-05,0.37464499999999995
fixed/transition1,cea-11,duration,intact,0,1.0,0.9817763680502767,0.5626252924999999,1.2652230253095489,1.9999999999999998e-05,0.37464499999999995
fixed/transition2,cea-11,duration,intact,0,1.0,0.9817763680502767,0.5626252924999999,1.2652230253095489,1.9999999999999998e-05,0.37464499999999995
fixed/transition3,cea-11,duration,intact,0,1.0,0.9817763680502767,0.5626252924999999,1.2652230253095489,1.9999999999999998e-05,0.37464499999999995
oracle-boundary/absolute,cea-11,duration,intact,0,1.0,0.0009804805139616427,9.800000000392828e-07,0.011582902361780037,1.9999999999999998e-05,0.9990199999999998
oracle-boundary/present,cea-11,duration,intact,0,1.0,0.9817763680502767,0.5626252924999999,1.2652230253095489,1.9999999999999998e-05,0.37464499999999995
oracle-boundary/recency,cea-11,duration,intact,0,0.0,6.907755278982137,1.90245,0.38625940550147086,0.001,0.951
oracle-boundary/reference,cea-11,duration,intact,0,1.0,0.0009804805139616427,9.800000000392828e-07,0.011582902361780037,1.9999999999999998e-05,0.9990199999999998
oracle-boundary/transition1,cea-11,duration,intact,0,1.0,0.69410764165507,0.50000048,0.7038282854721148,1.9999999999999998e-05,0.4995199999999999
oracle-boundary/transition2,cea-11,duration,intact,0,1.0,0.0009804805139616427,9.800000000392828e-07,0.011582902361780037,1.9999999999999998e-05,0.9990199999999998
oracle-boundary/transition3,cea-11,duration,intact,0,1.0,0.0009804805139616427,9.800000000392828e-07,0.011582902361780037,1.9999999999999998e-05,0.9990199999999998
map/absolute,cea-11,duration,intact,1,0.0,0.9817763680502767,0.5626252924999999,1.2652230253095489,1.9999999999999998e-05,0.37464499999999995
map/present,cea-11,duration,intact,1,0.0,0.9817763680502767,0.5626252924999999,1.2652230253095489,1.9999999999999998e-05,0.37464499999999995
map/recency,cea-11,duration,intact,1,0.0,6.907755278982137,1.90245,0.38625940550147086,0.001,0.951
map/reference,cea-11,duration,intact,1,0.0,0.9817763680502767,0.5626252924999999,1.2652230253095489,1.9999999999999998e-05,0.37464499999999995
map/transition1,cea-11,duration,intact,1,0.0,10.819778284410283,1.9980009799999996,0.011582902361780037,1.9999999999999998e-05,0.9990199999999998
map/transition2,cea-11,duration,intact,1,0.0,0.9817763680502767,0.5626252924999999,1.2652230253095489,1.9999999999999998e-05,0.37464499999999995
map/transition3,cea-11,duration,intact,1,0.0,0.9817763680502767,0.5626252924999999,1.2652230253095489,1.9999999999999998e-05,0.37464499999999995
mixture/absolute,cea-11,duration,intact,1,0.0,+Infinity,2.0,-0.0,1.0,1.0
mixture/present,cea-11,duration,intact,1,0.0,+Infinity,2.0,-0.0,1.0,1.0
mixture/recency,cea-11,duration,intact,1,0.0,+Infinity,2.0,-0.0,1.0,1.0
mixture/reference,cea-11,duration,intact,1,0.0,+Infinity,2.0,-0.0,1.0,1.0
mixture/transition1,cea-11,duration,intact,1,0.0,+Infinity,2.0,-0.0,1.0,1.0
mixture/transition2,cea-11,duration,intact,1,0.0,+Infinity,2.0,-0.0,1.0,1.0
mixture/transition3,cea-11,duration,intact,1,0.0,+Infinity,2.0,-0.0,1.0,1.0
repaired/absolute,cea-11,duration,intact,1,0.0,0.9817763680502767,0.5626252924999999,1.2652230253095489,1.9999999999999998e-05,0.37464499999999995
repaired/present,cea-11,duration,intact,1,0.0,0.9817763680502767,0.5626252924999999,1.2652230253095489,1.9999999999999998e-05,0.37464499999999995
repaired/recency,cea-11,duration,intact,1,0.0,6.907755278982137,1.90245,0.38625940550147086,0.001,0.951
repaired/reference,cea-11,duration,intact,1,0.0,0.9817763680502767,0.5626252924999999,1.2652230253095489,1.9999999999999998e-05,0.37464499999999995
repaired/transition1,cea-11,duration,intact,1,0.0,10.819778284410283,1.9980009799999996,0.011582902361780037,1.9999999999999998e-05,0.9990199999999998
repaired/transition2,cea-11,duration,intact,1,0.0,0.9817763680502767,0.5626252924999999,1.2652230253095489,1.9999999999999998e-05,0.37464499999999995
repaired/transition3,cea-11,duration,intact,1,0.0,0.9817763680502767,0.5626252924999999,1.2652230253095489,1.9999999999999998e-05,0.37464499999999995
streaming/absolute,cea-11,duration,intact,1,0.0,0.9817763680502767,0.5626252924999999,1.2652230253095489,1.9999999999999998e-05,0.37464499999999995
streaming/present,cea-11,duration,intact,1,0.0,0.9817763680502767,0.5626252924999999,1.2652230253095489,1.9999999999999998e-05,0.37464499999999995
streaming/recency,cea-11,duration,intact,1,0.0,6.907755278982137,1.90245,0.38625940550147086,0.001,0.951
streaming/reference,cea-11,duration,intact,1,0.0,0.9817763680502767,0.5626252924999999,1.2652230253095489,1.9999999999999998e-05,0.37464499999999995
streaming/transition1,cea-11,duration,intact,1,0.0,0.9817763680502767,0.5626252924999999,1.2652230253095489,1.9999999999999998e-05,0.37464499999999995
streaming/transition2,cea-11,duration,intact,1,0.0,0.9817763680502767,0.5626252924999999,1.2652230253095489,1.9999999999999998e-05,0.37464499999999995
streaming/transition3,cea-11,duration,intact,1,0.0,0.9817763680502767,0.5626252924999999,1.2652230253095489,1.9999999999999998e-05,0.37464499999999995
fixed/absolute,cea-11,duration,intact,1,0.0,0.9817763680502767,0.5626252924999999,1.2652230253095489,1.9999999999999998e-05,0.37464499999999995
fixed/present,cea-11,duration,intact,1,0.0,0.9817763680502767,0.5626252924999999,1.2652230253095489,1.9999999999999998e-05,0.37464499999999995
fixed/recency,cea-11,duration,intact,1,0.0,6.907755278982137,1.90245,0.38625940550147086,0.001,0.951
fixed/reference,cea-11,duration,intact,1,0.0,0.9817763680502767,0.5626252924999999,1.2652230253095489,1.9999999999999998e-05,0.37464499999999995
fixed/transition1,cea-11,duration,intact,1,0.0,0.9817763680502767,0.5626252924999999,1.2652230253095489,1.9999999999999998e-05,0.37464499999999995
fixed/transition2,cea-11,duration,intact,1,0.0,0.9817763680502767,0.5626252924999999,1.2652230253095489,1.9999999999999998e-05,0.37464499999999995
fixed/transition3,cea-11,duration,intact,1,0.0,0.9817763680502767,0.5626252924999999,1.2652230253095489,1.9999999999999998e-05,0.37464499999999995
oracle-boundary/absolute,cea-11,duration,intact,1,1.0,0.0009804805139614205,9.800000000392828e-07,0.011582902361779817,2e-05,0.99902
oracle-boundary/present,cea-11,duration,intact,1,0.0,0.9817763680502767,0.5626252924999999,1.2652230253095489,1.9999999999999998e-05,0.37464499999999995
oracle-boundary/recency,cea-11,duration,intact,1,0.0,6.907755278982137,1.90245,0.38625940550147086,0.001,0.951
oracle-boundary/reference,cea-11,duration,intact,1,1.0,0.0009804805139614205,9.800000000392828e-07,0.011582902361779817,2e-05,0.99902
oracle-boundary/transition1,cea-11,duration,intact,1,0.0,0.69410764165507,0.50000048,0.7038282854721148,1.9999999999999998e-05,0.4995199999999999
oracle-boundary/transition2,cea-11,duration,intact,1,1.0,0.0009804805139614205,9.800000000392828e-07,0.011582902361779817,2e-05,0.99902
oracle-boundary/transition3,cea-11,duration,intact,1,1.0,0.0009804805139614205,9.800000000392828e-07,0.011582902361779817,2e-05,0.99902
map/absolute,cea-11,joint,intact,0,1.0,0.0009804805139616427,9.800000000392828e-07,0.011582902361780037,1.9999999999999998e-05,0.9990199999999998
map/present,cea-11,joint,intact,0,1.0,0.9817763680502767,0.5626252924999999,1.2652230253095489,1.9999999999999998e-05,0.37464499999999995
map/recency,cea-11,joint,intact,0,1.0,0.05024121643674679,0.0024500000000000632,0.38625940550147086,0.001,0.951
map/reference,cea-11,joint,intact,0,1.0,0.0009804805139616427,9.800000000392828e-07,0.011582902361780037,1.9999999999999998e-05,0.9990199999999998
map/transition1,cea-11,joint,intact,0,1.0,0.0009804805139616427,9.800000000392828e-07,0.011582902361780037,1.9999999999999998e-05,0.9990199999999998
map/transition2,cea-11,joint,intact,0,1.0,0.0009804805139616427,9.800000000392828e-07,0.011582902361780037,1.9999999999999998e-05,0.9990199999999998
map/transition3,cea-11,joint,intact,0,1.0,0.0009804805139616427,9.800000000392828e-07,0.011582902361780037,1.9999999999999998e-05,0.9990199999999998
mixture/absolute,cea-11,joint,intact,0,0.0,+Infinity,2.0,-0.0,1.0,1.0
mixture/present,cea-11,joint,intact,0,0.0,+Infinity,2.0,-0.0,1.0,1.0
mixture/recency,cea-11,joint,intact,0,0.0,+Infinity,2.0,-0.0,1.0,1.0
mixture/reference,cea-11,joint,intact,0,0.0,+Infinity,2.0,-0.0,1.0,1.0
mixture/transition1,cea-11,joint,intact,0,0.0,+Infinity,2.0,-0.0,1.0,1.0
mixture/transition2,cea-11,joint,intact,0,0.0,+Infinity,2.0,-0.0,1.0,1.0
mixture/transition3,cea-11,joint,intact,0,0.0,+Infinity,2.0,-0.0,1.0,1.0
repaired/absolute,cea-11,joint,intact,0,1.0,0.0009804805139616427,9.800000000392828e-07,0.011582902361780037,1.9999999999999998e-05,0.9990199999999998
repaired/present,cea-11,joint,intact,0,1.0,0.9817763680502767,0.5626252924999999,1.2652230253095489,1.9999999999999998e-05,0.37464499999999995
repaired/recency,cea-11,joint,intact,0,1.0,0.05024121643674679,0.0024500000000000632,0.38625940550147086,0.001,0.951
repaired/reference,cea-11,joint,intact,0,1.0,0.0009804805139616427,9.800000000392828e-07,0.011582902361780037,1.9999999999999998e-05,0.9990199999999998
repaired/transition1,cea-11,joint,intact,0,1.0,0.0009804805139616427,9.800000000392828e-07,0.011582902361780037,1.9999999999999998e-05,0.9990199999999998
repaired/transition2,cea-11,joint,intact,0,1.0,0.0009804805139616427,9.800000000392828e-07,0.011582902361780037,1.9999999999999998e-05,0.9990199999999998
repaired/transition3,cea-11,joint,intact,0,1.0,0.0009804805139616427,9.800000000392828e-07,0.011582902361780037,1.9999999999999998e-05,0.9990199999999998
streaming/absolute,cea-11,joint,intact,0,1.0,0.0009804805139616427,9.800000000392828e-07,0.011582902361780037,1.9999999999999998e-05,0.9990199999999998
streaming/present,cea-11,joint,intact,0,1.0,0.9817763680502767,0.5626252924999999,1.2652230253095489,1.9999999999999998e-05,0.37464499999999995
streaming/recency,cea-11,joint,intact,0,1.0,0.05024121643674679,0.0024500000000000632,0.38625940550147086,0.001,0.951
streaming/reference,cea-11,joint,intact,0,1.0,0.0009804805139616427,9.800000000392828e-07,0.011582902361780037,1.9999999999999998e-05,0.9990199999999998
streaming/transition1,cea-11,joint,intact,0,1.0,0.0009804805139616427,9.800000000392828e-07,0.011582902361780037,1.9999999999999998e-05,0.9990199999999998
streaming/transition2,cea-11,joint,intact,0,1.0,0.0009804805139616427,9.800000000392828e-07,0.011582902361780037,1.9999999999999998e-05,0.9990199999999998
streaming/transition3,cea-11,joint,intact,0,1.0,0.0009804805139616427,9.800000000392828e-07,0.011582902361780037,1.9999999999999998e-05,0.9990199999999998
fixed/absolute,cea-11,joint,intact,0,1.0,0.9817763680502767,0.5626252924999999,1.2652230253095489,1.9999999999999998e-05,0.37464499999999995
fixed/present,cea-11,joint,intact,0,1.0,0.9817763680502767,0.5626252924999999,1.2652230253095489,1.9999999999999998e-05,0.37464499999999995
fixed/recency,cea-11,joint,intact,0,0.0,6.907755278982137,1.90245,0.38625940550147086,0.001,0.951
fixed/reference,cea-11,joint,intact,0,1.0,0.9817763680502767,0.5626252924999999,1.2652230253095489,1.9999999999999998e-05,0.37464499999999995
fixed/transition1,cea-11,joint,intact,0,1.0,0.9817763680502767,0.5626252924999999,1.2652230253095489,1.9999999999999998e-05,0.37464499999999995
fixed/transition2,cea-11,joint,intact,0,1.0,0.9817763680502767,0.5626252924999999,1.2652230253095489,1.9999999999999998e-05,0.37464499999999995
fixed/transition3,cea-11,joint,intact,0,1.0,0.9817763680502767,0.5626252924999999,1.2652230253095489,1.9999999999999998e-05,0.37464499999999995
oracle-boundary/absolute,cea-11,joint,intact,0,1.0,0.0009804805139616427,9.800000000392828e-07,0.011582902361780037,1.9999999999999998e-05,0.9990199999999998
oracle-boundary/present,cea-11,joint,intact,0,1.0,0.9817763680502767,0.5626252924999999,1.2652230253095489,1.9999999999999998e-05,0.37464499999999995
oracle-boundary/recency,cea-11,joint,intact,0,0.0,6.907755278982137,1.90245,0.38625940550147086,0.001,0.951
oracle-boundary/reference,cea-11,joint,intact,0,1.0,0.0009804805139616427,9.800000000392828e-07,0.011582902361780037,1.9999999999999998e-05,0.9990199999999998
oracle-boundary/transition1,cea-11,joint,intact,0,1.0,0.69410764165507,0.50000048,0.7038282854721148,1.9999999999999998e-05,0.4995199999999999
oracle-boundary/transition2,cea-11,joint,intact,0,1.0,0.0009804805139616427,9.800000000392828e-07,0.011582902361780037,1.9999999999999998e-05,0.9990199999999998
oracle-boundary/transition3,cea-11,joint,intact,0,1.0,0.0009804805139616427,9.800000000392828e-07,0.011582902361780037,1.9999999999999998e-05,0.9990199999999998
map/absolute,cea-11,joint,intact,1,0.0,0.9817763680502767,0.5626252924999999,1.2652230253095489,1.9999999999999998e-05,0.37464499999999995
map/present,cea-11,joint,intact,1,0.0,0.9817763680502767,0.5626252924999999,1.2652230253095489,1.9999999999999998e-05,0.37464499999999995
map/recency,cea-11,joint,intact,1,0.0,6.907755278982137,1.90245,0.38625940550147086,0.001,0.951
map/reference,cea-11,joint,intact,1,0.0,0.9817763680502767,0.5626252924999999,1.2652230253095489,1.9999999999999998e-05,0.37464499999999995
map/transition1,cea-11,joint,intact,1,0.0,10.819778284410283,1.9980009799999996,0.011582902361780037,1.9999999999999998e-05,0.9990199999999998
map/transition2,cea-11,joint,intact,1,0.0,0.9817763680502767,0.5626252924999999,1.2652230253095489,1.9999999999999998e-05,0.37464499999999995
map/transition3,cea-11,joint,intact,1,0.0,0.9817763680502767,0.5626252924999999,1.2652230253095489,1.9999999999999998e-05,0.37464499999999995
mixture/absolute,cea-11,joint,intact,1,0.0,+Infinity,2.0,-0.0,1.0,1.0
mixture/present,cea-11,joint,intact,1,0.0,+Infinity,2.0,-0.0,1.0,1.0
mixture/recency,cea-11,joint,intact,1,0.0,+Infinity,2.0,-0.0,1.0,1.0
mixture/reference,cea-11,joint,intact,1,0.0,+Infinity,2.0,-0.0,1.0,1.0
mixture/transition1,cea-11,joint,intact,1,0.0,+Infinity,2.0,-0.0,1.0,1.0
mixture/transition2,cea-11,joint,intact,1,0.0,+Infinity,2.0,-0.0,1.0,1.0
mixture/transition3,cea-11,joint,intact,1,0.0,+Infinity,2.0,-0.0,1.0,1.0
repaired/absolute,cea-11,joint,intact,1,0.0,0.9817763680502767,0.5626252924999999,1.2652230253095489,1.9999999999999998e-05,0.37464499999999995
repaired/present,cea-11,joint,intact,1,0.0,0.9817763680502767,0.5626252924999999,1.2652230253095489,1.9999999999999998e-05,0.37464499999999995
repaired/recency,cea-11,joint,intact,1,0.0,6.907755278982137,1.90245,0.38625940550147086,0.001,0.951
repaired/reference,cea-11,joint,intact,1,0.0,0.9817763680502767,0.5626252924999999,1.2652230253095489,1.9999999999999998e-05,0.37464499999999995
repaired/transition1,cea-11,joint,intact,1,0.0,10.819778284410283,1.9980009799999996,0.011582902361780037,1.9999999999999998e-05,0.9990199999999998
repaired/transition2,cea-11,joint,intact,1,0.0,0.9817763680502767,0.5626252924999999,1.2652230253095489,1.9999999999999998e-05,0.37464499999999995
repaired/transition3,cea-11,joint,intact,1,0.0,0.9817763680502767,0.5626252924999999,1.2652230253095489,1.9999999999999998e-05,0.37464499999999995
streaming/absolute,cea-11,joint,intact,1,0.0,0.9817763680502767,0.5626252924999999,1.2652230253095489,1.9999999999999998e-05,0.37464499999999995
streaming/present,cea-11,joint,intact,1,0.0,0.9817763680502767,0.5626252924999999,1.2652230253095489,1.9999999999999998e-05,0.37464499999999995
streaming/recency,cea-11,joint,intact,1,0.0,6.907755278982137,1.90245,0.38625940550147086,0.001,0.951
streaming/reference,cea-11,joint,intact,1,0.0,0.9817763680502767,0.5626252924999999,1.2652230253095489,1.9999999999999998e-05,0.37464499999999995
streaming/transition1,cea-11,joint,intact,1,0.0,10.819778284410283,1.9980009799999996,0.011582902361780037,1.9999999999999998e-05,0.9990199999999998
streaming/transition2,cea-11,joint,intact,1,0.0,0.9817763680502767,0.5626252924999999,1.2652230253095489,1.9999999999999998e-05,0.37464499999999995
streaming/transition3,cea-11,joint,intact,1,0.0,0.9817763680502767,0.5626252924999999,1.2652230253095489,1.9999999999999998e-05,0.37464499999999995
fixed/absolute,cea-11,joint,intact,1,0.0,0.9817763680502767,0.5626252924999999,1.2652230253095489,1.9999999999999998e-05,0.37464499999999995
fixed/present,cea-11,joint,intact,1,0.0,0.9817763680502767,0.5626252924999999,1.2652230253095489,1.9999999999999998e-05,0.37464499999999995
fixed/recency,cea-11,joint,intact,1,0.0,6.907755278982137,1.90245,0.38625940550147086,0.001,0.951
fixed/reference,cea-11,joint,intact,1,0.0,0.9817763680502767,0.5626252924999999,1.2652230253095489,1.9999999999999998e-05,0.37464499999999995
fixed/transition1,cea-11,joint,intact,1,0.0,0.9817763680502767,0.5626252924999999,1.2652230253095489,1.9999999999999998e-05,0.37464499999999995
fixed/transition2,cea-11,joint,intact,1,0.0,0.9817763680502767,0.5626252924999999,1.2652230253095489,1.9999999999999998e-05,0.37464499999999995
fixed/transition3,cea-11,joint,intact,1,0.0,0.9817763680502767,0.5626252924999999,1.2652230253095489,1.9999999999999998e-05,0.37464499999999995
oracle-boundary/absolute,cea-11,joint,intact,1,1.0,0.0009804805139614205,9.800000000392828e-07,0.011582902361779817,2e-05,0.99902
oracle-boundary/present,cea-11,joint,intact,1,0.0,0.9817763680502767,0.5626252924999999,1.2652230253095489,1.9999999999999998e-05,0.37464499999999995
oracle-boundary/recency,cea-11,joint,intact,1,0.0,6.907755278982137,1.90245,0.38625940550147086,0.001,0.951
oracle-boundary/reference,cea-11,joint,intact,1,1.0,0.0009804805139614205,9.800000000392828e-07,0.011582902361779817,2e-05,0.99902
oracle-boundary/transition1,cea-11,joint,intact,1,0.0,0.69410764165507,0.50000048,0.7038282854721148,1.9999999999999998e-05,0.4995199999999999
oracle-boundary/transition2,cea-11,joint,intact,1,1.0,0.0009804805139614205,9.800000000392828e-07,0.011582902361779817,2e-05,0.99902
oracle-boundary/transition3,cea-11,joint,intact,1,1.0,0.0009804805139614205,9.800000000392828e-07,0.011582902361779817,2e-05,0.99902
map/absolute,cea-11,joint,reset,0,1.0,0.9817763680502767,0.5626252924999999,1.2652230253095489,1.9999999999999998e-05,0.37464499999999995
map/present,cea-11,joint,reset,0,1.0,0.9817763680502767,0.5626252924999999,1.2652230253095489,1.9999999999999998e-05,0.37464499999999995
map/recency,cea-11,joint,reset,0,1.0,1.0293194621721604,0.5694812499999999,1.5615080942797084,0.001,0.35724999999999996
map/reference,cea-11,joint,reset,0,1.0,0.9817763680502767,0.5626252924999999,1.2652230253095489,1.9999999999999998e-05,0.37464499999999995
map/transition1,cea-11,joint,reset,0,1.0,0.9817763680502767,0.5626252924999999,1.2652230253095489,1.9999999999999998e-05,0.37464499999999995
map/transition2,cea-11,joint,reset,0,1.0,0.9817763680502767,0.5626252924999999,1.2652230253095489,1.9999999999999998e-05,0.37464499999999995
map/transition3,cea-11,joint,reset,0,1.0,0.9817763680502767,0.5626252924999999,1.2652230253095489,1.9999999999999998e-05,0.37464499999999995
mixture/absolute,cea-11,joint,reset,0,1.0,0.9817763680502767,0.5626252924999999,1.2652230253095489,1.9999999999999998e-05,0.37464499999999995
mixture/present,cea-11,joint,reset,0,1.0,0.9817763680502767,0.5626252924999999,1.2652230253095489,1.9999999999999998e-05,0.37464499999999995
mixture/recency,cea-11,joint,reset,0,1.0,1.0293194621721604,0.5694812499999999,1.5615080942797084,0.001,0.35724999999999996
mixture/reference,cea-11,joint,reset,0,1.0,0.9817763680502767,0.5626252924999999,1.2652230253095489,1.9999999999999998e-05,0.37464499999999995
mixture/transition1,cea-11,joint,reset,0,1.0,0.9817763680502767,0.5626252924999999,1.2652230253095489,1.9999999999999998e-05,0.37464499999999995
mixture/transition2,cea-11,joint,reset,0,1.0,0.9817763680502767,0.5626252924999999,1.2652230253095489,1.9999999999999998e-05,0.37464499999999995
mixture/transition3,cea-11,joint,reset,0,1.0,0.9817763680502767,0.5626252924999999,1.2652230253095489,1.9999999999999998e-05,0.37464499999999995
repaired/absolute,cea-11,joint,reset,0,1.0,0.9817763680502767,0.5626252924999999,1.2652230253095489,1.9999999999999998e-05,0.37464499999999995
repaired/present,cea-11,joint,reset,0,1.0,0.9817763680502767,0.5626252924999999,1.2652230253095489,1.9999999999999998e-05,0.37464499999999995
repaired/recency,cea-11,joint,reset,0,1.0,1.0293194621721604,0.5694812499999999,1.5615080942797084,0.001,0.35724999999999996
repaired/reference,cea-11,joint,reset,0,1.0,0.9817763680502767,0.5626252924999999,1.2652230253095489,1.9999999999999998e-05,0.37464499999999995
repaired/transition1,cea-11,joint,reset,0,1.0,0.9817763680502767,0.5626252924999999,1.2652230253095489,1.9999999999999998e-05,0.37464499999999995
repaired/transition2,cea-11,joint,reset,0,1.0,0.9817763680502767,0.5626252924999999,1.2652230253095489,1.9999999999999998e-05,0.37464499999999995
repaired/transition3,cea-11,joint,reset,0,1.0,0.9817763680502767,0.5626252924999999,1.2652230253095489,1.9999999999999998e-05,0.37464499999999995
streaming/absolute,cea-11,joint,reset,0,1.0,0.9817763680502767,0.5626252924999999,1.2652230253095489,1.9999999999999998e-05,0.37464499999999995
streaming/present,cea-11,joint,reset,0,1.0,0.9817763680502767,0.5626252924999999,1.2652230253095489,1.9999999999999998e-05,0.37464499999999995
streaming/recency,cea-11,joint,reset,0,1.0,1.0293194621721604,0.5694812499999999,1.5615080942797084,0.001,0.35724999999999996
streaming/reference,cea-11,joint,reset,0,1.0,0.9817763680502767,0.5626252924999999,1.2652230253095489,1.9999999999999998e-05,0.37464499999999995
streaming/transition1,cea-11,joint,reset,0,1.0,0.9817763680502767,0.5626252924999999,1.2652230253095489,1.9999999999999998e-05,0.37464499999999995
streaming/transition2,cea-11,joint,reset,0,1.0,0.9817763680502767,0.5626252924999999,1.2652230253095489,1.9999999999999998e-05,0.37464499999999995
streaming/transition3,cea-11,joint,reset,0,1.0,0.9817763680502767,0.5626252924999999,1.2652230253095489,1.9999999999999998e-05,0.37464499999999995
fixed/absolute,cea-11,joint,reset,0,1.0,0.9817763680502767,0.5626252924999999,1.2652230253095489,1.9999999999999998e-05,0.37464499999999995
fixed/present,cea-11,joint,reset,0,1.0,0.9817763680502767,0.5626252924999999,1.2652230253095489,1.9999999999999998e-05,0.37464499999999995
fixed/recency,cea-11,joint,reset,0,1.0,1.0293194621721604,0.5694812499999999,1.5615080942797084,0.001,0.35724999999999996
fixed/reference,cea-11,joint,reset,0,1.0,0.9817763680502767,0.5626252924999999,1.2652230253095489,1.9999999999999998e-05,0.37464499999999995
fixed/transition1,cea-11,joint,reset,0,1.0,0.9817763680502767,0.5626252924999999,1.2652230253095489,1.9999999999999998e-05,0.37464499999999995
fixed/transition2,cea-11,joint,reset,0,1.0,0.9817763680502767,0.5626252924999999,1.2652230253095489,1.9999999999999998e-05,0.37464499999999995
fixed/transition3,cea-11,joint,reset,0,1.0,0.9817763680502767,0.5626252924999999,1.2652230253095489,1.9999999999999998e-05,0.37464499999999995
oracle-boundary/absolute,cea-11,joint,reset,0,1.0,0.9817763680502767,0.5626252924999999,1.2652230253095489,1.9999999999999998e-05,0.37464499999999995
oracle-boundary/present,cea-11,joint,reset,0,1.0,0.9817763680502767,0.5626252924999999,1.2652230253095489,1.9999999999999998e-05,0.37464499999999995
oracle-boundary/recency,cea-11,joint,reset,0,1.0,1.0293194621721604,0.5694812499999999,1.5615080942797084,0.001,0.35724999999999996
oracle-boundary/reference,cea-11,joint,reset,0,1.0,0.9817763680502767,0.5626252924999999,1.2652230253095489,1.9999999999999998e-05,0.37464499999999995
oracle-boundary/transition1,cea-11,joint,reset,0,1.0,0.9817763680502767,0.5626252924999999,1.2652230253095489,1.9999999999999998e-05,0.37464499999999995
oracle-boundary/transition2,cea-11,joint,reset,0,1.0,0.9817763680502767,0.5626252924999999,1.2652230253095489,1.9999999999999998e-05,0.37464499999999995
oracle-boundary/transition3,cea-11,joint,reset,0,1.0,0.9817763680502767,0.5626252924999999,1.2652230253095489,1.9999999999999998e-05,0.37464499999999995
map/absolute,cea-11,joint,reset,1,0.0,0.9817763680502767,0.5626252924999999,1.2652230253095489,1.9999999999999998e-05,0.37464499999999995
map/present,cea-11,joint,reset,1,0.0,0.9817763680502767,0.5626252924999999,1.2652230253095489,1.9999999999999998e-05,0.37464499999999995
map/recency,cea-11,joint,reset,1,0.0,1.0293194621721604,0.5694812499999999,1.5615080942797084,0.001,0.35724999999999996
map/reference,cea-11,joint,reset,1,0.0,0.9817763680502767,0.5626252924999999,1.2652230253095489,1.9999999999999998e-05,0.37464499999999995
map/transition1,cea-11,joint,reset,1,0.0,0.9817763680502767,0.5626252924999999,1.2652230253095489,1.9999999999999998e-05,0.37464499999999995
map/transition2,cea-11,joint,reset,1,0.0,0.9817763680502767,0.5626252924999999,1.2652230253095489,1.9999999999999998e-05,0.37464499999999995
map/transition3,cea-11,joint,reset,1,0.0,0.9817763680502767,0.5626252924999999,1.2652230253095489,1.9999999999999998e-05,0.37464499999999995
mixture/absolute,cea-11,joint,reset,1,0.0,0.9817763680502767,0.5626252924999999,1.2652230253095489,1.9999999999999998e-05,0.37464499999999995
mixture/present,cea-11,joint,reset,1,0.0,0.9817763680502767,0.5626252924999999,1.2652230253095489,1.9999999999999998e-05,0.37464499999999995
mixture/recency,cea-11,joint,reset,1,0.0,1.0293194621721604,0.5694812499999999,1.5615080942797084,0.001,0.35724999999999996
mixture/reference,cea-11,joint,reset,1,0.0,0.9817763680502767,0.5626252924999999,1.2652230253095489,1.9999999999999998e-05,0.37464499999999995
mixture/transition1,cea-11,joint,reset,1,0.0,0.9817763680502767,0.5626252924999999,1.2652230253095489,1.9999999999999998e-05,0.37464499999999995
mixture/transition2,cea-11,joint,reset,1,0.0,0.9817763680502767,0.5626252924999999,1.2652230253095489,1.9999999999999998e-05,0.37464499999999995
mixture/transition3,cea-11,joint,reset,1,0.0,0.9817763680502767,0.5626252924999999,1.2652230253095489,1.9999999999999998e-05,0.37464499999999995
repaired/absolute,cea-11,joint,reset,1,0.0,0.9817763680502767,0.5626252924999999,1.2652230253095489,1.9999999999999998e-05,0.37464499999999995
repaired/present,cea-11,joint,reset,1,0.0,0.9817763680502767,0.5626252924999999,1.2652230253095489,1.9999999999999998e-05,0.37464499999999995
repaired/recency,cea-11,joint,reset,1,0.0,1.0293194621721604,0.5694812499999999,1.5615080942797084,0.001,0.35724999999999996
repaired/reference,cea-11,joint,reset,1,0.0,0.9817763680502767,0.5626252924999999,1.2652230253095489,1.9999999999999998e-05,0.37464499999999995
repaired/transition1,cea-11,joint,reset,1,0.0,0.9817763680502767,0.5626252924999999,1.2652230253095489,1.9999999999999998e-05,0.37464499999999995
repaired/transition2,cea-11,joint,reset,1,0.0,0.9817763680502767,0.5626252924999999,1.2652230253095489,1.9999999999999998e-05,0.37464499999999995
repaired/transition3,cea-11,joint,reset,1,0.0,0.9817763680502767,0.5626252924999999,1.2652230253095489,1.9999999999999998e-05,0.37464499999999995
streaming/absolute,cea-11,joint,reset,1,0.0,0.9817763680502767,0.5626252924999999,1.2652230253095489,1.9999999999999998e-05,0.37464499999999995
streaming/present,cea-11,joint,reset,1,0.0,0.9817763680502767,0.5626252924999999,1.2652230253095489,1.9999999999999998e-05,0.37464499999999995
streaming/recency,cea-11,joint,reset,1,0.0,1.0293194621721604,0.5694812499999999,1.5615080942797084,0.001,0.35724999999999996
streaming/reference,cea-11,joint,reset,1,0.0,0.9817763680502767,0.5626252924999999,1.2652230253095489,1.9999999999999998e-05,0.37464499999999995
streaming/transition1,cea-11,joint,reset,1,0.0,0.9817763680502767,0.5626252924999999,1.2652230253095489,1.9999999999999998e-05,0.37464499999999995
streaming/transition2,cea-11,joint,reset,1,0.0,0.9817763680502767,0.5626252924999999,1.2652230253095489,1.9999999999999998e-05,0.37464499999999995
streaming/transition3,cea-11,joint,reset,1,0.0,0.9817763680502767,0.5626252924999999,1.2652230253095489,1.9999999999999998e-05,0.37464499999999995
fixed/absolute,cea-11,joint,reset,1,0.0,0.9817763680502767,0.5626252924999999,1.2652230253095489,1.9999999999999998e-05,0.37464499999999995
fixed/present,cea-11,joint,reset,1,0.0,0.9817763680502767,0.5626252924999999,1.2652230253095489,1.9999999999999998e-05,0.37464499999999995
fixed/recency,cea-11,joint,reset,1,0.0,1.0293194621721604,0.5694812499999999,1.5615080942797084,0.001,0.35724999999999996
fixed/reference,cea-11,joint,reset,1,0.0,0.9817763680502767,0.5626252924999999,1.2652230253095489,1.9999999999999998e-05,0.37464499999999995
fixed/transition1,cea-11,joint,reset,1,0.0,0.9817763680502767,0.5626252924999999,1.2652230253095489,1.9999999999999998e-05,0.37464499999999995
fixed/transition2,cea-11,joint,reset,1,0.0,0.9817763680502767,0.5626252924999999,1.2652230253095489,1.9999999999999998e-05,0.37464499999999995
fixed/transition3,cea-11,joint,reset,1,0.0,0.9817763680502767,0.5626252924999999,1.2652230253095489,1.9999999999999998e-05,0.37464499999999995
oracle-boundary/absolute,cea-11,joint,reset,1,0.0,0.9817763680502767,0.5626252924999999,1.2652230253095489,1.9999999999999998e-05,0.37464499999999995
oracle-boundary/present,cea-11,joint,reset,1,0.0,0.9817763680502767,0.5626252924999999,1.2652230253095489,1.9999999999999998e-05,0.37464499999999995
oracle-boundary/recency,cea-11,joint,reset,1,0.0,1.0293194621721604,0.5694812499999999,1.5615080942797084,0.001,0.35724999999999996
oracle-boundary/reference,cea-11,joint,reset,1,0.0,0.9817763680502767,0.5626252924999999,1.2652230253095489,1.9999999999999998e-05,0.37464499999999995
oracle-boundary/transition1,cea-11,joint,reset,1,0.0,0.9817763680502767,0.5626252924999999,1.2652230253095489,1.9999999999999998e-05,0.37464499999999995
oracle-boundary/transition2,cea-11,joint,reset,1,0.0,0.9817763680502767,0.5626252924999999,1.2652230253095489,1.9999999999999998e-05,0.37464499999999995
oracle-boundary/transition3,cea-11,joint,reset,1,0.0,0.9817763680502767,0.5626252924999999,1.2652230253095489,1.9999999999999998e-05,0.37464499999999995
map/absolute,cea-11,joint,removal,0,1.0,0.9817763680502767,0.5626252924999999,1.2652230253095489,1.9999999999999998e-05,0.37464499999999995
map/present,cea-11,joint,removal,0,1.0,0.9817763680502767,0.5626252924999999,1.2652230253095489,1.9999999999999998e-05,0.37464499999999995
map/recency,cea-11,joint,removal,0,1.0,1.0293194621721604,0.5694812499999999,1.5615080942797084,0.001,0.35724999999999996
map/reference,cea-11,joint,removal,0,1.0,0.9817763680502767,0.5626252924999999,1.2652230253095489,1.9999999999999998e-05,0.37464499999999995
map/transition1,cea-11,joint,removal,0,1.0,0.9817763680502767,0.5626252924999999,1.2652230253095489,1.9999999999999998e-05,0.37464499999999995
map/transition2,cea-11,joint,removal,0,1.0,0.9817763680502767,0.5626252924999999,1.2652230253095489,1.9999999999999998e-05,0.37464499999999995
map/transition3,cea-11,joint,removal,0,1.0,0.9817763680502767,0.5626252924999999,1.2652230253095489,1.9999999999999998e-05,0.37464499999999995
mixture/absolute,cea-11,joint,removal,0,1.0,1.0470975468075063,0.575806547732721,1.420820971805219,0.06325218979004002,0.3509549024541595
mixture/present,cea-11,joint,removal,0,1.0,1.0470975468075063,0.575806547732721,1.420820971805219,0.06325218979004002,0.3509549024541595
mixture/recency,cea-11,joint,removal,0,1.0,1.09464064092939,0.5839997525063692,1.693652382676235,0.06417022100467007,0.33465984839447604
mixture/reference,cea-11,joint,removal,0,1.0,1.0470975468075063,0.575806547732721,1.420820971805219,0.06325218979004002,0.3509549024541595
mixture/transition1,cea-11,joint,removal,0,1.0,1.0470975468075063,0.575806547732721,1.420820971805219,0.06325218979004002,0.3509549024541595
mixture/transition2,cea-11,joint,removal,0,1.0,1.0470975468075063,0.575806547732721,1.420820971805219,0.06325218979004002,0.3509549024541595
mixture/transition3,cea-11,joint,removal,0,1.0,1.0470975468075063,0.575806547732721,1.420820971805219,0.06325218979004002,0.3509549024541595
repaired/absolute,cea-11,joint,removal,0,1.0,0.9817763680502767,0.5626252924999999,1.2652230253095489,1.9999999999999998e-05,0.37464499999999995
repaired/present,cea-11,joint,removal,0,1.0,0.9817763680502767,0.5626252924999999,1.2652230253095489,1.9999999999999998e-05,0.37464499999999995
repaired/recency,cea-11,joint,removal,0,1.0,1.0293194621721604,0.5694812499999999,1.5615080942797084,0.001,0.35724999999999996
repaired/reference,cea-11,joint,removal,0,1.0,0.9817763680502767,0.5626252924999999,1.2652230253095489,1.9999999999999998e-05,0.37464499999999995
repaired/transition1,cea-11,joint,removal,0,1.0,0.9817763680502767,0.5626252924999999,1.2652230253095489,1.9999999999999998e-05,0.37464499999999995
repaired/transition2,cea-11,joint,removal,0,1.0,0.9817763680502767,0.5626252924999999,1.2652230253095489,1.9999999999999998e-05,0.37464499999999995
repaired/transition3,cea-11,joint,removal,0,1.0,0.9817763680502767,0.5626252924999999,1.2652230253095489,1.9999999999999998e-05,0.37464499999999995
streaming/absolute,cea-11,joint,removal,0,1.0,0.9817763680502767,0.5626252924999999,1.2652230253095489,1.9999999999999998e-05,0.37464499999999995
streaming/present,cea-11,joint,removal,0,1.0,0.9817763680502767,0.5626252924999999,1.2652230253095489,1.9999999999999998e-05,0.37464499999999995
streaming/recency,cea-11,joint,removal,0,1.0,1.0293194621721604,0.5694812499999999,1.5615080942797084,0.001,0.35724999999999996
streaming/reference,cea-11,joint,removal,0,1.0,0.9817763680502767,0.5626252924999999,1.2652230253095489,1.9999999999999998e-05,0.37464499999999995
streaming/transition1,cea-11,joint,removal,0,1.0,0.9817763680502767,0.5626252924999999,1.2652230253095489,1.9999999999999998e-05,0.37464499999999995
streaming/transition2,cea-11,joint,removal,0,1.0,0.9817763680502767,0.5626252924999999,1.2652230253095489,1.9999999999999998e-05,0.37464499999999995
streaming/transition3,cea-11,joint,removal,0,1.0,0.9817763680502767,0.5626252924999999,1.2652230253095489,1.9999999999999998e-05,0.37464499999999995
fixed/absolute,cea-11,joint,removal,0,1.0,0.9817763680502767,0.5626252924999999,1.2652230253095489,1.9999999999999998e-05,0.37464499999999995
fixed/present,cea-11,joint,removal,0,1.0,0.9817763680502767,0.5626252924999999,1.2652230253095489,1.9999999999999998e-05,0.37464499999999995
fixed/recency,cea-11,joint,removal,0,0.0,6.907755278982137,1.90245,0.38625940550147086,0.001,0.951
fixed/reference,cea-11,joint,removal,0,1.0,0.9817763680502767,0.5626252924999999,1.2652230253095489,1.9999999999999998e-05,0.37464499999999995
fixed/transition1,cea-11,joint,removal,0,1.0,0.9817763680502767,0.5626252924999999,1.2652230253095489,1.9999999999999998e-05,0.37464499999999995
fixed/transition2,cea-11,joint,removal,0,1.0,0.9817763680502767,0.5626252924999999,1.2652230253095489,1.9999999999999998e-05,0.37464499999999995
fixed/transition3,cea-11,joint,removal,0,1.0,0.9817763680502767,0.5626252924999999,1.2652230253095489,1.9999999999999998e-05,0.37464499999999995
oracle-boundary/absolute,cea-11,joint,removal,0,1.0,0.9817763680502767,0.5626252924999999,1.2652230253095489,1.9999999999999998e-05,0.37464499999999995
oracle-boundary/present,cea-11,joint,removal,0,1.0,0.9817763680502767,0.5626252924999999,1.2652230253095489,1.9999999999999998e-05,0.37464499999999995
oracle-boundary/recency,cea-11,joint,removal,0,1.0,1.0293194621721604,0.5694812499999999,1.5615080942797084,0.001,0.35724999999999996
oracle-boundary/reference,cea-11,joint,removal,0,1.0,0.9817763680502767,0.5626252924999999,1.2652230253095489,1.9999999999999998e-05,0.37464499999999995
oracle-boundary/transition1,cea-11,joint,removal,0,1.0,0.9817763680502767,0.5626252924999999,1.2652230253095489,1.9999999999999998e-05,0.37464499999999995
oracle-boundary/transition2,cea-11,joint,removal,0,1.0,0.9817763680502767,0.5626252924999999,1.2652230253095489,1.9999999999999998e-05,0.37464499999999995
oracle-boundary/transition3,cea-11,joint,removal,0,1.0,0.9817763680502767,0.5626252924999999,1.2652230253095489,1.9999999999999998e-05,0.37464499999999995
map/absolute,cea-11,joint,removal,1,0.0,0.9817763680502767,0.5626252924999999,1.2652230253095489,1.9999999999999998e-05,0.37464499999999995
map/present,cea-11,joint,removal,1,0.0,0.9817763680502767,0.5626252924999999,1.2652230253095489,1.9999999999999998e-05,0.37464499999999995
map/recency,cea-11,joint,removal,1,0.0,1.0293194621721604,0.5694812499999999,1.5615080942797084,0.001,0.35724999999999996
map/reference,cea-11,joint,removal,1,0.0,0.9817763680502767,0.5626252924999999,1.2652230253095489,1.9999999999999998e-05,0.37464499999999995
map/transition1,cea-11,joint,removal,1,0.0,0.9817763680502767,0.5626252924999999,1.2652230253095489,1.9999999999999998e-05,0.37464499999999995
map/transition2,cea-11,joint,removal,1,0.0,0.9817763680502767,0.5626252924999999,1.2652230253095489,1.9999999999999998e-05,0.37464499999999995
map/transition3,cea-11,joint,removal,1,0.0,0.9817763680502767,0.5626252924999999,1.2652230253095489,1.9999999999999998e-05,0.37464499999999995
mixture/absolute,cea-11,joint,removal,1,0.0,1.0470975468075063,0.575806547732721,1.420820971805219,0.06325218979004002,0.3509549024541595
mixture/present,cea-11,joint,removal,1,0.0,1.0470975468075063,0.575806547732721,1.420820971805219,0.06325218979004002,0.3509549024541595
mixture/recency,cea-11,joint,removal,1,0.0,1.09464064092939,0.5839997525063692,1.693652382676235,0.06417022100467007,0.33465984839447604
mixture/reference,cea-11,joint,removal,1,0.0,1.0470975468075063,0.575806547732721,1.420820971805219,0.06325218979004002,0.3509549024541595
mixture/transition1,cea-11,joint,removal,1,0.0,1.0470975468075063,0.575806547732721,1.420820971805219,0.06325218979004002,0.3509549024541595
mixture/transition2,cea-11,joint,removal,1,0.0,1.0470975468075063,0.575806547732721,1.420820971805219,0.06325218979004002,0.3509549024541595
mixture/transition3,cea-11,joint,removal,1,0.0,1.0470975468075063,0.575806547732721,1.420820971805219,0.06325218979004002,0.3509549024541595
repaired/absolute,cea-11,joint,removal,1,0.0,0.9817763680502767,0.5626252924999999,1.2652230253095489,1.9999999999999998e-05,0.37464499999999995
repaired/present,cea-11,joint,removal,1,0.0,0.9817763680502767,0.5626252924999999,1.2652230253095489,1.9999999999999998e-05,0.37464499999999995
repaired/recency,cea-11,joint,removal,1,0.0,1.0293194621721604,0.5694812499999999,1.5615080942797084,0.001,0.35724999999999996
repaired/reference,cea-11,joint,removal,1,0.0,0.9817763680502767,0.5626252924999999,1.2652230253095489,1.9999999999999998e-05,0.37464499999999995
repaired/transition1,cea-11,joint,removal,1,0.0,0.9817763680502767,0.5626252924999999,1.2652230253095489,1.9999999999999998e-05,0.37464499999999995
repaired/transition2,cea-11,joint,removal,1,0.0,0.9817763680502767,0.5626252924999999,1.2652230253095489,1.9999999999999998e-05,0.37464499999999995
repaired/transition3,cea-11,joint,removal,1,0.0,0.9817763680502767,0.5626252924999999,1.2652230253095489,1.9999999999999998e-05,0.37464499999999995
streaming/absolute,cea-11,joint,removal,1,0.0,0.9817763680502767,0.5626252924999999,1.2652230253095489,1.9999999999999998e-05,0.37464499999999995
streaming/present,cea-11,joint,removal,1,0.0,0.9817763680502767,0.5626252924999999,1.2652230253095489,1.9999999999999998e-05,0.37464499999999995
streaming/recency,cea-11,joint,removal,1,0.0,1.0293194621721604,0.5694812499999999,1.5615080942797084,0.001,0.35724999999999996
streaming/reference,cea-11,joint,removal,1,0.0,0.9817763680502767,0.5626252924999999,1.2652230253095489,1.9999999999999998e-05,0.37464499999999995
streaming/transition1,cea-11,joint,removal,1,0.0,0.9817763680502767,0.5626252924999999,1.2652230253095489,1.9999999999999998e-05,0.37464499999999995
streaming/transition2,cea-11,joint,removal,1,0.0,0.9817763680502767,0.5626252924999999,1.2652230253095489,1.9999999999999998e-05,0.37464499999999995
streaming/transition3,cea-11,joint,removal,1,0.0,0.9817763680502767,0.5626252924999999,1.2652230253095489,1.9999999999999998e-05,0.37464499999999995
fixed/absolute,cea-11,joint,removal,1,0.0,0.9817763680502767,0.5626252924999999,1.2652230253095489,1.9999999999999998e-05,0.37464499999999995
fixed/present,cea-11,joint,removal,1,0.0,0.9817763680502767,0.5626252924999999,1.2652230253095489,1.9999999999999998e-05,0.37464499999999995
fixed/recency,cea-11,joint,removal,1,0.0,6.907755278982137,1.90245,0.38625940550147086,0.001,0.951
fixed/reference,cea-11,joint,removal,1,0.0,0.9817763680502767,0.5626252924999999,1.2652230253095489,1.9999999999999998e-05,0.37464499999999995
fixed/transition1,cea-11,joint,removal,1,0.0,0.9817763680502767,0.5626252924999999,1.2652230253095489,1.9999999999999998e-05,0.37464499999999995
fixed/transition2,cea-11,joint,removal,1,0.0,0.9817763680502767,0.5626252924999999,1.2652230253095489,1.9999999999999998e-05,0.37464499999999995
fixed/transition3,cea-11,joint,removal,1,0.0,0.9817763680502767,0.5626252924999999,1.2652230253095489,1.9999999999999998e-05,0.37464499999999995
oracle-boundary/absolute,cea-11,joint,removal,1,0.0,0.9817763680502767,0.5626252924999999,1.2652230253095489,1.9999999999999998e-05,0.37464499999999995
oracle-boundary/present,cea-11,joint,removal,1,0.0,0.9817763680502767,0.5626252924999999,1.2652230253095489,1.9999999999999998e-05,0.37464499999999995
oracle-boundary/recency,cea-11,joint,removal,1,0.0,1.0293194621721604,0.5694812499999999,1.5615080942797084,0.001,0.35724999999999996
oracle-boundary/reference,cea-11,joint,removal,1,0.0,0.9817763680502767,0.5626252924999999,1.2652230253095489,1.9999999999999998e-05,0.37464499999999995
oracle-boundary/transition1,cea-11,joint,removal,1,0.0,0.9817763680502767,0.5626252924999999,1.2652230253095489,1.9999999999999998e-05,0.37464499999999995
oracle-boundary/transition2,cea-11,joint,removal,1,0.0,0.9817763680502767,0.5626252924999999,1.2652230253095489,1.9999999999999998e-05,0.37464499999999995
oracle-boundary/transition3,cea-11,joint,removal,1,0.0,0.9817763680502767,0.5626252924999999,1.2652230253095489,1.9999999999999998e-05,0.37464499999999995
map/absolute,cea-11,joint,swap,0,0.0,0.9817763680502767,0.5626252924999999,1.2652230253095489,1.9999999999999998e-05,0.37464499999999995
map/present,cea-11,joint,swap,0,0.0,0.9817763680502767,0.5626252924999999,1.2652230253095489,1.9999999999999998e-05,0.37464499999999995
map/recency,cea-11,joint,swap,0,0.0,6.907755278982137,1.90245,0.38625940550147086,0.001,0.951
map/reference,cea-11,joint,swap,0,0.0,0.9817763680502767,0.5626252924999999,1.2652230253095489,1.9999999999999998e-05,0.37464499999999995
map/transition1,cea-11,joint,swap,0,0.0,10.819778284410283,1.9980009799999996,0.011582902361780037,1.9999999999999998e-05,0.9990199999999998
map/transition2,cea-11,joint,swap,0,0.0,0.9817763680502767,0.5626252924999999,1.2652230253095489,1.9999999999999998e-05,0.37464499999999995
map/transition3,cea-11,joint,swap,0,0.0,0.9817763680502767,0.5626252924999999,1.2652230253095489,1.9999999999999998e-05,0.37464499999999995
mixture/absolute,cea-11,joint,swap,0,0.0,+Infinity,2.0,-0.0,1.0,1.0
mixture/present,cea-11,joint,swap,0,0.0,+Infinity,2.0,-0.0,1.0,1.0
mixture/recency,cea-11,joint,swap,0,0.0,+Infinity,2.0,-0.0,1.0,1.0
mixture/reference,cea-11,joint,swap,0,0.0,+Infinity,2.0,-0.0,1.0,1.0
mixture/transition1,cea-11,joint,swap,0,0.0,+Infinity,2.0,-0.0,1.0,1.0
mixture/transition2,cea-11,joint,swap,0,0.0,+Infinity,2.0,-0.0,1.0,1.0
mixture/transition3,cea-11,joint,swap,0,0.0,+Infinity,2.0,-0.0,1.0,1.0
repaired/absolute,cea-11,joint,swap,0,0.0,0.9817763680502767,0.5626252924999999,1.2652230253095489,1.9999999999999998e-05,0.37464499999999995
repaired/present,cea-11,joint,swap,0,0.0,0.9817763680502767,0.5626252924999999,1.2652230253095489,1.9999999999999998e-05,0.37464499999999995
repaired/recency,cea-11,joint,swap,0,0.0,6.907755278982137,1.90245,0.38625940550147086,0.001,0.951
repaired/reference,cea-11,joint,swap,0,0.0,0.9817763680502767,0.5626252924999999,1.2652230253095489,1.9999999999999998e-05,0.37464499999999995
repaired/transition1,cea-11,joint,swap,0,0.0,10.819778284410283,1.9980009799999996,0.011582902361780037,1.9999999999999998e-05,0.9990199999999998
repaired/transition2,cea-11,joint,swap,0,0.0,0.9817763680502767,0.5626252924999999,1.2652230253095489,1.9999999999999998e-05,0.37464499999999995
repaired/transition3,cea-11,joint,swap,0,0.0,0.9817763680502767,0.5626252924999999,1.2652230253095489,1.9999999999999998e-05,0.37464499999999995
streaming/absolute,cea-11,joint,swap,0,0.0,0.9817763680502767,0.5626252924999999,1.2652230253095489,1.9999999999999998e-05,0.37464499999999995
streaming/present,cea-11,joint,swap,0,0.0,0.9817763680502767,0.5626252924999999,1.2652230253095489,1.9999999999999998e-05,0.37464499999999995
streaming/recency,cea-11,joint,swap,0,0.0,6.907755278982137,1.90245,0.38625940550147086,0.001,0.951
streaming/reference,cea-11,joint,swap,0,0.0,0.9817763680502767,0.5626252924999999,1.2652230253095489,1.9999999999999998e-05,0.37464499999999995
streaming/transition1,cea-11,joint,swap,0,0.0,10.819778284410283,1.9980009799999996,0.011582902361780037,1.9999999999999998e-05,0.9990199999999998
streaming/transition2,cea-11,joint,swap,0,0.0,0.9817763680502767,0.5626252924999999,1.2652230253095489,1.9999999999999998e-05,0.37464499999999995
streaming/transition3,cea-11,joint,swap,0,0.0,0.9817763680502767,0.5626252924999999,1.2652230253095489,1.9999999999999998e-05,0.37464499999999995
fixed/absolute,cea-11,joint,swap,0,0.0,0.9817763680502767,0.5626252924999999,1.2652230253095489,1.9999999999999998e-05,0.37464499999999995
fixed/present,cea-11,joint,swap,0,0.0,0.9817763680502767,0.5626252924999999,1.2652230253095489,1.9999999999999998e-05,0.37464499999999995
fixed/recency,cea-11,joint,swap,0,0.0,6.907755278982137,1.90245,0.38625940550147086,0.001,0.951
fixed/reference,cea-11,joint,swap,0,0.0,0.9817763680502767,0.5626252924999999,1.2652230253095489,1.9999999999999998e-05,0.37464499999999995
fixed/transition1,cea-11,joint,swap,0,0.0,0.9817763680502767,0.5626252924999999,1.2652230253095489,1.9999999999999998e-05,0.37464499999999995
fixed/transition2,cea-11,joint,swap,0,0.0,0.9817763680502767,0.5626252924999999,1.2652230253095489,1.9999999999999998e-05,0.37464499999999995
fixed/transition3,cea-11,joint,swap,0,0.0,0.9817763680502767,0.5626252924999999,1.2652230253095489,1.9999999999999998e-05,0.37464499999999995
oracle-boundary/absolute,cea-11,joint,swap,0,1.0,0.0009804805139614205,9.800000000392828e-07,0.011582902361779817,2e-05,0.99902
oracle-boundary/present,cea-11,joint,swap,0,0.0,0.9817763680502767,0.5626252924999999,1.2652230253095489,1.9999999999999998e-05,0.37464499999999995
oracle-boundary/recency,cea-11,joint,swap,0,0.0,6.907755278982137,1.90245,0.38625940550147086,0.001,0.951
oracle-boundary/reference,cea-11,joint,swap,0,1.0,0.0009804805139614205,9.800000000392828e-07,0.011582902361779817,2e-05,0.99902
oracle-boundary/transition1,cea-11,joint,swap,0,0.0,0.69410764165507,0.50000048,0.7038282854721148,1.9999999999999998e-05,0.4995199999999999
oracle-boundary/transition2,cea-11,joint,swap,0,1.0,0.0009804805139614205,9.800000000392828e-07,0.011582902361779817,2e-05,0.99902
oracle-boundary/transition3,cea-11,joint,swap,0,1.0,0.0009804805139614205,9.800000000392828e-07,0.011582902361779817,2e-05,0.99902
map/absolute,cea-11,joint,swap,1,1.0,0.0009804805139616427,9.800000000392828e-07,0.011582902361780037,1.9999999999999998e-05,0.9990199999999998
map/present,cea-11,joint,swap,1,1.0,0.9817763680502767,0.5626252924999999,1.2652230253095489,1.9999999999999998e-05,0.37464499999999995
map/recency,cea-11,joint,swap,1,1.0,0.05024121643674679,0.0024500000000000632,0.38625940550147086,0.001,0.951
map/reference,cea-11,joint,swap,1,1.0,0.0009804805139616427,9.800000000392828e-07,0.011582902361780037,1.9999999999999998e-05,0.9990199999999998
map/transition1,cea-11,joint,swap,1,1.0,0.0009804805139616427,9.800000000392828e-07,0.011582902361780037,1.9999999999999998e-05,0.9990199999999998
map/transition2,cea-11,joint,swap,1,1.0,0.0009804805139616427,9.800000000392828e-07,0.011582902361780037,1.9999999999999998e-05,0.9990199999999998
map/transition3,cea-11,joint,swap,1,1.0,0.0009804805139616427,9.800000000392828e-07,0.011582902361780037,1.9999999999999998e-05,0.9990199999999998
mixture/absolute,cea-11,joint,swap,1,0.0,+Infinity,2.0,-0.0,1.0,1.0
mixture/present,cea-11,joint,swap,1,0.0,+Infinity,2.0,-0.0,1.0,1.0
mixture/recency,cea-11,joint,swap,1,0.0,+Infinity,2.0,-0.0,1.0,1.0
mixture/reference,cea-11,joint,swap,1,0.0,+Infinity,2.0,-0.0,1.0,1.0
mixture/transition1,cea-11,joint,swap,1,0.0,+Infinity,2.0,-0.0,1.0,1.0
mixture/transition2,cea-11,joint,swap,1,0.0,+Infinity,2.0,-0.0,1.0,1.0
mixture/transition3,cea-11,joint,swap,1,0.0,+Infinity,2.0,-0.0,1.0,1.0
repaired/absolute,cea-11,joint,swap,1,1.0,0.0009804805139616427,9.800000000392828e-07,0.011582902361780037,1.9999999999999998e-05,0.9990199999999998
repaired/present,cea-11,joint,swap,1,1.0,0.9817763680502767,0.5626252924999999,1.2652230253095489,1.9999999999999998e-05,0.37464499999999995
repaired/recency,cea-11,joint,swap,1,1.0,0.05024121643674679,0.0024500000000000632,0.38625940550147086,0.001,0.951
repaired/reference,cea-11,joint,swap,1,1.0,0.0009804805139616427,9.800000000392828e-07,0.011582902361780037,1.9999999999999998e-05,0.9990199999999998
repaired/transition1,cea-11,joint,swap,1,1.0,0.0009804805139616427,9.800000000392828e-07,0.011582902361780037,1.9999999999999998e-05,0.9990199999999998
repaired/transition2,cea-11,joint,swap,1,1.0,0.0009804805139616427,9.800000000392828e-07,0.011582902361780037,1.9999999999999998e-05,0.9990199999999998
repaired/transition3,cea-11,joint,swap,1,1.0,0.0009804805139616427,9.800000000392828e-07,0.011582902361780037,1.9999999999999998e-05,0.9990199999999998
streaming/absolute,cea-11,joint,swap,1,1.0,0.0009804805139616427,9.800000000392828e-07,0.011582902361780037,1.9999999999999998e-05,0.9990199999999998
streaming/present,cea-11,joint,swap,1,1.0,0.9817763680502767,0.5626252924999999,1.2652230253095489,1.9999999999999998e-05,0.37464499999999995
streaming/recency,cea-11,joint,swap,1,1.0,0.05024121643674679,0.0024500000000000632,0.38625940550147086,0.001,0.951
streaming/reference,cea-11,joint,swap,1,1.0,0.0009804805139616427,9.800000000392828e-07,0.011582902361780037,1.9999999999999998e-05,0.9990199999999998
streaming/transition1,cea-11,joint,swap,1,1.0,0.0009804805139616427,9.800000000392828e-07,0.011582902361780037,1.9999999999999998e-05,0.9990199999999998
streaming/transition2,cea-11,joint,swap,1,1.0,0.0009804805139616427,9.800000000392828e-07,0.011582902361780037,1.9999999999999998e-05,0.9990199999999998
streaming/transition3,cea-11,joint,swap,1,1.0,0.0009804805139616427,9.800000000392828e-07,0.011582902361780037,1.9999999999999998e-05,0.9990199999999998
fixed/absolute,cea-11,joint,swap,1,1.0,0.9817763680502767,0.5626252924999999,1.2652230253095489,1.9999999999999998e-05,0.37464499999999995
fixed/present,cea-11,joint,swap,1,1.0,0.9817763680502767,0.5626252924999999,1.2652230253095489,1.9999999999999998e-05,0.37464499999999995
fixed/recency,cea-11,joint,swap,1,0.0,6.907755278982137,1.90245,0.38625940550147086,0.001,0.951
fixed/reference,cea-11,joint,swap,1,1.0,0.9817763680502767,0.5626252924999999,1.2652230253095489,1.9999999999999998e-05,0.37464499999999995
fixed/transition1,cea-11,joint,swap,1,1.0,0.9817763680502767,0.5626252924999999,1.2652230253095489,1.9999999999999998e-05,0.37464499999999995
fixed/transition2,cea-11,joint,swap,1,1.0,0.9817763680502767,0.5626252924999999,1.2652230253095489,1.9999999999999998e-05,0.37464499999999995
fixed/transition3,cea-11,joint,swap,1,1.0,0.9817763680502767,0.5626252924999999,1.2652230253095489,1.9999999999999998e-05,0.37464499999999995
oracle-boundary/absolute,cea-11,joint,swap,1,1.0,0.0009804805139616427,9.800000000392828e-07,0.011582902361780037,1.9999999999999998e-05,0.9990199999999998
oracle-boundary/present,cea-11,joint,swap,1,1.0,0.9817763680502767,0.5626252924999999,1.2652230253095489,1.9999999999999998e-05,0.37464499999999995
oracle-boundary/recency,cea-11,joint,swap,1,0.0,6.907755278982137,1.90245,0.38625940550147086,0.001,0.951
oracle-boundary/reference,cea-11,joint,swap,1,1.0,0.0009804805139616427,9.800000000392828e-07,0.011582902361780037,1.9999999999999998e-05,0.9990199999999998
oracle-boundary/transition1,cea-11,joint,swap,1,1.0,0.69410764165507,0.50000048,0.7038282854721148,1.9999999999999998e-05,0.4995199999999999
oracle-boundary/transition2,cea-11,joint,swap,1,1.0,0.0009804805139616427,9.800000000392828e-07,0.011582902361780037,1.9999999999999998e-05,0.9990199999999998
oracle-boundary/transition3,cea-11,joint,swap,1,1.0,0.0009804805139616427,9.800000000392828e-07,0.011582902361780037,1.9999999999999998e-05,0.9990199999999998
map/absolute,cea-11,joint,shuffle,0,1.0,0.0009804805139616427,9.800000000392828e-07,0.011582902361780037,1.9999999999999998e-05,0.9990199999999998
map/present,cea-11,joint,shuffle,0,1.0,0.9817763680502767,0.5626252924999999,1.2652230253095489,1.9999999999999998e-05,0.37464499999999995
map/recency,cea-11,joint,shuffle,0,1.0,0.05024121643674679,0.0024500000000000632,0.38625940550147086,0.001,0.951
map/reference,cea-11,joint,shuffle,0,1.0,0.0009804805139616427,9.800000000392828e-07,0.011582902361780037,1.9999999999999998e-05,0.9990199999999998
map/transition1,cea-11,joint,shuffle,0,1.0,0.0009804805139616427,9.800000000392828e-07,0.011582902361780037,1.9999999999999998e-05,0.9990199999999998
map/transition2,cea-11,joint,shuffle,0,1.0,0.0009804805139616427,9.800000000392828e-07,0.011582902361780037,1.9999999999999998e-05,0.9990199999999998
map/transition3,cea-11,joint,shuffle,0,1.0,0.0009804805139616427,9.800000000392828e-07,0.011582902361780037,1.9999999999999998e-05,0.9990199999999998
mixture/absolute,cea-11,joint,shuffle,0,0.0,+Infinity,2.0,-0.0,1.0,1.0
mixture/present,cea-11,joint,shuffle,0,0.0,+Infinity,2.0,-0.0,1.0,1.0
mixture/recency,cea-11,joint,shuffle,0,0.0,+Infinity,2.0,-0.0,1.0,1.0
mixture/reference,cea-11,joint,shuffle,0,0.0,+Infinity,2.0,-0.0,1.0,1.0
mixture/transition1,cea-11,joint,shuffle,0,0.0,+Infinity,2.0,-0.0,1.0,1.0
mixture/transition2,cea-11,joint,shuffle,0,0.0,+Infinity,2.0,-0.0,1.0,1.0
mixture/transition3,cea-11,joint,shuffle,0,0.0,+Infinity,2.0,-0.0,1.0,1.0
repaired/absolute,cea-11,joint,shuffle,0,1.0,0.0009804805139616427,9.800000000392828e-07,0.011582902361780037,1.9999999999999998e-05,0.9990199999999998
repaired/present,cea-11,joint,shuffle,0,1.0,0.9817763680502767,0.5626252924999999,1.2652230253095489,1.9999999999999998e-05,0.37464499999999995
repaired/recency,cea-11,joint,shuffle,0,1.0,0.05024121643674679,0.0024500000000000632,0.38625940550147086,0.001,0.951
repaired/reference,cea-11,joint,shuffle,0,1.0,0.0009804805139616427,9.800000000392828e-07,0.011582902361780037,1.9999999999999998e-05,0.9990199999999998
repaired/transition1,cea-11,joint,shuffle,0,1.0,0.0009804805139616427,9.800000000392828e-07,0.011582902361780037,1.9999999999999998e-05,0.9990199999999998
repaired/transition2,cea-11,joint,shuffle,0,1.0,0.0009804805139616427,9.800000000392828e-07,0.011582902361780037,1.9999999999999998e-05,0.9990199999999998
repaired/transition3,cea-11,joint,shuffle,0,1.0,0.0009804805139616427,9.800000000392828e-07,0.011582902361780037,1.9999999999999998e-05,0.9990199999999998
streaming/absolute,cea-11,joint,shuffle,0,1.0,0.0009804805139616427,9.800000000392828e-07,0.011582902361780037,1.9999999999999998e-05,0.9990199999999998
streaming/present,cea-11,joint,shuffle,0,1.0,0.9817763680502767,0.5626252924999999,1.2652230253095489,1.9999999999999998e-05,0.37464499999999995
streaming/recency,cea-11,joint,shuffle,0,1.0,0.05024121643674679,0.0024500000000000632,0.38625940550147086,0.001,0.951
streaming/reference,cea-11,joint,shuffle,0,1.0,0.0009804805139616427,9.800000000392828e-07,0.011582902361780037,1.9999999999999998e-05,0.9990199999999998
streaming/transition1,cea-11,joint,shuffle,0,1.0,0.0009804805139616427,9.800000000392828e-07,0.011582902361780037,1.9999999999999998e-05,0.9990199999999998
streaming/transition2,cea-11,joint,shuffle,0,1.0,0.0009804805139616427,9.800000000392828e-07,0.011582902361780037,1.9999999999999998e-05,0.9990199999999998
streaming/transition3,cea-11,joint,shuffle,0,1.0,0.0009804805139616427,9.800000000392828e-07,0.011582902361780037,1.9999999999999998e-05,0.9990199999999998
fixed/absolute,cea-11,joint,shuffle,0,1.0,0.9817763680502767,0.5626252924999999,1.2652230253095489,1.9999999999999998e-05,0.37464499999999995
fixed/present,cea-11,joint,shuffle,0,1.0,0.9817763680502767,0.5626252924999999,1.2652230253095489,1.9999999999999998e-05,0.37464499999999995
fixed/recency,cea-11,joint,shuffle,0,0.0,6.907755278982137,1.90245,0.38625940550147086,0.001,0.951
fixed/reference,cea-11,joint,shuffle,0,1.0,0.9817763680502767,0.5626252924999999,1.2652230253095489,1.9999999999999998e-05,0.37464499999999995
fixed/transition1,cea-11,joint,shuffle,0,1.0,0.9817763680502767,0.5626252924999999,1.2652230253095489,1.9999999999999998e-05,0.37464499999999995
fixed/transition2,cea-11,joint,shuffle,0,1.0,0.9817763680502767,0.5626252924999999,1.2652230253095489,1.9999999999999998e-05,0.37464499999999995
fixed/transition3,cea-11,joint,shuffle,0,1.0,0.9817763680502767,0.5626252924999999,1.2652230253095489,1.9999999999999998e-05,0.37464499999999995
oracle-boundary/absolute,cea-11,joint,shuffle,0,1.0,0.0009804805139616427,9.800000000392828e-07,0.011582902361780037,1.9999999999999998e-05,0.9990199999999998
oracle-boundary/present,cea-11,joint,shuffle,0,1.0,0.9817763680502767,0.5626252924999999,1.2652230253095489,1.9999999999999998e-05,0.37464499999999995
oracle-boundary/recency,cea-11,joint,shuffle,0,1.0,0.05024121643674679,0.0024500000000000632,0.38625940550147086,0.001,0.951
oracle-boundary/reference,cea-11,joint,shuffle,0,1.0,0.0009804805139616427,9.800000000392828e-07,0.011582902361780037,1.9999999999999998e-05,0.9990199999999998
oracle-boundary/transition1,cea-11,joint,shuffle,0,1.0,0.69410764165507,0.50000048,0.7038282854721148,1.9999999999999998e-05,0.4995199999999999
oracle-boundary/transition2,cea-11,joint,shuffle,0,1.0,0.0009804805139616427,9.800000000392828e-07,0.011582902361780037,1.9999999999999998e-05,0.9990199999999998
oracle-boundary/transition3,cea-11,joint,shuffle,0,1.0,0.0009804805139616427,9.800000000392828e-07,0.011582902361780037,1.9999999999999998e-05,0.9990199999999998
map/absolute,cea-11,joint,shuffle,1,0.0,0.9817763680502767,0.5626252924999999,1.2652230253095489,1.9999999999999998e-05,0.37464499999999995
map/present,cea-11,joint,shuffle,1,0.0,0.9817763680502767,0.5626252924999999,1.2652230253095489,1.9999999999999998e-05,0.37464499999999995
map/recency,cea-11,joint,shuffle,1,0.0,6.907755278982137,1.90245,0.38625940550147086,0.001,0.951
map/reference,cea-11,joint,shuffle,1,0.0,0.9817763680502767,0.5626252924999999,1.2652230253095489,1.9999999999999998e-05,0.37464499999999995
map/transition1,cea-11,joint,shuffle,1,0.0,10.819778284410283,1.9980009799999996,0.011582902361780037,1.9999999999999998e-05,0.9990199999999998
map/transition2,cea-11,joint,shuffle,1,0.0,0.9817763680502767,0.5626252924999999,1.2652230253095489,1.9999999999999998e-05,0.37464499999999995
map/transition3,cea-11,joint,shuffle,1,0.0,0.9817763680502767,0.5626252924999999,1.2652230253095489,1.9999999999999998e-05,0.37464499999999995
mixture/absolute,cea-11,joint,shuffle,1,0.0,+Infinity,2.0,-0.0,1.0,1.0
mixture/present,cea-11,joint,shuffle,1,0.0,+Infinity,2.0,-0.0,1.0,1.0
mixture/recency,cea-11,joint,shuffle,1,0.0,+Infinity,2.0,-0.0,1.0,1.0
mixture/reference,cea-11,joint,shuffle,1,0.0,+Infinity,2.0,-0.0,1.0,1.0
mixture/transition1,cea-11,joint,shuffle,1,0.0,+Infinity,2.0,-0.0,1.0,1.0
mixture/transition2,cea-11,joint,shuffle,1,0.0,+Infinity,2.0,-0.0,1.0,1.0
mixture/transition3,cea-11,joint,shuffle,1,0.0,+Infinity,2.0,-0.0,1.0,1.0
repaired/absolute,cea-11,joint,shuffle,1,0.0,0.9817763680502767,0.5626252924999999,1.2652230253095489,1.9999999999999998e-05,0.37464499999999995
repaired/present,cea-11,joint,shuffle,1,0.0,0.9817763680502767,0.5626252924999999,1.2652230253095489,1.9999999999999998e-05,0.37464499999999995
repaired/recency,cea-11,joint,shuffle,1,0.0,6.907755278982137,1.90245,0.38625940550147086,0.001,0.951
repaired/reference,cea-11,joint,shuffle,1,0.0,0.9817763680502767,0.5626252924999999,1.2652230253095489,1.9999999999999998e-05,0.37464499999999995
repaired/transition1,cea-11,joint,shuffle,1,0.0,10.819778284410283,1.9980009799999996,0.011582902361780037,1.9999999999999998e-05,0.9990199999999998
repaired/transition2,cea-11,joint,shuffle,1,0.0,0.9817763680502767,0.5626252924999999,1.2652230253095489,1.9999999999999998e-05,0.37464499999999995
repaired/transition3,cea-11,joint,shuffle,1,0.0,0.9817763680502767,0.5626252924999999,1.2652230253095489,1.9999999999999998e-05,0.37464499999999995
streaming/absolute,cea-11,joint,shuffle,1,0.0,0.9817763680502767,0.5626252924999999,1.2652230253095489,1.9999999999999998e-05,0.37464499999999995
streaming/present,cea-11,joint,shuffle,1,0.0,0.9817763680502767,0.5626252924999999,1.2652230253095489,1.9999999999999998e-05,0.37464499999999995
streaming/recency,cea-11,joint,shuffle,1,0.0,6.907755278982137,1.90245,0.38625940550147086,0.001,0.951
streaming/reference,cea-11,joint,shuffle,1,0.0,0.9817763680502767,0.5626252924999999,1.2652230253095489,1.9999999999999998e-05,0.37464499999999995
streaming/transition1,cea-11,joint,shuffle,1,0.0,0.9817763680502767,0.5626252924999999,1.2652230253095489,1.9999999999999998e-05,0.37464499999999995
streaming/transition2,cea-11,joint,shuffle,1,0.0,0.9817763680502767,0.5626252924999999,1.2652230253095489,1.9999999999999998e-05,0.37464499999999995
streaming/transition3,cea-11,joint,shuffle,1,0.0,0.9817763680502767,0.5626252924999999,1.2652230253095489,1.9999999999999998e-05,0.37464499999999995
fixed/absolute,cea-11,joint,shuffle,1,0.0,0.9817763680502767,0.5626252924999999,1.2652230253095489,1.9999999999999998e-05,0.37464499999999995
fixed/present,cea-11,joint,shuffle,1,0.0,0.9817763680502767,0.5626252924999999,1.2652230253095489,1.9999999999999998e-05,0.37464499999999995
fixed/recency,cea-11,joint,shuffle,1,0.0,6.907755278982137,1.90245,0.38625940550147086,0.001,0.951
fixed/reference,cea-11,joint,shuffle,1,0.0,0.9817763680502767,0.5626252924999999,1.2652230253095489,1.9999999999999998e-05,0.37464499999999995
fixed/transition1,cea-11,joint,shuffle,1,0.0,0.9817763680502767,0.5626252924999999,1.2652230253095489,1.9999999999999998e-05,0.37464499999999995
fixed/transition2,cea-11,joint,shuffle,1,0.0,0.9817763680502767,0.5626252924999999,1.2652230253095489,1.9999999999999998e-05,0.37464499999999995
fixed/transition3,cea-11,joint,shuffle,1,0.0,0.9817763680502767,0.5626252924999999,1.2652230253095489,1.9999999999999998e-05,0.37464499999999995
oracle-boundary/absolute,cea-11,joint,shuffle,1,1.0,0.0009804805139614205,9.800000000392828e-07,0.011582902361779817,2e-05,0.99902
oracle-boundary/present,cea-11,joint,shuffle,1,0.0,0.9817763680502767,0.5626252924999999,1.2652230253095489,1.9999999999999998e-05,0.37464499999999995
oracle-boundary/recency,cea-11,joint,shuffle,1,1.0,0.05024121643674679,0.0024500000000000632,0.38625940550147086,0.001,0.951
oracle-boundary/reference,cea-11,joint,shuffle,1,1.0,0.0009804805139614205,9.800000000392828e-07,0.011582902361779817,2e-05,0.99902
oracle-boundary/transition1,cea-11,joint,shuffle,1,0.0,0.69410764165507,0.50000048,0.7038282854721148,1.9999999999999998e-05,0.4995199999999999
oracle-boundary/transition2,cea-11,joint,shuffle,1,1.0,0.0009804805139614205,9.800000000392828e-07,0.011582902361779817,2e-05,0.99902
oracle-boundary/transition3,cea-11,joint,shuffle,1,1.0,0.0009804805139614205,9.800000000392828e-07,0.011582902361779817,2e-05,0.99902
map/absolute,cea-11,joint,ambiguous,0,1.0,5.410379382462122,0.9990009799999997,0.011582902361780037,1.9999999999999998e-05,0.9990199999999998
map/present,cea-11,joint,ambiguous,0,1.0,0.9817763680502767,0.5626252924999999,1.2652230253095489,1.9999999999999998e-05,0.37464499999999995
map/recency,cea-11,joint,ambiguous,0,1.0,3.4789982477094417,0.95245,0.38625940550147086,0.001,0.951
map/reference,cea-11,joint,ambiguous,0,1.0,5.410379382462122,0.9990009799999997,0.011582902361780037,1.9999999999999998e-05,0.9990199999999998
map/transition1,cea-11,joint,ambiguous,0,1.0,5.410379382462122,0.9990009799999997,0.011582902361780037,1.9999999999999998e-05,0.9990199999999998
map/transition2,cea-11,joint,ambiguous,0,1.0,5.410379382462122,0.9990009799999997,0.011582902361780037,1.9999999999999998e-05,0.9990199999999998
map/transition3,cea-11,joint,ambiguous,0,1.0,5.410379382462122,0.9990009799999997,0.011582902361780037,1.9999999999999998e-05,0.9990199999999998
mixture/absolute,cea-11,joint,ambiguous,0,0.0,+Infinity,2.0,-0.0,1.0,1.0
mixture/present,cea-11,joint,ambiguous,0,0.0,+Infinity,2.0,-0.0,1.0,1.0
mixture/recency,cea-11,joint,ambiguous,0,0.0,+Infinity,2.0,-0.0,1.0,1.0
mixture/reference,cea-11,joint,ambiguous,0,0.0,+Infinity,2.0,-0.0,1.0,1.0
mixture/transition1,cea-11,joint,ambiguous,0,0.0,+Infinity,2.0,-0.0,1.0,1.0
mixture/transition2,cea-11,joint,ambiguous,0,0.0,+Infinity,2.0,-0.0,1.0,1.0
mixture/transition3,cea-11,joint,ambiguous,0,0.0,+Infinity,2.0,-0.0,1.0,1.0
repaired/absolute,cea-11,joint,ambiguous,0,1.0,5.410379382462122,0.9990009799999997,0.011582902361780037,1.9999999999999998e-05,0.9990199999999998
repaired/present,cea-11,joint,ambiguous,0,1.0,0.9817763680502767,0.5626252924999999,1.2652230253095489,1.9999999999999998e-05,0.37464499999999995
repaired/recency,cea-11,joint,ambiguous,0,1.0,3.4789982477094417,0.95245,0.38625940550147086,0.001,0.951
repaired/reference,cea-11,joint,ambiguous,0,1.0,5.410379382462122,0.9990009799999997,0.011582902361780037,1.9999999999999998e-05,0.9990199999999998
repaired/transition1,cea-11,joint,ambiguous,0,1.0,5.410379382462122,0.9990009799999997,0.011582902361780037,1.9999999999999998e-05,0.9990199999999998
repaired/transition2,cea-11,joint,ambiguous,0,1.0,5.410379382462122,0.9990009799999997,0.011582902361780037,1.9999999999999998e-05,0.9990199999999998
repaired/transition3,cea-11,joint,ambiguous,0,1.0,5.410379382462122,0.9990009799999997,0.011582902361780037,1.9999999999999998e-05,0.9990199999999998
streaming/absolute,cea-11,joint,ambiguous,0,1.0,5.410379382462122,0.9990009799999997,0.011582902361780037,1.9999999999999998e-05,0.9990199999999998
streaming/present,cea-11,joint,ambiguous,0,1.0,0.9817763680502767,0.5626252924999999,1.2652230253095489,1.9999999999999998e-05,0.37464499999999995
streaming/recency,cea-11,joint,ambiguous,0,1.0,3.4789982477094417,0.95245,0.38625940550147086,0.001,0.951
streaming/reference,cea-11,joint,ambiguous,0,1.0,5.410379382462122,0.9990009799999997,0.011582902361780037,1.9999999999999998e-05,0.9990199999999998
streaming/transition1,cea-11,joint,ambiguous,0,1.0,5.410379382462122,0.9990009799999997,0.011582902361780037,1.9999999999999998e-05,0.9990199999999998
streaming/transition2,cea-11,joint,ambiguous,0,1.0,5.410379382462122,0.9990009799999997,0.011582902361780037,1.9999999999999998e-05,0.9990199999999998
streaming/transition3,cea-11,joint,ambiguous,0,1.0,5.410379382462122,0.9990009799999997,0.011582902361780037,1.9999999999999998e-05,0.9990199999999998
fixed/absolute,cea-11,joint,ambiguous,0,1.0,0.9817763680502767,0.5626252924999999,1.2652230253095489,1.9999999999999998e-05,0.37464499999999995
fixed/present,cea-11,joint,ambiguous,0,1.0,0.9817763680502767,0.5626252924999999,1.2652230253095489,1.9999999999999998e-05,0.37464499999999995
fixed/recency,cea-11,joint,ambiguous,0,0.0,6.907755278982137,1.90245,0.38625940550147086,0.001,0.951
fixed/reference,cea-11,joint,ambiguous,0,1.0,0.9817763680502767,0.5626252924999999,1.2652230253095489,1.9999999999999998e-05,0.37464499999999995
fixed/transition1,cea-11,joint,ambiguous,0,1.0,0.9817763680502767,0.5626252924999999,1.2652230253095489,1.9999999999999998e-05,0.37464499999999995
fixed/transition2,cea-11,joint,ambiguous,0,1.0,0.9817763680502767,0.5626252924999999,1.2652230253095489,1.9999999999999998e-05,0.37464499999999995
fixed/transition3,cea-11,joint,ambiguous,0,1.0,0.9817763680502767,0.5626252924999999,1.2652230253095489,1.9999999999999998e-05,0.37464499999999995
oracle-boundary/absolute,cea-11,joint,ambiguous,0,1.0,0.69410764165507,0.50000048,0.7038282854721148,1.9999999999999998e-05,0.4995199999999999
oracle-boundary/present,cea-11,joint,ambiguous,0,1.0,0.9817763680502767,0.5626252924999999,1.2652230253095489,1.9999999999999998e-05,0.37464499999999995
oracle-boundary/recency,cea-11,joint,ambiguous,0,0.0,3.4789982477094417,0.95245,0.38625940550147086,0.001,0.951
oracle-boundary/reference,cea-11,joint,ambiguous,0,1.0,0.69410764165507,0.50000048,0.7038282854721148,1.9999999999999998e-05,0.4995199999999999
oracle-boundary/transition1,cea-11,joint,ambiguous,0,1.0,0.69410764165507,0.50000048,0.7038282854721148,1.9999999999999998e-05,0.4995199999999999
oracle-boundary/transition2,cea-11,joint,ambiguous,0,1.0,0.69410764165507,0.50000048,0.7038282854721148,1.9999999999999998e-05,0.4995199999999999
oracle-boundary/transition3,cea-11,joint,ambiguous,0,1.0,0.69410764165507,0.50000048,0.7038282854721148,1.9999999999999998e-05,0.4995199999999999
map/absolute,cea-11,joint,ambiguous,1,0.0,5.410379382462122,0.9990009799999997,0.011582902361780037,1.9999999999999998e-05,0.9990199999999998
map/present,cea-11,joint,ambiguous,1,0.0,0.9817763680502767,0.5626252924999999,1.2652230253095489,1.9999999999999998e-05,0.37464499999999995
map/recency,cea-11,joint,ambiguous,1,0.0,3.4789982477094417,0.95245,0.38625940550147086,0.001,0.951
map/reference,cea-11,joint,ambiguous,1,0.0,5.410379382462122,0.9990009799999997,0.011582902361780037,1.9999999999999998e-05,0.9990199999999998
map/transition1,cea-11,joint,ambiguous,1,0.0,5.410379382462122,0.9990009799999997,0.011582902361780037,1.9999999999999998e-05,0.9990199999999998
map/transition2,cea-11,joint,ambiguous,1,0.0,5.410379382462122,0.9990009799999997,0.011582902361780037,1.9999999999999998e-05,0.9990199999999998
map/transition3,cea-11,joint,ambiguous,1,0.0,5.410379382462122,0.9990009799999997,0.011582902361780037,1.9999999999999998e-05,0.9990199999999998
mixture/absolute,cea-11,joint,ambiguous,1,0.0,+Infinity,2.0,-0.0,1.0,1.0
mixture/present,cea-11,joint,ambiguous,1,0.0,+Infinity,2.0,-0.0,1.0,1.0
mixture/recency,cea-11,joint,ambiguous,1,0.0,+Infinity,2.0,-0.0,1.0,1.0
mixture/reference,cea-11,joint,ambiguous,1,0.0,+Infinity,2.0,-0.0,1.0,1.0
mixture/transition1,cea-11,joint,ambiguous,1,0.0,+Infinity,2.0,-0.0,1.0,1.0
mixture/transition2,cea-11,joint,ambiguous,1,0.0,+Infinity,2.0,-0.0,1.0,1.0
mixture/transition3,cea-11,joint,ambiguous,1,0.0,+Infinity,2.0,-0.0,1.0,1.0
repaired/absolute,cea-11,joint,ambiguous,1,0.0,5.410379382462122,0.9990009799999997,0.011582902361780037,1.9999999999999998e-05,0.9990199999999998
repaired/present,cea-11,joint,ambiguous,1,0.0,0.9817763680502767,0.5626252924999999,1.2652230253095489,1.9999999999999998e-05,0.37464499999999995
repaired/recency,cea-11,joint,ambiguous,1,0.0,3.4789982477094417,0.95245,0.38625940550147086,0.001,0.951
repaired/reference,cea-11,joint,ambiguous,1,0.0,5.410379382462122,0.9990009799999997,0.011582902361780037,1.9999999999999998e-05,0.9990199999999998
repaired/transition1,cea-11,joint,ambiguous,1,0.0,5.410379382462122,0.9990009799999997,0.011582902361780037,1.9999999999999998e-05,0.9990199999999998
repaired/transition2,cea-11,joint,ambiguous,1,0.0,5.410379382462122,0.9990009799999997,0.011582902361780037,1.9999999999999998e-05,0.9990199999999998
repaired/transition3,cea-11,joint,ambiguous,1,0.0,5.410379382462122,0.9990009799999997,0.011582902361780037,1.9999999999999998e-05,0.9990199999999998
streaming/absolute,cea-11,joint,ambiguous,1,0.0,5.410379382462122,0.9990009799999997,0.011582902361780037,1.9999999999999998e-05,0.9990199999999998
streaming/present,cea-11,joint,ambiguous,1,0.0,0.9817763680502767,0.5626252924999999,1.2652230253095489,1.9999999999999998e-05,0.37464499999999995
streaming/recency,cea-11,joint,ambiguous,1,0.0,3.4789982477094417,0.95245,0.38625940550147086,0.001,0.951
streaming/reference,cea-11,joint,ambiguous,1,0.0,5.410379382462122,0.9990009799999997,0.011582902361780037,1.9999999999999998e-05,0.9990199999999998
streaming/transition1,cea-11,joint,ambiguous,1,0.0,5.410379382462122,0.9990009799999997,0.011582902361780037,1.9999999999999998e-05,0.9990199999999998
streaming/transition2,cea-11,joint,ambiguous,1,0.0,5.410379382462122,0.9990009799999997,0.011582902361780037,1.9999999999999998e-05,0.9990199999999998
streaming/transition3,cea-11,joint,ambiguous,1,0.0,5.410379382462122,0.9990009799999997,0.011582902361780037,1.9999999999999998e-05,0.9990199999999998
fixed/absolute,cea-11,joint,ambiguous,1,0.0,0.9817763680502767,0.5626252924999999,1.2652230253095489,1.9999999999999998e-05,0.37464499999999995
fixed/present,cea-11,joint,ambiguous,1,0.0,0.9817763680502767,0.5626252924999999,1.2652230253095489,1.9999999999999998e-05,0.37464499999999995
fixed/recency,cea-11,joint,ambiguous,1,0.0,6.907755278982137,1.90245,0.38625940550147086,0.001,0.951
fixed/reference,cea-11,joint,ambiguous,1,0.0,0.9817763680502767,0.5626252924999999,1.2652230253095489,1.9999999999999998e-05,0.37464499999999995
fixed/transition1,cea-11,joint,ambiguous,1,0.0,0.9817763680502767,0.5626252924999999,1.2652230253095489,1.9999999999999998e-05,0.37464499999999995
fixed/transition2,cea-11,joint,ambiguous,1,0.0,0.9817763680502767,0.5626252924999999,1.2652230253095489,1.9999999999999998e-05,0.37464499999999995
fixed/transition3,cea-11,joint,ambiguous,1,0.0,0.9817763680502767,0.5626252924999999,1.2652230253095489,1.9999999999999998e-05,0.37464499999999995
oracle-boundary/absolute,cea-11,joint,ambiguous,1,0.0,0.69410764165507,0.50000048,0.7038282854721148,1.9999999999999998e-05,0.4995199999999999
oracle-boundary/present,cea-11,joint,ambiguous,1,0.0,0.9817763680502767,0.5626252924999999,1.2652230253095489,1.9999999999999998e-05,0.37464499999999995
oracle-boundary/recency,cea-11,joint,ambiguous,1,1.0,3.4789982477094417,0.95245,0.38625940550147086,0.001,0.951
oracle-boundary/reference,cea-11,joint,ambiguous,1,0.0,0.69410764165507,0.50000048,0.7038282854721148,1.9999999999999998e-05,0.4995199999999999
oracle-boundary/transition1,cea-11,joint,ambiguous,1,0.0,0.69410764165507,0.50000048,0.7038282854721148,1.9999999999999998e-05,0.4995199999999999
oracle-boundary/transition2,cea-11,joint,ambiguous,1,0.0,0.69410764165507,0.50000048,0.7038282854721148,1.9999999999999998e-05,0.4995199999999999
oracle-boundary/transition3,cea-11,joint,ambiguous,1,0.0,0.69410764165507,0.50000048,0.7038282854721148,1.9999999999999998e-05,0.4995199999999999
map/absolute,cea-12,detached,intact,0,1.0,0.9817763680502767,0.5626252924999999,1.2652230253095489,1.9999999999999998e-05,0.37464499999999995
map/present,cea-12,detached,intact,0,1.0,0.9817763680502767,0.5626252924999999,1.2652230253095489,1.9999999999999998e-05,0.37464499999999995
map/recency,cea-12,detached,intact,0,0.0,6.907755278982137,1.90245,0.38625940550147086,0.001,0.951
map/reference,cea-12,detached,intact,0,1.0,0.9817763680502767,0.5626252924999999,1.2652230253095489,1.9999999999999998e-05,0.37464499999999995
map/transition1,cea-12,detached,intact,0,0.0,10.819778284410283,1.99800098,0.011582902361779817,2e-05,0.99902
map/transition2,cea-12,detached,intact,0,1.0,0.9817763680502767,0.5626252924999999,1.2652230253095489,1.9999999999999998e-05,0.37464499999999995
map/transition3,cea-12,detached,intact,0,1.0,0.9817763680502767,0.5626252924999999,1.2652230253095489,1.9999999999999998e-05,0.37464499999999995
mixture/absolute,cea-12,detached,intact,0,0.0,+Infinity,2.0,-0.0,1.0,1.0
mixture/present,cea-12,detached,intact,0,0.0,+Infinity,2.0,-0.0,1.0,1.0
mixture/recency,cea-12,detached,intact,0,0.0,+Infinity,2.0,-0.0,1.0,1.0
mixture/reference,cea-12,detached,intact,0,0.0,+Infinity,2.0,-0.0,1.0,1.0
mixture/transition1,cea-12,detached,intact,0,0.0,+Infinity,2.0,-0.0,1.0,1.0
mixture/transition2,cea-12,detached,intact,0,0.0,+Infinity,2.0,-0.0,1.0,1.0
mixture/transition3,cea-12,detached,intact,0,0.0,+Infinity,2.0,-0.0,1.0,1.0
repaired/absolute,cea-12,detached,intact,0,1.0,0.0009804805139616427,9.800000000392828e-07,0.011582902361780037,1.9999999999999998e-05,0.9990199999999998
repaired/present,cea-12,detached,intact,0,1.0,0.9817763680502767,0.5626252924999999,1.2652230253095489,1.9999999999999998e-05,0.37464499999999995
repaired/recency,cea-12,detached,intact,0,1.0,0.05024121643674679,0.0024500000000000632,0.38625940550147086,0.001,0.951
repaired/reference,cea-12,detached,intact,0,1.0,0.0009804805139616427,9.800000000392828e-07,0.011582902361780037,1.9999999999999998e-05,0.9990199999999998
repaired/transition1,cea-12,detached,intact,0,1.0,0.4302562355588815,0.24385042726923678,0.657571301270079,1.9999999999999998e-05,0.6503424325151765
repaired/transition2,cea-12,detached,intact,0,1.0,0.0009804805139616427,9.800000000392828e-07,0.011582902361780037,1.9999999999999998e-05,0.9990199999999998
repaired/transition3,cea-12,detached,intact,0,1.0,0.0009804805139616427,9.800000000392828e-07,0.011582902361780037,1.9999999999999998e-05,0.9990199999999998
streaming/absolute,cea-12,detached,intact,0,1.0,0.9817763680502767,0.5626252924999999,1.2652230253095489,1.9999999999999998e-05,0.37464499999999995
streaming/present,cea-12,detached,intact,0,1.0,0.9817763680502767,0.5626252924999999,1.2652230253095489,1.9999999999999998e-05,0.37464499999999995
streaming/recency,cea-12,detached,intact,0,1.0,0.05024121643674679,0.0024500000000000632,0.38625940550147086,0.001,0.951
streaming/reference,cea-12,detached,intact,0,1.0,0.0009804805139616427,9.800000000392828e-07,0.011582902361780037,1.9999999999999998e-05,0.9990199999999998
streaming/transition1,cea-12,detached,intact,0,0.0,10.819778284410283,1.99800098,0.011582902361779817,2e-05,0.99902
streaming/transition2,cea-12,detached,intact,0,1.0,0.9817763680502767,0.5626252924999999,1.2652230253095489,1.9999999999999998e-05,0.37464499999999995
streaming/transition3,cea-12,detached,intact,0,1.0,0.9817763680502767,0.5626252924999999,1.2652230253095489,1.9999999999999998e-05,0.37464499999999995
fixed/absolute,cea-12,detached,intact,0,1.0,0.9817763680502767,0.5626252924999999,1.2652230253095489,1.9999999999999998e-05,0.37464499999999995
fixed/present,cea-12,detached,intact,0,1.0,0.9817763680502767,0.5626252924999999,1.2652230253095489,1.9999999999999998e-05,0.37464499999999995
fixed/recency,cea-12,detached,intact,0,1.0,1.0293194621721604,0.5694812499999999,1.5615080942797084,0.001,0.35724999999999996
fixed/reference,cea-12,detached,intact,0,1.0,0.9817763680502767,0.5626252924999999,1.2652230253095489,1.9999999999999998e-05,0.37464499999999995
fixed/transition1,cea-12,detached,intact,0,1.0,0.9817763680502767,0.5626252924999999,1.2652230253095489,1.9999999999999998e-05,0.37464499999999995
fixed/transition2,cea-12,detached,intact,0,1.0,0.9817763680502767,0.5626252924999999,1.2652230253095489,1.9999999999999998e-05,0.37464499999999995
fixed/transition3,cea-12,detached,intact,0,1.0,0.9817763680502767,0.5626252924999999,1.2652230253095489,1.9999999999999998e-05,0.37464499999999995
oracle-boundary/absolute,cea-12,detached,intact,0,1.0,0.0009804805139616427,9.800000000392828e-07,0.011582902361780037,1.9999999999999998e-05,0.9990199999999998
oracle-boundary/present,cea-12,detached,intact,0,1.0,0.9817763680502767,0.5626252924999999,1.2652230253095489,1.9999999999999998e-05,0.37464499999999995
oracle-boundary/recency,cea-12,detached,intact,0,1.0,0.05024121643674679,0.0024500000000000632,0.38625940550147086,0.001,0.951
oracle-boundary/reference,cea-12,detached,intact,0,1.0,0.0009804805139616427,9.800000000392828e-07,0.011582902361780037,1.9999999999999998e-05,0.9990199999999998
oracle-boundary/transition1,cea-12,detached,intact,0,1.0,0.69410764165507,0.50000048,0.7038282854721148,1.9999999999999998e-05,0.4995199999999999
oracle-boundary/transition2,cea-12,detached,intact,0,1.0,0.0009804805139616427,9.800000000392828e-07,0.011582902361780037,1.9999999999999998e-05,0.9990199999999998
oracle-boundary/transition3,cea-12,detached,intact,0,1.0,0.0009804805139616427,9.800000000392828e-07,0.011582902361780037,1.9999999999999998e-05,0.9990199999999998
map/absolute,cea-12,detached,intact,1,1.0,0.0009804805139614205,9.800000000392828e-07,0.011582902361779817,2e-05,0.99902
map/present,cea-12,detached,intact,1,0.0,0.9817763680502767,0.5626252924999999,1.2652230253095489,1.9999999999999998e-05,0.37464499999999995
map/recency,cea-12,detached,intact,1,1.0,0.05024121643674679,0.0024500000000000632,0.38625940550147086,0.001,0.951
map/reference,cea-12,detached,intact,1,1.0,0.0009804805139614205,9.800000000392828e-07,0.011582902361779817,2e-05,0.99902
map/transition1,cea-12,detached,intact,1,1.0,0.0009804805139614205,9.800000000392828e-07,0.011582902361779817,2e-05,0.99902
map/transition2,cea-12,detached,intact,1,1.0,0.0009804805139614205,9.800000000392828e-07,0.011582902361779817,2e-05,0.99902
map/transition3,cea-12,detached,intact,1,1.0,0.0009804805139614205,9.800000000392828e-07,0.011582902361779817,2e-05,0.99902
mixture/absolute,cea-12,detached,intact,1,0.0,+Infinity,2.0,-0.0,1.0,1.0
mixture/present,cea-12,detached,intact,1,0.0,+Infinity,2.0,-0.0,1.0,1.0
mixture/recency,cea-12,detached,intact,1,0.0,+Infinity,2.0,-0.0,1.0,1.0
mixture/reference,cea-12,detached,intact,1,0.0,+Infinity,2.0,-0.0,1.0,1.0
mixture/transition1,cea-12,detached,intact,1,0.0,+Infinity,2.0,-0.0,1.0,1.0
mixture/transition2,cea-12,detached,intact,1,0.0,+Infinity,2.0,-0.0,1.0,1.0
mixture/transition3,cea-12,detached,intact,1,0.0,+Infinity,2.0,-0.0,1.0,1.0
repaired/absolute,cea-12,detached,intact,1,1.0,0.0009804805139614205,9.800000000392828e-07,0.011582902361779817,2e-05,0.99902
repaired/present,cea-12,detached,intact,1,0.0,0.9817763680502767,0.5626252924999999,1.2652230253095489,1.9999999999999998e-05,0.37464499999999995
repaired/recency,cea-12,detached,intact,1,1.0,0.05024121643674679,0.0024500000000000632,0.38625940550147086,0.001,0.951
repaired/reference,cea-12,detached,intact,1,1.0,0.0009804805139614205,9.800000000392828e-07,0.011582902361779817,2e-05,0.99902
repaired/transition1,cea-12,detached,intact,1,1.0,0.29979292447268174,0.13369498696300908,0.5820865758021966,2e-05,0.7409716418897531
repaired/transition2,cea-12,detached,intact,1,1.0,0.0009804805139614205,9.800000000392828e-07,0.011582902361779817,2e-05,0.99902
repaired/transition3,cea-12,detached,intact,1,1.0,0.0009804805139614205,9.800000000392828e-07,0.011582902361779817,2e-05,0.99902
streaming/absolute,cea-12,detached,intact,1,1.0,0.0009804805139614205,9.800000000392828e-07,0.011582902361779817,2e-05,0.99902
streaming/present,cea-12,detached,intact,1,0.0,0.9817763680502767,0.5626252924999999,1.2652230253095489,1.9999999999999998e-05,0.37464499999999995
streaming/recency,cea-12,detached,intact,1,1.0,0.05024121643674679,0.0024500000000000632,0.38625940550147086,0.001,0.951
streaming/reference,cea-12,detached,intact,1,1.0,0.0009804805139614205,9.800000000392828e-07,0.011582902361779817,2e-05,0.99902
streaming/transition1,cea-12,detached,intact,1,1.0,0.0009804805139614205,9.800000000392828e-07,0.011582902361779817,2e-05,0.99902
streaming/transition2,cea-12,detached,intact,1,1.0,0.0009804805139614205,9.800000000392828e-07,0.011582902361779817,2e-05,0.99902
streaming/transition3,cea-12,detached,intact,1,1.0,0.0009804805139614205,9.800000000392828e-07,0.011582902361779817,2e-05,0.99902
fixed/absolute,cea-12,detached,intact,1,0.0,0.9817763680502767,0.5626252924999999,1.2652230253095489,1.9999999999999998e-05,0.37464499999999995
fixed/present,cea-12,detached,intact,1,0.0,0.9817763680502767,0.5626252924999999,1.2652230253095489,1.9999999999999998e-05,0.37464499999999995
fixed/recency,cea-12,detached,intact,1,0.0,1.0293194621721604,0.5694812499999999,1.5615080942797084,0.001,0.35724999999999996
fixed/reference,cea-12,detached,intact,1,0.0,0.9817763680502767,0.5626252924999999,1.2652230253095489,1.9999999999999998e-05,0.37464499999999995
fixed/transition1,cea-12,detached,intact,1,0.0,0.9817763680502767,0.5626252924999999,1.2652230253095489,1.9999999999999998e-05,0.37464499999999995
fixed/transition2,cea-12,detached,intact,1,0.0,0.9817763680502767,0.5626252924999999,1.2652230253095489,1.9999999999999998e-05,0.37464499999999995
fixed/transition3,cea-12,detached,intact,1,0.0,0.9817763680502767,0.5626252924999999,1.2652230253095489,1.9999999999999998e-05,0.37464499999999995
oracle-boundary/absolute,cea-12,detached,intact,1,1.0,0.0009804805139614205,9.800000000392828e-07,0.011582902361779817,2e-05,0.99902
oracle-boundary/present,cea-12,detached,intact,1,0.0,0.9817763680502767,0.5626252924999999,1.2652230253095489,1.9999999999999998e-05,0.37464499999999995
oracle-boundary/recency,cea-12,detached,intact,1,1.0,0.05024121643674679,0.0024500000000000632,0.38625940550147086,0.001,0.951
oracle-boundary/reference,cea-12,detached,intact,1,1.0,0.0009804805139614205,9.800000000392828e-07,0.011582902361779817,2e-05,0.99902
oracle-boundary/transition1,cea-12,detached,intact,1,0.0,0.69410764165507,0.50000048,0.7038282854721148,1.9999999999999998e-05,0.4995199999999999
oracle-boundary/transition2,cea-12,detached,intact,1,1.0,0.0009804805139614205,9.800000000392828e-07,0.011582902361779817,2e-05,0.99902
oracle-boundary/transition3,cea-12,detached,intact,1,1.0,0.0009804805139614205,9.800000000392828e-07,0.011582902361779817,2e-05,0.99902
map/absolute,cea-12,legato,intact,0,1.0,0.9817763680502767,0.5626252924999999,1.2652230253095489,1.9999999999999998e-05,0.37464499999999995
map/present,cea-12,legato,intact,0,1.0,0.9817763680502767,0.5626252924999999,1.2652230253095489,1.9999999999999998e-05,0.37464499999999995
map/recency,cea-12,legato,intact,0,0.0,6.907755278982137,1.90245,0.38625940550147086,0.001,0.951
map/reference,cea-12,legato,intact,0,1.0,0.9817763680502767,0.5626252924999999,1.2652230253095489,1.9999999999999998e-05,0.37464499999999995
map/transition1,cea-12,legato,intact,0,0.0,10.819778284410283,1.99800098,0.011582902361779817,2e-05,0.99902
map/transition2,cea-12,legato,intact,0,1.0,0.9817763680502767,0.5626252924999999,1.2652230253095489,1.9999999999999998e-05,0.37464499999999995
map/transition3,cea-12,legato,intact,0,1.0,0.9817763680502767,0.5626252924999999,1.2652230253095489,1.9999999999999998e-05,0.37464499999999995
mixture/absolute,cea-12,legato,intact,0,0.0,1.8888866832390865,1.4177605089744452,0.5093578510130167,0.8350365716592743,0.8350365716592743
mixture/present,cea-12,legato,intact,0,0.0,2.7837878439188724,1.5821666260129201,0.6564901851360412,0.8350365716592743,0.8350365716592743
mixture/recency,cea-12,legato,intact,0,0.0,1.8522526923053424,1.4084030767742393,0.5099627171337694,0.835198239052396,0.835198239052396
mixture/reference,cea-12,legato,intact,0,0.0,1.8888866832390865,1.4177605089744452,0.5093578510130167,0.8350365716592743,0.8350365716592743
mixture/transition1,cea-12,legato,intact,0,0.0,2.4218869220642505,1.5334396393363319,0.5633889503277302,0.8350365716592743,0.8350365716592743
mixture/transition2,cea-12,legato,intact,0,0.0,1.8029919563825572,1.3948366638612741,0.44968127637091293,0.8350365716592743,0.8350365716592743
mixture/transition3,cea-12,legato,intact,0,0.0,1.8888866832390865,1.4177605089744452,0.5093578510130167,0.8350365716592743,0.8350365716592743
repaired/absolute,cea-12,legato,intact,0,1.0,0.0009804805139616427,9.800000000392828e-07,0.011582902361780037,1.9999999999999998e-05,0.9990199999999998
repaired/present,cea-12,legato,intact,0,1.0,0.9817763680502767,0.5626252924999999,1.2652230253095489,1.9999999999999998e-05,0.37464499999999995
repaired/recency,cea-12,legato,intact,0,1.0,0.05024121643674679,0.0024500000000000632,0.38625940550147086,0.001,0.951
repaired/reference,cea-12,legato,intact,0,1.0,0.0009804805139616427,9.800000000392828e-07,0.011582902361780037,1.9999999999999998e-05,0.9990199999999998
repaired/transition1,cea-12,legato,intact,0,1.0,0.5272137609880784,0.3350088467395347,0.6872577780910734,1.9999999999999998e-05,0.5902472506386878
repaired/transition2,cea-12,legato,intact,0,1.0,0.0009804805139616427,9.800000000392828e-07,0.011582902361780037,1.9999999999999998e-05,0.9990199999999998
repaired/transition3,cea-12,legato,intact,0,1.0,0.0009804805139616427,9.800000000392828e-07,0.011582902361780037,1.9999999999999998e-05,0.9990199999999998
streaming/absolute,cea-12,legato,intact,0,1.0,0.9817763680502767,0.5626252924999999,1.2652230253095489,1.9999999999999998e-05,0.37464499999999995
streaming/present,cea-12,legato,intact,0,1.0,0.9817763680502767,0.5626252924999999,1.2652230253095489,1.9999999999999998e-05,0.37464499999999995
streaming/recency,cea-12,legato,intact,0,1.0,1.0293194621721604,0.5694812499999999,1.5615080942797084,0.001,0.35724999999999996
streaming/reference,cea-12,legato,intact,0,1.0,0.9817763680502767,0.5626252924999999,1.2652230253095489,1.9999999999999998e-05,0.37464499999999995
streaming/transition1,cea-12,legato,intact,0,1.0,0.9817763680502767,0.5626252924999999,1.2652230253095489,1.9999999999999998e-05,0.37464499999999995
streaming/transition2,cea-12,legato,intact,0,1.0,0.9817763680502767,0.5626252924999999,1.2652230253095489,1.9999999999999998e-05,0.37464499999999995
streaming/transition3,cea-12,legato,intact,0,1.0,0.9817763680502767,0.5626252924999999,1.2652230253095489,1.9999999999999998e-05,0.37464499999999995
fixed/absolute,cea-12,legato,intact,0,1.0,0.9817763680502767,0.5626252924999999,1.2652230253095489,1.9999999999999998e-05,0.37464499999999995
fixed/present,cea-12,legato,intact,0,1.0,0.9817763680502767,0.5626252924999999,1.2652230253095489,1.9999999999999998e-05,0.37464499999999995
fixed/recency,cea-12,legato,intact,0,1.0,1.0293194621721604,0.5694812499999999,1.5615080942797084,0.001,0.35724999999999996
fixed/reference,cea-12,legato,intact,0,1.0,0.9817763680502767,0.5626252924999999,1.2652230253095489,1.9999999999999998e-05,0.37464499999999995
fixed/transition1,cea-12,legato,intact,0,1.0,0.9817763680502767,0.5626252924999999,1.2652230253095489,1.9999999999999998e-05,0.37464499999999995
fixed/transition2,cea-12,legato,intact,0,1.0,0.9817763680502767,0.5626252924999999,1.2652230253095489,1.9999999999999998e-05,0.37464499999999995
fixed/transition3,cea-12,legato,intact,0,1.0,0.9817763680502767,0.5626252924999999,1.2652230253095489,1.9999999999999998e-05,0.37464499999999995
oracle-boundary/absolute,cea-12,legato,intact,0,1.0,0.0009804805139616427,9.800000000392828e-07,0.011582902361780037,1.9999999999999998e-05,0.9990199999999998
oracle-boundary/present,cea-12,legato,intact,0,1.0,0.9817763680502767,0.5626252924999999,1.2652230253095489,1.9999999999999998e-05,0.37464499999999995
oracle-boundary/recency,cea-12,legato,intact,0,1.0,0.05024121643674679,0.0024500000000000632,0.38625940550147086,0.001,0.951
oracle-boundary/reference,cea-12,legato,intact,0,1.0,0.0009804805139616427,9.800000000392828e-07,0.011582902361780037,1.9999999999999998e-05,0.9990199999999998
oracle-boundary/transition1,cea-12,legato,intact,0,1.0,0.69410764165507,0.50000048,0.7038282854721148,1.9999999999999998e-05,0.4995199999999999
oracle-boundary/transition2,cea-12,legato,intact,0,1.0,0.0009804805139616427,9.800000000392828e-07,0.011582902361780037,1.9999999999999998e-05,0.9990199999999998
oracle-boundary/transition3,cea-12,legato,intact,0,1.0,0.0009804805139616427,9.800000000392828e-07,0.011582902361780037,1.9999999999999998e-05,0.9990199999999998
map/absolute,cea-12,legato,intact,1,1.0,0.0009804805139614205,9.800000000392828e-07,0.011582902361779817,2e-05,0.99902
map/present,cea-12,legato,intact,1,0.0,0.9817763680502767,0.5626252924999999,1.2652230253095489,1.9999999999999998e-05,0.37464499999999995
map/recency,cea-12,legato,intact,1,1.0,0.05024121643674679,0.0024500000000000632,0.38625940550147086,0.001,0.951
map/reference,cea-12,legato,intact,1,1.0,0.0009804805139614205,9.800000000392828e-07,0.011582902361779817,2e-05,0.99902
map/transition1,cea-12,legato,intact,1,1.0,0.0009804805139614205,9.800000000392828e-07,0.011582902361779817,2e-05,0.99902
map/transition2,cea-12,legato,intact,1,1.0,0.0009804805139614205,9.800000000392828e-07,0.011582902361779817,2e-05,0.99902
map/transition3,cea-12,legato,intact,1,1.0,0.0009804805139614205,9.800000000392828e-07,0.011582902361779817,2e-05,0.99902
mixture/absolute,cea-12,legato,intact,1,0.0,1.8894926528956795,1.418082849166352,0.5091584638251823,0.8351365042101916,0.8351365042101916
mixture/present,cea-12,legato,intact,1,0.0,2.7843938135754653,1.5823981293491869,0.6562016672262083,0.8351365042101916,0.8351365042101916
mixture/recency,cea-12,legato,intact,1,0.0,1.8528586619619356,1.4087301134091295,0.5097628462970246,0.8352980736674548,0.8352980736674548
mixture/reference,cea-12,legato,intact,1,0.0,1.8894926528956795,1.418082849166352,0.5091584638251823,0.8351365042101916,0.8351365042101916
mixture/transition1,cea-12,legato,intact,1,0.0,2.3725617435047637,1.5247713779470704,0.5622027852072629,0.8351365042101916,0.8351365042101916
mixture/transition2,cea-12,legato,intact,1,0.0,1.8035979260391501,1.39517034455314,0.4495180404221378,0.8351365042101916,0.8351365042101916
mixture/transition3,cea-12,legato,intact,1,0.0,1.8894926528956795,1.418082849166352,0.5091584638251823,0.8351365042101916,0.8351365042101916
repaired/absolute,cea-12,legato,intact,1,1.0,0.0009804805139614205,9.800000000392828e-07,0.011582902361779817,2e-05,0.99902
repaired/present,cea-12,legato,intact,1,0.0,0.9817763680502767,0.5626252924999999,1.2652230253095489,1.9999999999999998e-05,0.37464499999999995
repaired/recency,cea-12,legato,intact,1,1.0,0.05024121643674679,0.0024500000000000632,0.38625940550147086,0.001,0.951
repaired/reference,cea-12,legato,intact,1,1.0,0.0009804805139614205,9.800000000392828e-07,0.011582902361779817,2e-05,0.99902
repaired/transition1,cea-12,legato,intact,1,1.0,0.42355874981829145,0.23778461408291074,0.6548051799963237,1.9999999999999998e-05,0.6547127102837654
repaired/transition2,cea-12,legato,intact,1,1.0,0.0009804805139614205,9.800000000392828e-07,0.011582902361779817,2e-05,0.99902
repaired/transition3,cea-12,legato,intact,1,1.0,0.0009804805139614205,9.800000000392828e-07,0.011582902361779817,2e-05,0.99902
streaming/absolute,cea-12,legato,intact,1,0.0,0.9817763680502767,0.5626252924999999,1.2652230253095489,1.9999999999999998e-05,0.37464499999999995
streaming/present,cea-12,legato,intact,1,0.0,0.9817763680502767,0.5626252924999999,1.2652230253095489,1.9999999999999998e-05,0.37464499999999995
streaming/recency,cea-12,legato,intact,1,0.0,1.0293194621721604,0.5694812499999999,1.5615080942797084,0.001,0.35724999999999996
streaming/reference,cea-12,legato,intact,1,0.0,0.9817763680502767,0.5626252924999999,1.2652230253095489,1.9999999999999998e-05,0.37464499999999995
streaming/transition1,cea-12,legato,intact,1,0.0,0.9817763680502767,0.5626252924999999,1.2652230253095489,1.9999999999999998e-05,0.37464499999999995
streaming/transition2,cea-12,legato,intact,1,0.0,0.9817763680502767,0.5626252924999999,1.2652230253095489,1.9999999999999998e-05,0.37464499999999995
streaming/transition3,cea-12,legato,intact,1,0.0,0.9817763680502767,0.5626252924999999,1.2652230253095489,1.9999999999999998e-05,0.37464499999999995
fixed/absolute,cea-12,legato,intact,1,0.0,0.9817763680502767,0.5626252924999999,1.2652230253095489,1.9999999999999998e-05,0.37464499999999995
fixed/present,cea-12,legato,intact,1,0.0,0.9817763680502767,0.5626252924999999,1.2652230253095489,1.9999999999999998e-05,0.37464499999999995
fixed/recency,cea-12,legato,intact,1,0.0,1.0293194621721604,0.5694812499999999,1.5615080942797084,0.001,0.35724999999999996
fixed/reference,cea-12,legato,intact,1,0.0,0.9817763680502767,0.5626252924999999,1.2652230253095489,1.9999999999999998e-05,0.37464499999999995
fixed/transition1,cea-12,legato,intact,1,0.0,0.9817763680502767,0.5626252924999999,1.2652230253095489,1.9999999999999998e-05,0.37464499999999995
fixed/transition2,cea-12,legato,intact,1,0.0,0.9817763680502767,0.5626252924999999,1.2652230253095489,1.9999999999999998e-05,0.37464499999999995
fixed/transition3,cea-12,legato,intact,1,0.0,0.9817763680502767,0.5626252924999999,1.2652230253095489,1.9999999999999998e-05,0.37464499999999995
oracle-boundary/absolute,cea-12,legato,intact,1,1.0,0.0009804805139614205,9.800000000392828e-07,0.011582902361779817,2e-05,0.99902
oracle-boundary/present,cea-12,legato,intact,1,0.0,0.9817763680502767,0.5626252924999999,1.2652230253095489,1.9999999999999998e-05,0.37464499999999995
oracle-boundary/recency,cea-12,legato,intact,1,1.0,0.05024121643674679,0.0024500000000000632,0.38625940550147086,0.001,0.951
oracle-boundary/reference,cea-12,legato,intact,1,1.0,0.0009804805139614205,9.800000000392828e-07,0.011582902361779817,2e-05,0.99902
oracle-boundary/transition1,cea-12,legato,intact,1,0.0,0.69410764165507,0.50000048,0.7038282854721148,1.9999999999999998e-05,0.4995199999999999
oracle-boundary/transition2,cea-12,legato,intact,1,1.0,0.0009804805139614205,9.800000000392828e-07,0.011582902361779817,2e-05,0.99902
oracle-boundary/transition3,cea-12,legato,intact,1,1.0,0.0009804805139614205,9.800000000392828e-07,0.011582902361779817,2e-05,0.99902
map/absolute,cea-12,duration,intact,0,1.0,0.9817763680502767,0.5626252924999999,1.2652230253095489,1.9999999999999998e-05,0.37464499999999995
map/present,cea-12,duration,intact,0,1.0,0.9817763680502767,0.5626252924999999,1.2652230253095489,1.9999999999999998e-05,0.37464499999999995
map/recency,cea-12,duration,intact,0,0.0,6.907755278982137,1.90245,0.38625940550147086,0.001,0.951
map/reference,cea-12,duration,intact,0,1.0,0.9817763680502767,0.5626252924999999,1.2652230253095489,1.9999999999999998e-05,0.37464499999999995
map/transition1,cea-12,duration,intact,0,0.0,10.819778284410283,1.99800098,0.011582902361779817,2e-05,0.99902
map/transition2,cea-12,duration,intact,0,1.0,0.9817763680502767,0.5626252924999999,1.2652230253095489,1.9999999999999998e-05,0.37464499999999995
map/transition3,cea-12,duration,intact,0,1.0,0.9817763680502767,0.5626252924999999,1.2652230253095489,1.9999999999999998e-05,0.37464499999999995
mixture/absolute,cea-12,duration,intact,0,0.0,1.299028477297711,1.0425508092285476,0.6527928419145026,0.7167148075144834,0.7167148075144834
mixture/present,cea-12,duration,intact,0,0.0,2.2430575093269542,1.326445467613767,0.9543885001871883,0.7167148075144834,0.7167148075144834
mixture/recency,cea-12,duration,intact,0,0.0,1.311522357713424,1.0478443239659665,0.702955169437815,0.7169924325556201,0.7169924325556201
mixture/reference,cea-12,duration,intact,0,0.0,1.299028477297711,1.0425508092285476,0.6527928419145026,0.7167148075144834,0.7167148075144834
mixture/transition1,cea-12,duration,intact,0,0.0,1.8235856961216566,1.2316332505002805,0.7925324286885884,0.7167148075144834,0.7167148075144834
mixture/transition2,cea-12,duration,intact,0,0.0,1.299028477297711,1.0425508092285476,0.6527928419145026,0.7167148075144834,0.7167148075144834
mixture/transition3,cea-12,duration,intact,0,0.0,1.299028477297711,1.0425508092285476,0.6527928419145026,0.7167148075144834,0.7167148075144834
repaired/absolute,cea-12,duration,intact,0,1.0,0.0009804805139616427,9.800000000392828e-07,0.011582902361780037,1.9999999999999998e-05,0.9990199999999998
repaired/present,cea-12,duration,intact,0,1.0,0.9817763680502767,0.5626252924999999,1.2652230253095489,1.9999999999999998e-05,0.37464499999999995
repaired/recency,cea-12,duration,intact,0,1.0,0.05024121643674679,0.0024500000000000632,0.38625940550147086,0.001,0.951
repaired/reference,cea-12,duration,intact,0,1.0,0.0009804805139616427,9.800000000392828e-07,0.011582902361780037,1.9999999999999998e-05,0.9990199999999998
repaired/transition1,cea-12,duration,intact,0,1.0,0.6868840270671026,0.49278390108380243,0.7038020309037333,2e-05,0.5031414040252126
repaired/transition2,cea-12,duration,intact,0,1.0,0.0009804805139616427,9.800000000392828e-07,0.011582902361780037,1.9999999999999998e-05,0.9990199999999998
repaired/transition3,cea-12,duration,intact,0,1.0,0.0009804805139616427,9.800000000392828e-07,0.011582902361780037,1.9999999999999998e-05,0.9990199999999998
streaming/absolute,cea-12,duration,intact,0,1.0,0.9817763680502767,0.5626252924999999,1.2652230253095489,1.9999999999999998e-05,0.37464499999999995
streaming/present,cea-12,duration,intact,0,1.0,0.9817763680502767,0.5626252924999999,1.2652230253095489,1.9999999999999998e-05,0.37464499999999995
streaming/recency,cea-12,duration,intact,0,1.0,0.05024121643674679,0.0024500000000000632,0.38625940550147086,0.001,0.951
streaming/reference,cea-12,duration,intact,0,1.0,0.9817763680502767,0.5626252924999999,1.2652230253095489,1.9999999999999998e-05,0.37464499999999995
streaming/transition1,cea-12,duration,intact,0,1.0,0.9817763680502767,0.5626252924999999,1.2652230253095489,1.9999999999999998e-05,0.37464499999999995
streaming/transition2,cea-12,duration,intact,0,1.0,0.9817763680502767,0.5626252924999999,1.2652230253095489,1.9999999999999998e-05,0.37464499999999995
streaming/transition3,cea-12,duration,intact,0,1.0,0.9817763680502767,0.5626252924999999,1.2652230253095489,1.9999999999999998e-05,0.37464499999999995
fixed/absolute,cea-12,duration,intact,0,1.0,0.9817763680502767,0.5626252924999999,1.2652230253095489,1.9999999999999998e-05,0.37464499999999995
fixed/present,cea-12,duration,intact,0,1.0,0.9817763680502767,0.5626252924999999,1.2652230253095489,1.9999999999999998e-05,0.37464499999999995
fixed/recency,cea-12,duration,intact,0,1.0,1.0293194621721604,0.5694812499999999,1.5615080942797084,0.001,0.35724999999999996
fixed/reference,cea-12,duration,intact,0,1.0,0.9817763680502767,0.5626252924999999,1.2652230253095489,1.9999999999999998e-05,0.37464499999999995
fixed/transition1,cea-12,duration,intact,0,1.0,0.9817763680502767,0.5626252924999999,1.2652230253095489,1.9999999999999998e-05,0.37464499999999995
fixed/transition2,cea-12,duration,intact,0,1.0,0.9817763680502767,0.5626252924999999,1.2652230253095489,1.9999999999999998e-05,0.37464499999999995
fixed/transition3,cea-12,duration,intact,0,1.0,0.9817763680502767,0.5626252924999999,1.2652230253095489,1.9999999999999998e-05,0.37464499999999995
oracle-boundary/absolute,cea-12,duration,intact,0,1.0,0.0009804805139616427,9.800000000392828e-07,0.011582902361780037,1.9999999999999998e-05,0.9990199999999998
oracle-boundary/present,cea-12,duration,intact,0,1.0,0.9817763680502767,0.5626252924999999,1.2652230253095489,1.9999999999999998e-05,0.37464499999999995
oracle-boundary/recency,cea-12,duration,intact,0,1.0,0.05024121643674679,0.0024500000000000632,0.38625940550147086,0.001,0.951
oracle-boundary/reference,cea-12,duration,intact,0,1.0,0.0009804805139616427,9.800000000392828e-07,0.011582902361780037,1.9999999999999998e-05,0.9990199999999998
oracle-boundary/transition1,cea-12,duration,intact,0,1.0,0.69410764165507,0.50000048,0.7038282854721148,1.9999999999999998e-05,0.4995199999999999
oracle-boundary/transition2,cea-12,duration,intact,0,1.0,0.0009804805139616427,9.800000000392828e-07,0.011582902361780037,1.9999999999999998e-05,0.9990199999999998
oracle-boundary/transition3,cea-12,duration,intact,0,1.0,0.0009804805139616427,9.800000000392828e-07,0.011582902361780037,1.9999999999999998e-05,0.9990199999999998
map/absolute,cea-12,duration,intact,1,1.0,0.0009804805139614205,9.800000000392828e-07,0.011582902361779817,2e-05,0.99902
map/present,cea-12,duration,intact,1,0.0,0.9817763680502767,0.5626252924999999,1.2652230253095489,1.9999999999999998e-05,0.37464499999999995
map/recency,cea-12,duration,intact,1,1.0,0.05024121643674679,0.0024500000000000632,0.38625940550147086,0.001,0.951
map/reference,cea-12,duration,intact,1,1.0,0.0009804805139614205,9.800000000392828e-07,0.011582902361779817,2e-05,0.99902
map/transition1,cea-12,duration,intact,1,1.0,0.0009804805139614205,9.800000000392828e-07,0.011582902361779817,2e-05,0.99902
map/transition2,cea-12,duration,intact,1,1.0,0.0009804805139614205,9.800000000392828e-07,0.011582902361779817,2e-05,0.99902
map/transition3,cea-12,duration,intact,1,1.0,0.0009804805139614205,9.800000000392828e-07,0.011582902361779817,2e-05,0.99902
mixture/absolute,cea-12,duration,intact,1,0.0,1.29902263823651,1.0425461220036132,0.6527947087519741,0.7167131533900779,0.7167131533900779
mixture/present,cea-12,duration,intact,1,0.0,2.243051670265753,1.3264421494345937,0.9543921280653077,0.7167131533900779,0.7167131533900779
mixture/recency,cea-12,duration,intact,1,0.0,1.3115165186522233,1.0478396557623841,0.7029573314384255,0.7169907800522889,0.7169907800522889
mixture/reference,cea-12,duration,intact,1,0.0,1.29902263823651,1.0425461220036132,0.6527947087519741,0.7167131533900779,0.7167131533900779
mixture/transition1,cea-12,duration,intact,1,0.0,1.8832461564645129,1.2497610043195566,0.794560656190337,0.7167131533900779,0.7167131533900779
mixture/transition2,cea-12,duration,intact,1,0.0,1.29902263823651,1.0425461220036132,0.6527947087519741,0.7167131533900779,0.7167131533900779
mixture/transition3,cea-12,duration,intact,1,0.0,1.29902263823651,1.0425461220036132,0.6527947087519741,0.7167131533900779,0.7167131533900779
repaired/absolute,cea-12,duration,intact,1,1.0,0.0009804805139614205,9.800000000392828e-07,0.011582902361779817,2e-05,0.99902
repaired/present,cea-12,duration,intact,1,0.0,0.9817763680502767,0.5626252924999999,1.2652230253095489,1.9999999999999998e-05,0.37464499999999995
repaired/recency,cea-12,duration,intact,1,1.0,0.05024121643674679,0.0024500000000000632,0.38625940550147086,0.001,0.951
repaired/reference,cea-12,duration,intact,1,1.0,0.0009804805139614205,9.800000000392828e-07,0.011582902361779817,2e-05,0.99902
repaired/transition1,cea-12,duration,intact,1,1.0,0.688511267704708,0.4944095220799949,0.7038125528822285,2e-05,0.5023233376620501
repaired/transition2,cea-12,duration,intact,1,1.0,0.0009804805139614205,9.800000000392828e-07,0.011582902361779817,2e-05,0.99902
repaired/transition3,cea-12,duration,intact,1,1.0,0.0009804805139614205,9.800000000392828e-07,0.011582902361779817,2e-05,0.99902
streaming/absolute,cea-12,duration,intact,1,0.0,0.9817763680502767,0.5626252924999999,1.2652230253095489,1.9999999999999998e-05,0.37464499999999995
streaming/present,cea-12,duration,intact,1,0.0,0.9817763680502767,0.5626252924999999,1.2652230253095489,1.9999999999999998e-05,0.37464499999999995
streaming/recency,cea-12,duration,intact,1,0.0,1.0293194621721604,0.5694812499999999,1.5615080942797084,0.001,0.35724999999999996
streaming/reference,cea-12,duration,intact,1,0.0,0.9817763680502767,0.5626252924999999,1.2652230253095489,1.9999999999999998e-05,0.37464499999999995
streaming/transition1,cea-12,duration,intact,1,0.0,0.9817763680502767,0.5626252924999999,1.2652230253095489,1.9999999999999998e-05,0.37464499999999995
streaming/transition2,cea-12,duration,intact,1,0.0,0.9817763680502767,0.5626252924999999,1.2652230253095489,1.9999999999999998e-05,0.37464499999999995
streaming/transition3,cea-12,duration,intact,1,0.0,0.9817763680502767,0.5626252924999999,1.2652230253095489,1.9999999999999998e-05,0.37464499999999995
fixed/absolute,cea-12,duration,intact,1,0.0,0.9817763680502767,0.5626252924999999,1.2652230253095489,1.9999999999999998e-05,0.37464499999999995
fixed/present,cea-12,duration,intact,1,0.0,0.9817763680502767,0.5626252924999999,1.2652230253095489,1.9999999999999998e-05,0.37464499999999995
fixed/recency,cea-12,duration,intact,1,0.0,1.0293194621721604,0.5694812499999999,1.5615080942797084,0.001,0.35724999999999996
fixed/reference,cea-12,duration,intact,1,0.0,0.9817763680502767,0.5626252924999999,1.2652230253095489,1.9999999999999998e-05,0.37464499999999995
fixed/transition1,cea-12,duration,intact,1,0.0,0.9817763680502767,0.5626252924999999,1.2652230253095489,1.9999999999999998e-05,0.37464499999999995
fixed/transition2,cea-12,duration,intact,1,0.0,0.9817763680502767,0.5626252924999999,1.2652230253095489,1.9999999999999998e-05,0.37464499999999995
fixed/transition3,cea-12,duration,intact,1,0.0,0.9817763680502767,0.5626252924999999,1.2652230253095489,1.9999999999999998e-05,0.37464499999999995
oracle-boundary/absolute,cea-12,duration,intact,1,1.0,0.0009804805139614205,9.800000000392828e-07,0.011582902361779817,2e-05,0.99902
oracle-boundary/present,cea-12,duration,intact,1,0.0,0.9817763680502767,0.5626252924999999,1.2652230253095489,1.9999999999999998e-05,0.37464499999999995
oracle-boundary/recency,cea-12,duration,intact,1,1.0,0.05024121643674679,0.0024500000000000632,0.38625940550147086,0.001,0.951
oracle-boundary/reference,cea-12,duration,intact,1,1.0,0.0009804805139614205,9.800000000392828e-07,0.011582902361779817,2e-05,0.99902
oracle-boundary/transition1,cea-12,duration,intact,1,0.0,0.69410764165507,0.50000048,0.7038282854721148,1.9999999999999998e-05,0.4995199999999999
oracle-boundary/transition2,cea-12,duration,intact,1,1.0,0.0009804805139614205,9.800000000392828e-07,0.011582902361779817,2e-05,0.99902
oracle-boundary/transition3,cea-12,duration,intact,1,1.0,0.0009804805139614205,9.800000000392828e-07,0.011582902361779817,2e-05,0.99902
map/absolute,cea-12,joint,intact,0,1.0,0.9817763680502767,0.5626252924999999,1.2652230253095489,1.9999999999999998e-05,0.37464499999999995
map/present,cea-12,joint,intact,0,1.0,0.9817763680502767,0.5626252924999999,1.2652230253095489,1.9999999999999998e-05,0.37464499999999995
map/recency,cea-12,joint,intact,0,0.0,6.907755278982137,1.90245,0.38625940550147086,0.001,0.951
map/reference,cea-12,joint,intact,0,1.0,0.9817763680502767,0.5626252924999999,1.2652230253095489,1.9999999999999998e-05,0.37464499999999995
map/transition1,cea-12,joint,intact,0,0.0,10.819778284410283,1.99800098,0.011582902361779817,2e-05,0.99902
map/transition2,cea-12,joint,intact,0,1.0,0.9817763680502767,0.5626252924999999,1.2652230253095489,1.9999999999999998e-05,0.37464499999999995
map/transition3,cea-12,joint,intact,0,1.0,0.9817763680502767,0.5626252924999999,1.2652230253095489,1.9999999999999998e-05,0.37464499999999995
mixture/absolute,cea-12,joint,intact,0,0.0,1.1319306833756502,0.9178361595403146,0.6325645606124439,0.6772799994466823,0.6772799994466823
mixture/present,cea-12,joint,intact,0,0.0,2.112726570911965,1.249379207414429,1.0371473934404658,0.6772799994466823,0.6772799994466823
mixture/recency,cea-12,joint,intact,0,0.0,1.1811914192984352,0.9395114916114724,0.7507723097552638,0.6775962713726631,0.6775962713726631
mixture/reference,cea-12,joint,intact,0,0.0,1.1319306833756502,0.9178361595403146,0.6325645606124439,0.6772799994466823,0.6772799994466823
mixture/transition1,cea-12,joint,intact,0,0.0,1.6932547577066677,1.1438762107779592,0.8527600944599285,0.6772799994466823,0.6772799994466823
mixture/transition2,cea-12,joint,intact,0,0.0,1.1319306833756502,0.9178361595403146,0.6325645606124439,0.6772799994466823,0.6772799994466823
mixture/transition3,cea-12,joint,intact,0,0.0,1.1319306833756502,0.9178361595403146,0.6325645606124439,0.6772799994466823,0.6772799994466823
repaired/absolute,cea-12,joint,intact,0,1.0,0.0009804805139616427,9.800000000392828e-07,0.011582902361780037,1.9999999999999998e-05,0.9990199999999998
repaired/present,cea-12,joint,intact,0,1.0,0.9817763680502767,0.5626252924999999,1.2652230253095489,1.9999999999999998e-05,0.37464499999999995
repaired/recency,cea-12,joint,intact,0,1.0,0.05024121643674679,0.0024500000000000632,0.38625940550147086,0.001,0.951
repaired/reference,cea-12,joint,intact,0,1.0,0.0009804805139616427,9.800000000392828e-07,0.011582902361780037,1.9999999999999998e-05,0.9990199999999998
repaired/transition1,cea-12,joint,intact,0,1.0,0.6868840270671028,0.49278390108380243,0.7038020309037334,1.9999999999999998e-05,0.5031414040252125
repaired/transition2,cea-12,joint,intact,0,1.0,0.0009804805139616427,9.800000000392828e-07,0.011582902361780037,1.9999999999999998e-05,0.9990199999999998
repaired/transition3,cea-12,joint,intact,0,1.0,0.0009804805139616427,9.800000000392828e-07,0.011582902361780037,1.9999999999999998e-05,0.9990199999999998
streaming/absolute,cea-12,joint,intact,0,1.0,0.9817763680502767,0.5626252924999999,1.2652230253095489,1.9999999999999998e-05,0.37464499999999995
streaming/present,cea-12,joint,intact,0,1.0,0.9817763680502767,0.5626252924999999,1.2652230253095489,1.9999999999999998e-05,0.37464499999999995
streaming/recency,cea-12,joint,intact,0,1.0,0.05024121643674679,0.0024500000000000632,0.38625940550147086,0.001,0.951
streaming/reference,cea-12,joint,intact,0,1.0,0.9817763680502767,0.5626252924999999,1.2652230253095489,1.9999999999999998e-05,0.37464499999999995
streaming/transition1,cea-12,joint,intact,0,1.0,0.9817763680502767,0.5626252924999999,1.2652230253095489,1.9999999999999998e-05,0.37464499999999995
streaming/transition2,cea-12,joint,intact,0,1.0,0.9817763680502767,0.5626252924999999,1.2652230253095489,1.9999999999999998e-05,0.37464499999999995
streaming/transition3,cea-12,joint,intact,0,1.0,0.9817763680502767,0.5626252924999999,1.2652230253095489,1.9999999999999998e-05,0.37464499999999995
fixed/absolute,cea-12,joint,intact,0,1.0,0.9817763680502767,0.5626252924999999,1.2652230253095489,1.9999999999999998e-05,0.37464499999999995
fixed/present,cea-12,joint,intact,0,1.0,0.9817763680502767,0.5626252924999999,1.2652230253095489,1.9999999999999998e-05,0.37464499999999995
fixed/recency,cea-12,joint,intact,0,1.0,1.0293194621721604,0.5694812499999999,1.5615080942797084,0.001,0.35724999999999996
fixed/reference,cea-12,joint,intact,0,1.0,0.9817763680502767,0.5626252924999999,1.2652230253095489,1.9999999999999998e-05,0.37464499999999995
fixed/transition1,cea-12,joint,intact,0,1.0,0.9817763680502767,0.5626252924999999,1.2652230253095489,1.9999999999999998e-05,0.37464499999999995
fixed/transition2,cea-12,joint,intact,0,1.0,0.9817763680502767,0.5626252924999999,1.2652230253095489,1.9999999999999998e-05,0.37464499999999995
fixed/transition3,cea-12,joint,intact,0,1.0,0.9817763680502767,0.5626252924999999,1.2652230253095489,1.9999999999999998e-05,0.37464499999999995
oracle-boundary/absolute,cea-12,joint,intact,0,1.0,0.0009804805139616427,9.800000000392828e-07,0.011582902361780037,1.9999999999999998e-05,0.9990199999999998
oracle-boundary/present,cea-12,joint,intact,0,1.0,0.9817763680502767,0.5626252924999999,1.2652230253095489,1.9999999999999998e-05,0.37464499999999995
oracle-boundary/recency,cea-12,joint,intact,0,1.0,0.05024121643674679,0.0024500000000000632,0.38625940550147086,0.001,0.951
oracle-boundary/reference,cea-12,joint,intact,0,1.0,0.0009804805139616427,9.800000000392828e-07,0.011582902361780037,1.9999999999999998e-05,0.9990199999999998
oracle-boundary/transition1,cea-12,joint,intact,0,1.0,0.69410764165507,0.50000048,0.7038282854721148,1.9999999999999998e-05,0.4995199999999999
oracle-boundary/transition2,cea-12,joint,intact,0,1.0,0.0009804805139616427,9.800000000392828e-07,0.011582902361780037,1.9999999999999998e-05,0.9990199999999998
oracle-boundary/transition3,cea-12,joint,intact,0,1.0,0.0009804805139616427,9.800000000392828e-07,0.011582902361780037,1.9999999999999998e-05,0.9990199999999998
map/absolute,cea-12,joint,intact,1,1.0,0.0009804805139614205,9.800000000392828e-07,0.011582902361779817,2e-05,0.99902
map/present,cea-12,joint,intact,1,0.0,0.9817763680502767,0.5626252924999999,1.2652230253095489,1.9999999999999998e-05,0.37464499999999995
map/recency,cea-12,joint,intact,1,1.0,0.05024121643674679,0.0024500000000000632,0.38625940550147086,0.001,0.951
map/reference,cea-12,joint,intact,1,1.0,0.0009804805139614205,9.800000000392828e-07,0.011582902361779817,2e-05,0.99902
map/transition1,cea-12,joint,intact,1,1.0,0.0009804805139614205,9.800000000392828e-07,0.011582902361779817,2e-05,0.99902
map/transition2,cea-12,joint,intact,1,1.0,0.0009804805139614205,9.800000000392828e-07,0.011582902361779817,2e-05,0.99902
map/transition3,cea-12,joint,intact,1,1.0,0.0009804805139614205,9.800000000392828e-07,0.011582902361779817,2e-05,0.99902
mixture/absolute,cea-12,joint,intact,1,0.0,1.131924844314449,0.9178310557999718,0.6325659788817293,0.6772781150593468,0.6772781150593468
mixture/present,cea-12,joint,intact,1,0.0,2.112720731850764,1.2493756223074994,1.03715117410057,0.6772781150593468,0.6772781150593468
mixture/recency,cea-12,joint,intact,1,0.0,1.1811855802372342,0.9395064563250577,0.7507744209749171,0.677594388832064,0.677594388832064
mixture/reference,cea-12,joint,intact,1,0.0,1.131924844314449,0.9178310557999718,0.6325659788817293,0.6772781150593468,0.6772781150593468
mixture/transition1,cea-12,joint,intact,1,0.0,1.752915218049524,1.1644371446630917,0.8550703097978397,0.6772781150593468,0.6772781150593468
mixture/transition2,cea-12,joint,intact,1,0.0,1.131924844314449,0.9178310557999718,0.6325659788817293,0.6772781150593468,0.6772781150593468
mixture/transition3,cea-12,joint,intact,1,0.0,1.131924844314449,0.9178310557999718,0.6325659788817293,0.6772781150593468,0.6772781150593468
repaired/absolute,cea-12,joint,intact,1,1.0,0.0009804805139614205,9.800000000392828e-07,0.011582902361779817,2e-05,0.99902
repaired/present,cea-12,joint,intact,1,0.0,0.9817763680502767,0.5626252924999999,1.2652230253095489,1.9999999999999998e-05,0.37464499999999995
repaired/recency,cea-12,joint,intact,1,1.0,0.05024121643674679,0.0024500000000000632,0.38625940550147086,0.001,0.951
repaired/reference,cea-12,joint,intact,1,1.0,0.0009804805139614205,9.800000000392828e-07,0.011582902361779817,2e-05,0.99902
repaired/transition1,cea-12,joint,intact,1,1.0,0.688511267704708,0.49440952207999467,0.7038125528822287,1.9999999999999998e-05,0.5023233376620501
repaired/transition2,cea-12,joint,intact,1,1.0,0.0009804805139614205,9.800000000392828e-07,0.011582902361779817,2e-05,0.99902
repaired/transition3,cea-12,joint,intact,1,1.0,0.0009804805139614205,9.800000000392828e-07,0.011582902361779817,2e-05,0.99902
streaming/absolute,cea-12,joint,intact,1,0.0,0.9817763680502767,0.5626252924999999,1.2652230253095489,1.9999999999999998e-05,0.37464499999999995
streaming/present,cea-12,joint,intact,1,0.0,0.9817763680502767,0.5626252924999999,1.2652230253095489,1.9999999999999998e-05,0.37464499999999995
streaming/recency,cea-12,joint,intact,1,0.0,1.0293194621721604,0.5694812499999999,1.5615080942797084,0.001,0.35724999999999996
streaming/reference,cea-12,joint,intact,1,0.0,0.9817763680502767,0.5626252924999999,1.2652230253095489,1.9999999999999998e-05,0.37464499999999995
streaming/transition1,cea-12,joint,intact,1,0.0,0.9817763680502767,0.5626252924999999,1.2652230253095489,1.9999999999999998e-05,0.37464499999999995
streaming/transition2,cea-12,joint,intact,1,0.0,0.9817763680502767,0.5626252924999999,1.2652230253095489,1.9999999999999998e-05,0.37464499999999995
streaming/transition3,cea-12,joint,intact,1,0.0,0.9817763680502767,0.5626252924999999,1.2652230253095489,1.9999999999999998e-05,0.37464499999999995
fixed/absolute,cea-12,joint,intact,1,0.0,0.9817763680502767,0.5626252924999999,1.2652230253095489,1.9999999999999998e-05,0.37464499999999995
fixed/present,cea-12,joint,intact,1,0.0,0.9817763680502767,0.5626252924999999,1.2652230253095489,1.9999999999999998e-05,0.37464499999999995
fixed/recency,cea-12,joint,intact,1,0.0,1.0293194621721604,0.5694812499999999,1.5615080942797084,0.001,0.35724999999999996
fixed/reference,cea-12,joint,intact,1,0.0,0.9817763680502767,0.5626252924999999,1.2652230253095489,1.9999999999999998e-05,0.37464499999999995
fixed/transition1,cea-12,joint,intact,1,0.0,0.9817763680502767,0.5626252924999999,1.2652230253095489,1.9999999999999998e-05,0.37464499999999995
fixed/transition2,cea-12,joint,intact,1,0.0,0.9817763680502767,0.5626252924999999,1.2652230253095489,1.9999999999999998e-05,0.37464499999999995
fixed/transition3,cea-12,joint,intact,1,0.0,0.9817763680502767,0.5626252924999999,1.2652230253095489,1.9999999999999998e-05,0.37464499999999995
oracle-boundary/absolute,cea-12,joint,intact,1,1.0,0.0009804805139614205,9.800000000392828e-07,0.011582902361779817,2e-05,0.99902
oracle-boundary/present,cea-12,joint,intact,1,0.0,0.9817763680502767,0.5626252924999999,1.2652230253095489,1.9999999999999998e-05,0.37464499999999995
oracle-boundary/recency,cea-12,joint,intact,1,1.0,0.05024121643674679,0.0024500000000000632,0.38625940550147086,0.001,0.951
oracle-boundary/reference,cea-12,joint,intact,1,1.0,0.0009804805139614205,9.800000000392828e-07,0.011582902361779817,2e-05,0.99902
oracle-boundary/transition1,cea-12,joint,intact,1,0.0,0.69410764165507,0.50000048,0.7038282854721148,1.9999999999999998e-05,0.4995199999999999
oracle-boundary/transition2,cea-12,joint,intact,1,1.0,0.0009804805139614205,9.800000000392828e-07,0.011582902361779817,2e-05,0.99902
oracle-boundary/transition3,cea-12,joint,intact,1,1.0,0.0009804805139614205,9.800000000392828e-07,0.011582902361779817,2e-05,0.99902
map/absolute,cea-12,joint,reset,0,1.0,0.9817763680502767,0.5626252924999999,1.2652230253095489,1.9999999999999998e-05,0.37464499999999995
map/present,cea-12,joint,reset,0,1.0,0.9817763680502767,0.5626252924999999,1.2652230253095489,1.9999999999999998e-05,0.37464499999999995
map/recency,cea-12,joint,reset,0,1.0,1.0293194621721604,0.5694812499999999,1.5615080942797084,0.001,0.35724999999999996
map/reference,cea-12,joint,reset,0,1.0,0.9817763680502767,0.5626252924999999,1.2652230253095489,1.9999999999999998e-05,0.37464499999999995
map/transition1,cea-12,joint,reset,0,1.0,0.9817763680502767,0.5626252924999999,1.2652230253095489,1.9999999999999998e-05,0.37464499999999995
map/transition2,cea-12,joint,reset,0,1.0,0.9817763680502767,0.5626252924999999,1.2652230253095489,1.9999999999999998e-05,0.37464499999999995
map/transition3,cea-12,joint,reset,0,1.0,0.9817763680502767,0.5626252924999999,1.2652230253095489,1.9999999999999998e-05,0.37464499999999995
mixture/absolute,cea-12,joint,reset,0,1.0,0.9817763680502767,0.5626252924999999,1.2652230253095489,1.9999999999999998e-05,0.37464499999999995
mixture/present,cea-12,joint,reset,0,1.0,0.9817763680502767,0.5626252924999999,1.2652230253095489,1.9999999999999998e-05,0.37464499999999995
mixture/recency,cea-12,joint,reset,0,1.0,1.0293194621721604,0.5694812499999999,1.5615080942797084,0.001,0.35724999999999996
mixture/reference,cea-12,joint,reset,0,1.0,0.9817763680502767,0.5626252924999999,1.2652230253095489,1.9999999999999998e-05,0.37464499999999995
mixture/transition1,cea-12,joint,reset,0,1.0,0.9817763680502767,0.5626252924999999,1.2652230253095489,1.9999999999999998e-05,0.37464499999999995
mixture/transition2,cea-12,joint,reset,0,1.0,0.9817763680502767,0.5626252924999999,1.2652230253095489,1.9999999999999998e-05,0.37464499999999995
mixture/transition3,cea-12,joint,reset,0,1.0,0.9817763680502767,0.5626252924999999,1.2652230253095489,1.9999999999999998e-05,0.37464499999999995
repaired/absolute,cea-12,joint,reset,0,1.0,0.9817763680502767,0.5626252924999999,1.2652230253095489,1.9999999999999998e-05,0.37464499999999995
repaired/present,cea-12,joint,reset,0,1.0,0.9817763680502767,0.5626252924999999,1.2652230253095489,1.9999999999999998e-05,0.37464499999999995
repaired/recency,cea-12,joint,reset,0,1.0,1.0293194621721604,0.5694812499999999,1.5615080942797084,0.001,0.35724999999999996
repaired/reference,cea-12,joint,reset,0,1.0,0.9817763680502767,0.5626252924999999,1.2652230253095489,1.9999999999999998e-05,0.37464499999999995
repaired/transition1,cea-12,joint,reset,0,1.0,0.9817763680502767,0.5626252924999999,1.2652230253095489,1.9999999999999998e-05,0.37464499999999995
repaired/transition2,cea-12,joint,reset,0,1.0,0.9817763680502767,0.5626252924999999,1.2652230253095489,1.9999999999999998e-05,0.37464499999999995
repaired/transition3,cea-12,joint,reset,0,1.0,0.9817763680502767,0.5626252924999999,1.2652230253095489,1.9999999999999998e-05,0.37464499999999995
streaming/absolute,cea-12,joint,reset,0,1.0,0.9817763680502767,0.5626252924999999,1.2652230253095489,1.9999999999999998e-05,0.37464499999999995
streaming/present,cea-12,joint,reset,0,1.0,0.9817763680502767,0.5626252924999999,1.2652230253095489,1.9999999999999998e-05,0.37464499999999995
streaming/recency,cea-12,joint,reset,0,1.0,1.0293194621721604,0.5694812499999999,1.5615080942797084,0.001,0.35724999999999996
streaming/reference,cea-12,joint,reset,0,1.0,0.9817763680502767,0.5626252924999999,1.2652230253095489,1.9999999999999998e-05,0.37464499999999995
streaming/transition1,cea-12,joint,reset,0,1.0,0.9817763680502767,0.5626252924999999,1.2652230253095489,1.9999999999999998e-05,0.37464499999999995
streaming/transition2,cea-12,joint,reset,0,1.0,0.9817763680502767,0.5626252924999999,1.2652230253095489,1.9999999999999998e-05,0.37464499999999995
streaming/transition3,cea-12,joint,reset,0,1.0,0.9817763680502767,0.5626252924999999,1.2652230253095489,1.9999999999999998e-05,0.37464499999999995
fixed/absolute,cea-12,joint,reset,0,1.0,0.9817763680502767,0.5626252924999999,1.2652230253095489,1.9999999999999998e-05,0.37464499999999995
fixed/present,cea-12,joint,reset,0,1.0,0.9817763680502767,0.5626252924999999,1.2652230253095489,1.9999999999999998e-05,0.37464499999999995
fixed/recency,cea-12,joint,reset,0,1.0,1.0293194621721604,0.5694812499999999,1.5615080942797084,0.001,0.35724999999999996
fixed/reference,cea-12,joint,reset,0,1.0,0.9817763680502767,0.5626252924999999,1.2652230253095489,1.9999999999999998e-05,0.37464499999999995
fixed/transition1,cea-12,joint,reset,0,1.0,0.9817763680502767,0.5626252924999999,1.2652230253095489,1.9999999999999998e-05,0.37464499999999995
fixed/transition2,cea-12,joint,reset,0,1.0,0.9817763680502767,0.5626252924999999,1.2652230253095489,1.9999999999999998e-05,0.37464499999999995
fixed/transition3,cea-12,joint,reset,0,1.0,0.9817763680502767,0.5626252924999999,1.2652230253095489,1.9999999999999998e-05,0.37464499999999995
oracle-boundary/absolute,cea-12,joint,reset,0,1.0,0.9817763680502767,0.5626252924999999,1.2652230253095489,1.9999999999999998e-05,0.37464499999999995
oracle-boundary/present,cea-12,joint,reset,0,1.0,0.9817763680502767,0.5626252924999999,1.2652230253095489,1.9999999999999998e-05,0.37464499999999995
oracle-boundary/recency,cea-12,joint,reset,0,1.0,1.0293194621721604,0.5694812499999999,1.5615080942797084,0.001,0.35724999999999996
oracle-boundary/reference,cea-12,joint,reset,0,1.0,0.9817763680502767,0.5626252924999999,1.2652230253095489,1.9999999999999998e-05,0.37464499999999995
oracle-boundary/transition1,cea-12,joint,reset,0,1.0,0.9817763680502767,0.5626252924999999,1.2652230253095489,1.9999999999999998e-05,0.37464499999999995
oracle-boundary/transition2,cea-12,joint,reset,0,1.0,0.9817763680502767,0.5626252924999999,1.2652230253095489,1.9999999999999998e-05,0.37464499999999995
oracle-boundary/transition3,cea-12,joint,reset,0,1.0,0.9817763680502767,0.5626252924999999,1.2652230253095489,1.9999999999999998e-05,0.37464499999999995
map/absolute,cea-12,joint,reset,1,0.0,0.9817763680502767,0.5626252924999999,1.2652230253095489,1.9999999999999998e-05,0.37464499999999995
map/present,cea-12,joint,reset,1,0.0,0.9817763680502767,0.5626252924999999,1.2652230253095489,1.9999999999999998e-05,0.37464499999999995
map/recency,cea-12,joint,reset,1,0.0,1.0293194621721604,0.5694812499999999,1.5615080942797084,0.001,0.35724999999999996
map/reference,cea-12,joint,reset,1,0.0,0.9817763680502767,0.5626252924999999,1.2652230253095489,1.9999999999999998e-05,0.37464499999999995
map/transition1,cea-12,joint,reset,1,0.0,0.9817763680502767,0.5626252924999999,1.2652230253095489,1.9999999999999998e-05,0.37464499999999995
map/transition2,cea-12,joint,reset,1,0.0,0.9817763680502767,0.5626252924999999,1.2652230253095489,1.9999999999999998e-05,0.37464499999999995
map/transition3,cea-12,joint,reset,1,0.0,0.9817763680502767,0.5626252924999999,1.2652230253095489,1.9999999999999998e-05,0.37464499999999995
mixture/absolute,cea-12,joint,reset,1,0.0,0.9817763680502767,0.5626252924999999,1.2652230253095489,1.9999999999999998e-05,0.37464499999999995
mixture/present,cea-12,joint,reset,1,0.0,0.9817763680502767,0.5626252924999999,1.2652230253095489,1.9999999999999998e-05,0.37464499999999995
mixture/recency,cea-12,joint,reset,1,0.0,1.0293194621721604,0.5694812499999999,1.5615080942797084,0.001,0.35724999999999996
mixture/reference,cea-12,joint,reset,1,0.0,0.9817763680502767,0.5626252924999999,1.2652230253095489,1.9999999999999998e-05,0.37464499999999995
mixture/transition1,cea-12,joint,reset,1,0.0,0.9817763680502767,0.5626252924999999,1.2652230253095489,1.9999999999999998e-05,0.37464499999999995
mixture/transition2,cea-12,joint,reset,1,0.0,0.9817763680502767,0.5626252924999999,1.2652230253095489,1.9999999999999998e-05,0.37464499999999995
mixture/transition3,cea-12,joint,reset,1,0.0,0.9817763680502767,0.5626252924999999,1.2652230253095489,1.9999999999999998e-05,0.37464499999999995
repaired/absolute,cea-12,joint,reset,1,0.0,0.9817763680502767,0.5626252924999999,1.2652230253095489,1.9999999999999998e-05,0.37464499999999995
repaired/present,cea-12,joint,reset,1,0.0,0.9817763680502767,0.5626252924999999,1.2652230253095489,1.9999999999999998e-05,0.37464499999999995
repaired/recency,cea-12,joint,reset,1,0.0,1.0293194621721604,0.5694812499999999,1.5615080942797084,0.001,0.35724999999999996
repaired/reference,cea-12,joint,reset,1,0.0,0.9817763680502767,0.5626252924999999,1.2652230253095489,1.9999999999999998e-05,0.37464499999999995
repaired/transition1,cea-12,joint,reset,1,0.0,0.9817763680502767,0.5626252924999999,1.2652230253095489,1.9999999999999998e-05,0.37464499999999995
repaired/transition2,cea-12,joint,reset,1,0.0,0.9817763680502767,0.5626252924999999,1.2652230253095489,1.9999999999999998e-05,0.37464499999999995
repaired/transition3,cea-12,joint,reset,1,0.0,0.9817763680502767,0.5626252924999999,1.2652230253095489,1.9999999999999998e-05,0.37464499999999995
streaming/absolute,cea-12,joint,reset,1,0.0,0.9817763680502767,0.5626252924999999,1.2652230253095489,1.9999999999999998e-05,0.37464499999999995
streaming/present,cea-12,joint,reset,1,0.0,0.9817763680502767,0.5626252924999999,1.2652230253095489,1.9999999999999998e-05,0.37464499999999995
streaming/recency,cea-12,joint,reset,1,0.0,1.0293194621721604,0.5694812499999999,1.5615080942797084,0.001,0.35724999999999996
streaming/reference,cea-12,joint,reset,1,0.0,0.9817763680502767,0.5626252924999999,1.2652230253095489,1.9999999999999998e-05,0.37464499999999995
streaming/transition1,cea-12,joint,reset,1,0.0,0.9817763680502767,0.5626252924999999,1.2652230253095489,1.9999999999999998e-05,0.37464499999999995
streaming/transition2,cea-12,joint,reset,1,0.0,0.9817763680502767,0.5626252924999999,1.2652230253095489,1.9999999999999998e-05,0.37464499999999995
streaming/transition3,cea-12,joint,reset,1,0.0,0.9817763680502767,0.5626252924999999,1.2652230253095489,1.9999999999999998e-05,0.37464499999999995
fixed/absolute,cea-12,joint,reset,1,0.0,0.9817763680502767,0.5626252924999999,1.2652230253095489,1.9999999999999998e-05,0.37464499999999995
fixed/present,cea-12,joint,reset,1,0.0,0.9817763680502767,0.5626252924999999,1.2652230253095489,1.9999999999999998e-05,0.37464499999999995
fixed/recency,cea-12,joint,reset,1,0.0,1.0293194621721604,0.5694812499999999,1.5615080942797084,0.001,0.35724999999999996
fixed/reference,cea-12,joint,reset,1,0.0,0.9817763680502767,0.5626252924999999,1.2652230253095489,1.9999999999999998e-05,0.37464499999999995
fixed/transition1,cea-12,joint,reset,1,0.0,0.9817763680502767,0.5626252924999999,1.2652230253095489,1.9999999999999998e-05,0.37464499999999995
fixed/transition2,cea-12,joint,reset,1,0.0,0.9817763680502767,0.5626252924999999,1.2652230253095489,1.9999999999999998e-05,0.37464499999999995
fixed/transition3,cea-12,joint,reset,1,0.0,0.9817763680502767,0.5626252924999999,1.2652230253095489,1.9999999999999998e-05,0.37464499999999995
oracle-boundary/absolute,cea-12,joint,reset,1,0.0,0.9817763680502767,0.5626252924999999,1.2652230253095489,1.9999999999999998e-05,0.37464499999999995
oracle-boundary/present,cea-12,joint,reset,1,0.0,0.9817763680502767,0.5626252924999999,1.2652230253095489,1.9999999999999998e-05,0.37464499999999995
oracle-boundary/recency,cea-12,joint,reset,1,0.0,1.0293194621721604,0.5694812499999999,1.5615080942797084,0.001,0.35724999999999996
oracle-boundary/reference,cea-12,joint,reset,1,0.0,0.9817763680502767,0.5626252924999999,1.2652230253095489,1.9999999999999998e-05,0.37464499999999995
oracle-boundary/transition1,cea-12,joint,reset,1,0.0,0.9817763680502767,0.5626252924999999,1.2652230253095489,1.9999999999999998e-05,0.37464499999999995
oracle-boundary/transition2,cea-12,joint,reset,1,0.0,0.9817763680502767,0.5626252924999999,1.2652230253095489,1.9999999999999998e-05,0.37464499999999995
oracle-boundary/transition3,cea-12,joint,reset,1,0.0,0.9817763680502767,0.5626252924999999,1.2652230253095489,1.9999999999999998e-05,0.37464499999999995
map/absolute,cea-12,joint,removal,0,1.0,0.9817763680502767,0.5626252924999999,1.2652230253095489,1.9999999999999998e-05,0.37464499999999995
map/present,cea-12,joint,removal,0,1.0,0.9817763680502767,0.5626252924999999,1.2652230253095489,1.9999999999999998e-05,0.37464499999999995
map/recency,cea-12,joint,removal,0,1.0,1.0293194621721604,0.5694812499999999,1.5615080942797084,0.001,0.35724999999999996
map/reference,cea-12,joint,removal,0,1.0,0.9817763680502767,0.5626252924999999,1.2652230253095489,1.9999999999999998e-05,0.37464499999999995
map/transition1,cea-12,joint,removal,0,1.0,0.9817763680502767,0.5626252924999999,1.2652230253095489,1.9999999999999998e-05,0.37464499999999995
map/transition2,cea-12,joint,removal,0,1.0,0.9817763680502767,0.5626252924999999,1.2652230253095489,1.9999999999999998e-05,0.37464499999999995
map/transition3,cea-12,joint,removal,0,1.0,0.9817763680502767,0.5626252924999999,1.2652230253095489,1.9999999999999998e-05,0.37464499999999995
mixture/absolute,cea-12,joint,removal,0,1.0,1.1314679377873396,0.6054294519358492,1.492343727892196,0.1390437337137248,0.32255941157105295
mixture/present,cea-12,joint,removal,0,1.0,1.1314679377873396,0.6054294519358492,1.492343727892196,0.1390437337137248,0.32255941157105295
mixture/recency,cea-12,joint,removal,0,1.0,1.1790110319092233,0.6149105109243116,1.7423683200576734,0.13988748772976567,0.3075827777863275
mixture/reference,cea-12,joint,removal,0,1.0,1.1314679377873396,0.6054294519358492,1.492343727892196,0.1390437337137248,0.32255941157105295
mixture/transition1,cea-12,joint,removal,0,1.0,1.1314679377873396,0.6054294519358492,1.492343727892196,0.1390437337137248,0.32255941157105295
mixture/transition2,cea-12,joint,removal,0,1.0,1.1314679377873396,0.6054294519358492,1.492343727892196,0.1390437337137248,0.32255941157105295
mixture/transition3,cea-12,joint,removal,0,1.0,1.1314679377873396,0.6054294519358492,1.492343727892196,0.1390437337137248,0.32255941157105295
repaired/absolute,cea-12,joint,removal,0,1.0,0.9817763680502767,0.5626252924999999,1.2652230253095489,1.9999999999999998e-05,0.37464499999999995
repaired/present,cea-12,joint,removal,0,1.0,0.9817763680502767,0.5626252924999999,1.2652230253095489,1.9999999999999998e-05,0.37464499999999995
repaired/recency,cea-12,joint,removal,0,1.0,1.0293194621721604,0.5694812499999999,1.5615080942797084,0.001,0.35724999999999996
repaired/reference,cea-12,joint,removal,0,1.0,0.9817763680502767,0.5626252924999999,1.2652230253095489,1.9999999999999998e-05,0.37464499999999995
repaired/transition1,cea-12,joint,removal,0,1.0,0.9817763680502767,0.5626252924999999,1.2652230253095489,1.9999999999999998e-05,0.37464499999999995
repaired/transition2,cea-12,joint,removal,0,1.0,0.9817763680502767,0.5626252924999999,1.2652230253095489,1.9999999999999998e-05,0.37464499999999995
repaired/transition3,cea-12,joint,removal,0,1.0,0.9817763680502767,0.5626252924999999,1.2652230253095489,1.9999999999999998e-05,0.37464499999999995
streaming/absolute,cea-12,joint,removal,0,1.0,0.9817763680502767,0.5626252924999999,1.2652230253095489,1.9999999999999998e-05,0.37464499999999995
streaming/present,cea-12,joint,removal,0,1.0,0.9817763680502767,0.5626252924999999,1.2652230253095489,1.9999999999999998e-05,0.37464499999999995
streaming/recency,cea-12,joint,removal,0,1.0,1.0293194621721604,0.5694812499999999,1.5615080942797084,0.001,0.35724999999999996
streaming/reference,cea-12,joint,removal,0,1.0,0.9817763680502767,0.5626252924999999,1.2652230253095489,1.9999999999999998e-05,0.37464499999999995
streaming/transition1,cea-12,joint,removal,0,1.0,0.9817763680502767,0.5626252924999999,1.2652230253095489,1.9999999999999998e-05,0.37464499999999995
streaming/transition2,cea-12,joint,removal,0,1.0,0.9817763680502767,0.5626252924999999,1.2652230253095489,1.9999999999999998e-05,0.37464499999999995
streaming/transition3,cea-12,joint,removal,0,1.0,0.9817763680502767,0.5626252924999999,1.2652230253095489,1.9999999999999998e-05,0.37464499999999995
fixed/absolute,cea-12,joint,removal,0,1.0,0.9817763680502767,0.5626252924999999,1.2652230253095489,1.9999999999999998e-05,0.37464499999999995
fixed/present,cea-12,joint,removal,0,1.0,0.9817763680502767,0.5626252924999999,1.2652230253095489,1.9999999999999998e-05,0.37464499999999995
fixed/recency,cea-12,joint,removal,0,1.0,1.0293194621721604,0.5694812499999999,1.5615080942797084,0.001,0.35724999999999996
fixed/reference,cea-12,joint,removal,0,1.0,0.9817763680502767,0.5626252924999999,1.2652230253095489,1.9999999999999998e-05,0.37464499999999995
fixed/transition1,cea-12,joint,removal,0,1.0,0.9817763680502767,0.5626252924999999,1.2652230253095489,1.9999999999999998e-05,0.37464499999999995
fixed/transition2,cea-12,joint,removal,0,1.0,0.9817763680502767,0.5626252924999999,1.2652230253095489,1.9999999999999998e-05,0.37464499999999995
fixed/transition3,cea-12,joint,removal,0,1.0,0.9817763680502767,0.5626252924999999,1.2652230253095489,1.9999999999999998e-05,0.37464499999999995
oracle-boundary/absolute,cea-12,joint,removal,0,1.0,0.9817763680502767,0.5626252924999999,1.2652230253095489,1.9999999999999998e-05,0.37464499999999995
oracle-boundary/present,cea-12,joint,removal,0,1.0,0.9817763680502767,0.5626252924999999,1.2652230253095489,1.9999999999999998e-05,0.37464499999999995
oracle-boundary/recency,cea-12,joint,removal,0,1.0,1.0293194621721604,0.5694812499999999,1.5615080942797084,0.001,0.35724999999999996
oracle-boundary/reference,cea-12,joint,removal,0,1.0,0.9817763680502767,0.5626252924999999,1.2652230253095489,1.9999999999999998e-05,0.37464499999999995
oracle-boundary/transition1,cea-12,joint,removal,0,1.0,0.9817763680502767,0.5626252924999999,1.2652230253095489,1.9999999999999998e-05,0.37464499999999995
oracle-boundary/transition2,cea-12,joint,removal,0,1.0,0.9817763680502767,0.5626252924999999,1.2652230253095489,1.9999999999999998e-05,0.37464499999999995
oracle-boundary/transition3,cea-12,joint,removal,0,1.0,0.9817763680502767,0.5626252924999999,1.2652230253095489,1.9999999999999998e-05,0.37464499999999995
map/absolute,cea-12,joint,removal,1,0.0,0.9817763680502767,0.5626252924999999,1.2652230253095489,1.9999999999999998e-05,0.37464499999999995
map/present,cea-12,joint,removal,1,0.0,0.9817763680502767,0.5626252924999999,1.2652230253095489,1.9999999999999998e-05,0.37464499999999995
map/recency,cea-12,joint,removal,1,0.0,1.0293194621721604,0.5694812499999999,1.5615080942797084,0.001,0.35724999999999996
map/reference,cea-12,joint,removal,1,0.0,0.9817763680502767,0.5626252924999999,1.2652230253095489,1.9999999999999998e-05,0.37464499999999995
map/transition1,cea-12,joint,removal,1,0.0,0.9817763680502767,0.5626252924999999,1.2652230253095489,1.9999999999999998e-05,0.37464499999999995
map/transition2,cea-12,joint,removal,1,0.0,0.9817763680502767,0.5626252924999999,1.2652230253095489,1.9999999999999998e-05,0.37464499999999995
map/transition3,cea-12,joint,removal,1,0.0,0.9817763680502767,0.5626252924999999,1.2652230253095489,1.9999999999999998e-05,0.37464499999999995
mixture/absolute,cea-12,joint,removal,1,0.0,1.1314679377873396,0.6054294519358492,1.492343727892196,0.1390437337137248,0.32255941157105295
mixture/present,cea-12,joint,removal,1,0.0,1.1314679377873396,0.6054294519358492,1.492343727892196,0.1390437337137248,0.32255941157105295
mixture/recency,cea-12,joint,removal,1,0.0,1.1790110319092233,0.6149105109243116,1.7423683200576734,0.13988748772976567,0.3075827777863275
mixture/reference,cea-12,joint,removal,1,0.0,1.1314679377873396,0.6054294519358492,1.492343727892196,0.1390437337137248,0.32255941157105295
mixture/transition1,cea-12,joint,removal,1,0.0,1.1314679377873396,0.6054294519358492,1.492343727892196,0.1390437337137248,0.32255941157105295
mixture/transition2,cea-12,joint,removal,1,0.0,1.1314679377873396,0.6054294519358492,1.492343727892196,0.1390437337137248,0.32255941157105295
mixture/transition3,cea-12,joint,removal,1,0.0,1.1314679377873396,0.6054294519358492,1.492343727892196,0.1390437337137248,0.32255941157105295
repaired/absolute,cea-12,joint,removal,1,0.0,0.9817763680502767,0.5626252924999999,1.2652230253095489,1.9999999999999998e-05,0.37464499999999995
repaired/present,cea-12,joint,removal,1,0.0,0.9817763680502767,0.5626252924999999,1.2652230253095489,1.9999999999999998e-05,0.37464499999999995
repaired/recency,cea-12,joint,removal,1,0.0,1.0293194621721604,0.5694812499999999,1.5615080942797084,0.001,0.35724999999999996
repaired/reference,cea-12,joint,removal,1,0.0,0.9817763680502767,0.5626252924999999,1.2652230253095489,1.9999999999999998e-05,0.37464499999999995
repaired/transition1,cea-12,joint,removal,1,0.0,0.9817763680502767,0.5626252924999999,1.2652230253095489,1.9999999999999998e-05,0.37464499999999995
repaired/transition2,cea-12,joint,removal,1,0.0,0.9817763680502767,0.5626252924999999,1.2652230253095489,1.9999999999999998e-05,0.37464499999999995
repaired/transition3,cea-12,joint,removal,1,0.0,0.9817763680502767,0.5626252924999999,1.2652230253095489,1.9999999999999998e-05,0.37464499999999995
streaming/absolute,cea-12,joint,removal,1,0.0,0.9817763680502767,0.5626252924999999,1.2652230253095489,1.9999999999999998e-05,0.37464499999999995
streaming/present,cea-12,joint,removal,1,0.0,0.9817763680502767,0.5626252924999999,1.2652230253095489,1.9999999999999998e-05,0.37464499999999995
streaming/recency,cea-12,joint,removal,1,0.0,1.0293194621721604,0.5694812499999999,1.5615080942797084,0.001,0.35724999999999996
streaming/reference,cea-12,joint,removal,1,0.0,0.9817763680502767,0.5626252924999999,1.2652230253095489,1.9999999999999998e-05,0.37464499999999995
streaming/transition1,cea-12,joint,removal,1,0.0,0.9817763680502767,0.5626252924999999,1.2652230253095489,1.9999999999999998e-05,0.37464499999999995
streaming/transition2,cea-12,joint,removal,1,0.0,0.9817763680502767,0.5626252924999999,1.2652230253095489,1.9999999999999998e-05,0.37464499999999995
streaming/transition3,cea-12,joint,removal,1,0.0,0.9817763680502767,0.5626252924999999,1.2652230253095489,1.9999999999999998e-05,0.37464499999999995
fixed/absolute,cea-12,joint,removal,1,0.0,0.9817763680502767,0.5626252924999999,1.2652230253095489,1.9999999999999998e-05,0.37464499999999995
fixed/present,cea-12,joint,removal,1,0.0,0.9817763680502767,0.5626252924999999,1.2652230253095489,1.9999999999999998e-05,0.37464499999999995
fixed/recency,cea-12,joint,removal,1,0.0,1.0293194621721604,0.5694812499999999,1.5615080942797084,0.001,0.35724999999999996
fixed/reference,cea-12,joint,removal,1,0.0,0.9817763680502767,0.5626252924999999,1.2652230253095489,1.9999999999999998e-05,0.37464499999999995
fixed/transition1,cea-12,joint,removal,1,0.0,0.9817763680502767,0.5626252924999999,1.2652230253095489,1.9999999999999998e-05,0.37464499999999995
fixed/transition2,cea-12,joint,removal,1,0.0,0.9817763680502767,0.5626252924999999,1.2652230253095489,1.9999999999999998e-05,0.37464499999999995
fixed/transition3,cea-12,joint,removal,1,0.0,0.9817763680502767,0.5626252924999999,1.2652230253095489,1.9999999999999998e-05,0.37464499999999995
oracle-boundary/absolute,cea-12,joint,removal,1,0.0,0.9817763680502767,0.5626252924999999,1.2652230253095489,1.9999999999999998e-05,0.37464499999999995
oracle-boundary/present,cea-12,joint,removal,1,0.0,0.9817763680502767,0.5626252924999999,1.2652230253095489,1.9999999999999998e-05,0.37464499999999995
oracle-boundary/recency,cea-12,joint,removal,1,0.0,1.0293194621721604,0.5694812499999999,1.5615080942797084,0.001,0.35724999999999996
oracle-boundary/reference,cea-12,joint,removal,1,0.0,0.9817763680502767,0.5626252924999999,1.2652230253095489,1.9999999999999998e-05,0.37464499999999995
oracle-boundary/transition1,cea-12,joint,removal,1,0.0,0.9817763680502767,0.5626252924999999,1.2652230253095489,1.9999999999999998e-05,0.37464499999999995
oracle-boundary/transition2,cea-12,joint,removal,1,0.0,0.9817763680502767,0.5626252924999999,1.2652230253095489,1.9999999999999998e-05,0.37464499999999995
oracle-boundary/transition3,cea-12,joint,removal,1,0.0,0.9817763680502767,0.5626252924999999,1.2652230253095489,1.9999999999999998e-05,0.37464499999999995
map/absolute,cea-12,joint,swap,0,1.0,0.0009804805139614205,9.800000000392828e-07,0.011582902361779817,2e-05,0.99902
map/present,cea-12,joint,swap,0,0.0,0.9817763680502767,0.5626252924999999,1.2652230253095489,1.9999999999999998e-05,0.37464499999999995
map/recency,cea-12,joint,swap,0,1.0,0.05024121643674679,0.0024500000000000632,0.38625940550147086,0.001,0.951
map/reference,cea-12,joint,swap,0,1.0,0.0009804805139614205,9.800000000392828e-07,0.011582902361779817,2e-05,0.99902
map/transition1,cea-12,joint,swap,0,1.0,0.0009804805139614205,9.800000000392828e-07,0.011582902361779817,2e-05,0.99902
map/transition2,cea-12,joint,swap,0,1.0,0.0009804805139614205,9.800000000392828e-07,0.011582902361779817,2e-05,0.99902
map/transition3,cea-12,joint,swap,0,1.0,0.0009804805139614205,9.800000000392828e-07,0.011582902361779817,2e-05,0.99902
mixture/absolute,cea-12,joint,swap,0,0.0,1.131924844314449,0.9178310557999718,0.6325659788817293,0.6772781150593468,0.6772781150593468
mixture/present,cea-12,joint,swap,0,0.0,2.112720731850764,1.2493756223074994,1.03715117410057,0.6772781150593468,0.6772781150593468
mixture/recency,cea-12,joint,swap,0,0.0,1.1811855802372342,0.9395064563250577,0.7507744209749171,0.677594388832064,0.677594388832064
mixture/reference,cea-12,joint,swap,0,0.0,1.131924844314449,0.9178310557999718,0.6325659788817293,0.6772781150593468,0.6772781150593468
mixture/transition1,cea-12,joint,swap,0,0.0,1.752915218049524,1.1644371446630917,0.8550703097978397,0.6772781150593468,0.6772781150593468
mixture/transition2,cea-12,joint,swap,0,0.0,1.131924844314449,0.9178310557999718,0.6325659788817293,0.6772781150593468,0.6772781150593468
mixture/transition3,cea-12,joint,swap,0,0.0,1.131924844314449,0.9178310557999718,0.6325659788817293,0.6772781150593468,0.6772781150593468
repaired/absolute,cea-12,joint,swap,0,1.0,0.0009804805139614205,9.800000000392828e-07,0.011582902361779817,2e-05,0.99902
repaired/present,cea-12,joint,swap,0,0.0,0.9817763680502767,0.5626252924999999,1.2652230253095489,1.9999999999999998e-05,0.37464499999999995
repaired/recency,cea-12,joint,swap,0,1.0,0.05024121643674679,0.0024500000000000632,0.38625940550147086,0.001,0.951
repaired/reference,cea-12,joint,swap,0,1.0,0.0009804805139614205,9.800000000392828e-07,0.011582902361779817,2e-05,0.99902
repaired/transition1,cea-12,joint,swap,0,1.0,0.688511267704708,0.49440952207999467,0.7038125528822287,1.9999999999999998e-05,0.5023233376620501
repaired/transition2,cea-12,joint,swap,0,1.0,0.0009804805139614205,9.800000000392828e-07,0.011582902361779817,2e-05,0.99902
repaired/transition3,cea-12,joint,swap,0,1.0,0.0009804805139614205,9.800000000392828e-07,0.011582902361779817,2e-05,0.99902
streaming/absolute,cea-12,joint,swap,0,0.0,0.9817763680502767,0.5626252924999999,1.2652230253095489,1.9999999999999998e-05,0.37464499999999995
streaming/present,cea-12,joint,swap,0,0.0,0.9817763680502767,0.5626252924999999,1.2652230253095489,1.9999999999999998e-05,0.37464499999999995
streaming/recency,cea-12,joint,swap,0,0.0,1.0293194621721604,0.5694812499999999,1.5615080942797084,0.001,0.35724999999999996
streaming/reference,cea-12,joint,swap,0,0.0,0.9817763680502767,0.5626252924999999,1.2652230253095489,1.9999999999999998e-05,0.37464499999999995
streaming/transition1,cea-12,joint,swap,0,0.0,0.9817763680502767,0.5626252924999999,1.2652230253095489,1.9999999999999998e-05,0.37464499999999995
streaming/transition2,cea-12,joint,swap,0,0.0,0.9817763680502767,0.5626252924999999,1.2652230253095489,1.9999999999999998e-05,0.37464499999999995
streaming/transition3,cea-12,joint,swap,0,0.0,0.9817763680502767,0.5626252924999999,1.2652230253095489,1.9999999999999998e-05,0.37464499999999995
fixed/absolute,cea-12,joint,swap,0,0.0,0.9817763680502767,0.5626252924999999,1.2652230253095489,1.9999999999999998e-05,0.37464499999999995
fixed/present,cea-12,joint,swap,0,0.0,0.9817763680502767,0.5626252924999999,1.2652230253095489,1.9999999999999998e-05,0.37464499999999995
fixed/recency,cea-12,joint,swap,0,0.0,1.0293194621721604,0.5694812499999999,1.5615080942797084,0.001,0.35724999999999996
fixed/reference,cea-12,joint,swap,0,0.0,0.9817763680502767,0.5626252924999999,1.2652230253095489,1.9999999999999998e-05,0.37464499999999995
fixed/transition1,cea-12,joint,swap,0,0.0,0.9817763680502767,0.5626252924999999,1.2652230253095489,1.9999999999999998e-05,0.37464499999999995
fixed/transition2,cea-12,joint,swap,0,0.0,0.9817763680502767,0.5626252924999999,1.2652230253095489,1.9999999999999998e-05,0.37464499999999995
fixed/transition3,cea-12,joint,swap,0,0.0,0.9817763680502767,0.5626252924999999,1.2652230253095489,1.9999999999999998e-05,0.37464499999999995
oracle-boundary/absolute,cea-12,joint,swap,0,1.0,0.0009804805139614205,9.800000000392828e-07,0.011582902361779817,2e-05,0.99902
oracle-boundary/present,cea-12,joint,swap,0,0.0,0.9817763680502767,0.5626252924999999,1.2652230253095489,1.9999999999999998e-05,0.37464499999999995
oracle-boundary/recency,cea-12,joint,swap,0,1.0,0.05024121643674679,0.0024500000000000632,0.38625940550147086,0.001,0.951
oracle-boundary/reference,cea-12,joint,swap,0,1.0,0.0009804805139614205,9.800000000392828e-07,0.011582902361779817,2e-05,0.99902
oracle-boundary/transition1,cea-12,joint,swap,0,0.0,0.69410764165507,0.50000048,0.7038282854721148,1.9999999999999998e-05,0.4995199999999999
oracle-boundary/transition2,cea-12,joint,swap,0,1.0,0.0009804805139614205,9.800000000392828e-07,0.011582902361779817,2e-05,0.99902
oracle-boundary/transition3,cea-12,joint,swap,0,1.0,0.0009804805139614205,9.800000000392828e-07,0.011582902361779817,2e-05,0.99902
map/absolute,cea-12,joint,swap,1,1.0,0.9817763680502767,0.5626252924999999,1.2652230253095489,1.9999999999999998e-05,0.37464499999999995
map/present,cea-12,joint,swap,1,1.0,0.9817763680502767,0.5626252924999999,1.2652230253095489,1.9999999999999998e-05,0.37464499999999995
map/recency,cea-12,joint,swap,1,0.0,6.907755278982137,1.90245,0.38625940550147086,0.001,0.951
map/reference,cea-12,joint,swap,1,1.0,0.9817763680502767,0.5626252924999999,1.2652230253095489,1.9999999999999998e-05,0.37464499999999995
map/transition1,cea-12,joint,swap,1,0.0,10.819778284410283,1.99800098,0.011582902361779817,2e-05,0.99902
map/transition2,cea-12,joint,swap,1,1.0,0.9817763680502767,0.5626252924999999,1.2652230253095489,1.9999999999999998e-05,0.37464499999999995
map/transition3,cea-12,joint,swap,1,1.0,0.9817763680502767,0.5626252924999999,1.2652230253095489,1.9999999999999998e-05,0.37464499999999995
mixture/absolute,cea-12,joint,swap,1,0.0,1.1319306833756502,0.9178361595403146,0.6325645606124439,0.6772799994466823,0.6772799994466823
mixture/present,cea-12,joint,swap,1,0.0,2.112726570911965,1.249379207414429,1.0371473934404658,0.6772799994466823,0.6772799994466823
mixture/recency,cea-12,joint,swap,1,0.0,1.1811914192984352,0.9395114916114724,0.7507723097552638,0.6775962713726631,0.6775962713726631
mixture/reference,cea-12,joint,swap,1,0.0,1.1319306833756502,0.9178361595403146,0.6325645606124439,0.6772799994466823,0.6772799994466823
mixture/transition1,cea-12,joint,swap,1,0.0,1.6932547577066677,1.1438762107779592,0.8527600944599285,0.6772799994466823,0.6772799994466823
mixture/transition2,cea-12,joint,swap,1,0.0,1.1319306833756502,0.9178361595403146,0.6325645606124439,0.6772799994466823,0.6772799994466823
mixture/transition3,cea-12,joint,swap,1,0.0,1.1319306833756502,0.9178361595403146,0.6325645606124439,0.6772799994466823,0.6772799994466823
repaired/absolute,cea-12,joint,swap,1,1.0,0.0009804805139616427,9.800000000392828e-07,0.011582902361780037,1.9999999999999998e-05,0.9990199999999998
repaired/present,cea-12,joint,swap,1,1.0,0.9817763680502767,0.5626252924999999,1.2652230253095489,1.9999999999999998e-05,0.37464499999999995
repaired/recency,cea-12,joint,swap,1,1.0,0.05024121643674679,0.0024500000000000632,0.38625940550147086,0.001,0.951
repaired/reference,cea-12,joint,swap,1,1.0,0.0009804805139616427,9.800000000392828e-07,0.011582902361780037,1.9999999999999998e-05,0.9990199999999998
repaired/transition1,cea-12,joint,swap,1,1.0,0.6868840270671028,0.49278390108380243,0.7038020309037334,1.9999999999999998e-05,0.5031414040252125
repaired/transition2,cea-12,joint,swap,1,1.0,0.0009804805139616427,9.800000000392828e-07,0.011582902361780037,1.9999999999999998e-05,0.9990199999999998
repaired/transition3,cea-12,joint,swap,1,1.0,0.0009804805139616427,9.800000000392828e-07,0.011582902361780037,1.9999999999999998e-05,0.9990199999999998
streaming/absolute,cea-12,joint,swap,1,1.0,0.9817763680502767,0.5626252924999999,1.2652230253095489,1.9999999999999998e-05,0.37464499999999995
streaming/present,cea-12,joint,swap,1,1.0,0.9817763680502767,0.5626252924999999,1.2652230253095489,1.9999999999999998e-05,0.37464499999999995
streaming/recency,cea-12,joint,swap,1,1.0,0.05024121643674679,0.0024500000000000632,0.38625940550147086,0.001,0.951
streaming/reference,cea-12,joint,swap,1,1.0,0.9817763680502767,0.5626252924999999,1.2652230253095489,1.9999999999999998e-05,0.37464499999999995
streaming/transition1,cea-12,joint,swap,1,1.0,0.9817763680502767,0.5626252924999999,1.2652230253095489,1.9999999999999998e-05,0.37464499999999995
streaming/transition2,cea-12,joint,swap,1,1.0,0.9817763680502767,0.5626252924999999,1.2652230253095489,1.9999999999999998e-05,0.37464499999999995
streaming/transition3,cea-12,joint,swap,1,1.0,0.9817763680502767,0.5626252924999999,1.2652230253095489,1.9999999999999998e-05,0.37464499999999995
fixed/absolute,cea-12,joint,swap,1,1.0,0.9817763680502767,0.5626252924999999,1.2652230253095489,1.9999999999999998e-05,0.37464499999999995
fixed/present,cea-12,joint,swap,1,1.0,0.9817763680502767,0.5626252924999999,1.2652230253095489,1.9999999999999998e-05,0.37464499999999995
fixed/recency,cea-12,joint,swap,1,1.0,1.0293194621721604,0.5694812499999999,1.5615080942797084,0.001,0.35724999999999996
fixed/reference,cea-12,joint,swap,1,1.0,0.9817763680502767,0.5626252924999999,1.2652230253095489,1.9999999999999998e-05,0.37464499999999995
fixed/transition1,cea-12,joint,swap,1,1.0,0.9817763680502767,0.5626252924999999,1.2652230253095489,1.9999999999999998e-05,0.37464499999999995
fixed/transition2,cea-12,joint,swap,1,1.0,0.9817763680502767,0.5626252924999999,1.2652230253095489,1.9999999999999998e-05,0.37464499999999995
fixed/transition3,cea-12,joint,swap,1,1.0,0.9817763680502767,0.5626252924999999,1.2652230253095489,1.9999999999999998e-05,0.37464499999999995
oracle-boundary/absolute,cea-12,joint,swap,1,1.0,0.0009804805139616427,9.800000000392828e-07,0.011582902361780037,1.9999999999999998e-05,0.9990199999999998
oracle-boundary/present,cea-12,joint,swap,1,1.0,0.9817763680502767,0.5626252924999999,1.2652230253095489,1.9999999999999998e-05,0.37464499999999995
oracle-boundary/recency,cea-12,joint,swap,1,1.0,0.05024121643674679,0.0024500000000000632,0.38625940550147086,0.001,0.951
oracle-boundary/reference,cea-12,joint,swap,1,1.0,0.0009804805139616427,9.800000000392828e-07,0.011582902361780037,1.9999999999999998e-05,0.9990199999999998
oracle-boundary/transition1,cea-12,joint,swap,1,1.0,0.69410764165507,0.50000048,0.7038282854721148,1.9999999999999998e-05,0.4995199999999999
oracle-boundary/transition2,cea-12,joint,swap,1,1.0,0.0009804805139616427,9.800000000392828e-07,0.011582902361780037,1.9999999999999998e-05,0.9990199999999998
oracle-boundary/transition3,cea-12,joint,swap,1,1.0,0.0009804805139616427,9.800000000392828e-07,0.011582902361780037,1.9999999999999998e-05,0.9990199999999998
map/absolute,cea-12,joint,shuffle,0,1.0,0.9817763680502767,0.5626252924999999,1.2652230253095489,1.9999999999999998e-05,0.37464499999999995
map/present,cea-12,joint,shuffle,0,1.0,0.9817763680502767,0.5626252924999999,1.2652230253095489,1.9999999999999998e-05,0.37464499999999995
map/recency,cea-12,joint,shuffle,0,0.0,6.907755278982137,1.90245,0.38625940550147086,0.001,0.951
map/reference,cea-12,joint,shuffle,0,1.0,0.9817763680502767,0.5626252924999999,1.2652230253095489,1.9999999999999998e-05,0.37464499999999995
map/transition1,cea-12,joint,shuffle,0,0.0,10.819778284410283,1.99800098,0.011582902361779817,2e-05,0.99902
map/transition2,cea-12,joint,shuffle,0,1.0,0.9817763680502767,0.5626252924999999,1.2652230253095489,1.9999999999999998e-05,0.37464499999999995
map/transition3,cea-12,joint,shuffle,0,1.0,0.9817763680502767,0.5626252924999999,1.2652230253095489,1.9999999999999998e-05,0.37464499999999995
mixture/absolute,cea-12,joint,shuffle,0,0.0,0.9822332745773862,0.7821158443396552,0.6657313717764693,0.625166291088183,0.625166291088183
mixture/present,cea-12,joint,shuffle,0,0.0,1.9630291621137013,1.1537940725143323,1.1356473470211528,0.625166291088183,0.625166291088183
mixture/recency,cea-12,joint,shuffle,0,0.0,7.889008073045562,1.5176230941388322,0.8031120121129809,0.6255336354698042,0.6255336354698042
mixture/reference,cea-12,joint,shuffle,0,0.0,0.9822332745773862,0.7821158443396552,0.6657313717764693,0.625166291088183,0.625166291088183
mixture/transition1,cea-12,joint,shuffle,0,0.0,1.7490028056356084,1.1134098324030575,0.9242688941412258,0.625166291088183,0.625166291088183
mixture/transition2,cea-12,joint,shuffle,0,0.0,0.9822332745773862,0.7821158443396552,0.6657313717764693,0.625166291088183,0.625166291088183
mixture/transition3,cea-12,joint,shuffle,0,0.0,0.9822332745773862,0.7821158443396552,0.6657313717764693,0.625166291088183,0.625166291088183
repaired/absolute,cea-12,joint,shuffle,0,1.0,0.0009804805139616427,9.800000000392828e-07,0.011582902361780037,1.9999999999999998e-05,0.9990199999999998
repaired/present,cea-12,joint,shuffle,0,1.0,0.9817763680502767,0.5626252924999999,1.2652230253095489,1.9999999999999998e-05,0.37464499999999995
repaired/recency,cea-12,joint,shuffle,0,0.0,6.907755278982137,1.90245,0.38625940550147086,0.001,0.951
repaired/reference,cea-12,joint,shuffle,0,1.0,0.0009804805139616427,9.800000000392828e-07,0.011582902361780037,1.9999999999999998e-05,0.9990199999999998
repaired/transition1,cea-12,joint,shuffle,0,0.0,0.6994182706287657,0.5053059476384041,0.7038142721379976,1.9999999999999998e-05,0.5021657339112727
repaired/transition2,cea-12,joint,shuffle,0,1.0,0.0009804805139616427,9.800000000392828e-07,0.011582902361780037,1.9999999999999998e-05,0.9990199999999998
repaired/transition3,cea-12,joint,shuffle,0,1.0,0.0009804805139616427,9.800000000392828e-07,0.011582902361780037,1.9999999999999998e-05,0.9990199999999998
streaming/absolute,cea-12,joint,shuffle,0,1.0,0.9817763680502767,0.5626252924999999,1.2652230253095489,1.9999999999999998e-05,0.37464499999999995
streaming/present,cea-12,joint,shuffle,0,1.0,0.9817763680502767,0.5626252924999999,1.2652230253095489,1.9999999999999998e-05,0.37464499999999995
streaming/recency,cea-12,joint,shuffle,0,1.0,1.0293194621721604,0.5694812499999999,1.5615080942797084,0.001,0.35724999999999996
streaming/reference,cea-12,joint,shuffle,0,1.0,0.9817763680502767,0.5626252924999999,1.2652230253095489,1.9999999999999998e-05,0.37464499999999995
streaming/transition1,cea-12,joint,shuffle,0,1.0,0.9817763680502767,0.5626252924999999,1.2652230253095489,1.9999999999999998e-05,0.37464499999999995
streaming/transition2,cea-12,joint,shuffle,0,1.0,0.9817763680502767,0.5626252924999999,1.2652230253095489,1.9999999999999998e-05,0.37464499999999995
streaming/transition3,cea-12,joint,shuffle,0,1.0,0.9817763680502767,0.5626252924999999,1.2652230253095489,1.9999999999999998e-05,0.37464499999999995
fixed/absolute,cea-12,joint,shuffle,0,1.0,0.9817763680502767,0.5626252924999999,1.2652230253095489,1.9999999999999998e-05,0.37464499999999995
fixed/present,cea-12,joint,shuffle,0,1.0,0.9817763680502767,0.5626252924999999,1.2652230253095489,1.9999999999999998e-05,0.37464499999999995
fixed/recency,cea-12,joint,shuffle,0,1.0,1.0293194621721604,0.5694812499999999,1.5615080942797084,0.001,0.35724999999999996
fixed/reference,cea-12,joint,shuffle,0,1.0,0.9817763680502767,0.5626252924999999,1.2652230253095489,1.9999999999999998e-05,0.37464499999999995
fixed/transition1,cea-12,joint,shuffle,0,1.0,0.9817763680502767,0.5626252924999999,1.2652230253095489,1.9999999999999998e-05,0.37464499999999995
fixed/transition2,cea-12,joint,shuffle,0,1.0,0.9817763680502767,0.5626252924999999,1.2652230253095489,1.9999999999999998e-05,0.37464499999999995
fixed/transition3,cea-12,joint,shuffle,0,1.0,0.9817763680502767,0.5626252924999999,1.2652230253095489,1.9999999999999998e-05,0.37464499999999995
oracle-boundary/absolute,cea-12,joint,shuffle,0,1.0,0.0009804805139616427,9.800000000392828e-07,0.011582902361780037,1.9999999999999998e-05,0.9990199999999998
oracle-boundary/present,cea-12,joint,shuffle,0,1.0,0.9817763680502767,0.5626252924999999,1.2652230253095489,1.9999999999999998e-05,0.37464499999999995
oracle-boundary/recency,cea-12,joint,shuffle,0,0.0,6.907755278982137,1.90245,0.38625940550147086,0.001,0.951
oracle-boundary/reference,cea-12,joint,shuffle,0,1.0,0.0009804805139616427,9.800000000392828e-07,0.011582902361780037,1.9999999999999998e-05,0.9990199999999998
oracle-boundary/transition1,cea-12,joint,shuffle,0,1.0,0.69410764165507,0.50000048,0.7038282854721148,1.9999999999999998e-05,0.4995199999999999
oracle-boundary/transition2,cea-12,joint,shuffle,0,1.0,0.0009804805139616427,9.800000000392828e-07,0.011582902361780037,1.9999999999999998e-05,0.9990199999999998
oracle-boundary/transition3,cea-12,joint,shuffle,0,1.0,0.0009804805139616427,9.800000000392828e-07,0.011582902361780037,1.9999999999999998e-05,0.9990199999999998
map/absolute,cea-12,joint,shuffle,1,1.0,0.0009804805139614205,9.800000000392828e-07,0.011582902361779817,2e-05,0.99902
map/present,cea-12,joint,shuffle,1,0.0,0.9817763680502767,0.5626252924999999,1.2652230253095489,1.9999999999999998e-05,0.37464499999999995
map/recency,cea-12,joint,shuffle,1,1.0,0.05024121643674679,0.0024500000000000632,0.38625940550147086,0.001,0.951
map/reference,cea-12,joint,shuffle,1,1.0,0.0009804805139614205,9.800000000392828e-07,0.011582902361779817,2e-05,0.99902
map/transition1,cea-12,joint,shuffle,1,1.0,0.0009804805139614205,9.800000000392828e-07,0.011582902361779817,2e-05,0.99902
map/transition2,cea-12,joint,shuffle,1,1.0,0.0009804805139614205,9.800000000392828e-07,0.011582902361779817,2e-05,0.99902
map/transition3,cea-12,joint,shuffle,1,1.0,0.0009804805139614205,9.800000000392828e-07,0.011582902361779817,2e-05,0.99902
mixture/absolute,cea-12,joint,shuffle,1,0.0,0.9822391136385871,0.7821213164279692,0.6657302273499545,0.6251684797587597,0.6251684797587597
mixture/present,cea-12,joint,shuffle,1,0.0,1.9630350011749025,1.1537979372652352,1.13564345873451,0.6251684797587597,0.6251684797587597
mixture/recency,cea-12,joint,shuffle,1,0.0,7.889013912106763,1.5176243499593483,0.8031100620848738,0.6255358219954409,0.6255358219954409
mixture/reference,cea-12,joint,shuffle,1,0.0,0.9822391136385871,0.7821213164279692,0.6657302273499545,0.6251684797587597,0.6251684797587597
mixture/transition1,cea-12,joint,shuffle,1,0.0,1.9775034196874564,1.1888920215103251,0.9123306178536665,0.6251684797587597,0.6251684797587597
mixture/transition2,cea-12,joint,shuffle,1,0.0,0.9822391136385871,0.7821213164279692,0.6657302273499545,0.6251684797587597,0.6251684797587597
mixture/transition3,cea-12,joint,shuffle,1,0.0,0.9822391136385871,0.7821213164279692,0.6657302273499545,0.6251684797587597,0.6251684797587597
repaired/absolute,cea-12,joint,shuffle,1,1.0,0.0009804805139614205,9.800000000392828e-07,0.011582902361779817,2e-05,0.99902
repaired/present,cea-12,joint,shuffle,1,0.0,0.9817763680502767,0.5626252924999999,1.2652230253095489,1.9999999999999998e-05,0.37464499999999995
repaired/recency,cea-12,joint,shuffle,1,0.0,6.907755278982137,1.90245,0.38625940550147086,0.001,0.951
repaired/reference,cea-12,joint,shuffle,1,1.0,0.0009804805139614205,9.800000000392828e-07,0.011582902361779817,2e-05,0.99902
repaired/transition1,cea-12,joint,shuffle,1,0.0,0.6952153065292058,0.5011070804759559,0.7038276732785936,1.9999999999999998e-05,0.5000729944351325
repaired/transition2,cea-12,joint,shuffle,1,1.0,0.0009804805139614205,9.800000000392828e-07,0.011582902361779817,2e-05,0.99902
repaired/transition3,cea-12,joint,shuffle,1,1.0,0.0009804805139614205,9.800000000392828e-07,0.011582902361779817,2e-05,0.99902
streaming/absolute,cea-12,joint,shuffle,1,0.0,0.9817763680502767,0.5626252924999999,1.2652230253095489,1.9999999999999998e-05,0.37464499999999995
streaming/present,cea-12,joint,shuffle,1,0.0,0.9817763680502767,0.5626252924999999,1.2652230253095489,1.9999999999999998e-05,0.37464499999999995
streaming/recency,cea-12,joint,shuffle,1,0.0,6.907755278982137,1.90245,0.38625940550147086,0.001,0.951
streaming/reference,cea-12,joint,shuffle,1,0.0,0.9817763680502767,0.5626252924999999,1.2652230253095489,1.9999999999999998e-05,0.37464499999999995
streaming/transition1,cea-12,joint,shuffle,1,0.0,0.9817763680502767,0.5626252924999999,1.2652230253095489,1.9999999999999998e-05,0.37464499999999995
streaming/transition2,cea-12,joint,shuffle,1,0.0,0.9817763680502767,0.5626252924999999,1.2652230253095489,1.9999999999999998e-05,0.37464499999999995
streaming/transition3,cea-12,joint,shuffle,1,0.0,0.9817763680502767,0.5626252924999999,1.2652230253095489,1.9999999999999998e-05,0.37464499999999995
fixed/absolute,cea-12,joint,shuffle,1,0.0,0.9817763680502767,0.5626252924999999,1.2652230253095489,1.9999999999999998e-05,0.37464499999999995
fixed/present,cea-12,joint,shuffle,1,0.0,0.9817763680502767,0.5626252924999999,1.2652230253095489,1.9999999999999998e-05,0.37464499999999995
fixed/recency,cea-12,joint,shuffle,1,0.0,1.0293194621721604,0.5694812499999999,1.5615080942797084,0.001,0.35724999999999996
fixed/reference,cea-12,joint,shuffle,1,0.0,0.9817763680502767,0.5626252924999999,1.2652230253095489,1.9999999999999998e-05,0.37464499999999995
fixed/transition1,cea-12,joint,shuffle,1,0.0,0.9817763680502767,0.5626252924999999,1.2652230253095489,1.9999999999999998e-05,0.37464499999999995
fixed/transition2,cea-12,joint,shuffle,1,0.0,0.9817763680502767,0.5626252924999999,1.2652230253095489,1.9999999999999998e-05,0.37464499999999995
fixed/transition3,cea-12,joint,shuffle,1,0.0,0.9817763680502767,0.5626252924999999,1.2652230253095489,1.9999999999999998e-05,0.37464499999999995
oracle-boundary/absolute,cea-12,joint,shuffle,1,1.0,0.0009804805139614205,9.800000000392828e-07,0.011582902361779817,2e-05,0.99902
oracle-boundary/present,cea-12,joint,shuffle,1,0.0,0.9817763680502767,0.5626252924999999,1.2652230253095489,1.9999999999999998e-05,0.37464499999999995
oracle-boundary/recency,cea-12,joint,shuffle,1,0.0,6.907755278982137,1.90245,0.38625940550147086,0.001,0.951
oracle-boundary/reference,cea-12,joint,shuffle,1,1.0,0.0009804805139614205,9.800000000392828e-07,0.011582902361779817,2e-05,0.99902
oracle-boundary/transition1,cea-12,joint,shuffle,1,0.0,0.69410764165507,0.50000048,0.7038282854721148,1.9999999999999998e-05,0.4995199999999999
oracle-boundary/transition2,cea-12,joint,shuffle,1,1.0,0.0009804805139614205,9.800000000392828e-07,0.011582902361779817,2e-05,0.99902
oracle-boundary/transition3,cea-12,joint,shuffle,1,1.0,0.0009804805139614205,9.800000000392828e-07,0.011582902361779817,2e-05,0.99902
map/absolute,cea-12,joint,ambiguous,0,0.0,5.410379382462122,0.9990009799999999,0.011582902361779817,2e-05,0.99902
map/present,cea-12,joint,ambiguous,0,1.0,0.9817763680502767,0.5626252924999999,1.2652230253095489,1.9999999999999998e-05,0.37464499999999995
map/recency,cea-12,joint,ambiguous,0,0.0,3.4789982477094417,0.95245,0.38625940550147086,0.001,0.951
map/reference,cea-12,joint,ambiguous,0,0.0,5.410379382462122,0.9990009799999999,0.011582902361779817,2e-05,0.99902
map/transition1,cea-12,joint,ambiguous,0,0.0,5.410379382462122,0.9990009799999999,0.011582902361779817,2e-05,0.99902
map/transition2,cea-12,joint,ambiguous,0,0.0,5.410379382462122,0.9990009799999999,0.011582902361779817,2e-05,0.99902
map/transition3,cea-12,joint,ambiguous,0,0.0,5.410379382462122,0.9990009799999999,0.011582902361779817,2e-05,0.99902
mixture/absolute,cea-12,joint,ambiguous,0,0.0,1.7528823039258037,1.138629881729596,0.8898531911043995,0.6522299452652967,0.6522299452652967
mixture/present,cea-12,joint,ambiguous,0,0.0,2.0379701477141285,1.202543860998125,1.085988544000179,0.6522299452652967,0.6522299452652967
mixture/recency,cea-12,joint,ambiguous,0,0.0,4.535192027373293,1.2041569572326973,0.7774228718848526,0.6525707667353661,0.6525707667353661
mixture/reference,cea-12,joint,ambiguous,0,0.0,1.750776601140298,1.1383764636153062,0.8905833141150642,0.6522299452652967,0.6522299452652967
mixture/transition1,cea-12,joint,ambiguous,0,0.0,1.7603253323090837,1.1395171337278849,0.8872888013474104,0.6522299452652967,0.6522299452652967
mixture/transition2,cea-12,joint,ambiguous,0,0.0,1.7603253323090837,1.1395171337278849,0.8872888013474104,0.6522299452652967,0.6522299452652967
mixture/transition3,cea-12,joint,ambiguous,0,0.0,1.7528823039258037,1.138629881729596,0.8898531911043995,0.6522299452652967,0.6522299452652967
repaired/absolute,cea-12,joint,ambiguous,0,1.0,0.6941204990071668,0.5000133125128374,0.7038154405731774,1.9999999999999998e-05,0.5020530330472895
repaired/present,cea-12,joint,ambiguous,0,1.0,0.9817763680502767,0.5626252924999999,1.2652230253095489,1.9999999999999998e-05,0.37464499999999995
repaired/recency,cea-12,joint,ambiguous,0,1.0,3.4789982477094417,0.95245,0.38625940550147086,0.001,0.951
repaired/reference,cea-12,joint,ambiguous,0,1.0,0.6941138017542877,0.5000066282396305,0.703822131311866,1.9999999999999998e-05,0.5012733168040137
repaired/transition1,cea-12,joint,ambiguous,0,1.0,0.6941339219124866,0.5000267091342276,0.7038020309037334,1.9999999999999998e-05,0.5031414040252125
repaired/transition2,cea-12,joint,ambiguous,0,1.0,0.6941204990071668,0.5000133125128374,0.7038154405731774,1.9999999999999998e-05,0.5020530330472895
repaired/transition3,cea-12,joint,ambiguous,0,1.0,0.6941204990071668,0.5000133125128374,0.7038154405731774,1.9999999999999998e-05,0.5020530330472895
streaming/absolute,cea-12,joint,ambiguous,0,1.0,0.9817763680502767,0.5626252924999999,1.2652230253095489,1.9999999999999998e-05,0.37464499999999995
streaming/present,cea-12,joint,ambiguous,0,1.0,0.9817763680502767,0.5626252924999999,1.2652230253095489,1.9999999999999998e-05,0.37464499999999995
streaming/recency,cea-12,joint,ambiguous,0,1.0,3.4789982477094417,0.95245,0.38625940550147086,0.001,0.951
streaming/reference,cea-12,joint,ambiguous,0,1.0,0.9817763680502767,0.5626252924999999,1.2652230253095489,1.9999999999999998e-05,0.37464499999999995
streaming/transition1,cea-12,joint,ambiguous,0,1.0,0.9817763680502767,0.5626252924999999,1.2652230253095489,1.9999999999999998e-05,0.37464499999999995
streaming/transition2,cea-12,joint,ambiguous,0,1.0,0.9817763680502767,0.5626252924999999,1.2652230253095489,1.9999999999999998e-05,0.37464499999999995
streaming/transition3,cea-12,joint,ambiguous,0,1.0,0.9817763680502767,0.5626252924999999,1.2652230253095489,1.9999999999999998e-05,0.37464499999999995
fixed/absolute,cea-12,joint,ambiguous,0,1.0,0.9817763680502767,0.5626252924999999,1.2652230253095489,1.9999999999999998e-05,0.37464499999999995
fixed/present,cea-12,joint,ambiguous,0,1.0,0.9817763680502767,0.5626252924999999,1.2652230253095489,1.9999999999999998e-05,0.37464499999999995
fixed/recency,cea-12,joint,ambiguous,0,1.0,1.0293194621721604,0.5694812499999999,1.5615080942797084,0.001,0.35724999999999996
fixed/reference,cea-12,joint,ambiguous,0,1.0,0.9817763680502767,0.5626252924999999,1.2652230253095489,1.9999999999999998e-05,0.37464499999999995
fixed/transition1,cea-12,joint,ambiguous,0,1.0,0.9817763680502767,0.5626252924999999,1.2652230253095489,1.9999999999999998e-05,0.37464499999999995
fixed/transition2,cea-12,joint,ambiguous,0,1.0,0.9817763680502767,0.5626252924999999,1.2652230253095489,1.9999999999999998e-05,0.37464499999999995
fixed/transition3,cea-12,joint,ambiguous,0,1.0,0.9817763680502767,0.5626252924999999,1.2652230253095489,1.9999999999999998e-05,0.37464499999999995
oracle-boundary/absolute,cea-12,joint,ambiguous,0,1.0,0.69410764165507,0.50000048,0.7038282854721148,1.9999999999999998e-05,0.4995199999999999
oracle-boundary/present,cea-12,joint,ambiguous,0,1.0,0.9817763680502767,0.5626252924999999,1.2652230253095489,1.9999999999999998e-05,0.37464499999999995
oracle-boundary/recency,cea-12,joint,ambiguous,0,1.0,3.4789982477094417,0.95245,0.38625940550147086,0.001,0.951
oracle-boundary/reference,cea-12,joint,ambiguous,0,1.0,0.69410764165507,0.50000048,0.7038282854721148,1.9999999999999998e-05,0.4995199999999999
oracle-boundary/transition1,cea-12,joint,ambiguous,0,1.0,0.69410764165507,0.50000048,0.7038282854721148,1.9999999999999998e-05,0.4995199999999999
oracle-boundary/transition2,cea-12,joint,ambiguous,0,1.0,0.69410764165507,0.50000048,0.7038282854721148,1.9999999999999998e-05,0.4995199999999999
oracle-boundary/transition3,cea-12,joint,ambiguous,0,1.0,0.69410764165507,0.50000048,0.7038282854721148,1.9999999999999998e-05,0.4995199999999999
map/absolute,cea-12,joint,ambiguous,1,1.0,5.410379382462122,0.9990009799999999,0.011582902361779817,2e-05,0.99902
map/present,cea-12,joint,ambiguous,1,0.0,0.9817763680502767,0.5626252924999999,1.2652230253095489,1.9999999999999998e-05,0.37464499999999995
map/recency,cea-12,joint,ambiguous,1,1.0,3.4789982477094417,0.95245,0.38625940550147086,0.001,0.951
map/reference,cea-12,joint,ambiguous,1,1.0,5.410379382462122,0.9990009799999999,0.011582902361779817,2e-05,0.99902
map/transition1,cea-12,joint,ambiguous,1,1.0,5.410379382462122,0.9990009799999999,0.011582902361779817,2e-05,0.99902
map/transition2,cea-12,joint,ambiguous,1,1.0,5.410379382462122,0.9990009799999999,0.011582902361779817,2e-05,0.99902
map/transition3,cea-12,joint,ambiguous,1,1.0,5.410379382462122,0.9990009799999999,0.011582902361779817,2e-05,0.99902
mixture/absolute,cea-12,joint,ambiguous,1,0.0,1.7528823039258037,1.138629881729596,0.8898531911043995,0.6522299452652967,0.6522299452652967
mixture/present,cea-12,joint,ambiguous,1,0.0,2.0379701477141285,1.202543860998125,1.085988544000179,0.6522299452652967,0.6522299452652967
mixture/recency,cea-12,joint,ambiguous,1,0.0,4.535192027373293,1.2041569572326973,0.7774228718848526,0.6525707667353661,0.6525707667353661
mixture/reference,cea-12,joint,ambiguous,1,0.0,1.750776601140298,1.1383764636153062,0.8905833141150642,0.6522299452652967,0.6522299452652967
mixture/transition1,cea-12,joint,ambiguous,1,0.0,1.7603253323090837,1.1395171337278849,0.8872888013474104,0.6522299452652967,0.6522299452652967
mixture/transition2,cea-12,joint,ambiguous,1,0.0,1.7603253323090837,1.1395171337278849,0.8872888013474104,0.6522299452652967,0.6522299452652967
mixture/transition3,cea-12,joint,ambiguous,1,0.0,1.7528823039258037,1.138629881729596,0.8898531911043995,0.6522299452652967,0.6522299452652967
repaired/absolute,cea-12,joint,ambiguous,1,0.0,0.6941204990071668,0.5000133125128374,0.7038154405731774,1.9999999999999998e-05,0.5020530330472895
repaired/present,cea-12,joint,ambiguous,1,0.0,0.9817763680502767,0.5626252924999999,1.2652230253095489,1.9999999999999998e-05,0.37464499999999995
repaired/recency,cea-12,joint,ambiguous,1,0.0,3.4789982477094417,0.95245,0.38625940550147086,0.001,0.951
repaired/reference,cea-12,joint,ambiguous,1,0.0,0.6941138017542877,0.5000066282396305,0.703822131311866,1.9999999999999998e-05,0.5012733168040137
repaired/transition1,cea-12,joint,ambiguous,1,0.0,0.6941339219124866,0.5000267091342276,0.7038020309037334,1.9999999999999998e-05,0.5031414040252125
repaired/transition2,cea-12,joint,ambiguous,1,0.0,0.6941204990071668,0.5000133125128374,0.7038154405731774,1.9999999999999998e-05,0.5020530330472895
repaired/transition3,cea-12,joint,ambiguous,1,0.0,0.6941204990071668,0.5000133125128374,0.7038154405731774,1.9999999999999998e-05,0.5020530330472895
streaming/absolute,cea-12,joint,ambiguous,1,0.0,0.9817763680502767,0.5626252924999999,1.2652230253095489,1.9999999999999998e-05,0.37464499999999995
streaming/present,cea-12,joint,ambiguous,1,0.0,0.9817763680502767,0.5626252924999999,1.2652230253095489,1.9999999999999998e-05,0.37464499999999995
streaming/recency,cea-12,joint,ambiguous,1,0.0,3.4789982477094417,0.95245,0.38625940550147086,0.001,0.951
streaming/reference,cea-12,joint,ambiguous,1,0.0,0.9817763680502767,0.5626252924999999,1.2652230253095489,1.9999999999999998e-05,0.37464499999999995
streaming/transition1,cea-12,joint,ambiguous,1,0.0,0.9817763680502767,0.5626252924999999,1.2652230253095489,1.9999999999999998e-05,0.37464499999999995
streaming/transition2,cea-12,joint,ambiguous,1,0.0,0.9817763680502767,0.5626252924999999,1.2652230253095489,1.9999999999999998e-05,0.37464499999999995
streaming/transition3,cea-12,joint,ambiguous,1,0.0,0.9817763680502767,0.5626252924999999,1.2652230253095489,1.9999999999999998e-05,0.37464499999999995
fixed/absolute,cea-12,joint,ambiguous,1,0.0,0.9817763680502767,0.5626252924999999,1.2652230253095489,1.9999999999999998e-05,0.37464499999999995
fixed/present,cea-12,joint,ambiguous,1,0.0,0.9817763680502767,0.5626252924999999,1.2652230253095489,1.9999999999999998e-05,0.37464499999999995
fixed/recency,cea-12,joint,ambiguous,1,0.0,1.0293194621721604,0.5694812499999999,1.5615080942797084,0.001,0.35724999999999996
fixed/reference,cea-12,joint,ambiguous,1,0.0,0.9817763680502767,0.5626252924999999,1.2652230253095489,1.9999999999999998e-05,0.37464499999999995
fixed/transition1,cea-12,joint,ambiguous,1,0.0,0.9817763680502767,0.5626252924999999,1.2652230253095489,1.9999999999999998e-05,0.37464499999999995
fixed/transition2,cea-12,joint,ambiguous,1,0.0,0.9817763680502767,0.5626252924999999,1.2652230253095489,1.9999999999999998e-05,0.37464499999999995
fixed/transition3,cea-12,joint,ambiguous,1,0.0,0.9817763680502767,0.5626252924999999,1.2652230253095489,1.9999999999999998e-05,0.37464499999999995
oracle-boundary/absolute,cea-12,joint,ambiguous,1,0.0,0.69410764165507,0.50000048,0.7038282854721148,1.9999999999999998e-05,0.4995199999999999
oracle-boundary/present,cea-12,joint,ambiguous,1,0.0,0.9817763680502767,0.5626252924999999,1.2652230253095489,1.9999999999999998e-05,0.37464499999999995
oracle-boundary/recency,cea-12,joint,ambiguous,1,0.0,3.4789982477094417,0.95245,0.38625940550147086,0.001,0.951
oracle-boundary/reference,cea-12,joint,ambiguous,1,0.0,0.69410764165507,0.50000048,0.7038282854721148,1.9999999999999998e-05,0.4995199999999999
oracle-boundary/transition1,cea-12,joint,ambiguous,1,0.0,0.69410764165507,0.50000048,0.7038282854721148,1.9999999999999998e-05,0.4995199999999999
oracle-boundary/transition2,cea-12,joint,ambiguous,1,0.0,0.69410764165507,0.50000048,0.7038282854721148,1.9999999999999998e-05,0.4995199999999999
oracle-boundary/transition3,cea-12,joint,ambiguous,1,0.0,0.69410764165507,0.50000048,0.7038282854721148,1.9999999999999998e-05,0.4995199999999999
map/absolute,cea-13,detached,intact,0,1.0,0.0009804805139616427,9.800000000392828e-07,0.011582902361780037,1.9999999999999998e-05,0.9990199999999998
map/present,cea-13,detached,intact,0,1.0,0.9817763680502767,0.5626252924999999,1.2652230253095489,1.9999999999999998e-05,0.37464499999999995
map/recency,cea-13,detached,intact,0,0.0,6.907755278982137,1.90245,0.38625940550147086,0.001,0.951
map/reference,cea-13,detached,intact,0,1.0,0.0009804805139616427,9.800000000392828e-07,0.011582902361780037,1.9999999999999998e-05,0.9990199999999998
map/transition1,cea-13,detached,intact,0,1.0,0.6550118429881037,0.46096194525753,0.7030340256653732,1.9999999999999998e-05,0.5194359108773078
map/transition2,cea-13,detached,intact,0,1.0,0.0009804805139616427,9.800000000392828e-07,0.011582902361780037,1.9999999999999998e-05,0.9990199999999998
map/transition3,cea-13,detached,intact,0,1.0,0.0009804805139616427,9.800000000392828e-07,0.011582902361780037,1.9999999999999998e-05,0.9990199999999998
mixture/absolute,cea-13,detached,intact,0,1.0,0.0009804805139616427,9.800000000392828e-07,0.011582902361780037,1.9999999999999998e-05,0.9990199999999998
mixture/present,cea-13,detached,intact,0,1.0,0.9817763680502767,0.5626252924999999,1.2652230253095489,1.9999999999999998e-05,0.37464499999999995
mixture/recency,cea-13,detached,intact,0,0.0,6.907755278982137,1.90245,0.38625940550147086,0.001,0.951
mixture/reference,cea-13,detached,intact,0,1.0,0.0009804805139616427,9.800000000392828e-07,0.011582902361780037,1.9999999999999998e-05,0.9990199999999998
mixture/transition1,cea-13,detached,intact,0,1.0,0.6550118429881037,0.46096194525753,0.7030340256653732,1.9999999999999998e-05,0.5194359108773078
mixture/transition2,cea-13,detached,intact,0,1.0,0.0009804805139616427,9.800000000392828e-07,0.011582902361780037,1.9999999999999998e-05,0.9990199999999998
mixture/transition3,cea-13,detached,intact,0,1.0,0.0009804805139616427,9.800000000392828e-07,0.011582902361780037,1.9999999999999998e-05,0.9990199999999998
repaired/absolute,cea-13,detached,intact,0,1.0,0.0009804805139616427,9.800000000392828e-07,0.011582902361780037,1.9999999999999998e-05,0.9990199999999998
repaired/present,cea-13,detached,intact,0,1.0,0.9817763680502767,0.5626252924999999,1.2652230253095489,1.9999999999999998e-05,0.37464499999999995
repaired/recency,cea-13,detached,intact,0,0.0,6.907755278982137,1.90245,0.38625940550147086,0.001,0.951
repaired/reference,cea-13,detached,intact,0,1.0,0.0009804805139616427,9.800000000392828e-07,0.011582902361780037,1.9999999999999998e-05,0.9990199999999998
repaired/transition1,cea-13,detached,intact,0,0.0,0.7084600673829965,0.5143380560017883,0.7037268493886534,1.9999999999999998e-05,0.5066381203633864
repaired/transition2,cea-13,detached,intact,0,1.0,0.0009804805139616427,9.800000000392828e-07,0.011582902361780037,1.9999999999999998e-05,0.9990199999999998
repaired/transition3,cea-13,detached,intact,0,1.0,0.0009804805139616427,9.800000000392828e-07,0.011582902361780037,1.9999999999999998e-05,0.9990199999999998
streaming/absolute,cea-13,detached,intact,0,1.0,0.9817763680502767,0.5626252924999999,1.2652230253095489,1.9999999999999998e-05,0.37464499999999995
streaming/present,cea-13,detached,intact,0,1.0,0.9817763680502767,0.5626252924999999,1.2652230253095489,1.9999999999999998e-05,0.37464499999999995
streaming/recency,cea-13,detached,intact,0,0.0,6.907755278982137,1.90245,0.38625940550147086,0.001,0.951
streaming/reference,cea-13,detached,intact,0,1.0,0.9817763680502767,0.5626252924999999,1.2652230253095489,1.9999999999999998e-05,0.37464499999999995
streaming/transition1,cea-13,detached,intact,0,0.0,10.819778284410283,1.99800098,0.011582902361779817,2e-05,0.99902
streaming/transition2,cea-13,detached,intact,0,1.0,0.9817763680502767,0.5626252924999999,1.2652230253095489,1.9999999999999998e-05,0.37464499999999995
streaming/transition3,cea-13,detached,intact,0,1.0,0.9817763680502767,0.5626252924999999,1.2652230253095489,1.9999999999999998e-05,0.37464499999999995
fixed/absolute,cea-13,detached,intact,0,1.0,0.9817763680502767,0.5626252924999999,1.2652230253095489,1.9999999999999998e-05,0.37464499999999995
fixed/present,cea-13,detached,intact,0,1.0,0.9817763680502767,0.5626252924999999,1.2652230253095489,1.9999999999999998e-05,0.37464499999999995
fixed/recency,cea-13,detached,intact,0,0.0,6.907755278982137,1.90245,0.38625940550147086,0.001,0.951
fixed/reference,cea-13,detached,intact,0,1.0,0.9817763680502767,0.5626252924999999,1.2652230253095489,1.9999999999999998e-05,0.37464499999999995
fixed/transition1,cea-13,detached,intact,0,0.0,10.819778284410283,1.5017991852436818,0.7010242665471191,1.9999999999999998e-05,0.5369279219128905
fixed/transition2,cea-13,detached,intact,0,1.0,0.9817763680502767,0.5626252924999999,1.2652230253095489,1.9999999999999998e-05,0.37464499999999995
fixed/transition3,cea-13,detached,intact,0,1.0,0.9817763680502767,0.5626252924999999,1.2652230253095489,1.9999999999999998e-05,0.37464499999999995
oracle-boundary/absolute,cea-13,detached,intact,0,1.0,0.0009804805139616427,9.800000000392828e-07,0.011582902361780037,1.9999999999999998e-05,0.9990199999999998
oracle-boundary/present,cea-13,detached,intact,0,1.0,0.9817763680502767,0.5626252924999999,1.2652230253095489,1.9999999999999998e-05,0.37464499999999995
oracle-boundary/recency,cea-13,detached,intact,0,0.0,6.907755278982137,1.90245,0.38625940550147086,0.001,0.951
oracle-boundary/reference,cea-13,detached,intact,0,1.0,0.0009804805139616427,9.800000000392828e-07,0.011582902361780037,1.9999999999999998e-05,0.9990199999999998
oracle-boundary/transition1,cea-13,detached,intact,0,1.0,0.69410764165507,0.50000048,0.7038282854721148,1.9999999999999998e-05,0.4995199999999999
oracle-boundary/transition2,cea-13,detached,intact,0,1.0,0.0009804805139616427,9.800000000392828e-07,0.011582902361780037,1.9999999999999998e-05,0.9990199999999998
oracle-boundary/transition3,cea-13,detached,intact,0,1.0,0.0009804805139616427,9.800000000392828e-07,0.011582902361780037,1.9999999999999998e-05,0.9990199999999998
map/absolute,cea-13,detached,intact,1,1.0,0.0009804805139614205,9.800000000392828e-07,0.011582902361779817,2e-05,0.99902
map/present,cea-13,detached,intact,1,0.0,0.9817763680502767,0.5626252924999999,1.2652230253095489,1.9999999999999998e-05,0.37464499999999995
map/recency,cea-13,detached,intact,1,0.0,6.907755278982137,1.90245,0.38625940550147086,0.001,0.951
map/reference,cea-13,detached,intact,1,1.0,0.0009804805139614205,9.800000000392828e-07,0.011582902361779817,2e-05,0.99902
map/transition1,cea-13,detached,intact,1,1.0,0.6550120410864588,0.4609621428589896,0.7030340338749211,1.9999999999999998e-05,0.5194358079779184
map/transition2,cea-13,detached,intact,1,1.0,0.0009804805139614205,9.800000000392828e-07,0.011582902361779817,2e-05,0.99902
map/transition3,cea-13,detached,intact,1,1.0,0.0009804805139614205,9.800000000392828e-07,0.011582902361779817,2e-05,0.99902
mixture/absolute,cea-13,detached,intact,1,1.0,0.0009804805139614205,9.800000000392828e-07,0.011582902361779817,2e-05,0.99902
mixture/present,cea-13,detached,intact,1,0.0,0.9817763680502767,0.5626252924999999,1.2652230253095489,1.9999999999999998e-05,0.37464499999999995
mixture/recency,cea-13,detached,intact,1,0.0,6.907755278982137,1.90245,0.38625940550147086,0.001,0.951
mixture/reference,cea-13,detached,intact,1,1.0,0.0009804805139614205,9.800000000392828e-07,0.011582902361779817,2e-05,0.99902
mixture/transition1,cea-13,detached,intact,1,1.0,0.6550120410864588,0.4609621428589896,0.7030340338749211,1.9999999999999998e-05,0.5194358079779184
mixture/transition2,cea-13,detached,intact,1,1.0,0.0009804805139614205,9.800000000392828e-07,0.011582902361779817,2e-05,0.99902
mixture/transition3,cea-13,detached,intact,1,1.0,0.0009804805139614205,9.800000000392828e-07,0.011582902361779817,2e-05,0.99902
repaired/absolute,cea-13,detached,intact,1,1.0,0.0009804805139614205,9.800000000392828e-07,0.011582902361779817,2e-05,0.99902
repaired/present,cea-13,detached,intact,1,0.0,0.9817763680502767,0.5626252924999999,1.2652230253095489,1.9999999999999998e-05,0.37464499999999995
repaired/recency,cea-13,detached,intact,1,0.0,6.907755278982137,1.90245,0.38625940550147086,0.001,0.951
repaired/reference,cea-13,detached,intact,1,1.0,0.0009804805139614205,9.800000000392828e-07,0.011582902361779817,2e-05,0.99902
repaired/transition1,cea-13,detached,intact,1,0.0,0.7084600673829965,0.5143380560017883,0.7037268493886534,1.9999999999999998e-05,0.5066381203633864
repaired/transition2,cea-13,detached,intact,1,1.0,0.0009804805139614205,9.800000000392828e-07,0.011582902361779817,2e-05,0.99902
repaired/transition3,cea-13,detached,intact,1,1.0,0.0009804805139614205,9.800000000392828e-07,0.011582902361779817,2e-05,0.99902
streaming/absolute,cea-13,detached,intact,1,0.0,0.9817763680502767,0.5626252924999999,1.2652230253095489,1.9999999999999998e-05,0.37464499999999995
streaming/present,cea-13,detached,intact,1,0.0,0.9817763680502767,0.5626252924999999,1.2652230253095489,1.9999999999999998e-05,0.37464499999999995
streaming/recency,cea-13,detached,intact,1,0.0,6.907755278982137,1.90245,0.38625940550147086,0.001,0.951
streaming/reference,cea-13,detached,intact,1,0.0,0.9817763680502767,0.5626252924999999,1.2652230253095489,1.9999999999999998e-05,0.37464499999999995
streaming/transition1,cea-13,detached,intact,1,0.0,10.819778284410283,1.9980009799999996,0.011582902361780037,1.9999999999999998e-05,0.9990199999999998
streaming/transition2,cea-13,detached,intact,1,0.0,0.9817763680502767,0.5626252924999999,1.2652230253095489,1.9999999999999998e-05,0.37464499999999995
streaming/transition3,cea-13,detached,intact,1,0.0,0.9817763680502767,0.5626252924999999,1.2652230253095489,1.9999999999999998e-05,0.37464499999999995
fixed/absolute,cea-13,detached,intact,1,0.0,0.9817763680502767,0.5626252924999999,1.2652230253095489,1.9999999999999998e-05,0.37464499999999995
fixed/present,cea-13,detached,intact,1,0.0,0.9817763680502767,0.5626252924999999,1.2652230253095489,1.9999999999999998e-05,0.37464499999999995
fixed/recency,cea-13,detached,intact,1,0.0,6.907755278982137,1.90245,0.38625940550147086,0.001,0.951
fixed/reference,cea-13,detached,intact,1,0.0,0.9817763680502767,0.5626252924999999,1.2652230253095489,1.9999999999999998e-05,0.37464499999999995
fixed/transition1,cea-13,detached,intact,1,0.0,10.819778284410283,1.99800098,0.011582902361779817,2e-05,0.99902
fixed/transition2,cea-13,detached,intact,1,0.0,0.9817763680502767,0.5626252924999999,1.2652230253095489,1.9999999999999998e-05,0.37464499999999995
fixed/transition3,cea-13,detached,intact,1,0.0,0.9817763680502767,0.5626252924999999,1.2652230253095489,1.9999999999999998e-05,0.37464499999999995
oracle-boundary/absolute,cea-13,detached,intact,1,1.0,0.0009804805139614205,9.800000000392828e-07,0.011582902361779817,2e-05,0.99902
oracle-boundary/present,cea-13,detached,intact,1,0.0,0.9817763680502767,0.5626252924999999,1.2652230253095489,1.9999999999999998e-05,0.37464499999999995
oracle-boundary/recency,cea-13,detached,intact,1,0.0,6.907755278982137,1.90245,0.38625940550147086,0.001,0.951
oracle-boundary/reference,cea-13,detached,intact,1,1.0,0.0009804805139614205,9.800000000392828e-07,0.011582902361779817,2e-05,0.99902
oracle-boundary/transition1,cea-13,detached,intact,1,0.0,0.69410764165507,0.50000048,0.7038282854721148,1.9999999999999998e-05,0.4995199999999999
oracle-boundary/transition2,cea-13,detached,intact,1,1.0,0.0009804805139614205,9.800000000392828e-07,0.011582902361779817,2e-05,0.99902
oracle-boundary/transition3,cea-13,detached,intact,1,1.0,0.0009804805139614205,9.800000000392828e-07,0.011582902361779817,2e-05,0.99902
map/absolute,cea-13,legato,intact,0,1.0,0.0009804805139616427,9.800000000392828e-07,0.011582902361780037,1.9999999999999998e-05,0.9990199999999998
map/present,cea-13,legato,intact,0,1.0,0.9817763680502767,0.5626252924999999,1.2652230253095489,1.9999999999999998e-05,0.37464499999999995
map/recency,cea-13,legato,intact,0,0.0,6.907755278982137,1.90245,0.38625940550147086,0.001,0.951
map/reference,cea-13,legato,intact,0,1.0,0.0009804805139616427,9.800000000392828e-07,0.011582902361780037,1.9999999999999998e-05,0.9990199999999998
map/transition1,cea-13,legato,intact,0,0.0,0.9344332147227196,0.7361983128853442,0.6808550471682143,1.9999999999999998e-05,0.6062315595096833
map/transition2,cea-13,legato,intact,0,1.0,0.0009804805139616427,9.800000000392828e-07,0.011582902361780037,1.9999999999999998e-05,0.9990199999999998
map/transition3,cea-13,legato,intact,0,1.0,0.0009804805139616427,9.800000000392828e-07,0.011582902361780037,1.9999999999999998e-05,0.9990199999999998
mixture/absolute,cea-13,legato,intact,0,1.0,0.08919289660395786,0.014413504721249026,0.2998985990223169,0.08445193629060499,0.9146691199893594
mixture/present,cea-13,legato,intact,0,1.0,1.0699887841402729,0.5825740705708404,1.447689341990414,0.08445193629060499,0.3430123645756978
mixture/recency,cea-13,legato,intact,0,0.0,6.9959676950721335,1.7636183867911823,0.6380499002330272,0.08534919133814114,0.8707036226600878
mixture/reference,cea-13,legato,intact,0,1.0,0.08919289660395786,0.014413504721249026,0.2998985990223169,0.08445193629060499,0.9146691199893594
mixture/transition1,cea-13,legato,intact,0,0.0,1.0226456308127159,0.7252654662657858,0.9126616705559124,0.08445193629060499,0.5550452313732449
mixture/transition2,cea-13,legato,intact,0,1.0,0.08919289660395786,0.014413504721249026,0.2998985990223169,0.08445193629060499,0.9146691199893594
mixture/transition3,cea-13,legato,intact,0,1.0,0.08919289660395786,0.014413504721249026,0.2998985990223169,0.08445193629060499,0.9146691199893594
repaired/absolute,cea-13,legato,intact,0,1.0,0.0009804805139616427,9.800000000392828e-07,0.011582902361780037,1.9999999999999998e-05,0.9990199999999998
repaired/present,cea-13,legato,intact,0,1.0,0.9817763680502767,0.5626252924999999,1.2652230253095489,1.9999999999999998e-05,0.37464499999999995
repaired/recency,cea-13,legato,intact,0,0.0,6.907755278982137,1.90245,0.38625940550147086,0.001,0.951
repaired/reference,cea-13,legato,intact,0,1.0,0.0009804805139616427,9.800000000392828e-07,0.011582902361780037,1.9999999999999998e-05,0.9990199999999998
repaired/transition1,cea-13,legato,intact,0,1.0,0.6907760762240067,0.49667211987645077,0.7038227226180883,1.9999999999999998e-05,0.5011869588134603
repaired/transition2,cea-13,legato,intact,0,1.0,0.0009804805139616427,9.800000000392828e-07,0.011582902361780037,1.9999999999999998e-05,0.9990199999999998
repaired/transition3,cea-13,legato,intact,0,1.0,0.0009804805139616427,9.800000000392828e-07,0.011582902361780037,1.9999999999999998e-05,0.9990199999999998
streaming/absolute,cea-13,legato,intact,0,1.0,0.9817763680502767,0.5626252924999999,1.2652230253095489,1.9999999999999998e-05,0.37464499999999995
streaming/present,cea-13,legato,intact,0,1.0,0.9817763680502767,0.5626252924999999,1.2652230253095489,1.9999999999999998e-05,0.37464499999999995
streaming/recency,cea-13,legato,intact,0,1.0,1.0293194621721604,0.5694812499999999,1.5615080942797084,0.001,0.35724999999999996
streaming/reference,cea-13,legato,intact,0,1.0,0.9817763680502767,0.5626252924999999,1.2652230253095489,1.9999999999999998e-05,0.37464499999999995
streaming/transition1,cea-13,legato,intact,0,1.0,0.9817763680502767,0.5626252924999999,1.2652230253095489,1.9999999999999998e-05,0.37464499999999995
streaming/transition2,cea-13,legato,intact,0,1.0,0.9817763680502767,0.5626252924999999,1.2652230253095489,1.9999999999999998e-05,0.37464499999999995
streaming/transition3,cea-13,legato,intact,0,1.0,0.9817763680502767,0.5626252924999999,1.2652230253095489,1.9999999999999998e-05,0.37464499999999995
fixed/absolute,cea-13,legato,intact,0,1.0,0.9817763680502767,0.5626252924999999,1.2652230253095489,1.9999999999999998e-05,0.37464499999999995
fixed/present,cea-13,legato,intact,0,1.0,0.9817763680502767,0.5626252924999999,1.2652230253095489,1.9999999999999998e-05,0.37464499999999995
fixed/recency,cea-13,legato,intact,0,0.0,6.907755278982137,1.90245,0.38625940550147086,0.001,0.951
fixed/reference,cea-13,legato,intact,0,1.0,0.9817763680502767,0.5626252924999999,1.2652230253095489,1.9999999999999998e-05,0.37464499999999995
fixed/transition1,cea-13,legato,intact,0,0.0,10.819778284410283,1.5821099680911193,0.6181607496109432,1.9999999999999998e-05,0.7033698075681202
fixed/transition2,cea-13,legato,intact,0,1.0,0.9817763680502767,0.5626252924999999,1.2652230253095489,1.9999999999999998e-05,0.37464499999999995
fixed/transition3,cea-13,legato,intact,0,1.0,0.9817763680502767,0.5626252924999999,1.2652230253095489,1.9999999999999998e-05,0.37464499999999995
oracle-boundary/absolute,cea-13,legato,intact,0,1.0,0.0009804805139616427,9.800000000392828e-07,0.011582902361780037,1.9999999999999998e-05,0.9990199999999998
oracle-boundary/present,cea-13,legato,intact,0,1.0,0.9817763680502767,0.5626252924999999,1.2652230253095489,1.9999999999999998e-05,0.37464499999999995
oracle-boundary/recency,cea-13,legato,intact,0,0.0,6.907755278982137,1.90245,0.38625940550147086,0.001,0.951
oracle-boundary/reference,cea-13,legato,intact,0,1.0,0.0009804805139616427,9.800000000392828e-07,0.011582902361780037,1.9999999999999998e-05,0.9990199999999998
oracle-boundary/transition1,cea-13,legato,intact,0,1.0,0.69410764165507,0.50000048,0.7038282854721148,1.9999999999999998e-05,0.4995199999999999
oracle-boundary/transition2,cea-13,legato,intact,0,1.0,0.0009804805139616427,9.800000000392828e-07,0.011582902361780037,1.9999999999999998e-05,0.9990199999999998
oracle-boundary/transition3,cea-13,legato,intact,0,1.0,0.0009804805139616427,9.800000000392828e-07,0.011582902361780037,1.9999999999999998e-05,0.9990199999999998
map/absolute,cea-13,legato,intact,1,1.0,0.0009804805139614205,9.800000000392828e-07,0.011582902361779817,2e-05,0.99902
map/present,cea-13,legato,intact,1,0.0,0.9817763680502767,0.5626252924999999,1.2652230253095489,1.9999999999999998e-05,0.37464499999999995
map/recency,cea-13,legato,intact,1,0.0,6.907755278982137,1.90245,0.38625940550147086,0.001,0.951
map/reference,cea-13,legato,intact,1,1.0,0.0009804805139614205,9.800000000392828e-07,0.011582902361779817,2e-05,0.99902
map/transition1,cea-13,legato,intact,1,0.0,0.8387977531227306,0.6436366900134598,0.6947360406181083,1.9999999999999998e-05,0.566810141820506
map/transition2,cea-13,legato,intact,1,1.0,0.0009804805139614205,9.800000000392828e-07,0.011582902361779817,2e-05,0.99902
map/transition3,cea-13,legato,intact,1,1.0,0.0009804805139614205,9.800000000392828e-07,0.011582902361779817,2e-05,0.99902
mixture/absolute,cea-13,legato,intact,1,1.0,0.08901284265343642,0.014357604274666036,0.299507369449522,0.08428707340318037,0.9148338246052469
mixture/present,cea-13,legato,intact,1,0.0,1.0698087301897519,0.5825168923559354,1.4475047952817373,0.08428707340318037,0.3430741308674828
mixture/recency,cea-13,legato,intact,1,0.0,6.995787641121612,1.7638630403205102,0.637721466694316,0.08518449001957758,0.8708604104017834
mixture/reference,cea-13,legato,intact,1,1.0,0.08901284265343642,0.014357604274666036,0.299507369449522,0.08428707340318037,0.9148338246052469
mixture/transition1,cea-13,legato,intact,1,0.0,0.9268301152622057,0.6415627469687586,0.9250920406894511,0.08428707340318037,0.5190457547063081
mixture/transition2,cea-13,legato,intact,1,1.0,0.08901284265343642,0.014357604274666036,0.299507369449522,0.08428707340318037,0.9148338246052469
mixture/transition3,cea-13,legato,intact,1,1.0,0.08901284265343642,0.014357604274666036,0.299507369449522,0.08428707340318037,0.9148338246052469
repaired/absolute,cea-13,legato,intact,1,1.0,0.0009804805139614205,9.800000000392828e-07,0.011582902361779817,2e-05,0.99902
repaired/present,cea-13,legato,intact,1,0.0,0.9817763680502767,0.5626252924999999,1.2652230253095489,1.9999999999999998e-05,0.37464499999999995
repaired/recency,cea-13,legato,intact,1,0.0,6.907755278982137,1.90245,0.38625940550147086,0.001,0.951
repaired/reference,cea-13,legato,intact,1,1.0,0.0009804805139614205,9.800000000392828e-07,0.011582902361779817,2e-05,0.99902
repaired/transition1,cea-13,legato,intact,1,1.0,0.6907760762240067,0.49667211987645077,0.7038227226180883,1.9999999999999998e-05,0.5011869588134603
repaired/transition2,cea-13,legato,intact,1,1.0,0.0009804805139614205,9.800000000392828e-07,0.011582902361779817,2e-05,0.99902
repaired/transition3,cea-13,legato,intact,1,1.0,0.0009804805139614205,9.800000000392828e-07,0.011582902361779817,2e-05,0.99902
streaming/absolute,cea-13,legato,intact,1,0.0,0.9817763680502767,0.5626252924999999,1.2652230253095489,1.9999999999999998e-05,0.37464499999999995
streaming/present,cea-13,legato,intact,1,0.0,0.9817763680502767,0.5626252924999999,1.2652230253095489,1.9999999999999998e-05,0.37464499999999995
streaming/recency,cea-13,legato,intact,1,0.0,1.0293194621721604,0.5694812499999999,1.5615080942797084,0.001,0.35724999999999996
streaming/reference,cea-13,legato,intact,1,0.0,0.9817763680502767,0.5626252924999999,1.2652230253095489,1.9999999999999998e-05,0.37464499999999995
streaming/transition1,cea-13,legato,intact,1,0.0,0.9817763680502767,0.5626252924999999,1.2652230253095489,1.9999999999999998e-05,0.37464499999999995
streaming/transition2,cea-13,legato,intact,1,0.0,0.9817763680502767,0.5626252924999999,1.2652230253095489,1.9999999999999998e-05,0.37464499999999995
streaming/transition3,cea-13,legato,intact,1,0.0,0.9817763680502767,0.5626252924999999,1.2652230253095489,1.9999999999999998e-05,0.37464499999999995
fixed/absolute,cea-13,legato,intact,1,0.0,0.9817763680502767,0.5626252924999999,1.2652230253095489,1.9999999999999998e-05,0.37464499999999995
fixed/present,cea-13,legato,intact,1,0.0,0.9817763680502767,0.5626252924999999,1.2652230253095489,1.9999999999999998e-05,0.37464499999999995
fixed/recency,cea-13,legato,intact,1,0.0,6.907755278982137,1.90245,0.38625940550147086,0.001,0.951
fixed/reference,cea-13,legato,intact,1,0.0,0.9817763680502767,0.5626252924999999,1.2652230253095489,1.9999999999999998e-05,0.37464499999999995
fixed/transition1,cea-13,legato,intact,1,0.0,10.819778284410283,1.99800098,0.011582902361779817,2e-05,0.99902
fixed/transition2,cea-13,legato,intact,1,0.0,0.9817763680502767,0.5626252924999999,1.2652230253095489,1.9999999999999998e-05,0.37464499999999995
fixed/transition3,cea-13,legato,intact,1,0.0,0.9817763680502767,0.5626252924999999,1.2652230253095489,1.9999999999999998e-05,0.37464499999999995
oracle-boundary/absolute,cea-13,legato,intact,1,1.0,0.0009804805139614205,9.800000000392828e-07,0.011582902361779817,2e-05,0.99902
oracle-boundary/present,cea-13,legato,intact,1,0.0,0.9817763680502767,0.5626252924999999,1.2652230253095489,1.9999999999999998e-05,0.37464499999999995
oracle-boundary/recency,cea-13,legato,intact,1,0.0,6.907755278982137,1.90245,0.38625940550147086,0.001,0.951
oracle-boundary/reference,cea-13,legato,intact,1,1.0,0.0009804805139614205,9.800000000392828e-07,0.011582902361779817,2e-05,0.99902
oracle-boundary/transition1,cea-13,legato,intact,1,0.0,0.69410764165507,0.50000048,0.7038282854721148,1.9999999999999998e-05,0.4995199999999999
oracle-boundary/transition2,cea-13,legato,intact,1,1.0,0.0009804805139614205,9.800000000392828e-07,0.011582902361779817,2e-05,0.99902
oracle-boundary/transition3,cea-13,legato,intact,1,1.0,0.0009804805139614205,9.800000000392828e-07,0.011582902361779817,2e-05,0.99902
map/absolute,cea-13,duration,intact,0,1.0,0.0009804805139616427,9.800000000392828e-07,0.011582902361780037,1.9999999999999998e-05,0.9990199999999998
map/present,cea-13,duration,intact,0,1.0,0.9817763680502767,0.5626252924999999,1.2652230253095489,1.9999999999999998e-05,0.37464499999999995
map/recency,cea-13,duration,intact,0,0.0,6.907755278982137,1.90245,0.38625940550147086,0.001,0.951
map/reference,cea-13,duration,intact,0,1.0,0.0009804805139616427,9.800000000392828e-07,0.011582902361780037,1.9999999999999998e-05,0.9990199999999998
map/transition1,cea-13,duration,intact,0,1.0,0.47395466986001017,0.284235149384096,0.6732196938790131,1.9999999999999998e-05,0.6225354715481707
map/transition2,cea-13,duration,intact,0,1.0,0.0009804805139616427,9.800000000392828e-07,0.011582902361780037,1.9999999999999998e-05,0.9990199999999998
map/transition3,cea-13,duration,intact,0,1.0,0.0009804805139616427,9.800000000392828e-07,0.011582902361780037,1.9999999999999998e-05,0.9990199999999998
mixture/absolute,cea-13,duration,intact,0,1.0,0.06606204191500498,0.008059196653630973,0.24584990715157948,0.0630277018618165,0.9360727867417428
mixture/present,cea-13,duration,intact,0,1.0,1.04685792945132,0.5757411949093192,1.420499467179386,0.0630277018618165,0.35103900741612803
mixture/recency,cea-13,duration,intact,0,0.0,6.97283684038318,1.796278096894108,0.5922022319579775,0.06394595307901627,0.8910784770989545
mixture/reference,cea-13,duration,intact,0,1.0,0.06606204191500498,0.008059196653630973,0.24584990715157948,0.0630277018618165,0.9360727867417428
mixture/transition1,cea-13,duration,intact,0,1.0,0.5390362312610535,0.30205762667357483,0.8657976511871364,0.0630277018618165,0.5833101576521803
mixture/transition2,cea-13,duration,intact,0,1.0,0.06606204191500498,0.008059196653630973,0.24584990715157948,0.0630277018618165,0.9360727867417428
mixture/transition3,cea-13,duration,intact,0,1.0,0.06606204191500498,0.008059196653630973,0.24584990715157948,0.0630277018618165,0.9360727867417428
repaired/absolute,cea-13,duration,intact,0,1.0,0.0009804805139616427,9.800000000392828e-07,0.011582902361780037,1.9999999999999998e-05,0.9990199999999998
repaired/present,cea-13,duration,intact,0,1.0,0.9817763680502767,0.5626252924999999,1.2652230253095489,1.9999999999999998e-05,0.37464499999999995
repaired/recency,cea-13,duration,intact,0,0.0,6.907755278982137,1.90245,0.38625940550147086,0.001,0.951
repaired/reference,cea-13,duration,intact,0,1.0,0.0009804805139616427,9.800000000392828e-07,0.011582902361780037,1.9999999999999998e-05,0.9990199999999998
repaired/transition1,cea-13,duration,intact,0,1.0,0.6937286653272469,0.4996218674386834,0.703828213702329,1.9999999999999998e-05,0.49970934213110074
repaired/transition2,cea-13,duration,intact,0,1.0,0.0009804805139616427,9.800000000392828e-07,0.011582902361780037,1.9999999999999998e-05,0.9990199999999998
repaired/transition3,cea-13,duration,intact,0,1.0,0.0009804805139616427,9.800000000392828e-07,0.011582902361780037,1.9999999999999998e-05,0.9990199999999998
streaming/absolute,cea-13,duration,intact,0,1.0,0.9817763680502767,0.5626252924999999,1.2652230253095489,1.9999999999999998e-05,0.37464499999999995
streaming/present,cea-13,duration,intact,0,1.0,0.9817763680502767,0.5626252924999999,1.2652230253095489,1.9999999999999998e-05,0.37464499999999995
streaming/recency,cea-13,duration,intact,0,1.0,1.0293194621721604,0.5694812499999999,1.5615080942797084,0.001,0.35724999999999996
streaming/reference,cea-13,duration,intact,0,1.0,0.9817763680502767,0.5626252924999999,1.2652230253095489,1.9999999999999998e-05,0.37464499999999995
streaming/transition1,cea-13,duration,intact,0,1.0,0.9817763680502767,0.5626252924999999,1.2652230253095489,1.9999999999999998e-05,0.37464499999999995
streaming/transition2,cea-13,duration,intact,0,1.0,0.9817763680502767,0.5626252924999999,1.2652230253095489,1.9999999999999998e-05,0.37464499999999995
streaming/transition3,cea-13,duration,intact,0,1.0,0.9817763680502767,0.5626252924999999,1.2652230253095489,1.9999999999999998e-05,0.37464499999999995
fixed/absolute,cea-13,duration,intact,0,1.0,0.9817763680502767,0.5626252924999999,1.2652230253095489,1.9999999999999998e-05,0.37464499999999995
fixed/present,cea-13,duration,intact,0,1.0,0.9817763680502767,0.5626252924999999,1.2652230253095489,1.9999999999999998e-05,0.37464499999999995
fixed/recency,cea-13,duration,intact,0,0.0,6.907755278982137,1.90245,0.38625940550147086,0.001,0.951
fixed/reference,cea-13,duration,intact,0,1.0,0.9817763680502767,0.5626252924999999,1.2652230253095489,1.9999999999999998e-05,0.37464499999999995
fixed/transition1,cea-13,duration,intact,0,1.0,0.9817763680502767,0.5626252924999999,1.2652230253095489,1.9999999999999998e-05,0.37464499999999995
fixed/transition2,cea-13,duration,intact,0,1.0,0.9817763680502767,0.5626252924999999,1.2652230253095489,1.9999999999999998e-05,0.37464499999999995
fixed/transition3,cea-13,duration,intact,0,1.0,0.9817763680502767,0.5626252924999999,1.2652230253095489,1.9999999999999998e-05,0.37464499999999995
oracle-boundary/absolute,cea-13,duration,intact,0,1.0,0.0009804805139616427,9.800000000392828e-07,0.011582902361780037,1.9999999999999998e-05,0.9990199999999998
oracle-boundary/present,cea-13,duration,intact,0,1.0,0.9817763680502767,0.5626252924999999,1.2652230253095489,1.9999999999999998e-05,0.37464499999999995
oracle-boundary/recency,cea-13,duration,intact,0,0.0,6.907755278982137,1.90245,0.38625940550147086,0.001,0.951
oracle-boundary/reference,cea-13,duration,intact,0,1.0,0.0009804805139616427,9.800000000392828e-07,0.011582902361780037,1.9999999999999998e-05,0.9990199999999998
oracle-boundary/transition1,cea-13,duration,intact,0,1.0,0.69410764165507,0.50000048,0.7038282854721148,1.9999999999999998e-05,0.4995199999999999
oracle-boundary/transition2,cea-13,duration,intact,0,1.0,0.0009804805139616427,9.800000000392828e-07,0.011582902361780037,1.9999999999999998e-05,0.9990199999999998
oracle-boundary/transition3,cea-13,duration,intact,0,1.0,0.0009804805139616427,9.800000000392828e-07,0.011582902361780037,1.9999999999999998e-05,0.9990199999999998
map/absolute,cea-13,duration,intact,1,1.0,0.0009804805139614205,9.800000000392828e-07,0.011582902361779817,2e-05,0.99902
map/present,cea-13,duration,intact,1,0.0,0.9817763680502767,0.5626252924999999,1.2652230253095489,1.9999999999999998e-05,0.37464499999999995
map/recency,cea-13,duration,intact,1,0.0,6.907755278982137,1.90245,0.38625940550147086,0.001,0.951
map/reference,cea-13,duration,intact,1,1.0,0.0009804805139614205,9.800000000392828e-07,0.011582902361779817,2e-05,0.99902
map/transition1,cea-13,duration,intact,1,0.0,0.8588630003491896,0.6632679870367575,0.69225799552727,1.9999999999999998e-05,0.5753965089134809
map/transition2,cea-13,duration,intact,1,1.0,0.0009804805139614205,9.800000000392828e-07,0.011582902361779817,2e-05,0.99902
map/transition3,cea-13,duration,intact,1,1.0,0.0009804805139614205,9.800000000392828e-07,0.011582902361779817,2e-05,0.99902
mixture/absolute,cea-13,duration,intact,1,1.0,0.06606204191500485,0.008059196653630973,0.24584990715157937,0.0630277018618165,0.9360727867417429
mixture/present,cea-13,duration,intact,1,0.0,1.04685792945132,0.5757411949093192,1.420499467179386,0.0630277018618165,0.35103900741612803
mixture/recency,cea-13,duration,intact,1,0.0,6.97283684038318,1.796278096894108,0.5922022319579775,0.06394595307901627,0.8910784770989545
mixture/reference,cea-13,duration,intact,1,1.0,0.06606204191500485,0.008059196653630973,0.24584990715157937,0.0630277018618165,0.9360727867417429
mixture/transition1,cea-13,duration,intact,1,0.0,0.923944561750233,0.6583150430767946,0.8836363692095119,0.0630277018618165,0.5391413721247945
mixture/transition2,cea-13,duration,intact,1,1.0,0.06606204191500485,0.008059196653630973,0.24584990715157937,0.0630277018618165,0.9360727867417429
mixture/transition3,cea-13,duration,intact,1,1.0,0.06606204191500485,0.008059196653630973,0.24584990715157937,0.0630277018618165,0.9360727867417429
repaired/absolute,cea-13,duration,intact,1,1.0,0.0009804805139614205,9.800000000392828e-07,0.011582902361779817,2e-05,0.99902
repaired/present,cea-13,duration,intact,1,0.0,0.9817763680502767,0.5626252924999999,1.2652230253095489,1.9999999999999998e-05,0.37464499999999995
repaired/recency,cea-13,duration,intact,1,0.0,6.907755278982137,1.90245,0.38625940550147086,0.001,0.951
repaired/reference,cea-13,duration,intact,1,1.0,0.0009804805139614205,9.800000000392828e-07,0.011582902361779817,2e-05,0.99902
repaired/transition1,cea-13,duration,intact,1,1.0,0.6932518348913552,0.49914549466812663,0.703827919307762,1.9999999999999998e-05,0.4999476755723318
repaired/transition2,cea-13,duration,intact,1,1.0,0.0009804805139614205,9.800000000392828e-07,0.011582902361779817,2e-05,0.99902
repaired/transition3,cea-13,duration,intact,1,1.0,0.0009804805139614205,9.800000000392828e-07,0.011582902361779817,2e-05,0.99902
streaming/absolute,cea-13,duration,intact,1,0.0,0.9817763680502767,0.5626252924999999,1.2652230253095489,1.9999999999999998e-05,0.37464499999999995
streaming/present,cea-13,duration,intact,1,0.0,0.9817763680502767,0.5626252924999999,1.2652230253095489,1.9999999999999998e-05,0.37464499999999995
streaming/recency,cea-13,duration,intact,1,0.0,1.0293194621721604,0.5694812499999999,1.5615080942797084,0.001,0.35724999999999996
streaming/reference,cea-13,duration,intact,1,0.0,0.9817763680502767,0.5626252924999999,1.2652230253095489,1.9999999999999998e-05,0.37464499999999995
streaming/transition1,cea-13,duration,intact,1,0.0,0.9817763680502767,0.5626252924999999,1.2652230253095489,1.9999999999999998e-05,0.37464499999999995
streaming/transition2,cea-13,duration,intact,1,0.0,0.9817763680502767,0.5626252924999999,1.2652230253095489,1.9999999999999998e-05,0.37464499999999995
streaming/transition3,cea-13,duration,intact,1,0.0,0.9817763680502767,0.5626252924999999,1.2652230253095489,1.9999999999999998e-05,0.37464499999999995
fixed/absolute,cea-13,duration,intact,1,0.0,0.9817763680502767,0.5626252924999999,1.2652230253095489,1.9999999999999998e-05,0.37464499999999995
fixed/present,cea-13,duration,intact,1,0.0,0.9817763680502767,0.5626252924999999,1.2652230253095489,1.9999999999999998e-05,0.37464499999999995
fixed/recency,cea-13,duration,intact,1,0.0,1.0293194621721604,0.5694812499999999,1.5615080942797084,0.001,0.35724999999999996
fixed/reference,cea-13,duration,intact,1,0.0,0.9817763680502767,0.5626252924999999,1.2652230253095489,1.9999999999999998e-05,0.37464499999999995
fixed/transition1,cea-13,duration,intact,1,0.0,0.9817763680502767,0.5626252924999999,1.2652230253095489,1.9999999999999998e-05,0.37464499999999995
fixed/transition2,cea-13,duration,intact,1,0.0,0.9817763680502767,0.5626252924999999,1.2652230253095489,1.9999999999999998e-05,0.37464499999999995
fixed/transition3,cea-13,duration,intact,1,0.0,0.9817763680502767,0.5626252924999999,1.2652230253095489,1.9999999999999998e-05,0.37464499999999995
oracle-boundary/absolute,cea-13,duration,intact,1,1.0,0.0009804805139614205,9.800000000392828e-07,0.011582902361779817,2e-05,0.99902
oracle-boundary/present,cea-13,duration,intact,1,0.0,0.9817763680502767,0.5626252924999999,1.2652230253095489,1.9999999999999998e-05,0.37464499999999995
oracle-boundary/recency,cea-13,duration,intact,1,0.0,6.907755278982137,1.90245,0.38625940550147086,0.001,0.951
oracle-boundary/reference,cea-13,duration,intact,1,1.0,0.0009804805139614205,9.800000000392828e-07,0.011582902361779817,2e-05,0.99902
oracle-boundary/transition1,cea-13,duration,intact,1,0.0,0.69410764165507,0.50000048,0.7038282854721148,1.9999999999999998e-05,0.4995199999999999
oracle-boundary/transition2,cea-13,duration,intact,1,1.0,0.0009804805139614205,9.800000000392828e-07,0.011582902361779817,2e-05,0.99902
oracle-boundary/transition3,cea-13,duration,intact,1,1.0,0.0009804805139614205,9.800000000392828e-07,0.011582902361779817,2e-05,0.99902
map/absolute,cea-13,joint,intact,0,1.0,0.0009804805139616427,9.800000000392828e-07,0.011582902361780037,1.9999999999999998e-05,0.9990199999999998
map/present,cea-13,joint,intact,0,1.0,0.9817763680502767,0.5626252924999999,1.2652230253095489,1.9999999999999998e-05,0.37464499999999995
map/recency,cea-13,joint,intact,0,0.0,6.907755278982137,1.90245,0.38625940550147086,0.001,0.951
map/reference,cea-13,joint,intact,0,1.0,0.0009804805139616427,9.800000000392828e-07,0.011582902361780037,1.9999999999999998e-05,0.9990199999999998
map/transition1,cea-13,joint,intact,0,1.0,0.6901079463309778,0.49600463805322725,0.7038202623114489,1.999999999999999e-05,0.5015219286918735
map/transition2,cea-13,joint,intact,0,1.0,0.0009804805139616427,9.800000000392828e-07,0.011582902361780037,1.9999999999999998e-05,0.9990199999999998
map/transition3,cea-13,joint,intact,0,1.0,0.0009804805139616427,9.800000000392828e-07,0.011582902361780037,1.9999999999999998e-05,0.9990199999999998
mixture/absolute,cea-13,joint,intact,0,1.0,0.589812226859398,0.35748452984333134,0.8900217672566573,0.3974381180014257,0.5544313822827389
mixture/present,cea-13,joint,intact,0,0.0,1.4883212780304529,0.8197094257166968,1.4342071994304286,0.3974381180014257,0.3974381180014257
mixture/recency,cea-13,joint,intact,0,0.0,7.414300188962313,1.4856228727233645,0.9001893921674566,0.3980286404562334,0.5730478107368588
mixture/reference,cea-13,joint,intact,0,1.0,0.589812226859398,0.35748452984333134,0.8900217672566573,0.3974381180014257,0.5544313822827389
mixture/transition1,cea-13,joint,intact,0,0.0,1.3317684772797755,0.8138726192279377,1.091368651121898,0.3974381180014257,0.3974381180014257
mixture/transition2,cea-13,joint,intact,0,1.0,0.589812226859398,0.35748452984333134,0.8900217672566573,0.3974381180014257,0.5544313822827389
mixture/transition3,cea-13,joint,intact,0,1.0,0.589812226859398,0.35748452984333134,0.8900217672566573,0.3974381180014257,0.5544313822827389
repaired/absolute,cea-13,joint,intact,0,1.0,0.0009804805139616427,9.800000000392828e-07,0.011582902361780037,1.9999999999999998e-05,0.9990199999999998
repaired/present,cea-13,joint,intact,0,1.0,0.9817763680502767,0.5626252924999999,1.2652230253095489,1.9999999999999998e-05,0.37464499999999995
repaired/recency,cea-13,joint,intact,0,0.0,6.907755278982137,1.90245,0.38625940550147086,0.001,0.951
repaired/reference,cea-13,joint,intact,0,1.0,0.0009804805139616427,9.800000000392828e-07,0.011582902361780037,1.9999999999999998e-05,0.9990199999999998
repaired/transition1,cea-13,joint,intact,0,0.0,0.6994612188868327,0.505348853234834,0.7038140451734604,1.9999999999999998e-05,0.5021870733372307
repaired/transition2,cea-13,joint,intact,0,1.0,0.0009804805139616427,9.800000000392828e-07,0.011582902361780037,1.9999999999999998e-05,0.9990199999999998
repaired/transition3,cea-13,joint,intact,0,1.0,0.0009804805139616427,9.800000000392828e-07,0.011582902361780037,1.9999999999999998e-05,0.9990199999999998
streaming/absolute,cea-13,joint,intact,0,1.0,0.9817763680502767,0.5626252924999999,1.2652230253095489,1.9999999999999998e-05,0.37464499999999995
streaming/present,cea-13,joint,intact,0,1.0,0.9817763680502767,0.5626252924999999,1.2652230253095489,1.9999999999999998e-05,0.37464499999999995
streaming/recency,cea-13,joint,intact,0,0.0,6.907755278982137,1.90245,0.38625940550147086,0.001,0.951
streaming/reference,cea-13,joint,intact,0,1.0,0.9817763680502767,0.5626252924999999,1.2652230253095489,1.9999999999999998e-05,0.37464499999999995
streaming/transition1,cea-13,joint,intact,0,1.0,0.9817763680502767,0.5626252924999999,1.2652230253095489,1.9999999999999998e-05,0.37464499999999995
streaming/transition2,cea-13,joint,intact,0,1.0,0.9817763680502767,0.5626252924999999,1.2652230253095489,1.9999999999999998e-05,0.37464499999999995
streaming/transition3,cea-13,joint,intact,0,1.0,0.9817763680502767,0.5626252924999999,1.2652230253095489,1.9999999999999998e-05,0.37464499999999995
fixed/absolute,cea-13,joint,intact,0,1.0,0.9817763680502767,0.5626252924999999,1.2652230253095489,1.9999999999999998e-05,0.37464499999999995
fixed/present,cea-13,joint,intact,0,1.0,0.9817763680502767,0.5626252924999999,1.2652230253095489,1.9999999999999998e-05,0.37464499999999995
fixed/recency,cea-13,joint,intact,0,1.0,1.0293194621721604,0.5694812499999999,1.5615080942797084,0.001,0.35724999999999996
fixed/reference,cea-13,joint,intact,0,1.0,0.9817763680502767,0.5626252924999999,1.2652230253095489,1.9999999999999998e-05,0.37464499999999995
fixed/transition1,cea-13,joint,intact,0,1.0,0.9817763680502767,0.5626252924999999,1.2652230253095489,1.9999999999999998e-05,0.37464499999999995
fixed/transition2,cea-13,joint,intact,0,1.0,0.9817763680502767,0.5626252924999999,1.2652230253095489,1.9999999999999998e-05,0.37464499999999995
fixed/transition3,cea-13,joint,intact,0,1.0,0.9817763680502767,0.5626252924999999,1.2652230253095489,1.9999999999999998e-05,0.37464499999999995
oracle-boundary/absolute,cea-13,joint,intact,0,1.0,0.0009804805139616427,9.800000000392828e-07,0.011582902361780037,1.9999999999999998e-05,0.9990199999999998
oracle-boundary/present,cea-13,joint,intact,0,1.0,0.9817763680502767,0.5626252924999999,1.2652230253095489,1.9999999999999998e-05,0.37464499999999995
oracle-boundary/recency,cea-13,joint,intact,0,0.0,6.907755278982137,1.90245,0.38625940550147086,0.001,0.951
oracle-boundary/reference,cea-13,joint,intact,0,1.0,0.0009804805139616427,9.800000000392828e-07,0.011582902361780037,1.9999999999999998e-05,0.9990199999999998
oracle-boundary/transition1,cea-13,joint,intact,0,1.0,0.69410764165507,0.50000048,0.7038282854721148,1.9999999999999998e-05,0.4995199999999999
oracle-boundary/transition2,cea-13,joint,intact,0,1.0,0.0009804805139616427,9.800000000392828e-07,0.011582902361780037,1.9999999999999998e-05,0.9990199999999998
oracle-boundary/transition3,cea-13,joint,intact,0,1.0,0.0009804805139616427,9.800000000392828e-07,0.011582902361780037,1.9999999999999998e-05,0.9990199999999998
map/absolute,cea-13,joint,intact,1,1.0,0.0009804805139614205,9.800000000392828e-07,0.011582902361779817,2e-05,0.99902
map/present,cea-13,joint,intact,1,0.0,0.9817763680502767,0.5626252924999999,1.2652230253095489,1.9999999999999998e-05,0.37464499999999995
map/recency,cea-13,joint,intact,1,0.0,6.907755278982137,1.90245,0.38625940550147086,0.001,0.951
map/reference,cea-13,joint,intact,1,1.0,0.0009804805139614205,9.800000000392828e-07,0.011582902361779817,2e-05,0.99902
map/transition1,cea-13,joint,intact,1,1.0,0.6012619022541317,0.40752525543471174,0.6990924303043274,1.9999999999999998e-05,0.5481195262326856
map/transition2,cea-13,joint,intact,1,1.0,0.0009804805139614205,9.800000000392828e-07,0.011582902361779817,2e-05,0.99902
map/transition3,cea-13,joint,intact,1,1.0,0.0009804805139614205,9.800000000392828e-07,0.011582902361779817,2e-05,0.99902
mixture/absolute,cea-13,joint,intact,1,1.0,0.660153358470963,0.4665387725649184,0.6984199582707464,0.48273133511106703,0.5167720770388826
mixture/present,cea-13,joint,intact,1,0.0,1.6409492460072783,0.928899089506896,1.3469016805535823,0.48273133511106703,0.48273133511106703
mixture/recency,cea-13,joint,intact,1,0.0,7.566928156939139,1.4744949359963382,0.8882987899437403,0.4832382685413268,0.4919323389561544
mixture/reference,cea-13,joint,intact,1,1.0,0.660153358470963,0.4665387725649184,0.6984199582707464,0.48273133511106703,0.5167720770388826
mixture/transition1,cea-13,joint,intact,1,0.0,1.260434780211133,0.8007641212083549,1.0540542065729746,0.48273133511106703,0.48273133511106703
mixture/transition2,cea-13,joint,intact,1,1.0,0.660153358470963,0.4665387725649184,0.6984199582707464,0.48273133511106703,0.5167720770388826
mixture/transition3,cea-13,joint,intact,1,1.0,0.660153358470963,0.4665387725649184,0.6984199582707464,0.48273133511106703,0.5167720770388826
repaired/absolute,cea-13,joint,intact,1,1.0,0.0009804805139614205,9.800000000392828e-07,0.011582902361779817,2e-05,0.99902
repaired/present,cea-13,joint,intact,1,0.0,0.9817763680502767,0.5626252924999999,1.2652230253095489,1.9999999999999998e-05,0.37464499999999995
repaired/recency,cea-13,joint,intact,1,0.0,6.907755278982137,1.90245,0.38625940550147086,0.001,0.951
repaired/reference,cea-13,joint,intact,1,1.0,0.0009804805139614205,9.800000000392828e-07,0.011582902361779817,2e-05,0.99902
repaired/transition1,cea-13,joint,intact,1,0.0,0.7011267354182219,0.5070126974159526,0.703803847118773,1.9999999999999998e-05,0.503013901361254
repaired/transition2,cea-13,joint,intact,1,1.0,0.0009804805139614205,9.800000000392828e-07,0.011582902361779817,2e-05,0.99902
repaired/transition3,cea-13,joint,intact,1,1.0,0.0009804805139614205,9.800000000392828e-07,0.011582902361779817,2e-05,0.99902
streaming/absolute,cea-13,joint,intact,1,0.0,0.9817763680502767,0.5626252924999999,1.2652230253095489,1.9999999999999998e-05,0.37464499999999995
streaming/present,cea-13,joint,intact,1,0.0,0.9817763680502767,0.5626252924999999,1.2652230253095489,1.9999999999999998e-05,0.37464499999999995
streaming/recency,cea-13,joint,intact,1,0.0,1.0293194621721604,0.5694812499999999,1.5615080942797084,0.001,0.35724999999999996
streaming/reference,cea-13,joint,intact,1,0.0,0.9817763680502767,0.5626252924999999,1.2652230253095489,1.9999999999999998e-05,0.37464499999999995
streaming/transition1,cea-13,joint,intact,1,0.0,0.9817763680502767,0.5626252924999999,1.2652230253095489,1.9999999999999998e-05,0.37464499999999995
streaming/transition2,cea-13,joint,intact,1,0.0,0.9817763680502767,0.5626252924999999,1.2652230253095489,1.9999999999999998e-05,0.37464499999999995
streaming/transition3,cea-13,joint,intact,1,0.0,0.9817763680502767,0.5626252924999999,1.2652230253095489,1.9999999999999998e-05,0.37464499999999995
fixed/absolute,cea-13,joint,intact,1,0.0,0.9817763680502767,0.5626252924999999,1.2652230253095489,1.9999999999999998e-05,0.37464499999999995
fixed/present,cea-13,joint,intact,1,0.0,0.9817763680502767,0.5626252924999999,1.2652230253095489,1.9999999999999998e-05,0.37464499999999995
fixed/recency,cea-13,joint,intact,1,0.0,1.0293194621721604,0.5694812499999999,1.5615080942797084,0.001,0.35724999999999996
fixed/reference,cea-13,joint,intact,1,0.0,0.9817763680502767,0.5626252924999999,1.2652230253095489,1.9999999999999998e-05,0.37464499999999995
fixed/transition1,cea-13,joint,intact,1,0.0,0.9817763680502767,0.5626252924999999,1.2652230253095489,1.9999999999999998e-05,0.37464499999999995
fixed/transition2,cea-13,joint,intact,1,0.0,0.9817763680502767,0.5626252924999999,1.2652230253095489,1.9999999999999998e-05,0.37464499999999995
fixed/transition3,cea-13,joint,intact,1,0.0,0.9817763680502767,0.5626252924999999,1.2652230253095489,1.9999999999999998e-05,0.37464499999999995
oracle-boundary/absolute,cea-13,joint,intact,1,1.0,0.0009804805139614205,9.800000000392828e-07,0.011582902361779817,2e-05,0.99902
oracle-boundary/present,cea-13,joint,intact,1,0.0,0.9817763680502767,0.5626252924999999,1.2652230253095489,1.9999999999999998e-05,0.37464499999999995
oracle-boundary/recency,cea-13,joint,intact,1,0.0,6.907755278982137,1.90245,0.38625940550147086,0.001,0.951
oracle-boundary/reference,cea-13,joint,intact,1,1.0,0.0009804805139614205,9.800000000392828e-07,0.011582902361779817,2e-05,0.99902
oracle-boundary/transition1,cea-13,joint,intact,1,0.0,0.69410764165507,0.50000048,0.7038282854721148,1.9999999999999998e-05,0.4995199999999999
oracle-boundary/transition2,cea-13,joint,intact,1,1.0,0.0009804805139614205,9.800000000392828e-07,0.011582902361779817,2e-05,0.99902
oracle-boundary/transition3,cea-13,joint,intact,1,1.0,0.0009804805139614205,9.800000000392828e-07,0.011582902361779817,2e-05,0.99902
map/absolute,cea-13,joint,reset,0,1.0,0.9817763680502767,0.5626252924999999,1.2652230253095489,1.9999999999999998e-05,0.37464499999999995
map/present,cea-13,joint,reset,0,1.0,0.9817763680502767,0.5626252924999999,1.2652230253095489,1.9999999999999998e-05,0.37464499999999995
map/recency,cea-13,joint,reset,0,1.0,1.0293194621721604,0.5694812499999999,1.5615080942797084,0.001,0.35724999999999996
map/reference,cea-13,joint,reset,0,1.0,0.9817763680502767,0.5626252924999999,1.2652230253095489,1.9999999999999998e-05,0.37464499999999995
map/transition1,cea-13,joint,reset,0,1.0,0.9817763680502767,0.5626252924999999,1.2652230253095489,1.9999999999999998e-05,0.37464499999999995
map/transition2,cea-13,joint,reset,0,1.0,0.9817763680502767,0.5626252924999999,1.2652230253095489,1.9999999999999998e-05,0.37464499999999995
map/transition3,cea-13,joint,reset,0,1.0,0.9817763680502767,0.5626252924999999,1.2652230253095489,1.9999999999999998e-05,0.37464499999999995
mixture/absolute,cea-13,joint,reset,0,1.0,1.04685792945132,0.5757411949093192,1.420499467179386,0.0630277018618165,0.35103900741612803
mixture/present,cea-13,joint,reset,0,1.0,1.04685792945132,0.5757411949093192,1.420499467179386,0.0630277018618165,0.35103900741612803
mixture/recency,cea-13,joint,reset,0,1.0,1.0944010235732038,0.5839300750186331,1.6933997207161844,0.06394595307901627,0.3347400483108322
mixture/reference,cea-13,joint,reset,0,1.0,1.04685792945132,0.5757411949093192,1.420499467179386,0.0630277018618165,0.35103900741612803
mixture/transition1,cea-13,joint,reset,0,1.0,1.04685792945132,0.5757411949093192,1.420499467179386,0.0630277018618165,0.35103900741612803
mixture/transition2,cea-13,joint,reset,0,1.0,1.04685792945132,0.5757411949093192,1.420499467179386,0.0630277018618165,0.35103900741612803
mixture/transition3,cea-13,joint,reset,0,1.0,1.04685792945132,0.5757411949093192,1.420499467179386,0.0630277018618165,0.35103900741612803
repaired/absolute,cea-13,joint,reset,0,1.0,0.9817763680502767,0.5626252924999999,1.2652230253095489,1.9999999999999998e-05,0.37464499999999995
repaired/present,cea-13,joint,reset,0,1.0,0.9817763680502767,0.5626252924999999,1.2652230253095489,1.9999999999999998e-05,0.37464499999999995
repaired/recency,cea-13,joint,reset,0,1.0,1.0293194621721604,0.5694812499999999,1.5615080942797084,0.001,0.35724999999999996
repaired/reference,cea-13,joint,reset,0,1.0,0.9817763680502767,0.5626252924999999,1.2652230253095489,1.9999999999999998e-05,0.37464499999999995
repaired/transition1,cea-13,joint,reset,0,1.0,0.9817763680502767,0.5626252924999999,1.2652230253095489,1.9999999999999998e-05,0.37464499999999995
repaired/transition2,cea-13,joint,reset,0,1.0,0.9817763680502767,0.5626252924999999,1.2652230253095489,1.9999999999999998e-05,0.37464499999999995
repaired/transition3,cea-13,joint,reset,0,1.0,0.9817763680502767,0.5626252924999999,1.2652230253095489,1.9999999999999998e-05,0.37464499999999995
streaming/absolute,cea-13,joint,reset,0,1.0,0.9817763680502767,0.5626252924999999,1.2652230253095489,1.9999999999999998e-05,0.37464499999999995
streaming/present,cea-13,joint,reset,0,1.0,0.9817763680502767,0.5626252924999999,1.2652230253095489,1.9999999999999998e-05,0.37464499999999995
streaming/recency,cea-13,joint,reset,0,1.0,1.0293194621721604,0.5694812499999999,1.5615080942797084,0.001,0.35724999999999996
streaming/reference,cea-13,joint,reset,0,1.0,0.9817763680502767,0.5626252924999999,1.2652230253095489,1.9999999999999998e-05,0.37464499999999995
streaming/transition1,cea-13,joint,reset,0,1.0,0.9817763680502767,0.5626252924999999,1.2652230253095489,1.9999999999999998e-05,0.37464499999999995
streaming/transition2,cea-13,joint,reset,0,1.0,0.9817763680502767,0.5626252924999999,1.2652230253095489,1.9999999999999998e-05,0.37464499999999995
streaming/transition3,cea-13,joint,reset,0,1.0,0.9817763680502767,0.5626252924999999,1.2652230253095489,1.9999999999999998e-05,0.37464499999999995
fixed/absolute,cea-13,joint,reset,0,1.0,0.9817763680502767,0.5626252924999999,1.2652230253095489,1.9999999999999998e-05,0.37464499999999995
fixed/present,cea-13,joint,reset,0,1.0,0.9817763680502767,0.5626252924999999,1.2652230253095489,1.9999999999999998e-05,0.37464499999999995
fixed/recency,cea-13,joint,reset,0,1.0,1.0293194621721604,0.5694812499999999,1.5615080942797084,0.001,0.35724999999999996
fixed/reference,cea-13,joint,reset,0,1.0,0.9817763680502767,0.5626252924999999,1.2652230253095489,1.9999999999999998e-05,0.37464499999999995
fixed/transition1,cea-13,joint,reset,0,1.0,0.9817763680502767,0.5626252924999999,1.2652230253095489,1.9999999999999998e-05,0.37464499999999995
fixed/transition2,cea-13,joint,reset,0,1.0,0.9817763680502767,0.5626252924999999,1.2652230253095489,1.9999999999999998e-05,0.37464499999999995
fixed/transition3,cea-13,joint,reset,0,1.0,0.9817763680502767,0.5626252924999999,1.2652230253095489,1.9999999999999998e-05,0.37464499999999995
oracle-boundary/absolute,cea-13,joint,reset,0,1.0,0.9817763680502767,0.5626252924999999,1.2652230253095489,1.9999999999999998e-05,0.37464499999999995
oracle-boundary/present,cea-13,joint,reset,0,1.0,0.9817763680502767,0.5626252924999999,1.2652230253095489,1.9999999999999998e-05,0.37464499999999995
oracle-boundary/recency,cea-13,joint,reset,0,1.0,1.0293194621721604,0.5694812499999999,1.5615080942797084,0.001,0.35724999999999996
oracle-boundary/reference,cea-13,joint,reset,0,1.0,0.9817763680502767,0.5626252924999999,1.2652230253095489,1.9999999999999998e-05,0.37464499999999995
oracle-boundary/transition1,cea-13,joint,reset,0,1.0,0.9817763680502767,0.5626252924999999,1.2652230253095489,1.9999999999999998e-05,0.37464499999999995
oracle-boundary/transition2,cea-13,joint,reset,0,1.0,0.9817763680502767,0.5626252924999999,1.2652230253095489,1.9999999999999998e-05,0.37464499999999995
oracle-boundary/transition3,cea-13,joint,reset,0,1.0,0.9817763680502767,0.5626252924999999,1.2652230253095489,1.9999999999999998e-05,0.37464499999999995
map/absolute,cea-13,joint,reset,1,0.0,0.9817763680502767,0.5626252924999999,1.2652230253095489,1.9999999999999998e-05,0.37464499999999995
map/present,cea-13,joint,reset,1,0.0,0.9817763680502767,0.5626252924999999,1.2652230253095489,1.9999999999999998e-05,0.37464499999999995
map/recency,cea-13,joint,reset,1,0.0,1.0293194621721604,0.5694812499999999,1.5615080942797084,0.001,0.35724999999999996
map/reference,cea-13,joint,reset,1,0.0,0.9817763680502767,0.5626252924999999,1.2652230253095489,1.9999999999999998e-05,0.37464499999999995
map/transition1,cea-13,joint,reset,1,0.0,0.9817763680502767,0.5626252924999999,1.2652230253095489,1.9999999999999998e-05,0.37464499999999995
map/transition2,cea-13,joint,reset,1,0.0,0.9817763680502767,0.5626252924999999,1.2652230253095489,1.9999999999999998e-05,0.37464499999999995
map/transition3,cea-13,joint,reset,1,0.0,0.9817763680502767,0.5626252924999999,1.2652230253095489,1.9999999999999998e-05,0.37464499999999995
mixture/absolute,cea-13,joint,reset,1,0.0,1.04685792945132,0.5757411949093192,1.420499467179386,0.0630277018618165,0.35103900741612803
mixture/present,cea-13,joint,reset,1,0.0,1.04685792945132,0.5757411949093192,1.420499467179386,0.0630277018618165,0.35103900741612803
mixture/recency,cea-13,joint,reset,1,0.0,1.0944010235732038,0.5839300750186331,1.6933997207161844,0.06394595307901627,0.3347400483108322
mixture/reference,cea-13,joint,reset,1,0.0,1.04685792945132,0.5757411949093192,1.420499467179386,0.0630277018618165,0.35103900741612803
mixture/transition1,cea-13,joint,reset,1,0.0,1.04685792945132,0.5757411949093192,1.420499467179386,0.0630277018618165,0.35103900741612803
mixture/transition2,cea-13,joint,reset,1,0.0,1.04685792945132,0.5757411949093192,1.420499467179386,0.0630277018618165,0.35103900741612803
mixture/transition3,cea-13,joint,reset,1,0.0,1.04685792945132,0.5757411949093192,1.420499467179386,0.0630277018618165,0.35103900741612803
repaired/absolute,cea-13,joint,reset,1,0.0,0.9817763680502767,0.5626252924999999,1.2652230253095489,1.9999999999999998e-05,0.37464499999999995
repaired/present,cea-13,joint,reset,1,0.0,0.9817763680502767,0.5626252924999999,1.2652230253095489,1.9999999999999998e-05,0.37464499999999995
repaired/recency,cea-13,joint,reset,1,0.0,1.0293194621721604,0.5694812499999999,1.5615080942797084,0.001,0.35724999999999996
repaired/reference,cea-13,joint,reset,1,0.0,0.9817763680502767,0.5626252924999999,1.2652230253095489,1.9999999999999998e-05,0.37464499999999995
repaired/transition1,cea-13,joint,reset,1,0.0,0.9817763680502767,0.5626252924999999,1.2652230253095489,1.9999999999999998e-05,0.37464499999999995
repaired/transition2,cea-13,joint,reset,1,0.0,0.9817763680502767,0.5626252924999999,1.2652230253095489,1.9999999999999998e-05,0.37464499999999995
repaired/transition3,cea-13,joint,reset,1,0.0,0.9817763680502767,0.5626252924999999,1.2652230253095489,1.9999999999999998e-05,0.37464499999999995
streaming/absolute,cea-13,joint,reset,1,0.0,0.9817763680502767,0.5626252924999999,1.2652230253095489,1.9999999999999998e-05,0.37464499999999995
streaming/present,cea-13,joint,reset,1,0.0,0.9817763680502767,0.5626252924999999,1.2652230253095489,1.9999999999999998e-05,0.37464499999999995
streaming/recency,cea-13,joint,reset,1,0.0,1.0293194621721604,0.5694812499999999,1.5615080942797084,0.001,0.35724999999999996
streaming/reference,cea-13,joint,reset,1,0.0,0.9817763680502767,0.5626252924999999,1.2652230253095489,1.9999999999999998e-05,0.37464499999999995
streaming/transition1,cea-13,joint,reset,1,0.0,0.9817763680502767,0.5626252924999999,1.2652230253095489,1.9999999999999998e-05,0.37464499999999995
streaming/transition2,cea-13,joint,reset,1,0.0,0.9817763680502767,0.5626252924999999,1.2652230253095489,1.9999999999999998e-05,0.37464499999999995
streaming/transition3,cea-13,joint,reset,1,0.0,0.9817763680502767,0.5626252924999999,1.2652230253095489,1.9999999999999998e-05,0.37464499999999995
fixed/absolute,cea-13,joint,reset,1,0.0,0.9817763680502767,0.5626252924999999,1.2652230253095489,1.9999999999999998e-05,0.37464499999999995
fixed/present,cea-13,joint,reset,1,0.0,0.9817763680502767,0.5626252924999999,1.2652230253095489,1.9999999999999998e-05,0.37464499999999995
fixed/recency,cea-13,joint,reset,1,0.0,1.0293194621721604,0.5694812499999999,1.5615080942797084,0.001,0.35724999999999996
fixed/reference,cea-13,joint,reset,1,0.0,0.9817763680502767,0.5626252924999999,1.2652230253095489,1.9999999999999998e-05,0.37464499999999995
fixed/transition1,cea-13,joint,reset,1,0.0,0.9817763680502767,0.5626252924999999,1.2652230253095489,1.9999999999999998e-05,0.37464499999999995
fixed/transition2,cea-13,joint,reset,1,0.0,0.9817763680502767,0.5626252924999999,1.2652230253095489,1.9999999999999998e-05,0.37464499999999995
fixed/transition3,cea-13,joint,reset,1,0.0,0.9817763680502767,0.5626252924999999,1.2652230253095489,1.9999999999999998e-05,0.37464499999999995
oracle-boundary/absolute,cea-13,joint,reset,1,0.0,0.9817763680502767,0.5626252924999999,1.2652230253095489,1.9999999999999998e-05,0.37464499999999995
oracle-boundary/present,cea-13,joint,reset,1,0.0,0.9817763680502767,0.5626252924999999,1.2652230253095489,1.9999999999999998e-05,0.37464499999999995
oracle-boundary/recency,cea-13,joint,reset,1,0.0,1.0293194621721604,0.5694812499999999,1.5615080942797084,0.001,0.35724999999999996
oracle-boundary/reference,cea-13,joint,reset,1,0.0,0.9817763680502767,0.5626252924999999,1.2652230253095489,1.9999999999999998e-05,0.37464499999999995
oracle-boundary/transition1,cea-13,joint,reset,1,0.0,0.9817763680502767,0.5626252924999999,1.2652230253095489,1.9999999999999998e-05,0.37464499999999995
oracle-boundary/transition2,cea-13,joint,reset,1,0.0,0.9817763680502767,0.5626252924999999,1.2652230253095489,1.9999999999999998e-05,0.37464499999999995
oracle-boundary/transition3,cea-13,joint,reset,1,0.0,0.9817763680502767,0.5626252924999999,1.2652230253095489,1.9999999999999998e-05,0.37464499999999995
map/absolute,cea-13,joint,removal,0,1.0,0.9817763680502767,0.5626252924999999,1.2652230253095489,1.9999999999999998e-05,0.37464499999999995
map/present,cea-13,joint,removal,0,1.0,0.9817763680502767,0.5626252924999999,1.2652230253095489,1.9999999999999998e-05,0.37464499999999995
map/recency,cea-13,joint,removal,0,1.0,1.0293194621721604,0.5694812499999999,1.5615080942797084,0.001,0.35724999999999996
map/reference,cea-13,joint,removal,0,1.0,0.9817763680502767,0.5626252924999999,1.2652230253095489,1.9999999999999998e-05,0.37464499999999995
map/transition1,cea-13,joint,removal,0,1.0,0.9817763680502767,0.5626252924999999,1.2652230253095489,1.9999999999999998e-05,0.37464499999999995
map/transition2,cea-13,joint,removal,0,1.0,0.9817763680502767,0.5626252924999999,1.2652230253095489,1.9999999999999998e-05,0.37464499999999995
map/transition3,cea-13,joint,removal,0,1.0,0.9817763680502767,0.5626252924999999,1.2652230253095489,1.9999999999999998e-05,0.37464499999999995
mixture/absolute,cea-13,joint,removal,0,0.0,1.3514847957830702,0.7267239268620282,1.492385511548642,0.3090780597389718,0.3090780597389718
mixture/present,cea-13,joint,removal,0,0.0,1.3514847957830702,0.7267239268620282,1.492385511548642,0.3090780597389718,0.3090780597389718
mixture/recency,cea-13,joint,removal,0,0.0,1.3990278899049537,0.7378446325999148,1.6923430114718143,0.3097551767827685,0.3097551767827685
mixture/reference,cea-13,joint,removal,0,0.0,1.3514847957830702,0.7267239268620282,1.492385511548642,0.3090780597389718,0.3090780597389718
mixture/transition1,cea-13,joint,removal,0,0.0,1.3514847957830702,0.7267239268620282,1.492385511548642,0.3090780597389718,0.3090780597389718
mixture/transition2,cea-13,joint,removal,0,0.0,1.3514847957830702,0.7267239268620282,1.492385511548642,0.3090780597389718,0.3090780597389718
mixture/transition3,cea-13,joint,removal,0,0.0,1.3514847957830702,0.7267239268620282,1.492385511548642,0.3090780597389718,0.3090780597389718
repaired/absolute,cea-13,joint,removal,0,1.0,0.9817763680502767,0.5626252924999999,1.2652230253095489,1.9999999999999998e-05,0.37464499999999995
repaired/present,cea-13,joint,removal,0,1.0,0.9817763680502767,0.5626252924999999,1.2652230253095489,1.9999999999999998e-05,0.37464499999999995
repaired/recency,cea-13,joint,removal,0,1.0,1.0293194621721604,0.5694812499999999,1.5615080942797084,0.001,0.35724999999999996
repaired/reference,cea-13,joint,removal,0,1.0,0.9817763680502767,0.5626252924999999,1.2652230253095489,1.9999999999999998e-05,0.37464499999999995
repaired/transition1,cea-13,joint,removal,0,1.0,0.9817763680502767,0.5626252924999999,1.2652230253095489,1.9999999999999998e-05,0.37464499999999995
repaired/transition2,cea-13,joint,removal,0,1.0,0.9817763680502767,0.5626252924999999,1.2652230253095489,1.9999999999999998e-05,0.37464499999999995
repaired/transition3,cea-13,joint,removal,0,1.0,0.9817763680502767,0.5626252924999999,1.2652230253095489,1.9999999999999998e-05,0.37464499999999995
streaming/absolute,cea-13,joint,removal,0,1.0,0.9817763680502767,0.5626252924999999,1.2652230253095489,1.9999999999999998e-05,0.37464499999999995
streaming/present,cea-13,joint,removal,0,1.0,0.9817763680502767,0.5626252924999999,1.2652230253095489,1.9999999999999998e-05,0.37464499999999995
streaming/recency,cea-13,joint,removal,0,1.0,1.0293194621721604,0.5694812499999999,1.5615080942797084,0.001,0.35724999999999996
streaming/reference,cea-13,joint,removal,0,1.0,0.9817763680502767,0.5626252924999999,1.2652230253095489,1.9999999999999998e-05,0.37464499999999995
streaming/transition1,cea-13,joint,removal,0,1.0,0.9817763680502767,0.5626252924999999,1.2652230253095489,1.9999999999999998e-05,0.37464499999999995
streaming/transition2,cea-13,joint,removal,0,1.0,0.9817763680502767,0.5626252924999999,1.2652230253095489,1.9999999999999998e-05,0.37464499999999995
streaming/transition3,cea-13,joint,removal,0,1.0,0.9817763680502767,0.5626252924999999,1.2652230253095489,1.9999999999999998e-05,0.37464499999999995
fixed/absolute,cea-13,joint,removal,0,1.0,0.9817763680502767,0.5626252924999999,1.2652230253095489,1.9999999999999998e-05,0.37464499999999995
fixed/present,cea-13,joint,removal,0,1.0,0.9817763680502767,0.5626252924999999,1.2652230253095489,1.9999999999999998e-05,0.37464499999999995
fixed/recency,cea-13,joint,removal,0,1.0,1.0293194621721604,0.5694812499999999,1.5615080942797084,0.001,0.35724999999999996
fixed/reference,cea-13,joint,removal,0,1.0,0.9817763680502767,0.5626252924999999,1.2652230253095489,1.9999999999999998e-05,0.37464499999999995
fixed/transition1,cea-13,joint,removal,0,1.0,0.9817763680502767,0.5626252924999999,1.2652230253095489,1.9999999999999998e-05,0.37464499999999995
fixed/transition2,cea-13,joint,removal,0,1.0,0.9817763680502767,0.5626252924999999,1.2652230253095489,1.9999999999999998e-05,0.37464499999999995
fixed/transition3,cea-13,joint,removal,0,1.0,0.9817763680502767,0.5626252924999999,1.2652230253095489,1.9999999999999998e-05,0.37464499999999995
oracle-boundary/absolute,cea-13,joint,removal,0,1.0,0.9817763680502767,0.5626252924999999,1.2652230253095489,1.9999999999999998e-05,0.37464499999999995
oracle-boundary/present,cea-13,joint,removal,0,1.0,0.9817763680502767,0.5626252924999999,1.2652230253095489,1.9999999999999998e-05,0.37464499999999995
oracle-boundary/recency,cea-13,joint,removal,0,1.0,1.0293194621721604,0.5694812499999999,1.5615080942797084,0.001,0.35724999999999996
oracle-boundary/reference,cea-13,joint,removal,0,1.0,0.9817763680502767,0.5626252924999999,1.2652230253095489,1.9999999999999998e-05,0.37464499999999995
oracle-boundary/transition1,cea-13,joint,removal,0,1.0,0.9817763680502767,0.5626252924999999,1.2652230253095489,1.9999999999999998e-05,0.37464499999999995
oracle-boundary/transition2,cea-13,joint,removal,0,1.0,0.9817763680502767,0.5626252924999999,1.2652230253095489,1.9999999999999998e-05,0.37464499999999995
oracle-boundary/transition3,cea-13,joint,removal,0,1.0,0.9817763680502767,0.5626252924999999,1.2652230253095489,1.9999999999999998e-05,0.37464499999999995
map/absolute,cea-13,joint,removal,1,0.0,0.9817763680502767,0.5626252924999999,1.2652230253095489,1.9999999999999998e-05,0.37464499999999995
map/present,cea-13,joint,removal,1,0.0,0.9817763680502767,0.5626252924999999,1.2652230253095489,1.9999999999999998e-05,0.37464499999999995
map/recency,cea-13,joint,removal,1,0.0,1.0293194621721604,0.5694812499999999,1.5615080942797084,0.001,0.35724999999999996
map/reference,cea-13,joint,removal,1,0.0,0.9817763680502767,0.5626252924999999,1.2652230253095489,1.9999999999999998e-05,0.37464499999999995
map/transition1,cea-13,joint,removal,1,0.0,0.9817763680502767,0.5626252924999999,1.2652230253095489,1.9999999999999998e-05,0.37464499999999995
map/transition2,cea-13,joint,removal,1,0.0,0.9817763680502767,0.5626252924999999,1.2652230253095489,1.9999999999999998e-05,0.37464499999999995
map/transition3,cea-13,joint,removal,1,0.0,0.9817763680502767,0.5626252924999999,1.2652230253095489,1.9999999999999998e-05,0.37464499999999995
mixture/absolute,cea-13,joint,removal,1,0.0,1.3514847957830702,0.7267239268620282,1.492385511548642,0.3090780597389718,0.3090780597389718
mixture/present,cea-13,joint,removal,1,0.0,1.3514847957830702,0.7267239268620282,1.492385511548642,0.3090780597389718,0.3090780597389718
mixture/recency,cea-13,joint,removal,1,0.0,1.3990278899049537,0.7378446325999148,1.6923430114718143,0.3097551767827685,0.3097551767827685
mixture/reference,cea-13,joint,removal,1,0.0,1.3514847957830702,0.7267239268620282,1.492385511548642,0.3090780597389718,0.3090780597389718
mixture/transition1,cea-13,joint,removal,1,0.0,1.3514847957830702,0.7267239268620282,1.492385511548642,0.3090780597389718,0.3090780597389718
mixture/transition2,cea-13,joint,removal,1,0.0,1.3514847957830702,0.7267239268620282,1.492385511548642,0.3090780597389718,0.3090780597389718
mixture/transition3,cea-13,joint,removal,1,0.0,1.3514847957830702,0.7267239268620282,1.492385511548642,0.3090780597389718,0.3090780597389718
repaired/absolute,cea-13,joint,removal,1,0.0,0.9817763680502767,0.5626252924999999,1.2652230253095489,1.9999999999999998e-05,0.37464499999999995
repaired/present,cea-13,joint,removal,1,0.0,0.9817763680502767,0.5626252924999999,1.2652230253095489,1.9999999999999998e-05,0.37464499999999995
repaired/recency,cea-13,joint,removal,1,0.0,1.0293194621721604,0.5694812499999999,1.5615080942797084,0.001,0.35724999999999996
repaired/reference,cea-13,joint,removal,1,0.0,0.9817763680502767,0.5626252924999999,1.2652230253095489,1.9999999999999998e-05,0.37464499999999995
repaired/transition1,cea-13,joint,removal,1,0.0,0.9817763680502767,0.5626252924999999,1.2652230253095489,1.9999999999999998e-05,0.37464499999999995
repaired/transition2,cea-13,joint,removal,1,0.0,0.9817763680502767,0.5626252924999999,1.2652230253095489,1.9999999999999998e-05,0.37464499999999995
repaired/transition3,cea-13,joint,removal,1,0.0,0.9817763680502767,0.5626252924999999,1.2652230253095489,1.9999999999999998e-05,0.37464499999999995
streaming/absolute,cea-13,joint,removal,1,0.0,0.9817763680502767,0.5626252924999999,1.2652230253095489,1.9999999999999998e-05,0.37464499999999995
streaming/present,cea-13,joint,removal,1,0.0,0.9817763680502767,0.5626252924999999,1.2652230253095489,1.9999999999999998e-05,0.37464499999999995
streaming/recency,cea-13,joint,removal,1,0.0,1.0293194621721604,0.5694812499999999,1.5615080942797084,0.001,0.35724999999999996
streaming/reference,cea-13,joint,removal,1,0.0,0.9817763680502767,0.5626252924999999,1.2652230253095489,1.9999999999999998e-05,0.37464499999999995
streaming/transition1,cea-13,joint,removal,1,0.0,0.9817763680502767,0.5626252924999999,1.2652230253095489,1.9999999999999998e-05,0.37464499999999995
streaming/transition2,cea-13,joint,removal,1,0.0,0.9817763680502767,0.5626252924999999,1.2652230253095489,1.9999999999999998e-05,0.37464499999999995
streaming/transition3,cea-13,joint,removal,1,0.0,0.9817763680502767,0.5626252924999999,1.2652230253095489,1.9999999999999998e-05,0.37464499999999995
fixed/absolute,cea-13,joint,removal,1,0.0,0.9817763680502767,0.5626252924999999,1.2652230253095489,1.9999999999999998e-05,0.37464499999999995
fixed/present,cea-13,joint,removal,1,0.0,0.9817763680502767,0.5626252924999999,1.2652230253095489,1.9999999999999998e-05,0.37464499999999995
fixed/recency,cea-13,joint,removal,1,0.0,1.0293194621721604,0.5694812499999999,1.5615080942797084,0.001,0.35724999999999996
fixed/reference,cea-13,joint,removal,1,0.0,0.9817763680502767,0.5626252924999999,1.2652230253095489,1.9999999999999998e-05,0.37464499999999995
fixed/transition1,cea-13,joint,removal,1,0.0,0.9817763680502767,0.5626252924999999,1.2652230253095489,1.9999999999999998e-05,0.37464499999999995
fixed/transition2,cea-13,joint,removal,1,0.0,0.9817763680502767,0.5626252924999999,1.2652230253095489,1.9999999999999998e-05,0.37464499999999995
fixed/transition3,cea-13,joint,removal,1,0.0,0.9817763680502767,0.5626252924999999,1.2652230253095489,1.9999999999999998e-05,0.37464499999999995
oracle-boundary/absolute,cea-13,joint,removal,1,0.0,0.9817763680502767,0.5626252924999999,1.2652230253095489,1.9999999999999998e-05,0.37464499999999995
oracle-boundary/present,cea-13,joint,removal,1,0.0,0.9817763680502767,0.5626252924999999,1.2652230253095489,1.9999999999999998e-05,0.37464499999999995
oracle-boundary/recency,cea-13,joint,removal,1,0.0,1.0293194621721604,0.5694812499999999,1.5615080942797084,0.001,0.35724999999999996
oracle-boundary/reference,cea-13,joint,removal,1,0.0,0.9817763680502767,0.5626252924999999,1.2652230253095489,1.9999999999999998e-05,0.37464499999999995
oracle-boundary/transition1,cea-13,joint,removal,1,0.0,0.9817763680502767,0.5626252924999999,1.2652230253095489,1.9999999999999998e-05,0.37464499999999995
oracle-boundary/transition2,cea-13,joint,removal,1,0.0,0.9817763680502767,0.5626252924999999,1.2652230253095489,1.9999999999999998e-05,0.37464499999999995
oracle-boundary/transition3,cea-13,joint,removal,1,0.0,0.9817763680502767,0.5626252924999999,1.2652230253095489,1.9999999999999998e-05,0.37464499999999995
map/absolute,cea-13,joint,swap,0,1.0,0.0009804805139614205,9.800000000392828e-07,0.011582902361779817,2e-05,0.99902
map/present,cea-13,joint,swap,0,0.0,0.9817763680502767,0.5626252924999999,1.2652230253095489,1.9999999999999998e-05,0.37464499999999995
map/recency,cea-13,joint,swap,0,0.0,6.907755278982137,1.90245,0.38625940550147086,0.001,0.951
map/reference,cea-13,joint,swap,0,1.0,0.0009804805139614205,9.800000000392828e-07,0.011582902361779817,2e-05,0.99902
map/transition1,cea-13,joint,swap,0,1.0,0.6012619022541317,0.40752525543471174,0.6990924303043274,1.9999999999999998e-05,0.5481195262326856
map/transition2,cea-13,joint,swap,0,1.0,0.0009804805139614205,9.800000000392828e-07,0.011582902361779817,2e-05,0.99902
map/transition3,cea-13,joint,swap,0,1.0,0.0009804805139614205,9.800000000392828e-07,0.011582902361779817,2e-05,0.99902
mixture/absolute,cea-13,joint,swap,0,1.0,0.660153358470963,0.4665387725649184,0.6984199582707464,0.48273133511106703,0.5167720770388826
mixture/present,cea-13,joint,swap,0,0.0,1.6409492460072783,0.928899089506896,1.3469016805535823,0.48273133511106703,0.48273133511106703
mixture/recency,cea-13,joint,swap,0,0.0,7.566928156939139,1.4744949359963382,0.8882987899437403,0.4832382685413268,0.4919323389561544
mixture/reference,cea-13,joint,swap,0,1.0,0.660153358470963,0.4665387725649184,0.6984199582707464,0.48273133511106703,0.5167720770388826
mixture/transition1,cea-13,joint,swap,0,0.0,1.260434780211133,0.8007641212083549,1.0540542065729746,0.48273133511106703,0.48273133511106703
mixture/transition2,cea-13,joint,swap,0,1.0,0.660153358470963,0.4665387725649184,0.6984199582707464,0.48273133511106703,0.5167720770388826
mixture/transition3,cea-13,joint,swap,0,1.0,0.660153358470963,0.4665387725649184,0.6984199582707464,0.48273133511106703,0.5167720770388826
repaired/absolute,cea-13,joint,swap,0,1.0,0.0009804805139614205,9.800000000392828e-07,0.011582902361779817,2e-05,0.99902
repaired/present,cea-13,joint,swap,0,0.0,0.9817763680502767,0.5626252924999999,1.2652230253095489,1.9999999999999998e-05,0.37464499999999995
repaired/recency,cea-13,joint,swap,0,0.0,6.907755278982137,1.90245,0.38625940550147086,0.001,0.951
repaired/reference,cea-13,joint,swap,0,1.0,0.0009804805139614205,9.800000000392828e-07,0.011582902361779817,2e-05,0.99902
repaired/transition1,cea-13,joint,swap,0,0.0,0.7011267354182219,0.5070126974159526,0.703803847118773,1.9999999999999998e-05,0.503013901361254
repaired/transition2,cea-13,joint,swap,0,1.0,0.0009804805139614205,9.800000000392828e-07,0.011582902361779817,2e-05,0.99902
repaired/transition3,cea-13,joint,swap,0,1.0,0.0009804805139614205,9.800000000392828e-07,0.011582902361779817,2e-05,0.99902
streaming/absolute,cea-13,joint,swap,0,0.0,0.9817763680502767,0.5626252924999999,1.2652230253095489,1.9999999999999998e-05,0.37464499999999995
streaming/present,cea-13,joint,swap,0,0.0,0.9817763680502767,0.5626252924999999,1.2652230253095489,1.9999999999999998e-05,0.37464499999999995
streaming/recency,cea-13,joint,swap,0,0.0,1.0293194621721604,0.5694812499999999,1.5615080942797084,0.001,0.35724999999999996
streaming/reference,cea-13,joint,swap,0,0.0,0.9817763680502767,0.5626252924999999,1.2652230253095489,1.9999999999999998e-05,0.37464499999999995
streaming/transition1,cea-13,joint,swap,0,0.0,0.9817763680502767,0.5626252924999999,1.2652230253095489,1.9999999999999998e-05,0.37464499999999995
streaming/transition2,cea-13,joint,swap,0,0.0,0.9817763680502767,0.5626252924999999,1.2652230253095489,1.9999999999999998e-05,0.37464499999999995
streaming/transition3,cea-13,joint,swap,0,0.0,0.9817763680502767,0.5626252924999999,1.2652230253095489,1.9999999999999998e-05,0.37464499999999995
fixed/absolute,cea-13,joint,swap,0,0.0,0.9817763680502767,0.5626252924999999,1.2652230253095489,1.9999999999999998e-05,0.37464499999999995
fixed/present,cea-13,joint,swap,0,0.0,0.9817763680502767,0.5626252924999999,1.2652230253095489,1.9999999999999998e-05,0.37464499999999995
fixed/recency,cea-13,joint,swap,0,0.0,1.0293194621721604,0.5694812499999999,1.5615080942797084,0.001,0.35724999999999996
fixed/reference,cea-13,joint,swap,0,0.0,0.9817763680502767,0.5626252924999999,1.2652230253095489,1.9999999999999998e-05,0.37464499999999995
fixed/transition1,cea-13,joint,swap,0,0.0,0.9817763680502767,0.5626252924999999,1.2652230253095489,1.9999999999999998e-05,0.37464499999999995
fixed/transition2,cea-13,joint,swap,0,0.0,0.9817763680502767,0.5626252924999999,1.2652230253095489,1.9999999999999998e-05,0.37464499999999995
fixed/transition3,cea-13,joint,swap,0,0.0,0.9817763680502767,0.5626252924999999,1.2652230253095489,1.9999999999999998e-05,0.37464499999999995
oracle-boundary/absolute,cea-13,joint,swap,0,1.0,0.0009804805139614205,9.800000000392828e-07,0.011582902361779817,2e-05,0.99902
oracle-boundary/present,cea-13,joint,swap,0,0.0,0.9817763680502767,0.5626252924999999,1.2652230253095489,1.9999999999999998e-05,0.37464499999999995
oracle-boundary/recency,cea-13,joint,swap,0,0.0,6.907755278982137,1.90245,0.38625940550147086,0.001,0.951
oracle-boundary/reference,cea-13,joint,swap,0,1.0,0.0009804805139614205,9.800000000392828e-07,0.011582902361779817,2e-05,0.99902
oracle-boundary/transition1,cea-13,joint,swap,0,0.0,0.69410764165507,0.50000048,0.7038282854721148,1.9999999999999998e-05,0.4995199999999999
oracle-boundary/transition2,cea-13,joint,swap,0,1.0,0.0009804805139614205,9.800000000392828e-07,0.011582902361779817,2e-05,0.99902
oracle-boundary/transition3,cea-13,joint,swap,0,1.0,0.0009804805139614205,9.800000000392828e-07,0.011582902361779817,2e-05,0.99902
map/absolute,cea-13,joint,swap,1,1.0,0.0009804805139616427,9.800000000392828e-07,0.011582902361780037,1.9999999999999998e-05,0.9990199999999998
map/present,cea-13,joint,swap,1,1.0,0.9817763680502767,0.5626252924999999,1.2652230253095489,1.9999999999999998e-05,0.37464499999999995
map/recency,cea-13,joint,swap,1,0.0,6.907755278982137,1.90245,0.38625940550147086,0.001,0.951
map/reference,cea-13,joint,swap,1,1.0,0.0009804805139616427,9.800000000392828e-07,0.011582902361780037,1.9999999999999998e-05,0.9990199999999998
map/transition1,cea-13,joint,swap,1,1.0,0.6901079463309778,0.49600463805322725,0.7038202623114489,1.999999999999999e-05,0.5015219286918735
map/transition2,cea-13,joint,swap,1,1.0,0.0009804805139616427,9.800000000392828e-07,0.011582902361780037,1.9999999999999998e-05,0.9990199999999998
map/transition3,cea-13,joint,swap,1,1.0,0.0009804805139616427,9.800000000392828e-07,0.011582902361780037,1.9999999999999998e-05,0.9990199999999998
mixture/absolute,cea-13,joint,swap,1,1.0,0.589812226859398,0.35748452984333134,0.8900217672566573,0.3974381180014257,0.5544313822827389
mixture/present,cea-13,joint,swap,1,0.0,1.4883212780304529,0.8197094257166968,1.4342071994304286,0.3974381180014257,0.3974381180014257
mixture/recency,cea-13,joint,swap,1,0.0,7.414300188962313,1.4856228727233645,0.9001893921674566,0.3980286404562334,0.5730478107368588
mixture/reference,cea-13,joint,swap,1,1.0,0.589812226859398,0.35748452984333134,0.8900217672566573,0.3974381180014257,0.5544313822827389
mixture/transition1,cea-13,joint,swap,1,0.0,1.3317684772797755,0.8138726192279377,1.091368651121898,0.3974381180014257,0.3974381180014257
mixture/transition2,cea-13,joint,swap,1,1.0,0.589812226859398,0.35748452984333134,0.8900217672566573,0.3974381180014257,0.5544313822827389
mixture/transition3,cea-13,joint,swap,1,1.0,0.589812226859398,0.35748452984333134,0.8900217672566573,0.3974381180014257,0.5544313822827389
repaired/absolute,cea-13,joint,swap,1,1.0,0.0009804805139616427,9.800000000392828e-07,0.011582902361780037,1.9999999999999998e-05,0.9990199999999998
repaired/present,cea-13,joint,swap,1,1.0,0.9817763680502767,0.5626252924999999,1.2652230253095489,1.9999999999999998e-05,0.37464499999999995
repaired/recency,cea-13,joint,swap,1,0.0,6.907755278982137,1.90245,0.38625940550147086,0.001,0.951
repaired/reference,cea-13,joint,swap,1,1.0,0.0009804805139616427,9.800000000392828e-07,0.011582902361780037,1.9999999999999998e-05,0.9990199999999998
repaired/transition1,cea-13,joint,swap,1,0.0,0.6994612188868327,0.505348853234834,0.7038140451734604,1.9999999999999998e-05,0.5021870733372307
repaired/transition2,cea-13,joint,swap,1,1.0,0.0009804805139616427,9.800000000392828e-07,0.011582902361780037,1.9999999999999998e-05,0.9990199999999998
repaired/transition3,cea-13,joint,swap,1,1.0,0.0009804805139616427,9.800000000392828e-07,0.011582902361780037,1.9999999999999998e-05,0.9990199999999998
streaming/absolute,cea-13,joint,swap,1,1.0,0.9817763680502767,0.5626252924999999,1.2652230253095489,1.9999999999999998e-05,0.37464499999999995
streaming/present,cea-13,joint,swap,1,1.0,0.9817763680502767,0.5626252924999999,1.2652230253095489,1.9999999999999998e-05,0.37464499999999995
streaming/recency,cea-13,joint,swap,1,0.0,6.907755278982137,1.90245,0.38625940550147086,0.001,0.951
streaming/reference,cea-13,joint,swap,1,1.0,0.9817763680502767,0.5626252924999999,1.2652230253095489,1.9999999999999998e-05,0.37464499999999995
streaming/transition1,cea-13,joint,swap,1,1.0,0.9817763680502767,0.5626252924999999,1.2652230253095489,1.9999999999999998e-05,0.37464499999999995
streaming/transition2,cea-13,joint,swap,1,1.0,0.9817763680502767,0.5626252924999999,1.2652230253095489,1.9999999999999998e-05,0.37464499999999995
streaming/transition3,cea-13,joint,swap,1,1.0,0.9817763680502767,0.5626252924999999,1.2652230253095489,1.9999999999999998e-05,0.37464499999999995
fixed/absolute,cea-13,joint,swap,1,1.0,0.9817763680502767,0.5626252924999999,1.2652230253095489,1.9999999999999998e-05,0.37464499999999995
fixed/present,cea-13,joint,swap,1,1.0,0.9817763680502767,0.5626252924999999,1.2652230253095489,1.9999999999999998e-05,0.37464499999999995
fixed/recency,cea-13,joint,swap,1,1.0,1.0293194621721604,0.5694812499999999,1.5615080942797084,0.001,0.35724999999999996
fixed/reference,cea-13,joint,swap,1,1.0,0.9817763680502767,0.5626252924999999,1.2652230253095489,1.9999999999999998e-05,0.37464499999999995
fixed/transition1,cea-13,joint,swap,1,1.0,0.9817763680502767,0.5626252924999999,1.2652230253095489,1.9999999999999998e-05,0.37464499999999995
fixed/transition2,cea-13,joint,swap,1,1.0,0.9817763680502767,0.5626252924999999,1.2652230253095489,1.9999999999999998e-05,0.37464499999999995
fixed/transition3,cea-13,joint,swap,1,1.0,0.9817763680502767,0.5626252924999999,1.2652230253095489,1.9999999999999998e-05,0.37464499999999995
oracle-boundary/absolute,cea-13,joint,swap,1,1.0,0.0009804805139616427,9.800000000392828e-07,0.011582902361780037,1.9999999999999998e-05,0.9990199999999998
oracle-boundary/present,cea-13,joint,swap,1,1.0,0.9817763680502767,0.5626252924999999,1.2652230253095489,1.9999999999999998e-05,0.37464499999999995
oracle-boundary/recency,cea-13,joint,swap,1,0.0,6.907755278982137,1.90245,0.38625940550147086,0.001,0.951
oracle-boundary/reference,cea-13,joint,swap,1,1.0,0.0009804805139616427,9.800000000392828e-07,0.011582902361780037,1.9999999999999998e-05,0.9990199999999998
oracle-boundary/transition1,cea-13,joint,swap,1,1.0,0.69410764165507,0.50000048,0.7038282854721148,1.9999999999999998e-05,0.4995199999999999
oracle-boundary/transition2,cea-13,joint,swap,1,1.0,0.0009804805139616427,9.800000000392828e-07,0.011582902361780037,1.9999999999999998e-05,0.9990199999999998
oracle-boundary/transition3,cea-13,joint,swap,1,1.0,0.0009804805139616427,9.800000000392828e-07,0.011582902361780037,1.9999999999999998e-05,0.9990199999999998
map/absolute,cea-13,joint,shuffle,0,1.0,0.0009804805139616427,9.800000000392828e-07,0.011582902361780037,1.9999999999999998e-05,0.9990199999999998
map/present,cea-13,joint,shuffle,0,1.0,0.9817763680502767,0.5626252924999999,1.2652230253095489,1.9999999999999998e-05,0.37464499999999995
map/recency,cea-13,joint,shuffle,0,1.0,0.05024121643674679,0.0024500000000000632,0.38625940550147086,0.001,0.951
map/reference,cea-13,joint,shuffle,0,1.0,0.0009804805139616427,9.800000000392828e-07,0.011582902361780037,1.9999999999999998e-05,0.9990199999999998
map/transition1,cea-13,joint,shuffle,0,0.0,0.7964642881381374,0.6019233603654544,0.6990924303043274,1.9999999999999998e-05,0.5481195262326856
map/transition2,cea-13,joint,shuffle,0,1.0,0.0009804805139616427,9.800000000392828e-07,0.011582902361780037,1.9999999999999998e-05,0.9990199999999998
map/transition3,cea-13,joint,shuffle,0,1.0,0.0009804805139616427,9.800000000392828e-07,0.011582902361780037,1.9999999999999998e-05,0.9990199999999998
mixture/absolute,cea-13,joint,shuffle,0,1.0,0.5850598987390384,0.39189563490169976,0.6928221259129366,0.44239219292599563,0.5570724928729291
mixture/present,cea-13,joint,shuffle,0,0.0,1.5658557862753535,0.8748791412814056,1.391875626799845,0.44239219292599563,0.44239219292599563
mixture/recency,cea-13,joint,shuffle,0,1.0,0.6343206346618236,0.4168317759363609,0.8975973102999124,0.44293865950625977,0.5302956304399868
mixture/reference,cea-13,joint,shuffle,0,1.0,0.5850598987390384,0.39189563490169976,0.6928221259129366,0.44239219292599563,0.5570724928729291
mixture/transition1,cea-13,joint,shuffle,0,0.0,1.380543706363214,0.849467163224336,1.076190473498416,0.44239219292599563,0.44239219292599563
mixture/transition2,cea-13,joint,shuffle,0,1.0,0.5850598987390384,0.39189563490169976,0.6928221259129366,0.44239219292599563,0.5570724928729291
mixture/transition3,cea-13,joint,shuffle,0,1.0,0.5850598987390384,0.39189563490169976,0.6928221259129366,0.44239219292599563,0.5570724928729291
repaired/absolute,cea-13,joint,shuffle,0,1.0,0.0009804805139616427,9.800000000392828e-07,0.011582902361780037,1.9999999999999998e-05,0.9990199999999998
repaired/present,cea-13,joint,shuffle,0,1.0,0.9817763680502767,0.5626252924999999,1.2652230253095489,1.9999999999999998e-05,0.37464499999999995
repaired/recency,cea-13,joint,shuffle,0,1.0,0.05024121643674679,0.0024500000000000632,0.38625940550147086,0.001,0.951
repaired/reference,cea-13,joint,shuffle,0,1.0,0.0009804805139616427,9.800000000392828e-07,0.011582902361780037,1.9999999999999998e-05,0.9990199999999998
repaired/transition1,cea-13,joint,shuffle,0,1.0,0.6871374723631886,0.49303709197093615,0.703803847118773,1.9999999999999998e-05,0.503013901361254
repaired/transition2,cea-13,joint,shuffle,0,1.0,0.0009804805139616427,9.800000000392828e-07,0.011582902361780037,1.9999999999999998e-05,0.9990199999999998
repaired/transition3,cea-13,joint,shuffle,0,1.0,0.0009804805139616427,9.800000000392828e-07,0.011582902361780037,1.9999999999999998e-05,0.9990199999999998
streaming/absolute,cea-13,joint,shuffle,0,1.0,0.9817763680502767,0.5626252924999999,1.2652230253095489,1.9999999999999998e-05,0.37464499999999995
streaming/present,cea-13,joint,shuffle,0,1.0,0.9817763680502767,0.5626252924999999,1.2652230253095489,1.9999999999999998e-05,0.37464499999999995
streaming/recency,cea-13,joint,shuffle,0,1.0,1.0293194621721604,0.5694812499999999,1.5615080942797084,0.001,0.35724999999999996
streaming/reference,cea-13,joint,shuffle,0,1.0,0.9817763680502767,0.5626252924999999,1.2652230253095489,1.9999999999999998e-05,0.37464499999999995
streaming/transition1,cea-13,joint,shuffle,0,1.0,0.9817763680502767,0.5626252924999999,1.2652230253095489,1.9999999999999998e-05,0.37464499999999995
streaming/transition2,cea-13,joint,shuffle,0,1.0,0.9817763680502767,0.5626252924999999,1.2652230253095489,1.9999999999999998e-05,0.37464499999999995
streaming/transition3,cea-13,joint,shuffle,0,1.0,0.9817763680502767,0.5626252924999999,1.2652230253095489,1.9999999999999998e-05,0.37464499999999995
fixed/absolute,cea-13,joint,shuffle,0,1.0,0.9817763680502767,0.5626252924999999,1.2652230253095489,1.9999999999999998e-05,0.37464499999999995
fixed/present,cea-13,joint,shuffle,0,1.0,0.9817763680502767,0.5626252924999999,1.2652230253095489,1.9999999999999998e-05,0.37464499999999995
fixed/recency,cea-13,joint,shuffle,0,1.0,1.0293194621721604,0.5694812499999999,1.5615080942797084,0.001,0.35724999999999996
fixed/reference,cea-13,joint,shuffle,0,1.0,0.9817763680502767,0.5626252924999999,1.2652230253095489,1.9999999999999998e-05,0.37464499999999995
fixed/transition1,cea-13,joint,shuffle,0,1.0,0.9817763680502767,0.5626252924999999,1.2652230253095489,1.9999999999999998e-05,0.37464499999999995
fixed/transition2,cea-13,joint,shuffle,0,1.0,0.9817763680502767,0.5626252924999999,1.2652230253095489,1.9999999999999998e-05,0.37464499999999995
fixed/transition3,cea-13,joint,shuffle,0,1.0,0.9817763680502767,0.5626252924999999,1.2652230253095489,1.9999999999999998e-05,0.37464499999999995
oracle-boundary/absolute,cea-13,joint,shuffle,0,1.0,0.0009804805139616427,9.800000000392828e-07,0.011582902361780037,1.9999999999999998e-05,0.9990199999999998
oracle-boundary/present,cea-13,joint,shuffle,0,1.0,0.9817763680502767,0.5626252924999999,1.2652230253095489,1.9999999999999998e-05,0.37464499999999995
oracle-boundary/recency,cea-13,joint,shuffle,0,1.0,0.05024121643674679,0.0024500000000000632,0.38625940550147086,0.001,0.951
oracle-boundary/reference,cea-13,joint,shuffle,0,1.0,0.0009804805139616427,9.800000000392828e-07,0.011582902361780037,1.9999999999999998e-05,0.9990199999999998
oracle-boundary/transition1,cea-13,joint,shuffle,0,1.0,0.69410764165507,0.50000048,0.7038282854721148,1.9999999999999998e-05,0.4995199999999999
oracle-boundary/transition2,cea-13,joint,shuffle,0,1.0,0.0009804805139616427,9.800000000392828e-07,0.011582902361780037,1.9999999999999998e-05,0.9990199999999998
oracle-boundary/transition3,cea-13,joint,shuffle,0,1.0,0.0009804805139616427,9.800000000392828e-07,0.011582902361780037,1.9999999999999998e-05,0.9990199999999998
map/absolute,cea-13,joint,shuffle,1,1.0,0.0009804805139614205,9.800000000392828e-07,0.011582902361779817,2e-05,0.99902
map/present,cea-13,joint,shuffle,1,0.0,0.9817763680502767,0.5626252924999999,1.2652230253095489,1.9999999999999998e-05,0.37464499999999995
map/recency,cea-13,joint,shuffle,1,1.0,0.05024121643674679,0.0024500000000000632,0.38625940550147086,0.001,0.951
map/reference,cea-13,joint,shuffle,1,1.0,0.0009804805139614205,9.800000000392828e-07,0.011582902361779817,2e-05,0.99902
map/transition1,cea-13,joint,shuffle,1,0.0,0.6981233988057591,0.5040123528207219,0.7038202623114489,1.999999999999999e-05,0.5015219286918735
map/transition2,cea-13,joint,shuffle,1,1.0,0.0009804805139614205,9.800000000392828e-07,0.011582902361779817,2e-05,0.99902
map/transition3,cea-13,joint,shuffle,1,1.0,0.0009804805139614205,9.800000000392828e-07,0.011582902361779817,2e-05,0.99902
mixture/absolute,cea-13,joint,shuffle,1,1.0,0.43243193076221303,0.24606421394102496,0.6550934537982365,0.35044739329076935,0.6489290237351303
mixture/present,cea-13,joint,shuffle,1,0.0,1.4132278182985283,0.7677084926891053,1.4694149499641636,0.35044739329076935,0.35044739329076935
mixture/recency,cea-13,joint,shuffle,1,1.0,0.4816926666849985,0.26940529526137214,0.8938796171366803,0.35108396757683014,0.6177368837181526
mixture/reference,cea-13,joint,shuffle,1,1.0,0.43243193076221303,0.24606421394102496,0.6550934537982365,0.35044739329076935,0.6489290237351303
mixture/transition1,cea-13,joint,shuffle,1,1.0,1.0096587948201343,0.6078692997841879,1.0998401736846022,0.35044739329076935,0.3643432741777344
mixture/transition2,cea-13,joint,shuffle,1,1.0,0.43243193076221303,0.24606421394102496,0.6550934537982365,0.35044739329076935,0.6489290237351303
mixture/transition3,cea-13,joint,shuffle,1,1.0,0.43243193076221303,0.24606421394102496,0.6550934537982365,0.35044739329076935,0.6489290237351303
repaired/absolute,cea-13,joint,shuffle,1,1.0,0.0009804805139614205,9.800000000392828e-07,0.011582902361779817,2e-05,0.99902
repaired/present,cea-13,joint,shuffle,1,0.0,0.9817763680502767,0.5626252924999999,1.2652230253095489,1.9999999999999998e-05,0.37464499999999995
repaired/recency,cea-13,joint,shuffle,1,1.0,0.05024121643674679,0.0024500000000000632,0.38625940550147086,0.001,0.951
repaired/reference,cea-13,joint,shuffle,1,1.0,0.0009804805139614205,9.800000000392828e-07,0.011582902361779817,2e-05,0.99902
repaired/transition1,cea-13,joint,shuffle,1,1.0,0.6887825726591678,0.49468055988591075,0.7038140451734604,1.9999999999999998e-05,0.5021870733372307
repaired/transition2,cea-13,joint,shuffle,1,1.0,0.0009804805139614205,9.800000000392828e-07,0.011582902361779817,2e-05,0.99902
repaired/transition3,cea-13,joint,shuffle,1,1.0,0.0009804805139614205,9.800000000392828e-07,0.011582902361779817,2e-05,0.99902
streaming/absolute,cea-13,joint,shuffle,1,0.0,0.9817763680502767,0.5626252924999999,1.2652230253095489,1.9999999999999998e-05,0.37464499999999995
streaming/present,cea-13,joint,shuffle,1,0.0,0.9817763680502767,0.5626252924999999,1.2652230253095489,1.9999999999999998e-05,0.37464499999999995
streaming/recency,cea-13,joint,shuffle,1,1.0,0.05024121643674679,0.0024500000000000632,0.38625940550147086,0.001,0.951
streaming/reference,cea-13,joint,shuffle,1,0.0,0.9817763680502767,0.5626252924999999,1.2652230253095489,1.9999999999999998e-05,0.37464499999999995
streaming/transition1,cea-13,joint,shuffle,1,0.0,0.9817763680502767,0.5626252924999999,1.2652230253095489,1.9999999999999998e-05,0.37464499999999995
streaming/transition2,cea-13,joint,shuffle,1,0.0,0.9817763680502767,0.5626252924999999,1.2652230253095489,1.9999999999999998e-05,0.37464499999999995
streaming/transition3,cea-13,joint,shuffle,1,0.0,0.9817763680502767,0.5626252924999999,1.2652230253095489,1.9999999999999998e-05,0.37464499999999995
fixed/absolute,cea-13,joint,shuffle,1,0.0,0.9817763680502767,0.5626252924999999,1.2652230253095489,1.9999999999999998e-05,0.37464499999999995
fixed/present,cea-13,joint,shuffle,1,0.0,0.9817763680502767,0.5626252924999999,1.2652230253095489,1.9999999999999998e-05,0.37464499999999995
fixed/recency,cea-13,joint,shuffle,1,0.0,1.0293194621721604,0.5694812499999999,1.5615080942797084,0.001,0.35724999999999996
fixed/reference,cea-13,joint,shuffle,1,0.0,0.9817763680502767,0.5626252924999999,1.2652230253095489,1.9999999999999998e-05,0.37464499999999995
fixed/transition1,cea-13,joint,shuffle,1,0.0,0.9817763680502767,0.5626252924999999,1.2652230253095489,1.9999999999999998e-05,0.37464499999999995
fixed/transition2,cea-13,joint,shuffle,1,0.0,0.9817763680502767,0.5626252924999999,1.2652230253095489,1.9999999999999998e-05,0.37464499999999995
fixed/transition3,cea-13,joint,shuffle,1,0.0,0.9817763680502767,0.5626252924999999,1.2652230253095489,1.9999999999999998e-05,0.37464499999999995
oracle-boundary/absolute,cea-13,joint,shuffle,1,1.0,0.0009804805139614205,9.800000000392828e-07,0.011582902361779817,2e-05,0.99902
oracle-boundary/present,cea-13,joint,shuffle,1,0.0,0.9817763680502767,0.5626252924999999,1.2652230253095489,1.9999999999999998e-05,0.37464499999999995
oracle-boundary/recency,cea-13,joint,shuffle,1,1.0,0.05024121643674679,0.0024500000000000632,0.38625940550147086,0.001,0.951
oracle-boundary/reference,cea-13,joint,shuffle,1,1.0,0.0009804805139614205,9.800000000392828e-07,0.011582902361779817,2e-05,0.99902
oracle-boundary/transition1,cea-13,joint,shuffle,1,0.0,0.69410764165507,0.50000048,0.7038282854721148,1.9999999999999998e-05,0.4995199999999999
oracle-boundary/transition2,cea-13,joint,shuffle,1,1.0,0.0009804805139614205,9.800000000392828e-07,0.011582902361779817,2e-05,0.99902
oracle-boundary/transition3,cea-13,joint,shuffle,1,1.0,0.0009804805139614205,9.800000000392828e-07,0.011582902361779817,2e-05,0.99902
map/absolute,cea-13,joint,ambiguous,0,1.0,0.6943717062781958,0.5002639682783541,0.7035645207882449,1.9999999999999998e-05,0.5109979849789518
map/present,cea-13,joint,ambiguous,0,1.0,0.9817763680502767,0.5626252924999999,1.2652230253095489,1.9999999999999998e-05,0.37464499999999995
map/recency,cea-13,joint,ambiguous,0,0.0,3.4789982477094417,0.95245,0.38625940550147086,0.001,0.951
map/reference,cea-13,joint,ambiguous,0,1.0,0.6941261679460091,0.5000189703949738,0.7038097771950094,1.9999999999999998e-05,0.5025605916343434
map/transition1,cea-13,joint,ambiguous,0,1.0,0.6941156725683685,0.5000084954369748,0.7038202623114489,1.999999999999999e-05,0.5015219286918735
map/transition2,cea-13,joint,ambiguous,0,1.0,0.6941156725683685,0.5000084954369748,0.7038202623114489,1.999999999999999e-05,0.5015219286918735
map/transition3,cea-13,joint,ambiguous,0,1.0,0.6943717062781958,0.5002639682783541,0.7035645207882449,1.9999999999999998e-05,0.5109979849789518
mixture/absolute,cea-13,joint,ambiguous,0,0.0,1.2856504613382775,0.7968636540278551,1.0752125761344835,0.4433839541910118,0.4433839541910118
mixture/present,cea-13,joint,ambiguous,0,0.0,1.5676359698970952,0.8761560574867828,1.390848595756164,0.4433839541910118,0.4433839541910118
mixture/recency,cea-13,joint,ambiguous,0,0.0,4.06485784955626,0.9473931665017619,0.8974472114277748,0.4439294488257973,0.5293524466132801
mixture/reference,cea-13,joint,ambiguous,0,0.0,1.2873501405065677,0.7973824387629169,1.0742755975937763,0.4433839541910118,0.4433839541910118
mixture/transition1,cea-13,joint,ambiguous,0,0.0,1.2875750577825595,0.7974509571301147,1.0741517670795042,0.4433839541910118,0.4433839541910118
mixture/transition2,cea-13,joint,ambiguous,0,0.0,1.2875750577825595,0.7974509571301147,1.0741517670795042,0.4433839541910118,0.4433839541910118
mixture/transition3,cea-13,joint,ambiguous,0,0.0,1.2856504613382775,0.7968636540278551,1.0752125761344835,0.4433839541910118,0.4433839541910118
repaired/absolute,cea-13,joint,ambiguous,0,0.0,0.6941218957730002,0.5000147065603724,0.7038140451734604,1.9999999999999998e-05,0.5021870733372307
repaired/present,cea-13,joint,ambiguous,0,1.0,0.9817763680502767,0.5626252924999999,1.2652230253095489,1.9999999999999998e-05,0.37464499999999995
repaired/recency,cea-13,joint,ambiguous,0,0.0,3.4789982477094417,0.95245,0.38625940550147086,0.001,0.951
repaired/reference,cea-13,joint,ambiguous,0,0.0,0.6941130691615702,0.5000058970612888,0.7038228631956402,2e-05,0.5011657614178167
repaired/transition1,cea-13,joint,ambiguous,0,0.0,0.6941218957730002,0.5000147065603724,0.7038140451734604,1.9999999999999998e-05,0.5021870733372307
repaired/transition2,cea-13,joint,ambiguous,0,0.0,0.6941218957730002,0.5000147065603724,0.7038140451734604,1.9999999999999998e-05,0.5021870733372307
repaired/transition3,cea-13,joint,ambiguous,0,0.0,0.6941218957730002,0.5000147065603724,0.7038140451734604,1.9999999999999998e-05,0.5021870733372307
streaming/absolute,cea-13,joint,ambiguous,0,1.0,0.9817763680502767,0.5626252924999999,1.2652230253095489,1.9999999999999998e-05,0.37464499999999995
streaming/present,cea-13,joint,ambiguous,0,1.0,0.9817763680502767,0.5626252924999999,1.2652230253095489,1.9999999999999998e-05,0.37464499999999995
streaming/recency,cea-13,joint,ambiguous,0,0.0,3.4789982477094417,0.95245,0.38625940550147086,0.001,0.951
streaming/reference,cea-13,joint,ambiguous,0,1.0,0.9817763680502767,0.5626252924999999,1.2652230253095489,1.9999999999999998e-05,0.37464499999999995
streaming/transition1,cea-13,joint,ambiguous,0,1.0,0.9817763680502767,0.5626252924999999,1.2652230253095489,1.9999999999999998e-05,0.37464499999999995
streaming/transition2,cea-13,joint,ambiguous,0,1.0,0.9817763680502767,0.5626252924999999,1.2652230253095489,1.9999999999999998e-05,0.37464499999999995
streaming/transition3,cea-13,joint,ambiguous,0,1.0,0.9817763680502767,0.5626252924999999,1.2652230253095489,1.9999999999999998e-05,0.37464499999999995
fixed/absolute,cea-13,joint,ambiguous,0,1.0,0.9817763680502767,0.5626252924999999,1.2652230253095489,1.9999999999999998e-05,0.37464499999999995
fixed/present,cea-13,joint,ambiguous,0,1.0,0.9817763680502767,0.5626252924999999,1.2652230253095489,1.9999999999999998e-05,0.37464499999999995
fixed/recency,cea-13,joint,ambiguous,0,1.0,1.0293194621721604,0.5694812499999999,1.5615080942797084,0.001,0.35724999999999996
fixed/reference,cea-13,joint,ambiguous,0,1.0,0.9817763680502767,0.5626252924999999,1.2652230253095489,1.9999999999999998e-05,0.37464499999999995
fixed/transition1,cea-13,joint,ambiguous,0,1.0,0.9817763680502767,0.5626252924999999,1.2652230253095489,1.9999999999999998e-05,0.37464499999999995
fixed/transition2,cea-13,joint,ambiguous,0,1.0,0.9817763680502767,0.5626252924999999,1.2652230253095489,1.9999999999999998e-05,0.37464499999999995
fixed/transition3,cea-13,joint,ambiguous,0,1.0,0.9817763680502767,0.5626252924999999,1.2652230253095489,1.9999999999999998e-05,0.37464499999999995
oracle-boundary/absolute,cea-13,joint,ambiguous,0,1.0,0.69410764165507,0.50000048,0.7038282854721148,1.9999999999999998e-05,0.4995199999999999
oracle-boundary/present,cea-13,joint,ambiguous,0,1.0,0.9817763680502767,0.5626252924999999,1.2652230253095489,1.9999999999999998e-05,0.37464499999999995
oracle-boundary/recency,cea-13,joint,ambiguous,0,0.0,3.4789982477094417,0.95245,0.38625940550147086,0.001,0.951
oracle-boundary/reference,cea-13,joint,ambiguous,0,1.0,0.69410764165507,0.50000048,0.7038282854721148,1.9999999999999998e-05,0.4995199999999999
oracle-boundary/transition1,cea-13,joint,ambiguous,0,1.0,0.69410764165507,0.50000048,0.7038282854721148,1.9999999999999998e-05,0.4995199999999999
oracle-boundary/transition2,cea-13,joint,ambiguous,0,1.0,0.69410764165507,0.50000048,0.7038282854721148,1.9999999999999998e-05,0.4995199999999999
oracle-boundary/transition3,cea-13,joint,ambiguous,0,1.0,0.69410764165507,0.50000048,0.7038282854721148,1.9999999999999998e-05,0.4995199999999999
map/absolute,cea-13,joint,ambiguous,1,0.0,0.6943717062781958,0.5002639682783541,0.7035645207882449,1.9999999999999998e-05,0.5109979849789518
map/present,cea-13,joint,ambiguous,1,0.0,0.9817763680502767,0.5626252924999999,1.2652230253095489,1.9999999999999998e-05,0.37464499999999995
map/recency,cea-13,joint,ambiguous,1,1.0,3.4789982477094417,0.95245,0.38625940550147086,0.001,0.951
map/reference,cea-13,joint,ambiguous,1,0.0,0.6941261679460091,0.5000189703949738,0.7038097771950094,1.9999999999999998e-05,0.5025605916343434
map/transition1,cea-13,joint,ambiguous,1,0.0,0.6941156725683685,0.5000084954369748,0.7038202623114489,1.999999999999999e-05,0.5015219286918735
map/transition2,cea-13,joint,ambiguous,1,0.0,0.6941156725683685,0.5000084954369748,0.7038202623114489,1.999999999999999e-05,0.5015219286918735
map/transition3,cea-13,joint,ambiguous,1,0.0,0.6943717062781958,0.5002639682783541,0.7035645207882449,1.9999999999999998e-05,0.5109979849789518
mixture/absolute,cea-13,joint,ambiguous,1,0.0,1.2856504613382775,0.7968636540278551,1.0752125761344835,0.4433839541910118,0.4433839541910118
mixture/present,cea-13,joint,ambiguous,1,0.0,1.5676359698970952,0.8761560574867828,1.390848595756164,0.4433839541910118,0.4433839541910118
mixture/recency,cea-13,joint,ambiguous,1,1.0,4.06485784955626,0.9473931665017619,0.8974472114277748,0.4439294488257973,0.5293524466132801
mixture/reference,cea-13,joint,ambiguous,1,0.0,1.2873501405065677,0.7973824387629169,1.0742755975937763,0.4433839541910118,0.4433839541910118
mixture/transition1,cea-13,joint,ambiguous,1,0.0,1.2875750577825595,0.7974509571301147,1.0741517670795042,0.4433839541910118,0.4433839541910118
mixture/transition2,cea-13,joint,ambiguous,1,0.0,1.2875750577825595,0.7974509571301147,1.0741517670795042,0.4433839541910118,0.4433839541910118
mixture/transition3,cea-13,joint,ambiguous,1,0.0,1.2856504613382775,0.7968636540278551,1.0752125761344835,0.4433839541910118,0.4433839541910118
repaired/absolute,cea-13,joint,ambiguous,1,1.0,0.6941218957730002,0.5000147065603724,0.7038140451734604,1.9999999999999998e-05,0.5021870733372307
repaired/present,cea-13,joint,ambiguous,1,0.0,0.9817763680502767,0.5626252924999999,1.2652230253095489,1.9999999999999998e-05,0.37464499999999995
repaired/recency,cea-13,joint,ambiguous,1,1.0,3.4789982477094417,0.95245,0.38625940550147086,0.001,0.951
repaired/reference,cea-13,joint,ambiguous,1,1.0,0.6941130691615702,0.5000058970612888,0.7038228631956402,2e-05,0.5011657614178167
repaired/transition1,cea-13,joint,ambiguous,1,1.0,0.6941218957730002,0.5000147065603724,0.7038140451734604,1.9999999999999998e-05,0.5021870733372307
repaired/transition2,cea-13,joint,ambiguous,1,1.0,0.6941218957730002,0.5000147065603724,0.7038140451734604,1.9999999999999998e-05,0.5021870733372307
repaired/transition3,cea-13,joint,ambiguous,1,1.0,0.6941218957730002,0.5000147065603724,0.7038140451734604,1.9999999999999998e-05,0.5021870733372307
streaming/absolute,cea-13,joint,ambiguous,1,0.0,0.9817763680502767,0.5626252924999999,1.2652230253095489,1.9999999999999998e-05,0.37464499999999995
streaming/present,cea-13,joint,ambiguous,1,0.0,0.9817763680502767,0.5626252924999999,1.2652230253095489,1.9999999999999998e-05,0.37464499999999995
streaming/recency,cea-13,joint,ambiguous,1,1.0,3.4789982477094417,0.95245,0.38625940550147086,0.001,0.951
streaming/reference,cea-13,joint,ambiguous,1,0.0,0.9817763680502767,0.5626252924999999,1.2652230253095489,1.9999999999999998e-05,0.37464499999999995
streaming/transition1,cea-13,joint,ambiguous,1,0.0,0.9817763680502767,0.5626252924999999,1.2652230253095489,1.9999999999999998e-05,0.37464499999999995
streaming/transition2,cea-13,joint,ambiguous,1,0.0,0.9817763680502767,0.5626252924999999,1.2652230253095489,1.9999999999999998e-05,0.37464499999999995
streaming/transition3,cea-13,joint,ambiguous,1,0.0,0.9817763680502767,0.5626252924999999,1.2652230253095489,1.9999999999999998e-05,0.37464499999999995
fixed/absolute,cea-13,joint,ambiguous,1,0.0,0.9817763680502767,0.5626252924999999,1.2652230253095489,1.9999999999999998e-05,0.37464499999999995
fixed/present,cea-13,joint,ambiguous,1,0.0,0.9817763680502767,0.5626252924999999,1.2652230253095489,1.9999999999999998e-05,0.37464499999999995
fixed/recency,cea-13,joint,ambiguous,1,0.0,1.0293194621721604,0.5694812499999999,1.5615080942797084,0.001,0.35724999999999996
fixed/reference,cea-13,joint,ambiguous,1,0.0,0.9817763680502767,0.5626252924999999,1.2652230253095489,1.9999999999999998e-05,0.37464499999999995
fixed/transition1,cea-13,joint,ambiguous,1,0.0,0.9817763680502767,0.5626252924999999,1.2652230253095489,1.9999999999999998e-05,0.37464499999999995
fixed/transition2,cea-13,joint,ambiguous,1,0.0,0.9817763680502767,0.5626252924999999,1.2652230253095489,1.9999999999999998e-05,0.37464499999999995
fixed/transition3,cea-13,joint,ambiguous,1,0.0,0.9817763680502767,0.5626252924999999,1.2652230253095489,1.9999999999999998e-05,0.37464499999999995
oracle-boundary/absolute,cea-13,joint,ambiguous,1,0.0,0.69410764165507,0.50000048,0.7038282854721148,1.9999999999999998e-05,0.4995199999999999
oracle-boundary/present,cea-13,joint,ambiguous,1,0.0,0.9817763680502767,0.5626252924999999,1.2652230253095489,1.9999999999999998e-05,0.37464499999999995
oracle-boundary/recency,cea-13,joint,ambiguous,1,1.0,3.4789982477094417,0.95245,0.38625940550147086,0.001,0.951
oracle-boundary/reference,cea-13,joint,ambiguous,1,0.0,0.69410764165507,0.50000048,0.7038282854721148,1.9999999999999998e-05,0.4995199999999999
oracle-boundary/transition1,cea-13,joint,ambiguous,1,0.0,0.69410764165507,0.50000048,0.7038282854721148,1.9999999999999998e-05,0.4995199999999999
oracle-boundary/transition2,cea-13,joint,ambiguous,1,0.0,0.69410764165507,0.50000048,0.7038282854721148,1.9999999999999998e-05,0.4995199999999999
oracle-boundary/transition3,cea-13,joint,ambiguous,1,0.0,0.69410764165507,0.50000048,0.7038282854721148,1.9999999999999998e-05,0.4995199999999999
map/absolute,cea-14,detached,intact,0,1.0,0.0009804805139616427,9.800000000392828e-07,0.011582902361780037,1.9999999999999998e-05,0.9990199999999998
map/present,cea-14,detached,intact,0,0.0,10.819778284410283,1.3118752925,1.2652230253095489,1.9999999999999998e-05,0.37464499999999995
map/recency,cea-14,detached,intact,0,0.0,6.907755278982137,1.90245,0.38625940550147086,0.001,0.951
map/reference,cea-14,detached,intact,0,1.0,0.0009804805139616427,9.800000000392828e-07,0.011582902361780037,1.9999999999999998e-05,0.9990199999999998
map/transition1,cea-14,detached,intact,0,0.0,0.6969086830650806,0.5027988213552796,0.7038243772763156,1.9999999999999998e-05,0.5009172184582198
map/transition2,cea-14,detached,intact,0,1.0,0.0009804805139616427,9.800000000392828e-07,0.011582902361780037,1.9999999999999998e-05,0.9990199999999998
map/transition3,cea-14,detached,intact,0,1.0,0.0009804805139616427,9.800000000392828e-07,0.011582902361780037,1.9999999999999998e-05,0.9990199999999998
mixture/absolute,cea-14,detached,intact,0,1.0,0.0009804805139616427,9.800000000392828e-07,0.011582902361780037,1.9999999999999998e-05,0.9990199999999998
mixture/present,cea-14,detached,intact,0,0.0,10.819778284410283,1.3118752925,1.2652230253095489,1.9999999999999998e-05,0.37464499999999995
mixture/recency,cea-14,detached,intact,0,0.0,6.907755278982137,1.90245,0.38625940550147086,0.001,0.951
mixture/reference,cea-14,detached,intact,0,1.0,0.0009804805139616427,9.800000000392828e-07,0.011582902361780037,1.9999999999999998e-05,0.9990199999999998
mixture/transition1,cea-14,detached,intact,0,0.0,0.6969086830650806,0.5027988213552796,0.7038243772763156,1.9999999999999998e-05,0.5009172184582198
mixture/transition2,cea-14,detached,intact,0,1.0,0.0009804805139616427,9.800000000392828e-07,0.011582902361780037,1.9999999999999998e-05,0.9990199999999998
mixture/transition3,cea-14,detached,intact,0,1.0,0.0009804805139616427,9.800000000392828e-07,0.011582902361780037,1.9999999999999998e-05,0.9990199999999998
repaired/absolute,cea-14,detached,intact,0,1.0,0.0009804805139616427,9.800000000392828e-07,0.011582902361780037,1.9999999999999998e-05,0.9990199999999998
repaired/present,cea-14,detached,intact,0,0.0,10.819778284410283,1.3118752925,1.2652230253095489,1.9999999999999998e-05,0.37464499999999995
repaired/recency,cea-14,detached,intact,0,0.0,6.907755278982137,1.90245,0.38625940550147086,0.001,0.951
repaired/reference,cea-14,detached,intact,0,1.0,0.0009804805139616427,9.800000000392828e-07,0.011582902361780037,1.9999999999999998e-05,0.9990199999999998
repaired/transition1,cea-14,detached,intact,0,1.0,0.6894803875334965,0.49537769083559957,0.7038175403462733,1.9999999999999998e-05,0.5018367619682175
repaired/transition2,cea-14,detached,intact,0,1.0,0.0009804805139616427,9.800000000392828e-07,0.011582902361780037,1.9999999999999998e-05,0.9990199999999998
repaired/transition3,cea-14,detached,intact,0,1.0,0.0009804805139616427,9.800000000392828e-07,0.011582902361780037,1.9999999999999998e-05,0.9990199999999998
streaming/absolute,cea-14,detached,intact,0,1.0,0.0009804805139616427,9.800000000392828e-07,0.011582902361780037,1.9999999999999998e-05,0.9990199999999998
streaming/present,cea-14,detached,intact,0,0.0,10.819778284410283,1.3118752925,1.2652230253095489,1.9999999999999998e-05,0.37464499999999995
streaming/recency,cea-14,detached,intact,0,0.0,6.907755278982137,1.90245,0.38625940550147086,0.001,0.951
streaming/reference,cea-14,detached,intact,0,1.0,0.0009804805139616427,9.800000000392828e-07,0.011582902361780037,1.9999999999999998e-05,0.9990199999999998
streaming/transition1,cea-14,detached,intact,0,0.0,1.4016600487066644,1.135018863548642,0.5691833532189272,1.9999999999999998e-05,0.7528520594361565
streaming/transition2,cea-14,detached,intact,0,1.0,0.0009804805139616427,9.800000000392828e-07,0.011582902361780037,1.9999999999999998e-05,0.9990199999999998
streaming/transition3,cea-14,detached,intact,0,1.0,0.0009804805139616427,9.800000000392828e-07,0.011582902361780037,1.9999999999999998e-05,0.9990199999999998
fixed/absolute,cea-14,detached,intact,0,0.0,10.819778284410283,1.3118752925,1.2652230253095489,1.9999999999999998e-05,0.37464499999999995
fixed/present,cea-14,detached,intact,0,0.0,10.819778284410283,1.3118752925,1.2652230253095489,1.9999999999999998e-05,0.37464499999999995
fixed/recency,cea-14,detached,intact,0,0.0,6.907755278982137,1.90245,0.38625940550147086,0.001,0.951
fixed/reference,cea-14,detached,intact,0,0.0,10.819778284410283,1.3118752925,1.2652230253095489,1.9999999999999998e-05,0.37464499999999995
fixed/transition1,cea-14,detached,intact,0,0.0,10.819778284410283,1.99800098,0.011582902361779817,2e-05,0.99902
fixed/transition2,cea-14,detached,intact,0,0.0,10.819778284410283,1.3118752925,1.2652230253095489,1.9999999999999998e-05,0.37464499999999995
fixed/transition3,cea-14,detached,intact,0,0.0,10.819778284410283,1.3118752925,1.2652230253095489,1.9999999999999998e-05,0.37464499999999995
oracle-boundary/absolute,cea-14,detached,intact,0,1.0,0.0009804805139616427,9.800000000392828e-07,0.011582902361780037,1.9999999999999998e-05,0.9990199999999998
oracle-boundary/present,cea-14,detached,intact,0,0.0,10.819778284410283,1.3118752925,1.2652230253095489,1.9999999999999998e-05,0.37464499999999995
oracle-boundary/recency,cea-14,detached,intact,0,0.0,6.907755278982137,1.90245,0.38625940550147086,0.001,0.951
oracle-boundary/reference,cea-14,detached,intact,0,1.0,0.0009804805139616427,9.800000000392828e-07,0.011582902361780037,1.9999999999999998e-05,0.9990199999999998
oracle-boundary/transition1,cea-14,detached,intact,0,1.0,0.69410764165507,0.50000048,0.7038282854721148,1.9999999999999998e-05,0.4995199999999999
oracle-boundary/transition2,cea-14,detached,intact,0,1.0,0.0009804805139616427,9.800000000392828e-07,0.011582902361780037,1.9999999999999998e-05,0.9990199999999998
oracle-boundary/transition3,cea-14,detached,intact,0,1.0,0.0009804805139616427,9.800000000392828e-07,0.011582902361780037,1.9999999999999998e-05,0.9990199999999998
map/absolute,cea-14,detached,intact,1,1.0,0.0009804805139614205,9.800000000392828e-07,0.011582902361779817,2e-05,0.99902
map/present,cea-14,detached,intact,1,0.0,10.819778284410283,1.3118752925,1.2652230253095489,1.9999999999999998e-05,0.37464499999999995
map/recency,cea-14,detached,intact,1,0.0,6.907755278982137,1.90245,0.38625940550147086,0.001,0.951
map/reference,cea-14,detached,intact,1,1.0,0.0009804805139614205,9.800000000392828e-07,0.011582902361779817,2e-05,0.99902
map/transition1,cea-14,detached,intact,1,0.0,0.6969086830650806,0.5027988213552796,0.7038243772763156,1.9999999999999998e-05,0.5009172184582198
map/transition2,cea-14,detached,intact,1,1.0,0.0009804805139614205,9.800000000392828e-07,0.011582902361779817,2e-05,0.99902
map/transition3,cea-14,detached,intact,1,1.0,0.0009804805139614205,9.800000000392828e-07,0.011582902361779817,2e-05,0.99902
mixture/absolute,cea-14,detached,intact,1,1.0,0.0009804805139614205,9.800000000392828e-07,0.011582902361779817,2e-05,0.99902
mixture/present,cea-14,detached,intact,1,0.0,10.819778284410283,1.3118752925,1.2652230253095489,1.9999999999999998e-05,0.37464499999999995
mixture/recency,cea-14,detached,intact,1,0.0,6.907755278982137,1.90245,0.38625940550147086,0.001,0.951
mixture/reference,cea-14,detached,intact,1,1.0,0.0009804805139614205,9.800000000392828e-07,0.011582902361779817,2e-05,0.99902
mixture/transition1,cea-14,detached,intact,1,0.0,0.6969086830650806,0.5027988213552796,0.7038243772763156,1.9999999999999998e-05,0.5009172184582198
mixture/transition2,cea-14,detached,intact,1,1.0,0.0009804805139614205,9.800000000392828e-07,0.011582902361779817,2e-05,0.99902
mixture/transition3,cea-14,detached,intact,1,1.0,0.0009804805139614205,9.800000000392828e-07,0.011582902361779817,2e-05,0.99902
repaired/absolute,cea-14,detached,intact,1,1.0,0.0009804805139614205,9.800000000392828e-07,0.011582902361779817,2e-05,0.99902
repaired/present,cea-14,detached,intact,1,0.0,10.819778284410283,1.3118752925,1.2652230253095489,1.9999999999999998e-05,0.37464499999999995
repaired/recency,cea-14,detached,intact,1,0.0,6.907755278982137,1.90245,0.38625940550147086,0.001,0.951
repaired/reference,cea-14,detached,intact,1,1.0,0.0009804805139614205,9.800000000392828e-07,0.011582902361779817,2e-05,0.99902
repaired/transition1,cea-14,detached,intact,1,1.0,0.6877399523994115,0.49363897055143857,0.7038079016097578,2e-05,0.5027109368019548
repaired/transition2,cea-14,detached,intact,1,1.0,0.0009804805139614205,9.800000000392828e-07,0.011582902361779817,2e-05,0.99902
repaired/transition3,cea-14,detached,intact,1,1.0,0.0009804805139614205,9.800000000392828e-07,0.011582902361779817,2e-05,0.99902
streaming/absolute,cea-14,detached,intact,1,1.0,0.0009804805139614205,9.800000000392828e-07,0.011582902361779817,2e-05,0.99902
streaming/present,cea-14,detached,intact,1,0.0,10.819778284410283,1.3118752925,1.2652230253095489,1.9999999999999998e-05,0.37464499999999995
streaming/recency,cea-14,detached,intact,1,0.0,6.907755278982137,1.90245,0.38625940550147086,0.001,0.951
streaming/reference,cea-14,detached,intact,1,1.0,0.0009804805139614205,9.800000000392828e-07,0.011582902361779817,2e-05,0.99902
streaming/transition1,cea-14,detached,intact,1,1.0,0.6694115716190151,0.475332928235622,0.7035159644062786,2e-05,0.5120097702429096
streaming/transition2,cea-14,detached,intact,1,1.0,0.0009804805139614205,9.800000000392828e-07,0.011582902361779817,2e-05,0.99902
streaming/transition3,cea-14,detached,intact,1,1.0,0.0009804805139614205,9.800000000392828e-07,0.011582902361779817,2e-05,0.99902
fixed/absolute,cea-14,detached,intact,1,0.0,10.819778284410283,1.3118752925,1.2652230253095489,1.9999999999999998e-05,0.37464499999999995
fixed/present,cea-14,detached,intact,1,0.0,10.819778284410283,1.3118752925,1.2652230253095489,1.9999999999999998e-05,0.37464499999999995
fixed/recency,cea-14,detached,intact,1,0.0,6.907755278982137,1.90245,0.38625940550147086,0.001,0.951
fixed/reference,cea-14,detached,intact,1,0.0,10.819778284410283,1.3118752925,1.2652230253095489,1.9999999999999998e-05,0.37464499999999995
fixed/transition1,cea-14,detached,intact,1,0.0,10.819778284410283,1.99800098,0.011582902361779817,2e-05,0.99902
fixed/transition2,cea-14,detached,intact,1,0.0,10.819778284410283,1.3118752925,1.2652230253095489,1.9999999999999998e-05,0.37464499999999995
fixed/transition3,cea-14,detached,intact,1,0.0,10.819778284410283,1.3118752925,1.2652230253095489,1.9999999999999998e-05,0.37464499999999995
oracle-boundary/absolute,cea-14,detached,intact,1,1.0,0.0009804805139614205,9.800000000392828e-07,0.011582902361779817,2e-05,0.99902
oracle-boundary/present,cea-14,detached,intact,1,0.0,10.819778284410283,1.3118752925,1.2652230253095489,1.9999999999999998e-05,0.37464499999999995
oracle-boundary/recency,cea-14,detached,intact,1,0.0,6.907755278982137,1.90245,0.38625940550147086,0.001,0.951
oracle-boundary/reference,cea-14,detached,intact,1,1.0,0.0009804805139614205,9.800000000392828e-07,0.011582902361779817,2e-05,0.99902
oracle-boundary/transition1,cea-14,detached,intact,1,0.0,0.69410764165507,0.50000048,0.7038282854721148,1.9999999999999998e-05,0.4995199999999999
oracle-boundary/transition2,cea-14,detached,intact,1,1.0,0.0009804805139614205,9.800000000392828e-07,0.011582902361779817,2e-05,0.99902
oracle-boundary/transition3,cea-14,detached,intact,1,1.0,0.0009804805139614205,9.800000000392828e-07,0.011582902361779817,2e-05,0.99902
map/absolute,cea-14,legato,intact,0,1.0,0.0009804805139616427,9.800000000392828e-07,0.011582902361780037,1.9999999999999998e-05,0.9990199999999998
map/present,cea-14,legato,intact,0,0.0,10.819778284410283,1.3118752925,1.2652230253095489,1.9999999999999998e-05,0.37464499999999995
map/recency,cea-14,legato,intact,0,0.0,6.907755278982137,1.90245,0.38625940550147086,0.001,0.951
map/reference,cea-14,legato,intact,0,1.0,0.0009804805139616427,9.800000000392828e-07,0.011582902361780037,1.9999999999999998e-05,0.9990199999999998
map/transition1,cea-14,legato,intact,0,1.0,0.5976798206117158,0.40398150117213594,0.6987006598346427,1.9999999999999998e-05,0.5500864558735429
map/transition2,cea-14,legato,intact,0,1.0,0.0009804805139616427,9.800000000392828e-07,0.011582902361780037,1.9999999999999998e-05,0.9990199999999998
map/transition3,cea-14,legato,intact,0,1.0,0.0009804805139616427,9.800000000392828e-07,0.011582902361780037,1.9999999999999998e-05,0.9990199999999998
mixture/absolute,cea-14,legato,intact,0,1.0,0.13457259672299793,0.03149615132057115,0.3868351697493675,0.12507063046063435,0.8740894205456278
mixture/present,cea-14,legato,intact,0,0.0,10.953370400619319,1.2543888091881197,1.4837036695193073,0.12507063046063435,0.3277944695404664
mixture/recency,cea-14,legato,intact,0,0.0,7.041347395191173,1.7064926595508059,0.7096102183973705,0.12592807839174153,0.8320744719213752
mixture/reference,cea-14,legato,intact,0,1.0,0.13457259672299793,0.03149615132057115,0.3868351697493675,0.12507063046063435,0.8740894205456278
mixture/transition1,cea-14,legato,intact,0,1.0,0.731271936820752,0.4389961658351913,0.9880266999250055,0.12507063046063435,0.48129642195802214
mixture/transition2,cea-14,legato,intact,0,1.0,0.13457259672299793,0.03149615132057115,0.3868351697493675,0.12507063046063435,0.8740894205456278
mixture/transition3,cea-14,legato,intact,0,1.0,0.13457259672299793,0.03149615132057115,0.3868351697493675,0.12507063046063435,0.8740894205456278
repaired/absolute,cea-14,legato,intact,0,1.0,0.0009804805139616427,9.800000000392828e-07,0.011582902361780037,1.9999999999999998e-05,0.9990199999999998
repaired/present,cea-14,legato,intact,0,0.0,10.819778284410283,1.3118752925,1.2652230253095489,1.9999999999999998e-05,0.37464499999999995
repaired/recency,cea-14,legato,intact,0,0.0,6.907755278982137,1.90245,0.38625940550147086,0.001,0.951
repaired/reference,cea-14,legato,intact,0,1.0,0.0009804805139616427,9.800000000392828e-07,0.011582902361780037,1.9999999999999998e-05,0.9990199999999998
repaired/transition1,cea-14,legato,intact,0,0.0,0.6944987722643259,0.5003912350306179,0.7038282090838507,1.9999999999999998e-05,0.4997153393578441
repaired/transition2,cea-14,legato,intact,0,1.0,0.0009804805139616427,9.800000000392828e-07,0.011582902361780037,1.9999999999999998e-05,0.9990199999999998
repaired/transition3,cea-14,legato,intact,0,1.0,0.0009804805139616427,9.800000000392828e-07,0.011582902361780037,1.9999999999999998e-05,0.9990199999999998
streaming/absolute,cea-14,legato,intact,0,0.0,10.819778284410283,1.3118752925,1.2652230253095489,1.9999999999999998e-05,0.37464499999999995
streaming/present,cea-14,legato,intact,0,0.0,10.819778284410283,1.3118752925,1.2652230253095489,1.9999999999999998e-05,0.37464499999999995
streaming/recency,cea-14,legato,intact,0,0.0,6.907755278982137,1.2819812499999999,1.5615080942797084,0.001,0.35724999999999996
streaming/reference,cea-14,legato,intact,0,0.0,10.819778284410283,1.3118752925,1.2652230253095489,1.9999999999999998e-05,0.37464499999999995
streaming/transition1,cea-14,legato,intact,0,0.0,10.819778284410283,1.3118752925,1.2652230253095489,1.9999999999999998e-05,0.37464499999999995
streaming/transition2,cea-14,legato,intact,0,0.0,10.819778284410283,1.3118752925,1.2652230253095489,1.9999999999999998e-05,0.37464499999999995
streaming/transition3,cea-14,legato,intact,0,0.0,10.819778284410283,1.3118752925,1.2652230253095489,1.9999999999999998e-05,0.37464499999999995
fixed/absolute,cea-14,legato,intact,0,0.0,10.819778284410283,1.3118752925,1.2652230253095489,1.9999999999999998e-05,0.37464499999999995
fixed/present,cea-14,legato,intact,0,0.0,10.819778284410283,1.3118752925,1.2652230253095489,1.9999999999999998e-05,0.37464499999999995
fixed/recency,cea-14,legato,intact,0,0.0,6.907755278982137,1.90245,0.38625940550147086,0.001,0.951
fixed/reference,cea-14,legato,intact,0,0.0,10.819778284410283,1.3118752925,1.2652230253095489,1.9999999999999998e-05,0.37464499999999995
fixed/transition1,cea-14,legato,intact,0,0.0,10.819778284410283,1.99800098,0.011582902361779817,2e-05,0.99902
fixed/transition2,cea-14,legato,intact,0,0.0,10.819778284410283,1.3118752925,1.2652230253095489,1.9999999999999998e-05,0.37464499999999995
fixed/transition3,cea-14,legato,intact,0,0.0,10.819778284410283,1.3118752925,1.2652230253095489,1.9999999999999998e-05,0.37464499999999995
oracle-boundary/absolute,cea-14,legato,intact,0,1.0,0.0009804805139616427,9.800000000392828e-07,0.011582902361780037,1.9999999999999998e-05,0.9990199999999998
oracle-boundary/present,cea-14,legato,intact,0,0.0,10.819778284410283,1.3118752925,1.2652230253095489,1.9999999999999998e-05,0.37464499999999995
oracle-boundary/recency,cea-14,legato,intact,0,0.0,6.907755278982137,1.90245,0.38625940550147086,0.001,0.951
oracle-boundary/reference,cea-14,legato,intact,0,1.0,0.0009804805139616427,9.800000000392828e-07,0.011582902361780037,1.9999999999999998e-05,0.9990199999999998
oracle-boundary/transition1,cea-14,legato,intact,0,1.0,0.69410764165507,0.50000048,0.7038282854721148,1.9999999999999998e-05,0.4995199999999999
oracle-boundary/transition2,cea-14,legato,intact,0,1.0,0.0009804805139616427,9.800000000392828e-07,0.011582902361780037,1.9999999999999998e-05,0.9990199999999998
oracle-boundary/transition3,cea-14,legato,intact,0,1.0,0.0009804805139616427,9.800000000392828e-07,0.011582902361780037,1.9999999999999998e-05,0.9990199999999998
map/absolute,cea-14,legato,intact,1,1.0,0.0009804805139614205,9.800000000392828e-07,0.011582902361779817,2e-05,0.99902
map/present,cea-14,legato,intact,1,0.0,10.819778284410283,1.3118752925,1.2652230253095489,1.9999999999999998e-05,0.37464499999999995
map/recency,cea-14,legato,intact,1,0.0,6.907755278982137,1.90245,0.38625940550147086,0.001,0.951
map/reference,cea-14,legato,intact,1,1.0,0.0009804805139614205,9.800000000392828e-07,0.011582902361779817,2e-05,0.99902
map/transition1,cea-14,legato,intact,1,1.0,0.5946105404437069,0.4009473176531606,0.6983513456360828,1.9999999999999998e-05,0.5517774190155906
map/transition2,cea-14,legato,intact,1,1.0,0.0009804805139614205,9.800000000392828e-07,0.011582902361779817,2e-05,0.99902
map/transition3,cea-14,legato,intact,1,1.0,0.0009804805139614205,9.800000000392828e-07,0.011582902361779817,2e-05,0.99902
mixture/absolute,cea-14,legato,intact,1,1.0,0.13457259672299768,0.03149615132057115,0.3868351697493673,0.12507063046063435,0.874089420545628
mixture/present,cea-14,legato,intact,1,0.0,10.953370400619319,1.2543888091881197,1.4837036695193073,0.12507063046063435,0.3277944695404664
mixture/recency,cea-14,legato,intact,1,0.0,7.041347395191173,1.7064926595508059,0.7096102183973705,0.12592807839174153,0.8320744719213752
mixture/reference,cea-14,legato,intact,1,1.0,0.13457259672299768,0.03149615132057115,0.3868351697493673,0.12507063046063435,0.874089420545628
mixture/transition1,cea-14,legato,intact,1,1.0,0.7282026566527431,0.4363033682458497,0.9877210685608611,0.12507063046063435,0.4827759248638664
mixture/transition2,cea-14,legato,intact,1,1.0,0.13457259672299768,0.03149615132057115,0.3868351697493673,0.12507063046063435,0.874089420545628
mixture/transition3,cea-14,legato,intact,1,1.0,0.13457259672299768,0.03149615132057115,0.3868351697493673,0.12507063046063435,0.874089420545628
repaired/absolute,cea-14,legato,intact,1,1.0,0.0009804805139614205,9.800000000392828e-07,0.011582902361779817,2e-05,0.99902
repaired/present,cea-14,legato,intact,1,0.0,10.819778284410283,1.3118752925,1.2652230253095489,1.9999999999999998e-05,0.37464499999999995
repaired/recency,cea-14,legato,intact,1,0.0,6.907755278982137,1.90245,0.38625940550147086,0.001,0.951
repaired/reference,cea-14,legato,intact,1,1.0,0.0009804805139614205,9.800000000392828e-07,0.011582902361779817,2e-05,0.99902
repaired/transition1,cea-14,legato,intact,1,0.0,0.6944987722643259,0.5003912350306179,0.7038282090838507,1.9999999999999998e-05,0.4997153393578441
repaired/transition2,cea-14,legato,intact,1,1.0,0.0009804805139614205,9.800000000392828e-07,0.011582902361779817,2e-05,0.99902
repaired/transition3,cea-14,legato,intact,1,1.0,0.0009804805139614205,9.800000000392828e-07,0.011582902361779817,2e-05,0.99902
streaming/absolute,cea-14,legato,intact,1,0.0,10.819778284410283,1.3118752925,1.2652230253095489,1.9999999999999998e-05,0.37464499999999995
streaming/present,cea-14,legato,intact,1,0.0,10.819778284410283,1.3118752925,1.2652230253095489,1.9999999999999998e-05,0.37464499999999995
streaming/recency,cea-14,legato,intact,1,0.0,6.907755278982137,1.90245,0.38625940550147086,0.001,0.951
streaming/reference,cea-14,legato,intact,1,0.0,10.819778284410283,1.3118752925,1.2652230253095489,1.9999999999999998e-05,0.37464499999999995
streaming/transition1,cea-14,legato,intact,1,0.0,10.819778284410283,1.3118752925,1.2652230253095489,1.9999999999999998e-05,0.37464499999999995
streaming/transition2,cea-14,legato,intact,1,0.0,10.819778284410283,1.3118752925,1.2652230253095489,1.9999999999999998e-05,0.37464499999999995
streaming/transition3,cea-14,legato,intact,1,0.0,10.819778284410283,1.3118752925,1.2652230253095489,1.9999999999999998e-05,0.37464499999999995
fixed/absolute,cea-14,legato,intact,1,0.0,10.819778284410283,1.3118752925,1.2652230253095489,1.9999999999999998e-05,0.37464499999999995
fixed/present,cea-14,legato,intact,1,0.0,10.819778284410283,1.3118752925,1.2652230253095489,1.9999999999999998e-05,0.37464499999999995
fixed/recency,cea-14,legato,intact,1,0.0,6.907755278982137,1.90245,0.38625940550147086,0.001,0.951
fixed/reference,cea-14,legato,intact,1,0.0,10.819778284410283,1.3118752925,1.2652230253095489,1.9999999999999998e-05,0.37464499999999995
fixed/transition1,cea-14,legato,intact,1,0.0,10.819778284410283,1.99800098,0.011582902361779817,2e-05,0.99902
fixed/transition2,cea-14,legato,intact,1,0.0,10.819778284410283,1.3118752925,1.2652230253095489,1.9999999999999998e-05,0.37464499999999995
fixed/transition3,cea-14,legato,intact,1,0.0,10.819778284410283,1.3118752925,1.2652230253095489,1.9999999999999998e-05,0.37464499999999995
oracle-boundary/absolute,cea-14,legato,intact,1,1.0,0.0009804805139614205,9.800000000392828e-07,0.011582902361779817,2e-05,0.99902
oracle-boundary/present,cea-14,legato,intact,1,0.0,10.819778284410283,1.3118752925,1.2652230253095489,1.9999999999999998e-05,0.37464499999999995
oracle-boundary/recency,cea-14,legato,intact,1,0.0,6.907755278982137,1.90245,0.38625940550147086,0.001,0.951
oracle-boundary/reference,cea-14,legato,intact,1,1.0,0.0009804805139614205,9.800000000392828e-07,0.011582902361779817,2e-05,0.99902
oracle-boundary/transition1,cea-14,legato,intact,1,0.0,0.69410764165507,0.50000048,0.7038282854721148,1.9999999999999998e-05,0.4995199999999999
oracle-boundary/transition2,cea-14,legato,intact,1,1.0,0.0009804805139614205,9.800000000392828e-07,0.011582902361779817,2e-05,0.99902
oracle-boundary/transition3,cea-14,legato,intact,1,1.0,0.0009804805139614205,9.800000000392828e-07,0.011582902361779817,2e-05,0.99902
map/absolute,cea-14,duration,intact,0,1.0,0.0009804805139616427,9.800000000392828e-07,0.011582902361780037,1.9999999999999998e-05,0.9990199999999998
map/present,cea-14,duration,intact,0,0.0,10.819778284410283,1.3118752925,1.2652230253095489,1.9999999999999998e-05,0.37464499999999995
map/recency,cea-14,duration,intact,0,0.0,6.907755278982137,1.90245,0.38625940550147086,0.001,0.951
map/reference,cea-14,duration,intact,0,1.0,0.0009804805139616427,9.800000000392828e-07,0.011582902361780037,1.9999999999999998e-05,0.9990199999999998
map/transition1,cea-14,duration,intact,0,0.0,0.8360534105154158,0.6409441666951645,0.6950551420722891,1.9999999999999998e-05,0.5656223258630741
map/transition2,cea-14,duration,intact,0,1.0,0.0009804805139616427,9.800000000392828e-07,0.011582902361780037,1.9999999999999998e-05,0.9990199999999998
map/transition3,cea-14,duration,intact,0,1.0,0.0009804805139616427,9.800000000392828e-07,0.011582902361780037,1.9999999999999998e-05,0.9990199999999998
mixture/absolute,cea-14,duration,intact,0,1.0,0.31767007391731894,0.14775879054989738,0.592969894995495,0.27145770224896115,0.7278428831569059
mixture/present,cea-14,duration,intact,0,0.0,11.13646787781364,1.2392232539921317,1.5063180176832114,0.27145770224896115,0.27295018814470084
mixture/recency,cea-14,duration,intact,0,0.0,7.224444872385495,1.5526974215341554,0.8610579641087514,0.2721716879804718,0.6928575823128842
mixture/reference,cea-14,duration,intact,0,1.0,0.31767007391731894,0.14775879054989738,0.592969894995495,0.27145770224896115,0.7278428831569059
mixture/transition1,cea-14,duration,intact,0,0.0,1.1527430039187732,0.7116773208331129,1.090918289931137,0.27145770224896115,0.412088030704185
mixture/transition2,cea-14,duration,intact,0,1.0,0.31767007391731894,0.14775879054989738,0.592969894995495,0.27145770224896115,0.7278428831569059
mixture/transition3,cea-14,duration,intact,0,1.0,0.31767007391731894,0.14775879054989738,0.592969894995495,0.27145770224896115,0.7278428831569059
repaired/absolute,cea-14,duration,intact,0,1.0,0.0009804805139616427,9.800000000392828e-07,0.011582902361780037,1.9999999999999998e-05,0.9990199999999998
repaired/present,cea-14,duration,intact,0,0.0,10.819778284410283,1.3118752925,1.2652230253095489,1.9999999999999998e-05,0.37464499999999995
repaired/recency,cea-14,duration,intact,0,0.0,6.907755278982137,1.90245,0.38625940550147086,0.001,0.951
repaired/reference,cea-14,duration,intact,0,1.0,0.0009804805139616427,9.800000000392828e-07,0.011582902361780037,1.9999999999999998e-05,0.9990199999999998
repaired/transition1,cea-14,duration,intact,0,0.0,0.7011088915173018,0.5069948716338293,0.7038039707825694,1.9999999999999998e-05,0.5030050502417271
repaired/transition2,cea-14,duration,intact,0,1.0,0.0009804805139616427,9.800000000392828e-07,0.011582902361780037,1.9999999999999998e-05,0.9990199999999998
repaired/transition3,cea-14,duration,intact,0,1.0,0.0009804805139616427,9.800000000392828e-07,0.011582902361780037,1.9999999999999998e-05,0.9990199999999998
streaming/absolute,cea-14,duration,intact,0,0.0,10.819778284410283,1.3118752925,1.2652230253095489,1.9999999999999998e-05,0.37464499999999995
streaming/present,cea-14,duration,intact,0,0.0,10.819778284410283,1.3118752925,1.2652230253095489,1.9999999999999998e-05,0.37464499999999995
streaming/recency,cea-14,duration,intact,0,0.0,6.907755278982137,1.90245,0.38625940550147086,0.001,0.951
streaming/reference,cea-14,duration,intact,0,0.0,10.819778284410283,1.3118752925,1.2652230253095489,1.9999999999999998e-05,0.37464499999999995
streaming/transition1,cea-14,duration,intact,0,0.0,10.819778284410283,1.3118752925,1.2652230253095489,1.9999999999999998e-05,0.37464499999999995
streaming/transition2,cea-14,duration,intact,0,0.0,10.819778284410283,1.3118752925,1.2652230253095489,1.9999999999999998e-05,0.37464499999999995
streaming/transition3,cea-14,duration,intact,0,0.0,10.819778284410283,1.3118752925,1.2652230253095489,1.9999999999999998e-05,0.37464499999999995
fixed/absolute,cea-14,duration,intact,0,0.0,10.819778284410283,1.3118752925,1.2652230253095489,1.9999999999999998e-05,0.37464499999999995
fixed/present,cea-14,duration,intact,0,0.0,10.819778284410283,1.3118752925,1.2652230253095489,1.9999999999999998e-05,0.37464499999999995
fixed/recency,cea-14,duration,intact,0,0.0,6.907755278982137,1.2819812499999999,1.5615080942797084,0.001,0.35724999999999996
fixed/reference,cea-14,duration,intact,0,0.0,10.819778284410283,1.3118752925,1.2652230253095489,1.9999999999999998e-05,0.37464499999999995
fixed/transition1,cea-14,duration,intact,0,0.0,10.819778284410283,1.3118752925,1.2652230253095489,1.9999999999999998e-05,0.37464499999999995
fixed/transition2,cea-14,duration,intact,0,0.0,10.819778284410283,1.3118752925,1.2652230253095489,1.9999999999999998e-05,0.37464499999999995
fixed/transition3,cea-14,duration,intact,0,0.0,10.819778284410283,1.3118752925,1.2652230253095489,1.9999999999999998e-05,0.37464499999999995
oracle-boundary/absolute,cea-14,duration,intact,0,1.0,0.0009804805139616427,9.800000000392828e-07,0.011582902361780037,1.9999999999999998e-05,0.9990199999999998
oracle-boundary/present,cea-14,duration,intact,0,0.0,10.819778284410283,1.3118752925,1.2652230253095489,1.9999999999999998e-05,0.37464499999999995
oracle-boundary/recency,cea-14,duration,intact,0,0.0,6.907755278982137,1.90245,0.38625940550147086,0.001,0.951
oracle-boundary/reference,cea-14,duration,intact,0,1.0,0.0009804805139616427,9.800000000392828e-07,0.011582902361780037,1.9999999999999998e-05,0.9990199999999998
oracle-boundary/transition1,cea-14,duration,intact,0,1.0,0.69410764165507,0.50000048,0.7038282854721148,1.9999999999999998e-05,0.4995199999999999
oracle-boundary/transition2,cea-14,duration,intact,0,1.0,0.0009804805139616427,9.800000000392828e-07,0.011582902361780037,1.9999999999999998e-05,0.9990199999999998
oracle-boundary/transition3,cea-14,duration,intact,0,1.0,0.0009804805139616427,9.800000000392828e-07,0.011582902361780037,1.9999999999999998e-05,0.9990199999999998
map/absolute,cea-14,duration,intact,1,1.0,0.0009804805139614205,9.800000000392828e-07,0.011582902361779817,2e-05,0.99902
map/present,cea-14,duration,intact,1,0.0,10.819778284410283,1.3118752925,1.2652230253095489,1.9999999999999998e-05,0.37464499999999995
map/recency,cea-14,duration,intact,1,0.0,6.907755278982137,1.90245,0.38625940550147086,0.001,0.951
map/reference,cea-14,duration,intact,1,1.0,0.0009804805139614205,9.800000000392828e-07,0.011582902361779817,2e-05,0.99902
map/transition1,cea-14,duration,intact,1,1.0,0.6358859421503303,0.44190162218986395,0.7020319348191161,2e-05,0.5294662040415672
map/transition2,cea-14,duration,intact,1,1.0,0.0009804805139614205,9.800000000392828e-07,0.011582902361779817,2e-05,0.99902
map/transition3,cea-14,duration,intact,1,1.0,0.0009804805139614205,9.800000000392828e-07,0.011582902361779817,2e-05,0.99902
mixture/absolute,cea-14,duration,intact,1,1.0,0.3176700739173188,0.14775879054989716,0.592969894995495,0.27145770224896115,0.727842883156906
mixture/present,cea-14,duration,intact,1,0.0,11.13646787781364,1.2392232539921317,1.5063180176832114,0.27145770224896115,0.27295018814470084
mixture/recency,cea-14,duration,intact,1,0.0,7.224444872385495,1.5526974215341554,0.8610579641087514,0.2721716879804718,0.6928575823128842
mixture/reference,cea-14,duration,intact,1,1.0,0.3176700739173188,0.14775879054989716,0.592969894995495,0.27145770224896115,0.727842883156906
mixture/transition1,cea-14,duration,intact,1,1.0,0.9525755355536877,0.5680370590941988,1.0960012802096488,0.27145770224896115,0.38574623979875977
mixture/transition2,cea-14,duration,intact,1,1.0,0.3176700739173188,0.14775879054989716,0.592969894995495,0.27145770224896115,0.727842883156906
mixture/transition3,cea-14,duration,intact,1,1.0,0.3176700739173188,0.14775879054989716,0.592969894995495,0.27145770224896115,0.727842883156906
repaired/absolute,cea-14,duration,intact,1,1.0,0.0009804805139614205,9.800000000392828e-07,0.011582902361779817,2e-05,0.99902
repaired/present,cea-14,duration,intact,1,0.0,10.819778284410283,1.3118752925,1.2652230253095489,1.9999999999999998e-05,0.37464499999999995
repaired/recency,cea-14,duration,intact,1,0.0,6.907755278982137,1.90245,0.38625940550147086,0.001,0.951
repaired/reference,cea-14,duration,intact,1,1.0,0.0009804805139614205,9.800000000392828e-07,0.011582902361779817,2e-05,0.99902
repaired/transition1,cea-14,duration,intact,1,0.0,0.7001988671485317,0.5060857653134954,0.7038098641472238,1.9999999999999998e-05,0.5025534408930957
repaired/transition2,cea-14,duration,intact,1,1.0,0.0009804805139614205,9.800000000392828e-07,0.011582902361779817,2e-05,0.99902
repaired/transition3,cea-14,duration,intact,1,1.0,0.0009804805139614205,9.800000000392828e-07,0.011582902361779817,2e-05,0.99902
streaming/absolute,cea-14,duration,intact,1,0.0,10.819778284410283,1.3118752925,1.2652230253095489,1.9999999999999998e-05,0.37464499999999995
streaming/present,cea-14,duration,intact,1,0.0,10.819778284410283,1.3118752925,1.2652230253095489,1.9999999999999998e-05,0.37464499999999995
streaming/recency,cea-14,duration,intact,1,0.0,6.907755278982137,1.90245,0.38625940550147086,0.001,0.951
streaming/reference,cea-14,duration,intact,1,0.0,10.819778284410283,1.3118752925,1.2652230253095489,1.9999999999999998e-05,0.37464499999999995
streaming/transition1,cea-14,duration,intact,1,0.0,10.819778284410283,1.3118752925,1.2652230253095489,1.9999999999999998e-05,0.37464499999999995
streaming/transition2,cea-14,duration,intact,1,0.0,10.819778284410283,1.3118752925,1.2652230253095489,1.9999999999999998e-05,0.37464499999999995
streaming/transition3,cea-14,duration,intact,1,0.0,10.819778284410283,1.3118752925,1.2652230253095489,1.9999999999999998e-05,0.37464499999999995
fixed/absolute,cea-14,duration,intact,1,0.0,10.819778284410283,1.3118752925,1.2652230253095489,1.9999999999999998e-05,0.37464499999999995
fixed/present,cea-14,duration,intact,1,0.0,10.819778284410283,1.3118752925,1.2652230253095489,1.9999999999999998e-05,0.37464499999999995
fixed/recency,cea-14,duration,intact,1,0.0,6.907755278982137,1.2819812499999999,1.5615080942797084,0.001,0.35724999999999996
fixed/reference,cea-14,duration,intact,1,0.0,10.819778284410283,1.3118752925,1.2652230253095489,1.9999999999999998e-05,0.37464499999999995
fixed/transition1,cea-14,duration,intact,1,0.0,10.819778284410283,1.3118752925,1.2652230253095489,1.9999999999999998e-05,0.37464499999999995
fixed/transition2,cea-14,duration,intact,1,0.0,10.819778284410283,1.3118752925,1.2652230253095489,1.9999999999999998e-05,0.37464499999999995
fixed/transition3,cea-14,duration,intact,1,0.0,10.819778284410283,1.3118752925,1.2652230253095489,1.9999999999999998e-05,0.37464499999999995
oracle-boundary/absolute,cea-14,duration,intact,1,1.0,0.0009804805139614205,9.800000000392828e-07,0.011582902361779817,2e-05,0.99902
oracle-boundary/present,cea-14,duration,intact,1,0.0,10.819778284410283,1.3118752925,1.2652230253095489,1.9999999999999998e-05,0.37464499999999995
oracle-boundary/recency,cea-14,duration,intact,1,0.0,6.907755278982137,1.90245,0.38625940550147086,0.001,0.951
oracle-boundary/reference,cea-14,duration,intact,1,1.0,0.0009804805139614205,9.800000000392828e-07,0.011582902361779817,2e-05,0.99902
oracle-boundary/transition1,cea-14,duration,intact,1,0.0,0.69410764165507,0.50000048,0.7038282854721148,1.9999999999999998e-05,0.4995199999999999
oracle-boundary/transition2,cea-14,duration,intact,1,1.0,0.0009804805139614205,9.800000000392828e-07,0.011582902361779817,2e-05,0.99902
oracle-boundary/transition3,cea-14,duration,intact,1,1.0,0.0009804805139614205,9.800000000392828e-07,0.011582902361779817,2e-05,0.99902
map/absolute,cea-14,joint,intact,0,1.0,0.0009804805139616427,9.800000000392828e-07,0.011582902361780037,1.9999999999999998e-05,0.9990199999999998
map/present,cea-14,joint,intact,0,0.0,10.819778284410283,1.3118752925,1.2652230253095489,1.9999999999999998e-05,0.37464499999999995
map/recency,cea-14,joint,intact,0,0.0,6.907755278982137,1.90245,0.38625940550147086,0.001,0.951
map/reference,cea-14,joint,intact,0,1.0,0.0009804805139616427,9.800000000392828e-07,0.011582902361780037,1.9999999999999998e-05,0.9990199999999998
map/transition1,cea-14,joint,intact,0,0.0,0.8374186354407768,0.642283831328347,0.6948970085146585,1.9999999999999998e-05,0.5662136347482415
map/transition2,cea-14,joint,intact,0,1.0,0.0009804805139616427,9.800000000392828e-07,0.011582902361780037,1.9999999999999998e-05,0.9990199999999998
map/transition3,cea-14,joint,intact,0,1.0,0.0009804805139616427,9.800000000392828e-07,0.011582902361780037,1.9999999999999998e-05,0.9990199999999998
mixture/absolute,cea-14,joint,intact,0,1.0,0.19983347047059669,0.06533382074286442,0.4812181473090302,0.18034600915293006,0.8188671072781852
mixture/present,cea-14,joint,intact,0,0.0,11.018631274366918,1.242055160504583,1.5087898286028065,0.18034600915293006,0.3070854111091227
mixture/recency,cea-14,joint,intact,0,0.0,7.106608268938772,1.6388384111268515,0.7832557893945069,0.18114928612949974,0.779506535426272
mixture/reference,cea-14,joint,intact,0,1.0,0.19983347047059669,0.06533382074286442,0.4812181473090302,0.18034600915293006,0.8188671072781852
mixture/transition1,cea-14,joint,intact,0,0.0,1.0362716253974118,0.6642368006900252,1.0413104832660547,0.18034600915293006,0.4641085475643726
mixture/transition2,cea-14,joint,intact,0,1.0,0.19983347047059669,0.06533382074286442,0.4812181473090302,0.18034600915293006,0.8188671072781852
mixture/transition3,cea-14,joint,intact,0,1.0,0.19983347047059669,0.06533382074286442,0.4812181473090302,0.18034600915293006,0.8188671072781852
repaired/absolute,cea-14,joint,intact,0,1.0,0.0009804805139616427,9.800000000392828e-07,0.011582902361780037,1.9999999999999998e-05,0.9990199999999998
repaired/present,cea-14,joint,intact,0,0.0,10.819778284410283,1.3118752925,1.2652230253095489,1.9999999999999998e-05,0.37464499999999995
repaired/recency,cea-14,joint,intact,0,0.0,6.907755278982137,1.90245,0.38625940550147086,0.001,0.951
repaired/reference,cea-14,joint,intact,0,1.0,0.0009804805139616427,9.800000000392828e-07,0.011582902361780037,1.9999999999999998e-05,0.9990199999999998
repaired/transition1,cea-14,joint,intact,0,1.0,0.6871550686907985,0.4930546706669203,0.7038039707825694,1.9999999999999998e-05,0.5030050502417271
repaired/transition2,cea-14,joint,intact,0,1.0,0.0009804805139616427,9.800000000392828e-07,0.011582902361780037,1.9999999999999998e-05,0.9990199999999998
repaired/transition3,cea-14,joint,intact,0,1.0,0.0009804805139616427,9.800000000392828e-07,0.011582902361780037,1.9999999999999998e-05,0.9990199999999998
streaming/absolute,cea-14,joint,intact,0,0.0,10.819778284410283,1.3118752925,1.2652230253095489,1.9999999999999998e-05,0.37464499999999995
streaming/present,cea-14,joint,intact,0,0.0,10.819778284410283,1.3118752925,1.2652230253095489,1.9999999999999998e-05,0.37464499999999995
streaming/recency,cea-14,joint,intact,0,0.0,6.907755278982137,1.90245,0.38625940550147086,0.001,0.951
streaming/reference,cea-14,joint,intact,0,0.0,10.819778284410283,1.3118752925,1.2652230253095489,1.9999999999999998e-05,0.37464499999999995
streaming/transition1,cea-14,joint,intact,0,0.0,10.819778284410283,1.3118752925,1.2652230253095489,1.9999999999999998e-05,0.37464499999999995
streaming/transition2,cea-14,joint,intact,0,0.0,10.819778284410283,1.3118752925,1.2652230253095489,1.9999999999999998e-05,0.37464499999999995
streaming/transition3,cea-14,joint,intact,0,0.0,10.819778284410283,1.3118752925,1.2652230253095489,1.9999999999999998e-05,0.37464499999999995
fixed/absolute,cea-14,joint,intact,0,0.0,10.819778284410283,1.3118752925,1.2652230253095489,1.9999999999999998e-05,0.37464499999999995
fixed/present,cea-14,joint,intact,0,0.0,10.819778284410283,1.3118752925,1.2652230253095489,1.9999999999999998e-05,0.37464499999999995
fixed/recency,cea-14,joint,intact,0,0.0,6.907755278982137,1.2819812499999999,1.5615080942797084,0.001,0.35724999999999996
fixed/reference,cea-14,joint,intact,0,0.0,10.819778284410283,1.3118752925,1.2652230253095489,1.9999999999999998e-05,0.37464499999999995
fixed/transition1,cea-14,joint,intact,0,0.0,10.819778284410283,1.3118752925,1.2652230253095489,1.9999999999999998e-05,0.37464499999999995
fixed/transition2,cea-14,joint,intact,0,0.0,10.819778284410283,1.3118752925,1.2652230253095489,1.9999999999999998e-05,0.37464499999999995
fixed/transition3,cea-14,joint,intact,0,0.0,10.819778284410283,1.3118752925,1.2652230253095489,1.9999999999999998e-05,0.37464499999999995
oracle-boundary/absolute,cea-14,joint,intact,0,1.0,0.0009804805139616427,9.800000000392828e-07,0.011582902361780037,1.9999999999999998e-05,0.9990199999999998
oracle-boundary/present,cea-14,joint,intact,0,0.0,10.819778284410283,1.3118752925,1.2652230253095489,1.9999999999999998e-05,0.37464499999999995
oracle-boundary/recency,cea-14,joint,intact,0,0.0,6.907755278982137,1.90245,0.38625940550147086,0.001,0.951
oracle-boundary/reference,cea-14,joint,intact,0,1.0,0.0009804805139616427,9.800000000392828e-07,0.011582902361780037,1.9999999999999998e-05,0.9990199999999998
oracle-boundary/transition1,cea-14,joint,intact,0,1.0,0.69410764165507,0.50000048,0.7038282854721148,1.9999999999999998e-05,0.4995199999999999
oracle-boundary/transition2,cea-14,joint,intact,0,1.0,0.0009804805139616427,9.800000000392828e-07,0.011582902361780037,1.9999999999999998e-05,0.9990199999999998
oracle-boundary/transition3,cea-14,joint,intact,0,1.0,0.0009804805139616427,9.800000000392828e-07,0.011582902361780037,1.9999999999999998e-05,0.9990199999999998
map/absolute,cea-14,joint,intact,1,1.0,0.0009804805139614205,9.800000000392828e-07,0.011582902361779817,2e-05,0.99902
map/present,cea-14,joint,intact,1,0.0,10.819778284410283,1.3118752925,1.2652230253095489,1.9999999999999998e-05,0.37464499999999995
map/recency,cea-14,joint,intact,1,0.0,6.907755278982137,1.90245,0.38625940550147086,0.001,0.951
map/reference,cea-14,joint,intact,1,1.0,0.0009804805139614205,9.800000000392828e-07,0.011582902361779817,2e-05,0.99902
map/transition1,cea-14,joint,intact,1,1.0,0.6316392212737143,0.4376751323600838,0.7017512399997603,2e-05,0.5317194803550963
map/transition2,cea-14,joint,intact,1,1.0,0.0009804805139614205,9.800000000392828e-07,0.011582902361779817,2e-05,0.99902
map/transition3,cea-14,joint,intact,1,1.0,0.0009804805139614205,9.800000000392828e-07,0.011582902361779817,2e-05,0.99902
mixture/absolute,cea-14,joint,intact,1,1.0,0.1998334704705964,0.0653338207428642,0.48121814730903,0.18034600915293006,0.8188671072781855
mixture/present,cea-14,joint,intact,1,0.0,11.018631274366918,1.242055160504583,1.5087898286028065,0.18034600915293006,0.3070854111091227
mixture/recency,cea-14,joint,intact,1,0.0,7.106608268938772,1.6388384111268515,0.7832557893945069,0.18114928612949974,0.779506535426272
mixture/reference,cea-14,joint,intact,1,1.0,0.1998334704705964,0.0653338207428642,0.48121814730903,0.18034600915293006,0.8188671072781855
mixture/transition1,cea-14,joint,intact,1,1.0,0.8304922112303494,0.4975335446604163,1.046928693821219,0.18034600915293006,0.43583471077840047
mixture/transition2,cea-14,joint,intact,1,1.0,0.1998334704705964,0.0653338207428642,0.48121814730903,0.18034600915293006,0.8188671072781855
mixture/transition3,cea-14,joint,intact,1,1.0,0.1998334704705964,0.0653338207428642,0.48121814730903,0.18034600915293006,0.8188671072781855
repaired/absolute,cea-14,joint,intact,1,1.0,0.0009804805139614205,9.800000000392828e-07,0.011582902361779817,2e-05,0.99902
repaired/present,cea-14,joint,intact,1,0.0,10.819778284410283,1.3118752925,1.2652230253095489,1.9999999999999998e-05,0.37464499999999995
repaired/recency,cea-14,joint,intact,1,0.0,6.907755278982137,1.90245,0.38625940550147086,0.001,0.951
repaired/reference,cea-14,joint,intact,1,1.0,0.0009804805139614205,9.800000000392828e-07,0.011582902361779817,2e-05,0.99902
repaired/transition1,cea-14,joint,intact,1,1.0,0.6877488829763749,0.49364789224650796,0.7038079589278209,2e-05,0.5027064473232902
repaired/transition2,cea-14,joint,intact,1,1.0,0.0009804805139614205,9.800000000392828e-07,0.011582902361779817,2e-05,0.99902
repaired/transition3,cea-14,joint,intact,1,1.0,0.0009804805139614205,9.800000000392828e-07,0.011582902361779817,2e-05,0.99902
streaming/absolute,cea-14,joint,intact,1,0.0,10.819778284410283,1.3118752925,1.2652230253095489,1.9999999999999998e-05,0.37464499999999995
streaming/present,cea-14,joint,intact,1,0.0,10.819778284410283,1.3118752925,1.2652230253095489,1.9999999999999998e-05,0.37464499999999995
streaming/recency,cea-14,joint,intact,1,0.0,6.907755278982137,1.90245,0.38625940550147086,0.001,0.951
streaming/reference,cea-14,joint,intact,1,0.0,10.819778284410283,1.3118752925,1.2652230253095489,1.9999999999999998e-05,0.37464499999999995
streaming/transition1,cea-14,joint,intact,1,0.0,10.819778284410283,1.3118752925,1.2652230253095489,1.9999999999999998e-05,0.37464499999999995
streaming/transition2,cea-14,joint,intact,1,0.0,10.819778284410283,1.3118752925,1.2652230253095489,1.9999999999999998e-05,0.37464499999999995
streaming/transition3,cea-14,joint,intact,1,0.0,10.819778284410283,1.3118752925,1.2652230253095489,1.9999999999999998e-05,0.37464499999999995
fixed/absolute,cea-14,joint,intact,1,0.0,10.819778284410283,1.3118752925,1.2652230253095489,1.9999999999999998e-05,0.37464499999999995
fixed/present,cea-14,joint,intact,1,0.0,10.819778284410283,1.3118752925,1.2652230253095489,1.9999999999999998e-05,0.37464499999999995
fixed/recency,cea-14,joint,intact,1,0.0,6.907755278982137,1.2819812499999999,1.5615080942797084,0.001,0.35724999999999996
fixed/reference,cea-14,joint,intact,1,0.0,10.819778284410283,1.3118752925,1.2652230253095489,1.9999999999999998e-05,0.37464499999999995
fixed/transition1,cea-14,joint,intact,1,0.0,10.819778284410283,1.3118752925,1.2652230253095489,1.9999999999999998e-05,0.37464499999999995
fixed/transition2,cea-14,joint,intact,1,0.0,10.819778284410283,1.3118752925,1.2652230253095489,1.9999999999999998e-05,0.37464499999999995
fixed/transition3,cea-14,joint,intact,1,0.0,10.819778284410283,1.3118752925,1.2652230253095489,1.9999999999999998e-05,0.37464499999999995
oracle-boundary/absolute,cea-14,joint,intact,1,1.0,0.0009804805139614205,9.800000000392828e-07,0.011582902361779817,2e-05,0.99902
oracle-boundary/present,cea-14,joint,intact,1,0.0,10.819778284410283,1.3118752925,1.2652230253095489,1.9999999999999998e-05,0.37464499999999995
oracle-boundary/recency,cea-14,joint,intact,1,0.0,6.907755278982137,1.90245,0.38625940550147086,0.001,0.951
oracle-boundary/reference,cea-14,joint,intact,1,1.0,0.0009804805139614205,9.800000000392828e-07,0.011582902361779817,2e-05,0.99902
oracle-boundary/transition1,cea-14,joint,intact,1,0.0,0.69410764165507,0.50000048,0.7038282854721148,1.9999999999999998e-05,0.4995199999999999
oracle-boundary/transition2,cea-14,joint,intact,1,1.0,0.0009804805139614205,9.800000000392828e-07,0.011582902361779817,2e-05,0.99902
oracle-boundary/transition3,cea-14,joint,intact,1,1.0,0.0009804805139614205,9.800000000392828e-07,0.011582902361779817,2e-05,0.99902
map/absolute,cea-14,joint,reset,0,0.0,10.819778284410283,1.3118752925,1.2652230253095489,1.9999999999999998e-05,0.37464499999999995
map/present,cea-14,joint,reset,0,0.0,10.819778284410283,1.3118752925,1.2652230253095489,1.9999999999999998e-05,0.37464499999999995
map/recency,cea-14,joint,reset,0,0.0,6.907755278982137,1.2819812499999999,1.5615080942797084,0.001,0.35724999999999996
map/reference,cea-14,joint,reset,0,0.0,10.819778284410283,1.3118752925,1.2652230253095489,1.9999999999999998e-05,0.37464499999999995
map/transition1,cea-14,joint,reset,0,0.0,10.819778284410283,1.3118752925,1.2652230253095489,1.9999999999999998e-05,0.37464499999999995
map/transition2,cea-14,joint,reset,0,0.0,10.819778284410283,1.3118752925,1.2652230253095489,1.9999999999999998e-05,0.37464499999999995
map/transition3,cea-14,joint,reset,0,0.0,10.819778284410283,1.3118752925,1.2652230253095489,1.9999999999999998e-05,0.37464499999999995
mixture/absolute,cea-14,joint,reset,0,0.0,10.819778284410283,1.3118752925,1.2652230253095489,1.9999999999999998e-05,0.37464499999999995
mixture/present,cea-14,joint,reset,0,0.0,10.819778284410283,1.3118752925,1.2652230253095489,1.9999999999999998e-05,0.37464499999999995
mixture/recency,cea-14,joint,reset,0,0.0,6.907755278982137,1.2819812499999999,1.5615080942797084,0.001,0.35724999999999996
mixture/reference,cea-14,joint,reset,0,0.0,10.819778284410283,1.3118752925,1.2652230253095489,1.9999999999999998e-05,0.37464499999999995
mixture/transition1,cea-14,joint,reset,0,0.0,10.819778284410283,1.3118752925,1.2652230253095489,1.9999999999999998e-05,0.37464499999999995
mixture/transition2,cea-14,joint,reset,0,0.0,10.819778284410283,1.3118752925,1.2652230253095489,1.9999999999999998e-05,0.37464499999999995
mixture/transition3,cea-14,joint,reset,0,0.0,10.819778284410283,1.3118752925,1.2652230253095489,1.9999999999999998e-05,0.37464499999999995
repaired/absolute,cea-14,joint,reset,0,0.0,10.819778284410283,1.3118752925,1.2652230253095489,1.9999999999999998e-05,0.37464499999999995
repaired/present,cea-14,joint,reset,0,0.0,10.819778284410283,1.3118752925,1.2652230253095489,1.9999999999999998e-05,0.37464499999999995
repaired/recency,cea-14,joint,reset,0,0.0,6.907755278982137,1.2819812499999999,1.5615080942797084,0.001,0.35724999999999996
repaired/reference,cea-14,joint,reset,0,0.0,10.819778284410283,1.3118752925,1.2652230253095489,1.9999999999999998e-05,0.37464499999999995
repaired/transition1,cea-14,joint,reset,0,0.0,10.819778284410283,1.3118752925,1.2652230253095489,1.9999999999999998e-05,0.37464499999999995
repaired/transition2,cea-14,joint,reset,0,0.0,10.819778284410283,1.3118752925,1.2652230253095489,1.9999999999999998e-05,0.37464499999999995
repaired/transition3,cea-14,joint,reset,0,0.0,10.819778284410283,1.3118752925,1.2652230253095489,1.9999999999999998e-05,0.37464499999999995
streaming/absolute,cea-14,joint,reset,0,0.0,10.819778284410283,1.3118752925,1.2652230253095489,1.9999999999999998e-05,0.37464499999999995
streaming/present,cea-14,joint,reset,0,0.0,10.819778284410283,1.3118752925,1.2652230253095489,1.9999999999999998e-05,0.37464499999999995
streaming/recency,cea-14,joint,reset,0,0.0,6.907755278982137,1.2819812499999999,1.5615080942797084,0.001,0.35724999999999996
streaming/reference,cea-14,joint,reset,0,0.0,10.819778284410283,1.3118752925,1.2652230253095489,1.9999999999999998e-05,0.37464499999999995
streaming/transition1,cea-14,joint,reset,0,0.0,10.819778284410283,1.3118752925,1.2652230253095489,1.9999999999999998e-05,0.37464499999999995
streaming/transition2,cea-14,joint,reset,0,0.0,10.819778284410283,1.3118752925,1.2652230253095489,1.9999999999999998e-05,0.37464499999999995
streaming/transition3,cea-14,joint,reset,0,0.0,10.819778284410283,1.3118752925,1.2652230253095489,1.9999999999999998e-05,0.37464499999999995
fixed/absolute,cea-14,joint,reset,0,0.0,10.819778284410283,1.3118752925,1.2652230253095489,1.9999999999999998e-05,0.37464499999999995
fixed/present,cea-14,joint,reset,0,0.0,10.819778284410283,1.3118752925,1.2652230253095489,1.9999999999999998e-05,0.37464499999999995
fixed/recency,cea-14,joint,reset,0,0.0,6.907755278982137,1.2819812499999999,1.5615080942797084,0.001,0.35724999999999996
fixed/reference,cea-14,joint,reset,0,0.0,10.819778284410283,1.3118752925,1.2652230253095489,1.9999999999999998e-05,0.37464499999999995
fixed/transition1,cea-14,joint,reset,0,0.0,10.819778284410283,1.3118752925,1.2652230253095489,1.9999999999999998e-05,0.37464499999999995
fixed/transition2,cea-14,joint,reset,0,0.0,10.819778284410283,1.3118752925,1.2652230253095489,1.9999999999999998e-05,0.37464499999999995
fixed/transition3,cea-14,joint,reset,0,0.0,10.819778284410283,1.3118752925,1.2652230253095489,1.9999999999999998e-05,0.37464499999999995
oracle-boundary/absolute,cea-14,joint,reset,0,0.0,10.819778284410283,1.3118752925,1.2652230253095489,1.9999999999999998e-05,0.37464499999999995
oracle-boundary/present,cea-14,joint,reset,0,0.0,10.819778284410283,1.3118752925,1.2652230253095489,1.9999999999999998e-05,0.37464499999999995
oracle-boundary/recency,cea-14,joint,reset,0,0.0,6.907755278982137,1.2819812499999999,1.5615080942797084,0.001,0.35724999999999996
oracle-boundary/reference,cea-14,joint,reset,0,0.0,10.819778284410283,1.3118752925,1.2652230253095489,1.9999999999999998e-05,0.37464499999999995
oracle-boundary/transition1,cea-14,joint,reset,0,0.0,10.819778284410283,1.3118752925,1.2652230253095489,1.9999999999999998e-05,0.37464499999999995
oracle-boundary/transition2,cea-14,joint,reset,0,0.0,10.819778284410283,1.3118752925,1.2652230253095489,1.9999999999999998e-05,0.37464499999999995
oracle-boundary/transition3,cea-14,joint,reset,0,0.0,10.819778284410283,1.3118752925,1.2652230253095489,1.9999999999999998e-05,0.37464499999999995
map/absolute,cea-14,joint,reset,1,0.0,10.819778284410283,1.3118752925,1.2652230253095489,1.9999999999999998e-05,0.37464499999999995
map/present,cea-14,joint,reset,1,0.0,10.819778284410283,1.3118752925,1.2652230253095489,1.9999999999999998e-05,0.37464499999999995
map/recency,cea-14,joint,reset,1,0.0,6.907755278982137,1.2819812499999999,1.5615080942797084,0.001,0.35724999999999996
map/reference,cea-14,joint,reset,1,0.0,10.819778284410283,1.3118752925,1.2652230253095489,1.9999999999999998e-05,0.37464499999999995
map/transition1,cea-14,joint,reset,1,0.0,10.819778284410283,1.3118752925,1.2652230253095489,1.9999999999999998e-05,0.37464499999999995
map/transition2,cea-14,joint,reset,1,0.0,10.819778284410283,1.3118752925,1.2652230253095489,1.9999999999999998e-05,0.37464499999999995
map/transition3,cea-14,joint,reset,1,0.0,10.819778284410283,1.3118752925,1.2652230253095489,1.9999999999999998e-05,0.37464499999999995
mixture/absolute,cea-14,joint,reset,1,0.0,10.819778284410283,1.3118752925,1.2652230253095489,1.9999999999999998e-05,0.37464499999999995
mixture/present,cea-14,joint,reset,1,0.0,10.819778284410283,1.3118752925,1.2652230253095489,1.9999999999999998e-05,0.37464499999999995
mixture/recency,cea-14,joint,reset,1,0.0,6.907755278982137,1.2819812499999999,1.5615080942797084,0.001,0.35724999999999996
mixture/reference,cea-14,joint,reset,1,0.0,10.819778284410283,1.3118752925,1.2652230253095489,1.9999999999999998e-05,0.37464499999999995
mixture/transition1,cea-14,joint,reset,1,0.0,10.819778284410283,1.3118752925,1.2652230253095489,1.9999999999999998e-05,0.37464499999999995
mixture/transition2,cea-14,joint,reset,1,0.0,10.819778284410283,1.3118752925,1.2652230253095489,1.9999999999999998e-05,0.37464499999999995
mixture/transition3,cea-14,joint,reset,1,0.0,10.819778284410283,1.3118752925,1.2652230253095489,1.9999999999999998e-05,0.37464499999999995
repaired/absolute,cea-14,joint,reset,1,0.0,10.819778284410283,1.3118752925,1.2652230253095489,1.9999999999999998e-05,0.37464499999999995
repaired/present,cea-14,joint,reset,1,0.0,10.819778284410283,1.3118752925,1.2652230253095489,1.9999999999999998e-05,0.37464499999999995
repaired/recency,cea-14,joint,reset,1,0.0,6.907755278982137,1.2819812499999999,1.5615080942797084,0.001,0.35724999999999996
repaired/reference,cea-14,joint,reset,1,0.0,10.819778284410283,1.3118752925,1.2652230253095489,1.9999999999999998e-05,0.37464499999999995
repaired/transition1,cea-14,joint,reset,1,0.0,10.819778284410283,1.3118752925,1.2652230253095489,1.9999999999999998e-05,0.37464499999999995
repaired/transition2,cea-14,joint,reset,1,0.0,10.819778284410283,1.3118752925,1.2652230253095489,1.9999999999999998e-05,0.37464499999999995
repaired/transition3,cea-14,joint,reset,1,0.0,10.819778284410283,1.3118752925,1.2652230253095489,1.9999999999999998e-05,0.37464499999999995
streaming/absolute,cea-14,joint,reset,1,0.0,10.819778284410283,1.3118752925,1.2652230253095489,1.9999999999999998e-05,0.37464499999999995
streaming/present,cea-14,joint,reset,1,0.0,10.819778284410283,1.3118752925,1.2652230253095489,1.9999999999999998e-05,0.37464499999999995
streaming/recency,cea-14,joint,reset,1,0.0,6.907755278982137,1.2819812499999999,1.5615080942797084,0.001,0.35724999999999996
streaming/reference,cea-14,joint,reset,1,0.0,10.819778284410283,1.3118752925,1.2652230253095489,1.9999999999999998e-05,0.37464499999999995
streaming/transition1,cea-14,joint,reset,1,0.0,10.819778284410283,1.3118752925,1.2652230253095489,1.9999999999999998e-05,0.37464499999999995
streaming/transition2,cea-14,joint,reset,1,0.0,10.819778284410283,1.3118752925,1.2652230253095489,1.9999999999999998e-05,0.37464499999999995
streaming/transition3,cea-14,joint,reset,1,0.0,10.819778284410283,1.3118752925,1.2652230253095489,1.9999999999999998e-05,0.37464499999999995
fixed/absolute,cea-14,joint,reset,1,0.0,10.819778284410283,1.3118752925,1.2652230253095489,1.9999999999999998e-05,0.37464499999999995
fixed/present,cea-14,joint,reset,1,0.0,10.819778284410283,1.3118752925,1.2652230253095489,1.9999999999999998e-05,0.37464499999999995
fixed/recency,cea-14,joint,reset,1,0.0,6.907755278982137,1.2819812499999999,1.5615080942797084,0.001,0.35724999999999996
fixed/reference,cea-14,joint,reset,1,0.0,10.819778284410283,1.3118752925,1.2652230253095489,1.9999999999999998e-05,0.37464499999999995
fixed/transition1,cea-14,joint,reset,1,0.0,10.819778284410283,1.3118752925,1.2652230253095489,1.9999999999999998e-05,0.37464499999999995
fixed/transition2,cea-14,joint,reset,1,0.0,10.819778284410283,1.3118752925,1.2652230253095489,1.9999999999999998e-05,0.37464499999999995
fixed/transition3,cea-14,joint,reset,1,0.0,10.819778284410283,1.3118752925,1.2652230253095489,1.9999999999999998e-05,0.37464499999999995
oracle-boundary/absolute,cea-14,joint,reset,1,0.0,10.819778284410283,1.3118752925,1.2652230253095489,1.9999999999999998e-05,0.37464499999999995
oracle-boundary/present,cea-14,joint,reset,1,0.0,10.819778284410283,1.3118752925,1.2652230253095489,1.9999999999999998e-05,0.37464499999999995
oracle-boundary/recency,cea-14,joint,reset,1,0.0,6.907755278982137,1.2819812499999999,1.5615080942797084,0.001,0.35724999999999996
oracle-boundary/reference,cea-14,joint,reset,1,0.0,10.819778284410283,1.3118752925,1.2652230253095489,1.9999999999999998e-05,0.37464499999999995
oracle-boundary/transition1,cea-14,joint,reset,1,0.0,10.819778284410283,1.3118752925,1.2652230253095489,1.9999999999999998e-05,0.37464499999999995
oracle-boundary/transition2,cea-14,joint,reset,1,0.0,10.819778284410283,1.3118752925,1.2652230253095489,1.9999999999999998e-05,0.37464499999999995
oracle-boundary/transition3,cea-14,joint,reset,1,0.0,10.819778284410283,1.3118752925,1.2652230253095489,1.9999999999999998e-05,0.37464499999999995
map/absolute,cea-14,joint,removal,0,0.0,10.819778284410283,1.3118752925,1.2652230253095489,1.9999999999999998e-05,0.37464499999999995
map/present,cea-14,joint,removal,0,0.0,10.819778284410283,1.3118752925,1.2652230253095489,1.9999999999999998e-05,0.37464499999999995
map/recency,cea-14,joint,removal,0,0.0,6.907755278982137,1.2819812499999999,1.5615080942797084,0.001,0.35724999999999996
map/reference,cea-14,joint,removal,0,0.0,10.819778284410283,1.3118752925,1.2652230253095489,1.9999999999999998e-05,0.37464499999999995
map/transition1,cea-14,joint,removal,0,0.0,10.819778284410283,1.3118752925,1.2652230253095489,1.9999999999999998e-05,0.37464499999999995
map/transition2,cea-14,joint,removal,0,0.0,10.819778284410283,1.3118752925,1.2652230253095489,1.9999999999999998e-05,0.37464499999999995
map/transition3,cea-14,joint,removal,0,0.0,10.819778284410283,1.3118752925,1.2652230253095489,1.9999999999999998e-05,0.37464499999999995
mixture/absolute,cea-14,joint,removal,0,0.0,11.018631274366918,1.242055160504583,1.5087898286028065,0.18034600915293006,0.3070854111091227
mixture/present,cea-14,joint,removal,0,0.0,11.018631274366918,1.242055160504583,1.5087898286028065,0.18034600915293006,0.3070854111091227
mixture/recency,cea-14,joint,removal,0,0.0,7.106608268938772,1.2219705628969377,1.7465723337202617,0.18114928612949974,0.2928272447750112
mixture/reference,cea-14,joint,removal,0,0.0,11.018631274366918,1.242055160504583,1.5087898286028065,0.18034600915293006,0.3070854111091227
mixture/transition1,cea-14,joint,removal,0,0.0,11.018631274366918,1.242055160504583,1.5087898286028065,0.18034600915293006,0.3070854111091227
mixture/transition2,cea-14,joint,removal,0,0.0,11.018631274366918,1.242055160504583,1.5087898286028065,0.18034600915293006,0.3070854111091227
mixture/transition3,cea-14,joint,removal,0,0.0,11.018631274366918,1.242055160504583,1.5087898286028065,0.18034600915293006,0.3070854111091227
repaired/absolute,cea-14,joint,removal,0,0.0,10.819778284410283,1.3118752925,1.2652230253095489,1.9999999999999998e-05,0.37464499999999995
repaired/present,cea-14,joint,removal,0,0.0,10.819778284410283,1.3118752925,1.2652230253095489,1.9999999999999998e-05,0.37464499999999995
repaired/recency,cea-14,joint,removal,0,0.0,6.907755278982137,1.2819812499999999,1.5615080942797084,0.001,0.35724999999999996
repaired/reference,cea-14,joint,removal,0,0.0,10.819778284410283,1.3118752925,1.2652230253095489,1.9999999999999998e-05,0.37464499999999995
repaired/transition1,cea-14,joint,removal,0,0.0,10.819778284410283,1.3118752925,1.2652230253095489,1.9999999999999998e-05,0.37464499999999995
repaired/transition2,cea-14,joint,removal,0,0.0,10.819778284410283,1.3118752925,1.2652230253095489,1.9999999999999998e-05,0.37464499999999995
repaired/transition3,cea-14,joint,removal,0,0.0,10.819778284410283,1.3118752925,1.2652230253095489,1.9999999999999998e-05,0.37464499999999995
streaming/absolute,cea-14,joint,removal,0,0.0,10.819778284410283,1.3118752925,1.2652230253095489,1.9999999999999998e-05,0.37464499999999995
streaming/present,cea-14,joint,removal,0,0.0,10.819778284410283,1.3118752925,1.2652230253095489,1.9999999999999998e-05,0.37464499999999995
streaming/recency,cea-14,joint,removal,0,0.0,6.907755278982137,1.2819812499999999,1.5615080942797084,0.001,0.35724999999999996
streaming/reference,cea-14,joint,removal,0,0.0,10.819778284410283,1.3118752925,1.2652230253095489,1.9999999999999998e-05,0.37464499999999995
streaming/transition1,cea-14,joint,removal,0,0.0,10.819778284410283,1.3118752925,1.2652230253095489,1.9999999999999998e-05,0.37464499999999995
streaming/transition2,cea-14,joint,removal,0,0.0,10.819778284410283,1.3118752925,1.2652230253095489,1.9999999999999998e-05,0.37464499999999995
streaming/transition3,cea-14,joint,removal,0,0.0,10.819778284410283,1.3118752925,1.2652230253095489,1.9999999999999998e-05,0.37464499999999995
fixed/absolute,cea-14,joint,removal,0,0.0,10.819778284410283,1.3118752925,1.2652230253095489,1.9999999999999998e-05,0.37464499999999995
fixed/present,cea-14,joint,removal,0,0.0,10.819778284410283,1.3118752925,1.2652230253095489,1.9999999999999998e-05,0.37464499999999995
fixed/recency,cea-14,joint,removal,0,0.0,6.907755278982137,1.2819812499999999,1.5615080942797084,0.001,0.35724999999999996
fixed/reference,cea-14,joint,removal,0,0.0,10.819778284410283,1.3118752925,1.2652230253095489,1.9999999999999998e-05,0.37464499999999995
fixed/transition1,cea-14,joint,removal,0,0.0,10.819778284410283,1.3118752925,1.2652230253095489,1.9999999999999998e-05,0.37464499999999995
fixed/transition2,cea-14,joint,removal,0,0.0,10.819778284410283,1.3118752925,1.2652230253095489,1.9999999999999998e-05,0.37464499999999995
fixed/transition3,cea-14,joint,removal,0,0.0,10.819778284410283,1.3118752925,1.2652230253095489,1.9999999999999998e-05,0.37464499999999995
oracle-boundary/absolute,cea-14,joint,removal,0,0.0,10.819778284410283,1.3118752925,1.2652230253095489,1.9999999999999998e-05,0.37464499999999995
oracle-boundary/present,cea-14,joint,removal,0,0.0,10.819778284410283,1.3118752925,1.2652230253095489,1.9999999999999998e-05,0.37464499999999995
oracle-boundary/recency,cea-14,joint,removal,0,0.0,6.907755278982137,1.2819812499999999,1.5615080942797084,0.001,0.35724999999999996
oracle-boundary/reference,cea-14,joint,removal,0,0.0,10.819778284410283,1.3118752925,1.2652230253095489,1.9999999999999998e-05,0.37464499999999995
oracle-boundary/transition1,cea-14,joint,removal,0,0.0,10.819778284410283,1.3118752925,1.2652230253095489,1.9999999999999998e-05,0.37464499999999995
oracle-boundary/transition2,cea-14,joint,removal,0,0.0,10.819778284410283,1.3118752925,1.2652230253095489,1.9999999999999998e-05,0.37464499999999995
oracle-boundary/transition3,cea-14,joint,removal,0,0.0,10.819778284410283,1.3118752925,1.2652230253095489,1.9999999999999998e-05,0.37464499999999995
map/absolute,cea-14,joint,removal,1,0.0,10.819778284410283,1.3118752925,1.2652230253095489,1.9999999999999998e-05,0.37464499999999995
map/present,cea-14,joint,removal,1,0.0,10.819778284410283,1.3118752925,1.2652230253095489,1.9999999999999998e-05,0.37464499999999995
map/recency,cea-14,joint,removal,1,0.0,6.907755278982137,1.2819812499999999,1.5615080942797084,0.001,0.35724999999999996
map/reference,cea-14,joint,removal,1,0.0,10.819778284410283,1.3118752925,1.2652230253095489,1.9999999999999998e-05,0.37464499999999995
map/transition1,cea-14,joint,removal,1,0.0,10.819778284410283,1.3118752925,1.2652230253095489,1.9999999999999998e-05,0.37464499999999995
map/transition2,cea-14,joint,removal,1,0.0,10.819778284410283,1.3118752925,1.2652230253095489,1.9999999999999998e-05,0.37464499999999995
map/transition3,cea-14,joint,removal,1,0.0,10.819778284410283,1.3118752925,1.2652230253095489,1.9999999999999998e-05,0.37464499999999995
mixture/absolute,cea-14,joint,removal,1,0.0,11.018631274366918,1.242055160504583,1.5087898286028065,0.18034600915293006,0.3070854111091227
mixture/present,cea-14,joint,removal,1,0.0,11.018631274366918,1.242055160504583,1.5087898286028065,0.18034600915293006,0.3070854111091227
mixture/recency,cea-14,joint,removal,1,0.0,7.106608268938772,1.2219705628969377,1.7465723337202617,0.18114928612949974,0.2928272447750112
mixture/reference,cea-14,joint,removal,1,0.0,11.018631274366918,1.242055160504583,1.5087898286028065,0.18034600915293006,0.3070854111091227
mixture/transition1,cea-14,joint,removal,1,0.0,11.018631274366918,1.242055160504583,1.5087898286028065,0.18034600915293006,0.3070854111091227
mixture/transition2,cea-14,joint,removal,1,0.0,11.018631274366918,1.242055160504583,1.5087898286028065,0.18034600915293006,0.3070854111091227
mixture/transition3,cea-14,joint,removal,1,0.0,11.018631274366918,1.242055160504583,1.5087898286028065,0.18034600915293006,0.3070854111091227
repaired/absolute,cea-14,joint,removal,1,0.0,10.819778284410283,1.3118752925,1.2652230253095489,1.9999999999999998e-05,0.37464499999999995
repaired/present,cea-14,joint,removal,1,0.0,10.819778284410283,1.3118752925,1.2652230253095489,1.9999999999999998e-05,0.37464499999999995
repaired/recency,cea-14,joint,removal,1,0.0,6.907755278982137,1.2819812499999999,1.5615080942797084,0.001,0.35724999999999996
repaired/reference,cea-14,joint,removal,1,0.0,10.819778284410283,1.3118752925,1.2652230253095489,1.9999999999999998e-05,0.37464499999999995
repaired/transition1,cea-14,joint,removal,1,0.0,10.819778284410283,1.3118752925,1.2652230253095489,1.9999999999999998e-05,0.37464499999999995
repaired/transition2,cea-14,joint,removal,1,0.0,10.819778284410283,1.3118752925,1.2652230253095489,1.9999999999999998e-05,0.37464499999999995
repaired/transition3,cea-14,joint,removal,1,0.0,10.819778284410283,1.3118752925,1.2652230253095489,1.9999999999999998e-05,0.37464499999999995
streaming/absolute,cea-14,joint,removal,1,0.0,10.819778284410283,1.3118752925,1.2652230253095489,1.9999999999999998e-05,0.37464499999999995
streaming/present,cea-14,joint,removal,1,0.0,10.819778284410283,1.3118752925,1.2652230253095489,1.9999999999999998e-05,0.37464499999999995
streaming/recency,cea-14,joint,removal,1,0.0,6.907755278982137,1.2819812499999999,1.5615080942797084,0.001,0.35724999999999996
streaming/reference,cea-14,joint,removal,1,0.0,10.819778284410283,1.3118752925,1.2652230253095489,1.9999999999999998e-05,0.37464499999999995
streaming/transition1,cea-14,joint,removal,1,0.0,10.819778284410283,1.3118752925,1.2652230253095489,1.9999999999999998e-05,0.37464499999999995
streaming/transition2,cea-14,joint,removal,1,0.0,10.819778284410283,1.3118752925,1.2652230253095489,1.9999999999999998e-05,0.37464499999999995
streaming/transition3,cea-14,joint,removal,1,0.0,10.819778284410283,1.3118752925,1.2652230253095489,1.9999999999999998e-05,0.37464499999999995
fixed/absolute,cea-14,joint,removal,1,0.0,10.819778284410283,1.3118752925,1.2652230253095489,1.9999999999999998e-05,0.37464499999999995
fixed/present,cea-14,joint,removal,1,0.0,10.819778284410283,1.3118752925,1.2652230253095489,1.9999999999999998e-05,0.37464499999999995
fixed/recency,cea-14,joint,removal,1,0.0,6.907755278982137,1.2819812499999999,1.5615080942797084,0.001,0.35724999999999996
fixed/reference,cea-14,joint,removal,1,0.0,10.819778284410283,1.3118752925,1.2652230253095489,1.9999999999999998e-05,0.37464499999999995
fixed/transition1,cea-14,joint,removal,1,0.0,10.819778284410283,1.3118752925,1.2652230253095489,1.9999999999999998e-05,0.37464499999999995
fixed/transition2,cea-14,joint,removal,1,0.0,10.819778284410283,1.3118752925,1.2652230253095489,1.9999999999999998e-05,0.37464499999999995
fixed/transition3,cea-14,joint,removal,1,0.0,10.819778284410283,1.3118752925,1.2652230253095489,1.9999999999999998e-05,0.37464499999999995
oracle-boundary/absolute,cea-14,joint,removal,1,0.0,10.819778284410283,1.3118752925,1.2652230253095489,1.9999999999999998e-05,0.37464499999999995
oracle-boundary/present,cea-14,joint,removal,1,0.0,10.819778284410283,1.3118752925,1.2652230253095489,1.9999999999999998e-05,0.37464499999999995
oracle-boundary/recency,cea-14,joint,removal,1,0.0,6.907755278982137,1.2819812499999999,1.5615080942797084,0.001,0.35724999999999996
oracle-boundary/reference,cea-14,joint,removal,1,0.0,10.819778284410283,1.3118752925,1.2652230253095489,1.9999999999999998e-05,0.37464499999999995
oracle-boundary/transition1,cea-14,joint,removal,1,0.0,10.819778284410283,1.3118752925,1.2652230253095489,1.9999999999999998e-05,0.37464499999999995
oracle-boundary/transition2,cea-14,joint,removal,1,0.0,10.819778284410283,1.3118752925,1.2652230253095489,1.9999999999999998e-05,0.37464499999999995
oracle-boundary/transition3,cea-14,joint,removal,1,0.0,10.819778284410283,1.3118752925,1.2652230253095489,1.9999999999999998e-05,0.37464499999999995
map/absolute,cea-14,joint,swap,0,1.0,0.0009804805139614205,9.800000000392828e-07,0.011582902361779817,2e-05,0.99902
map/present,cea-14,joint,swap,0,0.0,10.819778284410283,1.3118752925,1.2652230253095489,1.9999999999999998e-05,0.37464499999999995
map/recency,cea-14,joint,swap,0,0.0,6.907755278982137,1.90245,0.38625940550147086,0.001,0.951
map/reference,cea-14,joint,swap,0,1.0,0.0009804805139614205,9.800000000392828e-07,0.011582902361779817,2e-05,0.99902
map/transition1,cea-14,joint,swap,0,1.0,0.6316392212737143,0.4376751323600838,0.7017512399997603,2e-05,0.5317194803550963
map/transition2,cea-14,joint,swap,0,1.0,0.0009804805139614205,9.800000000392828e-07,0.011582902361779817,2e-05,0.99902
map/transition3,cea-14,joint,swap,0,1.0,0.0009804805139614205,9.800000000392828e-07,0.011582902361779817,2e-05,0.99902
mixture/absolute,cea-14,joint,swap,0,1.0,0.1998334704705964,0.0653338207428642,0.48121814730903,0.18034600915293006,0.8188671072781855
mixture/present,cea-14,joint,swap,0,0.0,11.018631274366918,1.242055160504583,1.5087898286028065,0.18034600915293006,0.3070854111091227
mixture/recency,cea-14,joint,swap,0,0.0,7.106608268938772,1.6388384111268515,0.7832557893945069,0.18114928612949974,0.779506535426272
mixture/reference,cea-14,joint,swap,0,1.0,0.1998334704705964,0.0653338207428642,0.48121814730903,0.18034600915293006,0.8188671072781855
mixture/transition1,cea-14,joint,swap,0,1.0,0.8304922112303494,0.4975335446604163,1.046928693821219,0.18034600915293006,0.43583471077840047
mixture/transition2,cea-14,joint,swap,0,1.0,0.1998334704705964,0.0653338207428642,0.48121814730903,0.18034600915293006,0.8188671072781855
mixture/transition3,cea-14,joint,swap,0,1.0,0.1998334704705964,0.0653338207428642,0.48121814730903,0.18034600915293006,0.8188671072781855
repaired/absolute,cea-14,joint,swap,0,1.0,0.0009804805139614205,9.800000000392828e-07,0.011582902361779817,2e-05,0.99902
repaired/present,cea-14,joint,swap,0,0.0,10.819778284410283,1.3118752925,1.2652230253095489,1.9999999999999998e-05,0.37464499999999995
repaired/recency,cea-14,joint,swap,0,0.0,6.907755278982137,1.90245,0.38625940550147086,0.001,0.951
repaired/reference,cea-14,joint,swap,0,1.0,0.0009804805139614205,9.800000000392828e-07,0.011582902361779817,2e-05,0.99902
repaired/transition1,cea-14,joint,swap,0,1.0,0.6877488829763749,0.49364789224650796,0.7038079589278209,2e-05,0.5027064473232902
repaired/transition2,cea-14,joint,swap,0,1.0,0.0009804805139614205,9.800000000392828e-07,0.011582902361779817,2e-05,0.99902
repaired/transition3,cea-14,joint,swap,0,1.0,0.0009804805139614205,9.800000000392828e-07,0.011582902361779817,2e-05,0.99902
streaming/absolute,cea-14,joint,swap,0,0.0,10.819778284410283,1.3118752925,1.2652230253095489,1.9999999999999998e-05,0.37464499999999995
streaming/present,cea-14,joint,swap,0,0.0,10.819778284410283,1.3118752925,1.2652230253095489,1.9999999999999998e-05,0.37464499999999995
streaming/recency,cea-14,joint,swap,0,0.0,6.907755278982137,1.90245,0.38625940550147086,0.001,0.951
streaming/reference,cea-14,joint,swap,0,0.0,10.819778284410283,1.3118752925,1.2652230253095489,1.9999999999999998e-05,0.37464499999999995
streaming/transition1,cea-14,joint,swap,0,0.0,10.819778284410283,1.3118752925,1.2652230253095489,1.9999999999999998e-05,0.37464499999999995
streaming/transition2,cea-14,joint,swap,0,0.0,10.819778284410283,1.3118752925,1.2652230253095489,1.9999999999999998e-05,0.37464499999999995
streaming/transition3,cea-14,joint,swap,0,0.0,10.819778284410283,1.3118752925,1.2652230253095489,1.9999999999999998e-05,0.37464499999999995
fixed/absolute,cea-14,joint,swap,0,0.0,10.819778284410283,1.3118752925,1.2652230253095489,1.9999999999999998e-05,0.37464499999999995
fixed/present,cea-14,joint,swap,0,0.0,10.819778284410283,1.3118752925,1.2652230253095489,1.9999999999999998e-05,0.37464499999999995
fixed/recency,cea-14,joint,swap,0,0.0,6.907755278982137,1.2819812499999999,1.5615080942797084,0.001,0.35724999999999996
fixed/reference,cea-14,joint,swap,0,0.0,10.819778284410283,1.3118752925,1.2652230253095489,1.9999999999999998e-05,0.37464499999999995
fixed/transition1,cea-14,joint,swap,0,0.0,10.819778284410283,1.3118752925,1.2652230253095489,1.9999999999999998e-05,0.37464499999999995
fixed/transition2,cea-14,joint,swap,0,0.0,10.819778284410283,1.3118752925,1.2652230253095489,1.9999999999999998e-05,0.37464499999999995
fixed/transition3,cea-14,joint,swap,0,0.0,10.819778284410283,1.3118752925,1.2652230253095489,1.9999999999999998e-05,0.37464499999999995
oracle-boundary/absolute,cea-14,joint,swap,0,1.0,0.0009804805139614205,9.800000000392828e-07,0.011582902361779817,2e-05,0.99902
oracle-boundary/present,cea-14,joint,swap,0,0.0,10.819778284410283,1.3118752925,1.2652230253095489,1.9999999999999998e-05,0.37464499999999995
oracle-boundary/recency,cea-14,joint,swap,0,0.0,6.907755278982137,1.90245,0.38625940550147086,0.001,0.951
oracle-boundary/reference,cea-14,joint,swap,0,1.0,0.0009804805139614205,9.800000000392828e-07,0.011582902361779817,2e-05,0.99902
oracle-boundary/transition1,cea-14,joint,swap,0,0.0,0.69410764165507,0.50000048,0.7038282854721148,1.9999999999999998e-05,0.4995199999999999
oracle-boundary/transition2,cea-14,joint,swap,0,1.0,0.0009804805139614205,9.800000000392828e-07,0.011582902361779817,2e-05,0.99902
oracle-boundary/transition3,cea-14,joint,swap,0,1.0,0.0009804805139614205,9.800000000392828e-07,0.011582902361779817,2e-05,0.99902
map/absolute,cea-14,joint,swap,1,1.0,0.0009804805139616427,9.800000000392828e-07,0.011582902361780037,1.9999999999999998e-05,0.9990199999999998
map/present,cea-14,joint,swap,1,0.0,10.819778284410283,1.3118752925,1.2652230253095489,1.9999999999999998e-05,0.37464499999999995
map/recency,cea-14,joint,swap,1,0.0,6.907755278982137,1.90245,0.38625940550147086,0.001,0.951
map/reference,cea-14,joint,swap,1,1.0,0.0009804805139616427,9.800000000392828e-07,0.011582902361780037,1.9999999999999998e-05,0.9990199999999998
map/transition1,cea-14,joint,swap,1,0.0,0.8374186354407768,0.642283831328347,0.6948970085146585,1.9999999999999998e-05,0.5662136347482415
map/transition2,cea-14,joint,swap,1,1.0,0.0009804805139616427,9.800000000392828e-07,0.011582902361780037,1.9999999999999998e-05,0.9990199999999998
map/transition3,cea-14,joint,swap,1,1.0,0.0009804805139616427,9.800000000392828e-07,0.011582902361780037,1.9999999999999998e-05,0.9990199999999998
mixture/absolute,cea-14,joint,swap,1,1.0,0.19983347047059669,0.06533382074286442,0.4812181473090302,0.18034600915293006,0.8188671072781852
mixture/present,cea-14,joint,swap,1,0.0,11.018631274366918,1.242055160504583,1.5087898286028065,0.18034600915293006,0.3070854111091227
mixture/recency,cea-14,joint,swap,1,0.0,7.106608268938772,1.6388384111268515,0.7832557893945069,0.18114928612949974,0.779506535426272
mixture/reference,cea-14,joint,swap,1,1.0,0.19983347047059669,0.06533382074286442,0.4812181473090302,0.18034600915293006,0.8188671072781852
mixture/transition1,cea-14,joint,swap,1,0.0,1.0362716253974118,0.6642368006900252,1.0413104832660547,0.18034600915293006,0.4641085475643726
mixture/transition2,cea-14,joint,swap,1,1.0,0.19983347047059669,0.06533382074286442,0.4812181473090302,0.18034600915293006,0.8188671072781852
mixture/transition3,cea-14,joint,swap,1,1.0,0.19983347047059669,0.06533382074286442,0.4812181473090302,0.18034600915293006,0.8188671072781852
repaired/absolute,cea-14,joint,swap,1,1.0,0.0009804805139616427,9.800000000392828e-07,0.011582902361780037,1.9999999999999998e-05,0.9990199999999998
repaired/present,cea-14,joint,swap,1,0.0,10.819778284410283,1.3118752925,1.2652230253095489,1.9999999999999998e-05,0.37464499999999995
repaired/recency,cea-14,joint,swap,1,0.0,6.907755278982137,1.90245,0.38625940550147086,0.001,0.951
repaired/reference,cea-14,joint,swap,1,1.0,0.0009804805139616427,9.800000000392828e-07,0.011582902361780037,1.9999999999999998e-05,0.9990199999999998
repaired/transition1,cea-14,joint,swap,1,1.0,0.6871550686907985,0.4930546706669203,0.7038039707825694,1.9999999999999998e-05,0.5030050502417271
repaired/transition2,cea-14,joint,swap,1,1.0,0.0009804805139616427,9.800000000392828e-07,0.011582902361780037,1.9999999999999998e-05,0.9990199999999998
repaired/transition3,cea-14,joint,swap,1,1.0,0.0009804805139616427,9.800000000392828e-07,0.011582902361780037,1.9999999999999998e-05,0.9990199999999998
streaming/absolute,cea-14,joint,swap,1,0.0,10.819778284410283,1.3118752925,1.2652230253095489,1.9999999999999998e-05,0.37464499999999995
streaming/present,cea-14,joint,swap,1,0.0,10.819778284410283,1.3118752925,1.2652230253095489,1.9999999999999998e-05,0.37464499999999995
streaming/recency,cea-14,joint,swap,1,0.0,6.907755278982137,1.90245,0.38625940550147086,0.001,0.951
streaming/reference,cea-14,joint,swap,1,0.0,10.819778284410283,1.3118752925,1.2652230253095489,1.9999999999999998e-05,0.37464499999999995
streaming/transition1,cea-14,joint,swap,1,0.0,10.819778284410283,1.3118752925,1.2652230253095489,1.9999999999999998e-05,0.37464499999999995
streaming/transition2,cea-14,joint,swap,1,0.0,10.819778284410283,1.3118752925,1.2652230253095489,1.9999999999999998e-05,0.37464499999999995
streaming/transition3,cea-14,joint,swap,1,0.0,10.819778284410283,1.3118752925,1.2652230253095489,1.9999999999999998e-05,0.37464499999999995
fixed/absolute,cea-14,joint,swap,1,0.0,10.819778284410283,1.3118752925,1.2652230253095489,1.9999999999999998e-05,0.37464499999999995
fixed/present,cea-14,joint,swap,1,0.0,10.819778284410283,1.3118752925,1.2652230253095489,1.9999999999999998e-05,0.37464499999999995
fixed/recency,cea-14,joint,swap,1,0.0,6.907755278982137,1.2819812499999999,1.5615080942797084,0.001,0.35724999999999996
fixed/reference,cea-14,joint,swap,1,0.0,10.819778284410283,1.3118752925,1.2652230253095489,1.9999999999999998e-05,0.37464499999999995
fixed/transition1,cea-14,joint,swap,1,0.0,10.819778284410283,1.3118752925,1.2652230253095489,1.9999999999999998e-05,0.37464499999999995
fixed/transition2,cea-14,joint,swap,1,0.0,10.819778284410283,1.3118752925,1.2652230253095489,1.9999999999999998e-05,0.37464499999999995
fixed/transition3,cea-14,joint,swap,1,0.0,10.819778284410283,1.3118752925,1.2652230253095489,1.9999999999999998e-05,0.37464499999999995
oracle-boundary/absolute,cea-14,joint,swap,1,1.0,0.0009804805139616427,9.800000000392828e-07,0.011582902361780037,1.9999999999999998e-05,0.9990199999999998
oracle-boundary/present,cea-14,joint,swap,1,0.0,10.819778284410283,1.3118752925,1.2652230253095489,1.9999999999999998e-05,0.37464499999999995
oracle-boundary/recency,cea-14,joint,swap,1,0.0,6.907755278982137,1.90245,0.38625940550147086,0.001,0.951
oracle-boundary/reference,cea-14,joint,swap,1,1.0,0.0009804805139616427,9.800000000392828e-07,0.011582902361780037,1.9999999999999998e-05,0.9990199999999998
oracle-boundary/transition1,cea-14,joint,swap,1,1.0,0.69410764165507,0.50000048,0.7038282854721148,1.9999999999999998e-05,0.4995199999999999
oracle-boundary/transition2,cea-14,joint,swap,1,1.0,0.0009804805139616427,9.800000000392828e-07,0.011582902361780037,1.9999999999999998e-05,0.9990199999999998
oracle-boundary/transition3,cea-14,joint,swap,1,1.0,0.0009804805139616427,9.800000000392828e-07,0.011582902361780037,1.9999999999999998e-05,0.9990199999999998
map/absolute,cea-14,joint,shuffle,0,1.0,0.0009804805139616427,9.800000000392828e-07,0.011582902361780037,1.9999999999999998e-05,0.9990199999999998
map/present,cea-14,joint,shuffle,0,0.0,10.819778284410283,1.3118752925,1.2652230253095489,1.9999999999999998e-05,0.37464499999999995
map/recency,cea-14,joint,shuffle,0,1.0,0.05024121643674679,0.0024500000000000632,0.38625940550147086,0.001,0.951
map/reference,cea-14,joint,shuffle,0,1.0,0.0009804805139616427,9.800000000392828e-07,0.011582902361780037,1.9999999999999998e-05,0.9990199999999998
map/transition1,cea-14,joint,shuffle,0,0.0,0.7766478502274413,0.5822823333478588,0.7006896633691364,1.9999999999999998e-05,0.5390947646748588
map/transition2,cea-14,joint,shuffle,0,1.0,0.0009804805139616427,9.800000000392828e-07,0.011582902361780037,1.9999999999999998e-05,0.9990199999999998
map/transition3,cea-14,joint,shuffle,0,1.0,0.0009804805139616427,9.800000000392828e-07,0.011582902361780037,1.9999999999999998e-05,0.9990199999999998
mixture/absolute,cea-14,joint,shuffle,0,1.0,0.13509831901158406,0.031727289560048666,0.3877235146888019,0.1255304794441186,0.873630013025997
mixture/present,cea-14,joint,shuffle,0,0.0,10.953896122907906,1.254253133052916,1.4840155177926158,0.1255304794441186,0.3276221859723776
mixture/recency,cea-14,joint,shuffle,0,1.0,0.1843590549343691,0.04435655153216134,0.7103253344421769,0.12638747671420877,0.8316371467915791
mixture/reference,cea-14,joint,shuffle,0,1.0,0.13509831901158406,0.031727289560048666,0.3877235146888019,0.1255304794441186,0.873630013025997
mixture/transition1,cea-14,joint,shuffle,0,0.0,0.9107656887250638,0.5953510021102768,0.9903384258969454,0.1255304794441186,0.47143136902679006
mixture/transition2,cea-14,joint,shuffle,0,1.0,0.13509831901158406,0.031727289560048666,0.3877235146888019,0.1255304794441186,0.873630013025997
mixture/transition3,cea-14,joint,shuffle,0,1.0,0.13509831901158406,0.031727289560048666,0.3877235146888019,0.1255304794441186,0.873630013025997
repaired/absolute,cea-14,joint,shuffle,0,1.0,0.0009804805139616427,9.800000000392828e-07,0.011582902361780037,1.9999999999999998e-05,0.9990199999999998
repaired/present,cea-14,joint,shuffle,0,0.0,10.819778284410283,1.3118752925,1.2652230253095489,1.9999999999999998e-05,0.37464499999999995
repaired/recency,cea-14,joint,shuffle,0,1.0,0.05024121643674679,0.0024500000000000632,0.38625940550147086,0.001,0.951
repaired/reference,cea-14,joint,shuffle,0,1.0,0.0009804805139616427,9.800000000392828e-07,0.011582902361780037,1.9999999999999998e-05,0.9990199999999998
repaired/transition1,cea-14,joint,shuffle,0,0.0,0.6967435937549601,0.5026338921755134,0.7038248238163125,2e-05,0.5008349769234476
repaired/transition2,cea-14,joint,shuffle,0,1.0,0.0009804805139616427,9.800000000392828e-07,0.011582902361780037,1.9999999999999998e-05,0.9990199999999998
repaired/transition3,cea-14,joint,shuffle,0,1.0,0.0009804805139616427,9.800000000392828e-07,0.011582902361780037,1.9999999999999998e-05,0.9990199999999998
streaming/absolute,cea-14,joint,shuffle,0,0.0,10.819778284410283,1.3118752925,1.2652230253095489,1.9999999999999998e-05,0.37464499999999995
streaming/present,cea-14,joint,shuffle,0,0.0,10.819778284410283,1.3118752925,1.2652230253095489,1.9999999999999998e-05,0.37464499999999995
streaming/recency,cea-14,joint,shuffle,0,1.0,0.05024121643674679,0.0024500000000000632,0.38625940550147086,0.001,0.951
streaming/reference,cea-14,joint,shuffle,0,0.0,10.819778284410283,1.3118752925,1.2652230253095489,1.9999999999999998e-05,0.37464499999999995
streaming/transition1,cea-14,joint,shuffle,0,0.0,10.819778284410283,1.3118752925,1.2652230253095489,1.9999999999999998e-05,0.37464499999999995
streaming/transition2,cea-14,joint,shuffle,0,0.0,10.819778284410283,1.3118752925,1.2652230253095489,1.9999999999999998e-05,0.37464499999999995
streaming/transition3,cea-14,joint,shuffle,0,0.0,10.819778284410283,1.3118752925,1.2652230253095489,1.9999999999999998e-05,0.37464499999999995
fixed/absolute,cea-14,joint,shuffle,0,0.0,10.819778284410283,1.3118752925,1.2652230253095489,1.9999999999999998e-05,0.37464499999999995
fixed/present,cea-14,joint,shuffle,0,0.0,10.819778284410283,1.3118752925,1.2652230253095489,1.9999999999999998e-05,0.37464499999999995
fixed/recency,cea-14,joint,shuffle,0,0.0,6.907755278982137,1.2819812499999999,1.5615080942797084,0.001,0.35724999999999996
fixed/reference,cea-14,joint,shuffle,0,0.0,10.819778284410283,1.3118752925,1.2652230253095489,1.9999999999999998e-05,0.37464499999999995
fixed/transition1,cea-14,joint,shuffle,0,0.0,10.819778284410283,1.3118752925,1.2652230253095489,1.9999999999999998e-05,0.37464499999999995
fixed/transition2,cea-14,joint,shuffle,0,0.0,10.819778284410283,1.3118752925,1.2652230253095489,1.9999999999999998e-05,0.37464499999999995
fixed/transition3,cea-14,joint,shuffle,0,0.0,10.819778284410283,1.3118752925,1.2652230253095489,1.9999999999999998e-05,0.37464499999999995
oracle-boundary/absolute,cea-14,joint,shuffle,0,1.0,0.0009804805139616427,9.800000000392828e-07,0.011582902361780037,1.9999999999999998e-05,0.9990199999999998
oracle-boundary/present,cea-14,joint,shuffle,0,0.0,10.819778284410283,1.3118752925,1.2652230253095489,1.9999999999999998e-05,0.37464499999999995
oracle-boundary/recency,cea-14,joint,shuffle,0,1.0,0.05024121643674679,0.0024500000000000632,0.38625940550147086,0.001,0.951
oracle-boundary/reference,cea-14,joint,shuffle,0,1.0,0.0009804805139616427,9.800000000392828e-07,0.011582902361780037,1.9999999999999998e-05,0.9990199999999998
oracle-boundary/transition1,cea-14,joint,shuffle,0,1.0,0.69410764165507,0.50000048,0.7038282854721148,1.9999999999999998e-05,0.4995199999999999
oracle-boundary/transition2,cea-14,joint,shuffle,0,1.0,0.0009804805139616427,9.800000000392828e-07,0.011582902361780037,1.9999999999999998e-05,0.9990199999999998
oracle-boundary/transition3,cea-14,joint,shuffle,0,1.0,0.0009804805139616427,9.800000000392828e-07,0.011582902361780037,1.9999999999999998e-05,0.9990199999999998
map/absolute,cea-14,joint,shuffle,1,1.0,0.0009804805139614205,9.800000000392828e-07,0.011582902361779817,2e-05,0.99902
map/present,cea-14,joint,shuffle,1,0.0,10.819778284410283,1.3118752925,1.2652230253095489,1.9999999999999998e-05,0.37464499999999995
map/recency,cea-14,joint,shuffle,1,1.0,0.05024121643674679,0.0024500000000000632,0.38625940550147086,0.001,0.951
map/reference,cea-14,joint,shuffle,1,1.0,0.0009804805139614205,9.800000000392828e-07,0.011582902361779817,2e-05,0.99902
map/transition1,cea-14,joint,shuffle,1,1.0,0.5923945763587203,0.39875803291726997,0.6980912579960644,1.9999999999999998e-05,0.5530014937109157
map/transition2,cea-14,joint,shuffle,1,1.0,0.0009804805139614205,9.800000000392828e-07,0.011582902361779817,2e-05,0.99902
map/transition3,cea-14,joint,shuffle,1,1.0,0.0009804805139614205,9.800000000392828e-07,0.011582902361779817,2e-05,0.99902
mixture/absolute,cea-14,joint,shuffle,1,1.0,0.1350983190115838,0.031727289560048444,0.38772351468880173,0.1255304794441186,0.8736300130259972
mixture/present,cea-14,joint,shuffle,1,0.0,10.953896122907906,1.254253133052916,1.4840155177926158,0.1255304794441186,0.3276221859723776
mixture/recency,cea-14,joint,shuffle,1,1.0,0.1843590549343691,0.04435655153216134,0.7103253344421769,0.12638747671420877,0.8316371467915791
mixture/reference,cea-14,joint,shuffle,1,1.0,0.1350983190115838,0.031727289560048444,0.38772351468880173,0.1255304794441186,0.8736300130259972
mixture/transition1,cea-14,joint,shuffle,1,1.0,0.7265124148563427,0.43457730403261796,0.9880661541507103,0.1255304794441186,0.4835926229245292
mixture/transition2,cea-14,joint,shuffle,1,1.0,0.1350983190115838,0.031727289560048444,0.38772351468880173,0.1255304794441186,0.8736300130259972
mixture/transition3,cea-14,joint,shuffle,1,1.0,0.1350983190115838,0.031727289560048444,0.38772351468880173,0.1255304794441186,0.8736300130259972
repaired/absolute,cea-14,joint,shuffle,1,1.0,0.0009804805139614205,9.800000000392828e-07,0.011582902361779817,2e-05,0.99902
repaired/present,cea-14,joint,shuffle,1,0.0,10.819778284410283,1.3118752925,1.2652230253095489,1.9999999999999998e-05,0.37464499999999995
repaired/recency,cea-14,joint,shuffle,1,1.0,0.05024121643674679,0.0024500000000000632,0.38625940550147086,0.001,0.951
repaired/reference,cea-14,joint,shuffle,1,1.0,0.0009804805139614205,9.800000000392828e-07,0.011582902361779817,2e-05,0.99902
repaired/transition1,cea-14,joint,shuffle,1,0.0,0.6962042294811467,0.50209504993407,0.7038260943380997,1.9999999999999998e-05,0.5005661904525719
repaired/transition2,cea-14,joint,shuffle,1,1.0,0.0009804805139614205,9.800000000392828e-07,0.011582902361779817,2e-05,0.99902
repaired/transition3,cea-14,joint,shuffle,1,1.0,0.0009804805139614205,9.800000000392828e-07,0.011582902361779817,2e-05,0.99902
streaming/absolute,cea-14,joint,shuffle,1,0.0,10.819778284410283,1.3118752925,1.2652230253095489,1.9999999999999998e-05,0.37464499999999995
streaming/present,cea-14,joint,shuffle,1,0.0,10.819778284410283,1.3118752925,1.2652230253095489,1.9999999999999998e-05,0.37464499999999995
streaming/recency,cea-14,joint,shuffle,1,1.0,0.05024121643674679,0.0024500000000000632,0.38625940550147086,0.001,0.951
streaming/reference,cea-14,joint,shuffle,1,0.0,10.819778284410283,1.3118752925,1.2652230253095489,1.9999999999999998e-05,0.37464499999999995
streaming/transition1,cea-14,joint,shuffle,1,0.0,10.819778284410283,1.3118752925,1.2652230253095489,1.9999999999999998e-05,0.37464499999999995
streaming/transition2,cea-14,joint,shuffle,1,0.0,10.819778284410283,1.3118752925,1.2652230253095489,1.9999999999999998e-05,0.37464499999999995
streaming/transition3,cea-14,joint,shuffle,1,0.0,10.819778284410283,1.3118752925,1.2652230253095489,1.9999999999999998e-05,0.37464499999999995
fixed/absolute,cea-14,joint,shuffle,1,0.0,10.819778284410283,1.3118752925,1.2652230253095489,1.9999999999999998e-05,0.37464499999999995
fixed/present,cea-14,joint,shuffle,1,0.0,10.819778284410283,1.3118752925,1.2652230253095489,1.9999999999999998e-05,0.37464499999999995
fixed/recency,cea-14,joint,shuffle,1,0.0,6.907755278982137,1.2819812499999999,1.5615080942797084,0.001,0.35724999999999996
fixed/reference,cea-14,joint,shuffle,1,0.0,10.819778284410283,1.3118752925,1.2652230253095489,1.9999999999999998e-05,0.37464499999999995
fixed/transition1,cea-14,joint,shuffle,1,0.0,10.819778284410283,1.3118752925,1.2652230253095489,1.9999999999999998e-05,0.37464499999999995
fixed/transition2,cea-14,joint,shuffle,1,0.0,10.819778284410283,1.3118752925,1.2652230253095489,1.9999999999999998e-05,0.37464499999999995
fixed/transition3,cea-14,joint,shuffle,1,0.0,10.819778284410283,1.3118752925,1.2652230253095489,1.9999999999999998e-05,0.37464499999999995
oracle-boundary/absolute,cea-14,joint,shuffle,1,1.0,0.0009804805139614205,9.800000000392828e-07,0.011582902361779817,2e-05,0.99902
oracle-boundary/present,cea-14,joint,shuffle,1,0.0,10.819778284410283,1.3118752925,1.2652230253095489,1.9999999999999998e-05,0.37464499999999995
oracle-boundary/recency,cea-14,joint,shuffle,1,1.0,0.05024121643674679,0.0024500000000000632,0.38625940550147086,0.001,0.951
oracle-boundary/reference,cea-14,joint,shuffle,1,1.0,0.0009804805139614205,9.800000000392828e-07,0.011582902361779817,2e-05,0.99902
oracle-boundary/transition1,cea-14,joint,shuffle,1,0.0,0.69410764165507,0.50000048,0.7038282854721148,1.9999999999999998e-05,0.4995199999999999
oracle-boundary/transition2,cea-14,joint,shuffle,1,1.0,0.0009804805139614205,9.800000000392828e-07,0.011582902361779817,2e-05,0.99902
oracle-boundary/transition3,cea-14,joint,shuffle,1,1.0,0.0009804805139614205,9.800000000392828e-07,0.011582902361779817,2e-05,0.99902
map/absolute,cea-14,joint,ambiguous,0,0.0,0.6946804696423211,0.5005718813082742,0.7032562258942611,1.9999999999999998e-05,0.5164226818622704
map/present,cea-14,joint,ambiguous,0,0.0,10.819778284410283,1.3118752925,1.2652230253095489,1.9999999999999998e-05,0.37464499999999995
map/recency,cea-14,joint,ambiguous,0,0.0,3.4789982477094417,0.95245,0.38625940550147086,0.001,0.951
map/reference,cea-14,joint,ambiguous,0,0.0,0.6943634828621061,0.5002557649097328,0.7035727334627673,2e-05,0.5108178960371563
map/transition1,cea-14,joint,ambiguous,0,0.0,0.703036284945884,0.5088328923576289,0.6949611205839344,2e-05,0.5659745421985164
map/transition2,cea-14,joint,ambiguous,0,0.0,0.6946804696423211,0.5005718813082742,0.7032562258942611,1.9999999999999998e-05,0.5164226818622704
map/transition3,cea-14,joint,ambiguous,0,0.0,0.6946804696423211,0.5005718813082742,0.7032562258942611,1.9999999999999998e-05,0.5164226818622704
mixture/absolute,cea-14,joint,ambiguous,0,0.0,0.9623901567133818,0.5832604617869941,1.0830138796671906,0.23488542663941062,0.39513042251523267
mixture/present,cea-14,joint,ambiguous,0,0.0,11.087487971481345,1.2377431712881135,1.512991467196385,0.23488542663941062,0.28665208237832557
mixture/recency,cea-14,joint,ambiguous,0,0.0,3.7467079347805026,0.8566062355139088,0.835484866557777,0.23563525391784956,0.7276385120361611
mixture/reference,cea-14,joint,ambiguous,0,0.0,0.9620731699331669,0.5830753997467677,1.0832560490638217,0.23488542663941062,0.3908420334320914
mixture/transition1,cea-14,joint,ambiguous,0,0.0,0.9707459720169447,0.5880966536649865,1.076667046770041,0.23488542663941062,0.4330440312677981
mixture/transition2,cea-14,joint,ambiguous,0,0.0,0.9623901567133818,0.5832604617869941,1.0830138796671906,0.23488542663941062,0.39513042251523267
mixture/transition3,cea-14,joint,ambiguous,0,0.0,0.9623901567133818,0.5832604617869941,1.0830138796671906,0.23488542663941062,0.39513042251523267
repaired/absolute,cea-14,joint,ambiguous,0,1.0,0.7284286759026855,0.5331064214962526,0.670314060258765,1.9999999999999998e-05,0.6281783489250751
repaired/present,cea-14,joint,ambiguous,0,0.0,10.819778284410283,1.3118752925,1.2652230253095489,1.9999999999999998e-05,0.37464499999999995
repaired/recency,cea-14,joint,ambiguous,0,0.0,3.4789982477094417,0.95245,0.38625940550147086,0.001,0.951
repaired/reference,cea-14,joint,ambiguous,0,1.0,0.7087314986491764,0.5143848916977267,0.6893600719797746,1.9999999999999998e-05,0.5843268738302702
repaired/transition1,cea-14,joint,ambiguous,0,1.0,0.694111431635297,0.5000042626926213,0.7038244991398357,1.9999999999999998e-05,0.5008952622697879
repaired/transition2,cea-14,joint,ambiguous,0,1.0,0.729942608295858,0.5345150745383171,0.668870849920542,1.9999999999999998e-05,0.6308870326572028
repaired/transition3,cea-14,joint,ambiguous,0,1.0,0.7284286759026855,0.5331064214962526,0.670314060258765,1.9999999999999998e-05,0.6281783489250751
streaming/absolute,cea-14,joint,ambiguous,0,0.0,10.819778284410283,1.3118752925,1.2652230253095489,1.9999999999999998e-05,0.37464499999999995
streaming/present,cea-14,joint,ambiguous,0,0.0,10.819778284410283,1.3118752925,1.2652230253095489,1.9999999999999998e-05,0.37464499999999995
streaming/recency,cea-14,joint,ambiguous,0,0.0,3.4789982477094417,0.95245,0.38625940550147086,0.001,0.951
streaming/reference,cea-14,joint,ambiguous,0,0.0,10.819778284410283,1.3118752925,1.2652230253095489,1.9999999999999998e-05,0.37464499999999995
streaming/transition1,cea-14,joint,ambiguous,0,0.0,10.819778284410283,1.3118752925,1.2652230253095489,1.9999999999999998e-05,0.37464499999999995
streaming/transition2,cea-14,joint,ambiguous,0,0.0,10.819778284410283,1.3118752925,1.2652230253095489,1.9999999999999998e-05,0.37464499999999995
streaming/transition3,cea-14,joint,ambiguous,0,0.0,10.819778284410283,1.3118752925,1.2652230253095489,1.9999999999999998e-05,0.37464499999999995
fixed/absolute,cea-14,joint,ambiguous,0,0.0,10.819778284410283,1.3118752925,1.2652230253095489,1.9999999999999998e-05,0.37464499999999995
fixed/present,cea-14,joint,ambiguous,0,0.0,10.819778284410283,1.3118752925,1.2652230253095489,1.9999999999999998e-05,0.37464499999999995
fixed/recency,cea-14,joint,ambiguous,0,0.0,6.907755278982137,1.2819812499999999,1.5615080942797084,0.001,0.35724999999999996
fixed/reference,cea-14,joint,ambiguous,0,0.0,10.819778284410283,1.3118752925,1.2652230253095489,1.9999999999999998e-05,0.37464499999999995
fixed/transition1,cea-14,joint,ambiguous,0,0.0,10.819778284410283,1.3118752925,1.2652230253095489,1.9999999999999998e-05,0.37464499999999995
fixed/transition2,cea-14,joint,ambiguous,0,0.0,10.819778284410283,1.3118752925,1.2652230253095489,1.9999999999999998e-05,0.37464499999999995
fixed/transition3,cea-14,joint,ambiguous,0,0.0,10.819778284410283,1.3118752925,1.2652230253095489,1.9999999999999998e-05,0.37464499999999995
oracle-boundary/absolute,cea-14,joint,ambiguous,0,1.0,0.69410764165507,0.50000048,0.7038282854721148,1.9999999999999998e-05,0.4995199999999999
oracle-boundary/present,cea-14,joint,ambiguous,0,0.0,10.819778284410283,1.3118752925,1.2652230253095489,1.9999999999999998e-05,0.37464499999999995
oracle-boundary/recency,cea-14,joint,ambiguous,0,0.0,3.4789982477094417,0.95245,0.38625940550147086,0.001,0.951
oracle-boundary/reference,cea-14,joint,ambiguous,0,1.0,0.69410764165507,0.50000048,0.7038282854721148,1.9999999999999998e-05,0.4995199999999999
oracle-boundary/transition1,cea-14,joint,ambiguous,0,1.0,0.69410764165507,0.50000048,0.7038282854721148,1.9999999999999998e-05,0.4995199999999999
oracle-boundary/transition2,cea-14,joint,ambiguous,0,1.0,0.69410764165507,0.50000048,0.7038282854721148,1.9999999999999998e-05,0.4995199999999999
oracle-boundary/transition3,cea-14,joint,ambiguous,0,1.0,0.69410764165507,0.50000048,0.7038282854721148,1.9999999999999998e-05,0.4995199999999999
map/absolute,cea-14,joint,ambiguous,1,1.0,0.6946804696423211,0.5005718813082742,0.7032562258942611,1.9999999999999998e-05,0.5164226818622704
map/present,cea-14,joint,ambiguous,1,0.0,10.819778284410283,1.3118752925,1.2652230253095489,1.9999999999999998e-05,0.37464499999999995
map/recency,cea-14,joint,ambiguous,1,1.0,3.4789982477094417,0.95245,0.38625940550147086,0.001,0.951
map/reference,cea-14,joint,ambiguous,1,1.0,0.6943634828621061,0.5002557649097328,0.7035727334627673,2e-05,0.5108178960371563
map/transition1,cea-14,joint,ambiguous,1,1.0,0.703036284945884,0.5088328923576289,0.6949611205839344,2e-05,0.5659745421985164
map/transition2,cea-14,joint,ambiguous,1,1.0,0.6946804696423211,0.5005718813082742,0.7032562258942611,1.9999999999999998e-05,0.5164226818622704
map/transition3,cea-14,joint,ambiguous,1,1.0,0.6946804696423211,0.5005718813082742,0.7032562258942611,1.9999999999999998e-05,0.5164226818622704
mixture/absolute,cea-14,joint,ambiguous,1,1.0,0.9623901567133818,0.5832604617869941,1.0830138796671906,0.23488542663941062,0.39513042251523267
mixture/present,cea-14,joint,ambiguous,1,0.0,11.087487971481345,1.2377431712881135,1.512991467196385,0.23488542663941062,0.28665208237832557
mixture/recency,cea-14,joint,ambiguous,1,1.0,3.7467079347805026,0.8566062355139088,0.835484866557777,0.23563525391784956,0.7276385120361611
mixture/reference,cea-14,joint,ambiguous,1,1.0,0.9620731699331669,0.5830753997467677,1.0832560490638217,0.23488542663941062,0.3908420334320914
mixture/transition1,cea-14,joint,ambiguous,1,1.0,0.9707459720169447,0.5880966536649865,1.076667046770041,0.23488542663941062,0.4330440312677981
mixture/transition2,cea-14,joint,ambiguous,1,1.0,0.9623901567133818,0.5832604617869941,1.0830138796671906,0.23488542663941062,0.39513042251523267
mixture/transition3,cea-14,joint,ambiguous,1,1.0,0.9623901567133818,0.5832604617869941,1.0830138796671906,0.23488542663941062,0.39513042251523267
repaired/absolute,cea-14,joint,ambiguous,1,0.0,0.7284286759026855,0.5331064214962526,0.670314060258765,1.9999999999999998e-05,0.6281783489250751
repaired/present,cea-14,joint,ambiguous,1,0.0,10.819778284410283,1.3118752925,1.2652230253095489,1.9999999999999998e-05,0.37464499999999995
repaired/recency,cea-14,joint,ambiguous,1,1.0,3.4789982477094417,0.95245,0.38625940550147086,0.001,0.951
repaired/reference,cea-14,joint,ambiguous,1,0.0,0.7087314986491764,0.5143848916977267,0.6893600719797746,1.9999999999999998e-05,0.5843268738302702
repaired/transition1,cea-14,joint,ambiguous,1,0.0,0.694111431635297,0.5000042626926213,0.7038244991398357,1.9999999999999998e-05,0.5008952622697879
repaired/transition2,cea-14,joint,ambiguous,1,0.0,0.729942608295858,0.5345150745383171,0.668870849920542,1.9999999999999998e-05,0.6308870326572028
repaired/transition3,cea-14,joint,ambiguous,1,0.0,0.7284286759026855,0.5331064214962526,0.670314060258765,1.9999999999999998e-05,0.6281783489250751
streaming/absolute,cea-14,joint,ambiguous,1,0.0,10.819778284410283,1.3118752925,1.2652230253095489,1.9999999999999998e-05,0.37464499999999995
streaming/present,cea-14,joint,ambiguous,1,0.0,10.819778284410283,1.3118752925,1.2652230253095489,1.9999999999999998e-05,0.37464499999999995
streaming/recency,cea-14,joint,ambiguous,1,1.0,3.4789982477094417,0.95245,0.38625940550147086,0.001,0.951
streaming/reference,cea-14,joint,ambiguous,1,0.0,10.819778284410283,1.3118752925,1.2652230253095489,1.9999999999999998e-05,0.37464499999999995
streaming/transition1,cea-14,joint,ambiguous,1,0.0,10.819778284410283,1.3118752925,1.2652230253095489,1.9999999999999998e-05,0.37464499999999995
streaming/transition2,cea-14,joint,ambiguous,1,0.0,10.819778284410283,1.3118752925,1.2652230253095489,1.9999999999999998e-05,0.37464499999999995
streaming/transition3,cea-14,joint,ambiguous,1,0.0,10.819778284410283,1.3118752925,1.2652230253095489,1.9999999999999998e-05,0.37464499999999995
fixed/absolute,cea-14,joint,ambiguous,1,0.0,10.819778284410283,1.3118752925,1.2652230253095489,1.9999999999999998e-05,0.37464499999999995
fixed/present,cea-14,joint,ambiguous,1,0.0,10.819778284410283,1.3118752925,1.2652230253095489,1.9999999999999998e-05,0.37464499999999995
fixed/recency,cea-14,joint,ambiguous,1,0.0,6.907755278982137,1.2819812499999999,1.5615080942797084,0.001,0.35724999999999996
fixed/reference,cea-14,joint,ambiguous,1,0.0,10.819778284410283,1.3118752925,1.2652230253095489,1.9999999999999998e-05,0.37464499999999995
fixed/transition1,cea-14,joint,ambiguous,1,0.0,10.819778284410283,1.3118752925,1.2652230253095489,1.9999999999999998e-05,0.37464499999999995
fixed/transition2,cea-14,joint,ambiguous,1,0.0,10.819778284410283,1.3118752925,1.2652230253095489,1.9999999999999998e-05,0.37464499999999995
fixed/transition3,cea-14,joint,ambiguous,1,0.0,10.819778284410283,1.3118752925,1.2652230253095489,1.9999999999999998e-05,0.37464499999999995
oracle-boundary/absolute,cea-14,joint,ambiguous,1,0.0,0.69410764165507,0.50000048,0.7038282854721148,1.9999999999999998e-05,0.4995199999999999
oracle-boundary/present,cea-14,joint,ambiguous,1,0.0,10.819778284410283,1.3118752925,1.2652230253095489,1.9999999999999998e-05,0.37464499999999995
oracle-boundary/recency,cea-14,joint,ambiguous,1,1.0,3.4789982477094417,0.95245,0.38625940550147086,0.001,0.951
oracle-boundary/reference,cea-14,joint,ambiguous,1,0.0,0.69410764165507,0.50000048,0.7038282854721148,1.9999999999999998e-05,0.4995199999999999
oracle-boundary/transition1,cea-14,joint,ambiguous,1,0.0,0.69410764165507,0.50000048,0.7038282854721148,1.9999999999999998e-05,0.4995199999999999
oracle-boundary/transition2,cea-14,joint,ambiguous,1,0.0,0.69410764165507,0.50000048,0.7038282854721148,1.9999999999999998e-05,0.4995199999999999
oracle-boundary/transition3,cea-14,joint,ambiguous,1,0.0,0.69410764165507,0.50000048,0.7038282854721148,1.9999999999999998e-05,0.4995199999999999
map/absolute,cea-15,detached,intact,0,1.0,0.0009804805139616427,9.800000000392828e-07,0.011582902361780037,1.9999999999999998e-05,0.9990199999999998
map/present,cea-15,detached,intact,0,0.0,2.0802818946775288,1.0621252925000002,1.2652230253095489,1.9999999999999998e-05,0.37464499999999995
map/recency,cea-15,detached,intact,0,1.0,0.05024121643674679,0.0024500000000000632,0.38625940550147086,0.001,0.951
map/reference,cea-15,detached,intact,0,1.0,0.0009804805139616427,9.800000000392828e-07,0.011582902361780037,1.9999999999999998e-05,0.9990199999999998
map/transition1,cea-15,detached,intact,0,1.0,0.620055525309517,0.4261596280558517,0.7008742538444461,1.9999999999999998e-05,0.5379145688925162
map/transition2,cea-15,detached,intact,0,1.0,0.0009804805139616427,9.800000000392828e-07,0.011582902361780037,1.9999999999999998e-05,0.9990199999999998
map/transition3,cea-15,detached,intact,0,1.0,0.0009804805139616427,9.800000000392828e-07,0.011582902361780037,1.9999999999999998e-05,0.9990199999999998
mixture/absolute,cea-15,detached,intact,0,1.0,0.08450306721923204,0.012989781652549937,0.2895682195965038,0.0801480878091673,0.9189688366936194
mixture/present,cea-15,detached,intact,0,0.0,2.163804481382799,1.0405799873722907,1.4427545476157202,0.0801480878091673,0.3446248121389773
mixture/recency,cea-15,detached,intact,0,1.0,0.13376380314201722,0.022285522276914715,0.6293602191194465,0.08104956071257238,0.8747966644267704
mixture/reference,cea-15,detached,intact,0,1.0,0.08450306721923204,0.012989781652549937,0.2895682195965038,0.0801480878091673,0.9189688366936194
mixture/transition1,cea-15,detached,intact,0,1.0,0.37492021718683005,0.15783596910140907,0.808202498032351,0.0801480878091673,0.6873441148505541
mixture/transition2,cea-15,detached,intact,0,1.0,0.08450306721923204,0.012989781652549937,0.2895682195965038,0.0801480878091673,0.9189688366936194
mixture/transition3,cea-15,detached,intact,0,1.0,0.08450306721923204,0.012989781652549937,0.2895682195965038,0.0801480878091673,0.9189688366936194
repaired/absolute,cea-15,detached,intact,0,1.0,0.0009804805139616427,9.800000000392828e-07,0.011582902361780037,1.9999999999999998e-05,0.9990199999999998
repaired/present,cea-15,detached,intact,0,0.0,2.0802818946775288,1.0621252925000002,1.2652230253095489,1.9999999999999998e-05,0.37464499999999995
repaired/recency,cea-15,detached,intact,0,1.0,0.05024121643674679,0.0024500000000000632,0.38625940550147086,0.001,0.951
repaired/reference,cea-15,detached,intact,0,1.0,0.0009804805139616427,9.800000000392828e-07,0.011582902361780037,1.9999999999999998e-05,0.9990199999999998
repaired/transition1,cea-15,detached,intact,0,1.0,0.0009804805139616427,9.800000000392828e-07,0.011582902361780037,1.9999999999999998e-05,0.9990199999999998
repaired/transition2,cea-15,detached,intact,0,1.0,0.0009804805139616427,9.800000000392828e-07,0.011582902361780037,1.9999999999999998e-05,0.9990199999999998
repaired/transition3,cea-15,detached,intact,0,1.0,0.0009804805139616427,9.800000000392828e-07,0.011582902361780037,1.9999999999999998e-05,0.9990199999999998
streaming/absolute,cea-15,detached,intact,0,0.0,2.0802818946775288,1.0621252925000002,1.2652230253095489,1.9999999999999998e-05,0.37464499999999995
streaming/present,cea-15,detached,intact,0,0.0,2.0802818946775288,1.0621252925000002,1.2652230253095489,1.9999999999999998e-05,0.37464499999999995
streaming/recency,cea-15,detached,intact,0,1.0,0.05024121643674679,0.0024500000000000632,0.38625940550147086,0.001,0.951
streaming/reference,cea-15,detached,intact,0,1.0,0.0009804805139616427,9.800000000392828e-07,0.011582902361780037,1.9999999999999998e-05,0.9990199999999998
streaming/transition1,cea-15,detached,intact,0,0.0,2.0802818946775288,1.0621252925000002,1.2652230253095489,1.9999999999999998e-05,0.37464499999999995
streaming/transition2,cea-15,detached,intact,0,0.0,2.0802818946775288,1.0621252925000002,1.2652230253095489,1.9999999999999998e-05,0.37464499999999995
streaming/transition3,cea-15,detached,intact,0,0.0,2.0802818946775288,1.0621252925000002,1.2652230253095489,1.9999999999999998e-05,0.37464499999999995
fixed/absolute,cea-15,detached,intact,0,0.0,2.0802818946775288,1.0621252925000002,1.2652230253095489,1.9999999999999998e-05,0.37464499999999995
fixed/present,cea-15,detached,intact,0,0.0,2.0802818946775288,1.0621252925000002,1.2652230253095489,1.9999999999999998e-05,0.37464499999999995
fixed/recency,cea-15,detached,intact,0,0.0,6.907755278982137,1.90245,0.38625940550147086,0.001,0.951
fixed/reference,cea-15,detached,intact,0,0.0,2.0802818946775288,1.0621252925000002,1.2652230253095489,1.9999999999999998e-05,0.37464499999999995
fixed/transition1,cea-15,detached,intact,0,0.0,10.819778284410283,1.4997376588581952,0.7030902164678295,0.5187186830042455,0.5187186830042455
fixed/transition2,cea-15,detached,intact,0,0.0,2.0802818946775288,1.0621252925000002,1.2652230253095489,1.9999999999999998e-05,0.37464499999999995
fixed/transition3,cea-15,detached,intact,0,0.0,2.0802818946775288,1.0621252925000002,1.2652230253095489,1.9999999999999998e-05,0.37464499999999995
oracle-boundary/absolute,cea-15,detached,intact,0,1.0,0.0009804805139616427,9.800000000392828e-07,0.011582902361780037,1.9999999999999998e-05,0.9990199999999998
oracle-boundary/present,cea-15,detached,intact,0,0.0,2.0802818946775288,1.0621252925000002,1.2652230253095489,1.9999999999999998e-05,0.37464499999999995
oracle-boundary/recency,cea-15,detached,intact,0,1.0,0.05024121643674679,0.0024500000000000632,0.38625940550147086,0.001,0.951
oracle-boundary/reference,cea-15,detached,intact,0,1.0,0.0009804805139616427,9.800000000392828e-07,0.011582902361780037,1.9999999999999998e-05,0.9990199999999998
oracle-boundary/transition1,cea-15,detached,intact,0,1.0,0.6941076416550698,0.5000004800000002,0.7038282854721148,2e-05,0.49952
oracle-boundary/transition2,cea-15,detached,intact,0,1.0,0.0009804805139616427,9.800000000392828e-07,0.011582902361780037,1.9999999999999998e-05,0.9990199999999998
oracle-boundary/transition3,cea-15,detached,intact,0,1.0,0.0009804805139616427,9.800000000392828e-07,0.011582902361780037,1.9999999999999998e-05,0.9990199999999998
map/absolute,cea-15,detached,intact,1,1.0,0.0009804805139614205,9.800000000392828e-07,0.011582902361779817,2e-05,0.99902
map/present,cea-15,detached,intact,1,0.0,2.0802818946775288,1.0621252925000002,1.2652230253095489,1.9999999999999998e-05,0.37464499999999995
map/recency,cea-15,detached,intact,1,1.0,0.05024121643674679,0.0024500000000000632,0.38625940550147086,0.001,0.951
map/reference,cea-15,detached,intact,1,1.0,0.0009804805139614205,9.800000000392828e-07,0.011582902361779817,2e-05,0.99902
map/transition1,cea-15,detached,intact,1,1.0,0.620055525309517,0.4261596280558517,0.7008742538444461,1.9999999999999998e-05,0.5379145688925162
map/transition2,cea-15,detached,intact,1,1.0,0.0009804805139614205,9.800000000392828e-07,0.011582902361779817,2e-05,0.99902
map/transition3,cea-15,detached,intact,1,1.0,0.0009804805139614205,9.800000000392828e-07,0.011582902361779817,2e-05,0.99902
mixture/absolute,cea-15,detached,intact,1,1.0,0.08450306721923179,0.012989781652549937,0.2895682195965036,0.0801480878091673,0.9189688366936196
mixture/present,cea-15,detached,intact,1,0.0,2.163804481382799,1.0405799873722907,1.4427545476157202,0.0801480878091673,0.3446248121389773
mixture/recency,cea-15,detached,intact,1,1.0,0.13376380314201722,0.022285522276914715,0.6293602191194465,0.08104956071257238,0.8747966644267704
mixture/reference,cea-15,detached,intact,1,1.0,0.08450306721923179,0.012989781652549937,0.2895682195965036,0.0801480878091673,0.9189688366936196
mixture/transition1,cea-15,detached,intact,1,1.0,0.37492021718683005,0.15783596910140907,0.808202498032351,0.0801480878091673,0.6873441148505541
mixture/transition2,cea-15,detached,intact,1,1.0,0.08450306721923179,0.012989781652549937,0.2895682195965036,0.0801480878091673,0.9189688366936196
mixture/transition3,cea-15,detached,intact,1,1.0,0.08450306721923179,0.012989781652549937,0.2895682195965036,0.0801480878091673,0.9189688366936196
repaired/absolute,cea-15,detached,intact,1,1.0,0.0009804805139614205,9.800000000392828e-07,0.011582902361779817,2e-05,0.99902
repaired/present,cea-15,detached,intact,1,0.0,2.0802818946775288,1.0621252925000002,1.2652230253095489,1.9999999999999998e-05,0.37464499999999995
repaired/recency,cea-15,detached,intact,1,1.0,0.05024121643674679,0.0024500000000000632,0.38625940550147086,0.001,0.951
repaired/reference,cea-15,detached,intact,1,1.0,0.0009804805139614205,9.800000000392828e-07,0.011582902361779817,2e-05,0.99902
repaired/transition1,cea-15,detached,intact,1,1.0,0.0009804805139614205,9.800000000392828e-07,0.011582902361779817,2e-05,0.99902
repaired/transition2,cea-15,detached,intact,1,1.0,0.0009804805139614205,9.800000000392828e-07,0.011582902361779817,2e-05,0.99902
repaired/transition3,cea-15,detached,intact,1,1.0,0.0009804805139614205,9.800000000392828e-07,0.011582902361779817,2e-05,0.99902
streaming/absolute,cea-15,detached,intact,1,0.0,2.0802818946775288,1.0621252925000002,1.2652230253095489,1.9999999999999998e-05,0.37464499999999995
streaming/present,cea-15,detached,intact,1,0.0,2.0802818946775288,1.0621252925000002,1.2652230253095489,1.9999999999999998e-05,0.37464499999999995
streaming/recency,cea-15,detached,intact,1,1.0,0.05024121643674679,0.0024500000000000632,0.38625940550147086,0.001,0.951
streaming/reference,cea-15,detached,intact,1,0.0,2.0802818946775288,1.0621252925000002,1.2652230253095489,1.9999999999999998e-05,0.37464499999999995
streaming/transition1,cea-15,detached,intact,1,0.0,2.0802818946775288,1.0621252925000002,1.2652230253095489,1.9999999999999998e-05,0.37464499999999995
streaming/transition2,cea-15,detached,intact,1,0.0,2.0802818946775288,1.0621252925000002,1.2652230253095489,1.9999999999999998e-05,0.37464499999999995
streaming/transition3,cea-15,detached,intact,1,0.0,2.0802818946775288,1.0621252925000002,1.2652230253095489,1.9999999999999998e-05,0.37464499999999995
fixed/absolute,cea-15,detached,intact,1,0.0,2.0802818946775288,1.0621252925000002,1.2652230253095489,1.9999999999999998e-05,0.37464499999999995
fixed/present,cea-15,detached,intact,1,0.0,2.0802818946775288,1.0621252925000002,1.2652230253095489,1.9999999999999998e-05,0.37464499999999995
fixed/recency,cea-15,detached,intact,1,0.0,6.907755278982137,1.90245,0.38625940550147086,0.001,0.951
fixed/reference,cea-15,detached,intact,1,0.0,2.0802818946775288,1.0621252925000002,1.2652230253095489,1.9999999999999998e-05,0.37464499999999995
fixed/transition1,cea-15,detached,intact,1,0.0,10.819778284410283,1.4997376588581948,0.7030902164678297,1.9999999999999998e-05,0.5187186830042454
fixed/transition2,cea-15,detached,intact,1,0.0,2.0802818946775288,1.0621252925000002,1.2652230253095489,1.9999999999999998e-05,0.37464499999999995
fixed/transition3,cea-15,detached,intact,1,0.0,2.0802818946775288,1.0621252925000002,1.2652230253095489,1.9999999999999998e-05,0.37464499999999995
oracle-boundary/absolute,cea-15,detached,intact,1,1.0,0.0009804805139614205,9.800000000392828e-07,0.011582902361779817,2e-05,0.99902
oracle-boundary/present,cea-15,detached,intact,1,0.0,2.0802818946775288,1.0621252925000002,1.2652230253095489,1.9999999999999998e-05,0.37464499999999995
oracle-boundary/recency,cea-15,detached,intact,1,1.0,0.05024121643674679,0.0024500000000000632,0.38625940550147086,0.001,0.951
oracle-boundary/reference,cea-15,detached,intact,1,1.0,0.0009804805139614205,9.800000000392828e-07,0.011582902361779817,2e-05,0.99902
oracle-boundary/transition1,cea-15,detached,intact,1,0.0,0.6941076416550698,0.5000004800000002,0.7038282854721148,2e-05,0.49952
oracle-boundary/transition2,cea-15,detached,intact,1,1.0,0.0009804805139614205,9.800000000392828e-07,0.011582902361779817,2e-05,0.99902
oracle-boundary/transition3,cea-15,detached,intact,1,1.0,0.0009804805139614205,9.800000000392828e-07,0.011582902361779817,2e-05,0.99902
map/absolute,cea-15,legato,intact,0,1.0,0.0009804805139616427,9.800000000392828e-07,0.011582902361780037,1.9999999999999998e-05,0.9990199999999998
map/present,cea-15,legato,intact,0,0.0,2.0802818946775288,1.0621252925000002,1.2652230253095489,1.9999999999999998e-05,0.37464499999999995
map/recency,cea-15,legato,intact,0,1.0,0.05024121643674679,0.0024500000000000632,0.38625940550147086,0.001,0.951
map/reference,cea-15,legato,intact,0,1.0,0.0009804805139616427,9.800000000392828e-07,0.011582902361780037,1.9999999999999998e-05,0.9990199999999998
map/transition1,cea-15,legato,intact,0,1.0,0.5532476811807433,0.3603006339672554,0.6923549690362607,1.9999999999999998e-05,0.575079100717629
map/transition2,cea-15,legato,intact,0,1.0,0.0009804805139616427,9.800000000392828e-07,0.011582902361780037,1.9999999999999998e-05,0.9990199999999998
map/transition3,cea-15,legato,intact,0,1.0,0.0009804805139616427,9.800000000392828e-07,0.011582902361780037,1.9999999999999998e-05,0.9990199999999998
mixture/absolute,cea-15,legato,intact,0,1.0,0.15430766426940676,0.04065842204468484,0.41861346711555447,0.14216815534763472,0.857008309610798
mixture/present,cea-15,legato,intact,0,0.0,2.233609078432974,1.0354696771134315,1.4940473949926145,0.14216815534763472,0.3213888392165697
mixture/recency,cea-15,legato,intact,0,1.0,0.20356840019219188,0.05441118890540575,0.7349570568141679,0.14300884736923442,0.8158144005524104
mixture/reference,cea-15,legato,intact,0,1.0,0.15430766426940676,0.04065842204468484,0.41861346711555447,0.14216815534763472,0.857008309610798
mixture/transition1,cea-15,legato,intact,0,1.0,0.4555451800317672,0.20378781185356099,0.9096361507877175,0.14216815534763472,0.6341021738534901
mixture/transition2,cea-15,legato,intact,0,1.0,0.15430766426940676,0.04065842204468484,0.41861346711555447,0.14216815534763472,0.857008309610798
mixture/transition3,cea-15,legato,intact,0,1.0,0.15430766426940676,0.04065842204468484,0.41861346711555447,0.14216815534763472,0.857008309610798
repaired/absolute,cea-15,legato,intact,0,1.0,0.0009804805139616427,9.800000000392828e-07,0.011582902361780037,1.9999999999999998e-05,0.9990199999999998
repaired/present,cea-15,legato,intact,0,0.0,2.0802818946775288,1.0621252925000002,1.2652230253095489,1.9999999999999998e-05,0.37464499999999995
repaired/recency,cea-15,legato,intact,0,1.0,0.05024121643674679,0.0024500000000000632,0.38625940550147086,0.001,0.951
repaired/reference,cea-15,legato,intact,0,1.0,0.0009804805139616427,9.800000000392828e-07,0.011582902361780037,1.9999999999999998e-05,0.9990199999999998
repaired/transition1,cea-15,legato,intact,0,1.0,0.0009804805139616427,9.800000000392828e-07,0.011582902361780037,1.9999999999999998e-05,0.9990199999999998
repaired/transition2,cea-15,legato,intact,0,1.0,0.0009804805139616427,9.800000000392828e-07,0.011582902361780037,1.9999999999999998e-05,0.9990199999999998
repaired/transition3,cea-15,legato,intact,0,1.0,0.0009804805139616427,9.800000000392828e-07,0.011582902361780037,1.9999999999999998e-05,0.9990199999999998
streaming/absolute,cea-15,legato,intact,0,0.0,2.0802818946775288,1.0621252925000002,1.2652230253095489,1.9999999999999998e-05,0.37464499999999995
streaming/present,cea-15,legato,intact,0,0.0,2.0802818946775288,1.0621252925000002,1.2652230253095489,1.9999999999999998e-05,0.37464499999999995
streaming/recency,cea-15,legato,intact,0,0.0,6.907755278982137,1.90245,0.38625940550147086,0.001,0.951
streaming/reference,cea-15,legato,intact,0,0.0,2.0802818946775288,1.0621252925000002,1.2652230253095489,1.9999999999999998e-05,0.37464499999999995
streaming/transition1,cea-15,legato,intact,0,0.0,2.0802818946775288,1.0621252925000002,1.2652230253095489,1.9999999999999998e-05,0.37464499999999995
streaming/transition2,cea-15,legato,intact,0,0.0,2.0802818946775288,1.0621252925000002,1.2652230253095489,1.9999999999999998e-05,0.37464499999999995
streaming/transition3,cea-15,legato,intact,0,0.0,2.0802818946775288,1.0621252925000002,1.2652230253095489,1.9999999999999998e-05,0.37464499999999995
fixed/absolute,cea-15,legato,intact,0,0.0,2.0802818946775288,1.0621252925000002,1.2652230253095489,1.9999999999999998e-05,0.37464499999999995
fixed/present,cea-15,legato,intact,0,0.0,2.0802818946775288,1.0621252925000002,1.2652230253095489,1.9999999999999998e-05,0.37464499999999995
fixed/recency,cea-15,legato,intact,0,0.0,6.907755278982137,1.90245,0.38625940550147086,0.001,0.951
fixed/reference,cea-15,legato,intact,0,0.0,2.0802818946775288,1.0621252925000002,1.2652230253095489,1.9999999999999998e-05,0.37464499999999995
fixed/transition1,cea-15,legato,intact,0,0.0,10.819778284410283,1.99800098,0.011582902361779817,2e-05,0.99902
fixed/transition2,cea-15,legato,intact,0,0.0,2.0802818946775288,1.0621252925000002,1.2652230253095489,1.9999999999999998e-05,0.37464499999999995
fixed/transition3,cea-15,legato,intact,0,0.0,2.0802818946775288,1.0621252925000002,1.2652230253095489,1.9999999999999998e-05,0.37464499999999995
oracle-boundary/absolute,cea-15,legato,intact,0,1.0,0.0009804805139616427,9.800000000392828e-07,0.011582902361780037,1.9999999999999998e-05,0.9990199999999998
oracle-boundary/present,cea-15,legato,intact,0,0.0,2.0802818946775288,1.0621252925000002,1.2652230253095489,1.9999999999999998e-05,0.37464499999999995
oracle-boundary/recency,cea-15,legato,intact,0,1.0,0.05024121643674679,0.0024500000000000632,0.38625940550147086,0.001,0.951
oracle-boundary/reference,cea-15,legato,intact,0,1.0,0.0009804805139616427,9.800000000392828e-07,0.011582902361780037,1.9999999999999998e-05,0.9990199999999998
oracle-boundary/transition1,cea-15,legato,intact,0,1.0,0.6941076416550698,0.5000004800000002,0.7038282854721148,2e-05,0.49952
oracle-boundary/transition2,cea-15,legato,intact,0,1.0,0.0009804805139616427,9.800000000392828e-07,0.011582902361780037,1.9999999999999998e-05,0.9990199999999998
oracle-boundary/transition3,cea-15,legato,intact,0,1.0,0.0009804805139616427,9.800000000392828e-07,0.011582902361780037,1.9999999999999998e-05,0.9990199999999998
map/absolute,cea-15,legato,intact,1,1.0,0.0009804805139614205,9.800000000392828e-07,0.011582902361779817,2e-05,0.99902
map/present,cea-15,legato,intact,1,0.0,2.0802818946775288,1.0621252925000002,1.2652230253095489,1.9999999999999998e-05,0.37464499999999995
map/recency,cea-15,legato,intact,1,1.0,0.05024121643674679,0.0024500000000000632,0.38625940550147086,0.001,0.951
map/reference,cea-15,legato,intact,1,1.0,0.0009804805139614205,9.800000000392828e-07,0.011582902361779817,2e-05,0.99902
map/transition1,cea-15,legato,intact,1,1.0,0.5532476811807432,0.3603006339672554,0.6923549690362607,2e-05,0.5750791007176291
map/transition2,cea-15,legato,intact,1,1.0,0.0009804805139614205,9.800000000392828e-07,0.011582902361779817,2e-05,0.99902
map/transition3,cea-15,legato,intact,1,1.0,0.0009804805139614205,9.800000000392828e-07,0.011582902361779817,2e-05,0.99902
mixture/absolute,cea-15,legato,intact,1,1.0,0.15430766426940662,0.04065842204468484,0.41861346711555436,0.14216815534763472,0.8570083096107981
mixture/present,cea-15,legato,intact,1,0.0,2.233609078432974,1.0354696771134315,1.4940473949926145,0.14216815534763472,0.3213888392165697
mixture/recency,cea-15,legato,intact,1,1.0,0.20356840019219188,0.05441118890540575,0.7349570568141679,0.14300884736923442,0.8158144005524104
mixture/reference,cea-15,legato,intact,1,1.0,0.15430766426940662,0.04065842204468484,0.41861346711555436,0.14216815534763472,0.8570083096107981
mixture/transition1,cea-15,legato,intact,1,1.0,0.455545180031767,0.20378781185356099,0.9096361507877175,0.14216815534763472,0.6341021738534902
mixture/transition2,cea-15,legato,intact,1,1.0,0.15430766426940662,0.04065842204468484,0.41861346711555436,0.14216815534763472,0.8570083096107981
mixture/transition3,cea-15,legato,intact,1,1.0,0.15430766426940662,0.04065842204468484,0.41861346711555436,0.14216815534763472,0.8570083096107981
repaired/absolute,cea-15,legato,intact,1,1.0,0.0009804805139614205,9.800000000392828e-07,0.011582902361779817,2e-05,0.99902
repaired/present,cea-15,legato,intact,1,0.0,2.0802818946775288,1.0621252925000002,1.2652230253095489,1.9999999999999998e-05,0.37464499999999995
repaired/recency,cea-15,legato,intact,1,1.0,0.05024121643674679,0.0024500000000000632,0.38625940550147086,0.001,0.951
repaired/reference,cea-15,legato,intact,1,1.0,0.0009804805139614205,9.800000000392828e-07,0.011582902361779817,2e-05,0.99902
repaired/transition1,cea-15,legato,intact,1,1.0,0.0009804805139614205,9.800000000392828e-07,0.011582902361779817,2e-05,0.99902
repaired/transition2,cea-15,legato,intact,1,1.0,0.0009804805139614205,9.800000000392828e-07,0.011582902361779817,2e-05,0.99902
repaired/transition3,cea-15,legato,intact,1,1.0,0.0009804805139614205,9.800000000392828e-07,0.011582902361779817,2e-05,0.99902
streaming/absolute,cea-15,legato,intact,1,0.0,2.0802818946775288,1.0621252925000002,1.2652230253095489,1.9999999999999998e-05,0.37464499999999995
streaming/present,cea-15,legato,intact,1,0.0,2.0802818946775288,1.0621252925000002,1.2652230253095489,1.9999999999999998e-05,0.37464499999999995
streaming/recency,cea-15,legato,intact,1,0.0,2.1223490426911127,1.0444812499999996,1.5615080942797084,0.001,0.35724999999999996
streaming/reference,cea-15,legato,intact,1,0.0,2.0802818946775288,1.0621252925000002,1.2652230253095489,1.9999999999999998e-05,0.37464499999999995
streaming/transition1,cea-15,legato,intact,1,0.0,2.0802818946775288,1.0621252925000002,1.2652230253095489,1.9999999999999998e-05,0.37464499999999995
streaming/transition2,cea-15,legato,intact,1,0.0,2.0802818946775288,1.0621252925000002,1.2652230253095489,1.9999999999999998e-05,0.37464499999999995
streaming/transition3,cea-15,legato,intact,1,0.0,2.0802818946775288,1.0621252925000002,1.2652230253095489,1.9999999999999998e-05,0.37464499999999995
fixed/absolute,cea-15,legato,intact,1,0.0,2.0802818946775288,1.0621252925000002,1.2652230253095489,1.9999999999999998e-05,0.37464499999999995
fixed/present,cea-15,legato,intact,1,0.0,2.0802818946775288,1.0621252925000002,1.2652230253095489,1.9999999999999998e-05,0.37464499999999995
fixed/recency,cea-15,legato,intact,1,0.0,6.907755278982137,1.90245,0.38625940550147086,0.001,0.951
fixed/reference,cea-15,legato,intact,1,0.0,2.0802818946775288,1.0621252925000002,1.2652230253095489,1.9999999999999998e-05,0.37464499999999995
fixed/transition1,cea-15,legato,intact,1,0.0,10.819778284410283,1.99800098,0.011582902361779817,2e-05,0.99902
fixed/transition2,cea-15,legato,intact,1,0.0,2.0802818946775288,1.0621252925000002,1.2652230253095489,1.9999999999999998e-05,0.37464499999999995
fixed/transition3,cea-15,legato,intact,1,0.0,2.0802818946775288,1.0621252925000002,1.2652230253095489,1.9999999999999998e-05,0.37464499999999995
oracle-boundary/absolute,cea-15,legato,intact,1,1.0,0.0009804805139614205,9.800000000392828e-07,0.011582902361779817,2e-05,0.99902
oracle-boundary/present,cea-15,legato,intact,1,0.0,2.0802818946775288,1.0621252925000002,1.2652230253095489,1.9999999999999998e-05,0.37464499999999995
oracle-boundary/recency,cea-15,legato,intact,1,1.0,0.05024121643674679,0.0024500000000000632,0.38625940550147086,0.001,0.951
oracle-boundary/reference,cea-15,legato,intact,1,1.0,0.0009804805139614205,9.800000000392828e-07,0.011582902361779817,2e-05,0.99902
oracle-boundary/transition1,cea-15,legato,intact,1,0.0,0.6941076416550698,0.5000004800000002,0.7038282854721148,2e-05,0.49952
oracle-boundary/transition2,cea-15,legato,intact,1,1.0,0.0009804805139614205,9.800000000392828e-07,0.011582902361779817,2e-05,0.99902
oracle-boundary/transition3,cea-15,legato,intact,1,1.0,0.0009804805139614205,9.800000000392828e-07,0.011582902361779817,2e-05,0.99902
map/absolute,cea-15,duration,intact,0,1.0,0.0009804805139616427,9.800000000392828e-07,0.011582902361780037,1.9999999999999998e-05,0.9990199999999998
map/present,cea-15,duration,intact,0,0.0,2.0802818946775288,1.0621252925000002,1.2652230253095489,1.9999999999999998e-05,0.37464499999999995
map/recency,cea-15,duration,intact,0,1.0,0.05024121643674679,0.0024500000000000632,0.38625940550147086,0.001,0.951
map/reference,cea-15,duration,intact,0,1.0,0.0009804805139616427,9.800000000392828e-07,0.011582902361780037,1.9999999999999998e-05,0.9990199999999998
map/transition1,cea-15,duration,intact,0,1.0,0.5176610963552544,0.32579818253249604,0.6851101252678528,1.9999999999999998e-05,0.5959127016687532
map/transition2,cea-15,duration,intact,0,1.0,0.0009804805139616427,9.800000000392828e-07,0.011582902361780037,1.9999999999999998e-05,0.9990199999999998
map/transition3,cea-15,duration,intact,0,1.0,0.0009804805139616427,9.800000000392828e-07,0.011582902361780037,1.9999999999999998e-05,0.9990199999999998
mixture/absolute,cea-15,duration,intact,0,1.0,0.15353216149763474,0.040279936853311105,0.41742301604854315,0.14150264635571191,0.8576731797013105
mixture/present,cea-15,duration,intact,0,0.0,2.2328335756612017,1.0354709448682895,1.4936912693865696,0.14150264635571191,0.3216381738195407
mixture/recency,cea-15,duration,intact,0,1.0,0.20279289742041995,0.05398877909772115,0.7340166128045801,0.14234399058916797,0.8164473122619631
mixture/reference,cea-15,duration,intact,0,1.0,0.15353216149763474,0.040279936853311105,0.41742301604854315,0.14150264635571191,0.8576731797013105
mixture/transition1,cea-15,duration,intact,0,1.0,0.4031722498248934,0.16602398100233384,0.8701561842732576,0.14150264635571191,0.6681969925953192
mixture/transition2,cea-15,duration,intact,0,1.0,0.15353216149763474,0.040279936853311105,0.41742301604854315,0.14150264635571191,0.8576731797013105
mixture/transition3,cea-15,duration,intact,0,1.0,0.15353216149763474,0.040279936853311105,0.41742301604854315,0.14150264635571191,0.8576731797013105
repaired/absolute,cea-15,duration,intact,0,1.0,0.0009804805139616427,9.800000000392828e-07,0.011582902361780037,1.9999999999999998e-05,0.9990199999999998
repaired/present,cea-15,duration,intact,0,0.0,2.0802818946775288,1.0621252925000002,1.2652230253095489,1.9999999999999998e-05,0.37464499999999995
repaired/recency,cea-15,duration,intact,0,1.0,0.05024121643674679,0.0024500000000000632,0.38625940550147086,0.001,0.951
repaired/reference,cea-15,duration,intact,0,1.0,0.0009804805139616427,9.800000000392828e-07,0.011582902361780037,1.9999999999999998e-05,0.9990199999999998
repaired/transition1,cea-15,duration,intact,0,1.0,0.0009804805139616427,9.800000000392828e-07,0.011582902361780037,1.9999999999999998e-05,0.9990199999999998
repaired/transition2,cea-15,duration,intact,0,1.0,0.0009804805139616427,9.800000000392828e-07,0.011582902361780037,1.9999999999999998e-05,0.9990199999999998
repaired/transition3,cea-15,duration,intact,0,1.0,0.0009804805139616427,9.800000000392828e-07,0.011582902361780037,1.9999999999999998e-05,0.9990199999999998
streaming/absolute,cea-15,duration,intact,0,0.0,2.0802818946775288,1.0621252925000002,1.2652230253095489,1.9999999999999998e-05,0.37464499999999995
streaming/present,cea-15,duration,intact,0,0.0,2.0802818946775288,1.0621252925000002,1.2652230253095489,1.9999999999999998e-05,0.37464499999999995
streaming/recency,cea-15,duration,intact,0,0.0,6.907755278982137,1.90245,0.38625940550147086,0.001,0.951
streaming/reference,cea-15,duration,intact,0,0.0,2.0802818946775288,1.0621252925000002,1.2652230253095489,1.9999999999999998e-05,0.37464499999999995
streaming/transition1,cea-15,duration,intact,0,0.0,2.0802818946775288,1.0621252925000002,1.2652230253095489,1.9999999999999998e-05,0.37464499999999995
streaming/transition2,cea-15,duration,intact,0,0.0,2.0802818946775288,1.0621252925000002,1.2652230253095489,1.9999999999999998e-05,0.37464499999999995
streaming/transition3,cea-15,duration,intact,0,0.0,2.0802818946775288,1.0621252925000002,1.2652230253095489,1.9999999999999998e-05,0.37464499999999995
fixed/absolute,cea-15,duration,intact,0,0.0,2.0802818946775288,1.0621252925000002,1.2652230253095489,1.9999999999999998e-05,0.37464499999999995
fixed/present,cea-15,duration,intact,0,0.0,2.0802818946775288,1.0621252925000002,1.2652230253095489,1.9999999999999998e-05,0.37464499999999995
fixed/recency,cea-15,duration,intact,0,0.0,6.907755278982137,1.90245,0.38625940550147086,0.001,0.951
fixed/reference,cea-15,duration,intact,0,0.0,2.0802818946775288,1.0621252925000002,1.2652230253095489,1.9999999999999998e-05,0.37464499999999995
fixed/transition1,cea-15,duration,intact,0,0.0,2.0802818946775288,1.0621252925000002,1.2652230253095489,1.9999999999999998e-05,0.37464499999999995
fixed/transition2,cea-15,duration,intact,0,0.0,2.0802818946775288,1.0621252925000002,1.2652230253095489,1.9999999999999998e-05,0.37464499999999995
fixed/transition3,cea-15,duration,intact,0,0.0,2.0802818946775288,1.0621252925000002,1.2652230253095489,1.9999999999999998e-05,0.37464499999999995
oracle-boundary/absolute,cea-15,duration,intact,0,1.0,0.0009804805139616427,9.800000000392828e-07,0.011582902361780037,1.9999999999999998e-05,0.9990199999999998
oracle-boundary/present,cea-15,duration,intact,0,0.0,2.0802818946775288,1.0621252925000002,1.2652230253095489,1.9999999999999998e-05,0.37464499999999995
oracle-boundary/recency,cea-15,duration,intact,0,1.0,0.05024121643674679,0.0024500000000000632,0.38625940550147086,0.001,0.951
oracle-boundary/reference,cea-15,duration,intact,0,1.0,0.0009804805139616427,9.800000000392828e-07,0.011582902361780037,1.9999999999999998e-05,0.9990199999999998
oracle-boundary/transition1,cea-15,duration,intact,0,1.0,0.6941076416550698,0.5000004800000002,0.7038282854721148,2e-05,0.49952
oracle-boundary/transition2,cea-15,duration,intact,0,1.0,0.0009804805139616427,9.800000000392828e-07,0.011582902361780037,1.9999999999999998e-05,0.9990199999999998
oracle-boundary/transition3,cea-15,duration,intact,0,1.0,0.0009804805139616427,9.800000000392828e-07,0.011582902361780037,1.9999999999999998e-05,0.9990199999999998
map/absolute,cea-15,duration,intact,1,1.0,0.0009804805139614205,9.800000000392828e-07,0.011582902361779817,2e-05,0.99902
map/present,cea-15,duration,intact,1,0.0,2.0802818946775288,1.0621252925000002,1.2652230253095489,1.9999999999999998e-05,0.37464499999999995
map/recency,cea-15,duration,intact,1,1.0,0.05024121643674679,0.0024500000000000632,0.38625940550147086,0.001,0.951
map/reference,cea-15,duration,intact,1,1.0,0.0009804805139614205,9.800000000392828e-07,0.011582902361779817,2e-05,0.99902
map/transition1,cea-15,duration,intact,1,1.0,0.5176610963552544,0.32579818253249604,0.6851101252678528,1.9999999999999998e-05,0.5959127016687532
map/transition2,cea-15,duration,intact,1,1.0,0.0009804805139614205,9.800000000392828e-07,0.011582902361779817,2e-05,0.99902
map/transition3,cea-15,duration,intact,1,1.0,0.0009804805139614205,9.800000000392828e-07,0.011582902361779817,2e-05,0.99902
mixture/absolute,cea-15,duration,intact,1,1.0,0.1535321614976345,0.040279936853311105,0.417423016048543,0.14150264635571191,0.8576731797013107
mixture/present,cea-15,duration,intact,1,0.0,2.2328335756612017,1.0354709448682895,1.4936912693865696,0.14150264635571191,0.3216381738195407
mixture/recency,cea-15,duration,intact,1,1.0,0.20279289742041995,0.05398877909772115,0.7340166128045801,0.14234399058916797,0.8164473122619631
mixture/reference,cea-15,duration,intact,1,1.0,0.1535321614976345,0.040279936853311105,0.417423016048543,0.14150264635571191,0.8576731797013107
mixture/transition1,cea-15,duration,intact,1,1.0,0.4031722498248934,0.16602398100233384,0.8701561842732576,0.14150264635571191,0.6681969925953192
mixture/transition2,cea-15,duration,intact,1,1.0,0.1535321614976345,0.040279936853311105,0.417423016048543,0.14150264635571191,0.8576731797013107
mixture/transition3,cea-15,duration,intact,1,1.0,0.1535321614976345,0.040279936853311105,0.417423016048543,0.14150264635571191,0.8576731797013107
repaired/absolute,cea-15,duration,intact,1,1.0,0.0009804805139614205,9.800000000392828e-07,0.011582902361779817,2e-05,0.99902
repaired/present,cea-15,duration,intact,1,0.0,2.0802818946775288,1.0621252925000002,1.2652230253095489,1.9999999999999998e-05,0.37464499999999995
repaired/recency,cea-15,duration,intact,1,1.0,0.05024121643674679,0.0024500000000000632,0.38625940550147086,0.001,0.951
repaired/reference,cea-15,duration,intact,1,1.0,0.0009804805139614205,9.800000000392828e-07,0.011582902361779817,2e-05,0.99902
repaired/transition1,cea-15,duration,intact,1,1.0,0.0009804805139614205,9.800000000392828e-07,0.011582902361779817,2e-05,0.99902
repaired/transition2,cea-15,duration,intact,1,1.0,0.0009804805139614205,9.800000000392828e-07,0.011582902361779817,2e-05,0.99902
repaired/transition3,cea-15,duration,intact,1,1.0,0.0009804805139614205,9.800000000392828e-07,0.011582902361779817,2e-05,0.99902
streaming/absolute,cea-15,duration,intact,1,0.0,2.0802818946775288,1.0621252925000002,1.2652230253095489,1.9999999999999998e-05,0.37464499999999995
streaming/present,cea-15,duration,intact,1,0.0,2.0802818946775288,1.0621252925000002,1.2652230253095489,1.9999999999999998e-05,0.37464499999999995
streaming/recency,cea-15,duration,intact,1,0.0,2.1223490426911127,1.0444812499999996,1.5615080942797084,0.001,0.35724999999999996
streaming/reference,cea-15,duration,intact,1,0.0,2.0802818946775288,1.0621252925000002,1.2652230253095489,1.9999999999999998e-05,0.37464499999999995
streaming/transition1,cea-15,duration,intact,1,0.0,2.0802818946775288,1.0621252925000002,1.2652230253095489,1.9999999999999998e-05,0.37464499999999995
streaming/transition2,cea-15,duration,intact,1,0.0,2.0802818946775288,1.0621252925000002,1.2652230253095489,1.9999999999999998e-05,0.37464499999999995
streaming/transition3,cea-15,duration,intact,1,0.0,2.0802818946775288,1.0621252925000002,1.2652230253095489,1.9999999999999998e-05,0.37464499999999995
fixed/absolute,cea-15,duration,intact,1,0.0,2.0802818946775288,1.0621252925000002,1.2652230253095489,1.9999999999999998e-05,0.37464499999999995
fixed/present,cea-15,duration,intact,1,0.0,2.0802818946775288,1.0621252925000002,1.2652230253095489,1.9999999999999998e-05,0.37464499999999995
fixed/recency,cea-15,duration,intact,1,0.0,6.907755278982137,1.90245,0.38625940550147086,0.951,0.951
fixed/reference,cea-15,duration,intact,1,0.0,2.0802818946775288,1.0621252925000002,1.2652230253095489,1.9999999999999998e-05,0.37464499999999995
fixed/transition1,cea-15,duration,intact,1,0.0,2.0802818946775288,1.0621252925000002,1.2652230253095489,1.9999999999999998e-05,0.37464499999999995
fixed/transition2,cea-15,duration,intact,1,0.0,2.0802818946775288,1.0621252925000002,1.2652230253095489,1.9999999999999998e-05,0.37464499999999995
fixed/transition3,cea-15,duration,intact,1,0.0,2.0802818946775288,1.0621252925000002,1.2652230253095489,1.9999999999999998e-05,0.37464499999999995
oracle-boundary/absolute,cea-15,duration,intact,1,1.0,0.0009804805139614205,9.800000000392828e-07,0.011582902361779817,2e-05,0.99902
oracle-boundary/present,cea-15,duration,intact,1,0.0,2.0802818946775288,1.0621252925000002,1.2652230253095489,1.9999999999999998e-05,0.37464499999999995
oracle-boundary/recency,cea-15,duration,intact,1,1.0,0.05024121643674679,0.0024500000000000632,0.38625940550147086,0.001,0.951
oracle-boundary/reference,cea-15,duration,intact,1,1.0,0.0009804805139614205,9.800000000392828e-07,0.011582902361779817,2e-05,0.99902
oracle-boundary/transition1,cea-15,duration,intact,1,0.0,0.6941076416550698,0.5000004800000002,0.7038282854721148,2e-05,0.49952
oracle-boundary/transition2,cea-15,duration,intact,1,1.0,0.0009804805139614205,9.800000000392828e-07,0.011582902361779817,2e-05,0.99902
oracle-boundary/transition3,cea-15,duration,intact,1,1.0,0.0009804805139614205,9.800000000392828e-07,0.011582902361779817,2e-05,0.99902
map/absolute,cea-15,joint,intact,0,1.0,0.0009804805139616427,9.800000000392828e-07,0.011582902361780037,1.9999999999999998e-05,0.9990199999999998
map/present,cea-15,joint,intact,0,0.0,2.0802818946775288,1.0621252925000002,1.2652230253095489,1.9999999999999998e-05,0.37464499999999995
map/recency,cea-15,joint,intact,0,1.0,0.05024121643674679,0.0024500000000000632,0.38625940550147086,0.001,0.951
map/reference,cea-15,joint,intact,0,1.0,0.0009804805139616427,9.800000000392828e-07,0.011582902361780037,1.9999999999999998e-05,0.9990199999999998
map/transition1,cea-15,joint,intact,0,1.0,0.0009804805139616427,9.800000000392828e-07,0.011582902361780037,1.9999999999999998e-05,0.9990199999999998
map/transition2,cea-15,joint,intact,0,1.0,0.0009804805139616427,9.800000000392828e-07,0.011582902361780037,1.9999999999999998e-05,0.9990199999999998
map/transition3,cea-15,joint,intact,0,1.0,0.0009804805139616427,9.800000000392828e-07,0.011582902361780037,1.9999999999999998e-05,0.9990199999999998
mixture/absolute,cea-15,joint,intact,0,1.0,0.21787682465986533,0.06251897514569515,0.6453770065274961,0.15335669867811552,0.8042244961917601
mixture/present,cea-15,joint,intact,0,0.0,2.246737699359907,1.0356223640334776,1.4995015799955898,0.15335669867811552,0.31719702356420865
mixture/recency,cea-15,joint,intact,0,1.0,0.21669702111912492,0.06176507773487305,0.7502383756685674,0.15418642570795155,0.8051738830347729
mixture/reference,cea-15,joint,intact,0,1.0,0.21787682465986533,0.06251897514569515,0.6453770065274961,0.15335669867811552,0.8042244961917601
mixture/transition1,cea-15,joint,intact,0,1.0,0.4368746560245646,0.18871524667851292,0.9002920758565636,0.15335669867811552,0.646052405112532
mixture/transition2,cea-15,joint,intact,0,1.0,0.16743628519633996,0.047286523211367726,0.43809433948870735,0.15335669867811552,0.8458305074967387
mixture/transition3,cea-15,joint,intact,0,1.0,0.21787682465986533,0.06251897514569515,0.6453770065274961,0.15335669867811552,0.8042244961917601
repaired/absolute,cea-15,joint,intact,0,1.0,0.0009804805139616427,9.800000000392828e-07,0.011582902361780037,1.9999999999999998e-05,0.9990199999999998
repaired/present,cea-15,joint,intact,0,0.0,2.0802818946775288,1.0621252925000002,1.2652230253095489,1.9999999999999998e-05,0.37464499999999995
repaired/recency,cea-15,joint,intact,0,1.0,0.05024121643674679,0.0024500000000000632,0.38625940550147086,0.001,0.951
repaired/reference,cea-15,joint,intact,0,1.0,0.0009804805139616427,9.800000000392828e-07,0.011582902361780037,1.9999999999999998e-05,0.9990199999999998
repaired/transition1,cea-15,joint,intact,0,1.0,0.0009804805139616427,9.800000000392828e-07,0.011582902361780037,1.9999999999999998e-05,0.9990199999999998
repaired/transition2,cea-15,joint,intact,0,1.0,0.0009804805139616427,9.800000000392828e-07,0.011582902361780037,1.9999999999999998e-05,0.9990199999999998
repaired/transition3,cea-15,joint,intact,0,1.0,0.0009804805139616427,9.800000000392828e-07,0.011582902361780037,1.9999999999999998e-05,0.9990199999999998
streaming/absolute,cea-15,joint,intact,0,0.0,2.0802818946775288,1.0621252925000002,1.2652230253095489,1.9999999999999998e-05,0.37464499999999995
streaming/present,cea-15,joint,intact,0,0.0,2.0802818946775288,1.0621252925000002,1.2652230253095489,1.9999999999999998e-05,0.37464499999999995
streaming/recency,cea-15,joint,intact,0,0.0,2.1223490426911127,1.0444812499999996,1.5615080942797084,0.001,0.35724999999999996
streaming/reference,cea-15,joint,intact,0,0.0,2.0802818946775288,1.0621252925000002,1.2652230253095489,1.9999999999999998e-05,0.37464499999999995
streaming/transition1,cea-15,joint,intact,0,0.0,2.0802818946775288,1.0621252925000002,1.2652230253095489,1.9999999999999998e-05,0.37464499999999995
streaming/transition2,cea-15,joint,intact,0,0.0,2.0802818946775288,1.0621252925000002,1.2652230253095489,1.9999999999999998e-05,0.37464499999999995
streaming/transition3,cea-15,joint,intact,0,0.0,2.0802818946775288,1.0621252925000002,1.2652230253095489,1.9999999999999998e-05,0.37464499999999995
fixed/absolute,cea-15,joint,intact,0,0.0,2.0802818946775288,1.0621252925000002,1.2652230253095489,1.9999999999999998e-05,0.37464499999999995
fixed/present,cea-15,joint,intact,0,0.0,2.0802818946775288,1.0621252925000002,1.2652230253095489,1.9999999999999998e-05,0.37464499999999995
fixed/recency,cea-15,joint,intact,0,0.0,2.1223490426911127,1.0444812499999996,1.5615080942797084,0.001,0.35724999999999996
fixed/reference,cea-15,joint,intact,0,0.0,2.0802818946775288,1.0621252925000002,1.2652230253095489,1.9999999999999998e-05,0.37464499999999995
fixed/transition1,cea-15,joint,intact,0,0.0,2.0802818946775288,1.0621252925000002,1.2652230253095489,1.9999999999999998e-05,0.37464499999999995
fixed/transition2,cea-15,joint,intact,0,0.0,2.0802818946775288,1.0621252925000002,1.2652230253095489,1.9999999999999998e-05,0.37464499999999995
fixed/transition3,cea-15,joint,intact,0,0.0,2.0802818946775288,1.0621252925000002,1.2652230253095489,1.9999999999999998e-05,0.37464499999999995
oracle-boundary/absolute,cea-15,joint,intact,0,1.0,0.0009804805139616427,9.800000000392828e-07,0.011582902361780037,1.9999999999999998e-05,0.9990199999999998
oracle-boundary/present,cea-15,joint,intact,0,0.0,2.0802818946775288,1.0621252925000002,1.2652230253095489,1.9999999999999998e-05,0.37464499999999995
oracle-boundary/recency,cea-15,joint,intact,0,1.0,0.05024121643674679,0.0024500000000000632,0.38625940550147086,0.001,0.951
oracle-boundary/reference,cea-15,joint,intact,0,1.0,0.0009804805139616427,9.800000000392828e-07,0.011582902361780037,1.9999999999999998e-05,0.9990199999999998
oracle-boundary/transition1,cea-15,joint,intact,0,1.0,0.6941076416550698,0.5000004800000002,0.7038282854721148,2e-05,0.49952
oracle-boundary/transition2,cea-15,joint,intact,0,1.0,0.0009804805139616427,9.800000000392828e-07,0.011582902361780037,1.9999999999999998e-05,0.9990199999999998
oracle-boundary/transition3,cea-15,joint,intact,0,1.0,0.0009804805139616427,9.800000000392828e-07,0.011582902361780037,1.9999999999999998e-05,0.9990199999999998
map/absolute,cea-15,joint,intact,1,1.0,0.0009804805139614205,9.800000000392828e-07,0.011582902361779817,2e-05,0.99902
map/present,cea-15,joint,intact,1,0.0,2.0802818946775288,1.0621252925000002,1.2652230253095489,1.9999999999999998e-05,0.37464499999999995
map/recency,cea-15,joint,intact,1,1.0,0.05024121643674679,0.0024500000000000632,0.38625940550147086,0.001,0.951
map/reference,cea-15,joint,intact,1,1.0,0.0009804805139614205,9.800000000392828e-07,0.011582902361779817,2e-05,0.99902
map/transition1,cea-15,joint,intact,1,1.0,0.0009804805139614205,9.800000000392828e-07,0.011582902361779817,2e-05,0.99902
map/transition2,cea-15,joint,intact,1,1.0,0.0009804805139614205,9.800000000392828e-07,0.011582902361779817,2e-05,0.99902
map/transition3,cea-15,joint,intact,1,1.0,0.0009804805139614205,9.800000000392828e-07,0.011582902361779817,2e-05,0.99902
mixture/absolute,cea-15,joint,intact,1,1.0,0.36009723944180416,0.1341392798316221,0.9224572197897959,0.19585040688932645,0.6976084877128594
mixture/present,cea-15,joint,intact,1,0.0,2.298231860504986,1.0391949782169698,1.5118546028985935,0.19585040688932645,0.3012766498439451
mixture/recency,cea-15,joint,intact,1,1.0,0.36638732850476113,0.13517079373702923,1.0951672832389885,0.19663848925222221,0.6932342398208137
mixture/reference,cea-15,joint,intact,1,1.0,0.36009723944180416,0.1341392798316221,0.9224572197897959,0.19585040688932645,0.6976084877128594
mixture/transition1,cea-15,joint,intact,1,1.0,0.584545781007418,0.2813879885979671,1.1103820975099483,0.19585040688932645,0.5573589673538082
mixture/transition2,cea-15,joint,intact,1,1.0,0.31036417144330763,0.11146336260236755,0.8119665307184487,0.19585040688932645,0.7331799044169239
mixture/transition3,cea-15,joint,intact,1,1.0,0.36009723944180416,0.1341392798316221,0.9224572197897959,0.19585040688932645,0.6976084877128594
repaired/absolute,cea-15,joint,intact,1,1.0,0.0009804805139614205,9.800000000392828e-07,0.011582902361779817,2e-05,0.99902
repaired/present,cea-15,joint,intact,1,0.0,2.0802818946775288,1.0621252925000002,1.2652230253095489,1.9999999999999998e-05,0.37464499999999995
repaired/recency,cea-15,joint,intact,1,1.0,0.05024121643674679,0.0024500000000000632,0.38625940550147086,0.001,0.951
repaired/reference,cea-15,joint,intact,1,1.0,0.0009804805139614205,9.800000000392828e-07,0.011582902361779817,2e-05,0.99902
repaired/transition1,cea-15,joint,intact,1,1.0,0.0009804805139614205,9.800000000392828e-07,0.011582902361779817,2e-05,0.99902
repaired/transition2,cea-15,joint,intact,1,1.0,0.0009804805139614205,9.800000000392828e-07,0.011582902361779817,2e-05,0.99902
repaired/transition3,cea-15,joint,intact,1,1.0,0.0009804805139614205,9.800000000392828e-07,0.011582902361779817,2e-05,0.99902
streaming/absolute,cea-15,joint,intact,1,0.0,2.0802818946775288,1.0621252925000002,1.2652230253095489,1.9999999999999998e-05,0.37464499999999995
streaming/present,cea-15,joint,intact,1,0.0,2.0802818946775288,1.0621252925000002,1.2652230253095489,1.9999999999999998e-05,0.37464499999999995
streaming/recency,cea-15,joint,intact,1,0.0,2.1223490426911127,1.0444812499999996,1.5615080942797084,0.001,0.35724999999999996
streaming/reference,cea-15,joint,intact,1,0.0,2.0802818946775288,1.0621252925000002,1.2652230253095489,1.9999999999999998e-05,0.37464499999999995
streaming/transition1,cea-15,joint,intact,1,0.0,2.0802818946775288,1.0621252925000002,1.2652230253095489,1.9999999999999998e-05,0.37464499999999995
streaming/transition2,cea-15,joint,intact,1,0.0,2.0802818946775288,1.0621252925000002,1.2652230253095489,1.9999999999999998e-05,0.37464499999999995
streaming/transition3,cea-15,joint,intact,1,0.0,2.0802818946775288,1.0621252925000002,1.2652230253095489,1.9999999999999998e-05,0.37464499999999995
fixed/absolute,cea-15,joint,intact,1,0.0,2.0802818946775288,1.0621252925000002,1.2652230253095489,1.9999999999999998e-05,0.37464499999999995
fixed/present,cea-15,joint,intact,1,0.0,2.0802818946775288,1.0621252925000002,1.2652230253095489,1.9999999999999998e-05,0.37464499999999995
fixed/recency,cea-15,joint,intact,1,0.0,2.1223490426911127,1.0444812499999996,1.5615080942797084,0.001,0.35724999999999996
fixed/reference,cea-15,joint,intact,1,0.0,2.0802818946775288,1.0621252925000002,1.2652230253095489,1.9999999999999998e-05,0.37464499999999995
fixed/transition1,cea-15,joint,intact,1,0.0,2.0802818946775288,1.0621252925000002,1.2652230253095489,1.9999999999999998e-05,0.37464499999999995
fixed/transition2,cea-15,joint,intact,1,0.0,2.0802818946775288,1.0621252925000002,1.2652230253095489,1.9999999999999998e-05,0.37464499999999995
fixed/transition3,cea-15,joint,intact,1,0.0,2.0802818946775288,1.0621252925000002,1.2652230253095489,1.9999999999999998e-05,0.37464499999999995
oracle-boundary/absolute,cea-15,joint,intact,1,1.0,0.0009804805139614205,9.800000000392828e-07,0.011582902361779817,2e-05,0.99902
oracle-boundary/present,cea-15,joint,intact,1,0.0,2.0802818946775288,1.0621252925000002,1.2652230253095489,1.9999999999999998e-05,0.37464499999999995
oracle-boundary/recency,cea-15,joint,intact,1,1.0,0.05024121643674679,0.0024500000000000632,0.38625940550147086,0.001,0.951
oracle-boundary/reference,cea-15,joint,intact,1,1.0,0.0009804805139614205,9.800000000392828e-07,0.011582902361779817,2e-05,0.99902
oracle-boundary/transition1,cea-15,joint,intact,1,0.0,0.6941076416550698,0.5000004800000002,0.7038282854721148,2e-05,0.49952
oracle-boundary/transition2,cea-15,joint,intact,1,1.0,0.0009804805139614205,9.800000000392828e-07,0.011582902361779817,2e-05,0.99902
oracle-boundary/transition3,cea-15,joint,intact,1,1.0,0.0009804805139614205,9.800000000392828e-07,0.011582902361779817,2e-05,0.99902
map/absolute,cea-15,joint,reset,0,0.0,2.0802818946775288,1.0621252925000002,1.2652230253095489,1.9999999999999998e-05,0.37464499999999995
map/present,cea-15,joint,reset,0,0.0,2.0802818946775288,1.0621252925000002,1.2652230253095489,1.9999999999999998e-05,0.37464499999999995
map/recency,cea-15,joint,reset,0,0.0,2.1223490426911127,1.0444812499999996,1.5615080942797084,0.001,0.35724999999999996
map/reference,cea-15,joint,reset,0,0.0,2.0802818946775288,1.0621252925000002,1.2652230253095489,1.9999999999999998e-05,0.37464499999999995
map/transition1,cea-15,joint,reset,0,0.0,2.0802818946775288,1.0621252925000002,1.2652230253095489,1.9999999999999998e-05,0.37464499999999995
map/transition2,cea-15,joint,reset,0,0.0,2.0802818946775288,1.0621252925000002,1.2652230253095489,1.9999999999999998e-05,0.37464499999999995
map/transition3,cea-15,joint,reset,0,0.0,2.0802818946775288,1.0621252925000002,1.2652230253095489,1.9999999999999998e-05,0.37464499999999995
mixture/absolute,cea-15,joint,reset,0,0.0,2.0802818946775288,1.0621252925000002,1.2652230253095489,1.9999999999999998e-05,0.37464499999999995
mixture/present,cea-15,joint,reset,0,0.0,2.0802818946775288,1.0621252925000002,1.2652230253095489,1.9999999999999998e-05,0.37464499999999995
mixture/recency,cea-15,joint,reset,0,0.0,2.1223490426911127,1.0444812499999996,1.5615080942797084,0.001,0.35724999999999996
mixture/reference,cea-15,joint,reset,0,0.0,2.0802818946775288,1.0621252925000002,1.2652230253095489,1.9999999999999998e-05,0.37464499999999995
mixture/transition1,cea-15,joint,reset,0,0.0,2.0802818946775288,1.0621252925000002,1.2652230253095489,1.9999999999999998e-05,0.37464499999999995
mixture/transition2,cea-15,joint,reset,0,0.0,2.0802818946775288,1.0621252925000002,1.2652230253095489,1.9999999999999998e-05,0.37464499999999995
mixture/transition3,cea-15,joint,reset,0,0.0,2.0802818946775288,1.0621252925000002,1.2652230253095489,1.9999999999999998e-05,0.37464499999999995
repaired/absolute,cea-15,joint,reset,0,0.0,2.0802818946775288,1.0621252925000002,1.2652230253095489,1.9999999999999998e-05,0.37464499999999995
repaired/present,cea-15,joint,reset,0,0.0,2.0802818946775288,1.0621252925000002,1.2652230253095489,1.9999999999999998e-05,0.37464499999999995
repaired/recency,cea-15,joint,reset,0,0.0,2.1223490426911127,1.0444812499999996,1.5615080942797084,0.001,0.35724999999999996
repaired/reference,cea-15,joint,reset,0,0.0,2.0802818946775288,1.0621252925000002,1.2652230253095489,1.9999999999999998e-05,0.37464499999999995
repaired/transition1,cea-15,joint,reset,0,0.0,2.0802818946775288,1.0621252925000002,1.2652230253095489,1.9999999999999998e-05,0.37464499999999995
repaired/transition2,cea-15,joint,reset,0,0.0,2.0802818946775288,1.0621252925000002,1.2652230253095489,1.9999999999999998e-05,0.37464499999999995
repaired/transition3,cea-15,joint,reset,0,0.0,2.0802818946775288,1.0621252925000002,1.2652230253095489,1.9999999999999998e-05,0.37464499999999995
streaming/absolute,cea-15,joint,reset,0,0.0,2.0802818946775288,1.0621252925000002,1.2652230253095489,1.9999999999999998e-05,0.37464499999999995
streaming/present,cea-15,joint,reset,0,0.0,2.0802818946775288,1.0621252925000002,1.2652230253095489,1.9999999999999998e-05,0.37464499999999995
streaming/recency,cea-15,joint,reset,0,0.0,2.1223490426911127,1.0444812499999996,1.5615080942797084,0.001,0.35724999999999996
streaming/reference,cea-15,joint,reset,0,0.0,2.0802818946775288,1.0621252925000002,1.2652230253095489,1.9999999999999998e-05,0.37464499999999995
streaming/transition1,cea-15,joint,reset,0,0.0,2.0802818946775288,1.0621252925000002,1.2652230253095489,1.9999999999999998e-05,0.37464499999999995
streaming/transition2,cea-15,joint,reset,0,0.0,2.0802818946775288,1.0621252925000002,1.2652230253095489,1.9999999999999998e-05,0.37464499999999995
streaming/transition3,cea-15,joint,reset,0,0.0,2.0802818946775288,1.0621252925000002,1.2652230253095489,1.9999999999999998e-05,0.37464499999999995
fixed/absolute,cea-15,joint,reset,0,0.0,2.0802818946775288,1.0621252925000002,1.2652230253095489,1.9999999999999998e-05,0.37464499999999995
fixed/present,cea-15,joint,reset,0,0.0,2.0802818946775288,1.0621252925000002,1.2652230253095489,1.9999999999999998e-05,0.37464499999999995
fixed/recency,cea-15,joint,reset,0,0.0,2.1223490426911127,1.0444812499999996,1.5615080942797084,0.001,0.35724999999999996
fixed/reference,cea-15,joint,reset,0,0.0,2.0802818946775288,1.0621252925000002,1.2652230253095489,1.9999999999999998e-05,0.37464499999999995
fixed/transition1,cea-15,joint,reset,0,0.0,2.0802818946775288,1.0621252925000002,1.2652230253095489,1.9999999999999998e-05,0.37464499999999995
fixed/transition2,cea-15,joint,reset,0,0.0,2.0802818946775288,1.0621252925000002,1.2652230253095489,1.9999999999999998e-05,0.37464499999999995
fixed/transition3,cea-15,joint,reset,0,0.0,2.0802818946775288,1.0621252925000002,1.2652230253095489,1.9999999999999998e-05,0.37464499999999995
oracle-boundary/absolute,cea-15,joint,reset,0,0.0,2.0802818946775288,1.0621252925000002,1.2652230253095489,1.9999999999999998e-05,0.37464499999999995
oracle-boundary/present,cea-15,joint,reset,0,0.0,2.0802818946775288,1.0621252925000002,1.2652230253095489,1.9999999999999998e-05,0.37464499999999995
oracle-boundary/recency,cea-15,joint,reset,0,0.0,2.1223490426911127,1.0444812499999996,1.5615080942797084,0.001,0.35724999999999996
oracle-boundary/reference,cea-15,joint,reset,0,0.0,2.0802818946775288,1.0621252925000002,1.2652230253095489,1.9999999999999998e-05,0.37464499999999995
oracle-boundary/transition1,cea-15,joint,reset,0,0.0,2.0802818946775288,1.0621252925000002,1.2652230253095489,1.9999999999999998e-05,0.37464499999999995
oracle-boundary/transition2,cea-15,joint,reset,0,0.0,2.0802818946775288,1.0621252925000002,1.2652230253095489,1.9999999999999998e-05,0.37464499999999995
oracle-boundary/transition3,cea-15,joint,reset,0,0.0,2.0802818946775288,1.0621252925000002,1.2652230253095489,1.9999999999999998e-05,0.37464499999999995
map/absolute,cea-15,joint,reset,1,0.0,2.0802818946775288,1.0621252925000002,1.2652230253095489,1.9999999999999998e-05,0.37464499999999995
map/present,cea-15,joint,reset,1,0.0,2.0802818946775288,1.0621252925000002,1.2652230253095489,1.9999999999999998e-05,0.37464499999999995
map/recency,cea-15,joint,reset,1,0.0,2.1223490426911127,1.0444812499999996,1.5615080942797084,0.001,0.35724999999999996
map/reference,cea-15,joint,reset,1,0.0,2.0802818946775288,1.0621252925000002,1.2652230253095489,1.9999999999999998e-05,0.37464499999999995
map/transition1,cea-15,joint,reset,1,0.0,2.0802818946775288,1.0621252925000002,1.2652230253095489,1.9999999999999998e-05,0.37464499999999995
map/transition2,cea-15,joint,reset,1,0.0,2.0802818946775288,1.0621252925000002,1.2652230253095489,1.9999999999999998e-05,0.37464499999999995
map/transition3,cea-15,joint,reset,1,0.0,2.0802818946775288,1.0621252925000002,1.2652230253095489,1.9999999999999998e-05,0.37464499999999995
mixture/absolute,cea-15,joint,reset,1,0.0,2.0802818946775288,1.0621252925000002,1.2652230253095489,1.9999999999999998e-05,0.37464499999999995
mixture/present,cea-15,joint,reset,1,0.0,2.0802818946775288,1.0621252925000002,1.2652230253095489,1.9999999999999998e-05,0.37464499999999995
mixture/recency,cea-15,joint,reset,1,0.0,2.1223490426911127,1.0444812499999996,1.5615080942797084,0.001,0.35724999999999996
mixture/reference,cea-15,joint,reset,1,0.0,2.0802818946775288,1.0621252925000002,1.2652230253095489,1.9999999999999998e-05,0.37464499999999995
mixture/transition1,cea-15,joint,reset,1,0.0,2.0802818946775288,1.0621252925000002,1.2652230253095489,1.9999999999999998e-05,0.37464499999999995
mixture/transition2,cea-15,joint,reset,1,0.0,2.0802818946775288,1.0621252925000002,1.2652230253095489,1.9999999999999998e-05,0.37464499999999995
mixture/transition3,cea-15,joint,reset,1,0.0,2.0802818946775288,1.0621252925000002,1.2652230253095489,1.9999999999999998e-05,0.37464499999999995
repaired/absolute,cea-15,joint,reset,1,0.0,2.0802818946775288,1.0621252925000002,1.2652230253095489,1.9999999999999998e-05,0.37464499999999995
repaired/present,cea-15,joint,reset,1,0.0,2.0802818946775288,1.0621252925000002,1.2652230253095489,1.9999999999999998e-05,0.37464499999999995
repaired/recency,cea-15,joint,reset,1,0.0,2.1223490426911127,1.0444812499999996,1.5615080942797084,0.001,0.35724999999999996
repaired/reference,cea-15,joint,reset,1,0.0,2.0802818946775288,1.0621252925000002,1.2652230253095489,1.9999999999999998e-05,0.37464499999999995
repaired/transition1,cea-15,joint,reset,1,0.0,2.0802818946775288,1.0621252925000002,1.2652230253095489,1.9999999999999998e-05,0.37464499999999995
repaired/transition2,cea-15,joint,reset,1,0.0,2.0802818946775288,1.0621252925000002,1.2652230253095489,1.9999999999999998e-05,0.37464499999999995
repaired/transition3,cea-15,joint,reset,1,0.0,2.0802818946775288,1.0621252925000002,1.2652230253095489,1.9999999999999998e-05,0.37464499999999995
streaming/absolute,cea-15,joint,reset,1,0.0,2.0802818946775288,1.0621252925000002,1.2652230253095489,1.9999999999999998e-05,0.37464499999999995
streaming/present,cea-15,joint,reset,1,0.0,2.0802818946775288,1.0621252925000002,1.2652230253095489,1.9999999999999998e-05,0.37464499999999995
streaming/recency,cea-15,joint,reset,1,0.0,2.1223490426911127,1.0444812499999996,1.5615080942797084,0.001,0.35724999999999996
streaming/reference,cea-15,joint,reset,1,0.0,2.0802818946775288,1.0621252925000002,1.2652230253095489,1.9999999999999998e-05,0.37464499999999995
streaming/transition1,cea-15,joint,reset,1,0.0,2.0802818946775288,1.0621252925000002,1.2652230253095489,1.9999999999999998e-05,0.37464499999999995
streaming/transition2,cea-15,joint,reset,1,0.0,2.0802818946775288,1.0621252925000002,1.2652230253095489,1.9999999999999998e-05,0.37464499999999995
streaming/transition3,cea-15,joint,reset,1,0.0,2.0802818946775288,1.0621252925000002,1.2652230253095489,1.9999999999999998e-05,0.37464499999999995
fixed/absolute,cea-15,joint,reset,1,0.0,2.0802818946775288,1.0621252925000002,1.2652230253095489,1.9999999999999998e-05,0.37464499999999995
fixed/present,cea-15,joint,reset,1,0.0,2.0802818946775288,1.0621252925000002,1.2652230253095489,1.9999999999999998e-05,0.37464499999999995
fixed/recency,cea-15,joint,reset,1,0.0,2.1223490426911127,1.0444812499999996,1.5615080942797084,0.001,0.35724999999999996
fixed/reference,cea-15,joint,reset,1,0.0,2.0802818946775288,1.0621252925000002,1.2652230253095489,1.9999999999999998e-05,0.37464499999999995
fixed/transition1,cea-15,joint,reset,1,0.0,2.0802818946775288,1.0621252925000002,1.2652230253095489,1.9999999999999998e-05,0.37464499999999995
fixed/transition2,cea-15,joint,reset,1,0.0,2.0802818946775288,1.0621252925000002,1.2652230253095489,1.9999999999999998e-05,0.37464499999999995
fixed/transition3,cea-15,joint,reset,1,0.0,2.0802818946775288,1.0621252925000002,1.2652230253095489,1.9999999999999998e-05,0.37464499999999995
oracle-boundary/absolute,cea-15,joint,reset,1,0.0,2.0802818946775288,1.0621252925000002,1.2652230253095489,1.9999999999999998e-05,0.37464499999999995
oracle-boundary/present,cea-15,joint,reset,1,0.0,2.0802818946775288,1.0621252925000002,1.2652230253095489,1.9999999999999998e-05,0.37464499999999995
oracle-boundary/recency,cea-15,joint,reset,1,0.0,2.1223490426911127,1.0444812499999996,1.5615080942797084,0.001,0.35724999999999996
oracle-boundary/reference,cea-15,joint,reset,1,0.0,2.0802818946775288,1.0621252925000002,1.2652230253095489,1.9999999999999998e-05,0.37464499999999995
oracle-boundary/transition1,cea-15,joint,reset,1,0.0,2.0802818946775288,1.0621252925000002,1.2652230253095489,1.9999999999999998e-05,0.37464499999999995
oracle-boundary/transition2,cea-15,joint,reset,1,0.0,2.0802818946775288,1.0621252925000002,1.2652230253095489,1.9999999999999998e-05,0.37464499999999995
oracle-boundary/transition3,cea-15,joint,reset,1,0.0,2.0802818946775288,1.0621252925000002,1.2652230253095489,1.9999999999999998e-05,0.37464499999999995
map/absolute,cea-15,joint,removal,0,0.0,2.0802818946775288,1.0621252925000002,1.2652230253095489,1.9999999999999998e-05,0.37464499999999995
map/present,cea-15,joint,removal,0,0.0,2.0802818946775288,1.0621252925000002,1.2652230253095489,1.9999999999999998e-05,0.37464499999999995
map/recency,cea-15,joint,removal,0,0.0,2.1223490426911127,1.0444812499999996,1.5615080942797084,0.001,0.35724999999999996
map/reference,cea-15,joint,removal,0,0.0,2.0802818946775288,1.0621252925000002,1.2652230253095489,1.9999999999999998e-05,0.37464499999999995
map/transition1,cea-15,joint,removal,0,0.0,2.0802818946775288,1.0621252925000002,1.2652230253095489,1.9999999999999998e-05,0.37464499999999995
map/transition2,cea-15,joint,removal,0,0.0,2.0802818946775288,1.0621252925000002,1.2652230253095489,1.9999999999999998e-05,0.37464499999999995
map/transition3,cea-15,joint,removal,0,0.0,2.0802818946775288,1.0621252925000002,1.2652230253095489,1.9999999999999998e-05,0.37464499999999995
mixture/absolute,cea-15,joint,removal,0,0.0,2.1843260025489704,1.037978168121553,1.4624977312307652,0.09883247654264135,0.3376246593188685
mixture/present,cea-15,joint,removal,0,0.0,2.1843260025489704,1.037978168121553,1.4624977312307652,0.09883247654264135,0.3376246593188685
mixture/recency,cea-15,joint,removal,0,0.0,2.2263931505625543,1.0247396811972447,1.724540339765139,0.09971563837886628,0.3219485367258758
mixture/reference,cea-15,joint,removal,0,0.0,2.1843260025489704,1.037978168121553,1.4624977312307652,0.09883247654264135,0.3376246593188685
mixture/transition1,cea-15,joint,removal,0,0.0,2.1843260025489704,1.037978168121553,1.4624977312307652,0.09883247654264135,0.3376246593188685
mixture/transition2,cea-15,joint,removal,0,0.0,2.1843260025489704,1.037978168121553,1.4624977312307652,0.09883247654264135,0.3376246593188685
mixture/transition3,cea-15,joint,removal,0,0.0,2.1843260025489704,1.037978168121553,1.4624977312307652,0.09883247654264135,0.3376246593188685
repaired/absolute,cea-15,joint,removal,0,0.0,2.0802818946775288,1.0621252925000002,1.2652230253095489,1.9999999999999998e-05,0.37464499999999995
repaired/present,cea-15,joint,removal,0,0.0,2.0802818946775288,1.0621252925000002,1.2652230253095489,1.9999999999999998e-05,0.37464499999999995
repaired/recency,cea-15,joint,removal,0,0.0,2.1223490426911127,1.0444812499999996,1.5615080942797084,0.001,0.35724999999999996
repaired/reference,cea-15,joint,removal,0,0.0,2.0802818946775288,1.0621252925000002,1.2652230253095489,1.9999999999999998e-05,0.37464499999999995
repaired/transition1,cea-15,joint,removal,0,0.0,2.0802818946775288,1.0621252925000002,1.2652230253095489,1.9999999999999998e-05,0.37464499999999995
repaired/transition2,cea-15,joint,removal,0,0.0,2.0802818946775288,1.0621252925000002,1.2652230253095489,1.9999999999999998e-05,0.37464499999999995
repaired/transition3,cea-15,joint,removal,0,0.0,2.0802818946775288,1.0621252925000002,1.2652230253095489,1.9999999999999998e-05,0.37464499999999995
streaming/absolute,cea-15,joint,removal,0,0.0,2.0802818946775288,1.0621252925000002,1.2652230253095489,1.9999999999999998e-05,0.37464499999999995
streaming/present,cea-15,joint,removal,0,0.0,2.0802818946775288,1.0621252925000002,1.2652230253095489,1.9999999999999998e-05,0.37464499999999995
streaming/recency,cea-15,joint,removal,0,0.0,2.1223490426911127,1.0444812499999996,1.5615080942797084,0.001,0.35724999999999996
streaming/reference,cea-15,joint,removal,0,0.0,2.0802818946775288,1.0621252925000002,1.2652230253095489,1.9999999999999998e-05,0.37464499999999995
streaming/transition1,cea-15,joint,removal,0,0.0,2.0802818946775288,1.0621252925000002,1.2652230253095489,1.9999999999999998e-05,0.37464499999999995
streaming/transition2,cea-15,joint,removal,0,0.0,2.0802818946775288,1.0621252925000002,1.2652230253095489,1.9999999999999998e-05,0.37464499999999995
streaming/transition3,cea-15,joint,removal,0,0.0,2.0802818946775288,1.0621252925000002,1.2652230253095489,1.9999999999999998e-05,0.37464499999999995
fixed/absolute,cea-15,joint,removal,0,0.0,2.0802818946775288,1.0621252925000002,1.2652230253095489,1.9999999999999998e-05,0.37464499999999995
fixed/present,cea-15,joint,removal,0,0.0,2.0802818946775288,1.0621252925000002,1.2652230253095489,1.9999999999999998e-05,0.37464499999999995
fixed/recency,cea-15,joint,removal,0,0.0,2.1223490426911127,1.0444812499999996,1.5615080942797084,0.001,0.35724999999999996
fixed/reference,cea-15,joint,removal,0,0.0,2.0802818946775288,1.0621252925000002,1.2652230253095489,1.9999999999999998e-05,0.37464499999999995
fixed/transition1,cea-15,joint,removal,0,0.0,2.0802818946775288,1.0621252925000002,1.2652230253095489,1.9999999999999998e-05,0.37464499999999995
fixed/transition2,cea-15,joint,removal,0,0.0,2.0802818946775288,1.0621252925000002,1.2652230253095489,1.9999999999999998e-05,0.37464499999999995
fixed/transition3,cea-15,joint,removal,0,0.0,2.0802818946775288,1.0621252925000002,1.2652230253095489,1.9999999999999998e-05,0.37464499999999995
oracle-boundary/absolute,cea-15,joint,removal,0,0.0,2.0802818946775288,1.0621252925000002,1.2652230253095489,1.9999999999999998e-05,0.37464499999999995
oracle-boundary/present,cea-15,joint,removal,0,0.0,2.0802818946775288,1.0621252925000002,1.2652230253095489,1.9999999999999998e-05,0.37464499999999995
oracle-boundary/recency,cea-15,joint,removal,0,0.0,2.1223490426911127,1.0444812499999996,1.5615080942797084,0.001,0.35724999999999996
oracle-boundary/reference,cea-15,joint,removal,0,0.0,2.0802818946775288,1.0621252925000002,1.2652230253095489,1.9999999999999998e-05,0.37464499999999995
oracle-boundary/transition1,cea-15,joint,removal,0,0.0,2.0802818946775288,1.0621252925000002,1.2652230253095489,1.9999999999999998e-05,0.37464499999999995
oracle-boundary/transition2,cea-15,joint,removal,0,0.0,2.0802818946775288,1.0621252925000002,1.2652230253095489,1.9999999999999998e-05,0.37464499999999995
oracle-boundary/transition3,cea-15,joint,removal,0,0.0,2.0802818946775288,1.0621252925000002,1.2652230253095489,1.9999999999999998e-05,0.37464499999999995
map/absolute,cea-15,joint,removal,1,0.0,2.0802818946775288,1.0621252925000002,1.2652230253095489,1.9999999999999998e-05,0.37464499999999995
map/present,cea-15,joint,removal,1,0.0,2.0802818946775288,1.0621252925000002,1.2652230253095489,1.9999999999999998e-05,0.37464499999999995
map/recency,cea-15,joint,removal,1,0.0,2.1223490426911127,1.0444812499999996,1.5615080942797084,0.001,0.35724999999999996
map/reference,cea-15,joint,removal,1,0.0,2.0802818946775288,1.0621252925000002,1.2652230253095489,1.9999999999999998e-05,0.37464499999999995
map/transition1,cea-15,joint,removal,1,0.0,2.0802818946775288,1.0621252925000002,1.2652230253095489,1.9999999999999998e-05,0.37464499999999995
map/transition2,cea-15,joint,removal,1,0.0,2.0802818946775288,1.0621252925000002,1.2652230253095489,1.9999999999999998e-05,0.37464499999999995
map/transition3,cea-15,joint,removal,1,0.0,2.0802818946775288,1.0621252925000002,1.2652230253095489,1.9999999999999998e-05,0.37464499999999995
mixture/absolute,cea-15,joint,removal,1,0.0,2.1843260025489704,1.037978168121553,1.4624977312307652,0.09883247654264135,0.3376246593188685
mixture/present,cea-15,joint,removal,1,0.0,2.1843260025489704,1.037978168121553,1.4624977312307652,0.09883247654264135,0.3376246593188685
mixture/recency,cea-15,joint,removal,1,0.0,2.2263931505625543,1.0247396811972447,1.724540339765139,0.09971563837886628,0.3219485367258758
mixture/reference,cea-15,joint,removal,1,0.0,2.1843260025489704,1.037978168121553,1.4624977312307652,0.09883247654264135,0.3376246593188685
mixture/transition1,cea-15,joint,removal,1,0.0,2.1843260025489704,1.037978168121553,1.4624977312307652,0.09883247654264135,0.3376246593188685
mixture/transition2,cea-15,joint,removal,1,0.0,2.1843260025489704,1.037978168121553,1.4624977312307652,0.09883247654264135,0.3376246593188685
mixture/transition3,cea-15,joint,removal,1,0.0,2.1843260025489704,1.037978168121553,1.4624977312307652,0.09883247654264135,0.3376246593188685
repaired/absolute,cea-15,joint,removal,1,0.0,2.0802818946775288,1.0621252925000002,1.2652230253095489,1.9999999999999998e-05,0.37464499999999995
repaired/present,cea-15,joint,removal,1,0.0,2.0802818946775288,1.0621252925000002,1.2652230253095489,1.9999999999999998e-05,0.37464499999999995
repaired/recency,cea-15,joint,removal,1,0.0,2.1223490426911127,1.0444812499999996,1.5615080942797084,0.001,0.35724999999999996
repaired/reference,cea-15,joint,removal,1,0.0,2.0802818946775288,1.0621252925000002,1.2652230253095489,1.9999999999999998e-05,0.37464499999999995
repaired/transition1,cea-15,joint,removal,1,0.0,2.0802818946775288,1.0621252925000002,1.2652230253095489,1.9999999999999998e-05,0.37464499999999995
repaired/transition2,cea-15,joint,removal,1,0.0,2.0802818946775288,1.0621252925000002,1.2652230253095489,1.9999999999999998e-05,0.37464499999999995
repaired/transition3,cea-15,joint,removal,1,0.0,2.0802818946775288,1.0621252925000002,1.2652230253095489,1.9999999999999998e-05,0.37464499999999995
streaming/absolute,cea-15,joint,removal,1,0.0,2.0802818946775288,1.0621252925000002,1.2652230253095489,1.9999999999999998e-05,0.37464499999999995
streaming/present,cea-15,joint,removal,1,0.0,2.0802818946775288,1.0621252925000002,1.2652230253095489,1.9999999999999998e-05,0.37464499999999995
streaming/recency,cea-15,joint,removal,1,0.0,2.1223490426911127,1.0444812499999996,1.5615080942797084,0.001,0.35724999999999996
streaming/reference,cea-15,joint,removal,1,0.0,2.0802818946775288,1.0621252925000002,1.2652230253095489,1.9999999999999998e-05,0.37464499999999995
streaming/transition1,cea-15,joint,removal,1,0.0,2.0802818946775288,1.0621252925000002,1.2652230253095489,1.9999999999999998e-05,0.37464499999999995
streaming/transition2,cea-15,joint,removal,1,0.0,2.0802818946775288,1.0621252925000002,1.2652230253095489,1.9999999999999998e-05,0.37464499999999995
streaming/transition3,cea-15,joint,removal,1,0.0,2.0802818946775288,1.0621252925000002,1.2652230253095489,1.9999999999999998e-05,0.37464499999999995
fixed/absolute,cea-15,joint,removal,1,0.0,2.0802818946775288,1.0621252925000002,1.2652230253095489,1.9999999999999998e-05,0.37464499999999995
fixed/present,cea-15,joint,removal,1,0.0,2.0802818946775288,1.0621252925000002,1.2652230253095489,1.9999999999999998e-05,0.37464499999999995
fixed/recency,cea-15,joint,removal,1,0.0,2.1223490426911127,1.0444812499999996,1.5615080942797084,0.001,0.35724999999999996
fixed/reference,cea-15,joint,removal,1,0.0,2.0802818946775288,1.0621252925000002,1.2652230253095489,1.9999999999999998e-05,0.37464499999999995
fixed/transition1,cea-15,joint,removal,1,0.0,2.0802818946775288,1.0621252925000002,1.2652230253095489,1.9999999999999998e-05,0.37464499999999995
fixed/transition2,cea-15,joint,removal,1,0.0,2.0802818946775288,1.0621252925000002,1.2652230253095489,1.9999999999999998e-05,0.37464499999999995
fixed/transition3,cea-15,joint,removal,1,0.0,2.0802818946775288,1.0621252925000002,1.2652230253095489,1.9999999999999998e-05,0.37464499999999995
oracle-boundary/absolute,cea-15,joint,removal,1,0.0,2.0802818946775288,1.0621252925000002,1.2652230253095489,1.9999999999999998e-05,0.37464499999999995
oracle-boundary/present,cea-15,joint,removal,1,0.0,2.0802818946775288,1.0621252925000002,1.2652230253095489,1.9999999999999998e-05,0.37464499999999995
oracle-boundary/recency,cea-15,joint,removal,1,0.0,2.1223490426911127,1.0444812499999996,1.5615080942797084,0.001,0.35724999999999996
oracle-boundary/reference,cea-15,joint,removal,1,0.0,2.0802818946775288,1.0621252925000002,1.2652230253095489,1.9999999999999998e-05,0.37464499999999995
oracle-boundary/transition1,cea-15,joint,removal,1,0.0,2.0802818946775288,1.0621252925000002,1.2652230253095489,1.9999999999999998e-05,0.37464499999999995
oracle-boundary/transition2,cea-15,joint,removal,1,0.0,2.0802818946775288,1.0621252925000002,1.2652230253095489,1.9999999999999998e-05,0.37464499999999995
oracle-boundary/transition3,cea-15,joint,removal,1,0.0,2.0802818946775288,1.0621252925000002,1.2652230253095489,1.9999999999999998e-05,0.37464499999999995
map/absolute,cea-15,joint,swap,0,1.0,0.0009804805139614205,9.800000000392828e-07,0.011582902361779817,2e-05,0.99902
map/present,cea-15,joint,swap,0,0.0,2.0802818946775288,1.0621252925000002,1.2652230253095489,1.9999999999999998e-05,0.37464499999999995
map/recency,cea-15,joint,swap,0,1.0,0.05024121643674679,0.0024500000000000632,0.38625940550147086,0.001,0.951
map/reference,cea-15,joint,swap,0,1.0,0.0009804805139614205,9.800000000392828e-07,0.011582902361779817,2e-05,0.99902
map/transition1,cea-15,joint,swap,0,1.0,0.0009804805139614205,9.800000000392828e-07,0.011582902361779817,2e-05,0.99902
map/transition2,cea-15,joint,swap,0,1.0,0.0009804805139614205,9.800000000392828e-07,0.011582902361779817,2e-05,0.99902
map/transition3,cea-15,joint,swap,0,1.0,0.0009804805139614205,9.800000000392828e-07,0.011582902361779817,2e-05,0.99902
mixture/absolute,cea-15,joint,swap,0,1.0,0.36009723944180416,0.1341392798316221,0.9224572197897959,0.19585040688932645,0.6976084877128594
mixture/present,cea-15,joint,swap,0,0.0,2.298231860504986,1.0391949782169698,1.5118546028985935,0.19585040688932645,0.3012766498439451
mixture/recency,cea-15,joint,swap,0,1.0,0.36638732850476113,0.13517079373702923,1.0951672832389885,0.19663848925222221,0.6932342398208137
mixture/reference,cea-15,joint,swap,0,1.0,0.36009723944180416,0.1341392798316221,0.9224572197897959,0.19585040688932645,0.6976084877128594
mixture/transition1,cea-15,joint,swap,0,1.0,0.584545781007418,0.2813879885979671,1.1103820975099483,0.19585040688932645,0.5573589673538082
mixture/transition2,cea-15,joint,swap,0,1.0,0.31036417144330763,0.11146336260236755,0.8119665307184487,0.19585040688932645,0.7331799044169239
mixture/transition3,cea-15,joint,swap,0,1.0,0.36009723944180416,0.1341392798316221,0.9224572197897959,0.19585040688932645,0.6976084877128594
repaired/absolute,cea-15,joint,swap,0,1.0,0.0009804805139614205,9.800000000392828e-07,0.011582902361779817,2e-05,0.99902
repaired/present,cea-15,joint,swap,0,0.0,2.0802818946775288,1.0621252925000002,1.2652230253095489,1.9999999999999998e-05,0.37464499999999995
repaired/recency,cea-15,joint,swap,0,1.0,0.05024121643674679,0.0024500000000000632,0.38625940550147086,0.001,0.951
repaired/reference,cea-15,joint,swap,0,1.0,0.0009804805139614205,9.800000000392828e-07,0.011582902361779817,2e-05,0.99902
repaired/transition1,cea-15,joint,swap,0,1.0,0.0009804805139614205,9.800000000392828e-07,0.011582902361779817,2e-05,0.99902
repaired/transition2,cea-15,joint,swap,0,1.0,0.0009804805139614205,9.800000000392828e-07,0.011582902361779817,2e-05,0.99902
repaired/transition3,cea-15,joint,swap,0,1.0,0.0009804805139614205,9.800000000392828e-07,0.011582902361779817,2e-05,0.99902
streaming/absolute,cea-15,joint,swap,0,0.0,2.0802818946775288,1.0621252925000002,1.2652230253095489,1.9999999999999998e-05,0.37464499999999995
streaming/present,cea-15,joint,swap,0,0.0,2.0802818946775288,1.0621252925000002,1.2652230253095489,1.9999999999999998e-05,0.37464499999999995
streaming/recency,cea-15,joint,swap,0,0.0,2.1223490426911127,1.0444812499999996,1.5615080942797084,0.001,0.35724999999999996
streaming/reference,cea-15,joint,swap,0,0.0,2.0802818946775288,1.0621252925000002,1.2652230253095489,1.9999999999999998e-05,0.37464499999999995
streaming/transition1,cea-15,joint,swap,0,0.0,2.0802818946775288,1.0621252925000002,1.2652230253095489,1.9999999999999998e-05,0.37464499999999995
streaming/transition2,cea-15,joint,swap,0,0.0,2.0802818946775288,1.0621252925000002,1.2652230253095489,1.9999999999999998e-05,0.37464499999999995
streaming/transition3,cea-15,joint,swap,0,0.0,2.0802818946775288,1.0621252925000002,1.2652230253095489,1.9999999999999998e-05,0.37464499999999995
fixed/absolute,cea-15,joint,swap,0,0.0,2.0802818946775288,1.0621252925000002,1.2652230253095489,1.9999999999999998e-05,0.37464499999999995
fixed/present,cea-15,joint,swap,0,0.0,2.0802818946775288,1.0621252925000002,1.2652230253095489,1.9999999999999998e-05,0.37464499999999995
fixed/recency,cea-15,joint,swap,0,0.0,2.1223490426911127,1.0444812499999996,1.5615080942797084,0.001,0.35724999999999996
fixed/reference,cea-15,joint,swap,0,0.0,2.0802818946775288,1.0621252925000002,1.2652230253095489,1.9999999999999998e-05,0.37464499999999995
fixed/transition1,cea-15,joint,swap,0,0.0,2.0802818946775288,1.0621252925000002,1.2652230253095489,1.9999999999999998e-05,0.37464499999999995
fixed/transition2,cea-15,joint,swap,0,0.0,2.0802818946775288,1.0621252925000002,1.2652230253095489,1.9999999999999998e-05,0.37464499999999995
fixed/transition3,cea-15,joint,swap,0,0.0,2.0802818946775288,1.0621252925000002,1.2652230253095489,1.9999999999999998e-05,0.37464499999999995
oracle-boundary/absolute,cea-15,joint,swap,0,1.0,0.0009804805139614205,9.800000000392828e-07,0.011582902361779817,2e-05,0.99902
oracle-boundary/present,cea-15,joint,swap,0,0.0,2.0802818946775288,1.0621252925000002,1.2652230253095489,1.9999999999999998e-05,0.37464499999999995
oracle-boundary/recency,cea-15,joint,swap,0,1.0,0.05024121643674679,0.0024500000000000632,0.38625940550147086,0.001,0.951
oracle-boundary/reference,cea-15,joint,swap,0,1.0,0.0009804805139614205,9.800000000392828e-07,0.011582902361779817,2e-05,0.99902
oracle-boundary/transition1,cea-15,joint,swap,0,0.0,0.6941076416550698,0.5000004800000002,0.7038282854721148,2e-05,0.49952
oracle-boundary/transition2,cea-15,joint,swap,0,1.0,0.0009804805139614205,9.800000000392828e-07,0.011582902361779817,2e-05,0.99902
oracle-boundary/transition3,cea-15,joint,swap,0,1.0,0.0009804805139614205,9.800000000392828e-07,0.011582902361779817,2e-05,0.99902
map/absolute,cea-15,joint,swap,1,1.0,0.0009804805139616427,9.800000000392828e-07,0.011582902361780037,1.9999999999999998e-05,0.9990199999999998
map/present,cea-15,joint,swap,1,0.0,2.0802818946775288,1.0621252925000002,1.2652230253095489,1.9999999999999998e-05,0.37464499999999995
map/recency,cea-15,joint,swap,1,1.0,0.05024121643674679,0.0024500000000000632,0.38625940550147086,0.001,0.951
map/reference,cea-15,joint,swap,1,1.0,0.0009804805139616427,9.800000000392828e-07,0.011582902361780037,1.9999999999999998e-05,0.9990199999999998
map/transition1,cea-15,joint,swap,1,1.0,0.0009804805139616427,9.800000000392828e-07,0.011582902361780037,1.9999999999999998e-05,0.9990199999999998
map/transition2,cea-15,joint,swap,1,1.0,0.0009804805139616427,9.800000000392828e-07,0.011582902361780037,1.9999999999999998e-05,0.9990199999999998
map/transition3,cea-15,joint,swap,1,1.0,0.0009804805139616427,9.800000000392828e-07,0.011582902361780037,1.9999999999999998e-05,0.9990199999999998
mixture/absolute,cea-15,joint,swap,1,1.0,0.21787682465986533,0.06251897514569515,0.6453770065274961,0.15335669867811552,0.8042244961917601
mixture/present,cea-15,joint,swap,1,0.0,2.246737699359907,1.0356223640334776,1.4995015799955898,0.15335669867811552,0.31719702356420865
mixture/recency,cea-15,joint,swap,1,1.0,0.21669702111912492,0.06176507773487305,0.7502383756685674,0.15418642570795155,0.8051738830347729
mixture/reference,cea-15,joint,swap,1,1.0,0.21787682465986533,0.06251897514569515,0.6453770065274961,0.15335669867811552,0.8042244961917601
mixture/transition1,cea-15,joint,swap,1,1.0,0.4368746560245646,0.18871524667851292,0.9002920758565636,0.15335669867811552,0.646052405112532
mixture/transition2,cea-15,joint,swap,1,1.0,0.16743628519633996,0.047286523211367726,0.43809433948870735,0.15335669867811552,0.8458305074967387
mixture/transition3,cea-15,joint,swap,1,1.0,0.21787682465986533,0.06251897514569515,0.6453770065274961,0.15335669867811552,0.8042244961917601
repaired/absolute,cea-15,joint,swap,1,1.0,0.0009804805139616427,9.800000000392828e-07,0.011582902361780037,1.9999999999999998e-05,0.9990199999999998
repaired/present,cea-15,joint,swap,1,0.0,2.0802818946775288,1.0621252925000002,1.2652230253095489,1.9999999999999998e-05,0.37464499999999995
repaired/recency,cea-15,joint,swap,1,1.0,0.05024121643674679,0.0024500000000000632,0.38625940550147086,0.001,0.951
repaired/reference,cea-15,joint,swap,1,1.0,0.0009804805139616427,9.800000000392828e-07,0.011582902361780037,1.9999999999999998e-05,0.9990199999999998
repaired/transition1,cea-15,joint,swap,1,1.0,0.0009804805139616427,9.800000000392828e-07,0.011582902361780037,1.9999999999999998e-05,0.9990199999999998
repaired/transition2,cea-15,joint,swap,1,1.0,0.0009804805139616427,9.800000000392828e-07,0.011582902361780037,1.9999999999999998e-05,0.9990199999999998
repaired/transition3,cea-15,joint,swap,1,1.0,0.0009804805139616427,9.800000000392828e-07,0.011582902361780037,1.9999999999999998e-05,0.9990199999999998
streaming/absolute,cea-15,joint,swap,1,0.0,2.0802818946775288,1.0621252925000002,1.2652230253095489,1.9999999999999998e-05,0.37464499999999995
streaming/present,cea-15,joint,swap,1,0.0,2.0802818946775288,1.0621252925000002,1.2652230253095489,1.9999999999999998e-05,0.37464499999999995
streaming/recency,cea-15,joint,swap,1,0.0,2.1223490426911127,1.0444812499999996,1.5615080942797084,0.001,0.35724999999999996
streaming/reference,cea-15,joint,swap,1,0.0,2.0802818946775288,1.0621252925000002,1.2652230253095489,1.9999999999999998e-05,0.37464499999999995
streaming/transition1,cea-15,joint,swap,1,0.0,2.0802818946775288,1.0621252925000002,1.2652230253095489,1.9999999999999998e-05,0.37464499999999995
streaming/transition2,cea-15,joint,swap,1,0.0,2.0802818946775288,1.0621252925000002,1.2652230253095489,1.9999999999999998e-05,0.37464499999999995
streaming/transition3,cea-15,joint,swap,1,0.0,2.0802818946775288,1.0621252925000002,1.2652230253095489,1.9999999999999998e-05,0.37464499999999995
fixed/absolute,cea-15,joint,swap,1,0.0,2.0802818946775288,1.0621252925000002,1.2652230253095489,1.9999999999999998e-05,0.37464499999999995
fixed/present,cea-15,joint,swap,1,0.0,2.0802818946775288,1.0621252925000002,1.2652230253095489,1.9999999999999998e-05,0.37464499999999995
fixed/recency,cea-15,joint,swap,1,0.0,2.1223490426911127,1.0444812499999996,1.5615080942797084,0.001,0.35724999999999996
fixed/reference,cea-15,joint,swap,1,0.0,2.0802818946775288,1.0621252925000002,1.2652230253095489,1.9999999999999998e-05,0.37464499999999995
fixed/transition1,cea-15,joint,swap,1,0.0,2.0802818946775288,1.0621252925000002,1.2652230253095489,1.9999999999999998e-05,0.37464499999999995
fixed/transition2,cea-15,joint,swap,1,0.0,2.0802818946775288,1.0621252925000002,1.2652230253095489,1.9999999999999998e-05,0.37464499999999995
fixed/transition3,cea-15,joint,swap,1,0.0,2.0802818946775288,1.0621252925000002,1.2652230253095489,1.9999999999999998e-05,0.37464499999999995
oracle-boundary/absolute,cea-15,joint,swap,1,1.0,0.0009804805139616427,9.800000000392828e-07,0.011582902361780037,1.9999999999999998e-05,0.9990199999999998
oracle-boundary/present,cea-15,joint,swap,1,0.0,2.0802818946775288,1.0621252925000002,1.2652230253095489,1.9999999999999998e-05,0.37464499999999995
oracle-boundary/recency,cea-15,joint,swap,1,1.0,0.05024121643674679,0.0024500000000000632,0.38625940550147086,0.001,0.951
oracle-boundary/reference,cea-15,joint,swap,1,1.0,0.0009804805139616427,9.800000000392828e-07,0.011582902361780037,1.9999999999999998e-05,0.9990199999999998
oracle-boundary/transition1,cea-15,joint,swap,1,1.0,0.6941076416550698,0.5000004800000002,0.7038282854721148,2e-05,0.49952
oracle-boundary/transition2,cea-15,joint,swap,1,1.0,0.0009804805139616427,9.800000000392828e-07,0.011582902361780037,1.9999999999999998e-05,0.9990199999999998
oracle-boundary/transition3,cea-15,joint,swap,1,1.0,0.0009804805139616427,9.800000000392828e-07,0.011582902361780037,1.9999999999999998e-05,0.9990199999999998
map/absolute,cea-15,joint,shuffle,0,1.0,0.0009804805139616427,9.800000000392828e-07,0.011582902361780037,1.9999999999999998e-05,0.9990199999999998
map/present,cea-15,joint,shuffle,0,0.0,2.0802818946775288,1.0621252925000002,1.2652230253095489,1.9999999999999998e-05,0.37464499999999995
map/recency,cea-15,joint,shuffle,0,1.0,0.05024121643674679,0.0024500000000000632,0.38625940550147086,0.001,0.951
map/reference,cea-15,joint,shuffle,0,1.0,0.0009804805139616427,9.800000000392828e-07,0.011582902361780037,1.9999999999999998e-05,0.9990199999999998
map/transition1,cea-15,joint,shuffle,0,1.0,0.0009804805139616427,9.800000000392828e-07,0.011582902361780037,1.9999999999999998e-05,0.9990199999999998
map/transition2,cea-15,joint,shuffle,0,1.0,0.0009804805139616427,9.800000000392828e-07,0.011582902361780037,1.9999999999999998e-05,0.9990199999999998
map/transition3,cea-15,joint,shuffle,0,1.0,0.0009804805139616427,9.800000000392828e-07,0.011582902361780037,1.9999999999999998e-05,0.9990199999999998
mixture/absolute,cea-15,joint,shuffle,0,1.0,0.21660271512961496,0.06209282642063263,0.6412392985977672,0.15338204206801956,0.8052498193351078
mixture/present,cea-15,joint,shuffle,0,0.0,2.2467676337717024,1.03562308273475,1.4995128173403478,0.15338204206801956,0.31718752859999877
mixture/recency,cea-15,joint,shuffle,0,0.0,0.9100732355105139,0.5436410772890139,1.3022925036334874,0.15421174426083675,0.4035016698335374
mixture/reference,cea-15,joint,shuffle,0,1.0,0.21660271512961496,0.06209282642063263,0.6412392985977672,0.15338204206801956,0.8052498193351078
mixture/transition1,cea-15,joint,shuffle,0,1.0,0.43987272682656414,0.19086217437624775,0.9025563008659446,0.15338204206801956,0.6441183948586815
mixture/transition2,cea-15,joint,shuffle,0,1.0,0.16746621960813532,0.04730210450429251,0.43813734895934303,0.15338204206801956,0.8458051884369757
mixture/transition3,cea-15,joint,shuffle,0,1.0,0.21660271512961496,0.06209282642063263,0.6412392985977672,0.15338204206801956,0.8052498193351078
repaired/absolute,cea-15,joint,shuffle,0,1.0,0.0009804805139616427,9.800000000392828e-07,0.011582902361780037,1.9999999999999998e-05,0.9990199999999998
repaired/present,cea-15,joint,shuffle,0,0.0,2.0802818946775288,1.0621252925000002,1.2652230253095489,1.9999999999999998e-05,0.37464499999999995
repaired/recency,cea-15,joint,shuffle,0,1.0,0.05024121643674679,0.0024500000000000632,0.38625940550147086,0.001,0.951
repaired/reference,cea-15,joint,shuffle,0,1.0,0.0009804805139616427,9.800000000392828e-07,0.011582902361780037,1.9999999999999998e-05,0.9990199999999998
repaired/transition1,cea-15,joint,shuffle,0,1.0,0.0009804805139616427,9.800000000392828e-07,0.011582902361780037,1.9999999999999998e-05,0.9990199999999998
repaired/transition2,cea-15,joint,shuffle,0,1.0,0.0009804805139616427,9.800000000392828e-07,0.011582902361780037,1.9999999999999998e-05,0.9990199999999998
repaired/transition3,cea-15,joint,shuffle,0,1.0,0.0009804805139616427,9.800000000392828e-07,0.011582902361780037,1.9999999999999998e-05,0.9990199999999998
streaming/absolute,cea-15,joint,shuffle,0,0.0,2.0802818946775288,1.0621252925000002,1.2652230253095489,1.9999999999999998e-05,0.37464499999999995
streaming/present,cea-15,joint,shuffle,0,0.0,2.0802818946775288,1.0621252925000002,1.2652230253095489,1.9999999999999998e-05,0.37464499999999995
streaming/recency,cea-15,joint,shuffle,0,0.0,2.1223490426911127,1.0444812499999996,1.5615080942797084,0.001,0.35724999999999996
streaming/reference,cea-15,joint,shuffle,0,0.0,2.0802818946775288,1.0621252925000002,1.2652230253095489,1.9999999999999998e-05,0.37464499999999995
streaming/transition1,cea-15,joint,shuffle,0,0.0,2.0802818946775288,1.0621252925000002,1.2652230253095489,1.9999999999999998e-05,0.37464499999999995
streaming/transition2,cea-15,joint,shuffle,0,0.0,2.0802818946775288,1.0621252925000002,1.2652230253095489,1.9999999999999998e-05,0.37464499999999995
streaming/transition3,cea-15,joint,shuffle,0,0.0,2.0802818946775288,1.0621252925000002,1.2652230253095489,1.9999999999999998e-05,0.37464499999999995
fixed/absolute,cea-15,joint,shuffle,0,0.0,2.0802818946775288,1.0621252925000002,1.2652230253095489,1.9999999999999998e-05,0.37464499999999995
fixed/present,cea-15,joint,shuffle,0,0.0,2.0802818946775288,1.0621252925000002,1.2652230253095489,1.9999999999999998e-05,0.37464499999999995
fixed/recency,cea-15,joint,shuffle,0,0.0,6.907755278982137,1.90245,0.38625940550147086,0.001,0.951
fixed/reference,cea-15,joint,shuffle,0,0.0,2.0802818946775288,1.0621252925000002,1.2652230253095489,1.9999999999999998e-05,0.37464499999999995
fixed/transition1,cea-15,joint,shuffle,0,0.0,2.0802818946775288,1.0621252925000002,1.2652230253095489,1.9999999999999998e-05,0.37464499999999995
fixed/transition2,cea-15,joint,shuffle,0,0.0,2.0802818946775288,1.0621252925000002,1.2652230253095489,1.9999999999999998e-05,0.37464499999999995
fixed/transition3,cea-15,joint,shuffle,0,0.0,2.0802818946775288,1.0621252925000002,1.2652230253095489,1.9999999999999998e-05,0.37464499999999995
oracle-boundary/absolute,cea-15,joint,shuffle,0,1.0,0.0009804805139616427,9.800000000392828e-07,0.011582902361780037,1.9999999999999998e-05,0.9990199999999998
oracle-boundary/present,cea-15,joint,shuffle,0,0.0,2.0802818946775288,1.0621252925000002,1.2652230253095489,1.9999999999999998e-05,0.37464499999999995
oracle-boundary/recency,cea-15,joint,shuffle,0,0.0,6.907755278982137,1.90245,0.38625940550147086,0.001,0.951
oracle-boundary/reference,cea-15,joint,shuffle,0,1.0,0.0009804805139616427,9.800000000392828e-07,0.011582902361780037,1.9999999999999998e-05,0.9990199999999998
oracle-boundary/transition1,cea-15,joint,shuffle,0,1.0,0.6941076416550698,0.5000004800000002,0.7038282854721148,2e-05,0.49952
oracle-boundary/transition2,cea-15,joint,shuffle,0,1.0,0.0009804805139616427,9.800000000392828e-07,0.011582902361780037,1.9999999999999998e-05,0.9990199999999998
oracle-boundary/transition3,cea-15,joint,shuffle,0,1.0,0.0009804805139616427,9.800000000392828e-07,0.011582902361780037,1.9999999999999998e-05,0.9990199999999998
map/absolute,cea-15,joint,shuffle,1,1.0,0.0009804805139614205,9.800000000392828e-07,0.011582902361779817,2e-05,0.99902
map/present,cea-15,joint,shuffle,1,0.0,2.0802818946775288,1.0621252925000002,1.2652230253095489,1.9999999999999998e-05,0.37464499999999995
map/recency,cea-15,joint,shuffle,1,1.0,0.05024121643674679,0.0024500000000000632,0.38625940550147086,0.001,0.951
map/reference,cea-15,joint,shuffle,1,1.0,0.0009804805139614205,9.800000000392828e-07,0.011582902361779817,2e-05,0.99902
map/transition1,cea-15,joint,shuffle,1,1.0,0.0009804805139614205,9.800000000392828e-07,0.011582902361779817,2e-05,0.99902
map/transition2,cea-15,joint,shuffle,1,1.0,0.0009804805139614205,9.800000000392828e-07,0.011582902361779817,2e-05,0.99902
map/transition3,cea-15,joint,shuffle,1,1.0,0.0009804805139614205,9.800000000392828e-07,0.011582902361779817,2e-05,0.99902
mixture/absolute,cea-15,joint,shuffle,1,1.0,0.3588173018480087,0.13353151947734898,0.9198452863426334,0.19586587207700001,0.6985019547110577
mixture/present,cea-15,joint,shuffle,1,0.0,2.2982510924196933,1.0391971409139988,1.5118568820519867,0.19586587207700001,0.30127085577282775
mixture/recency,cea-15,joint,shuffle,1,0.0,1.0527770165579442,0.6135564881587618,1.4389565727395746,0.1966539392837087,0.38801512515263403
mixture/reference,cea-15,joint,shuffle,1,1.0,0.3588173018480087,0.13353151947734898,0.9198452863426334,0.19586587207700001,0.6985019547110577
mixture/transition1,cea-15,joint,shuffle,1,1.0,0.5874943330913484,0.28355984647652144,1.1118939014193587,0.19586587207700001,0.5557179858577103
mixture/transition2,cea-15,joint,shuffle,1,1.0,0.3103694308827262,0.1114708468120964,0.8119479547777971,0.19586587207700001,0.7331760483117742
mixture/transition3,cea-15,joint,shuffle,1,1.0,0.3588173018480087,0.13353151947734898,0.9198452863426334,0.19586587207700001,0.6985019547110577
repaired/absolute,cea-15,joint,shuffle,1,1.0,0.0009804805139614205,9.800000000392828e-07,0.011582902361779817,2e-05,0.99902
repaired/present,cea-15,joint,shuffle,1,0.0,2.0802818946775288,1.0621252925000002,1.2652230253095489,1.9999999999999998e-05,0.37464499999999995
repaired/recency,cea-15,joint,shuffle,1,1.0,0.05024121643674679,0.0024500000000000632,0.38625940550147086,0.001,0.951
repaired/reference,cea-15,joint,shuffle,1,1.0,0.0009804805139614205,9.800000000392828e-07,0.011582902361779817,2e-05,0.99902
repaired/transition1,cea-15,joint,shuffle,1,1.0,0.0009804805139614205,9.800000000392828e-07,0.011582902361779817,2e-05,0.99902
repaired/transition2,cea-15,joint,shuffle,1,1.0,0.0009804805139614205,9.800000000392828e-07,0.011582902361779817,2e-05,0.99902
repaired/transition3,cea-15,joint,shuffle,1,1.0,0.0009804805139614205,9.800000000392828e-07,0.011582902361779817,2e-05,0.99902
streaming/absolute,cea-15,joint,shuffle,1,0.0,2.0802818946775288,1.0621252925000002,1.2652230253095489,1.9999999999999998e-05,0.37464499999999995
streaming/present,cea-15,joint,shuffle,1,0.0,2.0802818946775288,1.0621252925000002,1.2652230253095489,1.9999999999999998e-05,0.37464499999999995
streaming/recency,cea-15,joint,shuffle,1,0.0,2.1223490426911127,1.0444812499999996,1.5615080942797084,0.001,0.35724999999999996
streaming/reference,cea-15,joint,shuffle,1,0.0,2.0802818946775288,1.0621252925000002,1.2652230253095489,1.9999999999999998e-05,0.37464499999999995
streaming/transition1,cea-15,joint,shuffle,1,0.0,2.0802818946775288,1.0621252925000002,1.2652230253095489,1.9999999999999998e-05,0.37464499999999995
streaming/transition2,cea-15,joint,shuffle,1,0.0,2.0802818946775288,1.0621252925000002,1.2652230253095489,1.9999999999999998e-05,0.37464499999999995
streaming/transition3,cea-15,joint,shuffle,1,0.0,2.0802818946775288,1.0621252925000002,1.2652230253095489,1.9999999999999998e-05,0.37464499999999995
fixed/absolute,cea-15,joint,shuffle,1,0.0,2.0802818946775288,1.0621252925000002,1.2652230253095489,1.9999999999999998e-05,0.37464499999999995
fixed/present,cea-15,joint,shuffle,1,0.0,2.0802818946775288,1.0621252925000002,1.2652230253095489,1.9999999999999998e-05,0.37464499999999995
fixed/recency,cea-15,joint,shuffle,1,0.0,6.907755278982137,1.90245,0.38625940550147086,0.951,0.951
fixed/reference,cea-15,joint,shuffle,1,0.0,2.0802818946775288,1.0621252925000002,1.2652230253095489,1.9999999999999998e-05,0.37464499999999995
fixed/transition1,cea-15,joint,shuffle,1,0.0,2.0802818946775288,1.0621252925000002,1.2652230253095489,1.9999999999999998e-05,0.37464499999999995
fixed/transition2,cea-15,joint,shuffle,1,0.0,2.0802818946775288,1.0621252925000002,1.2652230253095489,1.9999999999999998e-05,0.37464499999999995
fixed/transition3,cea-15,joint,shuffle,1,0.0,2.0802818946775288,1.0621252925000002,1.2652230253095489,1.9999999999999998e-05,0.37464499999999995
oracle-boundary/absolute,cea-15,joint,shuffle,1,1.0,0.0009804805139614205,9.800000000392828e-07,0.011582902361779817,2e-05,0.99902
oracle-boundary/present,cea-15,joint,shuffle,1,0.0,2.0802818946775288,1.0621252925000002,1.2652230253095489,1.9999999999999998e-05,0.37464499999999995
oracle-boundary/recency,cea-15,joint,shuffle,1,0.0,6.907755278982137,1.90245,0.38625940550147086,0.001,0.951
oracle-boundary/reference,cea-15,joint,shuffle,1,1.0,0.0009804805139614205,9.800000000392828e-07,0.011582902361779817,2e-05,0.99902
oracle-boundary/transition1,cea-15,joint,shuffle,1,0.0,0.6941076416550698,0.5000004800000002,0.7038282854721148,2e-05,0.49952
oracle-boundary/transition2,cea-15,joint,shuffle,1,1.0,0.0009804805139614205,9.800000000392828e-07,0.011582902361779817,2e-05,0.99902
oracle-boundary/transition3,cea-15,joint,shuffle,1,1.0,0.0009804805139614205,9.800000000392828e-07,0.011582902361779817,2e-05,0.99902
map/absolute,cea-15,joint,ambiguous,0,1.0,0.6941317673586215,0.5000245588235117,0.7038041833168955,1.9999999999999998e-05,0.502989785548971
map/present,cea-15,joint,ambiguous,0,0.0,2.0802818946775288,1.0621252925,1.2652230253095489,1.9999999999999998e-05,0.37464499999999995
map/recency,cea-15,joint,ambiguous,0,1.0,3.4789982477094417,0.95245,0.38625940550147086,0.001,0.951
map/reference,cea-15,joint,ambiguous,0,1.0,0.6941355264222776,0.5000283104780996,0.7038004279921538,1.9999999999999998e-05,0.5032503135323704
map/transition1,cea-15,joint,ambiguous,0,1.0,0.6941381101872393,0.5000308891341363,0.7037978468080225,1.9999999999999998e-05,0.5034193034080578
map/transition2,cea-15,joint,ambiguous,0,1.0,0.6941317673586215,0.5000245588235117,0.7038041833168955,1.9999999999999998e-05,0.502989785548971
map/transition3,cea-15,joint,ambiguous,0,1.0,0.6941317673586215,0.5000245588235117,0.7038041833168955,1.9999999999999998e-05,0.502989785548971
mixture/absolute,cea-15,joint,ambiguous,0,1.0,0.8127023064881909,0.5201521702804857,0.9906280600827895,0.1018022076884662,0.4900640805984257
mixture/present,cea-15,joint,ambiguous,0,0.0,2.1876268707120365,1.0376489962060709,1.4652558026575566,0.1018022076884662,0.33651204214139735
mixture/recency,cea-15,joint,ambiguous,0,1.0,3.58634322374395,0.8851440935972805,0.6707791395432622,0.10268245912996037,0.8542031845519595
mixture/reference,cea-15,joint,ambiguous,0,1.0,0.8127446030164358,0.5201854701160846,0.990590592626432,0.1018022076884662,0.4902519890964882
mixture/transition1,cea-15,joint,ambiguous,0,1.0,0.807196175401068,0.5202303585347245,0.9558678898071592,0.1018022076884662,0.4966272236161974
mixture/transition2,cea-15,joint,ambiguous,0,1.0,0.8071128110006691,0.520163991083733,0.9559421303601204,0.1018022076884662,0.49627994532461817
mixture/transition3,cea-15,joint,ambiguous,0,1.0,0.8127023064881909,0.5201521702804857,0.9906280600827895,0.1018022076884662,0.4900640805984257
repaired/absolute,cea-15,joint,ambiguous,0,1.0,0.6941870474398595,0.500079727106018,0.703748960116229,2e-05,0.5058147242202486
repaired/present,cea-15,joint,ambiguous,0,0.0,2.0802818946775288,1.0621252925,1.2652230253095489,1.9999999999999998e-05,0.37464499999999995
repaired/recency,cea-15,joint,ambiguous,0,1.0,3.4789982477094417,0.95245,0.38625940550147086,0.001,0.951
repaired/reference,cea-15,joint,ambiguous,0,1.0,0.6941249714046798,0.5000177761927211,0.7038109725590845,1.9999999999999998e-05,0.5024607645877587
repaired/transition1,cea-15,joint,ambiguous,0,1.0,0.6941870474398595,0.500079727106018,0.703748960116229,2e-05,0.5058147242202486
repaired/transition2,cea-15,joint,ambiguous,0,1.0,0.6941870474398595,0.500079727106018,0.703748960116229,2e-05,0.5058147242202486
repaired/transition3,cea-15,joint,ambiguous,0,1.0,0.6941870474398595,0.500079727106018,0.703748960116229,2e-05,0.5058147242202486
streaming/absolute,cea-15,joint,ambiguous,0,0.0,2.0802818946775288,1.0621252925,1.2652230253095489,1.9999999999999998e-05,0.37464499999999995
streaming/present,cea-15,joint,ambiguous,0,0.0,2.0802818946775288,1.0621252925,1.2652230253095489,1.9999999999999998e-05,0.37464499999999995
streaming/recency,cea-15,joint,ambiguous,0,0.0,2.1223490426911127,1.04448125,1.5615080942797084,0.001,0.35724999999999996
streaming/reference,cea-15,joint,ambiguous,0,0.0,2.0802818946775288,1.0621252925,1.2652230253095489,1.9999999999999998e-05,0.37464499999999995
streaming/transition1,cea-15,joint,ambiguous,0,0.0,2.0802818946775288,1.0621252925,1.2652230253095489,1.9999999999999998e-05,0.37464499999999995
streaming/transition2,cea-15,joint,ambiguous,0,0.0,2.0802818946775288,1.0621252925,1.2652230253095489,1.9999999999999998e-05,0.37464499999999995
streaming/transition3,cea-15,joint,ambiguous,0,0.0,2.0802818946775288,1.0621252925,1.2652230253095489,1.9999999999999998e-05,0.37464499999999995
fixed/absolute,cea-15,joint,ambiguous,0,0.0,2.0802818946775288,1.0621252925,1.2652230253095489,1.9999999999999998e-05,0.37464499999999995
fixed/present,cea-15,joint,ambiguous,0,0.0,2.0802818946775288,1.0621252925,1.2652230253095489,1.9999999999999998e-05,0.37464499999999995
fixed/recency,cea-15,joint,ambiguous,0,0.0,2.1223490426911127,1.04448125,1.5615080942797084,0.001,0.35724999999999996
fixed/reference,cea-15,joint,ambiguous,0,0.0,2.0802818946775288,1.0621252925,1.2652230253095489,1.9999999999999998e-05,0.37464499999999995
fixed/transition1,cea-15,joint,ambiguous,0,0.0,2.0802818946775288,1.0621252925,1.2652230253095489,1.9999999999999998e-05,0.37464499999999995
fixed/transition2,cea-15,joint,ambiguous,0,0.0,2.0802818946775288,1.0621252925,1.2652230253095489,1.9999999999999998e-05,0.37464499999999995
fixed/transition3,cea-15,joint,ambiguous,0,0.0,2.0802818946775288,1.0621252925,1.2652230253095489,1.9999999999999998e-05,0.37464499999999995
oracle-boundary/absolute,cea-15,joint,ambiguous,0,1.0,0.6941076416550698,0.50000048,0.7038282854721148,2e-05,0.49952
oracle-boundary/present,cea-15,joint,ambiguous,0,0.0,2.0802818946775288,1.0621252925,1.2652230253095489,1.9999999999999998e-05,0.37464499999999995
oracle-boundary/recency,cea-15,joint,ambiguous,0,1.0,3.4789982477094417,0.95245,0.38625940550147086,0.001,0.951
oracle-boundary/reference,cea-15,joint,ambiguous,0,1.0,0.6941076416550698,0.50000048,0.7038282854721148,2e-05,0.49952
oracle-boundary/transition1,cea-15,joint,ambiguous,0,1.0,0.6941076416550698,0.50000048,0.7038282854721148,2e-05,0.49952
oracle-boundary/transition2,cea-15,joint,ambiguous,0,1.0,0.6941076416550698,0.50000048,0.7038282854721148,2e-05,0.49952
oracle-boundary/transition3,cea-15,joint,ambiguous,0,1.0,0.6941076416550698,0.50000048,0.7038282854721148,2e-05,0.49952
map/absolute,cea-15,joint,ambiguous,1,0.0,0.6941317673586215,0.5000245588235117,0.7038041833168955,1.9999999999999998e-05,0.502989785548971
map/present,cea-15,joint,ambiguous,1,0.0,2.0802818946775288,1.0621252925,1.2652230253095489,1.9999999999999998e-05,0.37464499999999995
map/recency,cea-15,joint,ambiguous,1,0.0,3.4789982477094417,0.95245,0.38625940550147086,0.001,0.951
map/reference,cea-15,joint,ambiguous,1,0.0,0.6941355264222776,0.5000283104780996,0.7038004279921538,1.9999999999999998e-05,0.5032503135323704
map/transition1,cea-15,joint,ambiguous,1,0.0,0.6941381101872393,0.5000308891341363,0.7037978468080225,1.9999999999999998e-05,0.5034193034080578
map/transition2,cea-15,joint,ambiguous,1,0.0,0.6941317673586215,0.5000245588235117,0.7038041833168955,1.9999999999999998e-05,0.502989785548971
map/transition3,cea-15,joint,ambiguous,1,0.0,0.6941317673586215,0.5000245588235117,0.7038041833168955,1.9999999999999998e-05,0.502989785548971
mixture/absolute,cea-15,joint,ambiguous,1,0.0,0.8127023064881909,0.5201521702804857,0.9906280600827895,0.1018022076884662,0.4900640805984257
mixture/present,cea-15,joint,ambiguous,1,0.0,2.1876268707120365,1.0376489962060709,1.4652558026575566,0.1018022076884662,0.33651204214139735
mixture/recency,cea-15,joint,ambiguous,1,0.0,3.58634322374395,0.8851440935972805,0.6707791395432622,0.10268245912996037,0.8542031845519595
mixture/reference,cea-15,joint,ambiguous,1,0.0,0.8127446030164358,0.5201854701160846,0.990590592626432,0.1018022076884662,0.4902519890964882
mixture/transition1,cea-15,joint,ambiguous,1,0.0,0.807196175401068,0.5202303585347245,0.9558678898071592,0.1018022076884662,0.4966272236161974
mixture/transition2,cea-15,joint,ambiguous,1,0.0,0.8071128110006691,0.520163991083733,0.9559421303601204,0.1018022076884662,0.49627994532461817
mixture/transition3,cea-15,joint,ambiguous,1,0.0,0.8127023064881909,0.5201521702804857,0.9906280600827895,0.1018022076884662,0.4900640805984257
repaired/absolute,cea-15,joint,ambiguous,1,0.0,0.6941870474398595,0.500079727106018,0.703748960116229,2e-05,0.5058147242202486
repaired/present,cea-15,joint,ambiguous,1,0.0,2.0802818946775288,1.0621252925,1.2652230253095489,1.9999999999999998e-05,0.37464499999999995
repaired/recency,cea-15,joint,ambiguous,1,0.0,3.4789982477094417,0.95245,0.38625940550147086,0.001,0.951
repaired/reference,cea-15,joint,ambiguous,1,0.0,0.6941249714046798,0.5000177761927211,0.7038109725590845,1.9999999999999998e-05,0.5024607645877587
repaired/transition1,cea-15,joint,ambiguous,1,0.0,0.6941870474398595,0.500079727106018,0.703748960116229,2e-05,0.5058147242202486
repaired/transition2,cea-15,joint,ambiguous,1,0.0,0.6941870474398595,0.500079727106018,0.703748960116229,2e-05,0.5058147242202486
repaired/transition3,cea-15,joint,ambiguous,1,0.0,0.6941870474398595,0.500079727106018,0.703748960116229,2e-05,0.5058147242202486
streaming/absolute,cea-15,joint,ambiguous,1,0.0,2.0802818946775288,1.0621252925,1.2652230253095489,1.9999999999999998e-05,0.37464499999999995
streaming/present,cea-15,joint,ambiguous,1,0.0,2.0802818946775288,1.0621252925,1.2652230253095489,1.9999999999999998e-05,0.37464499999999995
streaming/recency,cea-15,joint,ambiguous,1,0.0,2.1223490426911127,1.04448125,1.5615080942797084,0.001,0.35724999999999996
streaming/reference,cea-15,joint,ambiguous,1,0.0,2.0802818946775288,1.0621252925,1.2652230253095489,1.9999999999999998e-05,0.37464499999999995
streaming/transition1,cea-15,joint,ambiguous,1,0.0,2.0802818946775288,1.0621252925,1.2652230253095489,1.9999999999999998e-05,0.37464499999999995
streaming/transition2,cea-15,joint,ambiguous,1,0.0,2.0802818946775288,1.0621252925,1.2652230253095489,1.9999999999999998e-05,0.37464499999999995
streaming/transition3,cea-15,joint,ambiguous,1,0.0,2.0802818946775288,1.0621252925,1.2652230253095489,1.9999999999999998e-05,0.37464499999999995
fixed/absolute,cea-15,joint,ambiguous,1,0.0,2.0802818946775288,1.0621252925,1.2652230253095489,1.9999999999999998e-05,0.37464499999999995
fixed/present,cea-15,joint,ambiguous,1,0.0,2.0802818946775288,1.0621252925,1.2652230253095489,1.9999999999999998e-05,0.37464499999999995
fixed/recency,cea-15,joint,ambiguous,1,0.0,2.1223490426911127,1.04448125,1.5615080942797084,0.001,0.35724999999999996
fixed/reference,cea-15,joint,ambiguous,1,0.0,2.0802818946775288,1.0621252925,1.2652230253095489,1.9999999999999998e-05,0.37464499999999995
fixed/transition1,cea-15,joint,ambiguous,1,0.0,2.0802818946775288,1.0621252925,1.2652230253095489,1.9999999999999998e-05,0.37464499999999995
fixed/transition2,cea-15,joint,ambiguous,1,0.0,2.0802818946775288,1.0621252925,1.2652230253095489,1.9999999999999998e-05,0.37464499999999995
fixed/transition3,cea-15,joint,ambiguous,1,0.0,2.0802818946775288,1.0621252925,1.2652230253095489,1.9999999999999998e-05,0.37464499999999995
oracle-boundary/absolute,cea-15,joint,ambiguous,1,0.0,0.6941076416550698,0.50000048,0.7038282854721148,2e-05,0.49952
oracle-boundary/present,cea-15,joint,ambiguous,1,0.0,2.0802818946775288,1.0621252925,1.2652230253095489,1.9999999999999998e-05,0.37464499999999995
oracle-boundary/recency,cea-15,joint,ambiguous,1,0.0,3.4789982477094417,0.95245,0.38625940550147086,0.001,0.951
oracle-boundary/reference,cea-15,joint,ambiguous,1,0.0,0.6941076416550698,0.50000048,0.7038282854721148,2e-05,0.49952
oracle-boundary/transition1,cea-15,joint,ambiguous,1,0.0,0.6941076416550698,0.50000048,0.7038282854721148,2e-05,0.49952
oracle-boundary/transition2,cea-15,joint,ambiguous,1,0.0,0.6941076416550698,0.50000048,0.7038282854721148,2e-05,0.49952
oracle-boundary/transition3,cea-15,joint,ambiguous,1,0.0,0.6941076416550698,0.50000048,0.7038282854721148,2e-05,0.49952
