model,cell,condition,accuracy,accuracy_lower95,accuracy_upper95,log_loss,log_loss_lower95,log_loss_upper95,brier,brier_lower95,brier_upper95,entropy,entropy_lower95,entropy_upper95,unknown_mass,unknown_mass_lower95,unknown_mass_upper95,confidence,confidence_lower95,confidence_upper95,paired_success,paired_success_lower95,paired_success_upper95
a32_48/absolute,detached,intact,1.0,1.0,1.0,0.0009804805139615315,0.0009804805139615315,0.0009804805139615315,9.800000000392828e-07,9.800000000392828e-07,9.800000000392828e-07,0.011582902361779928,0.011582902361779928,0.011582902361779928,1.9999999999999998e-05,1.9999999999999998e-05,1.9999999999999998e-05,0.9990199999999999,0.9990199999999999,0.9990199999999999,1.0,1.0,1.0
a32_48/absolute,duration,intact,1.0,1.0,1.0,0.0009804805139615315,0.0009804805139615315,0.0009804805139615315,9.800000000392828e-07,9.800000000392828e-07,9.800000000392828e-07,0.011582902361779928,0.011582902361779928,0.011582902361779928,1.9999999999999998e-05,1.9999999999999998e-05,1.9999999999999998e-05,0.9990199999999999,0.9990199999999999,0.9990199999999999,1.0,1.0,1.0
a32_48/absolute,joint,ambiguous,0.5,0.5,0.5,0.697718130186897,0.6948444811088941,0.7013247277831041,0.5035689673247232,0.5007343704882635,0.507126967942876,0.700244741643011,0.6966615375887273,0.7030518978942052,1.9999999999999998e-05,1.9999999999999998e-05,1.9999999999999998e-05,0.5296105746428984,0.510194089595267,0.5506750370260787,0.0,0.0,0.0
a32_48/absolute,joint,intact,1.0,1.0,1.0,0.0009804805139615315,0.0009804805139615315,0.0009804805139615315,9.800000000392828e-07,9.800000000392828e-07,9.800000000392828e-07,0.011582902361779928,0.011582902361779928,0.011582902361779928,1.9999999999999998e-05,1.9999999999999998e-05,1.9999999999999998e-05,0.9990199999999999,0.9990199999999999,0.9990199999999999,1.0,1.0,1.0
a32_48/absolute,joint,removal,0.0625,0.0,0.1875,5.220279849998905,2.623466180080497,8.634904186977096,1.0933440425,0.9060315425000001,1.2494377925,1.2652230253095489,1.2652230253095489,1.2652230253095489,1.9999999999999998e-05,1.9999999999999998e-05,1.9999999999999998e-05,0.37464499999999995,0.37464499999999995,0.37464499999999995,0.0,0.0,0.0
a32_48/absolute,joint,reset,0.0625,0.0,0.1875,5.220279849998905,2.623466180080497,8.634904186977096,1.0933440425,0.9060315425000001,1.2494377925,1.2652230253095489,1.2652230253095489,1.2652230253095489,1.9999999999999998e-05,1.9999999999999998e-05,1.9999999999999998e-05,0.37464499999999995,0.37464499999999995,0.37464499999999995,0.0,0.0,0.0
a32_48/absolute,joint,shuffle,1.0,1.0,1.0,0.0009804805139615315,0.0009804805139615315,0.0009804805139615315,9.800000000392828e-07,9.800000000392828e-07,9.800000000392828e-07,0.011582902361779928,0.011582902361779928,0.011582902361779928,1.9999999999999998e-05,1.9999999999999998e-05,1.9999999999999998e-05,0.9990199999999999,0.9990199999999999,0.9990199999999999,1.0,1.0,1.0
a32_48/absolute,joint,swap,1.0,1.0,1.0,0.0009804805139615315,0.0009804805139615315,0.0009804805139615315,9.800000000392828e-07,9.800000000392828e-07,9.800000000392828e-07,0.011582902361779928,0.011582902361779928,0.011582902361779928,1.9999999999999998e-05,1.9999999999999998e-05,1.9999999999999998e-05,0.9990199999999999,0.9990199999999999,0.9990199999999999,1.0,1.0,1.0
a32_48/absolute,joint,unrelated,0.0625,0.0,0.1875,5.220279849998905,2.623466180080497,8.634904186977096,1.0933440425,0.9060315425000001,1.2494377925,1.2652230253095489,1.2652230253095489,1.2652230253095489,1.9999999999999998e-05,1.9999999999999998e-05,1.9999999999999998e-05,0.37464499999999995,0.37464499999999995,0.37464499999999995,0.0,0.0,0.0
a32_48/absolute,legato,intact,1.0,1.0,1.0,0.0009804805139615315,0.0009804805139615315,0.0009804805139615315,9.800000000392828e-07,9.800000000392828e-07,9.800000000392828e-07,0.011582902361779928,0.011582902361779928,0.011582902361779928,1.9999999999999998e-05,1.9999999999999998e-05,1.9999999999999998e-05,0.9990199999999999,0.9990199999999999,0.9990199999999999,1.0,1.0,1.0
a32_48/present,detached,intact,0.0625,0.0,0.1875,5.220279849998905,2.623466180080497,8.634904186977096,1.0933440425,0.9060315425000001,1.2494377925,1.2652230253095489,1.2652230253095489,1.2652230253095489,1.9999999999999998e-05,1.9999999999999998e-05,1.9999999999999998e-05,0.37464499999999995,0.37464499999999995,0.37464499999999995,0.0,0.0,0.0
a32_48/present,duration,intact,0.0625,0.0,0.1875,5.220279849998905,2.623466180080497,8.634904186977096,1.0933440425,0.9060315425000001,1.2494377925,1.2652230253095489,1.2652230253095489,1.2652230253095489,1.9999999999999998e-05,1.9999999999999998e-05,1.9999999999999998e-05,0.37464499999999995,0.37464499999999995,0.37464499999999995,0.0,0.0,0.0
a32_48/present,joint,ambiguous,0.0625,0.0,0.1875,5.220279849998905,2.623466180080497,8.634904186977096,1.0933440425,0.9060315425000001,1.2494377925,1.2652230253095489,1.2652230253095489,1.2652230253095489,1.9999999999999998e-05,1.9999999999999998e-05,1.9999999999999998e-05,0.37464499999999995,0.37464499999999995,0.37464499999999995,0.0,0.0,0.0
a32_48/present,joint,intact,0.0625,0.0,0.1875,5.220279849998905,2.623466180080497,8.634904186977096,1.0933440425,0.9060315425000001,1.2494377925,1.2652230253095489,1.2652230253095489,1.2652230253095489,1.9999999999999998e-05,1.9999999999999998e-05,1.9999999999999998e-05,0.37464499999999995,0.37464499999999995,0.37464499999999995,0.0,0.0,0.0
a32_48/present,joint,removal,0.0625,0.0,0.1875,5.220279849998905,2.623466180080497,8.634904186977096,1.0933440425,0.9060315425000001,1.2494377925,1.2652230253095489,1.2652230253095489,1.2652230253095489,1.9999999999999998e-05,1.9999999999999998e-05,1.9999999999999998e-05,0.37464499999999995,0.37464499999999995,0.37464499999999995,0.0,0.0,0.0
a32_48/present,joint,reset,0.0625,0.0,0.1875,5.220279849998905,2.623466180080497,8.634904186977096,1.0933440425,0.9060315425000001,1.2494377925,1.2652230253095489,1.2652230253095489,1.2652230253095489,1.9999999999999998e-05,1.9999999999999998e-05,1.9999999999999998e-05,0.37464499999999995,0.37464499999999995,0.37464499999999995,0.0,0.0,0.0
a32_48/present,joint,shuffle,0.0625,0.0,0.1875,5.220279849998905,2.623466180080497,8.634904186977096,1.0933440425,0.9060315425000001,1.2494377925,1.2652230253095489,1.2652230253095489,1.2652230253095489,1.9999999999999998e-05,1.9999999999999998e-05,1.9999999999999998e-05,0.37464499999999995,0.37464499999999995,0.37464499999999995,0.0,0.0,0.0
a32_48/present,joint,swap,0.0625,0.0,0.1875,5.220279849998905,2.623466180080497,8.634904186977096,1.0933440425,0.9060315425000001,1.2494377925,1.2652230253095489,1.2652230253095489,1.2652230253095489,1.9999999999999998e-05,1.9999999999999998e-05,1.9999999999999998e-05,0.37464499999999995,0.37464499999999995,0.37464499999999995,0.0,0.0,0.0
a32_48/present,joint,unrelated,0.0625,0.0,0.1875,5.220279849998905,2.623466180080497,8.634904186977096,1.0933440425,0.9060315425000001,1.2494377925,1.2652230253095489,1.2652230253095489,1.2652230253095489,1.9999999999999998e-05,1.9999999999999998e-05,1.9999999999999998e-05,0.37464499999999995,0.37464499999999995,0.37464499999999995,0.0,0.0,0.0
a32_48/present,legato,intact,0.0625,0.0,0.1875,5.220279849998905,2.623466180080497,8.634904186977096,1.0933440425,0.9060315425000001,1.2494377925,1.2652230253095489,1.2652230253095489,1.2652230253095489,1.9999999999999998e-05,1.9999999999999998e-05,1.9999999999999998e-05,0.37464499999999995,0.37464499999999995,0.37464499999999995,0.0,0.0,0.0
a32_48/recency,detached,intact,0.5625,0.25,0.875,3.050403618800355,0.9074304742549205,5.193376763345789,0.8337,0.23995000000000005,1.4274499999999999,0.38625940550147086,0.38625940550147086,0.38625940550147086,0.001,0.001,0.001,0.951,0.951,0.951,0.5,0.125,0.875
a32_48/recency,duration,intact,0.625,0.25,0.875,2.621808989891268,0.9074304742549205,5.193376763345789,0.71495,0.23995000000000005,1.4274499999999999,0.38625940550147086,0.38625940550147086,0.38625940550147086,0.001,0.001,0.001,0.951,0.951,0.951,0.625,0.25,0.875
a32_48/recency,joint,ambiguous,0.5,0.5,0.5,3.4789982477094417,3.4789982477094417,3.4789982477094417,0.95245,0.95245,0.95245,0.38625940550147086,0.38625940550147086,0.38625940550147086,0.001,0.001,0.001,0.951,0.951,0.951,0.0,0.0,0.0
a32_48/recency,joint,intact,0.625,0.25,0.875,2.621808989891268,0.9074304742549205,5.193376763345789,0.71495,0.23995000000000005,1.4274499999999999,0.38625940550147086,0.38625940550147086,0.38625940550147086,0.001,0.001,0.001,0.951,0.951,0.951,0.625,0.25,0.875
a32_48/recency,joint,removal,0.0625,0.0,0.1875,3.780247683735378,2.1740100319680145,5.711403719909381,1.0741687499999997,0.8960437499999998,1.2226062499999997,1.5615080942797084,1.5615080942797084,1.5615080942797084,0.001,0.001,0.001,0.35724999999999996,0.35724999999999996,0.35724999999999996,0.0,0.0,0.0
a32_48/recency,joint,reset,0.0625,0.0,0.1875,3.780247683735378,2.1740100319680145,5.711403719909381,1.0741687499999997,0.8960437499999998,1.2226062499999997,1.5615080942797084,1.5615080942797084,1.5615080942797084,0.001,0.001,0.001,0.35724999999999996,0.35724999999999996,0.35724999999999996,0.0,0.0,0.0
a32_48/recency,joint,shuffle,0.625,0.25,0.875,2.621808989891268,0.9074304742549205,5.193376763345789,0.71495,0.23995000000000005,1.4274499999999999,0.38625940550147086,0.38625940550147086,0.38625940550147086,0.001,0.001,0.001,0.951,0.951,0.951,0.625,0.25,0.875
a32_48/recency,joint,swap,0.625,0.25,0.875,2.621808989891268,0.9074304742549205,5.193376763345789,0.71495,0.23995000000000005,1.4274499999999999,0.38625940550147086,0.38625940550147086,0.38625940550147086,0.001,0.001,0.001,0.951,0.951,0.951,0.625,0.25,0.875
a32_48/recency,joint,unrelated,0.375,0.125,0.75,2.5416601669184815,0.827281651282134,4.515052160836625,0.7130945312499999,0.2926453125,1.06266484375,1.1207898359878694,0.6800715776960302,1.4146020081824286,0.001,0.001,0.001,0.57990625,0.43146874999999996,0.8025625,0.375,0.125,0.75
a32_48/recency,legato,intact,0.625,0.25,0.875,2.621808989891268,0.9074304742549205,5.193376763345789,0.71495,0.23995000000000005,1.4274499999999999,0.38625940550147086,0.38625940550147086,0.38625940550147086,0.001,0.001,0.001,0.951,0.951,0.951,0.625,0.25,0.875
a32_48/reference,detached,intact,1.0,1.0,1.0,0.0009804805139615315,0.0009804805139615315,0.0009804805139615315,9.800000000392828e-07,9.800000000392828e-07,9.800000000392828e-07,0.011582902361779928,0.011582902361779928,0.011582902361779928,1.9999999999999998e-05,1.9999999999999998e-05,1.9999999999999998e-05,0.9990199999999999,0.9990199999999999,0.9990199999999999,1.0,1.0,1.0
a32_48/reference,duration,intact,1.0,1.0,1.0,0.0009804805139615315,0.0009804805139615315,0.0009804805139615315,9.800000000392828e-07,9.800000000392828e-07,9.800000000392828e-07,0.011582902361779928,0.011582902361779928,0.011582902361779928,1.9999999999999998e-05,1.9999999999999998e-05,1.9999999999999998e-05,0.9990199999999999,0.9990199999999999,0.9990199999999999,1.0,1.0,1.0
a32_48/reference,joint,ambiguous,0.5,0.5,0.5,0.6961425516148891,0.694524011605666,0.6982549525790922,0.502020101010918,0.5004154078515501,0.5041117169443958,0.701802939462882,0.6997037545694333,0.7034127442811926,1.9999999999999998e-05,1.9999999999999998e-05,1.9999999999999998e-05,0.5228998407581882,0.5087003114503091,0.5382902939003833,0.0,0.0,0.0
a32_48/reference,joint,intact,1.0,1.0,1.0,0.0009804805139615315,0.0009804805139615315,0.0009804805139615315,9.800000000392828e-07,9.800000000392828e-07,9.800000000392828e-07,0.011582902361779928,0.011582902361779928,0.011582902361779928,1.9999999999999998e-05,1.9999999999999998e-05,1.9999999999999998e-05,0.9990199999999999,0.9990199999999999,0.9990199999999999,1.0,1.0,1.0
a32_48/reference,joint,removal,0.0625,0.0,0.1875,5.220279849998905,2.623466180080497,8.634904186977096,1.0933440425,0.9060315425000001,1.2494377925,1.2652230253095489,1.2652230253095489,1.2652230253095489,1.9999999999999998e-05,1.9999999999999998e-05,1.9999999999999998e-05,0.37464499999999995,0.37464499999999995,0.37464499999999995,0.0,0.0,0.0
a32_48/reference,joint,reset,0.0625,0.0,0.1875,5.220279849998905,2.623466180080497,8.634904186977096,1.0933440425,0.9060315425000001,1.2494377925,1.2652230253095489,1.2652230253095489,1.2652230253095489,1.9999999999999998e-05,1.9999999999999998e-05,1.9999999999999998e-05,0.37464499999999995,0.37464499999999995,0.37464499999999995,0.0,0.0,0.0
a32_48/reference,joint,shuffle,1.0,1.0,1.0,0.0009804805139615315,0.0009804805139615315,0.0009804805139615315,9.800000000392828e-07,9.800000000392828e-07,9.800000000392828e-07,0.011582902361779928,0.011582902361779928,0.011582902361779928,1.9999999999999998e-05,1.9999999999999998e-05,1.9999999999999998e-05,0.9990199999999999,0.9990199999999999,0.9990199999999999,1.0,1.0,1.0
a32_48/reference,joint,swap,1.0,1.0,1.0,0.0009804805139615315,0.0009804805139615315,0.0009804805139615315,9.800000000392828e-07,9.800000000392828e-07,9.800000000392828e-07,0.011582902361779928,0.011582902361779928,0.011582902361779928,1.9999999999999998e-05,1.9999999999999998e-05,1.9999999999999998e-05,0.9990199999999999,0.9990199999999999,0.9990199999999999,1.0,1.0,1.0
a32_48/reference,joint,unrelated,0.0625,0.0,0.1875,5.220279849998905,2.623466180080497,8.634904186977096,1.0933440425,0.9060315425000001,1.2494377925,1.2652230253095489,1.2652230253095489,1.2652230253095489,1.9999999999999998e-05,1.9999999999999998e-05,1.9999999999999998e-05,0.37464499999999995,0.37464499999999995,0.37464499999999995,0.0,0.0,0.0
a32_48/reference,legato,intact,1.0,1.0,1.0,0.0009804805139615315,0.0009804805139615315,0.0009804805139615315,9.800000000392828e-07,9.800000000392828e-07,9.800000000392828e-07,0.011582902361779928,0.011582902361779928,0.011582902361779928,1.9999999999999998e-05,1.9999999999999998e-05,1.9999999999999998e-05,0.9990199999999999,0.9990199999999999,0.9990199999999999,1.0,1.0,1.0
a32_48/transition1,detached,intact,0.6875,0.375,0.9375,0.6230191679319288,0.5263088074285593,0.6887575438654394,0.4410912821462649,0.36854122313505766,0.49465827108955523,0.6591364217431903,0.5722832906024732,0.7035764499031967,1.9999999999999998e-05,1.9999999999999998e-05,1.9999999999999998e-05,0.5476376597133769,0.5061192142821277,0.6139721815202579,0.625,0.25,0.875
a32_48/transition1,duration,intact,0.75,0.5,0.9375,0.44956706019770043,0.24396731308870145,0.6149991396470911,0.3071889968890881,0.16805924914216563,0.4258575127019645,0.5126060820773133,0.2678812794136115,0.6862253511914229,1.9999999999999998e-05,1.9999999999999998e-05,1.9999999999999998e-05,0.6801435395079648,0.5611666600930401,0.8252302341538367,0.625,0.25,0.875
a32_48/transition1,joint,ambiguous,0.5,0.5,0.5,0.70008478958413,0.6942734715557562,0.7079779625674205,0.5058265341593986,0.5001659367913053,0.5135284369263806,0.6979506859718397,0.690142826568811,0.7036625998804817,1.9999999999999998e-05,1.9999999999999998e-05,1.9999999999999998e-05,0.5308945291994847,0.504474932752686,0.5639582378251073,0.0,0.0,0.0
a32_48/transition1,joint,intact,0.8125,0.625,0.9375,0.44849893007677233,0.24285674020683518,0.613354804093672,0.30612242417959284,0.16763070109738165,0.42322852309747905,0.5125583918118661,0.2677857601562195,0.6862391504894267,1.9999999999999998e-05,1.9999999999999998e-05,1.9999999999999998e-05,0.6818404838235889,0.5645888080278496,0.8271575972724184,0.625,0.25,0.875
a32_48/transition1,joint,removal,0.0625,0.0,0.1875,5.220279849998905,2.623466180080497,8.634904186977096,1.0933440425,0.9060315425000001,1.2494377925,1.2652230253095489,1.2652230253095489,1.2652230253095489,1.9999999999999998e-05,1.9999999999999998e-05,1.9999999999999998e-05,0.37464499999999995,0.37464499999999995,0.37464499999999995,0.0,0.0,0.0
a32_48/transition1,joint,reset,0.0625,0.0,0.1875,5.220279849998905,2.623466180080497,8.634904186977096,1.0933440425,0.9060315425000001,1.2494377925,1.2652230253095489,1.2652230253095489,1.2652230253095489,1.9999999999999998e-05,1.9999999999999998e-05,1.9999999999999998e-05,0.37464499999999995,0.37464499999999995,0.37464499999999995,0.0,0.0,0.0
a32_48/transition1,joint,shuffle,0.625,0.3125,0.875,0.5132000640476507,0.27761829414128436,0.7298278668307618,0.36854792688935434,0.1872361916314319,0.5381486269736224,0.5159473796643061,0.27098055189042025,0.6892466929398631,1.9999999999999998e-05,1.9999999999999998e-05,1.9999999999999998e-05,0.6762469385254513,0.5523773767943779,0.8243946707820522,0.5,0.125,0.875
a32_48/transition1,joint,swap,0.8125,0.625,0.9375,0.44849893007677233,0.24285674020683518,0.613354804093672,0.30612242417959284,0.16763070109738165,0.42322852309747905,0.5125583918118661,0.2677857601562195,0.6862391504894267,1.9999999999999998e-05,1.9999999999999998e-05,1.9999999999999998e-05,0.6818404838235889,0.5645888080278496,0.8271575972724184,0.625,0.25,0.875
a32_48/transition1,joint,unrelated,0.3125,0.0625,0.625,3.563745042508514,0.9373726722435671,6.841056188658296,0.7809843309657061,0.39829759718750013,1.1089529090907062,0.8776012248819803,0.48169794846719327,1.1910112556189225,1.9999999999999998e-05,1.9999999999999998e-05,1.9999999999999998e-05,0.5609603154560134,0.4048665654560134,0.7648793749999999,0.25,0.0,0.625
a32_48/transition1,legato,intact,0.75,0.5,0.9375,0.560803994472157,0.389006159004954,0.671059628796809,0.3914927127076324,0.2681483219276195,0.4769975424202477,0.6119842479879456,0.4389229995483227,0.7017235498621379,1.9999999999999998e-05,1.9999999999999998e-05,1.9999999999999998e-05,0.5924097271014364,0.5158288912525582,0.716284356826626,0.625,0.25,0.875
a32_48/transition2,detached,intact,1.0,1.0,1.0,0.0009804805139615315,0.0009804805139615315,0.0009804805139615315,9.800000000392828e-07,9.800000000392828e-07,9.800000000392828e-07,0.011582902361779928,0.011582902361779928,0.011582902361779928,1.9999999999999998e-05,1.9999999999999998e-05,1.9999999999999998e-05,0.9990199999999999,0.9990199999999999,0.9990199999999999,1.0,1.0,1.0
a32_48/transition2,duration,intact,1.0,1.0,1.0,0.0009804805139615315,0.0009804805139615315,0.0009804805139615315,9.800000000392828e-07,9.800000000392828e-07,9.800000000392828e-07,0.011582902361779928,0.011582902361779928,0.011582902361779928,1.9999999999999998e-05,1.9999999999999998e-05,1.9999999999999998e-05,0.9990199999999999,0.9990199999999999,0.9990199999999999,1.0,1.0,1.0
a32_48/transition2,joint,ambiguous,0.5,0.5,0.5,0.6973083651718365,0.6943960307003663,0.701511459381681,0.503157451396876,0.5002876611801349,0.5072911911237625,0.7006558250144536,0.6964978328166589,0.7035406102489787,1.9999999999999998e-05,1.9999999999999998e-05,1.9999999999999998e-05,0.5241836949363545,0.504656383580349,0.5477582020104015,0.0,0.0,0.0
a32_48/transition2,joint,intact,1.0,1.0,1.0,0.0009804805139615315,0.0009804805139615315,0.0009804805139615315,9.800000000392828e-07,9.800000000392828e-07,9.800000000392828e-07,0.011582902361779928,0.011582902361779928,0.011582902361779928,1.9999999999999998e-05,1.9999999999999998e-05,1.9999999999999998e-05,0.9990199999999999,0.9990199999999999,0.9990199999999999,1.0,1.0,1.0
a32_48/transition2,joint,removal,0.0625,0.0,0.1875,5.220279849998905,2.623466180080497,8.634904186977096,1.0933440425,0.9060315425000001,1.2494377925,1.2652230253095489,1.2652230253095489,1.2652230253095489,1.9999999999999998e-05,1.9999999999999998e-05,1.9999999999999998e-05,0.37464499999999995,0.37464499999999995,0.37464499999999995,0.0,0.0,0.0
a32_48/transition2,joint,reset,0.0625,0.0,0.1875,5.220279849998905,2.623466180080497,8.634904186977096,1.0933440425,0.9060315425000001,1.2494377925,1.2652230253095489,1.2652230253095489,1.2652230253095489,1.9999999999999998e-05,1.9999999999999998e-05,1.9999999999999998e-05,0.37464499999999995,0.37464499999999995,0.37464499999999995,0.0,0.0,0.0
a32_48/transition2,joint,shuffle,1.0,1.0,1.0,0.0009804805139615315,0.0009804805139615315,0.0009804805139615315,9.800000000392828e-07,9.800000000392828e-07,9.800000000392828e-07,0.011582902361779928,0.011582902361779928,0.011582902361779928,1.9999999999999998e-05,1.9999999999999998e-05,1.9999999999999998e-05,0.9990199999999999,0.9990199999999999,0.9990199999999999,1.0,1.0,1.0
a32_48/transition2,joint,swap,1.0,1.0,1.0,0.0009804805139615315,0.0009804805139615315,0.0009804805139615315,9.800000000392828e-07,9.800000000392828e-07,9.800000000392828e-07,0.011582902361779928,0.011582902361779928,0.011582902361779928,1.9999999999999998e-05,1.9999999999999998e-05,1.9999999999999998e-05,0.9990199999999999,0.9990199999999999,0.9990199999999999,1.0,1.0,1.0
a32_48/transition2,joint,unrelated,0.0625,0.0,0.1875,5.220279849998905,2.623466180080497,8.634904186977096,1.0933440425,0.9060315425000001,1.2494377925,1.2652230253095489,1.2652230253095489,1.2652230253095489,1.9999999999999998e-05,1.9999999999999998e-05,1.9999999999999998e-05,0.37464499999999995,0.37464499999999995,0.37464499999999995,0.0,0.0,0.0
a32_48/transition2,legato,intact,1.0,1.0,1.0,0.0009804805139615315,0.0009804805139615315,0.0009804805139615315,9.800000000392828e-07,9.800000000392828e-07,9.800000000392828e-07,0.011582902361779928,0.011582902361779928,0.011582902361779928,1.9999999999999998e-05,1.9999999999999998e-05,1.9999999999999998e-05,0.9990199999999999,0.9990199999999999,0.9990199999999999,1.0,1.0,1.0
a32_48/transition3,detached,intact,1.0,1.0,1.0,0.0009804805139615315,0.0009804805139615315,0.0009804805139615315,9.800000000392828e-07,9.800000000392828e-07,9.800000000392828e-07,0.011582902361779928,0.011582902361779928,0.011582902361779928,1.9999999999999998e-05,1.9999999999999998e-05,1.9999999999999998e-05,0.9990199999999999,0.9990199999999999,0.9990199999999999,1.0,1.0,1.0
a32_48/transition3,duration,intact,1.0,1.0,1.0,0.0009804805139615315,0.0009804805139615315,0.0009804805139615315,9.800000000392828e-07,9.800000000392828e-07,9.800000000392828e-07,0.011582902361779928,0.011582902361779928,0.011582902361779928,1.9999999999999998e-05,1.9999999999999998e-05,1.9999999999999998e-05,0.9990199999999999,0.9990199999999999,0.9990199999999999,1.0,1.0,1.0
a32_48/transition3,joint,ambiguous,0.5,0.5,0.5,0.697718130186897,0.6948444811088941,0.7013247277831041,0.5035689673247232,0.5007343704882635,0.507126967942876,0.700244741643011,0.6966615375887273,0.7030518978942052,1.9999999999999998e-05,1.9999999999999998e-05,1.9999999999999998e-05,0.5296105746428984,0.510194089595267,0.5506750370260787,0.0,0.0,0.0
a32_48/transition3,joint,intact,1.0,1.0,1.0,0.0009804805139615315,0.0009804805139615315,0.0009804805139615315,9.800000000392828e-07,9.800000000392828e-07,9.800000000392828e-07,0.011582902361779928,0.011582902361779928,0.011582902361779928,1.9999999999999998e-05,1.9999999999999998e-05,1.9999999999999998e-05,0.9990199999999999,0.9990199999999999,0.9990199999999999,1.0,1.0,1.0
a32_48/transition3,joint,removal,0.0625,0.0,0.1875,5.220279849998905,2.623466180080497,8.634904186977096,1.0933440425,0.9060315425000001,1.2494377925,1.2652230253095489,1.2652230253095489,1.2652230253095489,1.9999999999999998e-05,1.9999999999999998e-05,1.9999999999999998e-05,0.37464499999999995,0.37464499999999995,0.37464499999999995,0.0,0.0,0.0
a32_48/transition3,joint,reset,0.0625,0.0,0.1875,5.220279849998905,2.623466180080497,8.634904186977096,1.0933440425,0.9060315425000001,1.2494377925,1.2652230253095489,1.2652230253095489,1.2652230253095489,1.9999999999999998e-05,1.9999999999999998e-05,1.9999999999999998e-05,0.37464499999999995,0.37464499999999995,0.37464499999999995,0.0,0.0,0.0
a32_48/transition3,joint,shuffle,1.0,1.0,1.0,0.0009804805139615315,0.0009804805139615315,0.0009804805139615315,9.800000000392828e-07,9.800000000392828e-07,9.800000000392828e-07,0.011582902361779928,0.011582902361779928,0.011582902361779928,1.9999999999999998e-05,1.9999999999999998e-05,1.9999999999999998e-05,0.9990199999999999,0.9990199999999999,0.9990199999999999,1.0,1.0,1.0
a32_48/transition3,joint,swap,1.0,1.0,1.0,0.0009804805139615315,0.0009804805139615315,0.0009804805139615315,9.800000000392828e-07,9.800000000392828e-07,9.800000000392828e-07,0.011582902361779928,0.011582902361779928,0.011582902361779928,1.9999999999999998e-05,1.9999999999999998e-05,1.9999999999999998e-05,0.9990199999999999,0.9990199999999999,0.9990199999999999,1.0,1.0,1.0
a32_48/transition3,joint,unrelated,0.0625,0.0,0.1875,5.220279849998905,2.623466180080497,8.634904186977096,1.0933440425,0.9060315425000001,1.2494377925,1.2652230253095489,1.2652230253095489,1.2652230253095489,1.9999999999999998e-05,1.9999999999999998e-05,1.9999999999999998e-05,0.37464499999999995,0.37464499999999995,0.37464499999999995,0.0,0.0,0.0
a32_48/transition3,legato,intact,1.0,1.0,1.0,0.0009804805139615315,0.0009804805139615315,0.0009804805139615315,9.800000000392828e-07,9.800000000392828e-07,9.800000000392828e-07,0.011582902361779928,0.011582902361779928,0.011582902361779928,1.9999999999999998e-05,1.9999999999999998e-05,1.9999999999999998e-05,0.9990199999999999,0.9990199999999999,0.9990199999999999,1.0,1.0,1.0
a32_48_mixture/absolute,detached,intact,0.875,0.625,1.0,+Infinity,0.022501519151850696,+Infinity,0.26028166367368316,0.003442990649558414,0.758560413348904,0.13650847296456148,0.011582902361779928,0.2635755828577236,0.16615099432840594,0.020219038651489715,0.41541057730297937,0.9580484946159281,0.9168489094432548,0.9990199999999999,0.875,0.625,1.0
a32_48_mixture/absolute,duration,intact,0.875,0.625,1.0,+Infinity,0.22568707040939845,+Infinity,0.3839917496801055,0.09200291703547807,0.865756440326913,0.508133121514176,0.3243226241589975,0.6641596958538681,0.3290803173816135,0.16816662332543322,0.5416490781317076,0.7781073213115547,0.6903146255851533,0.870884142145042,0.875,0.625,1.0
a32_48_mixture/absolute,joint,ambiguous,0.375,0.1875,0.5,1.0683753367180724,0.9499304008399421,1.1847094987476754,0.6492903508860322,0.5840961770868663,0.721636561492284,1.108044585827994,1.0368097468542194,1.2013501183821478,0.284094066597705,0.20353783445722534,0.3646705638855832,0.42193141700690034,0.3862236197058747,0.4555998897004329,0.0,0.0,0.0
a32_48_mixture/absolute,joint,intact,0.875,0.625,1.0,+Infinity,0.2863092994947276,+Infinity,0.41415638749649436,0.13978053458607592,0.8880680499457739,0.5458947626695421,0.3397776726874906,0.7313423486020983,0.3642295361528525,0.2246542031999009,0.5685293417424337,0.7464653282921409,0.6586536030373323,0.8477262420594635,0.875,0.625,1.0
a32_48_mixture/absolute,joint,removal,0.0625,0.0,0.1875,+Infinity,2.8522272582762955,+Infinity,1.182979560321736,0.9641665130663846,1.460111026873128,1.2805040687681521,0.9025041093004949,1.49982446366674,0.3113500489838035,0.15434314307788619,0.5337871250706135,0.40399341880444906,0.30263063555768677,0.5813383762553453,0.0,0.0,0.0
a32_48_mixture/absolute,joint,reset,0.0625,0.0,0.1875,5.237082963757539,2.623466180080497,8.634904186977096,1.0900581433322716,0.9060315425000001,1.242865994164543,1.2925947346200464,1.2652230253095489,1.3473381532410413,0.015742370368755032,1.9999999999999998e-05,0.0471871111062651,0.36875457474469264,0.3569737242340779,0.37464499999999995,0.0,0.0,0.0
a32_48_mixture/absolute,joint,shuffle,0.875,0.625,1.0,+Infinity,0.25410941394640596,+Infinity,0.38153897869045084,0.10952250873557837,0.863391191799084,0.5782177916514742,0.35476555638828355,0.7818943404749968,0.33037112899943205,0.19398966352374067,0.5399786375799631,0.7651286532292603,0.6799352929598815,0.8577464270444579,0.875,0.625,1.0
a32_48_mixture/absolute,joint,swap,0.875,0.625,1.0,+Infinity,0.2863092994947276,+Infinity,0.41415638749649436,0.13978053458607592,0.8880680499457739,0.5458947626695421,0.3397776726874906,0.7313423486020983,0.3642295361528525,0.2246542031999009,0.5685293417424337,0.7464653282921409,0.6586536030373323,0.8477262420594635,0.875,0.625,1.0
a32_48_mixture/absolute,joint,unrelated,0.0,0.0,0.0,+Infinity,3.0769940227245725,+Infinity,1.217975393609375,1.0406600033980227,1.4691995857159768,1.2726266360472211,0.9000918353424879,1.4777000097692612,0.4124909584463976,0.28255300905206115,0.6001796864775267,0.4400332001193986,0.3319664890763612,0.6122056631614958,0.0,0.0,0.0
a32_48_mixture/absolute,legato,intact,0.875,0.625,1.0,+Infinity,0.12057637593438825,+Infinity,0.3377338224879855,0.04860801779021506,0.8292061828605647,0.3799397308481588,0.15271292319346697,0.6150714866366156,0.271356088273686,0.10189147775779674,0.4996857829231014,0.8419057940548956,0.7365210143860079,0.9429739557304753,0.875,0.625,1.0
a32_48_mixture/present,detached,intact,0.0625,0.0,0.1875,+Infinity,2.722942388133393,+Infinity,1.1807613445714957,0.9455821295895869,1.467997927855991,1.1818759503041203,0.813651404695207,1.4053154829587928,0.16615099432840594,0.020219038651489715,0.41541057730297937,0.43740360880201035,0.344216959466148,0.6051725689749408,0.0,0.0,0.0
a32_48_mixture/present,duration,intact,0.0,0.0,0.0,+Infinity,2.9946311120414544,+Infinity,1.2062643394875279,1.0169968526070265,1.4663224860616249,1.2716960461012554,0.8989968804082737,1.4758988634541828,0.3290803173816135,0.16816662332543322,0.5416490781317076,0.4237940399026092,0.3257485286931833,0.593465017535559,0.0,0.0,0.0
a32_48_mixture/present,joint,ambiguous,0.0,0.0,0.0,5.567633880150911,3.0157141694456167,8.896553226515001,1.1132395585744632,1.019321363361601,1.202529919964404,1.4681511699248313,1.432452635178786,1.4979264461435708,0.284094066597705,0.20353783445722534,0.3646705638855832,0.3374229164634561,0.29660996562101966,0.38538905009749014,0.0,0.0,0.0
a32_48_mixture/present,joint,intact,0.0,0.0,0.0,+Infinity,2.9661332435773144,+Infinity,1.2003519945353949,1.0033883148267042,1.4658288581505938,1.2805906244809877,0.908475337795644,1.481909605868704,0.3642295361528525,0.2246542031999009,0.5685293417424337,0.42052668383137254,0.32649188620450464,0.5897991101277216,0.0,0.0,0.0
a32_48_mixture/present,joint,removal,0.0625,0.0,0.1875,+Infinity,2.8522272582762955,+Infinity,1.182979560321736,0.9641665130663846,1.460111026873128,1.2805040687681521,0.9025041093004949,1.49982446366674,0.3113500489838035,0.15434314307788619,0.5337871250706135,0.40399341880444906,0.30263063555768677,0.5813383762553453,0.0,0.0,0.0
a32_48_mixture/present,joint,reset,0.0625,0.0,0.1875,5.237082963757539,2.623466180080497,8.634904186977096,1.0900581433322716,0.9060315425000001,1.242865994164543,1.2925947346200464,1.2652230253095489,1.3473381532410413,0.015742370368755032,1.9999999999999998e-05,0.0471871111062651,0.36875457474469264,0.3569737242340779,0.37464499999999995,0.0,0.0,0.0
a32_48_mixture/present,joint,shuffle,0.0,0.0,0.0,+Infinity,2.8949870867097465,+Infinity,1.1819757307805059,0.9721145286403359,1.458169522522447,1.2957869793431587,0.9193239152318964,1.4995125039873987,0.33037112899943205,0.19398966352374067,0.5399786375799631,0.3963838154974914,0.29738391083789295,0.5733551224544211,0.0,0.0,0.0
a32_48_mixture/present,joint,swap,0.0,0.0,0.0,+Infinity,2.9661332435773144,+Infinity,1.2003519945353949,1.0033883148267042,1.4658288581505938,1.2805906244809877,0.908475337795644,1.481909605868704,0.3642295361528525,0.2246542031999009,0.5685293417424337,0.42052668383137254,0.32649188620450464,0.5897991101277216,0.0,0.0,0.0
a32_48_mixture/present,joint,unrelated,0.0,0.0,0.0,+Infinity,3.0769940227245725,+Infinity,1.217975393609375,1.0406600033980227,1.4691995857159768,1.2726266360472211,0.9000918353424879,1.4777000097692612,0.4124909584463976,0.28255300905206115,0.6001796864775267,0.4400332001193986,0.3319664890763612,0.6122056631614958,0.0,0.0,0.0
a32_48_mixture/present,legato,intact,0.0625,0.0,0.1875,+Infinity,2.8448380826676427,+Infinity,1.1846562592363434,0.9689314447598425,1.4564736619716419,1.2461708907957634,0.868924450405653,1.4724366095451542,0.271356088273686,0.10189147775779674,0.4996857829231014,0.4140940735907956,0.31120307869469177,0.5896281335421283,0.0,0.0,0.0
a32_48_mixture/recency,detached,intact,0.375,0.125,0.75,+Infinity,1.4788863045392904,+Infinity,1.0266554582023428,0.44431326150726647,1.6544200773219297,0.5216012731982167,0.29862718067671623,0.7684063702873618,0.16696818269773148,0.021179243197702178,0.41598348639540433,0.866966894548524,0.7391535344302395,0.9562903300490342,0.375,0.125,0.75
a32_48_mixture/recency,duration,intact,0.3125,0.0625,0.625,+Infinity,1.6616890762834235,+Infinity,0.9824461853356367,0.48258328141742474,1.4932112630721446,0.7432586170757725,0.4808533131838415,0.9793334546727308,0.32973783182086824,0.16898183633883457,0.5420982710189963,0.7166845807562854,0.5784839737799257,0.8438227712255569,0.25,0.0,0.625
a32_48_mixture/recency,joint,ambiguous,0.5,0.5,0.5,3.2744352774118166,2.663723147963908,3.8220144183494362,0.8725868481506401,0.8434881721732475,0.9014274483654251,0.8875024415451624,0.7916698187137068,0.9875627582637355,0.2847956684444761,0.20431838299042793,0.3652931991856813,0.665135993214472,0.5791971620984773,0.7506408864763701,0.0,0.0,0.0
a32_48_mixture/recency,joint,intact,0.375,0.125,0.75,+Infinity,1.7201887200472394,+Infinity,0.9511168977002498,0.4657449571203779,1.4516477135960923,0.7769327577471199,0.5149143449298871,0.9956299645411343,0.364852603668773,0.22541405727784652,0.5689521914445201,0.6901499709906949,0.5650805911304841,0.8119363999373969,0.375,0.125,0.75
a32_48_mixture/recency,joint,removal,0.0625,0.0,0.1875,+Infinity,2.4598208744385603,+Infinity,1.174537831524672,0.9599315933710113,1.4532103674331798,1.480877783517656,1.0445504570616895,1.7217191319199119,0.3120249394336084,0.15517190337287573,0.5342440228259995,0.39507536796448084,0.2919088911750354,0.576033678049205,0.0,0.0,0.0
a32_48_mixture/recency,joint,reset,0.0625,0.0,0.1875,3.797050797494011,2.1740100319680145,5.711403719909381,1.0715711580274037,0.8960437499999998,1.2174110660548076,1.5835903503501227,1.5615080942797084,1.6277548624909515,0.016706962137629032,0.001,0.048120886412887094,0.35163307084717915,0.3403992125415376,0.35724999999999996,0.0,0.0,0.0
a32_48_mixture/recency,joint,shuffle,0.5625,0.25,0.875,+Infinity,1.2079243241703232,+Infinity,0.8543790337512652,0.37105364378185357,1.4118919704898323,0.7800937590122718,0.5076886751047693,1.017301959488647,0.331027378418001,0.19477956945160596,0.5404294675317338,0.7181266409173306,0.5892546475735669,0.8360091665546239,0.5,0.125,0.875
a32_48_mixture/recency,joint,swap,0.375,0.125,0.75,+Infinity,1.7201887200472394,+Infinity,0.9511168977002498,0.4657449571203779,1.4516477135960923,0.7769327577471199,0.5149143449298871,0.9956299645411343,0.364852603668773,0.22541405727784652,0.5689521914445201,0.6901499709906949,0.5650805911304841,0.8119363999373969,0.375,0.125,0.75
a32_48_mixture/recency,joint,unrelated,0.1875,0.0,0.4375,+Infinity,1.414625192104798,+Infinity,0.9612931485203586,0.5948509321406371,1.342966608930178,1.1929899689724708,0.7825127636976084,1.539771801525665,0.41306672882252765,0.2832561211654324,0.6005715182214137,0.522073191993214,0.37383485083453066,0.6955065490948213,0.125,0.0,0.375
a32_48_mixture/recency,legato,intact,0.375,0.125,0.75,+Infinity,1.6429691233216266,+Infinity,1.020233937423418,0.4894460527953192,1.571694793353731,0.6776276067893744,0.4115102443080658,0.9451317315731738,0.2720701735888841,0.10277164171287319,0.5001761006621915,0.7728028204558799,0.6346553128747469,0.8996551204745377,0.375,0.125,0.75
a32_48_mixture/reference,detached,intact,0.875,0.625,1.0,+Infinity,0.022501519151850696,+Infinity,0.26028166367368316,0.003442990649558414,0.758560413348904,0.13650847296456148,0.011582902361779928,0.2635755828577236,0.16615099432840594,0.020219038651489715,0.41541057730297937,0.9580484946159281,0.9168489094432548,0.9990199999999999,0.875,0.625,1.0
a32_48_mixture/reference,duration,intact,0.875,0.625,1.0,+Infinity,0.22568707040939845,+Infinity,0.3839917496801055,0.09200291703547807,0.865756440326913,0.508133121514176,0.3243226241589975,0.6641596958538681,0.3290803173816135,0.16816662332543322,0.5416490781317076,0.7781073213115547,0.6903146255851533,0.870884142145042,0.875,0.625,1.0
a32_48_mixture/reference,joint,ambiguous,0.375,0.1875,0.5,1.0658942583726176,0.9481119650111705,1.181710513523344,0.6481990109430118,0.5826910820877835,0.7196047305431734,1.1096736890054837,1.0379757689504536,1.2028954240100331,0.284094066597705,0.20353783445722534,0.3646705638855832,0.41676686024037995,0.38114815594716656,0.45280864758096934,0.0,0.0,0.0
a32_48_mixture/reference,joint,intact,0.875,0.625,1.0,+Infinity,0.2863092994947276,+Infinity,0.41415638749649436,0.13978053458607592,0.8880680499457739,0.5458947626695421,0.3397776726874906,0.7313423486020983,0.3642295361528525,0.2246542031999009,0.5685293417424337,0.7464653282921409,0.6586536030373323,0.8477262420594635,0.875,0.625,1.0
a32_48_mixture/reference,joint,removal,0.0625,0.0,0.1875,+Infinity,2.8522272582762955,+Infinity,1.182979560321736,0.9641665130663846,1.460111026873128,1.2805040687681521,0.9025041093004949,1.49982446366674,0.3113500489838035,0.15434314307788619,0.5337871250706135,0.40399341880444906,0.30263063555768677,0.5813383762553453,0.0,0.0,0.0
a32_48_mixture/reference,joint,reset,0.0625,0.0,0.1875,5.237082963757539,2.623466180080497,8.634904186977096,1.0900581433322716,0.9060315425000001,1.242865994164543,1.2925947346200464,1.2652230253095489,1.3473381532410413,0.015742370368755032,1.9999999999999998e-05,0.0471871111062651,0.36875457474469264,0.3569737242340779,0.37464499999999995,0.0,0.0,0.0
a32_48_mixture/reference,joint,shuffle,0.875,0.625,1.0,+Infinity,0.25410941394640596,+Infinity,0.38153897869045084,0.10952250873557837,0.863391191799084,0.5782177916514742,0.35476555638828355,0.7818943404749968,0.33037112899943205,0.19398966352374067,0.5399786375799631,0.7651286532292603,0.6799352929598815,0.8577464270444579,0.875,0.625,1.0
a32_48_mixture/reference,joint,swap,0.875,0.625,1.0,+Infinity,0.2863092994947276,+Infinity,0.41415638749649436,0.13978053458607592,0.8880680499457739,0.5458947626695421,0.3397776726874906,0.7313423486020983,0.3642295361528525,0.2246542031999009,0.5685293417424337,0.7464653282921409,0.6586536030373323,0.8477262420594635,0.875,0.625,1.0
a32_48_mixture/reference,joint,unrelated,0.0,0.0,0.0,+Infinity,3.0769940227245725,+Infinity,1.217975393609375,1.0406600033980227,1.4691995857159768,1.2726266360472211,0.9000918353424879,1.4777000097692612,0.4124909584463976,0.28255300905206115,0.6001796864775267,0.4400332001193986,0.3319664890763612,0.6122056631614958,0.0,0.0,0.0
a32_48_mixture/reference,legato,intact,0.875,0.625,1.0,+Infinity,0.12002332919335906,+Infinity,0.33744540704663356,0.04860801779021506,0.8289177674192127,0.37896577397301023,0.15271292319346697,0.6131235728863186,0.271356088273686,0.10189147775779674,0.4996857829231014,0.8422220668318797,0.7374698327169602,0.9429739557304753,0.875,0.625,1.0
a32_48_mixture/transition1,detached,intact,0.5625,0.25,0.875,+Infinity,0.543796182819679,+Infinity,0.5987815133815779,0.32286211916003027,1.0250676840225919,0.6846566701385697,0.46788058500951074,0.829220900259188,0.16615099432840594,0.020219038651489715,0.41541057730297937,0.6043808943983411,0.5072861028191499,0.7289663128383337,0.5,0.125,0.875
a32_48_mixture/transition1,duration,intact,0.5625,0.3125,0.8125,+Infinity,0.6835199448873066,+Infinity,0.6493719851518314,0.39131746326707173,1.0613344980787507,0.8517556867777827,0.5879984783408436,1.0168998510294225,0.3290803173816135,0.16816662332543322,0.5416490781317076,0.5613045818147393,0.4596041251192719,0.6998777353107467,0.375,0.0,0.75
a32_48_mixture/transition1,joint,ambiguous,0.375,0.1875,0.5,1.0535539543346304,0.9410709606740916,1.1742244150611914,0.6467986972658166,0.5837740709756243,0.7187394324954669,1.066224054529284,1.0206962282349288,1.102138937187302,0.284094066597705,0.20353783445722534,0.3646705638855832,0.42764851058453424,0.39480160501562245,0.47047406798304836,0.0,0.0,0.0
a32_48_mixture/transition1,joint,intact,0.625,0.375,0.875,+Infinity,0.732793414721197,+Infinity,0.6700712683965139,0.4222183186561109,1.0771501652305369,0.8818985943076054,0.6143712104549679,1.0489557997921808,0.3642295361528525,0.2246542031999009,0.5685293417424337,0.5409630514407409,0.43678105860852057,0.6855460914035831,0.375,0.0,0.75
a32_48_mixture/transition1,joint,removal,0.0625,0.0,0.1875,+Infinity,2.8522272582762955,+Infinity,1.182979560321736,0.9641665130663846,1.460111026873128,1.2805040687681521,0.9025041093004949,1.49982446366674,0.3113500489838035,0.15434314307788619,0.5337871250706135,0.40399341880444906,0.30263063555768677,0.5813383762553453,0.0,0.0,0.0
a32_48_mixture/transition1,joint,reset,0.0625,0.0,0.1875,5.237082963757539,2.623466180080497,8.634904186977096,1.0900581433322716,0.9060315425000001,1.242865994164543,1.2925947346200464,1.2652230253095489,1.3473381532410413,0.015742370368755032,1.9999999999999998e-05,0.0471871111062651,0.36875457474469264,0.3569737242340779,0.37464499999999995,0.0,0.0,0.0
a32_48_mixture/transition1,joint,shuffle,0.5625,0.25,0.875,+Infinity,0.7436165146000294,+Infinity,0.6902954640631853,0.4249865502705054,1.0981823942427145,0.8960325111698084,0.627360926691085,1.0597866703946108,0.33037112899943205,0.19398966352374067,0.5399786375799631,0.5455707024756389,0.44738336390083855,0.6857922834738157,0.5,0.125,0.875
a32_48_mixture/transition1,joint,swap,0.625,0.375,0.875,+Infinity,0.732793414721197,+Infinity,0.6700712683965139,0.4222183186561109,1.0771501652305369,0.8818985943076054,0.6143712104549679,1.0489557997921808,0.3642295361528525,0.2246542031999009,0.5685293417424337,0.5409630514407409,0.43678105860852057,0.6855460914035831,0.375,0.0,0.75
a32_48_mixture/transition1,joint,unrelated,0.25,0.0625,0.5,+Infinity,1.413122689858923,+Infinity,0.9846850263024228,0.6477748363033412,1.3491340166531385,1.0941444870653725,0.7320422078175717,1.3772874209387407,0.4124909584463976,0.28255300905206115,0.6001796864775267,0.5048942402657637,0.38506285564670184,0.6655575538535149,0.125,0.0,0.375
a32_48_mixture/transition1,legato,intact,0.5625,0.25,0.875,+Infinity,0.6496120044602955,+Infinity,0.6522858478395397,0.3873082200018186,1.0627961239102546,0.8136143725542839,0.5459576137029132,1.0054097630283185,0.271356088273686,0.10189147775779674,0.4996857829231014,0.5534671383294216,0.4439570490182363,0.7000153230998417,0.5,0.125,0.875
a32_48_mixture/transition2,detached,intact,0.875,0.625,1.0,+Infinity,0.022501519151850696,+Infinity,0.26028166367368316,0.003442990649558414,0.758560413348904,0.13650847296456148,0.011582902361779928,0.2635755828577236,0.16615099432840594,0.020219038651489715,0.41541057730297937,0.9580484946159281,0.9168489094432548,0.9990199999999999,0.875,0.625,1.0
a32_48_mixture/transition2,duration,intact,0.875,0.625,1.0,+Infinity,0.1966747074254367,+Infinity,0.37752032444062156,0.08553149179599409,0.8596181562678371,0.43058739052235157,0.2663552167337361,0.5782873687941659,0.3290803173816135,0.16816662332543322,0.5416490781317076,0.7952755868411573,0.7012915519272354,0.8900874457081813,0.875,0.625,1.0
a32_48_mixture/transition2,joint,ambiguous,0.375,0.1875,0.5,1.0505316604565553,0.9358579132459832,1.171058532108877,0.6447788568183894,0.5798693200115468,0.7186536968951986,1.0686210691435436,1.0275460049005192,1.1021143226081616,0.284094066597705,0.20353783445722534,0.3646705638855832,0.4208164630499013,0.39252673352434275,0.45202094790489217,0.0,0.0,0.0
a32_48_mixture/transition2,joint,intact,0.875,0.625,1.0,+Infinity,0.2676710067692467,+Infinity,0.40423293278499073,0.1322311670023017,0.8785797631006701,0.48354732115102295,0.3118820947746941,0.6197187144805498,0.3642295361528525,0.2246542031999009,0.5685293417424337,0.7601601119948171,0.6792174295471933,0.8533105277957321,0.875,0.625,1.0
a32_48_mixture/transition2,joint,removal,0.0625,0.0,0.1875,+Infinity,2.8522272582762955,+Infinity,1.182979560321736,0.9641665130663846,1.460111026873128,1.2805040687681521,0.9025041093004949,1.49982446366674,0.3113500489838035,0.15434314307788619,0.5337871250706135,0.40399341880444906,0.30263063555768677,0.5813383762553453,0.0,0.0,0.0
a32_48_mixture/transition2,joint,reset,0.0625,0.0,0.1875,5.237082963757539,2.623466180080497,8.634904186977096,1.0900581433322716,0.9060315425000001,1.242865994164543,1.2925947346200464,1.2652230253095489,1.3473381532410413,0.015742370368755032,1.9999999999999998e-05,0.0471871111062651,0.36875457474469264,0.3569737242340779,0.37464499999999995,0.0,0.0,0.0
a32_48_mixture/transition2,joint,shuffle,0.875,0.625,1.0,+Infinity,0.2405826172388329,+Infinity,0.3717805170023475,0.10388320806287578,0.8527924002875686,0.5211972336950959,0.3278508327677831,0.6889698220642991,0.33037112899943205,0.19398966352374067,0.5399786375799631,0.7790504624605599,0.703004576715528,0.8663380218405803,0.875,0.625,1.0
a32_48_mixture/transition2,joint,swap,0.875,0.625,1.0,+Infinity,0.2676710067692467,+Infinity,0.40423293278499073,0.1322311670023017,0.8785797631006701,0.48354732115102295,0.3118820947746941,0.6197187144805498,0.3642295361528525,0.2246542031999009,0.5685293417424337,0.7601601119948171,0.6792174295471933,0.8533105277957321,0.875,0.625,1.0
a32_48_mixture/transition2,joint,unrelated,0.0,0.0,0.0,+Infinity,3.0769940227245725,+Infinity,1.217975393609375,1.0406600033980227,1.4691995857159768,1.2726266360472211,0.9000918353424879,1.4777000097692612,0.4124909584463976,0.28255300905206115,0.6001796864775267,0.4400332001193986,0.3319664890763612,0.6122056631614958,0.0,0.0,0.0
a32_48_mixture/transition2,legato,intact,0.875,0.625,1.0,+Infinity,0.1196851518891413,+Infinity,0.3303035693947092,0.047371177626790564,0.820539089603864,0.3423621465778113,0.15139693175074329,0.5293664854904089,0.271356088273686,0.10189147775779674,0.4996857829231014,0.8510327047529367,0.7582399953645458,0.9443244970720679,0.875,0.625,1.0
a32_48_mixture/transition3,detached,intact,0.875,0.625,1.0,+Infinity,0.022501519151850696,+Infinity,0.26028166367368316,0.003442990649558414,0.758560413348904,0.13650847296456148,0.011582902361779928,0.2635755828577236,0.16615099432840594,0.020219038651489715,0.41541057730297937,0.9580484946159281,0.9168489094432548,0.9990199999999999,0.875,0.625,1.0
a32_48_mixture/transition3,duration,intact,0.875,0.625,1.0,+Infinity,0.22568707040939845,+Infinity,0.3839917496801055,0.09200291703547807,0.865756440326913,0.508133121514176,0.3243226241589975,0.6641596958538681,0.3290803173816135,0.16816662332543322,0.5416490781317076,0.7781073213115547,0.6903146255851533,0.870884142145042,0.875,0.625,1.0
a32_48_mixture/transition3,joint,ambiguous,0.375,0.1875,0.5,1.0683753367180724,0.9499304008399421,1.1847094987476754,0.6492903508860322,0.5840961770868663,0.721636561492284,1.108044585827994,1.0368097468542194,1.2013501183821478,0.284094066597705,0.20353783445722534,0.3646705638855832,0.42193141700690034,0.3862236197058747,0.4555998897004329,0.0,0.0,0.0
a32_48_mixture/transition3,joint,intact,0.875,0.625,1.0,+Infinity,0.2863092994947276,+Infinity,0.41415638749649436,0.13978053458607592,0.8880680499457739,0.5458947626695421,0.3397776726874906,0.7313423486020983,0.3642295361528525,0.2246542031999009,0.5685293417424337,0.7464653282921409,0.6586536030373323,0.8477262420594635,0.875,0.625,1.0
a32_48_mixture/transition3,joint,removal,0.0625,0.0,0.1875,+Infinity,2.8522272582762955,+Infinity,1.182979560321736,0.9641665130663846,1.460111026873128,1.2805040687681521,0.9025041093004949,1.49982446366674,0.3113500489838035,0.15434314307788619,0.5337871250706135,0.40399341880444906,0.30263063555768677,0.5813383762553453,0.0,0.0,0.0
a32_48_mixture/transition3,joint,reset,0.0625,0.0,0.1875,5.237082963757539,2.623466180080497,8.634904186977096,1.0900581433322716,0.9060315425000001,1.242865994164543,1.2925947346200464,1.2652230253095489,1.3473381532410413,0.015742370368755032,1.9999999999999998e-05,0.0471871111062651,0.36875457474469264,0.3569737242340779,0.37464499999999995,0.0,0.0,0.0
a32_48_mixture/transition3,joint,shuffle,0.875,0.625,1.0,+Infinity,0.25410941394640596,+Infinity,0.38153897869045084,0.10952250873557837,0.863391191799084,0.5782177916514742,0.35476555638828355,0.7818943404749968,0.33037112899943205,0.19398966352374067,0.5399786375799631,0.7651286532292603,0.6799352929598815,0.8577464270444579,0.875,0.625,1.0
a32_48_mixture/transition3,joint,swap,0.875,0.625,1.0,+Infinity,0.2863092994947276,+Infinity,0.41415638749649436,0.13978053458607592,0.8880680499457739,0.5458947626695421,0.3397776726874906,0.7313423486020983,0.3642295361528525,0.2246542031999009,0.5685293417424337,0.7464653282921409,0.6586536030373323,0.8477262420594635,0.875,0.625,1.0
a32_48_mixture/transition3,joint,unrelated,0.0,0.0,0.0,+Infinity,3.0769940227245725,+Infinity,1.217975393609375,1.0406600033980227,1.4691995857159768,1.2726266360472211,0.9000918353424879,1.4777000097692612,0.4124909584463976,0.28255300905206115,0.6001796864775267,0.4400332001193986,0.3319664890763612,0.6122056631614958,0.0,0.0,0.0
a32_48_mixture/transition3,legato,intact,0.875,0.625,1.0,+Infinity,0.12057637593438825,+Infinity,0.3377338224879855,0.04860801779021506,0.8292061828605647,0.3799397308481588,0.15271292319346697,0.6150714866366156,0.271356088273686,0.10189147775779674,0.4996857829231014,0.8419057940548956,0.7365210143860079,0.9429739557304753,0.875,0.625,1.0
b2/absolute,detached,intact,0.5,0.1875,0.8125,2.194367979283359,0.5208058340548534,4.769111091872217,0.59744590578125,0.2694773276562501,0.9254144839062501,0.7167554715199,0.40334544078295764,1.0301655022568421,1.9999999999999998e-05,1.9999999999999998e-05,1.9999999999999998e-05,0.6478090624999999,0.49171531249999995,0.8039028125,0.375,0.125,0.75
b2/absolute,duration,intact,0.0625,0.0,0.1875,5.220279849998905,2.623466180080497,8.634904186977096,1.0933440425,0.9060315425000001,1.2494377925,1.2652230253095489,1.2652230253095489,1.2652230253095489,1.9999999999999998e-05,1.9999999999999998e-05,1.9999999999999998e-05,0.37464499999999995,0.37464499999999995,0.37464499999999995,0.0,0.0,0.0
b2/absolute,joint,ambiguous,0.0625,0.0,0.1875,5.220279849998905,2.623466180080497,8.634904186977096,1.0933440425,0.9060315425000001,1.2494377925,1.2652230253095489,1.2652230253095489,1.2652230253095489,1.9999999999999998e-05,1.9999999999999998e-05,1.9999999999999998e-05,0.37464499999999995,0.37464499999999995,0.37464499999999995,0.0,0.0,0.0
b2/absolute,joint,intact,0.0625,0.0,0.1875,5.220279849998905,2.623466180080497,8.634904186977096,1.0933440425,0.9060315425000001,1.2494377925,1.2652230253095489,1.2652230253095489,1.2652230253095489,1.9999999999999998e-05,1.9999999999999998e-05,1.9999999999999998e-05,0.37464499999999995,0.37464499999999995,0.37464499999999995,0.0,0.0,0.0
b2/absolute,joint,removal,0.0625,0.0,0.1875,5.220279849998905,2.623466180080497,8.634904186977096,1.0933440425,0.9060315425000001,1.2494377925,1.2652230253095489,1.2652230253095489,1.2652230253095489,1.9999999999999998e-05,1.9999999999999998e-05,1.9999999999999998e-05,0.37464499999999995,0.37464499999999995,0.37464499999999995,0.0,0.0,0.0
b2/absolute,joint,reset,0.0625,0.0,0.1875,5.220279849998905,2.623466180080497,8.634904186977096,1.0933440425,0.9060315425000001,1.2494377925,1.2652230253095489,1.2652230253095489,1.2652230253095489,1.9999999999999998e-05,1.9999999999999998e-05,1.9999999999999998e-05,0.37464499999999995,0.37464499999999995,0.37464499999999995,0.0,0.0,0.0
b2/absolute,joint,shuffle,0.0625,0.0,0.1875,5.220279849998905,2.623466180080497,8.634904186977096,1.0933440425,0.9060315425000001,1.2494377925,1.2652230253095489,1.2652230253095489,1.2652230253095489,1.9999999999999998e-05,1.9999999999999998e-05,1.9999999999999998e-05,0.37464499999999995,0.37464499999999995,0.37464499999999995,0.0,0.0,0.0
b2/absolute,joint,swap,0.0625,0.0,0.1875,5.220279849998905,2.623466180080497,8.634904186977096,1.0933440425,0.9060315425000001,1.2494377925,1.2652230253095489,1.2652230253095489,1.2652230253095489,1.9999999999999998e-05,1.9999999999999998e-05,1.9999999999999998e-05,0.37464499999999995,0.37464499999999995,0.37464499999999995,0.0,0.0,0.0
b2/absolute,joint,unrelated,0.0625,0.0,0.1875,5.220279849998905,2.623466180080497,8.634904186977096,1.0933440425,0.9060315425000001,1.2494377925,1.2652230253095489,1.2652230253095489,1.2652230253095489,1.9999999999999998e-05,1.9999999999999998e-05,1.9999999999999998e-05,0.37464499999999995,0.37464499999999995,0.37464499999999995,0.0,0.0,0.0
b2/absolute,legato,intact,0.125,0.0,0.3125,4.544104987255385,2.0802818946775288,7.405153947432094,1.0113518979687501,0.8357035034375,1.1870002925,1.1868705176253134,1.0301655022568421,1.2652230253095489,1.9999999999999998e-05,1.9999999999999998e-05,1.9999999999999998e-05,0.41366843749999993,0.37464499999999995,0.49171531249999995,0.0,0.0,0.0
b2/present,detached,intact,0.0625,0.0,0.1875,5.220279849998905,2.623466180080497,8.634904186977096,1.0933440425,0.9060315425000001,1.2494377925,1.2652230253095489,1.2652230253095489,1.2652230253095489,1.9999999999999998e-05,1.9999999999999998e-05,1.9999999999999998e-05,0.37464499999999995,0.37464499999999995,0.37464499999999995,0.0,0.0,0.0
b2/present,duration,intact,0.0625,0.0,0.1875,5.220279849998905,2.623466180080497,8.634904186977096,1.0933440425,0.9060315425000001,1.2494377925,1.2652230253095489,1.2652230253095489,1.2652230253095489,1.9999999999999998e-05,1.9999999999999998e-05,1.9999999999999998e-05,0.37464499999999995,0.37464499999999995,0.37464499999999995,0.0,0.0,0.0
b2/present,joint,ambiguous,0.0625,0.0,0.1875,5.220279849998905,2.623466180080497,8.634904186977096,1.0933440425,0.9060315425000001,1.2494377925,1.2652230253095489,1.2652230253095489,1.2652230253095489,1.9999999999999998e-05,1.9999999999999998e-05,1.9999999999999998e-05,0.37464499999999995,0.37464499999999995,0.37464499999999995,0.0,0.0,0.0
b2/present,joint,intact,0.0625,0.0,0.1875,5.220279849998905,2.623466180080497,8.634904186977096,1.0933440425,0.9060315425000001,1.2494377925,1.2652230253095489,1.2652230253095489,1.2652230253095489,1.9999999999999998e-05,1.9999999999999998e-05,1.9999999999999998e-05,0.37464499999999995,0.37464499999999995,0.37464499999999995,0.0,0.0,0.0
b2/present,joint,removal,0.0625,0.0,0.1875,5.220279849998905,2.623466180080497,8.634904186977096,1.0933440425,0.9060315425000001,1.2494377925,1.2652230253095489,1.2652230253095489,1.2652230253095489,1.9999999999999998e-05,1.9999999999999998e-05,1.9999999999999998e-05,0.37464499999999995,0.37464499999999995,0.37464499999999995,0.0,0.0,0.0
b2/present,joint,reset,0.0625,0.0,0.1875,5.220279849998905,2.623466180080497,8.634904186977096,1.0933440425,0.9060315425000001,1.2494377925,1.2652230253095489,1.2652230253095489,1.2652230253095489,1.9999999999999998e-05,1.9999999999999998e-05,1.9999999999999998e-05,0.37464499999999995,0.37464499999999995,0.37464499999999995,0.0,0.0,0.0
b2/present,joint,shuffle,0.0625,0.0,0.1875,5.220279849998905,2.623466180080497,8.634904186977096,1.0933440425,0.9060315425000001,1.2494377925,1.2652230253095489,1.2652230253095489,1.2652230253095489,1.9999999999999998e-05,1.9999999999999998e-05,1.9999999999999998e-05,0.37464499999999995,0.37464499999999995,0.37464499999999995,0.0,0.0,0.0
b2/present,joint,swap,0.0625,0.0,0.1875,5.220279849998905,2.623466180080497,8.634904186977096,1.0933440425,0.9060315425000001,1.2494377925,1.2652230253095489,1.2652230253095489,1.2652230253095489,1.9999999999999998e-05,1.9999999999999998e-05,1.9999999999999998e-05,0.37464499999999995,0.37464499999999995,0.37464499999999995,0.0,0.0,0.0
b2/present,joint,unrelated,0.0625,0.0,0.1875,5.220279849998905,2.623466180080497,8.634904186977096,1.0933440425,0.9060315425000001,1.2494377925,1.2652230253095489,1.2652230253095489,1.2652230253095489,1.9999999999999998e-05,1.9999999999999998e-05,1.9999999999999998e-05,0.37464499999999995,0.37464499999999995,0.37464499999999995,0.0,0.0,0.0
b2/present,legato,intact,0.0625,0.0,0.1875,5.220279849998905,2.623466180080497,8.634904186977096,1.0933440425,0.9060315425000001,1.2494377925,1.2652230253095489,1.2652230253095489,1.2652230253095489,1.9999999999999998e-05,1.9999999999999998e-05,1.9999999999999998e-05,0.37464499999999995,0.37464499999999995,0.37464499999999995,0.0,0.0,0.0
b2/recency,detached,intact,0.625,0.25,0.875,2.621808989891268,0.9074304742549205,5.193376763345789,0.71495,0.23995000000000005,1.4274499999999999,0.38625940550147086,0.38625940550147086,0.38625940550147086,0.001,0.001,0.001,0.951,0.951,0.951,0.625,0.25,0.875
b2/recency,duration,intact,0.25,0.0,0.5,2.793551686776306,1.2158018687048275,4.717585764526338,0.9654382812499998,0.5943445312499998,1.3662195312499996,1.1207898359878694,0.7535246207446701,1.4146020081824286,0.001,0.001,0.001,0.57990625,0.43146874999999996,0.765453125,0.125,0.0,0.375
b2/recency,joint,ambiguous,0.125,0.0,0.3125,3.949828834362669,2.343591182595306,5.711403719909381,1.06266484375,0.89604375,1.1995984375,1.4146020081824286,1.1207898359878694,1.5615080942797084,0.001,0.001,0.001,0.43146874999999996,0.35724999999999996,0.57990625,0.0,0.0,0.0
b2/recency,joint,intact,0.125,0.0,0.3125,3.65074094459448,1.9434843873821035,5.574775022344512,1.0478210937499997,0.8012292968749999,1.2738171874999997,1.4146020081824286,1.1942428790365092,1.5615080942797084,0.001,0.001,0.001,0.43146874999999996,0.35724999999999996,0.542796875,0.0,0.0,0.0
b2/recency,joint,removal,0.0625,0.0,0.1875,3.780247683735378,2.1740100319680145,5.711403719909381,1.0741687499999997,0.8960437499999998,1.2226062499999997,1.5615080942797084,1.5615080942797084,1.5615080942797084,0.001,0.001,0.001,0.35724999999999996,0.35724999999999996,0.35724999999999996,0.0,0.0,0.0
b2/recency,joint,reset,0.0625,0.0,0.1875,3.780247683735378,2.1740100319680145,5.711403719909381,1.0741687499999997,0.8960437499999998,1.2226062499999997,1.5615080942797084,1.5615080942797084,1.5615080942797084,0.001,0.001,0.001,0.35724999999999996,0.35724999999999996,0.35724999999999996,0.0,0.0,0.0
b2/recency,joint,shuffle,0.1875,0.0,0.375,3.521234205453582,1.7997337313932633,5.574775022344512,0.9826941406249998,0.7245984374999999,1.2441296874999999,1.341148965133789,1.1207898359878694,1.4880550512310684,0.001,0.001,0.001,0.46857812499999996,0.39435937499999996,0.57990625,0.0,0.0,0.0
b2/recency,joint,swap,0.125,0.0,0.3125,3.65074094459448,1.9434843873821035,5.574775022344512,1.0478210937499997,0.8012292968749999,1.2738171874999997,1.4146020081824286,1.1942428790365092,1.5615080942797084,0.001,0.001,0.001,0.43146874999999996,0.35724999999999996,0.542796875,0.0,0.0,0.0
b2/recency,joint,unrelated,0.125,0.0,0.3125,3.65074094459448,1.9434843873821035,5.574775022344512,1.0478210937499997,0.8012292968749999,1.2738171874999997,1.4146020081824286,1.1942428790365092,1.5615080942797084,0.001,0.001,0.001,0.43146874999999996,0.35724999999999996,0.542796875,0.0,0.0,0.0
b2/recency,legato,intact,0.4375,0.1875,0.6875,2.942014858531527,1.2276363428951798,4.764782134436702,0.880643359375,0.40564335937499996,1.344139453125,0.6066185346473905,0.38625940550147086,0.9004307068419498,0.001,0.001,0.001,0.839671875,0.691234375,0.951,0.25,0.0,0.625
b2/reference,detached,intact,0.6875,0.5625,0.875,1.258280439769393,0.4447923861974665,2.4806738268712105,0.3826882221875001,0.20309455812500005,0.5310631362500001,0.48169794846719327,0.2466404254144866,0.6384029638356643,1.9999999999999998e-05,1.9999999999999998e-05,1.9999999999999998e-05,0.7648793749999999,0.6868325,0.8819496874999999,0.375,0.125,0.75
b2/reference,duration,intact,0.0625,0.0,0.1875,5.220279849998905,2.623466180080497,8.634904186977096,1.0933440425,0.9060315425000001,1.2494377925,1.2652230253095489,1.2652230253095489,1.2652230253095489,1.9999999999999998e-05,1.9999999999999998e-05,1.9999999999999998e-05,0.37464499999999995,0.37464499999999995,0.37464499999999995,0.0,0.0,0.0
b2/reference,joint,ambiguous,0.0625,0.0,0.1875,5.220279849998905,2.623466180080497,8.634904186977096,1.0933440425,0.9060315425000001,1.2494377925,1.2652230253095489,1.2652230253095489,1.2652230253095489,1.9999999999999998e-05,1.9999999999999998e-05,1.9999999999999998e-05,0.37464499999999995,0.37464499999999995,0.37464499999999995,0.0,0.0,0.0
b2/reference,joint,intact,0.0625,0.0,0.1875,5.220279849998905,2.623466180080497,8.634904186977096,1.0933440425,0.9060315425000001,1.2494377925,1.2652230253095489,1.2652230253095489,1.2652230253095489,1.9999999999999998e-05,1.9999999999999998e-05,1.9999999999999998e-05,0.37464499999999995,0.37464499999999995,0.37464499999999995,0.0,0.0,0.0
b2/reference,joint,removal,0.0625,0.0,0.1875,5.220279849998905,2.623466180080497,8.634904186977096,1.0933440425,0.9060315425000001,1.2494377925,1.2652230253095489,1.2652230253095489,1.2652230253095489,1.9999999999999998e-05,1.9999999999999998e-05,1.9999999999999998e-05,0.37464499999999995,0.37464499999999995,0.37464499999999995,0.0,0.0,0.0
b2/reference,joint,reset,0.0625,0.0,0.1875,5.220279849998905,2.623466180080497,8.634904186977096,1.0933440425,0.9060315425000001,1.2494377925,1.2652230253095489,1.2652230253095489,1.2652230253095489,1.9999999999999998e-05,1.9999999999999998e-05,1.9999999999999998e-05,0.37464499999999995,0.37464499999999995,0.37464499999999995,0.0,0.0,0.0
b2/reference,joint,shuffle,0.0625,0.0,0.1875,5.220279849998905,2.623466180080497,8.634904186977096,1.0933440425,0.9060315425000001,1.2494377925,1.2652230253095489,1.2652230253095489,1.2652230253095489,1.9999999999999998e-05,1.9999999999999998e-05,1.9999999999999998e-05,0.37464499999999995,0.37464499999999995,0.37464499999999995,0.0,0.0,0.0
b2/reference,joint,swap,0.0625,0.0,0.1875,5.220279849998905,2.623466180080497,8.634904186977096,1.0933440425,0.9060315425000001,1.2494377925,1.2652230253095489,1.2652230253095489,1.2652230253095489,1.9999999999999998e-05,1.9999999999999998e-05,1.9999999999999998e-05,0.37464499999999995,0.37464499999999995,0.37464499999999995,0.0,0.0,0.0
b2/reference,joint,unrelated,0.0625,0.0,0.1875,5.220279849998905,2.623466180080497,8.634904186977096,1.0933440425,0.9060315425000001,1.2494377925,1.2652230253095489,1.2652230253095489,1.2652230253095489,1.9999999999999998e-05,1.9999999999999998e-05,1.9999999999999998e-05,0.37464499999999995,0.37464499999999995,0.37464499999999995,0.0,0.0,0.0
b2/reference,legato,intact,0.3125,0.0625,0.5625,2.5155803990248247,1.4084296454218632,3.8869664428860866,0.7653754643750001,0.49984438625000005,0.9996877925000002,0.9518129945726067,0.6384029638356643,1.1868705176253134,1.9999999999999998e-05,1.9999999999999998e-05,1.9999999999999998e-05,0.5307387499999999,0.41366843749999993,0.6868325,0.125,0.0,0.375
b2/transition1,detached,intact,0.5,0.25,0.75,2.6913449217454306,1.0800080428487213,4.702940851960587,0.7595114533739858,0.43313365057114395,1.137775420107518,0.533180057421273,0.370087930312196,0.6532968138246107,1.9999999999999998e-05,1.9999999999999998e-05,1.9999999999999998e-05,0.719418850480211,0.6523360620357995,0.8104239900859198,0.25,0.0,0.625
b2/transition1,duration,intact,0.0625,0.0,0.1875,4.596625233828501,2.1371247547384993,7.405153947432094,1.094615598119523,0.907303098119523,1.2494377925,1.1511965992117656,0.9231437470161994,1.2652230253095489,1.9999999999999998e-05,1.9999999999999998e-05,1.9999999999999998e-05,0.42574639023386773,0.37464499999999995,0.5279491707016032,0.0,0.0,0.0
b2/transition1,joint,ambiguous,0.0625,0.0,0.1875,5.220279849998905,2.623466180080497,8.634904186977096,1.0933440425,0.9060315425000001,1.2494377925,1.2652230253095489,1.2652230253095489,1.2652230253095489,1.9999999999999998e-05,1.9999999999999998e-05,1.9999999999999998e-05,0.37464499999999995,0.37464499999999995,0.37464499999999995,0.0,0.0,0.0
b2/transition1,joint,intact,0.0625,0.0,0.1875,5.220279849998905,2.623466180080497,8.634904186977096,1.0933440425,0.9060315425000001,1.2494377925,1.2652230253095489,1.2652230253095489,1.2652230253095489,1.9999999999999998e-05,1.9999999999999998e-05,1.9999999999999998e-05,0.37464499999999995,0.37464499999999995,0.37464499999999995,0.0,0.0,0.0
b2/transition1,joint,removal,0.0625,0.0,0.1875,5.220279849998905,2.623466180080497,8.634904186977096,1.0933440425,0.9060315425000001,1.2494377925,1.2652230253095489,1.2652230253095489,1.2652230253095489,1.9999999999999998e-05,1.9999999999999998e-05,1.9999999999999998e-05,0.37464499999999995,0.37464499999999995,0.37464499999999995,0.0,0.0,0.0
b2/transition1,joint,reset,0.0625,0.0,0.1875,5.220279849998905,2.623466180080497,8.634904186977096,1.0933440425,0.9060315425000001,1.2494377925,1.2652230253095489,1.2652230253095489,1.2652230253095489,1.9999999999999998e-05,1.9999999999999998e-05,1.9999999999999998e-05,0.37464499999999995,0.37464499999999995,0.37464499999999995,0.0,0.0,0.0
b2/transition1,joint,shuffle,0.0625,0.0,0.1875,5.220279849998905,2.623466180080497,8.634904186977096,1.0933440425,0.9060315425000001,1.2494377925,1.2652230253095489,1.2652230253095489,1.2652230253095489,1.9999999999999998e-05,1.9999999999999998e-05,1.9999999999999998e-05,0.37464499999999995,0.37464499999999995,0.37464499999999995,0.0,0.0,0.0
b2/transition1,joint,swap,0.0625,0.0,0.1875,5.220279849998905,2.623466180080497,8.634904186977096,1.0933440425,0.9060315425000001,1.2494377925,1.2652230253095489,1.2652230253095489,1.2652230253095489,1.9999999999999998e-05,1.9999999999999998e-05,1.9999999999999998e-05,0.37464499999999995,0.37464499999999995,0.37464499999999995,0.0,0.0,0.0
b2/transition1,joint,unrelated,0.0625,0.0,0.1875,5.220279849998905,2.623466180080497,8.634904186977096,1.0933440425,0.9060315425000001,1.2494377925,1.2652230253095489,1.2652230253095489,1.2652230253095489,1.9999999999999998e-05,1.9999999999999998e-05,1.9999999999999998e-05,0.37464499999999995,0.37464499999999995,0.37464499999999995,0.0,0.0,0.0
b2/transition1,legato,intact,0.125,0.0,0.3125,4.544104987255385,2.0802818946775288,7.405153947432094,1.0113518979687501,0.8357035034375,1.1870002925,1.1868705176253134,1.0301655022568421,1.2652230253095489,1.9999999999999998e-05,1.9999999999999998e-05,1.9999999999999998e-05,0.41366843749999993,0.37464499999999995,0.49171531249999995,0.0,0.0,0.0
b2/transition2,detached,intact,0.5,0.1875,0.8125,2.194367979283359,0.5208058340548534,4.769111091872217,0.59744590578125,0.2694773276562501,0.9254144839062501,0.7167554715199,0.40334544078295764,1.0301655022568421,1.9999999999999998e-05,1.9999999999999998e-05,1.9999999999999998e-05,0.6478090624999999,0.49171531249999995,0.8039028125,0.375,0.125,0.75
b2/transition2,duration,intact,0.125,0.0,0.3125,4.544104987255385,2.0846045081653832,7.405153947432094,1.0113518979687501,0.8278129643750001,1.1870002925,1.1868705176253134,1.0301655022568421,1.2652230253095489,1.9999999999999998e-05,1.9999999999999998e-05,1.9999999999999998e-05,0.41366843749999993,0.37464499999999995,0.49171531249999995,0.0,0.0,0.0
b2/transition2,joint,ambiguous,0.0625,0.0,0.1875,5.220279849998905,2.623466180080497,8.634904186977096,1.0933440425,0.9060315425000001,1.2494377925,1.2652230253095489,1.2652230253095489,1.2652230253095489,1.9999999999999998e-05,1.9999999999999998e-05,1.9999999999999998e-05,0.37464499999999995,0.37464499999999995,0.37464499999999995,0.0,0.0,0.0
b2/transition2,joint,intact,0.0625,0.0,0.1875,5.220279849998905,2.623466180080497,8.634904186977096,1.0933440425,0.9060315425000001,1.2494377925,1.2652230253095489,1.2652230253095489,1.2652230253095489,1.9999999999999998e-05,1.9999999999999998e-05,1.9999999999999998e-05,0.37464499999999995,0.37464499999999995,0.37464499999999995,0.0,0.0,0.0
b2/transition2,joint,removal,0.0625,0.0,0.1875,5.220279849998905,2.623466180080497,8.634904186977096,1.0933440425,0.9060315425000001,1.2494377925,1.2652230253095489,1.2652230253095489,1.2652230253095489,1.9999999999999998e-05,1.9999999999999998e-05,1.9999999999999998e-05,0.37464499999999995,0.37464499999999995,0.37464499999999995,0.0,0.0,0.0
b2/transition2,joint,reset,0.0625,0.0,0.1875,5.220279849998905,2.623466180080497,8.634904186977096,1.0933440425,0.9060315425000001,1.2494377925,1.2652230253095489,1.2652230253095489,1.2652230253095489,1.9999999999999998e-05,1.9999999999999998e-05,1.9999999999999998e-05,0.37464499999999995,0.37464499999999995,0.37464499999999995,0.0,0.0,0.0
b2/transition2,joint,shuffle,0.0625,0.0,0.1875,5.220279849998905,2.623466180080497,8.634904186977096,1.0933440425,0.9060315425000001,1.2494377925,1.2652230253095489,1.2652230253095489,1.2652230253095489,1.9999999999999998e-05,1.9999999999999998e-05,1.9999999999999998e-05,0.37464499999999995,0.37464499999999995,0.37464499999999995,0.0,0.0,0.0
b2/transition2,joint,swap,0.0625,0.0,0.1875,5.220279849998905,2.623466180080497,8.634904186977096,1.0933440425,0.9060315425000001,1.2494377925,1.2652230253095489,1.2652230253095489,1.2652230253095489,1.9999999999999998e-05,1.9999999999999998e-05,1.9999999999999998e-05,0.37464499999999995,0.37464499999999995,0.37464499999999995,0.0,0.0,0.0
b2/transition2,joint,unrelated,0.0625,0.0,0.1875,5.220279849998905,2.623466180080497,8.634904186977096,1.0933440425,0.9060315425000001,1.2494377925,1.2652230253095489,1.2652230253095489,1.2652230253095489,1.9999999999999998e-05,1.9999999999999998e-05,1.9999999999999998e-05,0.37464499999999995,0.37464499999999995,0.37464499999999995,0.0,0.0,0.0
b2/transition2,legato,intact,0.125,0.0,0.3125,4.544104987255385,2.0802818946775288,7.405153947432094,1.0113518979687501,0.8357035034375,1.1870002925,1.1868705176253134,1.0301655022568421,1.2652230253095489,1.9999999999999998e-05,1.9999999999999998e-05,1.9999999999999998e-05,0.41366843749999993,0.37464499999999995,0.49171531249999995,0.0,0.0,0.0
b2/transition3,detached,intact,0.5,0.1875,0.8125,2.194367979283359,0.5208058340548534,4.769111091872217,0.59744590578125,0.2694773276562501,0.9254144839062501,0.7167554715199,0.40334544078295764,1.0301655022568421,1.9999999999999998e-05,1.9999999999999998e-05,1.9999999999999998e-05,0.6478090624999999,0.49171531249999995,0.8039028125,0.375,0.125,0.75
b2/transition3,duration,intact,0.0625,0.0,0.1875,5.220279849998905,2.623466180080497,8.634904186977096,1.0933440425,0.9060315425000001,1.2494377925,1.2652230253095489,1.2652230253095489,1.2652230253095489,1.9999999999999998e-05,1.9999999999999998e-05,1.9999999999999998e-05,0.37464499999999995,0.37464499999999995,0.37464499999999995,0.0,0.0,0.0
b2/transition3,joint,ambiguous,0.0625,0.0,0.1875,5.220279849998905,2.623466180080497,8.634904186977096,1.0933440425,0.9060315425000001,1.2494377925,1.2652230253095489,1.2652230253095489,1.2652230253095489,1.9999999999999998e-05,1.9999999999999998e-05,1.9999999999999998e-05,0.37464499999999995,0.37464499999999995,0.37464499999999995,0.0,0.0,0.0
b2/transition3,joint,intact,0.0625,0.0,0.1875,5.220279849998905,2.623466180080497,8.634904186977096,1.0933440425,0.9060315425000001,1.2494377925,1.2652230253095489,1.2652230253095489,1.2652230253095489,1.9999999999999998e-05,1.9999999999999998e-05,1.9999999999999998e-05,0.37464499999999995,0.37464499999999995,0.37464499999999995,0.0,0.0,0.0
b2/transition3,joint,removal,0.0625,0.0,0.1875,5.220279849998905,2.623466180080497,8.634904186977096,1.0933440425,0.9060315425000001,1.2494377925,1.2652230253095489,1.2652230253095489,1.2652230253095489,1.9999999999999998e-05,1.9999999999999998e-05,1.9999999999999998e-05,0.37464499999999995,0.37464499999999995,0.37464499999999995,0.0,0.0,0.0
b2/transition3,joint,reset,0.0625,0.0,0.1875,5.220279849998905,2.623466180080497,8.634904186977096,1.0933440425,0.9060315425000001,1.2494377925,1.2652230253095489,1.2652230253095489,1.2652230253095489,1.9999999999999998e-05,1.9999999999999998e-05,1.9999999999999998e-05,0.37464499999999995,0.37464499999999995,0.37464499999999995,0.0,0.0,0.0
b2/transition3,joint,shuffle,0.0625,0.0,0.1875,5.220279849998905,2.623466180080497,8.634904186977096,1.0933440425,0.9060315425000001,1.2494377925,1.2652230253095489,1.2652230253095489,1.2652230253095489,1.9999999999999998e-05,1.9999999999999998e-05,1.9999999999999998e-05,0.37464499999999995,0.37464499999999995,0.37464499999999995,0.0,0.0,0.0
b2/transition3,joint,swap,0.0625,0.0,0.1875,5.220279849998905,2.623466180080497,8.634904186977096,1.0933440425,0.9060315425000001,1.2494377925,1.2652230253095489,1.2652230253095489,1.2652230253095489,1.9999999999999998e-05,1.9999999999999998e-05,1.9999999999999998e-05,0.37464499999999995,0.37464499999999995,0.37464499999999995,0.0,0.0,0.0
b2/transition3,joint,unrelated,0.0625,0.0,0.1875,5.220279849998905,2.623466180080497,8.634904186977096,1.0933440425,0.9060315425000001,1.2494377925,1.2652230253095489,1.2652230253095489,1.2652230253095489,1.9999999999999998e-05,1.9999999999999998e-05,1.9999999999999998e-05,0.37464499999999995,0.37464499999999995,0.37464499999999995,0.0,0.0,0.0
b2/transition3,legato,intact,0.125,0.0,0.3125,4.544104987255385,2.0802818946775288,7.405153947432094,1.0113518979687501,0.8357035034375,1.1870002925,1.1868705176253134,1.0301655022568421,1.2652230253095489,1.9999999999999998e-05,1.9999999999999998e-05,1.9999999999999998e-05,0.41366843749999993,0.37464499999999995,0.49171531249999995,0.0,0.0,0.0
f32/absolute,detached,intact,1.0,1.0,1.0,0.0027158302645785264,0.0009804805139614205,0.0061865297658127375,5.184973872207621e-05,9.800000000392828e-07,0.00015358921616615007,0.020649513871435966,0.011582902361779817,0.03878273689074827,2e-05,2e-05,2e-05,0.9972983293467697,0.9938549880403089,0.99902,1.0,1.0,1.0
f32/absolute,duration,intact,0.6875,0.375,0.9375,+Infinity,+Infinity,+Infinity,0.6250712861389611,0.12500091875000005,1.2500003675000002,0.018356283916272604,0.00506751978327867,0.04131415519420428,0.31251375,0.06251875,0.6250074999999999,0.9972872444168012,0.9930254832504034,0.99957125,0.625,0.25,0.875
f32/absolute,joint,ambiguous,0.4375,0.3125,0.5,+Infinity,1.9019226643405285,+Infinity,0.946149273986164,0.6521081731338996,1.3121650591099585,0.26044386643121215,0.0875919268072741,0.5107526932958668,0.1250175,2e-05,0.37501249999999997,0.8480099135913665,0.7010640799221901,0.9564269971952684,0.0,0.0,0.0
f32/absolute,joint,intact,0.6875,0.375,0.9375,+Infinity,+Infinity,+Infinity,0.6250753018228745,0.12500091875000005,1.2500003675000002,0.018597571705791,0.00506751978327867,0.04203801856275946,0.31251375,0.06251875,0.6250074999999999,0.9972281875347434,0.9928483126042301,0.99957125,0.625,0.25,0.875
f32/absolute,joint,removal,0.0,0.0,0.0,+Infinity,+Infinity,+Infinity,1.9997501225,1.9992503674999997,2.0,0.001447862795222491,0.0,0.004343588385667473,0.8750025,0.6250074999999999,1.0,0.9998775,0.9996324999999999,1.0,0.0,0.0,0.0
f32/absolute,joint,reset,0.0,0.0,0.0,+Infinity,+Infinity,+Infinity,2.0,2.0,2.0,0.0,0.0,0.0,1.0,1.0,1.0,1.0,1.0,1.0,0.0,0.0,0.0
f32/absolute,joint,shuffle,0.5625,0.25,0.875,+Infinity,+Infinity,+Infinity,0.8750890619094074,0.2500893681594074,1.5000887556594074,0.017923072936429415,0.0028957255904449542,0.04363417924273091,0.43751125,0.1250175,0.750005,0.9971584501200409,0.9923328503601228,0.999755,0.5,0.125,0.875
f32/absolute,joint,swap,0.6875,0.375,0.9375,+Infinity,+Infinity,+Infinity,0.6250753018228745,0.12500091875000005,1.2500003675000002,0.018597571705791,0.00506751978327867,0.04203801856275946,0.31251375,0.06251875,0.6250074999999999,0.9972281875347434,0.9928483126042301,0.99957125,0.625,0.25,0.875
f32/absolute,joint,unrelated,0.0,0.0,0.0,+Infinity,+Infinity,+Infinity,2.0,2.0,2.0,0.0,0.0,0.0,1.0,1.0,1.0,1.0,1.0,1.0,0.0,0.0,0.0
f32/absolute,legato,intact,1.0,1.0,1.0,0.0037081421268668046,0.0009804805139614205,0.009163465352677574,0.0001226761598884657,9.800000000392828e-07,0.0003660684796653185,0.0245675621155287,0.011582902361779817,0.05053688162302647,2e-05,2e-05,2e-05,0.9963245424741594,0.9909336274224783,0.99902,1.0,1.0,1.0
f32/present,detached,intact,0.0625,0.0,0.1875,5.220279849998905,2.623466180080497,8.634904186977096,1.0933440425,0.9060315425000001,1.2494377925,1.2652230253095489,1.2652230253095489,1.2652230253095489,1.9999999999999998e-05,1.9999999999999998e-05,1.9999999999999998e-05,0.37464499999999995,0.37464499999999995,0.37464499999999995,0.0,0.0,0.0
f32/present,duration,intact,0.0625,0.0,0.1875,5.220279849998905,2.623466180080497,8.634904186977096,1.0933440425,0.9060315425000001,1.2494377925,1.2652230253095489,1.2652230253095489,1.2652230253095489,1.9999999999999998e-05,1.9999999999999998e-05,1.9999999999999998e-05,0.37464499999999995,0.37464499999999995,0.37464499999999995,0.0,0.0,0.0
f32/present,joint,ambiguous,0.0625,0.0,0.1875,5.220279849998905,2.623466180080497,8.634904186977096,1.0933440425,0.9060315425000001,1.2494377925,1.2652230253095489,1.2652230253095489,1.2652230253095489,1.9999999999999998e-05,1.9999999999999998e-05,1.9999999999999998e-05,0.37464499999999995,0.37464499999999995,0.37464499999999995,0.0,0.0,0.0
f32/present,joint,intact,0.0625,0.0,0.1875,5.220279849998905,2.623466180080497,8.634904186977096,1.0933440425,0.9060315425000001,1.2494377925,1.2652230253095489,1.2652230253095489,1.2652230253095489,1.9999999999999998e-05,1.9999999999999998e-05,1.9999999999999998e-05,0.37464499999999995,0.37464499999999995,0.37464499999999995,0.0,0.0,0.0
f32/present,joint,removal,0.0625,0.0,0.1875,5.220279849998905,2.623466180080497,8.634904186977096,1.0933440425,0.9060315425000001,1.2494377925,1.2652230253095489,1.2652230253095489,1.2652230253095489,1.9999999999999998e-05,1.9999999999999998e-05,1.9999999999999998e-05,0.37464499999999995,0.37464499999999995,0.37464499999999995,0.0,0.0,0.0
f32/present,joint,reset,0.0625,0.0,0.1875,5.220279849998905,2.623466180080497,8.634904186977096,1.0933440425,0.9060315425000001,1.2494377925,1.2652230253095489,1.2652230253095489,1.2652230253095489,1.9999999999999998e-05,1.9999999999999998e-05,1.9999999999999998e-05,0.37464499999999995,0.37464499999999995,0.37464499999999995,0.0,0.0,0.0
f32/present,joint,shuffle,0.0625,0.0,0.1875,5.220279849998905,2.623466180080497,8.634904186977096,1.0933440425,0.9060315425000001,1.2494377925,1.2652230253095489,1.2652230253095489,1.2652230253095489,1.9999999999999998e-05,1.9999999999999998e-05,1.9999999999999998e-05,0.37464499999999995,0.37464499999999995,0.37464499999999995,0.0,0.0,0.0
f32/present,joint,swap,0.0625,0.0,0.1875,5.220279849998905,2.623466180080497,8.634904186977096,1.0933440425,0.9060315425000001,1.2494377925,1.2652230253095489,1.2652230253095489,1.2652230253095489,1.9999999999999998e-05,1.9999999999999998e-05,1.9999999999999998e-05,0.37464499999999995,0.37464499999999995,0.37464499999999995,0.0,0.0,0.0
f32/present,joint,unrelated,0.0625,0.0,0.1875,5.220279849998905,2.623466180080497,8.634904186977096,1.0933440425,0.9060315425000001,1.2494377925,1.2652230253095489,1.2652230253095489,1.2652230253095489,1.9999999999999998e-05,1.9999999999999998e-05,1.9999999999999998e-05,0.37464499999999995,0.37464499999999995,0.37464499999999995,0.0,0.0,0.0
f32/present,legato,intact,0.0625,0.0,0.1875,5.220279849998905,2.623466180080497,8.634904186977096,1.0933440425,0.9060315425000001,1.2494377925,1.2652230253095489,1.2652230253095489,1.2652230253095489,1.9999999999999998e-05,1.9999999999999998e-05,1.9999999999999998e-05,0.37464499999999995,0.37464499999999995,0.37464499999999995,0.0,0.0,0.0
f32/recency,detached,intact,0.0,0.0,0.0,6.907755278982137,6.907755278982137,6.907755278982137,1.90245,1.90245,1.90245,0.38625940550147086,0.38625940550147086,0.38625940550147086,0.001,0.001,0.001,0.951,0.951,0.951,0.0,0.0,0.0
f32/recency,duration,intact,0.0,0.0,0.0,6.907755278982137,6.907755278982137,6.907755278982137,1.90245,1.90245,1.90245,0.38625940550147086,0.38625940550147086,0.38625940550147086,0.001,0.001,0.001,0.951,0.951,0.951,0.0,0.0,0.0
f32/recency,joint,ambiguous,0.0,0.0,0.0,6.907755278982137,6.907755278982137,6.907755278982137,1.90245,1.90245,1.90245,0.38625940550147086,0.38625940550147086,0.38625940550147086,0.001,0.001,0.001,0.951,0.951,0.951,0.0,0.0,0.0
f32/recency,joint,intact,0.0,0.0,0.0,6.907755278982137,6.907755278982137,6.907755278982137,1.90245,1.90245,1.90245,0.38625940550147086,0.38625940550147086,0.38625940550147086,0.001,0.001,0.001,0.951,0.951,0.951,0.0,0.0,0.0
f32/recency,joint,removal,0.0,0.0,0.0,6.907755278982137,6.907755278982137,6.907755278982137,1.90245,1.90245,1.90245,0.38625940550147086,0.38625940550147086,0.38625940550147086,0.001,0.001,0.001,0.951,0.951,0.951,0.0,0.0,0.0
f32/recency,joint,reset,0.0,0.0,0.0,6.907755278982137,6.907755278982137,6.907755278982137,1.90245,1.90245,1.90245,0.38625940550147086,0.38625940550147086,0.38625940550147086,0.001,0.001,0.001,0.951,0.951,0.951,0.0,0.0,0.0
f32/recency,joint,shuffle,0.0,0.0,0.0,6.907755278982137,6.907755278982137,6.907755278982137,1.90245,1.90245,1.90245,0.38625940550147086,0.38625940550147086,0.38625940550147086,0.001,0.001,0.001,0.951,0.951,0.951,0.0,0.0,0.0
f32/recency,joint,swap,0.0,0.0,0.0,6.907755278982137,6.907755278982137,6.907755278982137,1.90245,1.90245,1.90245,0.38625940550147086,0.38625940550147086,0.38625940550147086,0.001,0.001,0.001,0.951,0.951,0.951,0.0,0.0,0.0
f32/recency,joint,unrelated,0.0,0.0,0.0,6.907755278982137,6.907755278982137,6.907755278982137,1.90245,1.90245,1.90245,0.38625940550147086,0.38625940550147086,0.38625940550147086,0.001,0.001,0.001,0.951,0.951,0.951,0.0,0.0,0.0
f32/recency,legato,intact,0.0,0.0,0.0,6.907755278982137,6.907755278982137,6.907755278982137,1.90245,1.90245,1.90245,0.38625940550147086,0.38625940550147086,0.38625940550147086,0.001,0.001,0.001,0.951,0.951,0.951,0.0,0.0,0.0
f32/reference,detached,intact,0.5625,0.25,0.875,2.9084663258312684,0.20201556816376753,6.762729107949163,0.6617044950854185,0.1621527238536019,1.2679804148007812,0.14102164508534265,0.020716547671841744,0.30206732796799296,2e-05,2e-05,2e-05,0.9331674211380006,0.84671499718487,0.9972826088259985,0.5,0.125,0.875
f32/reference,duration,intact,0.4375,0.1875,0.6875,+Infinity,+Infinity,+Infinity,0.9749869403363632,0.40635995319629514,1.5554057970035555,0.14455997975919718,0.01485109781788161,0.31494935166251253,0.31251375,0.06251875,0.6250074999999999,0.9212891170445905,0.8197230835565401,0.9975655074012982,0.25,0.0,0.5
f32/reference,joint,ambiguous,0.3125,0.125,0.4375,+Infinity,2.5747071821339738,+Infinity,1.1959074385969843,0.7624560813857901,1.6329871252341823,0.26043555617416414,0.08758666993755329,0.5107360727817709,0.1250175,2e-05,0.37501249999999997,0.8480674068947592,0.701103116906773,0.9564351409208572,0.0,0.0,0.0
f32/reference,joint,intact,0.4375,0.1875,0.6875,+Infinity,+Infinity,+Infinity,0.9749924274112525,0.406381901495852,1.5554057970035555,0.1448821325421053,0.015173250600789723,0.3152715044454206,0.31251375,0.06251875,0.6250074999999999,0.9212098945454281,0.8196438610573775,0.9974862849021358,0.25,0.0,0.5
f32/reference,joint,removal,0.0625,0.0,0.1875,+Infinity,+Infinity,+Infinity,1.87412549,1.623875735,1.9997501225,0.0057914511808899085,0.0014478627952224771,0.01013503956655734,0.5000100000000001,0.1250175,0.8750025,0.99951,0.9991425,0.9998775,0.0,0.0,0.0
f32/reference,joint,reset,0.0,0.0,0.0,+Infinity,+Infinity,+Infinity,2.0,2.0,2.0,0.0,0.0,0.0,1.0,1.0,1.0,1.0,1.0,1.0,0.0,0.0,0.0
f32/reference,joint,shuffle,0.3125,0.0625,0.5625,+Infinity,6.955553136751838,+Infinity,1.2250735344081034,0.64470067335546,1.7926933023472253,0.1460700059452836,0.015946586905969874,0.31692454219929767,0.31251375,2e-05,0.6250074999999999,0.920090732852386,0.8169388915034692,0.9972929814962956,0.125,0.0,0.375
f32/reference,joint,swap,0.4375,0.1875,0.6875,+Infinity,+Infinity,+Infinity,0.9749924274112525,0.406381901495852,1.5554057970035555,0.1448821325421053,0.015173250600789723,0.3152715044454206,0.31251375,0.06251875,0.6250074999999999,0.9212098945454281,0.8196438610573775,0.9974862849021358,0.25,0.0,0.5
f32/reference,joint,unrelated,0.0,0.0,0.0,+Infinity,+Infinity,+Infinity,2.0,2.0,2.0,0.0,0.0,0.0,1.0,1.0,1.0,1.0,1.0,1.0,0.0,0.0,0.0
f32/reference,legato,intact,0.5625,0.25,0.875,2.921656028684379,0.2142156842693142,6.762729107949163,0.6725268211743154,0.1729039806194797,1.2844141201487704,0.142067862258645,0.02461684244370796,0.30022111556697,2e-05,2e-05,2e-05,0.9362045225230173,0.8540422248023586,0.9963116097152364,0.5,0.125,0.875
f32/single,detached,intact,0.0,0.0,0.0,+Infinity,+Infinity,+Infinity,2.0,2.0,2.0,0.0,0.0,0.0,1.0,1.0,1.0,1.0,1.0,1.0,0.0,0.0,0.0
f32/single,duration,intact,0.0,0.0,0.0,+Infinity,+Infinity,+Infinity,1.937131382052557,1.8742504444257846,2.0,0.08942019276511162,0.0,0.17885271745635853,0.750005,0.50001,1.0,0.9377818592081377,0.8747346404690882,1.0,0.0,0.0,0.0
f32/single,joint,ambiguous,0.0,0.0,0.0,+Infinity,+Infinity,+Infinity,1.93716192448471,1.81198552845413,2.0,0.08938961757715978,0.0,0.2652731271410344,0.750005,0.50001,1.0,0.9388328791751159,0.8167436375253478,1.0,0.0,0.0,0.0
f32/single,joint,intact,0.0,0.0,0.0,+Infinity,+Infinity,+Infinity,1.968331084742355,1.905493009227065,2.0,0.04614267158380237,0.0,0.13553228916096216,0.750005,0.50001,1.0,0.9692939395875579,0.908126818762674,1.0,0.0,0.0,0.0
f32/single,joint,removal,0.0,0.0,0.0,+Infinity,+Infinity,+Infinity,1.9995002450000001,1.99900049,2.0,0.0028957255904449542,0.0,0.0057914511808899085,0.750005,0.50001,1.0,0.999755,0.99951,1.0,0.0,0.0,0.0
f32/single,joint,reset,0.0,0.0,0.0,+Infinity,+Infinity,+Infinity,1.874781866295365,1.7495005444388636,2.0,0.175925291883988,0.0,0.3519138380045897,0.750005,0.50001,1.0,0.8763558767234509,0.750035879893985,1.0,0.0,0.0,0.0
f32/single,joint,shuffle,0.0,0.0,0.0,+Infinity,+Infinity,+Infinity,1.968331084742355,1.905493009227065,2.0,0.04614267158380237,0.0,0.13553228916096216,0.750005,0.50001,1.0,0.9692939395875579,0.908126818762674,1.0,0.0,0.0,0.0
f32/single,joint,swap,0.0,0.0,0.0,+Infinity,+Infinity,+Infinity,1.968331084742355,1.905493009227065,2.0,0.04614267158380237,0.0,0.13553228916096216,0.750005,0.50001,1.0,0.9692939395875579,0.908126818762674,1.0,0.0,0.0,0.0
f32/single,joint,unrelated,0.0,0.0,0.0,+Infinity,+Infinity,+Infinity,1.968331084742355,1.905493009227065,2.0,0.04614267158380237,0.0,0.13553228916096216,0.750005,0.50001,1.0,0.9692939395875579,0.908126818762674,1.0,0.0,0.0,0.0
f32/single,legato,intact,0.0,0.0,0.0,+Infinity,+Infinity,+Infinity,2.0,2.0,2.0,0.0,0.0,0.0,1.0,1.0,1.0,1.0,1.0,1.0,0.0,0.0,0.0
f32/transition1,detached,intact,0.0,0.0,0.0,10.819778284410283,10.819778284410283,10.819778284410283,1.9809959664373453,1.9469859393213746,1.99800098,0.05010810882976813,0.011582902361779845,0.12715852171517475,2e-05,1.9999999999999998e-05,2.0000000000000005e-05,0.9900227923116913,0.972028376939748,0.99902,0.0,0.0,0.0
f32/transition1,duration,intact,0.0,0.0,0.0,10.819778284410283,10.819778284410283,10.819778284410283,1.9879284550881429,1.9677834052666152,1.9980009799999991,0.03337816435151985,0.011582902361784199,0.07696868831915922,1.9999999999999998e-05,1.9999999999999998e-05,2e-05,0.9937568701256488,0.9832306103780409,0.9990199999999996,0.0,0.0,0.0
f32/transition1,joint,ambiguous,0.0,0.0,0.0,10.819778284410283,10.819778284410283,10.819778284410283,1.9890022581167983,1.9710048146035486,1.9980009799999987,0.03151943940938575,0.011582902361786933,0.07139251213381616,1.9999999999999998e-05,1.9999999999999998e-05,2e-05,0.9943408006081615,0.9849824019511886,0.9990199999999994,0.0,0.0,0.0
f32/transition1,joint,intact,0.0,0.0,0.0,10.819778284410283,10.819778284410283,10.819778284410283,1.9935016190601564,1.9845028973035317,1.9980009799999991,0.021551170876066946,0.011582902361783949,0.04148770723828216,1.9999999999999998e-05,1.9999999999999998e-05,2e-05,0.9966804003049603,0.9920012009764738,0.9990199999999996,0.0,0.0,0.0
f32/transition1,joint,removal,0.0,0.0,0.0,10.819778284410283,10.819778284410283,10.819778284410283,1.99800098,1.9980009799999998,1.99800098,0.011582902361779845,0.011582902361779817,0.011582902361779873,1.9999999999999998e-05,1.9999999999999998e-05,2.0000000000000005e-05,0.99902,0.99902,0.99902,0.0,0.0,0.0
f32/transition1,joint,reset,0.0,0.0,0.0,10.819778284410283,10.819778284410283,10.819778284410283,1.9980009799999998,1.9980009799999996,1.99800098,0.011582902361779873,0.011582902361779831,0.011582902361779914,2.0000000000000005e-05,2e-05,2.0000000000000005e-05,0.99902,0.99902,0.99902,0.0,0.0,0.0
f32/transition1,joint,shuffle,0.0,0.0,0.0,10.819778284410283,10.819778284410283,10.819778284410283,1.9935564566631598,1.9846674101333837,1.9980009799999991,0.021454731704579014,0.011582902361783949,0.041198389610962706,1.9999999999999998e-05,1.9999999999999998e-05,1.9999999999999998e-05,0.9967100548430339,0.9920901646011256,0.9990199999999996,0.0,0.0,0.0
f32/transition1,joint,swap,0.0,0.0,0.0,10.819778284410283,10.819778284410283,10.819778284410283,1.9935016190601564,1.9845028973035317,1.9980009799999991,0.021551170876066946,0.011582902361783949,0.04148770723828216,1.9999999999999998e-05,1.9999999999999998e-05,2e-05,0.9966804003049603,0.9920012009764738,0.9990199999999996,0.0,0.0,0.0
f32/transition1,joint,unrelated,0.0,0.0,0.0,10.819778284410283,10.819778284410283,10.819778284410283,1.9980009799999991,1.9980009799999976,1.99800098,0.011582902361784227,0.011582902361779831,0.011582902361792994,2.0000000000000005e-05,2e-05,2.0000000000000005e-05,0.9990199999999996,0.9990199999999988,0.99902,0.0,0.0,0.0
f32/transition1,legato,intact,0.0,0.0,0.0,10.819778284410283,10.819778284410283,10.819778284410283,1.9700275737581976,1.934877180622259,1.9937946927880301,0.07357920935402014,0.02103227656256411,0.15242580040982667,2e-05,1.9999999999999998e-05,2.0000000000000005e-05,0.984254120312655,0.9656184184053658,0.9968385342466988,0.0,0.0,0.0
f32/transition2,detached,intact,0.0,0.0,0.0,10.819778284410283,10.819778284410283,10.819778284410283,1.9793772873010673,1.9421299019137823,1.99800098,0.053028091178828514,0.011582902361779859,0.13591846875563982,2e-05,1.9999999999999998e-05,2.0000000000000005e-05,0.9891088410817206,0.9692865232504568,0.99902,0.0,0.0,0.0
f32/transition2,duration,intact,0.0,0.0,0.0,9.72734123569369,7.542467138260501,10.819778284410283,1.8694501052567982,1.6354811833817988,1.9980009799987317,0.1925877481539503,0.011582902368647018,0.5059977788908875,2e-05,1.9999999999999998e-05,2.0000000000000005e-05,0.9148875596908459,0.7587938096908462,0.9990199999993652,0.0,0.0,0.0
f32/transition2,joint,ambiguous,0.0,0.0,0.0,10.819778284410283,10.819778284410283,10.819778284410283,1.9877972261016619,1.967389718643136,1.9980009799999983,0.033601803609207295,0.011582902361788265,0.07763960427304194,1.9999999999999998e-05,1.9999999999999998e-05,1.9999999999999998e-05,0.9936850987894313,0.9830152965375385,0.9990199999999991,0.0,0.0,0.0
f32/transition2,joint,intact,0.0,0.0,0.0,10.819778284410283,10.819778284410283,10.819778284410283,1.99289910305083,1.9826953493215673,1.9980009799999991,0.022592352985496625,0.011582902361784962,0.04461125331741396,1.9999999999999998e-05,1.9999999999999998e-05,2.0000000000000005e-05,0.9963525493947154,0.9910176482687689,0.9990199999999996,0.0,0.0,0.0
f32/transition2,joint,removal,0.0,0.0,0.0,10.819778284410283,10.819778284410283,10.819778284410283,1.9980009799999998,1.9980009799999996,1.99800098,0.011582902361779859,0.011582902361779827,0.0115829023617799,1.9999999999999998e-05,1.9999999999999998e-05,2.0000000000000005e-05,0.99902,0.99902,0.99902,0.0,0.0,0.0
f32/transition2,joint,reset,0.0,0.0,0.0,10.819778284410283,10.819778284410283,10.819778284410283,1.99800098,1.9980009799999998,1.99800098,0.011582902361779845,0.011582902361779817,0.011582902361779886,2.0000000000000005e-05,2e-05,2.0000000000000005e-05,0.99902,0.99902,0.99902,0.0,0.0,0.0
f32/transition2,joint,shuffle,0.0,0.0,0.0,10.819778284410283,10.819778284410283,10.819778284410283,1.9928991030454881,1.9826953493162254,1.998000979999999,0.022592353014422792,0.011582902361784988,0.044611253346340134,1.9999999999999998e-05,1.9999999999999998e-05,2e-05,0.9963525493920417,0.9910176482660953,0.9990199999999996,0.0,0.0,0.0
f32/transition2,joint,swap,0.0,0.0,0.0,10.819778284410283,10.819778284410283,10.819778284410283,1.99289910305083,1.9826953493215673,1.9980009799999991,0.022592352985496625,0.011582902361784962,0.04461125331741396,1.9999999999999998e-05,1.9999999999999998e-05,2.0000000000000005e-05,0.9963525493947154,0.9910176482687689,0.9990199999999996,0.0,0.0,0.0
f32/transition2,joint,unrelated,0.0,0.0,0.0,10.819778284410283,10.819778284410283,10.819778284410283,1.9980009799999991,1.9980009799999972,1.99800098,0.011582902361784976,0.011582902361779817,0.011582902361795266,2e-05,2e-05,2e-05,0.9990199999999996,0.9990199999999986,0.99902,0.0,0.0,0.0
f32/transition2,legato,intact,0.0,0.0,0.0,10.819778284410283,10.819778284410283,10.819778284410283,1.9666662494372948,1.9270926226616512,1.9934374339599814,0.07944355281232345,0.02166367882001361,0.16615177094045525,2e-05,1.9999999999999998e-05,2.0000000000000005e-05,0.9823587234048721,0.9612087965129474,0.9966456521975486,0.0,0.0,0.0
f32/transition3,detached,intact,0.0,0.0,0.0,10.819778284410283,10.819778284410283,10.819778284410283,1.9769173819739942,1.9347501859339569,1.99800098,0.0573595034628079,0.011582902361779831,0.14891270560002484,2e-05,1.9999999999999998e-05,2.0000000000000005e-05,0.9876976910437862,0.9650530731373519,0.99902,0.0,0.0,0.0
f32/transition3,duration,intact,0.0,0.0,0.0,9.72734123569369,7.542467138260501,10.819778284410283,1.867539722760693,1.633570800885694,1.9980009799985043,0.19567172348043158,0.01158290236987846,0.5090817542173677,2e-05,1.9999999999999998e-05,2.0000000000000005e-05,0.9138180058948002,0.7577242558948007,0.9990199999992514,0.0,0.0,0.0
f32/transition3,joint,ambiguous,0.0,0.0,0.0,10.819778284410283,10.819778284410283,10.819778284410283,1.986216247427648,1.9626467826936165,1.998000979999998,0.03624156111777726,0.011582902361789858,0.08555887640605839,2e-05,1.9999999999999998e-05,2.0000000000000005e-05,0.9928132355612013,0.9803997068891457,0.9990199999999991,0.0,0.0,0.0
f32/transition3,joint,intact,0.0,0.0,0.0,10.819778284410283,10.819778284410283,10.819778284410283,1.9921086137138233,1.9803238813468076,1.998000979999999,0.023912231739782262,0.011582902361785614,0.048570889383922844,1.9999999999999998e-05,1.9999999999999998e-05,2.0000000000000005e-05,0.9959166177806003,0.9897098534445725,0.9990199999999995,0.0,0.0,0.0
f32/transition3,joint,removal,0.0,0.0,0.0,10.819778284410283,10.819778284410283,10.819778284410283,1.9980009799999998,1.9980009799999996,1.99800098,0.011582902361779873,0.011582902361779831,0.011582902361779914,1.9999999999999998e-05,1.9999999999999998e-05,2e-05,0.99902,0.99902,0.99902,0.0,0.0,0.0
f32/transition3,joint,reset,0.0,0.0,0.0,10.819778284410283,10.819778284410283,10.819778284410283,1.9980009799999996,1.9980009799999996,1.99800098,0.011582902361779886,0.011582902361779845,0.011582902361779914,2e-05,1.9999999999999998e-05,2.0000000000000005e-05,0.99902,0.99902,0.99902,0.0,0.0,0.0
f32/transition3,joint,shuffle,0.0,0.0,0.0,10.819778284410283,10.819778284410283,10.819778284410283,1.9921086137058892,1.9803238813388735,1.998000979999999,0.023912231782744053,0.011582902361785843,0.04857088942688462,1.9999999999999998e-05,1.9999999999999998e-05,2.0000000000000005e-05,0.9959166177766292,0.9897098534406015,0.9990199999999994,0.0,0.0,0.0
f32/transition3,joint,swap,0.0,0.0,0.0,10.819778284410283,10.819778284410283,10.819778284410283,1.9921086137138233,1.9803238813468076,1.998000979999999,0.023912231739782262,0.011582902361785614,0.048570889383922844,1.9999999999999998e-05,1.9999999999999998e-05,2.0000000000000005e-05,0.9959166177806003,0.9897098534445725,0.9990199999999995,0.0,0.0,0.0
f32/transition3,joint,unrelated,0.0,0.0,0.0,10.819778284410283,10.819778284410283,10.819778284410283,1.998000979999999,1.9980009799999965,1.99800098,0.011582902361786065,0.011582902361779817,0.011582902361798538,1.9999999999999998e-05,1.9999999999999998e-05,1.9999999999999998e-05,0.9990199999999995,0.9990199999999982,0.99902,0.0,0.0,0.0
f32/transition3,legato,intact,0.0,0.0,0.0,10.819778284410283,10.819778284410283,10.819778284410283,1.962126678213564,1.9168120090391192,1.9928697983487047,0.08712493859716752,0.022642175934409144,0.18374633512765848,1.9999999999999998e-05,1.9999999999999998e-05,2e-05,0.9797536863648062,0.9552741171007684,0.9963365075840598,0.0,0.0,0.0
fixed/absolute,detached,intact,0.0625,0.0,0.1875,5.220279849998905,2.623466180080497,8.634904186977096,1.0933440425,0.9060315425000001,1.2494377925,1.2652230253095489,1.2652230253095489,1.2652230253095489,1.9999999999999998e-05,1.9999999999999998e-05,1.9999999999999998e-05,0.37464499999999995,0.37464499999999995,0.37464499999999995,0.0,0.0,0.0
fixed/absolute,duration,intact,0.0625,0.0,0.1875,5.220279849998905,2.623466180080497,8.634904186977096,1.0933440425,0.9060315425000001,1.2494377925,1.2652230253095489,1.2652230253095489,1.2652230253095489,1.9999999999999998e-05,1.9999999999999998e-05,1.9999999999999998e-05,0.37464499999999995,0.37464499999999995,0.37464499999999995,0.0,0.0,0.0
fixed/absolute,joint,ambiguous,0.0625,0.0,0.1875,5.220279849998905,2.623466180080497,8.634904186977096,1.0933440425,0.9060315425000001,1.2494377925,1.2652230253095489,1.2652230253095489,1.2652230253095489,1.9999999999999998e-05,1.9999999999999998e-05,1.9999999999999998e-05,0.37464499999999995,0.37464499999999995,0.37464499999999995,0.0,0.0,0.0
fixed/absolute,joint,intact,0.0625,0.0,0.1875,5.220279849998905,2.623466180080497,8.634904186977096,1.0933440425,0.9060315425000001,1.2494377925,1.2652230253095489,1.2652230253095489,1.2652230253095489,1.9999999999999998e-05,1.9999999999999998e-05,1.9999999999999998e-05,0.37464499999999995,0.37464499999999995,0.37464499999999995,0.0,0.0,0.0
fixed/absolute,joint,removal,0.0625,0.0,0.1875,5.220279849998905,2.623466180080497,8.634904186977096,1.0933440425,0.9060315425000001,1.2494377925,1.2652230253095489,1.2652230253095489,1.2652230253095489,1.9999999999999998e-05,1.9999999999999998e-05,1.9999999999999998e-05,0.37464499999999995,0.37464499999999995,0.37464499999999995,0.0,0.0,0.0
fixed/absolute,joint,reset,0.0625,0.0,0.1875,5.220279849998905,2.623466180080497,8.634904186977096,1.0933440425,0.9060315425000001,1.2494377925,1.2652230253095489,1.2652230253095489,1.2652230253095489,1.9999999999999998e-05,1.9999999999999998e-05,1.9999999999999998e-05,0.37464499999999995,0.37464499999999995,0.37464499999999995,0.0,0.0,0.0
fixed/absolute,joint,shuffle,0.0625,0.0,0.1875,5.220279849998905,2.623466180080497,8.634904186977096,1.0933440425,0.9060315425000001,1.2494377925,1.2652230253095489,1.2652230253095489,1.2652230253095489,1.9999999999999998e-05,1.9999999999999998e-05,1.9999999999999998e-05,0.37464499999999995,0.37464499999999995,0.37464499999999995,0.0,0.0,0.0
fixed/absolute,joint,swap,0.0625,0.0,0.1875,5.220279849998905,2.623466180080497,8.634904186977096,1.0933440425,0.9060315425000001,1.2494377925,1.2652230253095489,1.2652230253095489,1.2652230253095489,1.9999999999999998e-05,1.9999999999999998e-05,1.9999999999999998e-05,0.37464499999999995,0.37464499999999995,0.37464499999999995,0.0,0.0,0.0
fixed/absolute,joint,unrelated,0.0625,0.0,0.1875,5.220279849998905,2.623466180080497,8.634904186977096,1.0933440425,0.9060315425000001,1.2494377925,1.2652230253095489,1.2652230253095489,1.2652230253095489,1.9999999999999998e-05,1.9999999999999998e-05,1.9999999999999998e-05,0.37464499999999995,0.37464499999999995,0.37464499999999995,0.0,0.0,0.0
fixed/absolute,legato,intact,0.0625,0.0,0.1875,5.220279849998905,2.623466180080497,8.634904186977096,1.0933440425,0.9060315425000001,1.2494377925,1.2652230253095489,1.2652230253095489,1.2652230253095489,1.9999999999999998e-05,1.9999999999999998e-05,1.9999999999999998e-05,0.37464499999999995,0.37464499999999995,0.37464499999999995,0.0,0.0,0.0
fixed/present,detached,intact,0.0625,0.0,0.1875,5.220279849998905,2.623466180080497,8.634904186977096,1.0933440425,0.9060315425000001,1.2494377925,1.2652230253095489,1.2652230253095489,1.2652230253095489,1.9999999999999998e-05,1.9999999999999998e-05,1.9999999999999998e-05,0.37464499999999995,0.37464499999999995,0.37464499999999995,0.0,0.0,0.0
fixed/present,duration,intact,0.0625,0.0,0.1875,5.220279849998905,2.623466180080497,8.634904186977096,1.0933440425,0.9060315425000001,1.2494377925,1.2652230253095489,1.2652230253095489,1.2652230253095489,1.9999999999999998e-05,1.9999999999999998e-05,1.9999999999999998e-05,0.37464499999999995,0.37464499999999995,0.37464499999999995,0.0,0.0,0.0
fixed/present,joint,ambiguous,0.0625,0.0,0.1875,5.220279849998905,2.623466180080497,8.634904186977096,1.0933440425,0.9060315425000001,1.2494377925,1.2652230253095489,1.2652230253095489,1.2652230253095489,1.9999999999999998e-05,1.9999999999999998e-05,1.9999999999999998e-05,0.37464499999999995,0.37464499999999995,0.37464499999999995,0.0,0.0,0.0
fixed/present,joint,intact,0.0625,0.0,0.1875,5.220279849998905,2.623466180080497,8.634904186977096,1.0933440425,0.9060315425000001,1.2494377925,1.2652230253095489,1.2652230253095489,1.2652230253095489,1.9999999999999998e-05,1.9999999999999998e-05,1.9999999999999998e-05,0.37464499999999995,0.37464499999999995,0.37464499999999995,0.0,0.0,0.0
fixed/present,joint,removal,0.0625,0.0,0.1875,5.220279849998905,2.623466180080497,8.634904186977096,1.0933440425,0.9060315425000001,1.2494377925,1.2652230253095489,1.2652230253095489,1.2652230253095489,1.9999999999999998e-05,1.9999999999999998e-05,1.9999999999999998e-05,0.37464499999999995,0.37464499999999995,0.37464499999999995,0.0,0.0,0.0
fixed/present,joint,reset,0.0625,0.0,0.1875,5.220279849998905,2.623466180080497,8.634904186977096,1.0933440425,0.9060315425000001,1.2494377925,1.2652230253095489,1.2652230253095489,1.2652230253095489,1.9999999999999998e-05,1.9999999999999998e-05,1.9999999999999998e-05,0.37464499999999995,0.37464499999999995,0.37464499999999995,0.0,0.0,0.0
fixed/present,joint,shuffle,0.0625,0.0,0.1875,5.220279849998905,2.623466180080497,8.634904186977096,1.0933440425,0.9060315425000001,1.2494377925,1.2652230253095489,1.2652230253095489,1.2652230253095489,1.9999999999999998e-05,1.9999999999999998e-05,1.9999999999999998e-05,0.37464499999999995,0.37464499999999995,0.37464499999999995,0.0,0.0,0.0
fixed/present,joint,swap,0.0625,0.0,0.1875,5.220279849998905,2.623466180080497,8.634904186977096,1.0933440425,0.9060315425000001,1.2494377925,1.2652230253095489,1.2652230253095489,1.2652230253095489,1.9999999999999998e-05,1.9999999999999998e-05,1.9999999999999998e-05,0.37464499999999995,0.37464499999999995,0.37464499999999995,0.0,0.0,0.0
fixed/present,joint,unrelated,0.0625,0.0,0.1875,5.220279849998905,2.623466180080497,8.634904186977096,1.0933440425,0.9060315425000001,1.2494377925,1.2652230253095489,1.2652230253095489,1.2652230253095489,1.9999999999999998e-05,1.9999999999999998e-05,1.9999999999999998e-05,0.37464499999999995,0.37464499999999995,0.37464499999999995,0.0,0.0,0.0
fixed/present,legato,intact,0.0625,0.0,0.1875,5.220279849998905,2.623466180080497,8.634904186977096,1.0933440425,0.9060315425000001,1.2494377925,1.2652230253095489,1.2652230253095489,1.2652230253095489,1.9999999999999998e-05,1.9999999999999998e-05,1.9999999999999998e-05,0.37464499999999995,0.37464499999999995,0.37464499999999995,0.0,0.0,0.0
fixed/recency,detached,intact,0.0625,0.0,0.1875,4.9765992428081285,3.1820719041989944,6.90775527898211,1.4825574218749997,1.1402234374999998,1.7952039062499998,0.9004307068419498,0.5331654915987505,1.267695922085149,0.001,0.001,0.001,0.691234375,0.5056875,0.87678125,0.0,0.0,0.0
fixed/recency,duration,intact,0.0625,0.0,0.1875,5.574775022344512,3.9685373705771485,6.907755278982137,1.3959070312499997,1.0808484374999998,1.6879578124999999,1.1207898359878694,0.6800715776960302,1.4146020081824286,0.001,0.001,0.001,0.57990625,0.43146874999999996,0.8025625,0.0,0.0,0.0
fixed/recency,joint,ambiguous,0.0625,0.0,0.1875,5.574775022344512,3.9685373705771485,6.907755278982137,1.39590703125,1.0808484374999998,1.6879578125,1.1207898359878694,0.6800715776960302,1.4146020081824286,0.001,0.001,0.001,0.57990625,0.43146874999999996,0.8025625,0.0,0.0,0.0
fixed/recency,joint,intact,0.0625,0.0,0.1875,5.574775022344512,3.9685373705771485,6.907755278982137,1.3959070312499997,1.0808484374999998,1.6879578124999999,1.1207898359878694,0.6800715776960302,1.4146020081824286,0.001,0.001,0.001,0.57990625,0.43146874999999996,0.8025625,0.0,0.0,0.0
fixed/recency,joint,removal,0.0625,0.0,0.1875,5.574775022344512,3.9685373705771485,6.907755278982137,1.3959070312499997,1.0808484374999998,1.6879578124999999,1.1207898359878694,0.6800715776960302,1.4146020081824286,0.001,0.001,0.001,0.57990625,0.43146874999999996,0.8025625,0.0,0.0,0.0
fixed/recency,joint,reset,0.0625,0.0,0.1875,5.574775022344512,3.9685373705771485,6.907755278982137,1.3959070312499997,1.0808484374999998,1.6879578124999999,1.1207898359878694,0.6800715776960302,1.4146020081824286,0.001,0.001,0.001,0.57990625,0.43146874999999996,0.8025625,0.0,0.0,0.0
fixed/recency,joint,shuffle,0.0625,0.0,0.1875,5.574775022344512,3.9685373705771485,6.907755278982137,1.3959070312499997,1.0808484374999998,1.6879578124999999,1.1207898359878694,0.6800715776960302,1.4146020081824286,0.001,0.001,0.001,0.57990625,0.43146874999999996,0.8025625,0.0,0.0,0.0
fixed/recency,joint,swap,0.0625,0.0,0.1875,5.574775022344512,3.9685373705771485,6.907755278982137,1.3959070312499997,1.0808484374999998,1.6879578124999999,1.1207898359878694,0.6800715776960302,1.4146020081824286,0.001,0.001,0.001,0.57990625,0.43146874999999996,0.8025625,0.0,0.0,0.0
fixed/recency,joint,unrelated,0.0625,0.0,0.1875,4.976599242808134,3.1820719041989998,6.309579499445759,1.2886609375,1.00328984375,1.58071171875,1.267695922085149,0.82697766379331,1.5615080942797084,0.060375,0.001,0.17912499999999998,0.5056875,0.35724999999999996,0.72834375,0.0,0.0,0.0
fixed/recency,legato,intact,0.0,0.0,0.0,6.309579499445759,5.113227940373003,6.907755278982137,1.7952039062499998,1.58071171875,1.90245,0.5331654915987505,0.38625940550147086,0.82697766379331,0.001,0.001,0.001,0.87678125,0.72834375,0.951,0.0,0.0,0.0
fixed/reference,detached,intact,0.0625,0.0,0.1875,5.220279849998905,2.623466180080497,8.634904186977096,1.0933440425,0.9060315425000001,1.2494377925,1.2652230253095489,1.2652230253095489,1.2652230253095489,1.9999999999999998e-05,1.9999999999999998e-05,1.9999999999999998e-05,0.37464499999999995,0.37464499999999995,0.37464499999999995,0.0,0.0,0.0
fixed/reference,duration,intact,0.0625,0.0,0.1875,6.312716898715499,3.0354057525657163,9.72734123569369,1.2103285034375,0.9684690425,1.4834067143749998,1.1085180099410779,0.7951079792041356,1.2652230253095489,1.9999999999999998e-05,1.9999999999999998e-05,1.9999999999999998e-05,0.45269187499999997,0.37464499999999995,0.6087856249999999,0.0,0.0,0.0
fixed/reference,joint,ambiguous,0.0625,0.0,0.1875,5.220279849998905,2.623466180080497,8.634904186977096,1.0933440425,0.9060315425000001,1.2494377925,1.2652230253095489,1.2652230253095489,1.2652230253095489,1.9999999999999998e-05,1.9999999999999998e-05,1.9999999999999998e-05,0.37464499999999995,0.37464499999999995,0.37464499999999995,0.0,0.0,0.0
fixed/reference,joint,intact,0.0625,0.0,0.1875,5.220279849998905,2.623466180080497,8.634904186977096,1.0933440425,0.9060315425000001,1.2494377925,1.2652230253095489,1.2652230253095489,1.2652230253095489,1.9999999999999998e-05,1.9999999999999998e-05,1.9999999999999998e-05,0.37464499999999995,0.37464499999999995,0.37464499999999995,0.0,0.0,0.0
fixed/reference,joint,removal,0.0625,0.0,0.1875,5.220279849998905,2.623466180080497,8.634904186977096,1.0933440425,0.9060315425000001,1.2494377925,1.2652230253095489,1.2652230253095489,1.2652230253095489,1.9999999999999998e-05,1.9999999999999998e-05,1.9999999999999998e-05,0.37464499999999995,0.37464499999999995,0.37464499999999995,0.0,0.0,0.0
fixed/reference,joint,reset,0.0625,0.0,0.1875,5.220279849998905,2.623466180080497,8.634904186977096,1.0933440425,0.9060315425000001,1.2494377925,1.2652230253095489,1.2652230253095489,1.2652230253095489,1.9999999999999998e-05,1.9999999999999998e-05,1.9999999999999998e-05,0.37464499999999995,0.37464499999999995,0.37464499999999995,0.0,0.0,0.0
fixed/reference,joint,shuffle,0.0625,0.0,0.1875,5.220279849998905,2.623466180080497,8.634904186977096,1.0933440425,0.9060315425000001,1.2494377925,1.2652230253095489,1.2652230253095489,1.2652230253095489,1.9999999999999998e-05,1.9999999999999998e-05,1.9999999999999998e-05,0.37464499999999995,0.37464499999999995,0.37464499999999995,0.0,0.0,0.0
fixed/reference,joint,swap,0.0625,0.0,0.1875,5.220279849998905,2.623466180080497,8.634904186977096,1.0933440425,0.9060315425000001,1.2494377925,1.2652230253095489,1.2652230253095489,1.2652230253095489,1.9999999999999998e-05,1.9999999999999998e-05,1.9999999999999998e-05,0.37464499999999995,0.37464499999999995,0.37464499999999995,0.0,0.0,0.0
fixed/reference,joint,unrelated,0.0625,0.0,0.1875,5.220279849998905,2.623466180080497,8.634904186977096,1.0933440425,0.9060315425000001,1.2494377925,1.2652230253095489,1.2652230253095489,1.2652230253095489,1.9999999999999998e-05,1.9999999999999998e-05,1.9999999999999998e-05,0.37464499999999995,0.37464499999999995,0.37464499999999995,0.0,0.0,0.0
fixed/reference,legato,intact,0.0625,0.0,0.1875,5.102717004667907,2.5059033347494983,8.2822156509841,1.1361991129252726,0.9372502925,1.3351479333505454,1.186937234853945,1.030365653942737,1.2652230253095489,1.9999999999999998e-05,1.9999999999999998e-05,1.9999999999999998e-05,0.41366148737763586,0.37464499999999995,0.49169446213290763,0.0,0.0,0.0
fixed/transition1,detached,intact,0.0625,0.0,0.1875,7.405153947431814,4.127842801282031,10.819778284408883,1.4169819124849874,1.1010208460787374,1.7133883343599876,0.7331070015043608,0.4115193044148156,1.046517032241303,0.09428274827890576,1.9999999999999998e-05,0.22019425609913362,0.6016756801476975,0.44558193014769754,0.7810070039101138,0.0,0.0,0.0
fixed/transition1,duration,intact,0.0625,0.0,0.1875,6.3127168987155,3.0354057525657163,9.72734123569369,1.2103285034375002,0.9684690425,1.4755161753125001,1.1085180099410779,0.7951079792041355,1.2652230253095489,1.9999999999999998e-05,1.9999999999999998e-05,1.9999999999999998e-05,0.45269187499999997,0.37464499999999995,0.6087856249999999,0.0,0.0,0.0
fixed/transition1,joint,ambiguous,0.0625,0.0,0.1875,6.3127168987155,3.0354057525657163,9.72734123569369,1.2103285034375,0.9684690425,1.4755161753125,1.1085180099410779,0.7951079792041355,1.2652230253095489,1.9999999999999998e-05,1.9999999999999998e-05,1.9999999999999998e-05,0.45269187499999997,0.37464499999999995,0.6087856249999999,0.0,0.0,0.0
fixed/transition1,joint,intact,0.0625,0.0,0.1875,6.3127168987155,3.0354057525657163,9.72734123569369,1.2103285034375002,0.9684690425,1.4755161753125001,1.1085180099410779,0.7951079792041355,1.2652230253095489,1.9999999999999998e-05,1.9999999999999998e-05,1.9999999999999998e-05,0.45269187499999997,0.37464499999999995,0.6087856249999999,0.0,0.0,0.0
fixed/transition1,joint,removal,0.0625,0.0,0.1875,6.3127168987155,3.0354057525657163,9.72734123569369,1.2103285034375002,0.9684690425,1.4755161753125001,1.1085180099410779,0.7951079792041355,1.2652230253095489,1.9999999999999998e-05,1.9999999999999998e-05,1.9999999999999998e-05,0.45269187499999997,0.37464499999999995,0.6087856249999999,0.0,0.0,0.0
fixed/transition1,joint,reset,0.0625,0.0,0.1875,6.3127168987155,3.0354057525657163,9.72734123569369,1.2103285034375002,0.9684690425,1.4755161753125001,1.1085180099410779,0.7951079792041355,1.2652230253095489,1.9999999999999998e-05,1.9999999999999998e-05,1.9999999999999998e-05,0.45269187499999997,0.37464499999999995,0.6087856249999999,0.0,0.0,0.0
fixed/transition1,joint,shuffle,0.0625,0.0,0.1875,6.3127168987155,3.0354057525657163,9.72734123569369,1.2103285034375002,0.9684690425,1.4755161753125001,1.1085180099410779,0.7951079792041355,1.2652230253095489,1.9999999999999998e-05,1.9999999999999998e-05,1.9999999999999998e-05,0.45269187499999997,0.37464499999999995,0.6087856249999999,0.0,0.0,0.0
fixed/transition1,joint,swap,0.0625,0.0,0.1875,6.3127168987155,3.0354057525657163,9.72734123569369,1.2103285034375002,0.9684690425,1.4755161753125001,1.1085180099410779,0.7951079792041355,1.2652230253095489,1.9999999999999998e-05,1.9999999999999998e-05,1.9999999999999998e-05,0.45269187499999997,0.37464499999999995,0.6087856249999999,0.0,0.0,0.0
fixed/transition1,joint,unrelated,0.0625,0.0,0.1875,5.220279849998905,2.623466180080497,8.634904186977096,1.0933440425,0.9060315425000001,1.2494377925,1.2652230253095489,1.2652230253095489,1.2652230253095489,1.9999999999999998e-05,1.9999999999999998e-05,1.9999999999999998e-05,0.37464499999999995,0.37464499999999995,0.37464499999999995,0.0,0.0,0.0
fixed/transition1,legato,intact,0.0,0.0,0.0,9.72734123569369,7.542467138260501,10.819778284410283,1.7500258907930373,1.5160569689180374,1.9356259249631007,0.3576362220281404,0.09811356778029937,0.6710462527650827,0.031227951345051193,1.9999999999999998e-05,0.09364385403515357,0.8043907722889511,0.6400324436380211,0.9531181286299834,0.0,0.0,0.0
fixed/transition2,detached,intact,0.0625,0.0,0.1875,5.220279849998905,2.623466180080497,8.634904186977096,1.0933440425,0.9060315425000001,1.2494377925,1.2652230253095489,1.2652230253095489,1.2652230253095489,1.9999999999999998e-05,1.9999999999999998e-05,1.9999999999999998e-05,0.37464499999999995,0.37464499999999995,0.37464499999999995,0.0,0.0,0.0
fixed/transition2,duration,intact,0.0625,0.0,0.1875,5.220279849998905,2.623466180080497,8.634904186977096,1.0933440425,0.9060315425000001,1.2494377925,1.2652230253095489,1.2652230253095489,1.2652230253095489,1.9999999999999998e-05,1.9999999999999998e-05,1.9999999999999998e-05,0.37464499999999995,0.37464499999999995,0.37464499999999995,0.0,0.0,0.0
fixed/transition2,joint,ambiguous,0.0625,0.0,0.1875,5.220279849998905,2.623466180080497,8.634904186977096,1.0933440425,0.9060315425000001,1.2494377925,1.2652230253095489,1.2652230253095489,1.2652230253095489,1.9999999999999998e-05,1.9999999999999998e-05,1.9999999999999998e-05,0.37464499999999995,0.37464499999999995,0.37464499999999995,0.0,0.0,0.0
fixed/transition2,joint,intact,0.0625,0.0,0.1875,5.220279849998905,2.623466180080497,8.634904186977096,1.0933440425,0.9060315425000001,1.2494377925,1.2652230253095489,1.2652230253095489,1.2652230253095489,1.9999999999999998e-05,1.9999999999999998e-05,1.9999999999999998e-05,0.37464499999999995,0.37464499999999995,0.37464499999999995,0.0,0.0,0.0
fixed/transition2,joint,removal,0.0625,0.0,0.1875,5.220279849998905,2.623466180080497,8.634904186977096,1.0933440425,0.9060315425000001,1.2494377925,1.2652230253095489,1.2652230253095489,1.2652230253095489,1.9999999999999998e-05,1.9999999999999998e-05,1.9999999999999998e-05,0.37464499999999995,0.37464499999999995,0.37464499999999995,0.0,0.0,0.0
fixed/transition2,joint,reset,0.0625,0.0,0.1875,5.220279849998905,2.623466180080497,8.634904186977096,1.0933440425,0.9060315425000001,1.2494377925,1.2652230253095489,1.2652230253095489,1.2652230253095489,1.9999999999999998e-05,1.9999999999999998e-05,1.9999999999999998e-05,0.37464499999999995,0.37464499999999995,0.37464499999999995,0.0,0.0,0.0
fixed/transition2,joint,shuffle,0.0625,0.0,0.1875,5.220279849998905,2.623466180080497,8.634904186977096,1.0933440425,0.9060315425000001,1.2494377925,1.2652230253095489,1.2652230253095489,1.2652230253095489,1.9999999999999998e-05,1.9999999999999998e-05,1.9999999999999998e-05,0.37464499999999995,0.37464499999999995,0.37464499999999995,0.0,0.0,0.0
fixed/transition2,joint,swap,0.0625,0.0,0.1875,5.220279849998905,2.623466180080497,8.634904186977096,1.0933440425,0.9060315425000001,1.2494377925,1.2652230253095489,1.2652230253095489,1.2652230253095489,1.9999999999999998e-05,1.9999999999999998e-05,1.9999999999999998e-05,0.37464499999999995,0.37464499999999995,0.37464499999999995,0.0,0.0,0.0
fixed/transition2,joint,unrelated,0.0625,0.0,0.1875,5.220279849998905,2.623466180080497,8.634904186977096,1.0933440425,0.9060315425000001,1.2494377925,1.2652230253095489,1.2652230253095489,1.2652230253095489,1.9999999999999998e-05,1.9999999999999998e-05,1.9999999999999998e-05,0.37464499999999995,0.37464499999999995,0.37464499999999995,0.0,0.0,0.0
fixed/transition2,legato,intact,0.0625,0.0,0.1875,5.220279849998905,2.623466180080497,8.634904186977096,1.0933440425,0.9060315425000001,1.2494377925,1.2652230253095489,1.2652230253095489,1.2652230253095489,1.9999999999999998e-05,1.9999999999999998e-05,1.9999999999999998e-05,0.37464499999999995,0.37464499999999995,0.37464499999999995,0.0,0.0,0.0
fixed/transition3,detached,intact,0.0625,0.0,0.1875,5.220279849998905,2.623466180080497,8.634904186977096,1.0933440425,0.9060315425000001,1.2494377925,1.2652230253095489,1.2652230253095489,1.2652230253095489,1.9999999999999998e-05,1.9999999999999998e-05,1.9999999999999998e-05,0.37464499999999995,0.37464499999999995,0.37464499999999995,0.0,0.0,0.0
fixed/transition3,duration,intact,0.0625,0.0,0.1875,5.220279849998905,2.623466180080497,8.634904186977096,1.0933440425,0.9060315425000001,1.2494377925,1.2652230253095489,1.2652230253095489,1.2652230253095489,1.9999999999999998e-05,1.9999999999999998e-05,1.9999999999999998e-05,0.37464499999999995,0.37464499999999995,0.37464499999999995,0.0,0.0,0.0
fixed/transition3,joint,ambiguous,0.0625,0.0,0.1875,5.220279849998905,2.623466180080497,8.634904186977096,1.0933440425,0.9060315425000001,1.2494377925,1.2652230253095489,1.2652230253095489,1.2652230253095489,1.9999999999999998e-05,1.9999999999999998e-05,1.9999999999999998e-05,0.37464499999999995,0.37464499999999995,0.37464499999999995,0.0,0.0,0.0
fixed/transition3,joint,intact,0.0625,0.0,0.1875,5.220279849998905,2.623466180080497,8.634904186977096,1.0933440425,0.9060315425000001,1.2494377925,1.2652230253095489,1.2652230253095489,1.2652230253095489,1.9999999999999998e-05,1.9999999999999998e-05,1.9999999999999998e-05,0.37464499999999995,0.37464499999999995,0.37464499999999995,0.0,0.0,0.0
fixed/transition3,joint,removal,0.0625,0.0,0.1875,5.220279849998905,2.623466180080497,8.634904186977096,1.0933440425,0.9060315425000001,1.2494377925,1.2652230253095489,1.2652230253095489,1.2652230253095489,1.9999999999999998e-05,1.9999999999999998e-05,1.9999999999999998e-05,0.37464499999999995,0.37464499999999995,0.37464499999999995,0.0,0.0,0.0
fixed/transition3,joint,reset,0.0625,0.0,0.1875,5.220279849998905,2.623466180080497,8.634904186977096,1.0933440425,0.9060315425000001,1.2494377925,1.2652230253095489,1.2652230253095489,1.2652230253095489,1.9999999999999998e-05,1.9999999999999998e-05,1.9999999999999998e-05,0.37464499999999995,0.37464499999999995,0.37464499999999995,0.0,0.0,0.0
fixed/transition3,joint,shuffle,0.0625,0.0,0.1875,5.220279849998905,2.623466180080497,8.634904186977096,1.0933440425,0.9060315425000001,1.2494377925,1.2652230253095489,1.2652230253095489,1.2652230253095489,1.9999999999999998e-05,1.9999999999999998e-05,1.9999999999999998e-05,0.37464499999999995,0.37464499999999995,0.37464499999999995,0.0,0.0,0.0
fixed/transition3,joint,swap,0.0625,0.0,0.1875,5.220279849998905,2.623466180080497,8.634904186977096,1.0933440425,0.9060315425000001,1.2494377925,1.2652230253095489,1.2652230253095489,1.2652230253095489,1.9999999999999998e-05,1.9999999999999998e-05,1.9999999999999998e-05,0.37464499999999995,0.37464499999999995,0.37464499999999995,0.0,0.0,0.0
fixed/transition3,joint,unrelated,0.0625,0.0,0.1875,5.220279849998905,2.623466180080497,8.634904186977096,1.0933440425,0.9060315425000001,1.2494377925,1.2652230253095489,1.2652230253095489,1.2652230253095489,1.9999999999999998e-05,1.9999999999999998e-05,1.9999999999999998e-05,0.37464499999999995,0.37464499999999995,0.37464499999999995,0.0,0.0,0.0
fixed/transition3,legato,intact,0.0625,0.0,0.1875,5.220279849998905,2.623466180080497,8.634904186977096,1.0933440425,0.9060315425000001,1.2494377925,1.2652230253095489,1.2652230253095489,1.2652230253095489,1.9999999999999998e-05,1.9999999999999998e-05,1.9999999999999998e-05,0.37464499999999995,0.37464499999999995,0.37464499999999995,0.0,0.0,0.0
oracle-boundary/absolute,detached,intact,1.0,1.0,1.0,0.0009804805139615315,0.0009804805139615315,0.0009804805139615315,9.800000000392828e-07,9.800000000392828e-07,9.800000000392828e-07,0.011582902361779928,0.011582902361779928,0.011582902361779928,1.9999999999999998e-05,1.9999999999999998e-05,1.9999999999999998e-05,0.9990199999999999,0.9990199999999999,0.9990199999999999,1.0,1.0,1.0
oracle-boundary/absolute,duration,intact,1.0,1.0,1.0,0.0009804805139615315,0.0009804805139615315,0.0009804805139615315,9.800000000392828e-07,9.800000000392828e-07,9.800000000392828e-07,0.011582902361779928,0.011582902361779928,0.011582902361779928,1.9999999999999998e-05,1.9999999999999998e-05,1.9999999999999998e-05,0.9990199999999999,0.9990199999999999,0.9990199999999999,1.0,1.0,1.0
oracle-boundary/absolute,joint,ambiguous,0.5,0.5,0.5,0.6941076416550699,0.6941076416550698,0.69410764165507,0.50000048,0.50000048,0.50000048,0.7038282854721148,0.7038282854721148,0.7038282854721148,1.9999999999999998e-05,1.9999999999999998e-05,1.9999999999999998e-05,0.49951999999999996,0.49951999999999996,0.49951999999999996,0.0,0.0,0.0
oracle-boundary/absolute,joint,intact,1.0,1.0,1.0,0.0009804805139615315,0.0009804805139615315,0.0009804805139615315,9.800000000392828e-07,9.800000000392828e-07,9.800000000392828e-07,0.011582902361779928,0.011582902361779928,0.011582902361779928,1.9999999999999998e-05,1.9999999999999998e-05,1.9999999999999998e-05,0.9990199999999999,0.9990199999999999,0.9990199999999999,1.0,1.0,1.0
oracle-boundary/absolute,joint,removal,0.0625,0.0,0.1875,5.220279849998905,2.623466180080497,8.634904186977096,1.0933440425,0.9060315425000001,1.2494377925,1.2652230253095489,1.2652230253095489,1.2652230253095489,1.9999999999999998e-05,1.9999999999999998e-05,1.9999999999999998e-05,0.37464499999999995,0.37464499999999995,0.37464499999999995,0.0,0.0,0.0
oracle-boundary/absolute,joint,reset,0.0625,0.0,0.1875,5.220279849998905,2.623466180080497,8.634904186977096,1.0933440425,0.9060315425000001,1.2494377925,1.2652230253095489,1.2652230253095489,1.2652230253095489,1.9999999999999998e-05,1.9999999999999998e-05,1.9999999999999998e-05,0.37464499999999995,0.37464499999999995,0.37464499999999995,0.0,0.0,0.0
oracle-boundary/absolute,joint,shuffle,1.0,1.0,1.0,0.0009804805139615315,0.0009804805139615315,0.0009804805139615315,9.800000000392828e-07,9.800000000392828e-07,9.800000000392828e-07,0.011582902361779928,0.011582902361779928,0.011582902361779928,1.9999999999999998e-05,1.9999999999999998e-05,1.9999999999999998e-05,0.9990199999999999,0.9990199999999999,0.9990199999999999,1.0,1.0,1.0
oracle-boundary/absolute,joint,swap,1.0,1.0,1.0,0.0009804805139615315,0.0009804805139615315,0.0009804805139615315,9.800000000392828e-07,9.800000000392828e-07,9.800000000392828e-07,0.011582902361779928,0.011582902361779928,0.011582902361779928,1.9999999999999998e-05,1.9999999999999998e-05,1.9999999999999998e-05,0.9990199999999999,0.9990199999999999,0.9990199999999999,1.0,1.0,1.0
oracle-boundary/absolute,joint,unrelated,0.0625,0.0,0.1875,5.220279849998905,2.623466180080497,8.634904186977096,1.0933440425,0.9060315425000001,1.2494377925,1.2652230253095489,1.2652230253095489,1.2652230253095489,1.9999999999999998e-05,1.9999999999999998e-05,1.9999999999999998e-05,0.37464499999999995,0.37464499999999995,0.37464499999999995,0.0,0.0,0.0
oracle-boundary/absolute,legato,intact,1.0,1.0,1.0,0.0009804805139615315,0.0009804805139615315,0.0009804805139615315,9.800000000392828e-07,9.800000000392828e-07,9.800000000392828e-07,0.011582902361779928,0.011582902361779928,0.011582902361779928,1.9999999999999998e-05,1.9999999999999998e-05,1.9999999999999998e-05,0.9990199999999999,0.9990199999999999,0.9990199999999999,1.0,1.0,1.0
oracle-boundary/present,detached,intact,0.0625,0.0,0.1875,5.220279849998905,2.623466180080497,8.634904186977096,1.0933440425,0.9060315425000001,1.2494377925,1.2652230253095489,1.2652230253095489,1.2652230253095489,1.9999999999999998e-05,1.9999999999999998e-05,1.9999999999999998e-05,0.37464499999999995,0.37464499999999995,0.37464499999999995,0.0,0.0,0.0
oracle-boundary/present,duration,intact,0.0625,0.0,0.1875,5.220279849998905,2.623466180080497,8.634904186977096,1.0933440425,0.9060315425000001,1.2494377925,1.2652230253095489,1.2652230253095489,1.2652230253095489,1.9999999999999998e-05,1.9999999999999998e-05,1.9999999999999998e-05,0.37464499999999995,0.37464499999999995,0.37464499999999995,0.0,0.0,0.0
oracle-boundary/present,joint,ambiguous,0.0625,0.0,0.1875,5.220279849998905,2.623466180080497,8.634904186977096,1.0933440425,0.9060315425000001,1.2494377925,1.2652230253095489,1.2652230253095489,1.2652230253095489,1.9999999999999998e-05,1.9999999999999998e-05,1.9999999999999998e-05,0.37464499999999995,0.37464499999999995,0.37464499999999995,0.0,0.0,0.0
oracle-boundary/present,joint,intact,0.0625,0.0,0.1875,5.220279849998905,2.623466180080497,8.634904186977096,1.0933440425,0.9060315425000001,1.2494377925,1.2652230253095489,1.2652230253095489,1.2652230253095489,1.9999999999999998e-05,1.9999999999999998e-05,1.9999999999999998e-05,0.37464499999999995,0.37464499999999995,0.37464499999999995,0.0,0.0,0.0
oracle-boundary/present,joint,removal,0.0625,0.0,0.1875,5.220279849998905,2.623466180080497,8.634904186977096,1.0933440425,0.9060315425000001,1.2494377925,1.2652230253095489,1.2652230253095489,1.2652230253095489,1.9999999999999998e-05,1.9999999999999998e-05,1.9999999999999998e-05,0.37464499999999995,0.37464499999999995,0.37464499999999995,0.0,0.0,0.0
oracle-boundary/present,joint,reset,0.0625,0.0,0.1875,5.220279849998905,2.623466180080497,8.634904186977096,1.0933440425,0.9060315425000001,1.2494377925,1.2652230253095489,1.2652230253095489,1.2652230253095489,1.9999999999999998e-05,1.9999999999999998e-05,1.9999999999999998e-05,0.37464499999999995,0.37464499999999995,0.37464499999999995,0.0,0.0,0.0
oracle-boundary/present,joint,shuffle,0.0625,0.0,0.1875,5.220279849998905,2.623466180080497,8.634904186977096,1.0933440425,0.9060315425000001,1.2494377925,1.2652230253095489,1.2652230253095489,1.2652230253095489,1.9999999999999998e-05,1.9999999999999998e-05,1.9999999999999998e-05,0.37464499999999995,0.37464499999999995,0.37464499999999995,0.0,0.0,0.0
oracle-boundary/present,joint,swap,0.0625,0.0,0.1875,5.220279849998905,2.623466180080497,8.634904186977096,1.0933440425,0.9060315425000001,1.2494377925,1.2652230253095489,1.2652230253095489,1.2652230253095489,1.9999999999999998e-05,1.9999999999999998e-05,1.9999999999999998e-05,0.37464499999999995,0.37464499999999995,0.37464499999999995,0.0,0.0,0.0
oracle-boundary/present,joint,unrelated,0.0625,0.0,0.1875,5.220279849998905,2.623466180080497,8.634904186977096,1.0933440425,0.9060315425000001,1.2494377925,1.2652230253095489,1.2652230253095489,1.2652230253095489,1.9999999999999998e-05,1.9999999999999998e-05,1.9999999999999998e-05,0.37464499999999995,0.37464499999999995,0.37464499999999995,0.0,0.0,0.0
oracle-boundary/present,legato,intact,0.0625,0.0,0.1875,5.220279849998905,2.623466180080497,8.634904186977096,1.0933440425,0.9060315425000001,1.2494377925,1.2652230253095489,1.2652230253095489,1.2652230253095489,1.9999999999999998e-05,1.9999999999999998e-05,1.9999999999999998e-05,0.37464499999999995,0.37464499999999995,0.37464499999999995,0.0,0.0,0.0
oracle-boundary/recency,detached,intact,0.5,0.125,0.875,3.4789982477094417,0.9074304742549205,6.050566021163963,0.95245,0.23995000000000005,1.66495,0.38625940550147086,0.38625940550147086,0.38625940550147086,0.001,0.001,0.001,0.951,0.951,0.951,0.5,0.125,0.875
oracle-boundary/recency,duration,intact,0.5,0.125,0.875,3.4789982477094417,0.9074304742549205,6.050566021163963,0.95245,0.23995000000000005,1.66495,0.38625940550147086,0.38625940550147086,0.38625940550147086,0.001,0.001,0.001,0.951,0.951,0.951,0.5,0.125,0.875
oracle-boundary/recency,joint,ambiguous,0.5,0.5,0.5,3.4789982477094417,3.4789982477094417,3.4789982477094417,0.95245,0.95245,0.95245,0.38625940550147086,0.38625940550147086,0.38625940550147086,0.001,0.001,0.001,0.951,0.951,0.951,0.0,0.0,0.0
oracle-boundary/recency,joint,intact,0.5,0.125,0.875,3.4789982477094417,0.9074304742549205,6.050566021163963,0.95245,0.23995000000000005,1.66495,0.38625940550147086,0.38625940550147086,0.38625940550147086,0.001,0.001,0.001,0.951,0.951,0.951,0.5,0.125,0.875
oracle-boundary/recency,joint,removal,0.0625,0.0,0.1875,3.780247683735378,2.1740100319680145,5.711403719909381,1.0741687499999997,0.8960437499999998,1.2226062499999997,1.5615080942797084,1.5615080942797084,1.5615080942797084,0.001,0.001,0.001,0.35724999999999996,0.35724999999999996,0.35724999999999996,0.0,0.0,0.0
oracle-boundary/recency,joint,reset,0.0625,0.0,0.1875,3.780247683735378,2.1740100319680145,5.711403719909381,1.0741687499999997,0.8960437499999998,1.2226062499999997,1.5615080942797084,1.5615080942797084,1.5615080942797084,0.001,0.001,0.001,0.35724999999999996,0.35724999999999996,0.35724999999999996,0.0,0.0,0.0
oracle-boundary/recency,joint,shuffle,0.5,0.125,0.875,3.4789982477094417,0.9074304742549205,6.050566021163963,0.95245,0.23995000000000005,1.66495,0.38625940550147086,0.38625940550147086,0.38625940550147086,0.001,0.001,0.001,0.951,0.951,0.951,0.5,0.125,0.875
oracle-boundary/recency,joint,swap,0.5,0.125,0.875,3.4789982477094417,0.9074304742549205,6.050566021163963,0.95245,0.23995000000000005,1.66495,0.38625940550147086,0.38625940550147086,0.38625940550147086,0.001,0.001,0.001,0.951,0.951,0.951,0.5,0.125,0.875
oracle-boundary/recency,joint,unrelated,0.25,0.0,0.625,3.398849424736655,1.6043220861275214,5.452390241627585,0.9505945312499998,0.5301453125,1.3480359374999997,1.1207898359878694,0.6800715776960302,1.4146020081824286,0.001,0.001,0.001,0.57990625,0.43146874999999996,0.8025625,0.25,0.0,0.625
oracle-boundary/recency,legato,intact,0.5,0.125,0.875,3.4789982477094417,0.9074304742549205,6.050566021163963,0.95245,0.23995000000000005,1.66495,0.38625940550147086,0.38625940550147086,0.38625940550147086,0.001,0.001,0.001,0.951,0.951,0.951,0.5,0.125,0.875
oracle-boundary/reference,detached,intact,1.0,1.0,1.0,0.0009804805139615315,0.0009804805139615315,0.0009804805139615315,9.800000000392828e-07,9.800000000392828e-07,9.800000000392828e-07,0.011582902361779928,0.011582902361779928,0.011582902361779928,1.9999999999999998e-05,1.9999999999999998e-05,1.9999999999999998e-05,0.9990199999999999,0.9990199999999999,0.9990199999999999,1.0,1.0,1.0
oracle-boundary/reference,duration,intact,1.0,1.0,1.0,0.0009804805139615315,0.0009804805139615315,0.0009804805139615315,9.800000000392828e-07,9.800000000392828e-07,9.800000000392828e-07,0.011582902361779928,0.011582902361779928,0.011582902361779928,1.9999999999999998e-05,1.9999999999999998e-05,1.9999999999999998e-05,0.9990199999999999,0.9990199999999999,0.9990199999999999,1.0,1.0,1.0
oracle-boundary/reference,joint,ambiguous,0.5,0.5,0.5,0.6941076416550699,0.6941076416550698,0.69410764165507,0.50000048,0.50000048,0.50000048,0.7038282854721148,0.7038282854721148,0.7038282854721148,1.9999999999999998e-05,1.9999999999999998e-05,1.9999999999999998e-05,0.49951999999999996,0.49951999999999996,0.49951999999999996,0.0,0.0,0.0
oracle-boundary/reference,joint,intact,1.0,1.0,1.0,0.0009804805139615315,0.0009804805139615315,0.0009804805139615315,9.800000000392828e-07,9.800000000392828e-07,9.800000000392828e-07,0.011582902361779928,0.011582902361779928,0.011582902361779928,1.9999999999999998e-05,1.9999999999999998e-05,1.9999999999999998e-05,0.9990199999999999,0.9990199999999999,0.9990199999999999,1.0,1.0,1.0
oracle-boundary/reference,joint,removal,0.0625,0.0,0.1875,5.220279849998905,2.623466180080497,8.634904186977096,1.0933440425,0.9060315425000001,1.2494377925,1.2652230253095489,1.2652230253095489,1.2652230253095489,1.9999999999999998e-05,1.9999999999999998e-05,1.9999999999999998e-05,0.37464499999999995,0.37464499999999995,0.37464499999999995,0.0,0.0,0.0
oracle-boundary/reference,joint,reset,0.0625,0.0,0.1875,5.220279849998905,2.623466180080497,8.634904186977096,1.0933440425,0.9060315425000001,1.2494377925,1.2652230253095489,1.2652230253095489,1.2652230253095489,1.9999999999999998e-05,1.9999999999999998e-05,1.9999999999999998e-05,0.37464499999999995,0.37464499999999995,0.37464499999999995,0.0,0.0,0.0
oracle-boundary/reference,joint,shuffle,1.0,1.0,1.0,0.0009804805139615315,0.0009804805139615315,0.0009804805139615315,9.800000000392828e-07,9.800000000392828e-07,9.800000000392828e-07,0.011582902361779928,0.011582902361779928,0.011582902361779928,1.9999999999999998e-05,1.9999999999999998e-05,1.9999999999999998e-05,0.9990199999999999,0.9990199999999999,0.9990199999999999,1.0,1.0,1.0
oracle-boundary/reference,joint,swap,1.0,1.0,1.0,0.0009804805139615315,0.0009804805139615315,0.0009804805139615315,9.800000000392828e-07,9.800000000392828e-07,9.800000000392828e-07,0.011582902361779928,0.011582902361779928,0.011582902361779928,1.9999999999999998e-05,1.9999999999999998e-05,1.9999999999999998e-05,0.9990199999999999,0.9990199999999999,0.9990199999999999,1.0,1.0,1.0
oracle-boundary/reference,joint,unrelated,0.0625,0.0,0.1875,5.220279849998905,2.623466180080497,8.634904186977096,1.0933440425,0.9060315425000001,1.2494377925,1.2652230253095489,1.2652230253095489,1.2652230253095489,1.9999999999999998e-05,1.9999999999999998e-05,1.9999999999999998e-05,0.37464499999999995,0.37464499999999995,0.37464499999999995,0.0,0.0,0.0
oracle-boundary/reference,legato,intact,1.0,1.0,1.0,0.0009804805139615315,0.0009804805139615315,0.0009804805139615315,9.800000000392828e-07,9.800000000392828e-07,9.800000000392828e-07,0.011582902361779928,0.011582902361779928,0.011582902361779928,1.9999999999999998e-05,1.9999999999999998e-05,1.9999999999999998e-05,0.9990199999999999,0.9990199999999999,0.9990199999999999,1.0,1.0,1.0
oracle-boundary/transition1,detached,intact,0.5,0.5,0.5,0.6941076416550699,0.6941076416550698,0.69410764165507,0.5000004800000001,0.50000048,0.5000004800000002,0.7038282854721148,0.7038282854721148,0.7038282854721148,1.9999999999999998e-05,1.9999999999999998e-05,1.9999999999999998e-05,0.49951999999999996,0.49951999999999996,0.49951999999999996,0.0,0.0,0.0
oracle-boundary/transition1,duration,intact,0.5,0.5,0.5,0.6941076416550699,0.6941076416550698,0.69410764165507,0.5000004800000001,0.50000048,0.5000004800000002,0.7038282854721148,0.7038282854721148,0.7038282854721148,1.9999999999999998e-05,1.9999999999999998e-05,1.9999999999999998e-05,0.49951999999999996,0.49951999999999996,0.49951999999999996,0.0,0.0,0.0
oracle-boundary/transition1,joint,ambiguous,0.5,0.5,0.5,0.6941076416550699,0.6941076416550698,0.69410764165507,0.50000048,0.50000048,0.50000048,0.7038282854721148,0.7038282854721148,0.7038282854721148,1.9999999999999998e-05,1.9999999999999998e-05,1.9999999999999998e-05,0.49951999999999996,0.49951999999999996,0.49951999999999996,0.0,0.0,0.0
oracle-boundary/transition1,joint,intact,0.5,0.5,0.5,0.6941076416550699,0.6941076416550698,0.69410764165507,0.5000004800000001,0.50000048,0.5000004800000002,0.7038282854721148,0.7038282854721148,0.7038282854721148,1.9999999999999998e-05,1.9999999999999998e-05,1.9999999999999998e-05,0.49951999999999996,0.49951999999999996,0.49951999999999996,0.0,0.0,0.0
oracle-boundary/transition1,joint,removal,0.0625,0.0,0.1875,5.220279849998905,2.623466180080497,8.634904186977096,1.0933440425,0.9060315425000001,1.2494377925,1.2652230253095489,1.2652230253095489,1.2652230253095489,1.9999999999999998e-05,1.9999999999999998e-05,1.9999999999999998e-05,0.37464499999999995,0.37464499999999995,0.37464499999999995,0.0,0.0,0.0
oracle-boundary/transition1,joint,reset,0.0625,0.0,0.1875,5.220279849998905,2.623466180080497,8.634904186977096,1.0933440425,0.9060315425000001,1.2494377925,1.2652230253095489,1.2652230253095489,1.2652230253095489,1.9999999999999998e-05,1.9999999999999998e-05,1.9999999999999998e-05,0.37464499999999995,0.37464499999999995,0.37464499999999995,0.0,0.0,0.0
oracle-boundary/transition1,joint,shuffle,0.5,0.5,0.5,0.6941076416550699,0.6941076416550698,0.69410764165507,0.5000004800000001,0.50000048,0.5000004800000002,0.7038282854721148,0.7038282854721148,0.7038282854721148,1.9999999999999998e-05,1.9999999999999998e-05,1.9999999999999998e-05,0.49951999999999996,0.49951999999999996,0.49951999999999996,0.0,0.0,0.0
oracle-boundary/transition1,joint,swap,0.5,0.5,0.5,0.6941076416550699,0.6941076416550698,0.69410764165507,0.5000004800000001,0.50000048,0.5000004800000002,0.7038282854721148,0.7038282854721148,0.7038282854721148,1.9999999999999998e-05,1.9999999999999998e-05,1.9999999999999998e-05,0.49951999999999996,0.49951999999999996,0.49951999999999996,0.0,0.0,0.0
oracle-boundary/transition1,joint,unrelated,0.1875,0.0625,0.375,3.7453406472272954,1.213922986538492,7.0226517933770785,0.9137659878125001,0.671750433125,1.1245627925000001,1.0546999978705112,0.8441769704314734,1.1950486828298696,1.9999999999999998e-05,1.9999999999999998e-05,1.9999999999999998e-05,0.42147312499999995,0.39025437499999993,0.46830124999999995,0.0,0.0,0.0
oracle-boundary/transition1,legato,intact,0.5,0.5,0.5,0.6941076416550699,0.6941076416550698,0.69410764165507,0.5000004800000001,0.50000048,0.5000004800000002,0.7038282854721148,0.7038282854721148,0.7038282854721148,1.9999999999999998e-05,1.9999999999999998e-05,1.9999999999999998e-05,0.49951999999999996,0.49951999999999996,0.49951999999999996,0.0,0.0,0.0
oracle-boundary/transition2,detached,intact,1.0,1.0,1.0,0.0009804805139615315,0.0009804805139615315,0.0009804805139615315,9.800000000392828e-07,9.800000000392828e-07,9.800000000392828e-07,0.011582902361779928,0.011582902361779928,0.011582902361779928,1.9999999999999998e-05,1.9999999999999998e-05,1.9999999999999998e-05,0.9990199999999999,0.9990199999999999,0.9990199999999999,1.0,1.0,1.0
oracle-boundary/transition2,duration,intact,1.0,1.0,1.0,0.0009804805139615315,0.0009804805139615315,0.0009804805139615315,9.800000000392828e-07,9.800000000392828e-07,9.800000000392828e-07,0.011582902361779928,0.011582902361779928,0.011582902361779928,1.9999999999999998e-05,1.9999999999999998e-05,1.9999999999999998e-05,0.9990199999999999,0.9990199999999999,0.9990199999999999,1.0,1.0,1.0
oracle-boundary/transition2,joint,ambiguous,0.5,0.5,0.5,0.6941076416550699,0.6941076416550698,0.69410764165507,0.50000048,0.50000048,0.50000048,0.7038282854721148,0.7038282854721148,0.7038282854721148,1.9999999999999998e-05,1.9999999999999998e-05,1.9999999999999998e-05,0.49951999999999996,0.49951999999999996,0.49951999999999996,0.0,0.0,0.0
oracle-boundary/transition2,joint,intact,1.0,1.0,1.0,0.0009804805139615315,0.0009804805139615315,0.0009804805139615315,9.800000000392828e-07,9.800000000392828e-07,9.800000000392828e-07,0.011582902361779928,0.011582902361779928,0.011582902361779928,1.9999999999999998e-05,1.9999999999999998e-05,1.9999999999999998e-05,0.9990199999999999,0.9990199999999999,0.9990199999999999,1.0,1.0,1.0
oracle-boundary/transition2,joint,removal,0.0625,0.0,0.1875,5.220279849998905,2.623466180080497,8.634904186977096,1.0933440425,0.9060315425000001,1.2494377925,1.2652230253095489,1.2652230253095489,1.2652230253095489,1.9999999999999998e-05,1.9999999999999998e-05,1.9999999999999998e-05,0.37464499999999995,0.37464499999999995,0.37464499999999995,0.0,0.0,0.0
oracle-boundary/transition2,joint,reset,0.0625,0.0,0.1875,5.220279849998905,2.623466180080497,8.634904186977096,1.0933440425,0.9060315425000001,1.2494377925,1.2652230253095489,1.2652230253095489,1.2652230253095489,1.9999999999999998e-05,1.9999999999999998e-05,1.9999999999999998e-05,0.37464499999999995,0.37464499999999995,0.37464499999999995,0.0,0.0,0.0
oracle-boundary/transition2,joint,shuffle,1.0,1.0,1.0,0.0009804805139615315,0.0009804805139615315,0.0009804805139615315,9.800000000392828e-07,9.800000000392828e-07,9.800000000392828e-07,0.011582902361779928,0.011582902361779928,0.011582902361779928,1.9999999999999998e-05,1.9999999999999998e-05,1.9999999999999998e-05,0.9990199999999999,0.9990199999999999,0.9990199999999999,1.0,1.0,1.0
oracle-boundary/transition2,joint,swap,1.0,1.0,1.0,0.0009804805139615315,0.0009804805139615315,0.0009804805139615315,9.800000000392828e-07,9.800000000392828e-07,9.800000000392828e-07,0.011582902361779928,0.011582902361779928,0.011582902361779928,1.9999999999999998e-05,1.9999999999999998e-05,1.9999999999999998e-05,0.9990199999999999,0.9990199999999999,0.9990199999999999,1.0,1.0,1.0
oracle-boundary/transition2,joint,unrelated,0.0625,0.0,0.1875,5.220279849998905,2.623466180080497,8.634904186977096,1.0933440425,0.9060315425000001,1.2494377925,1.2652230253095489,1.2652230253095489,1.2652230253095489,1.9999999999999998e-05,1.9999999999999998e-05,1.9999999999999998e-05,0.37464499999999995,0.37464499999999995,0.37464499999999995,0.0,0.0,0.0
oracle-boundary/transition2,legato,intact,1.0,1.0,1.0,0.0009804805139615315,0.0009804805139615315,0.0009804805139615315,9.800000000392828e-07,9.800000000392828e-07,9.800000000392828e-07,0.011582902361779928,0.011582902361779928,0.011582902361779928,1.9999999999999998e-05,1.9999999999999998e-05,1.9999999999999998e-05,0.9990199999999999,0.9990199999999999,0.9990199999999999,1.0,1.0,1.0
oracle-boundary/transition3,detached,intact,1.0,1.0,1.0,0.0009804805139615315,0.0009804805139615315,0.0009804805139615315,9.800000000392828e-07,9.800000000392828e-07,9.800000000392828e-07,0.011582902361779928,0.011582902361779928,0.011582902361779928,1.9999999999999998e-05,1.9999999999999998e-05,1.9999999999999998e-05,0.9990199999999999,0.9990199999999999,0.9990199999999999,1.0,1.0,1.0
oracle-boundary/transition3,duration,intact,1.0,1.0,1.0,0.0009804805139615315,0.0009804805139615315,0.0009804805139615315,9.800000000392828e-07,9.800000000392828e-07,9.800000000392828e-07,0.011582902361779928,0.011582902361779928,0.011582902361779928,1.9999999999999998e-05,1.9999999999999998e-05,1.9999999999999998e-05,0.9990199999999999,0.9990199999999999,0.9990199999999999,1.0,1.0,1.0
oracle-boundary/transition3,joint,ambiguous,0.5,0.5,0.5,0.6941076416550699,0.6941076416550698,0.69410764165507,0.50000048,0.50000048,0.50000048,0.7038282854721148,0.7038282854721148,0.7038282854721148,1.9999999999999998e-05,1.9999999999999998e-05,1.9999999999999998e-05,0.49951999999999996,0.49951999999999996,0.49951999999999996,0.0,0.0,0.0
oracle-boundary/transition3,joint,intact,1.0,1.0,1.0,0.0009804805139615315,0.0009804805139615315,0.0009804805139615315,9.800000000392828e-07,9.800000000392828e-07,9.800000000392828e-07,0.011582902361779928,0.011582902361779928,0.011582902361779928,1.9999999999999998e-05,1.9999999999999998e-05,1.9999999999999998e-05,0.9990199999999999,0.9990199999999999,0.9990199999999999,1.0,1.0,1.0
oracle-boundary/transition3,joint,removal,0.0625,0.0,0.1875,5.220279849998905,2.623466180080497,8.634904186977096,1.0933440425,0.9060315425000001,1.2494377925,1.2652230253095489,1.2652230253095489,1.2652230253095489,1.9999999999999998e-05,1.9999999999999998e-05,1.9999999999999998e-05,0.37464499999999995,0.37464499999999995,0.37464499999999995,0.0,0.0,0.0
oracle-boundary/transition3,joint,reset,0.0625,0.0,0.1875,5.220279849998905,2.623466180080497,8.634904186977096,1.0933440425,0.9060315425000001,1.2494377925,1.2652230253095489,1.2652230253095489,1.2652230253095489,1.9999999999999998e-05,1.9999999999999998e-05,1.9999999999999998e-05,0.37464499999999995,0.37464499999999995,0.37464499999999995,0.0,0.0,0.0
oracle-boundary/transition3,joint,shuffle,1.0,1.0,1.0,0.0009804805139615315,0.0009804805139615315,0.0009804805139615315,9.800000000392828e-07,9.800000000392828e-07,9.800000000392828e-07,0.011582902361779928,0.011582902361779928,0.011582902361779928,1.9999999999999998e-05,1.9999999999999998e-05,1.9999999999999998e-05,0.9990199999999999,0.9990199999999999,0.9990199999999999,1.0,1.0,1.0
oracle-boundary/transition3,joint,swap,1.0,1.0,1.0,0.0009804805139615315,0.0009804805139615315,0.0009804805139615315,9.800000000392828e-07,9.800000000392828e-07,9.800000000392828e-07,0.011582902361779928,0.011582902361779928,0.011582902361779928,1.9999999999999998e-05,1.9999999999999998e-05,1.9999999999999998e-05,0.9990199999999999,0.9990199999999999,0.9990199999999999,1.0,1.0,1.0
oracle-boundary/transition3,joint,unrelated,0.0625,0.0,0.1875,5.220279849998905,2.623466180080497,8.634904186977096,1.0933440425,0.9060315425000001,1.2494377925,1.2652230253095489,1.2652230253095489,1.2652230253095489,1.9999999999999998e-05,1.9999999999999998e-05,1.9999999999999998e-05,0.37464499999999995,0.37464499999999995,0.37464499999999995,0.0,0.0,0.0
oracle-boundary/transition3,legato,intact,1.0,1.0,1.0,0.0009804805139615315,0.0009804805139615315,0.0009804805139615315,9.800000000392828e-07,9.800000000392828e-07,9.800000000392828e-07,0.011582902361779928,0.011582902361779928,0.011582902361779928,1.9999999999999998e-05,1.9999999999999998e-05,1.9999999999999998e-05,0.9990199999999999,0.9990199999999999,0.9990199999999999,1.0,1.0,1.0
trim16/absolute,detached,intact,1.0,1.0,1.0,0.0009804805139615315,0.0009804805139615315,0.0009804805139615315,9.800000000392828e-07,9.800000000392828e-07,9.800000000392828e-07,0.011582902361779928,0.011582902361779928,0.011582902361779928,1.9999999999999998e-05,1.9999999999999998e-05,1.9999999999999998e-05,0.9990199999999999,0.9990199999999999,0.9990199999999999,1.0,1.0,1.0
trim16/absolute,duration,intact,1.0,1.0,1.0,0.0009804805139615315,0.0009804805139615315,0.0009804805139615315,9.800000000392828e-07,9.800000000392828e-07,9.800000000392828e-07,0.011582902361779928,0.011582902361779928,0.011582902361779928,1.9999999999999998e-05,1.9999999999999998e-05,1.9999999999999998e-05,0.9990199999999999,0.9990199999999999,0.9990199999999999,1.0,1.0,1.0
trim16/absolute,joint,ambiguous,0.5,0.5,0.5,0.6966316239164585,0.6941163570781235,0.7007261420920782,0.5024848137705903,0.500009178595123,0.5065052292817127,0.7013300490689842,0.6972838598968158,0.7038191877706204,1.9999999999999998e-05,1.9999999999999998e-05,1.9999999999999998e-05,0.5176390963105628,0.5008674252793189,0.539996239804136,0.0,0.0,0.0
trim16/absolute,joint,intact,1.0,1.0,1.0,0.0009804805139615315,0.0009804805139615315,0.0009804805139615315,9.800000000392828e-07,9.800000000392828e-07,9.800000000392828e-07,0.011582902361779928,0.011582902361779928,0.011582902361779928,1.9999999999999998e-05,1.9999999999999998e-05,1.9999999999999998e-05,0.9990199999999999,0.9990199999999999,0.9990199999999999,1.0,1.0,1.0
trim16/absolute,joint,removal,0.0625,0.0,0.1875,5.220279849998905,2.623466180080497,8.634904186977096,1.0933440425,0.9060315425000001,1.2494377925,1.2652230253095489,1.2652230253095489,1.2652230253095489,1.9999999999999998e-05,1.9999999999999998e-05,1.9999999999999998e-05,0.37464499999999995,0.37464499999999995,0.37464499999999995,0.0,0.0,0.0
trim16/absolute,joint,reset,0.0625,0.0,0.1875,5.220279849998905,2.623466180080497,8.634904186977096,1.0933440425,0.9060315425000001,1.2494377925,1.2652230253095489,1.2652230253095489,1.2652230253095489,1.9999999999999998e-05,1.9999999999999998e-05,1.9999999999999998e-05,0.37464499999999995,0.37464499999999995,0.37464499999999995,0.0,0.0,0.0
trim16/absolute,joint,shuffle,1.0,1.0,1.0,0.0009804805139615315,0.0009804805139615315,0.0009804805139615315,9.800000000392828e-07,9.800000000392828e-07,9.800000000392828e-07,0.011582902361779928,0.011582902361779928,0.011582902361779928,1.9999999999999998e-05,1.9999999999999998e-05,1.9999999999999998e-05,0.9990199999999999,0.9990199999999999,0.9990199999999999,1.0,1.0,1.0
trim16/absolute,joint,swap,1.0,1.0,1.0,0.0009804805139615315,0.0009804805139615315,0.0009804805139615315,9.800000000392828e-07,9.800000000392828e-07,9.800000000392828e-07,0.011582902361779928,0.011582902361779928,0.011582902361779928,1.9999999999999998e-05,1.9999999999999998e-05,1.9999999999999998e-05,0.9990199999999999,0.9990199999999999,0.9990199999999999,1.0,1.0,1.0
trim16/absolute,joint,unrelated,0.0625,0.0,0.1875,5.220279849998905,2.623466180080497,8.634904186977096,1.0933440425,0.9060315425000001,1.2494377925,1.2652230253095489,1.2652230253095489,1.2652230253095489,1.9999999999999998e-05,1.9999999999999998e-05,1.9999999999999998e-05,0.37464499999999995,0.37464499999999995,0.37464499999999995,0.0,0.0,0.0
trim16/absolute,legato,intact,1.0,1.0,1.0,0.0009804805139615315,0.0009804805139615315,0.0009804805139615315,9.800000000392828e-07,9.800000000392828e-07,9.800000000392828e-07,0.011582902361779928,0.011582902361779928,0.011582902361779928,1.9999999999999998e-05,1.9999999999999998e-05,1.9999999999999998e-05,0.9990199999999999,0.9990199999999999,0.9990199999999999,1.0,1.0,1.0
trim16/present,detached,intact,0.0625,0.0,0.1875,5.220279849998905,2.623466180080497,8.634904186977096,1.0933440425,0.9060315425000001,1.2494377925,1.2652230253095489,1.2652230253095489,1.2652230253095489,1.9999999999999998e-05,1.9999999999999998e-05,1.9999999999999998e-05,0.37464499999999995,0.37464499999999995,0.37464499999999995,0.0,0.0,0.0
trim16/present,duration,intact,0.0625,0.0,0.1875,5.220279849998905,2.623466180080497,8.634904186977096,1.0933440425,0.9060315425000001,1.2494377925,1.2652230253095489,1.2652230253095489,1.2652230253095489,1.9999999999999998e-05,1.9999999999999998e-05,1.9999999999999998e-05,0.37464499999999995,0.37464499999999995,0.37464499999999995,0.0,0.0,0.0
trim16/present,joint,ambiguous,0.0625,0.0,0.1875,5.220279849998905,2.623466180080497,8.634904186977096,1.0933440425,0.9060315425000001,1.2494377925,1.2652230253095489,1.2652230253095489,1.2652230253095489,1.9999999999999998e-05,1.9999999999999998e-05,1.9999999999999998e-05,0.37464499999999995,0.37464499999999995,0.37464499999999995,0.0,0.0,0.0
trim16/present,joint,intact,0.0625,0.0,0.1875,5.220279849998905,2.623466180080497,8.634904186977096,1.0933440425,0.9060315425000001,1.2494377925,1.2652230253095489,1.2652230253095489,1.2652230253095489,1.9999999999999998e-05,1.9999999999999998e-05,1.9999999999999998e-05,0.37464499999999995,0.37464499999999995,0.37464499999999995,0.0,0.0,0.0
trim16/present,joint,removal,0.0625,0.0,0.1875,5.220279849998905,2.623466180080497,8.634904186977096,1.0933440425,0.9060315425000001,1.2494377925,1.2652230253095489,1.2652230253095489,1.2652230253095489,1.9999999999999998e-05,1.9999999999999998e-05,1.9999999999999998e-05,0.37464499999999995,0.37464499999999995,0.37464499999999995,0.0,0.0,0.0
trim16/present,joint,reset,0.0625,0.0,0.1875,5.220279849998905,2.623466180080497,8.634904186977096,1.0933440425,0.9060315425000001,1.2494377925,1.2652230253095489,1.2652230253095489,1.2652230253095489,1.9999999999999998e-05,1.9999999999999998e-05,1.9999999999999998e-05,0.37464499999999995,0.37464499999999995,0.37464499999999995,0.0,0.0,0.0
trim16/present,joint,shuffle,0.0625,0.0,0.1875,5.220279849998905,2.623466180080497,8.634904186977096,1.0933440425,0.9060315425000001,1.2494377925,1.2652230253095489,1.2652230253095489,1.2652230253095489,1.9999999999999998e-05,1.9999999999999998e-05,1.9999999999999998e-05,0.37464499999999995,0.37464499999999995,0.37464499999999995,0.0,0.0,0.0
trim16/present,joint,swap,0.0625,0.0,0.1875,5.220279849998905,2.623466180080497,8.634904186977096,1.0933440425,0.9060315425000001,1.2494377925,1.2652230253095489,1.2652230253095489,1.2652230253095489,1.9999999999999998e-05,1.9999999999999998e-05,1.9999999999999998e-05,0.37464499999999995,0.37464499999999995,0.37464499999999995,0.0,0.0,0.0
trim16/present,joint,unrelated,0.0625,0.0,0.1875,5.220279849998905,2.623466180080497,8.634904186977096,1.0933440425,0.9060315425000001,1.2494377925,1.2652230253095489,1.2652230253095489,1.2652230253095489,1.9999999999999998e-05,1.9999999999999998e-05,1.9999999999999998e-05,0.37464499999999995,0.37464499999999995,0.37464499999999995,0.0,0.0,0.0
trim16/present,legato,intact,0.0625,0.0,0.1875,5.220279849998905,2.623466180080497,8.634904186977096,1.0933440425,0.9060315425000001,1.2494377925,1.2652230253095489,1.2652230253095489,1.2652230253095489,1.9999999999999998e-05,1.9999999999999998e-05,1.9999999999999998e-05,0.37464499999999995,0.37464499999999995,0.37464499999999995,0.0,0.0,0.0
trim16/recency,detached,intact,0.625,0.25,0.875,2.621808989891268,0.9074304742549205,5.193376763345789,0.71495,0.23995000000000005,1.4274499999999999,0.38625940550147086,0.38625940550147086,0.38625940550147086,0.001,0.001,0.001,0.951,0.951,0.951,0.625,0.25,0.875
trim16/recency,duration,intact,0.625,0.25,0.875,2.621808989891268,0.9074304742549205,5.193376763345789,0.71495,0.23995000000000005,1.4274499999999999,0.38625940550147086,0.38625940550147086,0.38625940550147086,0.001,0.001,0.001,0.951,0.951,0.951,0.625,0.25,0.875
trim16/recency,joint,ambiguous,0.5,0.5,0.5,3.4789982477094417,3.4789982477094417,3.4789982477094417,0.95245,0.95245,0.95245,0.38625940550147086,0.38625940550147086,0.38625940550147086,0.001,0.001,0.001,0.951,0.951,0.951,0.0,0.0,0.0
trim16/recency,joint,intact,0.625,0.25,0.875,2.621808989891268,0.9074304742549205,5.193376763345789,0.71495,0.23995000000000005,1.4274499999999999,0.38625940550147086,0.38625940550147086,0.38625940550147086,0.001,0.001,0.001,0.951,0.951,0.951,0.625,0.25,0.875
trim16/recency,joint,removal,0.0625,0.0,0.1875,3.780247683735378,2.1740100319680145,5.711403719909381,1.0741687499999997,0.8960437499999998,1.2226062499999997,1.5615080942797084,1.5615080942797084,1.5615080942797084,0.001,0.001,0.001,0.35724999999999996,0.35724999999999996,0.35724999999999996,0.0,0.0,0.0
trim16/recency,joint,reset,0.0625,0.0,0.1875,3.780247683735378,2.1740100319680145,5.711403719909381,1.0741687499999997,0.8960437499999998,1.2226062499999997,1.5615080942797084,1.5615080942797084,1.5615080942797084,0.001,0.001,0.001,0.35724999999999996,0.35724999999999996,0.35724999999999996,0.0,0.0,0.0
trim16/recency,joint,shuffle,0.625,0.25,0.875,2.621808989891268,0.9074304742549205,5.193376763345789,0.71495,0.23995000000000005,1.4274499999999999,0.38625940550147086,0.38625940550147086,0.38625940550147086,0.001,0.001,0.001,0.951,0.951,0.951,0.625,0.25,0.875
trim16/recency,joint,swap,0.625,0.25,0.875,2.621808989891268,0.9074304742549205,5.193376763345789,0.71495,0.23995000000000005,1.4274499999999999,0.38625940550147086,0.38625940550147086,0.38625940550147086,0.001,0.001,0.001,0.951,0.951,0.951,0.625,0.25,0.875
trim16/recency,joint,unrelated,0.375,0.125,0.75,2.5416601669184815,0.827281651282134,4.515052160836625,0.7130945312499999,0.2926453125,1.06266484375,1.1207898359878694,0.6800715776960302,1.4146020081824286,0.001,0.001,0.001,0.57990625,0.43146874999999996,0.8025625,0.375,0.125,0.75
trim16/recency,legato,intact,0.625,0.25,0.875,2.621808989891268,0.9074304742549205,5.193376763345789,0.71495,0.23995000000000005,1.4274499999999999,0.38625940550147086,0.38625940550147086,0.38625940550147086,0.001,0.001,0.001,0.951,0.951,0.951,0.625,0.25,0.875
trim16/reference,detached,intact,1.0,1.0,1.0,0.0009804805139615315,0.0009804805139615315,0.0009804805139615315,9.800000000392828e-07,9.800000000392828e-07,9.800000000392828e-07,0.011582902361779928,0.011582902361779928,0.011582902361779928,1.9999999999999998e-05,1.9999999999999998e-05,1.9999999999999998e-05,0.9990199999999999,0.9990199999999999,0.9990199999999999,1.0,1.0,1.0
trim16/reference,duration,intact,1.0,1.0,1.0,0.0009804805139615315,0.0009804805139615315,0.0009804805139615315,9.800000000392828e-07,9.800000000392828e-07,9.800000000392828e-07,0.011582902361779928,0.011582902361779928,0.011582902361779928,1.9999999999999998e-05,1.9999999999999998e-05,1.9999999999999998e-05,0.9990199999999999,0.9990199999999999,0.9990199999999999,1.0,1.0,1.0
trim16/reference,joint,ambiguous,0.5,0.5,0.5,0.6952802123140012,0.6941202945991288,0.6971788762278348,0.5011632789576052,0.5000131082635102,0.5030439576741513,0.7026618693857356,0.7007744702840424,0.7038154974711358,1.9999999999999998e-05,1.9999999999999998e-05,1.9999999999999998e-05,0.5124211438944289,0.5011724660073944,0.5275451478767829,0.0,0.0,0.0
trim16/reference,joint,intact,1.0,1.0,1.0,0.0009804805139615315,0.0009804805139615315,0.0009804805139615315,9.800000000392828e-07,9.800000000392828e-07,9.800000000392828e-07,0.011582902361779928,0.011582902361779928,0.011582902361779928,1.9999999999999998e-05,1.9999999999999998e-05,1.9999999999999998e-05,0.9990199999999999,0.9990199999999999,0.9990199999999999,1.0,1.0,1.0
trim16/reference,joint,removal,0.0625,0.0,0.1875,5.220279849998905,2.623466180080497,8.634904186977096,1.0933440425,0.9060315425000001,1.2494377925,1.2652230253095489,1.2652230253095489,1.2652230253095489,1.9999999999999998e-05,1.9999999999999998e-05,1.9999999999999998e-05,0.37464499999999995,0.37464499999999995,0.37464499999999995,0.0,0.0,0.0
trim16/reference,joint,reset,0.0625,0.0,0.1875,5.220279849998905,2.623466180080497,8.634904186977096,1.0933440425,0.9060315425000001,1.2494377925,1.2652230253095489,1.2652230253095489,1.2652230253095489,1.9999999999999998e-05,1.9999999999999998e-05,1.9999999999999998e-05,0.37464499999999995,0.37464499999999995,0.37464499999999995,0.0,0.0,0.0
trim16/reference,joint,shuffle,1.0,1.0,1.0,0.0009804805139615315,0.0009804805139615315,0.0009804805139615315,9.800000000392828e-07,9.800000000392828e-07,9.800000000392828e-07,0.011582902361779928,0.011582902361779928,0.011582902361779928,1.9999999999999998e-05,1.9999999999999998e-05,1.9999999999999998e-05,0.9990199999999999,0.9990199999999999,0.9990199999999999,1.0,1.0,1.0
trim16/reference,joint,swap,1.0,1.0,1.0,0.0009804805139615315,0.0009804805139615315,0.0009804805139615315,9.800000000392828e-07,9.800000000392828e-07,9.800000000392828e-07,0.011582902361779928,0.011582902361779928,0.011582902361779928,1.9999999999999998e-05,1.9999999999999998e-05,1.9999999999999998e-05,0.9990199999999999,0.9990199999999999,0.9990199999999999,1.0,1.0,1.0
trim16/reference,joint,unrelated,0.0625,0.0,0.1875,5.220279849998905,2.623466180080497,8.634904186977096,1.0933440425,0.9060315425000001,1.2494377925,1.2652230253095489,1.2652230253095489,1.2652230253095489,1.9999999999999998e-05,1.9999999999999998e-05,1.9999999999999998e-05,0.37464499999999995,0.37464499999999995,0.37464499999999995,0.0,0.0,0.0
trim16/reference,legato,intact,1.0,1.0,1.0,0.0009804805139615315,0.0009804805139615315,0.0009804805139615315,9.800000000392828e-07,9.800000000392828e-07,9.800000000392828e-07,0.011582902361779928,0.011582902361779928,0.011582902361779928,1.9999999999999998e-05,1.9999999999999998e-05,1.9999999999999998e-05,0.9990199999999999,0.9990199999999999,0.9990199999999999,1.0,1.0,1.0
trim16/transition1,detached,intact,0.625,0.3125,0.875,0.49642506662153124,0.261060171669799,0.6776695432856368,0.3512557273419728,0.187657647271972,0.4841358058462351,0.5267699775485588,0.27117473075471527,0.7015259512317664,1.9999999999999998e-05,1.9999999999999998e-05,1.9999999999999998e-05,0.6396190807291608,0.5106240102043202,0.8118479156506433,0.5,0.125,0.875
trim16/transition1,duration,intact,0.625,0.3125,0.875,0.5218522548089635,0.2623343627638225,0.6964659926192318,0.37602599731379593,0.18893060025777642,0.5023565307463612,0.530760442525894,0.27117358273893727,0.7038222573013961,1.9999999999999998e-05,1.9999999999999998e-05,1.9999999999999998e-05,0.6255717810130865,0.500748719279384,0.8120123926146537,0.5,0.125,0.875
trim16/transition1,joint,ambiguous,0.5,0.5,0.5,0.6941302970377674,0.6941096466772563,0.6941667077819664,0.5000230891431621,0.5000024811625816,0.5000594245683154,0.703805653681812,0.7037692739092216,0.703826280659342,1.9999999999999998e-05,1.9999999999999998e-05,1.9999999999999998e-05,0.5016201617018052,0.5001487031751563,0.5036051243938594,0.0,0.0,0.0
trim16/transition1,joint,intact,0.6875,0.375,0.9375,0.5208723508402895,0.26158040456402365,0.694787812086578,0.3750470547385007,0.1881773736010838,0.5006799900471596,0.5307640293172957,0.27117488851024285,0.7038257576697444,1.9999999999999998e-05,1.9999999999999998e-05,1.9999999999999998e-05,0.6250834173632142,0.5002161245455434,0.8117735771060468,0.625,0.25,0.875
trim16/transition1,joint,removal,0.0625,0.0,0.1875,5.220279849998905,2.623466180080497,8.634904186977096,1.0933440425,0.9060315425000001,1.2494377925,1.2652230253095489,1.2652230253095489,1.2652230253095489,1.9999999999999998e-05,1.9999999999999998e-05,1.9999999999999998e-05,0.37464499999999995,0.37464499999999995,0.37464499999999995,0.0,0.0,0.0
trim16/transition1,joint,reset,0.0625,0.0,0.1875,5.220279849998905,2.623466180080497,8.634904186977096,1.0933440425,0.9060315425000001,1.2494377925,1.2652230253095489,1.2652230253095489,1.2652230253095489,1.9999999999999998e-05,1.9999999999999998e-05,1.9999999999999998e-05,0.37464499999999995,0.37464499999999995,0.37464499999999995,0.0,0.0,0.0
trim16/transition1,joint,shuffle,0.625,0.25,1.0,0.5213412476135131,0.26170944467311075,0.6951268727981035,0.3755155015379248,0.18830629228407444,0.5010187231662241,0.5307654145076267,0.27117480512167474,0.7038274397496759,1.9999999999999998e-05,1.9999999999999998e-05,1.9999999999999998e-05,0.6249424577066018,0.5000607737454265,0.8118272887434923,0.625,0.25,1.0
trim16/transition1,joint,swap,0.6875,0.375,0.9375,0.5208723508402895,0.26158040456402365,0.694787812086578,0.3750470547385007,0.1881773736010838,0.5006799900471596,0.5307640293172957,0.27117488851024285,0.7038257576697444,1.9999999999999998e-05,1.9999999999999998e-05,1.9999999999999998e-05,0.6250834173632142,0.5002161245455434,0.8117735771060468,0.625,0.25,0.875
trim16/transition1,joint,unrelated,0.3125,0.0625,0.625,3.5719923294955493,0.9538672462176381,6.849303475645332,0.7886996492246763,0.4137191647112045,1.1166682273496762,0.8816386054340057,0.48169794846719327,1.195048636170948,1.9999999999999998e-05,1.9999999999999998e-05,1.9999999999999998e-05,0.5463906394754282,0.3902968894754283,0.7648793749999999,0.25,0.0,0.625
trim16/transition1,legato,intact,0.8125,0.5625,1.0,0.5182106100994486,0.2603106109767816,0.6914873161188965,0.3723879088730592,0.18690880938867332,0.497382704440264,0.5307580537861374,0.27117346339872167,0.7038204952580783,1.9999999999999998e-05,1.9999999999999998e-05,1.9999999999999998e-05,0.6257723532404244,0.5009386729972636,0.8120120584585468,0.75,0.375,1.0
trim16/transition2,detached,intact,1.0,1.0,1.0,0.0009804805139615315,0.0009804805139615315,0.0009804805139615315,9.800000000392828e-07,9.800000000392828e-07,9.800000000392828e-07,0.011582902361779928,0.011582902361779928,0.011582902361779928,1.9999999999999998e-05,1.9999999999999998e-05,1.9999999999999998e-05,0.9990199999999999,0.9990199999999999,0.9990199999999999,1.0,1.0,1.0
trim16/transition2,duration,intact,1.0,1.0,1.0,0.0009804805139615315,0.0009804805139615315,0.0009804805139615315,9.800000000392828e-07,9.800000000392828e-07,9.800000000392828e-07,0.011582902361779928,0.011582902361779928,0.011582902361779928,1.9999999999999998e-05,1.9999999999999998e-05,1.9999999999999998e-05,0.9990199999999999,0.9990199999999999,0.9990199999999999,1.0,1.0,1.0
trim16/transition2,joint,ambiguous,0.5,0.5,0.5,0.6961766204441517,0.694110704996883,0.7002721443741581,0.5020323631733496,0.5000035374393675,0.5060537824977825,0.7017834937718535,0.6977362998181328,0.7038252191945307,1.9999999999999998e-05,1.9999999999999998e-05,1.9999999999999998e-05,0.5126407131065341,0.5004186147163465,0.5349324230280601,0.0,0.0,0.0
trim16/transition2,joint,intact,1.0,1.0,1.0,0.0009804805139615315,0.0009804805139615315,0.0009804805139615315,9.800000000392828e-07,9.800000000392828e-07,9.800000000392828e-07,0.011582902361779928,0.011582902361779928,0.011582902361779928,1.9999999999999998e-05,1.9999999999999998e-05,1.9999999999999998e-05,0.9990199999999999,0.9990199999999999,0.9990199999999999,1.0,1.0,1.0
trim16/transition2,joint,removal,0.0625,0.0,0.1875,5.220279849998905,2.623466180080497,8.634904186977096,1.0933440425,0.9060315425000001,1.2494377925,1.2652230253095489,1.2652230253095489,1.2652230253095489,1.9999999999999998e-05,1.9999999999999998e-05,1.9999999999999998e-05,0.37464499999999995,0.37464499999999995,0.37464499999999995,0.0,0.0,0.0
trim16/transition2,joint,reset,0.0625,0.0,0.1875,5.220279849998905,2.623466180080497,8.634904186977096,1.0933440425,0.9060315425000001,1.2494377925,1.2652230253095489,1.2652230253095489,1.2652230253095489,1.9999999999999998e-05,1.9999999999999998e-05,1.9999999999999998e-05,0.37464499999999995,0.37464499999999995,0.37464499999999995,0.0,0.0,0.0
trim16/transition2,joint,shuffle,1.0,1.0,1.0,0.0009804805139615315,0.0009804805139615315,0.0009804805139615315,9.800000000392828e-07,9.800000000392828e-07,9.800000000392828e-07,0.011582902361779928,0.011582902361779928,0.011582902361779928,1.9999999999999998e-05,1.9999999999999998e-05,1.9999999999999998e-05,0.9990199999999999,0.9990199999999999,0.9990199999999999,1.0,1.0,1.0
trim16/transition2,joint,swap,1.0,1.0,1.0,0.0009804805139615315,0.0009804805139615315,0.0009804805139615315,9.800000000392828e-07,9.800000000392828e-07,9.800000000392828e-07,0.011582902361779928,0.011582902361779928,0.011582902361779928,1.9999999999999998e-05,1.9999999999999998e-05,1.9999999999999998e-05,0.9990199999999999,0.9990199999999999,0.9990199999999999,1.0,1.0,1.0
trim16/transition2,joint,unrelated,0.0625,0.0,0.1875,5.220279849998905,2.623466180080497,8.634904186977096,1.0933440425,0.9060315425000001,1.2494377925,1.2652230253095489,1.2652230253095489,1.2652230253095489,1.9999999999999998e-05,1.9999999999999998e-05,1.9999999999999998e-05,0.37464499999999995,0.37464499999999995,0.37464499999999995,0.0,0.0,0.0
trim16/transition2,legato,intact,1.0,1.0,1.0,0.0009804805139615315,0.0009804805139615315,0.0009804805139615315,9.800000000392828e-07,9.800000000392828e-07,9.800000000392828e-07,0.011582902361779928,0.011582902361779928,0.011582902361779928,1.9999999999999998e-05,1.9999999999999998e-05,1.9999999999999998e-05,0.9990199999999999,0.9990199999999999,0.9990199999999999,1.0,1.0,1.0
trim16/transition3,detached,intact,1.0,1.0,1.0,0.0009804805139615315,0.0009804805139615315,0.0009804805139615315,9.800000000392828e-07,9.800000000392828e-07,9.800000000392828e-07,0.011582902361779928,0.011582902361779928,0.011582902361779928,1.9999999999999998e-05,1.9999999999999998e-05,1.9999999999999998e-05,0.9990199999999999,0.9990199999999999,0.9990199999999999,1.0,1.0,1.0
trim16/transition3,duration,intact,1.0,1.0,1.0,0.0009804805139615315,0.0009804805139615315,0.0009804805139615315,9.800000000392828e-07,9.800000000392828e-07,9.800000000392828e-07,0.011582902361779928,0.011582902361779928,0.011582902361779928,1.9999999999999998e-05,1.9999999999999998e-05,1.9999999999999998e-05,0.9990199999999999,0.9990199999999999,0.9990199999999999,1.0,1.0,1.0
trim16/transition3,joint,ambiguous,0.5,0.5,0.5,0.6966316239164585,0.6941163570781235,0.7007261420920782,0.5024848137705903,0.500009178595123,0.5065052292817127,0.7013300490689842,0.6972838598968158,0.7038191877706204,1.9999999999999998e-05,1.9999999999999998e-05,1.9999999999999998e-05,0.5176390963105628,0.5008674252793189,0.539996239804136,0.0,0.0,0.0
trim16/transition3,joint,intact,1.0,1.0,1.0,0.0009804805139615315,0.0009804805139615315,0.0009804805139615315,9.800000000392828e-07,9.800000000392828e-07,9.800000000392828e-07,0.011582902361779928,0.011582902361779928,0.011582902361779928,1.9999999999999998e-05,1.9999999999999998e-05,1.9999999999999998e-05,0.9990199999999999,0.9990199999999999,0.9990199999999999,1.0,1.0,1.0
trim16/transition3,joint,removal,0.0625,0.0,0.1875,5.220279849998905,2.623466180080497,8.634904186977096,1.0933440425,0.9060315425000001,1.2494377925,1.2652230253095489,1.2652230253095489,1.2652230253095489,1.9999999999999998e-05,1.9999999999999998e-05,1.9999999999999998e-05,0.37464499999999995,0.37464499999999995,0.37464499999999995,0.0,0.0,0.0
trim16/transition3,joint,reset,0.0625,0.0,0.1875,5.220279849998905,2.623466180080497,8.634904186977096,1.0933440425,0.9060315425000001,1.2494377925,1.2652230253095489,1.2652230253095489,1.2652230253095489,1.9999999999999998e-05,1.9999999999999998e-05,1.9999999999999998e-05,0.37464499999999995,0.37464499999999995,0.37464499999999995,0.0,0.0,0.0
trim16/transition3,joint,shuffle,1.0,1.0,1.0,0.0009804805139615315,0.0009804805139615315,0.0009804805139615315,9.800000000392828e-07,9.800000000392828e-07,9.800000000392828e-07,0.011582902361779928,0.011582902361779928,0.011582902361779928,1.9999999999999998e-05,1.9999999999999998e-05,1.9999999999999998e-05,0.9990199999999999,0.9990199999999999,0.9990199999999999,1.0,1.0,1.0
trim16/transition3,joint,swap,1.0,1.0,1.0,0.0009804805139615315,0.0009804805139615315,0.0009804805139615315,9.800000000392828e-07,9.800000000392828e-07,9.800000000392828e-07,0.011582902361779928,0.011582902361779928,0.011582902361779928,1.9999999999999998e-05,1.9999999999999998e-05,1.9999999999999998e-05,0.9990199999999999,0.9990199999999999,0.9990199999999999,1.0,1.0,1.0
trim16/transition3,joint,unrelated,0.0625,0.0,0.1875,5.220279849998905,2.623466180080497,8.634904186977096,1.0933440425,0.9060315425000001,1.2494377925,1.2652230253095489,1.2652230253095489,1.2652230253095489,1.9999999999999998e-05,1.9999999999999998e-05,1.9999999999999998e-05,0.37464499999999995,0.37464499999999995,0.37464499999999995,0.0,0.0,0.0
trim16/transition3,legato,intact,1.0,1.0,1.0,0.0009804805139615315,0.0009804805139615315,0.0009804805139615315,9.800000000392828e-07,9.800000000392828e-07,9.800000000392828e-07,0.011582902361779928,0.011582902361779928,0.011582902361779928,1.9999999999999998e-05,1.9999999999999998e-05,1.9999999999999998e-05,0.9990199999999999,0.9990199999999999,0.9990199999999999,1.0,1.0,1.0
