adapter,group,family,register,cell,condition,variant,arrival,available,correct,absolute_error,octave_error,two_octave_error
old,for-08,fundamental,0,matched,intact,0,0,1.0,1.0,2.4143421560394593e-05,0.0,0.0
repaired,for-08,fundamental,0,matched,intact,0,0,1.0,1.0,0.008622373448043768,0.0,0.0
old,for-08,fundamental,0,matched,intact,0,1,1.0,1.0,3.6749455189166724e-05,0.0,0.0
repaired,for-08,fundamental,0,matched,intact,0,1,1.0,1.0,0.01292348162594159,0.0,0.0
old,for-08,fundamental,0,matched,intact,0,2,1.0,1.0,3.62586863227321e-05,0.0,0.0
repaired,for-08,fundamental,0,matched,intact,0,2,1.0,1.0,0.005068453185284483,0.0,0.0
old,for-08,fundamental,0,matched,intact,0,3,1.0,1.0,8.370062999829564e-05,0.0,0.0
repaired,for-08,fundamental,0,matched,intact,0,3,1.0,1.0,0.007198553938095653,0.0,0.0
old,for-08,fundamental,0,matched,intact,0,5,1.0,1.0,2.4143421560394593e-05,0.0,0.0
repaired,for-08,fundamental,0,matched,intact,0,5,1.0,1.0,0.008622373448043768,0.0,0.0
old,for-08,fundamental,0,matched,intact,0,6,1.0,1.0,9.608388384885203e-05,0.0,0.0
repaired,for-08,fundamental,0,matched,intact,0,6,1.0,1.0,0.011877520993521351,0.0,0.0
old,for-08,fundamental,0,matched,intact,0,7,1.0,1.0,3.62586863227321e-05,0.0,0.0
repaired,for-08,fundamental,0,matched,intact,0,7,1.0,1.0,0.005068453185284483,0.0,0.0
old,for-08,fundamental,0,matched,intact,0,8,1.0,1.0,3.5846691659457974e-06,0.0,0.0
repaired,for-08,fundamental,0,matched,intact,0,8,1.0,1.0,0.003020557423088377,0.0,0.0
old,for-08,fundamental,0,matched,intact,0,11,1.0,1.0,2.4143421560394593e-05,0.0,0.0
repaired,for-08,fundamental,0,matched,intact,0,11,1.0,1.0,0.008622373448043768,0.0,0.0
old,for-08,fundamental,0,matched,intact,0,12,1.0,1.0,3.6749455189166724e-05,0.0,0.0
repaired,for-08,fundamental,0,matched,intact,0,12,1.0,1.0,0.01292348162594159,0.0,0.0
old,for-08,fundamental,0,matched,intact,0,13,1.0,1.0,3.62586863227321e-05,0.0,0.0
repaired,for-08,fundamental,0,matched,intact,0,13,1.0,1.0,0.005068453185284483,0.0,0.0
old,for-08,fundamental,0,matched,intact,1,0,1.0,1.0,2.4143421560394593e-05,0.0,0.0
repaired,for-08,fundamental,0,matched,intact,1,0,1.0,1.0,0.008622373448043768,0.0,0.0
old,for-08,fundamental,0,matched,intact,1,1,1.0,1.0,3.6749455189166724e-05,0.0,0.0
repaired,for-08,fundamental,0,matched,intact,1,1,1.0,1.0,0.01292348162594159,0.0,0.0
old,for-08,fundamental,0,matched,intact,1,2,1.0,1.0,3.62586863227321e-05,0.0,0.0
repaired,for-08,fundamental,0,matched,intact,1,2,1.0,1.0,0.005068453185284483,0.0,0.0
old,for-08,fundamental,0,matched,intact,1,3,1.0,1.0,3.5846691659457974e-06,0.0,0.0
repaired,for-08,fundamental,0,matched,intact,1,3,1.0,1.0,0.003020557423088377,0.0,0.0
old,for-08,fundamental,0,matched,intact,1,5,1.0,1.0,2.4143421560394593e-05,0.0,0.0
repaired,for-08,fundamental,0,matched,intact,1,5,1.0,1.0,0.008622373448043768,0.0,0.0
old,for-08,fundamental,0,matched,intact,1,6,1.0,1.0,9.608388384885203e-05,0.0,0.0
repaired,for-08,fundamental,0,matched,intact,1,6,1.0,1.0,0.011877520993521351,0.0,0.0
old,for-08,fundamental,0,matched,intact,1,7,1.0,1.0,3.62586863227321e-05,0.0,0.0
repaired,for-08,fundamental,0,matched,intact,1,7,1.0,1.0,0.005068453185284483,0.0,0.0
old,for-08,fundamental,0,matched,intact,1,8,1.0,1.0,8.370062999829564e-05,0.0,0.0
repaired,for-08,fundamental,0,matched,intact,1,8,1.0,1.0,0.007198553938095653,0.0,0.0
old,for-08,fundamental,0,matched,intact,1,11,1.0,1.0,2.4143421560394593e-05,0.0,0.0
repaired,for-08,fundamental,0,matched,intact,1,11,1.0,1.0,0.008622373448043768,0.0,0.0
old,for-08,fundamental,0,matched,intact,1,12,1.0,1.0,3.6749455189166724e-05,0.0,0.0
repaired,for-08,fundamental,0,matched,intact,1,12,1.0,1.0,0.01292348162594159,0.0,0.0
old,for-08,fundamental,0,matched,intact,1,13,1.0,1.0,3.62586863227321e-05,0.0,0.0
repaired,for-08,fundamental,0,matched,intact,1,13,1.0,1.0,0.005068453185284483,0.0,0.0
old,for-08,fundamental,0,timbre,intact,0,0,1.0,1.0,2.4143421560394593e-05,0.0,0.0
repaired,for-08,fundamental,0,timbre,intact,0,0,1.0,1.0,0.008622373448043768,0.0,0.0
old,for-08,fundamental,0,timbre,intact,0,1,1.0,1.0,3.6749455189166724e-05,0.0,0.0
repaired,for-08,fundamental,0,timbre,intact,0,1,1.0,1.0,0.01292348162594159,0.0,0.0
old,for-08,fundamental,0,timbre,intact,0,2,1.0,1.0,3.62586863227321e-05,0.0,0.0
repaired,for-08,fundamental,0,timbre,intact,0,2,1.0,1.0,0.005068453185284483,0.0,0.0
old,for-08,fundamental,0,timbre,intact,0,3,1.0,1.0,8.370062999829564e-05,0.0,0.0
repaired,for-08,fundamental,0,timbre,intact,0,3,1.0,1.0,0.007198553938095653,0.0,0.0
old,for-08,fundamental,0,timbre,intact,0,5,1.0,1.0,2.4143421560394593e-05,0.0,0.0
repaired,for-08,fundamental,0,timbre,intact,0,5,1.0,1.0,0.008622373448043768,0.0,0.0
old,for-08,fundamental,0,timbre,intact,0,6,1.0,1.0,9.608388384885203e-05,0.0,0.0
repaired,for-08,fundamental,0,timbre,intact,0,6,1.0,1.0,0.011877520993521351,0.0,0.0
old,for-08,fundamental,0,timbre,intact,0,7,1.0,1.0,3.62586863227321e-05,0.0,0.0
repaired,for-08,fundamental,0,timbre,intact,0,7,1.0,1.0,0.005068453185284483,0.0,0.0
old,for-08,fundamental,0,timbre,intact,0,8,1.0,1.0,3.5846691659457974e-06,0.0,0.0
repaired,for-08,fundamental,0,timbre,intact,0,8,1.0,1.0,0.003020557423088377,0.0,0.0
old,for-08,fundamental,0,timbre,intact,0,11,1.0,1.0,1.1367290307793343e-05,0.0,0.0
repaired,for-08,fundamental,0,timbre,intact,0,11,1.0,1.0,0.013668769548231659,0.0,0.0
old,for-08,fundamental,0,timbre,intact,0,12,1.0,1.0,2.4252978633398925e-05,0.0,0.0
repaired,for-08,fundamental,0,timbre,intact,0,12,1.0,1.0,0.021660135171069683,0.0,0.0
old,for-08,fundamental,0,timbre,intact,0,13,1.0,1.0,1.387765196270152e-05,0.0,0.0
repaired,for-08,fundamental,0,timbre,intact,0,13,1.0,1.0,0.00830784561441078,0.0,0.0
old,for-08,fundamental,0,timbre,intact,1,0,1.0,1.0,2.4143421560394593e-05,0.0,0.0
repaired,for-08,fundamental,0,timbre,intact,1,0,1.0,1.0,0.008622373448043768,0.0,0.0
old,for-08,fundamental,0,timbre,intact,1,1,1.0,1.0,3.6749455189166724e-05,0.0,0.0
repaired,for-08,fundamental,0,timbre,intact,1,1,1.0,1.0,0.01292348162594159,0.0,0.0
old,for-08,fundamental,0,timbre,intact,1,2,1.0,1.0,3.62586863227321e-05,0.0,0.0
repaired,for-08,fundamental,0,timbre,intact,1,2,1.0,1.0,0.005068453185284483,0.0,0.0
old,for-08,fundamental,0,timbre,intact,1,3,1.0,1.0,3.5846691659457974e-06,0.0,0.0
repaired,for-08,fundamental,0,timbre,intact,1,3,1.0,1.0,0.003020557423088377,0.0,0.0
old,for-08,fundamental,0,timbre,intact,1,5,1.0,1.0,2.4143421560394593e-05,0.0,0.0
repaired,for-08,fundamental,0,timbre,intact,1,5,1.0,1.0,0.008622373448043768,0.0,0.0
old,for-08,fundamental,0,timbre,intact,1,6,1.0,1.0,9.608388384885203e-05,0.0,0.0
repaired,for-08,fundamental,0,timbre,intact,1,6,1.0,1.0,0.011877520993521351,0.0,0.0
old,for-08,fundamental,0,timbre,intact,1,7,1.0,1.0,3.62586863227321e-05,0.0,0.0
repaired,for-08,fundamental,0,timbre,intact,1,7,1.0,1.0,0.005068453185284483,0.0,0.0
old,for-08,fundamental,0,timbre,intact,1,8,1.0,1.0,8.370062999829564e-05,0.0,0.0
repaired,for-08,fundamental,0,timbre,intact,1,8,1.0,1.0,0.007198553938095653,0.0,0.0
old,for-08,fundamental,0,timbre,intact,1,11,1.0,1.0,1.1367290307793343e-05,0.0,0.0
repaired,for-08,fundamental,0,timbre,intact,1,11,1.0,1.0,0.013668769548231659,0.0,0.0
old,for-08,fundamental,0,timbre,intact,1,12,1.0,1.0,2.4252978633398925e-05,0.0,0.0
repaired,for-08,fundamental,0,timbre,intact,1,12,1.0,1.0,0.021660135171069683,0.0,0.0
old,for-08,fundamental,0,timbre,intact,1,13,1.0,1.0,1.387765196270152e-05,0.0,0.0
repaired,for-08,fundamental,0,timbre,intact,1,13,1.0,1.0,0.00830784561441078,0.0,0.0
old,for-08,fundamental,0,duration,intact,0,0,1.0,1.0,2.4143421560394593e-05,0.0,0.0
repaired,for-08,fundamental,0,duration,intact,0,0,1.0,1.0,0.008622373448043768,0.0,0.0
old,for-08,fundamental,0,duration,intact,0,1,1.0,1.0,3.6749455189166724e-05,0.0,0.0
repaired,for-08,fundamental,0,duration,intact,0,1,1.0,1.0,0.01292348162594159,0.0,0.0
old,for-08,fundamental,0,duration,intact,0,2,1.0,1.0,3.62586863227321e-05,0.0,0.0
repaired,for-08,fundamental,0,duration,intact,0,2,1.0,1.0,0.005068453185284483,0.0,0.0
old,for-08,fundamental,0,duration,intact,0,3,1.0,1.0,8.370062999829564e-05,0.0,0.0
repaired,for-08,fundamental,0,duration,intact,0,3,1.0,1.0,0.007198553938095653,0.0,0.0
old,for-08,fundamental,0,duration,intact,0,5,1.0,1.0,2.4143421560394593e-05,0.0,0.0
repaired,for-08,fundamental,0,duration,intact,0,5,1.0,1.0,0.008622373448043768,0.0,0.0
old,for-08,fundamental,0,duration,intact,0,6,1.0,1.0,9.608388384885203e-05,0.0,0.0
repaired,for-08,fundamental,0,duration,intact,0,6,1.0,1.0,0.011877520993521351,0.0,0.0
old,for-08,fundamental,0,duration,intact,0,7,1.0,1.0,3.62586863227321e-05,0.0,0.0
repaired,for-08,fundamental,0,duration,intact,0,7,1.0,1.0,0.005068453185284483,0.0,0.0
old,for-08,fundamental,0,duration,intact,0,8,1.0,1.0,3.5846691659457974e-06,0.0,0.0
repaired,for-08,fundamental,0,duration,intact,0,8,1.0,1.0,0.003020557423088377,0.0,0.0
old,for-08,fundamental,0,duration,intact,0,11,1.0,1.0,5.060008839343112e-05,0.0,0.0
repaired,for-08,fundamental,0,duration,intact,0,11,1.0,1.0,0.0022519481960622907,0.0,0.0
old,for-08,fundamental,0,duration,intact,0,12,1.0,1.0,6.926349586766634e-05,0.0,0.0
repaired,for-08,fundamental,0,duration,intact,0,12,1.0,1.0,0.0037546408556208277,0.0,0.0
old,for-08,fundamental,0,duration,intact,0,13,1.0,1.0,2.306425777653942e-05,0.0,0.0
repaired,for-08,fundamental,0,duration,intact,0,13,1.0,1.0,0.0012660900730612212,0.0,0.0
old,for-08,fundamental,0,duration,intact,1,0,1.0,1.0,2.4143421560394593e-05,0.0,0.0
repaired,for-08,fundamental,0,duration,intact,1,0,1.0,1.0,0.008622373448043768,0.0,0.0
old,for-08,fundamental,0,duration,intact,1,1,1.0,1.0,3.6749455189166724e-05,0.0,0.0
repaired,for-08,fundamental,0,duration,intact,1,1,1.0,1.0,0.01292348162594159,0.0,0.0
old,for-08,fundamental,0,duration,intact,1,2,1.0,1.0,3.62586863227321e-05,0.0,0.0
repaired,for-08,fundamental,0,duration,intact,1,2,1.0,1.0,0.005068453185284483,0.0,0.0
old,for-08,fundamental,0,duration,intact,1,3,1.0,1.0,3.5846691659457974e-06,0.0,0.0
repaired,for-08,fundamental,0,duration,intact,1,3,1.0,1.0,0.003020557423088377,0.0,0.0
old,for-08,fundamental,0,duration,intact,1,5,1.0,1.0,2.4143421560394593e-05,0.0,0.0
repaired,for-08,fundamental,0,duration,intact,1,5,1.0,1.0,0.008622373448043768,0.0,0.0
old,for-08,fundamental,0,duration,intact,1,6,1.0,1.0,9.608388384885203e-05,0.0,0.0
repaired,for-08,fundamental,0,duration,intact,1,6,1.0,1.0,0.011877520993521351,0.0,0.0
old,for-08,fundamental,0,duration,intact,1,7,1.0,1.0,3.62586863227321e-05,0.0,0.0
repaired,for-08,fundamental,0,duration,intact,1,7,1.0,1.0,0.005068453185284483,0.0,0.0
old,for-08,fundamental,0,duration,intact,1,8,1.0,1.0,8.370062999829564e-05,0.0,0.0
repaired,for-08,fundamental,0,duration,intact,1,8,1.0,1.0,0.007198553938095653,0.0,0.0
old,for-08,fundamental,0,duration,intact,1,11,1.0,1.0,5.060008839343112e-05,0.0,0.0
repaired,for-08,fundamental,0,duration,intact,1,11,1.0,1.0,0.0022519481960622907,0.0,0.0
old,for-08,fundamental,0,duration,intact,1,12,1.0,1.0,6.926349586766634e-05,0.0,0.0
repaired,for-08,fundamental,0,duration,intact,1,12,1.0,1.0,0.0037546408556208277,0.0,0.0
old,for-08,fundamental,0,duration,intact,1,13,1.0,1.0,2.306425777653942e-05,0.0,0.0
repaired,for-08,fundamental,0,duration,intact,1,13,1.0,1.0,0.0012660900730612212,0.0,0.0
old,for-08,fundamental,0,joint,intact,0,0,1.0,1.0,2.4143421560394593e-05,0.0,0.0
repaired,for-08,fundamental,0,joint,intact,0,0,1.0,1.0,0.008622373448043768,0.0,0.0
old,for-08,fundamental,0,joint,intact,0,1,1.0,1.0,3.6749455189166724e-05,0.0,0.0
repaired,for-08,fundamental,0,joint,intact,0,1,1.0,1.0,0.01292348162594159,0.0,0.0
old,for-08,fundamental,0,joint,intact,0,2,1.0,1.0,3.62586863227321e-05,0.0,0.0
repaired,for-08,fundamental,0,joint,intact,0,2,1.0,1.0,0.005068453185284483,0.0,0.0
old,for-08,fundamental,0,joint,intact,0,3,1.0,1.0,8.370062999829564e-05,0.0,0.0
repaired,for-08,fundamental,0,joint,intact,0,3,1.0,1.0,0.007198553938095653,0.0,0.0
old,for-08,fundamental,0,joint,intact,0,5,1.0,1.0,2.4143421560394593e-05,0.0,0.0
repaired,for-08,fundamental,0,joint,intact,0,5,1.0,1.0,0.008622373448043768,0.0,0.0
old,for-08,fundamental,0,joint,intact,0,6,1.0,1.0,9.608388384885203e-05,0.0,0.0
repaired,for-08,fundamental,0,joint,intact,0,6,1.0,1.0,0.011877520993521351,0.0,0.0
old,for-08,fundamental,0,joint,intact,0,7,1.0,1.0,3.62586863227321e-05,0.0,0.0
repaired,for-08,fundamental,0,joint,intact,0,7,1.0,1.0,0.005068453185284483,0.0,0.0
old,for-08,fundamental,0,joint,intact,0,8,1.0,1.0,3.5846691659457974e-06,0.0,0.0
repaired,for-08,fundamental,0,joint,intact,0,8,1.0,1.0,0.003020557423088377,0.0,0.0
old,for-08,fundamental,0,joint,intact,0,11,1.0,1.0,3.0410462467518127e-05,0.0,0.0
repaired,for-08,fundamental,0,joint,intact,0,11,1.0,1.0,0.0006261484068786277,0.0,0.0
old,for-08,fundamental,0,joint,intact,0,12,1.0,1.0,3.5422981571109347e-05,0.0,0.0
repaired,for-08,fundamental,0,joint,intact,0,12,1.0,1.0,0.003767180561192518,0.0,0.0
old,for-08,fundamental,0,joint,intact,0,13,1.0,1.0,1.4275673676955591e-05,0.0,0.0
repaired,for-08,fundamental,0,joint,intact,0,13,1.0,1.0,0.001031303862710331,0.0,0.0
old,for-08,fundamental,0,joint,intact,1,0,1.0,1.0,2.4143421560394593e-05,0.0,0.0
repaired,for-08,fundamental,0,joint,intact,1,0,1.0,1.0,0.008622373448043768,0.0,0.0
old,for-08,fundamental,0,joint,intact,1,1,1.0,1.0,3.6749455189166724e-05,0.0,0.0
repaired,for-08,fundamental,0,joint,intact,1,1,1.0,1.0,0.01292348162594159,0.0,0.0
old,for-08,fundamental,0,joint,intact,1,2,1.0,1.0,3.62586863227321e-05,0.0,0.0
repaired,for-08,fundamental,0,joint,intact,1,2,1.0,1.0,0.005068453185284483,0.0,0.0
old,for-08,fundamental,0,joint,intact,1,3,1.0,1.0,3.5846691659457974e-06,0.0,0.0
repaired,for-08,fundamental,0,joint,intact,1,3,1.0,1.0,0.003020557423088377,0.0,0.0
old,for-08,fundamental,0,joint,intact,1,5,1.0,1.0,2.4143421560394593e-05,0.0,0.0
repaired,for-08,fundamental,0,joint,intact,1,5,1.0,1.0,0.008622373448043768,0.0,0.0
old,for-08,fundamental,0,joint,intact,1,6,1.0,1.0,9.608388384885203e-05,0.0,0.0
repaired,for-08,fundamental,0,joint,intact,1,6,1.0,1.0,0.011877520993521351,0.0,0.0
old,for-08,fundamental,0,joint,intact,1,7,1.0,1.0,3.62586863227321e-05,0.0,0.0
repaired,for-08,fundamental,0,joint,intact,1,7,1.0,1.0,0.005068453185284483,0.0,0.0
old,for-08,fundamental,0,joint,intact,1,8,1.0,1.0,8.370062999829564e-05,0.0,0.0
repaired,for-08,fundamental,0,joint,intact,1,8,1.0,1.0,0.007198553938095653,0.0,0.0
old,for-08,fundamental,0,joint,intact,1,11,1.0,1.0,3.0410462467518127e-05,0.0,0.0
repaired,for-08,fundamental,0,joint,intact,1,11,1.0,1.0,0.0006261484068786277,0.0,0.0
old,for-08,fundamental,0,joint,intact,1,12,1.0,1.0,3.5422981571109347e-05,0.0,0.0
repaired,for-08,fundamental,0,joint,intact,1,12,1.0,1.0,0.003767180561192518,0.0,0.0
old,for-08,fundamental,0,joint,intact,1,13,1.0,1.0,1.4275673676955591e-05,0.0,0.0
repaired,for-08,fundamental,0,joint,intact,1,13,1.0,1.0,0.001031303862710331,0.0,0.0
old,for-08,fundamental,0,joint,reset,0,0,1.0,1.0,2.4143421560394593e-05,0.0,0.0
repaired,for-08,fundamental,0,joint,reset,0,0,1.0,1.0,0.008622373448043768,0.0,0.0
old,for-08,fundamental,0,joint,reset,0,1,1.0,1.0,3.6749455189166724e-05,0.0,0.0
repaired,for-08,fundamental,0,joint,reset,0,1,1.0,1.0,0.01292348162594159,0.0,0.0
old,for-08,fundamental,0,joint,reset,0,2,1.0,1.0,3.62586863227321e-05,0.0,0.0
repaired,for-08,fundamental,0,joint,reset,0,2,1.0,1.0,0.005068453185284483,0.0,0.0
old,for-08,fundamental,0,joint,reset,0,3,1.0,1.0,8.370062999829564e-05,0.0,0.0
repaired,for-08,fundamental,0,joint,reset,0,3,1.0,1.0,0.007198553938095653,0.0,0.0
old,for-08,fundamental,0,joint,reset,0,5,1.0,1.0,2.4143421560394593e-05,0.0,0.0
repaired,for-08,fundamental,0,joint,reset,0,5,1.0,1.0,0.008622373448043768,0.0,0.0
old,for-08,fundamental,0,joint,reset,0,6,1.0,1.0,9.608388384885203e-05,0.0,0.0
repaired,for-08,fundamental,0,joint,reset,0,6,1.0,1.0,0.011877520993521351,0.0,0.0
old,for-08,fundamental,0,joint,reset,0,7,1.0,1.0,3.62586863227321e-05,0.0,0.0
repaired,for-08,fundamental,0,joint,reset,0,7,1.0,1.0,0.005068453185284483,0.0,0.0
old,for-08,fundamental,0,joint,reset,0,8,1.0,1.0,3.5846691659457974e-06,0.0,0.0
repaired,for-08,fundamental,0,joint,reset,0,8,1.0,1.0,0.003020557423088377,0.0,0.0
old,for-08,fundamental,0,joint,reset,0,11,1.0,1.0,3.0410462467518127e-05,0.0,0.0
repaired,for-08,fundamental,0,joint,reset,0,11,1.0,1.0,0.0006261484068786277,0.0,0.0
old,for-08,fundamental,0,joint,reset,0,12,1.0,1.0,3.5422981571109347e-05,0.0,0.0
repaired,for-08,fundamental,0,joint,reset,0,12,1.0,1.0,0.003767180561192518,0.0,0.0
old,for-08,fundamental,0,joint,reset,0,13,1.0,1.0,1.4275673676955591e-05,0.0,0.0
repaired,for-08,fundamental,0,joint,reset,0,13,1.0,1.0,0.001031303862710331,0.0,0.0
old,for-08,fundamental,0,joint,reset,1,0,1.0,1.0,2.4143421560394593e-05,0.0,0.0
repaired,for-08,fundamental,0,joint,reset,1,0,1.0,1.0,0.008622373448043768,0.0,0.0
old,for-08,fundamental,0,joint,reset,1,1,1.0,1.0,3.6749455189166724e-05,0.0,0.0
repaired,for-08,fundamental,0,joint,reset,1,1,1.0,1.0,0.01292348162594159,0.0,0.0
old,for-08,fundamental,0,joint,reset,1,2,1.0,1.0,3.62586863227321e-05,0.0,0.0
repaired,for-08,fundamental,0,joint,reset,1,2,1.0,1.0,0.005068453185284483,0.0,0.0
old,for-08,fundamental,0,joint,reset,1,3,1.0,1.0,3.5846691659457974e-06,0.0,0.0
repaired,for-08,fundamental,0,joint,reset,1,3,1.0,1.0,0.003020557423088377,0.0,0.0
old,for-08,fundamental,0,joint,reset,1,5,1.0,1.0,2.4143421560394593e-05,0.0,0.0
repaired,for-08,fundamental,0,joint,reset,1,5,1.0,1.0,0.008622373448043768,0.0,0.0
old,for-08,fundamental,0,joint,reset,1,6,1.0,1.0,9.608388384885203e-05,0.0,0.0
repaired,for-08,fundamental,0,joint,reset,1,6,1.0,1.0,0.011877520993521351,0.0,0.0
old,for-08,fundamental,0,joint,reset,1,7,1.0,1.0,3.62586863227321e-05,0.0,0.0
repaired,for-08,fundamental,0,joint,reset,1,7,1.0,1.0,0.005068453185284483,0.0,0.0
old,for-08,fundamental,0,joint,reset,1,8,1.0,1.0,8.370062999829564e-05,0.0,0.0
repaired,for-08,fundamental,0,joint,reset,1,8,1.0,1.0,0.007198553938095653,0.0,0.0
old,for-08,fundamental,0,joint,reset,1,11,1.0,1.0,3.0410462467518127e-05,0.0,0.0
repaired,for-08,fundamental,0,joint,reset,1,11,1.0,1.0,0.0006261484068786277,0.0,0.0
old,for-08,fundamental,0,joint,reset,1,12,1.0,1.0,3.5422981571109347e-05,0.0,0.0
repaired,for-08,fundamental,0,joint,reset,1,12,1.0,1.0,0.003767180561192518,0.0,0.0
old,for-08,fundamental,0,joint,reset,1,13,1.0,1.0,1.4275673676955591e-05,0.0,0.0
repaired,for-08,fundamental,0,joint,reset,1,13,1.0,1.0,0.001031303862710331,0.0,0.0
old,for-08,fundamental,0,joint,removal,0,0,1.0,1.0,2.4143421560394593e-05,0.0,0.0
repaired,for-08,fundamental,0,joint,removal,0,0,1.0,1.0,0.008622373448043768,0.0,0.0
old,for-08,fundamental,0,joint,removal,0,1,1.0,1.0,3.6749455189166724e-05,0.0,0.0
repaired,for-08,fundamental,0,joint,removal,0,1,1.0,1.0,0.01292348162594159,0.0,0.0
old,for-08,fundamental,0,joint,removal,0,2,1.0,1.0,3.62586863227321e-05,0.0,0.0
repaired,for-08,fundamental,0,joint,removal,0,2,1.0,1.0,0.005068453185284483,0.0,0.0
old,for-08,fundamental,0,joint,removal,0,5,1.0,1.0,2.4143421560394593e-05,0.0,0.0
repaired,for-08,fundamental,0,joint,removal,0,5,1.0,1.0,0.008622373448043768,0.0,0.0
old,for-08,fundamental,0,joint,removal,0,6,1.0,1.0,9.608388384885203e-05,0.0,0.0
repaired,for-08,fundamental,0,joint,removal,0,6,1.0,1.0,0.011877520993521351,0.0,0.0
old,for-08,fundamental,0,joint,removal,0,7,1.0,1.0,3.62586863227321e-05,0.0,0.0
repaired,for-08,fundamental,0,joint,removal,0,7,1.0,1.0,0.005068453185284483,0.0,0.0
old,for-08,fundamental,0,joint,removal,0,11,1.0,1.0,3.0410462467518127e-05,0.0,0.0
repaired,for-08,fundamental,0,joint,removal,0,11,1.0,1.0,0.0006261484068786277,0.0,0.0
old,for-08,fundamental,0,joint,removal,0,12,1.0,1.0,3.5422981571109347e-05,0.0,0.0
repaired,for-08,fundamental,0,joint,removal,0,12,1.0,1.0,0.003767180561192518,0.0,0.0
old,for-08,fundamental,0,joint,removal,0,13,1.0,1.0,1.4275673676955591e-05,0.0,0.0
repaired,for-08,fundamental,0,joint,removal,0,13,1.0,1.0,0.001031303862710331,0.0,0.0
old,for-08,fundamental,0,joint,removal,1,0,1.0,1.0,2.4143421560394593e-05,0.0,0.0
repaired,for-08,fundamental,0,joint,removal,1,0,1.0,1.0,0.008622373448043768,0.0,0.0
old,for-08,fundamental,0,joint,removal,1,1,1.0,1.0,3.6749455189166724e-05,0.0,0.0
repaired,for-08,fundamental,0,joint,removal,1,1,1.0,1.0,0.01292348162594159,0.0,0.0
old,for-08,fundamental,0,joint,removal,1,2,1.0,1.0,3.62586863227321e-05,0.0,0.0
repaired,for-08,fundamental,0,joint,removal,1,2,1.0,1.0,0.005068453185284483,0.0,0.0
old,for-08,fundamental,0,joint,removal,1,5,1.0,1.0,2.4143421560394593e-05,0.0,0.0
repaired,for-08,fundamental,0,joint,removal,1,5,1.0,1.0,0.008622373448043768,0.0,0.0
old,for-08,fundamental,0,joint,removal,1,6,1.0,1.0,9.608388384885203e-05,0.0,0.0
repaired,for-08,fundamental,0,joint,removal,1,6,1.0,1.0,0.011877520993521351,0.0,0.0
old,for-08,fundamental,0,joint,removal,1,7,1.0,1.0,3.62586863227321e-05,0.0,0.0
repaired,for-08,fundamental,0,joint,removal,1,7,1.0,1.0,0.005068453185284483,0.0,0.0
old,for-08,fundamental,0,joint,removal,1,11,1.0,1.0,3.0410462467518127e-05,0.0,0.0
repaired,for-08,fundamental,0,joint,removal,1,11,1.0,1.0,0.0006261484068786277,0.0,0.0
old,for-08,fundamental,0,joint,removal,1,12,1.0,1.0,3.5422981571109347e-05,0.0,0.0
repaired,for-08,fundamental,0,joint,removal,1,12,1.0,1.0,0.003767180561192518,0.0,0.0
old,for-08,fundamental,0,joint,removal,1,13,1.0,1.0,1.4275673676955591e-05,0.0,0.0
repaired,for-08,fundamental,0,joint,removal,1,13,1.0,1.0,0.001031303862710331,0.0,0.0
old,for-08,fundamental,0,joint,swap,0,0,1.0,1.0,2.4143421560394593e-05,0.0,0.0
repaired,for-08,fundamental,0,joint,swap,0,0,1.0,1.0,0.008622373448043768,0.0,0.0
old,for-08,fundamental,0,joint,swap,0,1,1.0,1.0,3.6749455189166724e-05,0.0,0.0
repaired,for-08,fundamental,0,joint,swap,0,1,1.0,1.0,0.01292348162594159,0.0,0.0
old,for-08,fundamental,0,joint,swap,0,2,1.0,1.0,3.62586863227321e-05,0.0,0.0
repaired,for-08,fundamental,0,joint,swap,0,2,1.0,1.0,0.005068453185284483,0.0,0.0
old,for-08,fundamental,0,joint,swap,0,3,1.0,1.0,3.5846691659457974e-06,0.0,0.0
repaired,for-08,fundamental,0,joint,swap,0,3,1.0,1.0,0.003020557423088377,0.0,0.0
old,for-08,fundamental,0,joint,swap,0,5,1.0,1.0,2.4143421560394593e-05,0.0,0.0
repaired,for-08,fundamental,0,joint,swap,0,5,1.0,1.0,0.008622373448043768,0.0,0.0
old,for-08,fundamental,0,joint,swap,0,6,1.0,1.0,9.608388384885203e-05,0.0,0.0
repaired,for-08,fundamental,0,joint,swap,0,6,1.0,1.0,0.011877520993521351,0.0,0.0
old,for-08,fundamental,0,joint,swap,0,7,1.0,1.0,3.62586863227321e-05,0.0,0.0
repaired,for-08,fundamental,0,joint,swap,0,7,1.0,1.0,0.005068453185284483,0.0,0.0
old,for-08,fundamental,0,joint,swap,0,8,1.0,1.0,8.370062999829564e-05,0.0,0.0
repaired,for-08,fundamental,0,joint,swap,0,8,1.0,1.0,0.007198553938095653,0.0,0.0
old,for-08,fundamental,0,joint,swap,0,11,1.0,1.0,3.0410462467518127e-05,0.0,0.0
repaired,for-08,fundamental,0,joint,swap,0,11,1.0,1.0,0.0006261484068786277,0.0,0.0
old,for-08,fundamental,0,joint,swap,0,12,1.0,1.0,3.5422981571109347e-05,0.0,0.0
repaired,for-08,fundamental,0,joint,swap,0,12,1.0,1.0,0.003767180561192518,0.0,0.0
old,for-08,fundamental,0,joint,swap,0,13,1.0,1.0,1.4275673676955591e-05,0.0,0.0
repaired,for-08,fundamental,0,joint,swap,0,13,1.0,1.0,0.001031303862710331,0.0,0.0
old,for-08,fundamental,0,joint,swap,1,0,1.0,1.0,2.4143421560394593e-05,0.0,0.0
repaired,for-08,fundamental,0,joint,swap,1,0,1.0,1.0,0.008622373448043768,0.0,0.0
old,for-08,fundamental,0,joint,swap,1,1,1.0,1.0,3.6749455189166724e-05,0.0,0.0
repaired,for-08,fundamental,0,joint,swap,1,1,1.0,1.0,0.01292348162594159,0.0,0.0
old,for-08,fundamental,0,joint,swap,1,2,1.0,1.0,3.62586863227321e-05,0.0,0.0
repaired,for-08,fundamental,0,joint,swap,1,2,1.0,1.0,0.005068453185284483,0.0,0.0
old,for-08,fundamental,0,joint,swap,1,3,1.0,1.0,8.370062999829564e-05,0.0,0.0
repaired,for-08,fundamental,0,joint,swap,1,3,1.0,1.0,0.007198553938095653,0.0,0.0
old,for-08,fundamental,0,joint,swap,1,5,1.0,1.0,2.4143421560394593e-05,0.0,0.0
repaired,for-08,fundamental,0,joint,swap,1,5,1.0,1.0,0.008622373448043768,0.0,0.0
old,for-08,fundamental,0,joint,swap,1,6,1.0,1.0,9.608388384885203e-05,0.0,0.0
repaired,for-08,fundamental,0,joint,swap,1,6,1.0,1.0,0.011877520993521351,0.0,0.0
old,for-08,fundamental,0,joint,swap,1,7,1.0,1.0,3.62586863227321e-05,0.0,0.0
repaired,for-08,fundamental,0,joint,swap,1,7,1.0,1.0,0.005068453185284483,0.0,0.0
old,for-08,fundamental,0,joint,swap,1,8,1.0,1.0,3.5846691659457974e-06,0.0,0.0
repaired,for-08,fundamental,0,joint,swap,1,8,1.0,1.0,0.003020557423088377,0.0,0.0
old,for-08,fundamental,0,joint,swap,1,11,1.0,1.0,3.0410462467518127e-05,0.0,0.0
repaired,for-08,fundamental,0,joint,swap,1,11,1.0,1.0,0.0006261484068786277,0.0,0.0
old,for-08,fundamental,0,joint,swap,1,12,1.0,1.0,3.5422981571109347e-05,0.0,0.0
repaired,for-08,fundamental,0,joint,swap,1,12,1.0,1.0,0.003767180561192518,0.0,0.0
old,for-08,fundamental,0,joint,swap,1,13,1.0,1.0,1.4275673676955591e-05,0.0,0.0
repaired,for-08,fundamental,0,joint,swap,1,13,1.0,1.0,0.001031303862710331,0.0,0.0
old,for-08,fundamental,0,joint,shuffle,0,0,1.0,1.0,2.4143421560394593e-05,0.0,0.0
repaired,for-08,fundamental,0,joint,shuffle,0,0,1.0,1.0,0.008622373448043768,0.0,0.0
old,for-08,fundamental,0,joint,shuffle,0,1,1.0,1.0,9.608388384885203e-05,0.0,0.0
repaired,for-08,fundamental,0,joint,shuffle,0,1,1.0,1.0,0.011877520993521351,0.0,0.0
old,for-08,fundamental,0,joint,shuffle,0,2,1.0,1.0,3.62586863227321e-05,0.0,0.0
repaired,for-08,fundamental,0,joint,shuffle,0,2,1.0,1.0,0.005068453185284483,0.0,0.0
old,for-08,fundamental,0,joint,shuffle,0,3,1.0,1.0,3.5846691659457974e-06,0.0,0.0
repaired,for-08,fundamental,0,joint,shuffle,0,3,1.0,1.0,0.003020557423088377,0.0,0.0
old,for-08,fundamental,0,joint,shuffle,0,5,1.0,1.0,2.4143421560394593e-05,0.0,0.0
repaired,for-08,fundamental,0,joint,shuffle,0,5,1.0,1.0,0.008622373448043768,0.0,0.0
old,for-08,fundamental,0,joint,shuffle,0,6,1.0,1.0,3.6749455189166724e-05,0.0,0.0
repaired,for-08,fundamental,0,joint,shuffle,0,6,1.0,1.0,0.01292348162594159,0.0,0.0
old,for-08,fundamental,0,joint,shuffle,0,7,1.0,1.0,3.62586863227321e-05,0.0,0.0
repaired,for-08,fundamental,0,joint,shuffle,0,7,1.0,1.0,0.005068453185284483,0.0,0.0
old,for-08,fundamental,0,joint,shuffle,0,8,1.0,1.0,8.370062999829564e-05,0.0,0.0
repaired,for-08,fundamental,0,joint,shuffle,0,8,1.0,1.0,0.007198553938095653,0.0,0.0
old,for-08,fundamental,0,joint,shuffle,0,11,1.0,1.0,3.0410462467518127e-05,0.0,0.0
repaired,for-08,fundamental,0,joint,shuffle,0,11,1.0,1.0,0.0006261484068786277,0.0,0.0
old,for-08,fundamental,0,joint,shuffle,0,12,1.0,1.0,3.5422981571109347e-05,0.0,0.0
repaired,for-08,fundamental,0,joint,shuffle,0,12,1.0,1.0,0.003767180561192518,0.0,0.0
old,for-08,fundamental,0,joint,shuffle,0,13,1.0,1.0,1.4275673676955591e-05,0.0,0.0
repaired,for-08,fundamental,0,joint,shuffle,0,13,1.0,1.0,0.001031303862710331,0.0,0.0
old,for-08,fundamental,0,joint,shuffle,1,0,1.0,1.0,2.4143421560394593e-05,0.0,0.0
repaired,for-08,fundamental,0,joint,shuffle,1,0,1.0,1.0,0.008622373448043768,0.0,0.0
old,for-08,fundamental,0,joint,shuffle,1,1,1.0,1.0,9.608388384885203e-05,0.0,0.0
repaired,for-08,fundamental,0,joint,shuffle,1,1,1.0,1.0,0.011877520993521351,0.0,0.0
old,for-08,fundamental,0,joint,shuffle,1,2,1.0,1.0,3.62586863227321e-05,0.0,0.0
repaired,for-08,fundamental,0,joint,shuffle,1,2,1.0,1.0,0.005068453185284483,0.0,0.0
old,for-08,fundamental,0,joint,shuffle,1,3,1.0,1.0,8.370062999829564e-05,0.0,0.0
repaired,for-08,fundamental,0,joint,shuffle,1,3,1.0,1.0,0.007198553938095653,0.0,0.0
old,for-08,fundamental,0,joint,shuffle,1,5,1.0,1.0,2.4143421560394593e-05,0.0,0.0
repaired,for-08,fundamental,0,joint,shuffle,1,5,1.0,1.0,0.008622373448043768,0.0,0.0
old,for-08,fundamental,0,joint,shuffle,1,6,1.0,1.0,3.6749455189166724e-05,0.0,0.0
repaired,for-08,fundamental,0,joint,shuffle,1,6,1.0,1.0,0.01292348162594159,0.0,0.0
old,for-08,fundamental,0,joint,shuffle,1,7,1.0,1.0,3.62586863227321e-05,0.0,0.0
repaired,for-08,fundamental,0,joint,shuffle,1,7,1.0,1.0,0.005068453185284483,0.0,0.0
old,for-08,fundamental,0,joint,shuffle,1,8,1.0,1.0,3.5846691659457974e-06,0.0,0.0
repaired,for-08,fundamental,0,joint,shuffle,1,8,1.0,1.0,0.003020557423088377,0.0,0.0
old,for-08,fundamental,0,joint,shuffle,1,11,1.0,1.0,3.0410462467518127e-05,0.0,0.0
repaired,for-08,fundamental,0,joint,shuffle,1,11,1.0,1.0,0.0006261484068786277,0.0,0.0
old,for-08,fundamental,0,joint,shuffle,1,12,1.0,1.0,3.5422981571109347e-05,0.0,0.0
repaired,for-08,fundamental,0,joint,shuffle,1,12,1.0,1.0,0.003767180561192518,0.0,0.0
old,for-08,fundamental,0,joint,shuffle,1,13,1.0,1.0,1.4275673676955591e-05,0.0,0.0
repaired,for-08,fundamental,0,joint,shuffle,1,13,1.0,1.0,0.001031303862710331,0.0,0.0
old,for-08,fundamental,0,joint,ambiguous,0,0,1.0,1.0,2.4143421560394593e-05,0.0,0.0
repaired,for-08,fundamental,0,joint,ambiguous,0,0,1.0,1.0,0.008622373448043768,0.0,0.0
old,for-08,fundamental,0,joint,ambiguous,0,1,1.0,1.0,3.6749455189166724e-05,0.0,0.0
repaired,for-08,fundamental,0,joint,ambiguous,0,1,1.0,1.0,0.01292348162594159,0.0,0.0
old,for-08,fundamental,0,joint,ambiguous,0,2,1.0,1.0,3.62586863227321e-05,0.0,0.0
repaired,for-08,fundamental,0,joint,ambiguous,0,2,1.0,1.0,0.005068453185284483,0.0,0.0
old,for-08,fundamental,0,joint,ambiguous,0,3,1.0,1.0,8.370062999829564e-05,0.0,0.0
repaired,for-08,fundamental,0,joint,ambiguous,0,3,1.0,1.0,0.007198553938095653,0.0,0.0
old,for-08,fundamental,0,joint,ambiguous,0,5,1.0,1.0,2.4143421560394593e-05,0.0,0.0
repaired,for-08,fundamental,0,joint,ambiguous,0,5,1.0,1.0,0.008622373448043768,0.0,0.0
old,for-08,fundamental,0,joint,ambiguous,0,6,1.0,1.0,3.6749455189166724e-05,0.0,0.0
repaired,for-08,fundamental,0,joint,ambiguous,0,6,1.0,1.0,0.01292348162594159,0.0,0.0
old,for-08,fundamental,0,joint,ambiguous,0,7,1.0,1.0,3.62586863227321e-05,0.0,0.0
repaired,for-08,fundamental,0,joint,ambiguous,0,7,1.0,1.0,0.005068453185284483,0.0,0.0
old,for-08,fundamental,0,joint,ambiguous,0,8,1.0,1.0,3.5846691659457974e-06,0.0,0.0
repaired,for-08,fundamental,0,joint,ambiguous,0,8,1.0,1.0,0.003020557423088377,0.0,0.0
old,for-08,fundamental,0,joint,ambiguous,0,11,1.0,1.0,3.0410462467518127e-05,0.0,0.0
repaired,for-08,fundamental,0,joint,ambiguous,0,11,1.0,1.0,0.0006261484068786277,0.0,0.0
old,for-08,fundamental,0,joint,ambiguous,0,12,1.0,1.0,3.5422981571109347e-05,0.0,0.0
repaired,for-08,fundamental,0,joint,ambiguous,0,12,1.0,1.0,0.003767180561192518,0.0,0.0
old,for-08,fundamental,0,joint,ambiguous,0,13,1.0,1.0,1.4275673676955591e-05,0.0,0.0
repaired,for-08,fundamental,0,joint,ambiguous,0,13,1.0,1.0,0.001031303862710331,0.0,0.0
old,for-08,fundamental,0,joint,ambiguous,1,0,1.0,1.0,2.4143421560394593e-05,0.0,0.0
repaired,for-08,fundamental,0,joint,ambiguous,1,0,1.0,1.0,0.008622373448043768,0.0,0.0
old,for-08,fundamental,0,joint,ambiguous,1,1,1.0,1.0,3.6749455189166724e-05,0.0,0.0
repaired,for-08,fundamental,0,joint,ambiguous,1,1,1.0,1.0,0.01292348162594159,0.0,0.0
old,for-08,fundamental,0,joint,ambiguous,1,2,1.0,1.0,3.62586863227321e-05,0.0,0.0
repaired,for-08,fundamental,0,joint,ambiguous,1,2,1.0,1.0,0.005068453185284483,0.0,0.0
old,for-08,fundamental,0,joint,ambiguous,1,3,1.0,1.0,8.370062999829564e-05,0.0,0.0
repaired,for-08,fundamental,0,joint,ambiguous,1,3,1.0,1.0,0.007198553938095653,0.0,0.0
old,for-08,fundamental,0,joint,ambiguous,1,5,1.0,1.0,2.4143421560394593e-05,0.0,0.0
repaired,for-08,fundamental,0,joint,ambiguous,1,5,1.0,1.0,0.008622373448043768,0.0,0.0
old,for-08,fundamental,0,joint,ambiguous,1,6,1.0,1.0,3.6749455189166724e-05,0.0,0.0
repaired,for-08,fundamental,0,joint,ambiguous,1,6,1.0,1.0,0.01292348162594159,0.0,0.0
old,for-08,fundamental,0,joint,ambiguous,1,7,1.0,1.0,3.62586863227321e-05,0.0,0.0
repaired,for-08,fundamental,0,joint,ambiguous,1,7,1.0,1.0,0.005068453185284483,0.0,0.0
old,for-08,fundamental,0,joint,ambiguous,1,8,1.0,1.0,3.5846691659457974e-06,0.0,0.0
repaired,for-08,fundamental,0,joint,ambiguous,1,8,1.0,1.0,0.003020557423088377,0.0,0.0
old,for-08,fundamental,0,joint,ambiguous,1,11,1.0,1.0,3.0410462467518127e-05,0.0,0.0
repaired,for-08,fundamental,0,joint,ambiguous,1,11,1.0,1.0,0.0006261484068786277,0.0,0.0
old,for-08,fundamental,0,joint,ambiguous,1,12,1.0,1.0,3.5422981571109347e-05,0.0,0.0
repaired,for-08,fundamental,0,joint,ambiguous,1,12,1.0,1.0,0.003767180561192518,0.0,0.0
old,for-08,fundamental,0,joint,ambiguous,1,13,1.0,1.0,1.4275673676955591e-05,0.0,0.0
repaired,for-08,fundamental,0,joint,ambiguous,1,13,1.0,1.0,0.001031303862710331,0.0,0.0
old,for-09,pure,0,matched,intact,0,0,1.0,1.0,3.122310824481139e-05,0.0,0.0
repaired,for-09,pure,0,matched,intact,0,0,1.0,1.0,0.008837979555945149,0.0,0.0
old,for-09,pure,0,matched,intact,0,1,1.0,1.0,6.633763588936858e-05,0.0,0.0
repaired,for-09,pure,0,matched,intact,0,1,1.0,1.0,0.011654433826312705,0.0,0.0
old,for-09,pure,0,matched,intact,0,2,1.0,1.0,1.0550037988110716e-05,0.0,0.0
repaired,for-09,pure,0,matched,intact,0,2,1.0,1.0,0.005902163085542256,0.0,0.0
old,for-09,pure,0,matched,intact,0,3,1.0,1.0,9.601592725339003e-06,0.0,0.0
repaired,for-09,pure,0,matched,intact,0,3,1.0,1.0,0.004431410908194877,0.0,0.0
old,for-09,pure,0,matched,intact,0,5,1.0,1.0,3.122310824481139e-05,0.0,0.0
repaired,for-09,pure,0,matched,intact,0,5,1.0,1.0,0.008837979555945149,0.0,0.0
old,for-09,pure,0,matched,intact,0,6,1.0,1.0,4.5098620525152455e-05,0.0,0.0
repaired,for-09,pure,0,matched,intact,0,6,1.0,1.0,0.011892257199782819,0.0,0.0
old,for-09,pure,0,matched,intact,0,7,1.0,1.0,1.0550037988110716e-05,0.0,0.0
repaired,for-09,pure,0,matched,intact,0,7,1.0,1.0,0.005902163085542256,0.0,0.0
old,for-09,pure,0,matched,intact,0,8,1.0,1.0,3.624084202724642e-05,0.0,0.0
repaired,for-09,pure,0,matched,intact,0,8,1.0,1.0,0.008160227241529316,0.0,0.0
old,for-09,pure,0,matched,intact,0,11,1.0,1.0,3.122310824481139e-05,0.0,0.0
repaired,for-09,pure,0,matched,intact,0,11,1.0,1.0,0.008837979555945149,0.0,0.0
old,for-09,pure,0,matched,intact,0,12,1.0,1.0,4.5098620525152455e-05,0.0,0.0
repaired,for-09,pure,0,matched,intact,0,12,1.0,1.0,0.011892257199782819,0.0,0.0
old,for-09,pure,0,matched,intact,0,13,1.0,1.0,1.0550037988110716e-05,0.0,0.0
repaired,for-09,pure,0,matched,intact,0,13,1.0,1.0,0.005902163085542256,0.0,0.0
old,for-09,pure,0,matched,intact,1,0,1.0,1.0,3.122310824481139e-05,0.0,0.0
repaired,for-09,pure,0,matched,intact,1,0,1.0,1.0,0.008837979555945149,0.0,0.0
old,for-09,pure,0,matched,intact,1,1,1.0,1.0,6.633763588936858e-05,0.0,0.0
repaired,for-09,pure,0,matched,intact,1,1,1.0,1.0,0.011654433826312705,0.0,0.0
old,for-09,pure,0,matched,intact,1,2,1.0,1.0,1.0550037988110716e-05,0.0,0.0
repaired,for-09,pure,0,matched,intact,1,2,1.0,1.0,0.005902163085542256,0.0,0.0
old,for-09,pure,0,matched,intact,1,3,1.0,1.0,3.624084202724642e-05,0.0,0.0
repaired,for-09,pure,0,matched,intact,1,3,1.0,1.0,0.008160227241529316,0.0,0.0
old,for-09,pure,0,matched,intact,1,5,1.0,1.0,3.122310824481139e-05,0.0,0.0
repaired,for-09,pure,0,matched,intact,1,5,1.0,1.0,0.008837979555945149,0.0,0.0
old,for-09,pure,0,matched,intact,1,6,1.0,1.0,4.5098620525152455e-05,0.0,0.0
repaired,for-09,pure,0,matched,intact,1,6,1.0,1.0,0.011892257199782819,0.0,0.0
old,for-09,pure,0,matched,intact,1,7,1.0,1.0,1.0550037988110716e-05,0.0,0.0
repaired,for-09,pure,0,matched,intact,1,7,1.0,1.0,0.005902163085542256,0.0,0.0
old,for-09,pure,0,matched,intact,1,8,1.0,1.0,9.601592725339003e-06,0.0,0.0
repaired,for-09,pure,0,matched,intact,1,8,1.0,1.0,0.004431410908194877,0.0,0.0
old,for-09,pure,0,matched,intact,1,11,1.0,1.0,3.122310824481139e-05,0.0,0.0
repaired,for-09,pure,0,matched,intact,1,11,1.0,1.0,0.008837979555945149,0.0,0.0
old,for-09,pure,0,matched,intact,1,12,1.0,1.0,4.5098620525152455e-05,0.0,0.0
repaired,for-09,pure,0,matched,intact,1,12,1.0,1.0,0.011892257199782819,0.0,0.0
old,for-09,pure,0,matched,intact,1,13,1.0,1.0,1.0550037988110716e-05,0.0,0.0
repaired,for-09,pure,0,matched,intact,1,13,1.0,1.0,0.005902163085542256,0.0,0.0
old,for-09,pure,0,timbre,intact,0,0,1.0,1.0,1.3824534130312444e-05,0.0,0.0
repaired,for-09,pure,0,timbre,intact,0,0,1.0,1.0,0.004919835481952543,0.0,0.0
old,for-09,pure,0,timbre,intact,0,1,1.0,1.0,2.393695000435514e-06,0.0,0.0
repaired,for-09,pure,0,timbre,intact,0,1,1.0,1.0,0.008591568761202595,0.0,0.0
old,for-09,pure,0,timbre,intact,0,2,1.0,1.0,1.1259563702292752e-05,0.0,0.0
repaired,for-09,pure,0,timbre,intact,0,2,1.0,1.0,0.006574109044945153,0.0,0.0
old,for-09,pure,0,timbre,intact,0,3,1.0,1.0,1.4526891707333789e-06,0.0,0.0
repaired,for-09,pure,0,timbre,intact,0,3,1.0,1.0,0.001983075868360551,0.0,0.0
old,for-09,pure,0,timbre,intact,0,5,1.0,1.0,1.3824534130312444e-05,0.0,0.0
repaired,for-09,pure,0,timbre,intact,0,5,1.0,1.0,0.004919835481952543,0.0,0.0
old,for-09,pure,0,timbre,intact,0,6,1.0,1.0,1.5244027000704818e-06,0.0,0.0
repaired,for-09,pure,0,timbre,intact,0,6,1.0,1.0,0.010132279555707058,0.0,0.0
old,for-09,pure,0,timbre,intact,0,7,1.0,1.0,1.1259563702292752e-05,0.0,0.0
repaired,for-09,pure,0,timbre,intact,0,7,1.0,1.0,0.006574109044945153,0.0,0.0
old,for-09,pure,0,timbre,intact,0,8,1.0,1.0,3.556327710318996e-06,0.0,0.0
repaired,for-09,pure,0,timbre,intact,0,8,1.0,1.0,0.005391872818622745,0.0,0.0
old,for-09,pure,0,timbre,intact,0,11,1.0,1.0,3.122310824481139e-05,0.0,0.0
repaired,for-09,pure,0,timbre,intact,0,11,1.0,1.0,0.008837979555945149,0.0,0.0
old,for-09,pure,0,timbre,intact,0,12,1.0,1.0,4.5098620525152455e-05,0.0,0.0
repaired,for-09,pure,0,timbre,intact,0,12,1.0,1.0,0.011892257199782819,0.0,0.0
old,for-09,pure,0,timbre,intact,0,13,1.0,1.0,1.0550037988110716e-05,0.0,0.0
repaired,for-09,pure,0,timbre,intact,0,13,1.0,1.0,0.005902163085542256,0.0,0.0
old,for-09,pure,0,timbre,intact,1,0,1.0,1.0,1.3824534130312444e-05,0.0,0.0
repaired,for-09,pure,0,timbre,intact,1,0,1.0,1.0,0.004919835481952543,0.0,0.0
old,for-09,pure,0,timbre,intact,1,1,1.0,1.0,2.393695000435514e-06,0.0,0.0
repaired,for-09,pure,0,timbre,intact,1,1,1.0,1.0,0.008591568761202595,0.0,0.0
old,for-09,pure,0,timbre,intact,1,2,1.0,1.0,1.1259563702292752e-05,0.0,0.0
repaired,for-09,pure,0,timbre,intact,1,2,1.0,1.0,0.006574109044945153,0.0,0.0
old,for-09,pure,0,timbre,intact,1,3,1.0,1.0,3.556327710318996e-06,0.0,0.0
repaired,for-09,pure,0,timbre,intact,1,3,1.0,1.0,0.005391872818622745,0.0,0.0
old,for-09,pure,0,timbre,intact,1,5,1.0,1.0,1.3824534130312444e-05,0.0,0.0
repaired,for-09,pure,0,timbre,intact,1,5,1.0,1.0,0.004919835481952543,0.0,0.0
old,for-09,pure,0,timbre,intact,1,6,1.0,1.0,1.5244027000704818e-06,0.0,0.0
repaired,for-09,pure,0,timbre,intact,1,6,1.0,1.0,0.010132279555707058,0.0,0.0
old,for-09,pure,0,timbre,intact,1,7,1.0,1.0,1.1259563702292752e-05,0.0,0.0
repaired,for-09,pure,0,timbre,intact,1,7,1.0,1.0,0.006574109044945153,0.0,0.0
old,for-09,pure,0,timbre,intact,1,8,1.0,1.0,1.4526891707333789e-06,0.0,0.0
repaired,for-09,pure,0,timbre,intact,1,8,1.0,1.0,0.001983075868360551,0.0,0.0
old,for-09,pure,0,timbre,intact,1,11,1.0,1.0,3.122310824481139e-05,0.0,0.0
repaired,for-09,pure,0,timbre,intact,1,11,1.0,1.0,0.008837979555945149,0.0,0.0
old,for-09,pure,0,timbre,intact,1,12,1.0,1.0,4.5098620525152455e-05,0.0,0.0
repaired,for-09,pure,0,timbre,intact,1,12,1.0,1.0,0.011892257199782819,0.0,0.0
old,for-09,pure,0,timbre,intact,1,13,1.0,1.0,1.0550037988110716e-05,0.0,0.0
repaired,for-09,pure,0,timbre,intact,1,13,1.0,1.0,0.005902163085542256,0.0,0.0
old,for-09,pure,0,duration,intact,0,0,1.0,1.0,3.122310824481139e-05,0.0,0.0
repaired,for-09,pure,0,duration,intact,0,0,1.0,1.0,0.008837979555945149,0.0,0.0
old,for-09,pure,0,duration,intact,0,1,1.0,1.0,6.633763588936858e-05,0.0,0.0
repaired,for-09,pure,0,duration,intact,0,1,1.0,1.0,0.011654433826312705,0.0,0.0
old,for-09,pure,0,duration,intact,0,2,1.0,1.0,1.0550037988110716e-05,0.0,0.0
repaired,for-09,pure,0,duration,intact,0,2,1.0,1.0,0.005902163085542256,0.0,0.0
old,for-09,pure,0,duration,intact,0,3,1.0,1.0,9.601592725339003e-06,0.0,0.0
repaired,for-09,pure,0,duration,intact,0,3,1.0,1.0,0.004431410908194877,0.0,0.0
old,for-09,pure,0,duration,intact,0,5,1.0,1.0,3.122310824481139e-05,0.0,0.0
repaired,for-09,pure,0,duration,intact,0,5,1.0,1.0,0.008837979555945149,0.0,0.0
old,for-09,pure,0,duration,intact,0,6,1.0,1.0,4.5098620525152455e-05,0.0,0.0
repaired,for-09,pure,0,duration,intact,0,6,1.0,1.0,0.011892257199782819,0.0,0.0
old,for-09,pure,0,duration,intact,0,7,1.0,1.0,1.0550037988110716e-05,0.0,0.0
repaired,for-09,pure,0,duration,intact,0,7,1.0,1.0,0.005902163085542256,0.0,0.0
old,for-09,pure,0,duration,intact,0,8,1.0,1.0,3.624084202724642e-05,0.0,0.0
repaired,for-09,pure,0,duration,intact,0,8,1.0,1.0,0.008160227241529316,0.0,0.0
old,for-09,pure,0,duration,intact,0,11,1.0,1.0,4.921279618831699e-05,0.0,0.0
repaired,for-09,pure,0,duration,intact,0,11,1.0,1.0,0.002302517699433852,0.0,0.0
old,for-09,pure,0,duration,intact,0,12,1.0,1.0,6.202073156025278e-05,0.0,0.0
repaired,for-09,pure,0,duration,intact,0,12,1.0,1.0,0.004166438392770644,0.0,0.0
old,for-09,pure,0,duration,intact,0,13,1.0,1.0,2.9163293817191516e-05,0.0,0.0
repaired,for-09,pure,0,duration,intact,0,13,1.0,1.0,0.0014933041165159366,0.0,0.0
old,for-09,pure,0,duration,intact,1,0,1.0,1.0,3.122310824481139e-05,0.0,0.0
repaired,for-09,pure,0,duration,intact,1,0,1.0,1.0,0.008837979555945149,0.0,0.0
old,for-09,pure,0,duration,intact,1,1,1.0,1.0,6.633763588936858e-05,0.0,0.0
repaired,for-09,pure,0,duration,intact,1,1,1.0,1.0,0.011654433826312705,0.0,0.0
old,for-09,pure,0,duration,intact,1,2,1.0,1.0,1.0550037988110716e-05,0.0,0.0
repaired,for-09,pure,0,duration,intact,1,2,1.0,1.0,0.005902163085542256,0.0,0.0
old,for-09,pure,0,duration,intact,1,3,1.0,1.0,3.624084202724642e-05,0.0,0.0
repaired,for-09,pure,0,duration,intact,1,3,1.0,1.0,0.008160227241529316,0.0,0.0
old,for-09,pure,0,duration,intact,1,5,1.0,1.0,3.122310824481139e-05,0.0,0.0
repaired,for-09,pure,0,duration,intact,1,5,1.0,1.0,0.008837979555945149,0.0,0.0
old,for-09,pure,0,duration,intact,1,6,1.0,1.0,4.5098620525152455e-05,0.0,0.0
repaired,for-09,pure,0,duration,intact,1,6,1.0,1.0,0.011892257199782819,0.0,0.0
old,for-09,pure,0,duration,intact,1,7,1.0,1.0,1.0550037988110716e-05,0.0,0.0
repaired,for-09,pure,0,duration,intact,1,7,1.0,1.0,0.005902163085542256,0.0,0.0
old,for-09,pure,0,duration,intact,1,8,1.0,1.0,9.601592725339003e-06,0.0,0.0
repaired,for-09,pure,0,duration,intact,1,8,1.0,1.0,0.004431410908194877,0.0,0.0
old,for-09,pure,0,duration,intact,1,11,1.0,1.0,4.921279618831699e-05,0.0,0.0
repaired,for-09,pure,0,duration,intact,1,11,1.0,1.0,0.002302517699433852,0.0,0.0
old,for-09,pure,0,duration,intact,1,12,1.0,1.0,6.202073156025278e-05,0.0,0.0
repaired,for-09,pure,0,duration,intact,1,12,1.0,1.0,0.004166438392770644,0.0,0.0
old,for-09,pure,0,duration,intact,1,13,1.0,1.0,2.9163293817191516e-05,0.0,0.0
repaired,for-09,pure,0,duration,intact,1,13,1.0,1.0,0.0014933041165159366,0.0,0.0
old,for-09,pure,0,joint,intact,0,0,1.0,1.0,1.3824534130312444e-05,0.0,0.0
repaired,for-09,pure,0,joint,intact,0,0,1.0,1.0,0.004919835481952543,0.0,0.0
old,for-09,pure,0,joint,intact,0,1,1.0,1.0,2.393695000435514e-06,0.0,0.0
repaired,for-09,pure,0,joint,intact,0,1,1.0,1.0,0.008591568761202595,0.0,0.0
old,for-09,pure,0,joint,intact,0,2,1.0,1.0,1.1259563702292752e-05,0.0,0.0
repaired,for-09,pure,0,joint,intact,0,2,1.0,1.0,0.006574109044945153,0.0,0.0
old,for-09,pure,0,joint,intact,0,3,1.0,1.0,1.4526891707333789e-06,0.0,0.0
repaired,for-09,pure,0,joint,intact,0,3,1.0,1.0,0.001983075868360551,0.0,0.0
old,for-09,pure,0,joint,intact,0,5,1.0,1.0,1.3824534130312444e-05,0.0,0.0
repaired,for-09,pure,0,joint,intact,0,5,1.0,1.0,0.004919835481952543,0.0,0.0
old,for-09,pure,0,joint,intact,0,6,1.0,1.0,1.5244027000704818e-06,0.0,0.0
repaired,for-09,pure,0,joint,intact,0,6,1.0,1.0,0.010132279555707058,0.0,0.0
old,for-09,pure,0,joint,intact,0,7,1.0,1.0,1.1259563702292752e-05,0.0,0.0
repaired,for-09,pure,0,joint,intact,0,7,1.0,1.0,0.006574109044945153,0.0,0.0
old,for-09,pure,0,joint,intact,0,8,1.0,1.0,3.556327710318996e-06,0.0,0.0
repaired,for-09,pure,0,joint,intact,0,8,1.0,1.0,0.005391872818622745,0.0,0.0
old,for-09,pure,0,joint,intact,0,11,1.0,1.0,4.921279618831699e-05,0.0,0.0
repaired,for-09,pure,0,joint,intact,0,11,1.0,1.0,0.002302517699433852,0.0,0.0
old,for-09,pure,0,joint,intact,0,12,1.0,1.0,6.202073156025278e-05,0.0,0.0
repaired,for-09,pure,0,joint,intact,0,12,1.0,1.0,0.004166438392770644,0.0,0.0
old,for-09,pure,0,joint,intact,0,13,1.0,1.0,2.9163293817191516e-05,0.0,0.0
repaired,for-09,pure,0,joint,intact,0,13,1.0,1.0,0.0014933041165159366,0.0,0.0
old,for-09,pure,0,joint,intact,1,0,1.0,1.0,1.3824534130312444e-05,0.0,0.0
repaired,for-09,pure,0,joint,intact,1,0,1.0,1.0,0.004919835481952543,0.0,0.0
old,for-09,pure,0,joint,intact,1,1,1.0,1.0,2.393695000435514e-06,0.0,0.0
repaired,for-09,pure,0,joint,intact,1,1,1.0,1.0,0.008591568761202595,0.0,0.0
old,for-09,pure,0,joint,intact,1,2,1.0,1.0,1.1259563702292752e-05,0.0,0.0
repaired,for-09,pure,0,joint,intact,1,2,1.0,1.0,0.006574109044945153,0.0,0.0
old,for-09,pure,0,joint,intact,1,3,1.0,1.0,3.556327710318996e-06,0.0,0.0
repaired,for-09,pure,0,joint,intact,1,3,1.0,1.0,0.005391872818622745,0.0,0.0
old,for-09,pure,0,joint,intact,1,5,1.0,1.0,1.3824534130312444e-05,0.0,0.0
repaired,for-09,pure,0,joint,intact,1,5,1.0,1.0,0.004919835481952543,0.0,0.0
old,for-09,pure,0,joint,intact,1,6,1.0,1.0,1.5244027000704818e-06,0.0,0.0
repaired,for-09,pure,0,joint,intact,1,6,1.0,1.0,0.010132279555707058,0.0,0.0
old,for-09,pure,0,joint,intact,1,7,1.0,1.0,1.1259563702292752e-05,0.0,0.0
repaired,for-09,pure,0,joint,intact,1,7,1.0,1.0,0.006574109044945153,0.0,0.0
old,for-09,pure,0,joint,intact,1,8,1.0,1.0,1.4526891707333789e-06,0.0,0.0
repaired,for-09,pure,0,joint,intact,1,8,1.0,1.0,0.001983075868360551,0.0,0.0
old,for-09,pure,0,joint,intact,1,11,1.0,1.0,4.921279618831699e-05,0.0,0.0
repaired,for-09,pure,0,joint,intact,1,11,1.0,1.0,0.002302517699433852,0.0,0.0
old,for-09,pure,0,joint,intact,1,12,1.0,1.0,6.202073156025278e-05,0.0,0.0
repaired,for-09,pure,0,joint,intact,1,12,1.0,1.0,0.004166438392770644,0.0,0.0
old,for-09,pure,0,joint,intact,1,13,1.0,1.0,2.9163293817191516e-05,0.0,0.0
repaired,for-09,pure,0,joint,intact,1,13,1.0,1.0,0.0014933041165159366,0.0,0.0
old,for-09,pure,0,joint,reset,0,0,1.0,1.0,1.3824534130312444e-05,0.0,0.0
repaired,for-09,pure,0,joint,reset,0,0,1.0,1.0,0.004919835481952543,0.0,0.0
old,for-09,pure,0,joint,reset,0,1,1.0,1.0,2.393695000435514e-06,0.0,0.0
repaired,for-09,pure,0,joint,reset,0,1,1.0,1.0,0.008591568761202595,0.0,0.0
old,for-09,pure,0,joint,reset,0,2,1.0,1.0,1.1259563702292752e-05,0.0,0.0
repaired,for-09,pure,0,joint,reset,0,2,1.0,1.0,0.006574109044945153,0.0,0.0
old,for-09,pure,0,joint,reset,0,3,1.0,1.0,1.4526891707333789e-06,0.0,0.0
repaired,for-09,pure,0,joint,reset,0,3,1.0,1.0,0.001983075868360551,0.0,0.0
old,for-09,pure,0,joint,reset,0,5,1.0,1.0,1.3824534130312444e-05,0.0,0.0
repaired,for-09,pure,0,joint,reset,0,5,1.0,1.0,0.004919835481952543,0.0,0.0
old,for-09,pure,0,joint,reset,0,6,1.0,1.0,1.5244027000704818e-06,0.0,0.0
repaired,for-09,pure,0,joint,reset,0,6,1.0,1.0,0.010132279555707058,0.0,0.0
old,for-09,pure,0,joint,reset,0,7,1.0,1.0,1.1259563702292752e-05,0.0,0.0
repaired,for-09,pure,0,joint,reset,0,7,1.0,1.0,0.006574109044945153,0.0,0.0
old,for-09,pure,0,joint,reset,0,8,1.0,1.0,3.556327710318996e-06,0.0,0.0
repaired,for-09,pure,0,joint,reset,0,8,1.0,1.0,0.005391872818622745,0.0,0.0
old,for-09,pure,0,joint,reset,0,11,1.0,1.0,4.921279618831699e-05,0.0,0.0
repaired,for-09,pure,0,joint,reset,0,11,1.0,1.0,0.002302517699433852,0.0,0.0
old,for-09,pure,0,joint,reset,0,12,1.0,1.0,6.202073156025278e-05,0.0,0.0
repaired,for-09,pure,0,joint,reset,0,12,1.0,1.0,0.004166438392770644,0.0,0.0
old,for-09,pure,0,joint,reset,0,13,1.0,1.0,2.9163293817191516e-05,0.0,0.0
repaired,for-09,pure,0,joint,reset,0,13,1.0,1.0,0.0014933041165159366,0.0,0.0
old,for-09,pure,0,joint,reset,1,0,1.0,1.0,1.3824534130312444e-05,0.0,0.0
repaired,for-09,pure,0,joint,reset,1,0,1.0,1.0,0.004919835481952543,0.0,0.0
old,for-09,pure,0,joint,reset,1,1,1.0,1.0,2.393695000435514e-06,0.0,0.0
repaired,for-09,pure,0,joint,reset,1,1,1.0,1.0,0.008591568761202595,0.0,0.0
old,for-09,pure,0,joint,reset,1,2,1.0,1.0,1.1259563702292752e-05,0.0,0.0
repaired,for-09,pure,0,joint,reset,1,2,1.0,1.0,0.006574109044945153,0.0,0.0
old,for-09,pure,0,joint,reset,1,3,1.0,1.0,3.556327710318996e-06,0.0,0.0
repaired,for-09,pure,0,joint,reset,1,3,1.0,1.0,0.005391872818622745,0.0,0.0
old,for-09,pure,0,joint,reset,1,5,1.0,1.0,1.3824534130312444e-05,0.0,0.0
repaired,for-09,pure,0,joint,reset,1,5,1.0,1.0,0.004919835481952543,0.0,0.0
old,for-09,pure,0,joint,reset,1,6,1.0,1.0,1.5244027000704818e-06,0.0,0.0
repaired,for-09,pure,0,joint,reset,1,6,1.0,1.0,0.010132279555707058,0.0,0.0
old,for-09,pure,0,joint,reset,1,7,1.0,1.0,1.1259563702292752e-05,0.0,0.0
repaired,for-09,pure,0,joint,reset,1,7,1.0,1.0,0.006574109044945153,0.0,0.0
old,for-09,pure,0,joint,reset,1,8,1.0,1.0,1.4526891707333789e-06,0.0,0.0
repaired,for-09,pure,0,joint,reset,1,8,1.0,1.0,0.001983075868360551,0.0,0.0
old,for-09,pure,0,joint,reset,1,11,1.0,1.0,4.921279618831699e-05,0.0,0.0
repaired,for-09,pure,0,joint,reset,1,11,1.0,1.0,0.002302517699433852,0.0,0.0
old,for-09,pure,0,joint,reset,1,12,1.0,1.0,6.202073156025278e-05,0.0,0.0
repaired,for-09,pure,0,joint,reset,1,12,1.0,1.0,0.004166438392770644,0.0,0.0
old,for-09,pure,0,joint,reset,1,13,1.0,1.0,2.9163293817191516e-05,0.0,0.0
repaired,for-09,pure,0,joint,reset,1,13,1.0,1.0,0.0014933041165159366,0.0,0.0
old,for-09,pure,0,joint,removal,0,0,1.0,1.0,1.3824534130312444e-05,0.0,0.0
repaired,for-09,pure,0,joint,removal,0,0,1.0,1.0,0.004919835481952543,0.0,0.0
old,for-09,pure,0,joint,removal,0,1,1.0,1.0,2.393695000435514e-06,0.0,0.0
repaired,for-09,pure,0,joint,removal,0,1,1.0,1.0,0.008591568761202595,0.0,0.0
old,for-09,pure,0,joint,removal,0,2,1.0,1.0,1.1259563702292752e-05,0.0,0.0
repaired,for-09,pure,0,joint,removal,0,2,1.0,1.0,0.006574109044945153,0.0,0.0
old,for-09,pure,0,joint,removal,0,5,1.0,1.0,1.3824534130312444e-05,0.0,0.0
repaired,for-09,pure,0,joint,removal,0,5,1.0,1.0,0.004919835481952543,0.0,0.0
old,for-09,pure,0,joint,removal,0,6,1.0,1.0,1.5244027000704818e-06,0.0,0.0
repaired,for-09,pure,0,joint,removal,0,6,1.0,1.0,0.010132279555707058,0.0,0.0
old,for-09,pure,0,joint,removal,0,7,1.0,1.0,1.1259563702292752e-05,0.0,0.0
repaired,for-09,pure,0,joint,removal,0,7,1.0,1.0,0.006574109044945153,0.0,0.0
old,for-09,pure,0,joint,removal,0,11,1.0,1.0,4.921279618831699e-05,0.0,0.0
repaired,for-09,pure,0,joint,removal,0,11,1.0,1.0,0.002302517699433852,0.0,0.0
old,for-09,pure,0,joint,removal,0,12,1.0,1.0,6.202073156025278e-05,0.0,0.0
repaired,for-09,pure,0,joint,removal,0,12,1.0,1.0,0.004166438392770644,0.0,0.0
old,for-09,pure,0,joint,removal,0,13,1.0,1.0,2.9163293817191516e-05,0.0,0.0
repaired,for-09,pure,0,joint,removal,0,13,1.0,1.0,0.0014933041165159366,0.0,0.0
old,for-09,pure,0,joint,removal,1,0,1.0,1.0,1.3824534130312444e-05,0.0,0.0
repaired,for-09,pure,0,joint,removal,1,0,1.0,1.0,0.004919835481952543,0.0,0.0
old,for-09,pure,0,joint,removal,1,1,1.0,1.0,2.393695000435514e-06,0.0,0.0
repaired,for-09,pure,0,joint,removal,1,1,1.0,1.0,0.008591568761202595,0.0,0.0
old,for-09,pure,0,joint,removal,1,2,1.0,1.0,1.1259563702292752e-05,0.0,0.0
repaired,for-09,pure,0,joint,removal,1,2,1.0,1.0,0.006574109044945153,0.0,0.0
old,for-09,pure,0,joint,removal,1,5,1.0,1.0,1.3824534130312444e-05,0.0,0.0
repaired,for-09,pure,0,joint,removal,1,5,1.0,1.0,0.004919835481952543,0.0,0.0
old,for-09,pure,0,joint,removal,1,6,1.0,1.0,1.5244027000704818e-06,0.0,0.0
repaired,for-09,pure,0,joint,removal,1,6,1.0,1.0,0.010132279555707058,0.0,0.0
old,for-09,pure,0,joint,removal,1,7,1.0,1.0,1.1259563702292752e-05,0.0,0.0
repaired,for-09,pure,0,joint,removal,1,7,1.0,1.0,0.006574109044945153,0.0,0.0
old,for-09,pure,0,joint,removal,1,11,1.0,1.0,4.921279618831699e-05,0.0,0.0
repaired,for-09,pure,0,joint,removal,1,11,1.0,1.0,0.002302517699433852,0.0,0.0
old,for-09,pure,0,joint,removal,1,12,1.0,1.0,6.202073156025278e-05,0.0,0.0
repaired,for-09,pure,0,joint,removal,1,12,1.0,1.0,0.004166438392770644,0.0,0.0
old,for-09,pure,0,joint,removal,1,13,1.0,1.0,2.9163293817191516e-05,0.0,0.0
repaired,for-09,pure,0,joint,removal,1,13,1.0,1.0,0.0014933041165159366,0.0,0.0
old,for-09,pure,0,joint,swap,0,0,1.0,1.0,1.3824534130312444e-05,0.0,0.0
repaired,for-09,pure,0,joint,swap,0,0,1.0,1.0,0.004919835481952543,0.0,0.0
old,for-09,pure,0,joint,swap,0,1,1.0,1.0,2.393695000435514e-06,0.0,0.0
repaired,for-09,pure,0,joint,swap,0,1,1.0,1.0,0.008591568761202595,0.0,0.0
old,for-09,pure,0,joint,swap,0,2,1.0,1.0,1.1259563702292752e-05,0.0,0.0
repaired,for-09,pure,0,joint,swap,0,2,1.0,1.0,0.006574109044945153,0.0,0.0
old,for-09,pure,0,joint,swap,0,3,1.0,1.0,3.556327710318996e-06,0.0,0.0
repaired,for-09,pure,0,joint,swap,0,3,1.0,1.0,0.005391872818622745,0.0,0.0
old,for-09,pure,0,joint,swap,0,5,1.0,1.0,1.3824534130312444e-05,0.0,0.0
repaired,for-09,pure,0,joint,swap,0,5,1.0,1.0,0.004919835481952543,0.0,0.0
old,for-09,pure,0,joint,swap,0,6,1.0,1.0,1.5244027000704818e-06,0.0,0.0
repaired,for-09,pure,0,joint,swap,0,6,1.0,1.0,0.010132279555707058,0.0,0.0
old,for-09,pure,0,joint,swap,0,7,1.0,1.0,1.1259563702292752e-05,0.0,0.0
repaired,for-09,pure,0,joint,swap,0,7,1.0,1.0,0.006574109044945153,0.0,0.0
old,for-09,pure,0,joint,swap,0,8,1.0,1.0,1.4526891707333789e-06,0.0,0.0
repaired,for-09,pure,0,joint,swap,0,8,1.0,1.0,0.001983075868360551,0.0,0.0
old,for-09,pure,0,joint,swap,0,11,1.0,1.0,4.921279618831699e-05,0.0,0.0
repaired,for-09,pure,0,joint,swap,0,11,1.0,1.0,0.002302517699433852,0.0,0.0
old,for-09,pure,0,joint,swap,0,12,1.0,1.0,6.202073156025278e-05,0.0,0.0
repaired,for-09,pure,0,joint,swap,0,12,1.0,1.0,0.004166438392770644,0.0,0.0
old,for-09,pure,0,joint,swap,0,13,1.0,1.0,2.9163293817191516e-05,0.0,0.0
repaired,for-09,pure,0,joint,swap,0,13,1.0,1.0,0.0014933041165159366,0.0,0.0
old,for-09,pure,0,joint,swap,1,0,1.0,1.0,1.3824534130312444e-05,0.0,0.0
repaired,for-09,pure,0,joint,swap,1,0,1.0,1.0,0.004919835481952543,0.0,0.0
old,for-09,pure,0,joint,swap,1,1,1.0,1.0,2.393695000435514e-06,0.0,0.0
repaired,for-09,pure,0,joint,swap,1,1,1.0,1.0,0.008591568761202595,0.0,0.0
old,for-09,pure,0,joint,swap,1,2,1.0,1.0,1.1259563702292752e-05,0.0,0.0
repaired,for-09,pure,0,joint,swap,1,2,1.0,1.0,0.006574109044945153,0.0,0.0
old,for-09,pure,0,joint,swap,1,3,1.0,1.0,1.4526891707333789e-06,0.0,0.0
repaired,for-09,pure,0,joint,swap,1,3,1.0,1.0,0.001983075868360551,0.0,0.0
old,for-09,pure,0,joint,swap,1,5,1.0,1.0,1.3824534130312444e-05,0.0,0.0
repaired,for-09,pure,0,joint,swap,1,5,1.0,1.0,0.004919835481952543,0.0,0.0
old,for-09,pure,0,joint,swap,1,6,1.0,1.0,1.5244027000704818e-06,0.0,0.0
repaired,for-09,pure,0,joint,swap,1,6,1.0,1.0,0.010132279555707058,0.0,0.0
old,for-09,pure,0,joint,swap,1,7,1.0,1.0,1.1259563702292752e-05,0.0,0.0
repaired,for-09,pure,0,joint,swap,1,7,1.0,1.0,0.006574109044945153,0.0,0.0
old,for-09,pure,0,joint,swap,1,8,1.0,1.0,3.556327710318996e-06,0.0,0.0
repaired,for-09,pure,0,joint,swap,1,8,1.0,1.0,0.005391872818622745,0.0,0.0
old,for-09,pure,0,joint,swap,1,11,1.0,1.0,4.921279618831699e-05,0.0,0.0
repaired,for-09,pure,0,joint,swap,1,11,1.0,1.0,0.002302517699433852,0.0,0.0
old,for-09,pure,0,joint,swap,1,12,1.0,1.0,6.202073156025278e-05,0.0,0.0
repaired,for-09,pure,0,joint,swap,1,12,1.0,1.0,0.004166438392770644,0.0,0.0
old,for-09,pure,0,joint,swap,1,13,1.0,1.0,2.9163293817191516e-05,0.0,0.0
repaired,for-09,pure,0,joint,swap,1,13,1.0,1.0,0.0014933041165159366,0.0,0.0
old,for-09,pure,0,joint,shuffle,0,0,1.0,1.0,1.3824534130312444e-05,0.0,0.0
repaired,for-09,pure,0,joint,shuffle,0,0,1.0,1.0,0.004919835481952543,0.0,0.0
old,for-09,pure,0,joint,shuffle,0,1,1.0,1.0,1.5244027000704818e-06,0.0,0.0
repaired,for-09,pure,0,joint,shuffle,0,1,1.0,1.0,0.010132279555707058,0.0,0.0
old,for-09,pure,0,joint,shuffle,0,2,1.0,1.0,1.1259563702292752e-05,0.0,0.0
repaired,for-09,pure,0,joint,shuffle,0,2,1.0,1.0,0.006574109044945153,0.0,0.0
old,for-09,pure,0,joint,shuffle,0,3,1.0,1.0,3.556327710318996e-06,0.0,0.0
repaired,for-09,pure,0,joint,shuffle,0,3,1.0,1.0,0.005391872818622745,0.0,0.0
old,for-09,pure,0,joint,shuffle,0,5,1.0,1.0,1.3824534130312444e-05,0.0,0.0
repaired,for-09,pure,0,joint,shuffle,0,5,1.0,1.0,0.004919835481952543,0.0,0.0
old,for-09,pure,0,joint,shuffle,0,6,1.0,1.0,2.393695000435514e-06,0.0,0.0
repaired,for-09,pure,0,joint,shuffle,0,6,1.0,1.0,0.008591568761202595,0.0,0.0
old,for-09,pure,0,joint,shuffle,0,7,1.0,1.0,1.1259563702292752e-05,0.0,0.0
repaired,for-09,pure,0,joint,shuffle,0,7,1.0,1.0,0.006574109044945153,0.0,0.0
old,for-09,pure,0,joint,shuffle,0,8,1.0,1.0,1.4526891707333789e-06,0.0,0.0
repaired,for-09,pure,0,joint,shuffle,0,8,1.0,1.0,0.001983075868360551,0.0,0.0
old,for-09,pure,0,joint,shuffle,0,11,1.0,1.0,4.921279618831699e-05,0.0,0.0
repaired,for-09,pure,0,joint,shuffle,0,11,1.0,1.0,0.002302517699433852,0.0,0.0
old,for-09,pure,0,joint,shuffle,0,12,1.0,1.0,6.202073156025278e-05,0.0,0.0
repaired,for-09,pure,0,joint,shuffle,0,12,1.0,1.0,0.004166438392770644,0.0,0.0
old,for-09,pure,0,joint,shuffle,0,13,1.0,1.0,2.9163293817191516e-05,0.0,0.0
repaired,for-09,pure,0,joint,shuffle,0,13,1.0,1.0,0.0014933041165159366,0.0,0.0
old,for-09,pure,0,joint,shuffle,1,0,1.0,1.0,1.3824534130312444e-05,0.0,0.0
repaired,for-09,pure,0,joint,shuffle,1,0,1.0,1.0,0.004919835481952543,0.0,0.0
old,for-09,pure,0,joint,shuffle,1,1,1.0,1.0,1.5244027000704818e-06,0.0,0.0
repaired,for-09,pure,0,joint,shuffle,1,1,1.0,1.0,0.010132279555707058,0.0,0.0
old,for-09,pure,0,joint,shuffle,1,2,1.0,1.0,1.1259563702292752e-05,0.0,0.0
repaired,for-09,pure,0,joint,shuffle,1,2,1.0,1.0,0.006574109044945153,0.0,0.0
old,for-09,pure,0,joint,shuffle,1,3,1.0,1.0,1.4526891707333789e-06,0.0,0.0
repaired,for-09,pure,0,joint,shuffle,1,3,1.0,1.0,0.001983075868360551,0.0,0.0
old,for-09,pure,0,joint,shuffle,1,5,1.0,1.0,1.3824534130312444e-05,0.0,0.0
repaired,for-09,pure,0,joint,shuffle,1,5,1.0,1.0,0.004919835481952543,0.0,0.0
old,for-09,pure,0,joint,shuffle,1,6,1.0,1.0,2.393695000435514e-06,0.0,0.0
repaired,for-09,pure,0,joint,shuffle,1,6,1.0,1.0,0.008591568761202595,0.0,0.0
old,for-09,pure,0,joint,shuffle,1,7,1.0,1.0,1.1259563702292752e-05,0.0,0.0
repaired,for-09,pure,0,joint,shuffle,1,7,1.0,1.0,0.006574109044945153,0.0,0.0
old,for-09,pure,0,joint,shuffle,1,8,1.0,1.0,3.556327710318996e-06,0.0,0.0
repaired,for-09,pure,0,joint,shuffle,1,8,1.0,1.0,0.005391872818622745,0.0,0.0
old,for-09,pure,0,joint,shuffle,1,11,1.0,1.0,4.921279618831699e-05,0.0,0.0
repaired,for-09,pure,0,joint,shuffle,1,11,1.0,1.0,0.002302517699433852,0.0,0.0
old,for-09,pure,0,joint,shuffle,1,12,1.0,1.0,6.202073156025278e-05,0.0,0.0
repaired,for-09,pure,0,joint,shuffle,1,12,1.0,1.0,0.004166438392770644,0.0,0.0
old,for-09,pure,0,joint,shuffle,1,13,1.0,1.0,2.9163293817191516e-05,0.0,0.0
repaired,for-09,pure,0,joint,shuffle,1,13,1.0,1.0,0.0014933041165159366,0.0,0.0
old,for-09,pure,0,joint,ambiguous,0,0,1.0,1.0,1.3824534130312444e-05,0.0,0.0
repaired,for-09,pure,0,joint,ambiguous,0,0,1.0,1.0,0.004919835481952543,0.0,0.0
old,for-09,pure,0,joint,ambiguous,0,1,1.0,1.0,1.5244027000704818e-06,0.0,0.0
repaired,for-09,pure,0,joint,ambiguous,0,1,1.0,1.0,0.010132279555707058,0.0,0.0
old,for-09,pure,0,joint,ambiguous,0,2,1.0,1.0,1.1259563702292752e-05,0.0,0.0
repaired,for-09,pure,0,joint,ambiguous,0,2,1.0,1.0,0.006574109044945153,0.0,0.0
old,for-09,pure,0,joint,ambiguous,0,3,1.0,1.0,1.4526891707333789e-06,0.0,0.0
repaired,for-09,pure,0,joint,ambiguous,0,3,1.0,1.0,0.001983075868360551,0.0,0.0
old,for-09,pure,0,joint,ambiguous,0,5,1.0,1.0,1.3824534130312444e-05,0.0,0.0
repaired,for-09,pure,0,joint,ambiguous,0,5,1.0,1.0,0.004919835481952543,0.0,0.0
old,for-09,pure,0,joint,ambiguous,0,6,1.0,1.0,1.5244027000704818e-06,0.0,0.0
repaired,for-09,pure,0,joint,ambiguous,0,6,1.0,1.0,0.010132279555707058,0.0,0.0
old,for-09,pure,0,joint,ambiguous,0,7,1.0,1.0,1.1259563702292752e-05,0.0,0.0
repaired,for-09,pure,0,joint,ambiguous,0,7,1.0,1.0,0.006574109044945153,0.0,0.0
old,for-09,pure,0,joint,ambiguous,0,8,1.0,1.0,3.556327710318996e-06,0.0,0.0
repaired,for-09,pure,0,joint,ambiguous,0,8,1.0,1.0,0.005391872818622745,0.0,0.0
old,for-09,pure,0,joint,ambiguous,0,11,1.0,1.0,4.921279618831699e-05,0.0,0.0
repaired,for-09,pure,0,joint,ambiguous,0,11,1.0,1.0,0.002302517699433852,0.0,0.0
old,for-09,pure,0,joint,ambiguous,0,12,1.0,1.0,6.202073156025278e-05,0.0,0.0
repaired,for-09,pure,0,joint,ambiguous,0,12,1.0,1.0,0.004166438392770644,0.0,0.0
old,for-09,pure,0,joint,ambiguous,0,13,1.0,1.0,2.9163293817191516e-05,0.0,0.0
repaired,for-09,pure,0,joint,ambiguous,0,13,1.0,1.0,0.0014933041165159366,0.0,0.0
old,for-09,pure,0,joint,ambiguous,1,0,1.0,1.0,1.3824534130312444e-05,0.0,0.0
repaired,for-09,pure,0,joint,ambiguous,1,0,1.0,1.0,0.004919835481952543,0.0,0.0
old,for-09,pure,0,joint,ambiguous,1,1,1.0,1.0,1.5244027000704818e-06,0.0,0.0
repaired,for-09,pure,0,joint,ambiguous,1,1,1.0,1.0,0.010132279555707058,0.0,0.0
old,for-09,pure,0,joint,ambiguous,1,2,1.0,1.0,1.1259563702292752e-05,0.0,0.0
repaired,for-09,pure,0,joint,ambiguous,1,2,1.0,1.0,0.006574109044945153,0.0,0.0
old,for-09,pure,0,joint,ambiguous,1,3,1.0,1.0,1.4526891707333789e-06,0.0,0.0
repaired,for-09,pure,0,joint,ambiguous,1,3,1.0,1.0,0.001983075868360551,0.0,0.0
old,for-09,pure,0,joint,ambiguous,1,5,1.0,1.0,1.3824534130312444e-05,0.0,0.0
repaired,for-09,pure,0,joint,ambiguous,1,5,1.0,1.0,0.004919835481952543,0.0,0.0
old,for-09,pure,0,joint,ambiguous,1,6,1.0,1.0,1.5244027000704818e-06,0.0,0.0
repaired,for-09,pure,0,joint,ambiguous,1,6,1.0,1.0,0.010132279555707058,0.0,0.0
old,for-09,pure,0,joint,ambiguous,1,7,1.0,1.0,1.1259563702292752e-05,0.0,0.0
repaired,for-09,pure,0,joint,ambiguous,1,7,1.0,1.0,0.006574109044945153,0.0,0.0
old,for-09,pure,0,joint,ambiguous,1,8,1.0,1.0,3.556327710318996e-06,0.0,0.0
repaired,for-09,pure,0,joint,ambiguous,1,8,1.0,1.0,0.005391872818622745,0.0,0.0
old,for-09,pure,0,joint,ambiguous,1,11,1.0,1.0,4.921279618831699e-05,0.0,0.0
repaired,for-09,pure,0,joint,ambiguous,1,11,1.0,1.0,0.002302517699433852,0.0,0.0
old,for-09,pure,0,joint,ambiguous,1,12,1.0,1.0,6.202073156025278e-05,0.0,0.0
repaired,for-09,pure,0,joint,ambiguous,1,12,1.0,1.0,0.004166438392770644,0.0,0.0
old,for-09,pure,0,joint,ambiguous,1,13,1.0,1.0,2.9163293817191516e-05,0.0,0.0
repaired,for-09,pure,0,joint,ambiguous,1,13,1.0,1.0,0.0014933041165159366,0.0,0.0
old,for-10,pure,18,matched,intact,0,0,1.0,1.0,2.4150352686547194e-06,0.0,0.0
repaired,for-10,pure,18,matched,intact,0,0,1.0,1.0,0.000805403972471197,0.0,0.0
old,for-10,pure,18,matched,intact,0,1,1.0,1.0,1.7108723362468936e-06,0.0,0.0
repaired,for-10,pure,18,matched,intact,0,1,1.0,1.0,0.0028440486423644273,0.0,0.0
old,for-10,pure,18,matched,intact,0,2,1.0,1.0,2.333763106321385e-06,0.0,0.0
repaired,for-10,pure,18,matched,intact,0,2,1.0,1.0,0.0022359989151858883,0.0,0.0
old,for-10,pure,18,matched,intact,0,3,1.0,1.0,2.641673351178042e-06,0.0,0.0
repaired,for-10,pure,18,matched,intact,0,3,1.0,1.0,0.0026257551140957958,0.0,0.0
old,for-10,pure,18,matched,intact,0,5,1.0,1.0,2.4150352686547194e-06,0.0,0.0
repaired,for-10,pure,18,matched,intact,0,5,1.0,1.0,0.000805403972471197,0.0,0.0
old,for-10,pure,18,matched,intact,0,6,1.0,1.0,5.883079168711447e-06,0.0,0.0
repaired,for-10,pure,18,matched,intact,0,6,1.0,1.0,0.0029936658545821615,0.0,0.0
old,for-10,pure,18,matched,intact,0,7,1.0,1.0,2.333763106321385e-06,0.0,0.0
repaired,for-10,pure,18,matched,intact,0,7,1.0,1.0,0.0022359989151858883,0.0,0.0
old,for-10,pure,18,matched,intact,0,8,1.0,1.0,5.407049741279479e-07,0.0,0.0
repaired,for-10,pure,18,matched,intact,0,8,1.0,1.0,0.0007335483903574413,0.0,0.0
old,for-10,pure,18,matched,intact,0,11,1.0,1.0,2.4150352686547194e-06,0.0,0.0
repaired,for-10,pure,18,matched,intact,0,11,1.0,1.0,0.000805403972471197,0.0,0.0
old,for-10,pure,18,matched,intact,0,12,1.0,1.0,5.883079168711447e-06,0.0,0.0
repaired,for-10,pure,18,matched,intact,0,12,1.0,1.0,0.0029936658545821615,0.0,0.0
old,for-10,pure,18,matched,intact,0,13,1.0,1.0,2.333763106321385e-06,0.0,0.0
repaired,for-10,pure,18,matched,intact,0,13,1.0,1.0,0.0022359989151858883,0.0,0.0
old,for-10,pure,18,matched,intact,1,0,1.0,1.0,2.4150352686547194e-06,0.0,0.0
repaired,for-10,pure,18,matched,intact,1,0,1.0,1.0,0.000805403972471197,0.0,0.0
old,for-10,pure,18,matched,intact,1,1,1.0,1.0,1.7108723362468936e-06,0.0,0.0
repaired,for-10,pure,18,matched,intact,1,1,1.0,1.0,0.0028440486423644273,0.0,0.0
old,for-10,pure,18,matched,intact,1,2,1.0,1.0,2.333763106321385e-06,0.0,0.0
repaired,for-10,pure,18,matched,intact,1,2,1.0,1.0,0.0022359989151858883,0.0,0.0
old,for-10,pure,18,matched,intact,1,3,1.0,1.0,5.407049741279479e-07,0.0,0.0
repaired,for-10,pure,18,matched,intact,1,3,1.0,1.0,0.0007335483903574413,0.0,0.0
old,for-10,pure,18,matched,intact,1,5,1.0,1.0,2.4150352686547194e-06,0.0,0.0
repaired,for-10,pure,18,matched,intact,1,5,1.0,1.0,0.000805403972471197,0.0,0.0
old,for-10,pure,18,matched,intact,1,6,1.0,1.0,5.883079168711447e-06,0.0,0.0
repaired,for-10,pure,18,matched,intact,1,6,1.0,1.0,0.0029936658545821615,0.0,0.0
old,for-10,pure,18,matched,intact,1,7,1.0,1.0,2.333763106321385e-06,0.0,0.0
repaired,for-10,pure,18,matched,intact,1,7,1.0,1.0,0.0022359989151858883,0.0,0.0
old,for-10,pure,18,matched,intact,1,8,1.0,1.0,2.641673351178042e-06,0.0,0.0
repaired,for-10,pure,18,matched,intact,1,8,1.0,1.0,0.0026257551140957958,0.0,0.0
old,for-10,pure,18,matched,intact,1,11,1.0,1.0,2.4150352686547194e-06,0.0,0.0
repaired,for-10,pure,18,matched,intact,1,11,1.0,1.0,0.000805403972471197,0.0,0.0
old,for-10,pure,18,matched,intact,1,12,1.0,1.0,5.883079168711447e-06,0.0,0.0
repaired,for-10,pure,18,matched,intact,1,12,1.0,1.0,0.0029936658545821615,0.0,0.0
old,for-10,pure,18,matched,intact,1,13,1.0,1.0,2.333763106321385e-06,0.0,0.0
repaired,for-10,pure,18,matched,intact,1,13,1.0,1.0,0.0022359989151858883,0.0,0.0
old,for-10,pure,18,timbre,intact,0,0,1.0,1.0,2.4150352686547194e-06,0.0,0.0
repaired,for-10,pure,18,timbre,intact,0,0,1.0,1.0,0.000805403972471197,0.0,0.0
old,for-10,pure,18,timbre,intact,0,1,1.0,1.0,1.7108723362468936e-06,0.0,0.0
repaired,for-10,pure,18,timbre,intact,0,1,1.0,1.0,0.0028440486423644273,0.0,0.0
old,for-10,pure,18,timbre,intact,0,2,1.0,1.0,2.333763106321385e-06,0.0,0.0
repaired,for-10,pure,18,timbre,intact,0,2,1.0,1.0,0.0022359989151858883,0.0,0.0
old,for-10,pure,18,timbre,intact,0,3,1.0,1.0,2.641673351178042e-06,0.0,0.0
repaired,for-10,pure,18,timbre,intact,0,3,1.0,1.0,0.0026257551140957958,0.0,0.0
old,for-10,pure,18,timbre,intact,0,5,1.0,1.0,2.4150352686547194e-06,0.0,0.0
repaired,for-10,pure,18,timbre,intact,0,5,1.0,1.0,0.000805403972471197,0.0,0.0
old,for-10,pure,18,timbre,intact,0,6,1.0,1.0,5.883079168711447e-06,0.0,0.0
repaired,for-10,pure,18,timbre,intact,0,6,1.0,1.0,0.0029936658545821615,0.0,0.0
old,for-10,pure,18,timbre,intact,0,7,1.0,1.0,2.333763106321385e-06,0.0,0.0
repaired,for-10,pure,18,timbre,intact,0,7,1.0,1.0,0.0022359989151858883,0.0,0.0
old,for-10,pure,18,timbre,intact,0,8,1.0,1.0,5.407049741279479e-07,0.0,0.0
repaired,for-10,pure,18,timbre,intact,0,8,1.0,1.0,0.0007335483903574413,0.0,0.0
old,for-10,pure,18,timbre,intact,0,11,1.0,1.0,1.4193287221075934e-06,0.0,0.0
repaired,for-10,pure,18,timbre,intact,0,11,1.0,1.0,0.002528676116103412,0.0,0.0
old,for-10,pure,18,timbre,intact,0,12,1.0,1.0,3.5616594882270647e-06,0.0,0.0
repaired,for-10,pure,18,timbre,intact,0,12,1.0,1.0,0.004370510486818802,0.0,0.0
old,for-10,pure,18,timbre,intact,0,13,1.0,1.0,7.284312886213229e-07,0.0,0.0
repaired,for-10,pure,18,timbre,intact,0,13,1.0,1.0,0.003398056772592639,0.0,0.0
old,for-10,pure,18,timbre,intact,1,0,1.0,1.0,2.4150352686547194e-06,0.0,0.0
repaired,for-10,pure,18,timbre,intact,1,0,1.0,1.0,0.000805403972471197,0.0,0.0
old,for-10,pure,18,timbre,intact,1,1,1.0,1.0,1.7108723362468936e-06,0.0,0.0
repaired,for-10,pure,18,timbre,intact,1,1,1.0,1.0,0.0028440486423644273,0.0,0.0
old,for-10,pure,18,timbre,intact,1,2,1.0,1.0,2.333763106321385e-06,0.0,0.0
repaired,for-10,pure,18,timbre,intact,1,2,1.0,1.0,0.0022359989151858883,0.0,0.0
old,for-10,pure,18,timbre,intact,1,3,1.0,1.0,5.407049741279479e-07,0.0,0.0
repaired,for-10,pure,18,timbre,intact,1,3,1.0,1.0,0.0007335483903574413,0.0,0.0
old,for-10,pure,18,timbre,intact,1,5,1.0,1.0,2.4150352686547194e-06,0.0,0.0
repaired,for-10,pure,18,timbre,intact,1,5,1.0,1.0,0.000805403972471197,0.0,0.0
old,for-10,pure,18,timbre,intact,1,6,1.0,1.0,5.883079168711447e-06,0.0,0.0
repaired,for-10,pure,18,timbre,intact,1,6,1.0,1.0,0.0029936658545821615,0.0,0.0
old,for-10,pure,18,timbre,intact,1,7,1.0,1.0,2.333763106321385e-06,0.0,0.0
repaired,for-10,pure,18,timbre,intact,1,7,1.0,1.0,0.0022359989151858883,0.0,0.0
old,for-10,pure,18,timbre,intact,1,8,1.0,1.0,2.641673351178042e-06,0.0,0.0
repaired,for-10,pure,18,timbre,intact,1,8,1.0,1.0,0.0026257551140957958,0.0,0.0
old,for-10,pure,18,timbre,intact,1,11,1.0,1.0,1.4193287221075934e-06,0.0,0.0
repaired,for-10,pure,18,timbre,intact,1,11,1.0,1.0,0.002528676116103412,0.0,0.0
old,for-10,pure,18,timbre,intact,1,12,1.0,1.0,3.5616594882270647e-06,0.0,0.0
repaired,for-10,pure,18,timbre,intact,1,12,1.0,1.0,0.004370510486818802,0.0,0.0
old,for-10,pure,18,timbre,intact,1,13,1.0,1.0,7.284312886213229e-07,0.0,0.0
repaired,for-10,pure,18,timbre,intact,1,13,1.0,1.0,0.003398056772592639,0.0,0.0
old,for-10,pure,18,duration,intact,0,0,1.0,1.0,2.4150352686547194e-06,0.0,0.0
repaired,for-10,pure,18,duration,intact,0,0,1.0,1.0,0.000805403972471197,0.0,0.0
old,for-10,pure,18,duration,intact,0,1,1.0,1.0,1.7108723362468936e-06,0.0,0.0
repaired,for-10,pure,18,duration,intact,0,1,1.0,1.0,0.0028440486423644273,0.0,0.0
old,for-10,pure,18,duration,intact,0,2,1.0,1.0,2.333763106321385e-06,0.0,0.0
repaired,for-10,pure,18,duration,intact,0,2,1.0,1.0,0.0022359989151858883,0.0,0.0
old,for-10,pure,18,duration,intact,0,3,1.0,1.0,2.641673351178042e-06,0.0,0.0
repaired,for-10,pure,18,duration,intact,0,3,1.0,1.0,0.0026257551140957958,0.0,0.0
old,for-10,pure,18,duration,intact,0,5,1.0,1.0,2.4150352686547194e-06,0.0,0.0
repaired,for-10,pure,18,duration,intact,0,5,1.0,1.0,0.000805403972471197,0.0,0.0
old,for-10,pure,18,duration,intact,0,6,1.0,1.0,5.883079168711447e-06,0.0,0.0
repaired,for-10,pure,18,duration,intact,0,6,1.0,1.0,0.0029936658545821615,0.0,0.0
old,for-10,pure,18,duration,intact,0,7,1.0,1.0,2.333763106321385e-06,0.0,0.0
repaired,for-10,pure,18,duration,intact,0,7,1.0,1.0,0.0022359989151858883,0.0,0.0
old,for-10,pure,18,duration,intact,0,8,1.0,1.0,5.407049741279479e-07,0.0,0.0
repaired,for-10,pure,18,duration,intact,0,8,1.0,1.0,0.0007335483903574413,0.0,0.0
old,for-10,pure,18,duration,intact,0,11,1.0,1.0,1.5155337337091623e-05,0.0,0.0
repaired,for-10,pure,18,duration,intact,0,11,1.0,1.0,0.0003188467036885356,0.0,0.0
old,for-10,pure,18,duration,intact,0,12,1.0,1.0,1.2309415197364615e-05,0.0,0.0
repaired,for-10,pure,18,duration,intact,0,12,1.0,1.0,0.0008515382606297806,0.0,0.0
old,for-10,pure,18,duration,intact,0,13,1.0,1.0,7.476273871986905e-06,0.0,0.0
repaired,for-10,pure,18,duration,intact,0,13,1.0,1.0,0.001661932874146288,0.0,0.0
old,for-10,pure,18,duration,intact,1,0,1.0,1.0,2.4150352686547194e-06,0.0,0.0
repaired,for-10,pure,18,duration,intact,1,0,1.0,1.0,0.000805403972471197,0.0,0.0
old,for-10,pure,18,duration,intact,1,1,1.0,1.0,1.7108723362468936e-06,0.0,0.0
repaired,for-10,pure,18,duration,intact,1,1,1.0,1.0,0.0028440486423644273,0.0,0.0
old,for-10,pure,18,duration,intact,1,2,1.0,1.0,2.333763106321385e-06,0.0,0.0
repaired,for-10,pure,18,duration,intact,1,2,1.0,1.0,0.0022359989151858883,0.0,0.0
old,for-10,pure,18,duration,intact,1,3,1.0,1.0,5.407049741279479e-07,0.0,0.0
repaired,for-10,pure,18,duration,intact,1,3,1.0,1.0,0.0007335483903574413,0.0,0.0
old,for-10,pure,18,duration,intact,1,5,1.0,1.0,2.4150352686547194e-06,0.0,0.0
repaired,for-10,pure,18,duration,intact,1,5,1.0,1.0,0.000805403972471197,0.0,0.0
old,for-10,pure,18,duration,intact,1,6,1.0,1.0,5.883079168711447e-06,0.0,0.0
repaired,for-10,pure,18,duration,intact,1,6,1.0,1.0,0.0029936658545821615,0.0,0.0
old,for-10,pure,18,duration,intact,1,7,1.0,1.0,2.333763106321385e-06,0.0,0.0
repaired,for-10,pure,18,duration,intact,1,7,1.0,1.0,0.0022359989151858883,0.0,0.0
old,for-10,pure,18,duration,intact,1,8,1.0,1.0,2.641673351178042e-06,0.0,0.0
repaired,for-10,pure,18,duration,intact,1,8,1.0,1.0,0.0026257551140957958,0.0,0.0
old,for-10,pure,18,duration,intact,1,11,1.0,1.0,1.5155337337091623e-05,0.0,0.0
repaired,for-10,pure,18,duration,intact,1,11,1.0,1.0,0.0003188467036885356,0.0,0.0
old,for-10,pure,18,duration,intact,1,12,1.0,1.0,1.2309415197364615e-05,0.0,0.0
repaired,for-10,pure,18,duration,intact,1,12,1.0,1.0,0.0008515382606297806,0.0,0.0
old,for-10,pure,18,duration,intact,1,13,1.0,1.0,7.476273871986905e-06,0.0,0.0
repaired,for-10,pure,18,duration,intact,1,13,1.0,1.0,0.001661932874146288,0.0,0.0
old,for-10,pure,18,joint,intact,0,0,1.0,1.0,2.4150352686547194e-06,0.0,0.0
repaired,for-10,pure,18,joint,intact,0,0,1.0,1.0,0.000805403972471197,0.0,0.0
old,for-10,pure,18,joint,intact,0,1,1.0,1.0,1.7108723362468936e-06,0.0,0.0
repaired,for-10,pure,18,joint,intact,0,1,1.0,1.0,0.0028440486423644273,0.0,0.0
old,for-10,pure,18,joint,intact,0,2,1.0,1.0,2.333763106321385e-06,0.0,0.0
repaired,for-10,pure,18,joint,intact,0,2,1.0,1.0,0.0022359989151858883,0.0,0.0
old,for-10,pure,18,joint,intact,0,3,1.0,1.0,2.641673351178042e-06,0.0,0.0
repaired,for-10,pure,18,joint,intact,0,3,1.0,1.0,0.0026257551140957958,0.0,0.0
old,for-10,pure,18,joint,intact,0,5,1.0,1.0,2.4150352686547194e-06,0.0,0.0
repaired,for-10,pure,18,joint,intact,0,5,1.0,1.0,0.000805403972471197,0.0,0.0
old,for-10,pure,18,joint,intact,0,6,1.0,1.0,5.883079168711447e-06,0.0,0.0
repaired,for-10,pure,18,joint,intact,0,6,1.0,1.0,0.0029936658545821615,0.0,0.0
old,for-10,pure,18,joint,intact,0,7,1.0,1.0,2.333763106321385e-06,0.0,0.0
repaired,for-10,pure,18,joint,intact,0,7,1.0,1.0,0.0022359989151858883,0.0,0.0
old,for-10,pure,18,joint,intact,0,8,1.0,1.0,5.407049741279479e-07,0.0,0.0
repaired,for-10,pure,18,joint,intact,0,8,1.0,1.0,0.0007335483903574413,0.0,0.0
old,for-10,pure,18,joint,intact,0,11,1.0,1.0,8.555170644797272e-06,0.0,0.0
repaired,for-10,pure,18,joint,intact,0,11,1.0,1.0,0.0002746038005447815,0.0,0.0
old,for-10,pure,18,joint,intact,0,12,1.0,1.0,7.348566546383495e-06,0.0,0.0
repaired,for-10,pure,18,joint,intact,0,12,1.0,1.0,0.0018997531035367388,0.0,0.0
old,for-10,pure,18,joint,intact,0,13,1.0,1.0,4.270801493788667e-06,0.0,0.0
repaired,for-10,pure,18,joint,intact,0,13,1.0,1.0,0.0019874236186261385,0.0,0.0
old,for-10,pure,18,joint,intact,1,0,1.0,1.0,2.4150352686547194e-06,0.0,0.0
repaired,for-10,pure,18,joint,intact,1,0,1.0,1.0,0.000805403972471197,0.0,0.0
old,for-10,pure,18,joint,intact,1,1,1.0,1.0,1.7108723362468936e-06,0.0,0.0
repaired,for-10,pure,18,joint,intact,1,1,1.0,1.0,0.0028440486423644273,0.0,0.0
old,for-10,pure,18,joint,intact,1,2,1.0,1.0,2.333763106321385e-06,0.0,0.0
repaired,for-10,pure,18,joint,intact,1,2,1.0,1.0,0.0022359989151858883,0.0,0.0
old,for-10,pure,18,joint,intact,1,3,1.0,1.0,5.407049741279479e-07,0.0,0.0
repaired,for-10,pure,18,joint,intact,1,3,1.0,1.0,0.0007335483903574413,0.0,0.0
old,for-10,pure,18,joint,intact,1,5,1.0,1.0,2.4150352686547194e-06,0.0,0.0
repaired,for-10,pure,18,joint,intact,1,5,1.0,1.0,0.000805403972471197,0.0,0.0
old,for-10,pure,18,joint,intact,1,6,1.0,1.0,5.883079168711447e-06,0.0,0.0
repaired,for-10,pure,18,joint,intact,1,6,1.0,1.0,0.0029936658545821615,0.0,0.0
old,for-10,pure,18,joint,intact,1,7,1.0,1.0,2.333763106321385e-06,0.0,0.0
repaired,for-10,pure,18,joint,intact,1,7,1.0,1.0,0.0022359989151858883,0.0,0.0
old,for-10,pure,18,joint,intact,1,8,1.0,1.0,2.641673351178042e-06,0.0,0.0
repaired,for-10,pure,18,joint,intact,1,8,1.0,1.0,0.0026257551140957958,0.0,0.0
old,for-10,pure,18,joint,intact,1,11,1.0,1.0,8.555170644797272e-06,0.0,0.0
repaired,for-10,pure,18,joint,intact,1,11,1.0,1.0,0.0002746038005447815,0.0,0.0
old,for-10,pure,18,joint,intact,1,12,1.0,1.0,7.348566546383495e-06,0.0,0.0
repaired,for-10,pure,18,joint,intact,1,12,1.0,1.0,0.0018997531035367388,0.0,0.0
old,for-10,pure,18,joint,intact,1,13,1.0,1.0,4.270801493788667e-06,0.0,0.0
repaired,for-10,pure,18,joint,intact,1,13,1.0,1.0,0.0019874236186261385,0.0,0.0
old,for-10,pure,18,joint,reset,0,0,1.0,1.0,2.4150352686547194e-06,0.0,0.0
repaired,for-10,pure,18,joint,reset,0,0,1.0,1.0,0.000805403972471197,0.0,0.0
old,for-10,pure,18,joint,reset,0,1,1.0,1.0,1.7108723362468936e-06,0.0,0.0
repaired,for-10,pure,18,joint,reset,0,1,1.0,1.0,0.0028440486423644273,0.0,0.0
old,for-10,pure,18,joint,reset,0,2,1.0,1.0,2.333763106321385e-06,0.0,0.0
repaired,for-10,pure,18,joint,reset,0,2,1.0,1.0,0.0022359989151858883,0.0,0.0
old,for-10,pure,18,joint,reset,0,3,1.0,1.0,2.641673351178042e-06,0.0,0.0
repaired,for-10,pure,18,joint,reset,0,3,1.0,1.0,0.0026257551140957958,0.0,0.0
old,for-10,pure,18,joint,reset,0,5,1.0,1.0,2.4150352686547194e-06,0.0,0.0
repaired,for-10,pure,18,joint,reset,0,5,1.0,1.0,0.000805403972471197,0.0,0.0
old,for-10,pure,18,joint,reset,0,6,1.0,1.0,5.883079168711447e-06,0.0,0.0
repaired,for-10,pure,18,joint,reset,0,6,1.0,1.0,0.0029936658545821615,0.0,0.0
old,for-10,pure,18,joint,reset,0,7,1.0,1.0,2.333763106321385e-06,0.0,0.0
repaired,for-10,pure,18,joint,reset,0,7,1.0,1.0,0.0022359989151858883,0.0,0.0
old,for-10,pure,18,joint,reset,0,8,1.0,1.0,5.407049741279479e-07,0.0,0.0
repaired,for-10,pure,18,joint,reset,0,8,1.0,1.0,0.0007335483903574413,0.0,0.0
old,for-10,pure,18,joint,reset,0,11,1.0,1.0,8.555170644797272e-06,0.0,0.0
repaired,for-10,pure,18,joint,reset,0,11,1.0,1.0,0.0002746038005447815,0.0,0.0
old,for-10,pure,18,joint,reset,0,12,1.0,1.0,7.348566546383495e-06,0.0,0.0
repaired,for-10,pure,18,joint,reset,0,12,1.0,1.0,0.0018997531035367388,0.0,0.0
old,for-10,pure,18,joint,reset,0,13,1.0,1.0,4.270801493788667e-06,0.0,0.0
repaired,for-10,pure,18,joint,reset,0,13,1.0,1.0,0.0019874236186261385,0.0,0.0
old,for-10,pure,18,joint,reset,1,0,1.0,1.0,2.4150352686547194e-06,0.0,0.0
repaired,for-10,pure,18,joint,reset,1,0,1.0,1.0,0.000805403972471197,0.0,0.0
old,for-10,pure,18,joint,reset,1,1,1.0,1.0,1.7108723362468936e-06,0.0,0.0
repaired,for-10,pure,18,joint,reset,1,1,1.0,1.0,0.0028440486423644273,0.0,0.0
old,for-10,pure,18,joint,reset,1,2,1.0,1.0,2.333763106321385e-06,0.0,0.0
repaired,for-10,pure,18,joint,reset,1,2,1.0,1.0,0.0022359989151858883,0.0,0.0
old,for-10,pure,18,joint,reset,1,3,1.0,1.0,5.407049741279479e-07,0.0,0.0
repaired,for-10,pure,18,joint,reset,1,3,1.0,1.0,0.0007335483903574413,0.0,0.0
old,for-10,pure,18,joint,reset,1,5,1.0,1.0,2.4150352686547194e-06,0.0,0.0
repaired,for-10,pure,18,joint,reset,1,5,1.0,1.0,0.000805403972471197,0.0,0.0
old,for-10,pure,18,joint,reset,1,6,1.0,1.0,5.883079168711447e-06,0.0,0.0
repaired,for-10,pure,18,joint,reset,1,6,1.0,1.0,0.0029936658545821615,0.0,0.0
old,for-10,pure,18,joint,reset,1,7,1.0,1.0,2.333763106321385e-06,0.0,0.0
repaired,for-10,pure,18,joint,reset,1,7,1.0,1.0,0.0022359989151858883,0.0,0.0
old,for-10,pure,18,joint,reset,1,8,1.0,1.0,2.641673351178042e-06,0.0,0.0
repaired,for-10,pure,18,joint,reset,1,8,1.0,1.0,0.0026257551140957958,0.0,0.0
old,for-10,pure,18,joint,reset,1,11,1.0,1.0,8.555170644797272e-06,0.0,0.0
repaired,for-10,pure,18,joint,reset,1,11,1.0,1.0,0.0002746038005447815,0.0,0.0
old,for-10,pure,18,joint,reset,1,12,1.0,1.0,7.348566546383495e-06,0.0,0.0
repaired,for-10,pure,18,joint,reset,1,12,1.0,1.0,0.0018997531035367388,0.0,0.0
old,for-10,pure,18,joint,reset,1,13,1.0,1.0,4.270801493788667e-06,0.0,0.0
repaired,for-10,pure,18,joint,reset,1,13,1.0,1.0,0.0019874236186261385,0.0,0.0
old,for-10,pure,18,joint,removal,0,0,1.0,1.0,2.4150352686547194e-06,0.0,0.0
repaired,for-10,pure,18,joint,removal,0,0,1.0,1.0,0.000805403972471197,0.0,0.0
old,for-10,pure,18,joint,removal,0,1,1.0,1.0,1.7108723362468936e-06,0.0,0.0
repaired,for-10,pure,18,joint,removal,0,1,1.0,1.0,0.0028440486423644273,0.0,0.0
old,for-10,pure,18,joint,removal,0,2,1.0,1.0,2.333763106321385e-06,0.0,0.0
repaired,for-10,pure,18,joint,removal,0,2,1.0,1.0,0.0022359989151858883,0.0,0.0
old,for-10,pure,18,joint,removal,0,5,1.0,1.0,2.4150352686547194e-06,0.0,0.0
repaired,for-10,pure,18,joint,removal,0,5,1.0,1.0,0.000805403972471197,0.0,0.0
old,for-10,pure,18,joint,removal,0,6,1.0,1.0,5.883079168711447e-06,0.0,0.0
repaired,for-10,pure,18,joint,removal,0,6,1.0,1.0,0.0029936658545821615,0.0,0.0
old,for-10,pure,18,joint,removal,0,7,1.0,1.0,2.333763106321385e-06,0.0,0.0
repaired,for-10,pure,18,joint,removal,0,7,1.0,1.0,0.0022359989151858883,0.0,0.0
old,for-10,pure,18,joint,removal,0,11,1.0,1.0,8.555170644797272e-06,0.0,0.0
repaired,for-10,pure,18,joint,removal,0,11,1.0,1.0,0.0002746038005447815,0.0,0.0
old,for-10,pure,18,joint,removal,0,12,1.0,1.0,7.348566546383495e-06,0.0,0.0
repaired,for-10,pure,18,joint,removal,0,12,1.0,1.0,0.0018997531035367388,0.0,0.0
old,for-10,pure,18,joint,removal,0,13,1.0,1.0,4.270801493788667e-06,0.0,0.0
repaired,for-10,pure,18,joint,removal,0,13,1.0,1.0,0.0019874236186261385,0.0,0.0
old,for-10,pure,18,joint,removal,1,0,1.0,1.0,2.4150352686547194e-06,0.0,0.0
repaired,for-10,pure,18,joint,removal,1,0,1.0,1.0,0.000805403972471197,0.0,0.0
old,for-10,pure,18,joint,removal,1,1,1.0,1.0,1.7108723362468936e-06,0.0,0.0
repaired,for-10,pure,18,joint,removal,1,1,1.0,1.0,0.0028440486423644273,0.0,0.0
old,for-10,pure,18,joint,removal,1,2,1.0,1.0,2.333763106321385e-06,0.0,0.0
repaired,for-10,pure,18,joint,removal,1,2,1.0,1.0,0.0022359989151858883,0.0,0.0
old,for-10,pure,18,joint,removal,1,5,1.0,1.0,2.4150352686547194e-06,0.0,0.0
repaired,for-10,pure,18,joint,removal,1,5,1.0,1.0,0.000805403972471197,0.0,0.0
old,for-10,pure,18,joint,removal,1,6,1.0,1.0,5.883079168711447e-06,0.0,0.0
repaired,for-10,pure,18,joint,removal,1,6,1.0,1.0,0.0029936658545821615,0.0,0.0
old,for-10,pure,18,joint,removal,1,7,1.0,1.0,2.333763106321385e-06,0.0,0.0
repaired,for-10,pure,18,joint,removal,1,7,1.0,1.0,0.0022359989151858883,0.0,0.0
old,for-10,pure,18,joint,removal,1,11,1.0,1.0,8.555170644797272e-06,0.0,0.0
repaired,for-10,pure,18,joint,removal,1,11,1.0,1.0,0.0002746038005447815,0.0,0.0
old,for-10,pure,18,joint,removal,1,12,1.0,1.0,7.348566546383495e-06,0.0,0.0
repaired,for-10,pure,18,joint,removal,1,12,1.0,1.0,0.0018997531035367388,0.0,0.0
old,for-10,pure,18,joint,removal,1,13,1.0,1.0,4.270801493788667e-06,0.0,0.0
repaired,for-10,pure,18,joint,removal,1,13,1.0,1.0,0.0019874236186261385,0.0,0.0
old,for-10,pure,18,joint,swap,0,0,1.0,1.0,2.4150352686547194e-06,0.0,0.0
repaired,for-10,pure,18,joint,swap,0,0,1.0,1.0,0.000805403972471197,0.0,0.0
old,for-10,pure,18,joint,swap,0,1,1.0,1.0,1.7108723362468936e-06,0.0,0.0
repaired,for-10,pure,18,joint,swap,0,1,1.0,1.0,0.0028440486423644273,0.0,0.0
old,for-10,pure,18,joint,swap,0,2,1.0,1.0,2.333763106321385e-06,0.0,0.0
repaired,for-10,pure,18,joint,swap,0,2,1.0,1.0,0.0022359989151858883,0.0,0.0
old,for-10,pure,18,joint,swap,0,3,1.0,1.0,5.407049741279479e-07,0.0,0.0
repaired,for-10,pure,18,joint,swap,0,3,1.0,1.0,0.0007335483903574413,0.0,0.0
old,for-10,pure,18,joint,swap,0,5,1.0,1.0,2.4150352686547194e-06,0.0,0.0
repaired,for-10,pure,18,joint,swap,0,5,1.0,1.0,0.000805403972471197,0.0,0.0
old,for-10,pure,18,joint,swap,0,6,1.0,1.0,5.883079168711447e-06,0.0,0.0
repaired,for-10,pure,18,joint,swap,0,6,1.0,1.0,0.0029936658545821615,0.0,0.0
old,for-10,pure,18,joint,swap,0,7,1.0,1.0,2.333763106321385e-06,0.0,0.0
repaired,for-10,pure,18,joint,swap,0,7,1.0,1.0,0.0022359989151858883,0.0,0.0
old,for-10,pure,18,joint,swap,0,8,1.0,1.0,2.641673351178042e-06,0.0,0.0
repaired,for-10,pure,18,joint,swap,0,8,1.0,1.0,0.0026257551140957958,0.0,0.0
old,for-10,pure,18,joint,swap,0,11,1.0,1.0,8.555170644797272e-06,0.0,0.0
repaired,for-10,pure,18,joint,swap,0,11,1.0,1.0,0.0002746038005447815,0.0,0.0
old,for-10,pure,18,joint,swap,0,12,1.0,1.0,7.348566546383495e-06,0.0,0.0
repaired,for-10,pure,18,joint,swap,0,12,1.0,1.0,0.0018997531035367388,0.0,0.0
old,for-10,pure,18,joint,swap,0,13,1.0,1.0,4.270801493788667e-06,0.0,0.0
repaired,for-10,pure,18,joint,swap,0,13,1.0,1.0,0.0019874236186261385,0.0,0.0
old,for-10,pure,18,joint,swap,1,0,1.0,1.0,2.4150352686547194e-06,0.0,0.0
repaired,for-10,pure,18,joint,swap,1,0,1.0,1.0,0.000805403972471197,0.0,0.0
old,for-10,pure,18,joint,swap,1,1,1.0,1.0,1.7108723362468936e-06,0.0,0.0
repaired,for-10,pure,18,joint,swap,1,1,1.0,1.0,0.0028440486423644273,0.0,0.0
old,for-10,pure,18,joint,swap,1,2,1.0,1.0,2.333763106321385e-06,0.0,0.0
repaired,for-10,pure,18,joint,swap,1,2,1.0,1.0,0.0022359989151858883,0.0,0.0
old,for-10,pure,18,joint,swap,1,3,1.0,1.0,2.641673351178042e-06,0.0,0.0
repaired,for-10,pure,18,joint,swap,1,3,1.0,1.0,0.0026257551140957958,0.0,0.0
old,for-10,pure,18,joint,swap,1,5,1.0,1.0,2.4150352686547194e-06,0.0,0.0
repaired,for-10,pure,18,joint,swap,1,5,1.0,1.0,0.000805403972471197,0.0,0.0
old,for-10,pure,18,joint,swap,1,6,1.0,1.0,5.883079168711447e-06,0.0,0.0
repaired,for-10,pure,18,joint,swap,1,6,1.0,1.0,0.0029936658545821615,0.0,0.0
old,for-10,pure,18,joint,swap,1,7,1.0,1.0,2.333763106321385e-06,0.0,0.0
repaired,for-10,pure,18,joint,swap,1,7,1.0,1.0,0.0022359989151858883,0.0,0.0
old,for-10,pure,18,joint,swap,1,8,1.0,1.0,5.407049741279479e-07,0.0,0.0
repaired,for-10,pure,18,joint,swap,1,8,1.0,1.0,0.0007335483903574413,0.0,0.0
old,for-10,pure,18,joint,swap,1,11,1.0,1.0,8.555170644797272e-06,0.0,0.0
repaired,for-10,pure,18,joint,swap,1,11,1.0,1.0,0.0002746038005447815,0.0,0.0
old,for-10,pure,18,joint,swap,1,12,1.0,1.0,7.348566546383495e-06,0.0,0.0
repaired,for-10,pure,18,joint,swap,1,12,1.0,1.0,0.0018997531035367388,0.0,0.0
old,for-10,pure,18,joint,swap,1,13,1.0,1.0,4.270801493788667e-06,0.0,0.0
repaired,for-10,pure,18,joint,swap,1,13,1.0,1.0,0.0019874236186261385,0.0,0.0
old,for-10,pure,18,joint,shuffle,0,0,1.0,1.0,2.4150352686547194e-06,0.0,0.0
repaired,for-10,pure,18,joint,shuffle,0,0,1.0,1.0,0.000805403972471197,0.0,0.0
old,for-10,pure,18,joint,shuffle,0,1,1.0,1.0,5.883079168711447e-06,0.0,0.0
repaired,for-10,pure,18,joint,shuffle,0,1,1.0,1.0,0.0029936658545821615,0.0,0.0
old,for-10,pure,18,joint,shuffle,0,2,1.0,1.0,2.333763106321385e-06,0.0,0.0
repaired,for-10,pure,18,joint,shuffle,0,2,1.0,1.0,0.0022359989151858883,0.0,0.0
old,for-10,pure,18,joint,shuffle,0,3,1.0,1.0,5.407049741279479e-07,0.0,0.0
repaired,for-10,pure,18,joint,shuffle,0,3,1.0,1.0,0.0007335483903574413,0.0,0.0
old,for-10,pure,18,joint,shuffle,0,5,1.0,1.0,2.4150352686547194e-06,0.0,0.0
repaired,for-10,pure,18,joint,shuffle,0,5,1.0,1.0,0.000805403972471197,0.0,0.0
old,for-10,pure,18,joint,shuffle,0,6,1.0,1.0,1.7108723362468936e-06,0.0,0.0
repaired,for-10,pure,18,joint,shuffle,0,6,1.0,1.0,0.0028440486423644273,0.0,0.0
old,for-10,pure,18,joint,shuffle,0,7,1.0,1.0,2.333763106321385e-06,0.0,0.0
repaired,for-10,pure,18,joint,shuffle,0,7,1.0,1.0,0.0022359989151858883,0.0,0.0
old,for-10,pure,18,joint,shuffle,0,8,1.0,1.0,2.641673351178042e-06,0.0,0.0
repaired,for-10,pure,18,joint,shuffle,0,8,1.0,1.0,0.0026257551140957958,0.0,0.0
old,for-10,pure,18,joint,shuffle,0,11,1.0,1.0,8.555170644797272e-06,0.0,0.0
repaired,for-10,pure,18,joint,shuffle,0,11,1.0,1.0,0.0002746038005447815,0.0,0.0
old,for-10,pure,18,joint,shuffle,0,12,1.0,1.0,7.348566546383495e-06,0.0,0.0
repaired,for-10,pure,18,joint,shuffle,0,12,1.0,1.0,0.0018997531035367388,0.0,0.0
old,for-10,pure,18,joint,shuffle,0,13,1.0,1.0,4.270801493788667e-06,0.0,0.0
repaired,for-10,pure,18,joint,shuffle,0,13,1.0,1.0,0.0019874236186261385,0.0,0.0
old,for-10,pure,18,joint,shuffle,1,0,1.0,1.0,2.4150352686547194e-06,0.0,0.0
repaired,for-10,pure,18,joint,shuffle,1,0,1.0,1.0,0.000805403972471197,0.0,0.0
old,for-10,pure,18,joint,shuffle,1,1,1.0,1.0,5.883079168711447e-06,0.0,0.0
repaired,for-10,pure,18,joint,shuffle,1,1,1.0,1.0,0.0029936658545821615,0.0,0.0
old,for-10,pure,18,joint,shuffle,1,2,1.0,1.0,2.333763106321385e-06,0.0,0.0
repaired,for-10,pure,18,joint,shuffle,1,2,1.0,1.0,0.0022359989151858883,0.0,0.0
old,for-10,pure,18,joint,shuffle,1,3,1.0,1.0,2.641673351178042e-06,0.0,0.0
repaired,for-10,pure,18,joint,shuffle,1,3,1.0,1.0,0.0026257551140957958,0.0,0.0
old,for-10,pure,18,joint,shuffle,1,5,1.0,1.0,2.4150352686547194e-06,0.0,0.0
repaired,for-10,pure,18,joint,shuffle,1,5,1.0,1.0,0.000805403972471197,0.0,0.0
old,for-10,pure,18,joint,shuffle,1,6,1.0,1.0,1.7108723362468936e-06,0.0,0.0
repaired,for-10,pure,18,joint,shuffle,1,6,1.0,1.0,0.0028440486423644273,0.0,0.0
old,for-10,pure,18,joint,shuffle,1,7,1.0,1.0,2.333763106321385e-06,0.0,0.0
repaired,for-10,pure,18,joint,shuffle,1,7,1.0,1.0,0.0022359989151858883,0.0,0.0
old,for-10,pure,18,joint,shuffle,1,8,1.0,1.0,5.407049741279479e-07,0.0,0.0
repaired,for-10,pure,18,joint,shuffle,1,8,1.0,1.0,0.0007335483903574413,0.0,0.0
old,for-10,pure,18,joint,shuffle,1,11,1.0,1.0,8.555170644797272e-06,0.0,0.0
repaired,for-10,pure,18,joint,shuffle,1,11,1.0,1.0,0.0002746038005447815,0.0,0.0
old,for-10,pure,18,joint,shuffle,1,12,1.0,1.0,7.348566546383495e-06,0.0,0.0
repaired,for-10,pure,18,joint,shuffle,1,12,1.0,1.0,0.0018997531035367388,0.0,0.0
old,for-10,pure,18,joint,shuffle,1,13,1.0,1.0,4.270801493788667e-06,0.0,0.0
repaired,for-10,pure,18,joint,shuffle,1,13,1.0,1.0,0.0019874236186261385,0.0,0.0
old,for-10,pure,18,joint,ambiguous,0,0,1.0,1.0,2.4150352686547194e-06,0.0,0.0
repaired,for-10,pure,18,joint,ambiguous,0,0,1.0,1.0,0.000805403972471197,0.0,0.0
old,for-10,pure,18,joint,ambiguous,0,1,1.0,1.0,5.883079168711447e-06,0.0,0.0
repaired,for-10,pure,18,joint,ambiguous,0,1,1.0,1.0,0.0029936658545821615,0.0,0.0
old,for-10,pure,18,joint,ambiguous,0,2,1.0,1.0,2.333763106321385e-06,0.0,0.0
repaired,for-10,pure,18,joint,ambiguous,0,2,1.0,1.0,0.0022359989151858883,0.0,0.0
old,for-10,pure,18,joint,ambiguous,0,3,1.0,1.0,2.641673351178042e-06,0.0,0.0
repaired,for-10,pure,18,joint,ambiguous,0,3,1.0,1.0,0.0026257551140957958,0.0,0.0
old,for-10,pure,18,joint,ambiguous,0,5,1.0,1.0,2.4150352686547194e-06,0.0,0.0
repaired,for-10,pure,18,joint,ambiguous,0,5,1.0,1.0,0.000805403972471197,0.0,0.0
old,for-10,pure,18,joint,ambiguous,0,6,1.0,1.0,5.883079168711447e-06,0.0,0.0
repaired,for-10,pure,18,joint,ambiguous,0,6,1.0,1.0,0.0029936658545821615,0.0,0.0
old,for-10,pure,18,joint,ambiguous,0,7,1.0,1.0,2.333763106321385e-06,0.0,0.0
repaired,for-10,pure,18,joint,ambiguous,0,7,1.0,1.0,0.0022359989151858883,0.0,0.0
old,for-10,pure,18,joint,ambiguous,0,8,1.0,1.0,5.407049741279479e-07,0.0,0.0
repaired,for-10,pure,18,joint,ambiguous,0,8,1.0,1.0,0.0007335483903574413,0.0,0.0
old,for-10,pure,18,joint,ambiguous,0,11,1.0,1.0,8.555170644797272e-06,0.0,0.0
repaired,for-10,pure,18,joint,ambiguous,0,11,1.0,1.0,0.0002746038005447815,0.0,0.0
old,for-10,pure,18,joint,ambiguous,0,12,1.0,1.0,7.348566546383495e-06,0.0,0.0
repaired,for-10,pure,18,joint,ambiguous,0,12,1.0,1.0,0.0018997531035367388,0.0,0.0
old,for-10,pure,18,joint,ambiguous,0,13,1.0,1.0,4.270801493788667e-06,0.0,0.0
repaired,for-10,pure,18,joint,ambiguous,0,13,1.0,1.0,0.0019874236186261385,0.0,0.0
old,for-10,pure,18,joint,ambiguous,1,0,1.0,1.0,2.4150352686547194e-06,0.0,0.0
repaired,for-10,pure,18,joint,ambiguous,1,0,1.0,1.0,0.000805403972471197,0.0,0.0
old,for-10,pure,18,joint,ambiguous,1,1,1.0,1.0,5.883079168711447e-06,0.0,0.0
repaired,for-10,pure,18,joint,ambiguous,1,1,1.0,1.0,0.0029936658545821615,0.0,0.0
old,for-10,pure,18,joint,ambiguous,1,2,1.0,1.0,2.333763106321385e-06,0.0,0.0
repaired,for-10,pure,18,joint,ambiguous,1,2,1.0,1.0,0.0022359989151858883,0.0,0.0
old,for-10,pure,18,joint,ambiguous,1,3,1.0,1.0,2.641673351178042e-06,0.0,0.0
repaired,for-10,pure,18,joint,ambiguous,1,3,1.0,1.0,0.0026257551140957958,0.0,0.0
old,for-10,pure,18,joint,ambiguous,1,5,1.0,1.0,2.4150352686547194e-06,0.0,0.0
repaired,for-10,pure,18,joint,ambiguous,1,5,1.0,1.0,0.000805403972471197,0.0,0.0
old,for-10,pure,18,joint,ambiguous,1,6,1.0,1.0,5.883079168711447e-06,0.0,0.0
repaired,for-10,pure,18,joint,ambiguous,1,6,1.0,1.0,0.0029936658545821615,0.0,0.0
old,for-10,pure,18,joint,ambiguous,1,7,1.0,1.0,2.333763106321385e-06,0.0,0.0
repaired,for-10,pure,18,joint,ambiguous,1,7,1.0,1.0,0.0022359989151858883,0.0,0.0
old,for-10,pure,18,joint,ambiguous,1,8,1.0,1.0,5.407049741279479e-07,0.0,0.0
repaired,for-10,pure,18,joint,ambiguous,1,8,1.0,1.0,0.0007335483903574413,0.0,0.0
old,for-10,pure,18,joint,ambiguous,1,11,1.0,1.0,8.555170644797272e-06,0.0,0.0
repaired,for-10,pure,18,joint,ambiguous,1,11,1.0,1.0,0.0002746038005447815,0.0,0.0
old,for-10,pure,18,joint,ambiguous,1,12,1.0,1.0,7.348566546383495e-06,0.0,0.0
repaired,for-10,pure,18,joint,ambiguous,1,12,1.0,1.0,0.0018997531035367388,0.0,0.0
old,for-10,pure,18,joint,ambiguous,1,13,1.0,1.0,4.270801493788667e-06,0.0,0.0
repaired,for-10,pure,18,joint,ambiguous,1,13,1.0,1.0,0.0019874236186261385,0.0,0.0
old,for-11,fundamental,18,matched,intact,0,0,1.0,1.0,2.7084976146340978e-06,0.0,0.0
repaired,for-11,fundamental,18,matched,intact,0,0,1.0,1.0,0.0006343107051840491,0.0,0.0
old,for-11,fundamental,18,matched,intact,0,1,1.0,1.0,4.11336113437244e-06,0.0,0.0
repaired,for-11,fundamental,18,matched,intact,0,1,1.0,1.0,0.002894967012933236,0.0,0.0
old,for-11,fundamental,18,matched,intact,0,2,1.0,1.0,4.496569196987821e-06,0.0,0.0
repaired,for-11,fundamental,18,matched,intact,0,2,1.0,1.0,2.207587571234626e-05,0.0,0.0
old,for-11,fundamental,18,matched,intact,0,3,1.0,1.0,8.167732090669233e-07,0.0,0.0
repaired,for-11,fundamental,18,matched,intact,0,3,1.0,1.0,0.0013747730672832859,0.0,0.0
old,for-11,fundamental,18,matched,intact,0,5,1.0,1.0,2.7084976146340978e-06,0.0,0.0
repaired,for-11,fundamental,18,matched,intact,0,5,1.0,1.0,0.0006343107051840491,0.0,0.0
old,for-11,fundamental,18,matched,intact,0,6,1.0,1.0,4.366058558247232e-06,0.0,0.0
repaired,for-11,fundamental,18,matched,intact,0,6,1.0,1.0,0.0028597001780248377,0.0,0.0
old,for-11,fundamental,18,matched,intact,0,7,1.0,1.0,4.496569196987821e-06,0.0,0.0
repaired,for-11,fundamental,18,matched,intact,0,7,1.0,1.0,2.207587571234626e-05,0.0,0.0
old,for-11,fundamental,18,matched,intact,0,8,1.0,1.0,1.0619352863727727e-06,0.0,0.0
repaired,for-11,fundamental,18,matched,intact,0,8,1.0,1.0,0.003069608742585217,0.0,0.0
old,for-11,fundamental,18,matched,intact,0,11,1.0,1.0,2.7084976146340978e-06,0.0,0.0
repaired,for-11,fundamental,18,matched,intact,0,11,1.0,1.0,0.0006343107051840491,0.0,0.0
old,for-11,fundamental,18,matched,intact,0,12,1.0,1.0,4.11336113437244e-06,0.0,0.0
repaired,for-11,fundamental,18,matched,intact,0,12,1.0,1.0,0.002894967012933236,0.0,0.0
old,for-11,fundamental,18,matched,intact,0,13,1.0,1.0,4.496569196987821e-06,0.0,0.0
repaired,for-11,fundamental,18,matched,intact,0,13,1.0,1.0,2.207587571234626e-05,0.0,0.0
old,for-11,fundamental,18,matched,intact,1,0,1.0,1.0,2.7084976146340978e-06,0.0,0.0
repaired,for-11,fundamental,18,matched,intact,1,0,1.0,1.0,0.0006343107051840491,0.0,0.0
old,for-11,fundamental,18,matched,intact,1,1,1.0,1.0,4.11336113437244e-06,0.0,0.0
repaired,for-11,fundamental,18,matched,intact,1,1,1.0,1.0,0.002894967012933236,0.0,0.0
old,for-11,fundamental,18,matched,intact,1,2,1.0,1.0,4.496569196987821e-06,0.0,0.0
repaired,for-11,fundamental,18,matched,intact,1,2,1.0,1.0,2.207587571234626e-05,0.0,0.0
old,for-11,fundamental,18,matched,intact,1,3,1.0,1.0,1.0619352863727727e-06,0.0,0.0
repaired,for-11,fundamental,18,matched,intact,1,3,1.0,1.0,0.003069608742585217,0.0,0.0
old,for-11,fundamental,18,matched,intact,1,5,1.0,1.0,2.7084976146340978e-06,0.0,0.0
repaired,for-11,fundamental,18,matched,intact,1,5,1.0,1.0,0.0006343107051840491,0.0,0.0
old,for-11,fundamental,18,matched,intact,1,6,1.0,1.0,4.366058558247232e-06,0.0,0.0
repaired,for-11,fundamental,18,matched,intact,1,6,1.0,1.0,0.0028597001780248377,0.0,0.0
old,for-11,fundamental,18,matched,intact,1,7,1.0,1.0,4.496569196987821e-06,0.0,0.0
repaired,for-11,fundamental,18,matched,intact,1,7,1.0,1.0,2.207587571234626e-05,0.0,0.0
old,for-11,fundamental,18,matched,intact,1,8,1.0,1.0,8.167732090669233e-07,0.0,0.0
repaired,for-11,fundamental,18,matched,intact,1,8,1.0,1.0,0.0013747730672832859,0.0,0.0
old,for-11,fundamental,18,matched,intact,1,11,1.0,1.0,2.7084976146340978e-06,0.0,0.0
repaired,for-11,fundamental,18,matched,intact,1,11,1.0,1.0,0.0006343107051840491,0.0,0.0
old,for-11,fundamental,18,matched,intact,1,12,1.0,1.0,4.11336113437244e-06,0.0,0.0
repaired,for-11,fundamental,18,matched,intact,1,12,1.0,1.0,0.002894967012933236,0.0,0.0
old,for-11,fundamental,18,matched,intact,1,13,1.0,1.0,4.496569196987821e-06,0.0,0.0
repaired,for-11,fundamental,18,matched,intact,1,13,1.0,1.0,2.207587571234626e-05,0.0,0.0
old,for-11,fundamental,18,timbre,intact,0,0,1.0,1.0,3.3394838574452024e-06,0.0,0.0
repaired,for-11,fundamental,18,timbre,intact,0,0,1.0,1.0,0.0001339660284465083,0.0,0.0
old,for-11,fundamental,18,timbre,intact,0,1,1.0,1.0,2.1185329863726565e-06,0.0,0.0
repaired,for-11,fundamental,18,timbre,intact,0,1,1.0,1.0,0.0034687995297506546,0.0,0.0
old,for-11,fundamental,18,timbre,intact,0,2,1.0,1.0,2.546512561707459e-06,0.0,0.0
repaired,for-11,fundamental,18,timbre,intact,0,2,1.0,1.0,0.001051321674331973,0.0,0.0
old,for-11,fundamental,18,timbre,intact,0,3,1.0,1.0,2.30735869166665e-06,0.0,0.0
repaired,for-11,fundamental,18,timbre,intact,0,3,1.0,1.0,0.0015553255245421838,0.0,0.0
old,for-11,fundamental,18,timbre,intact,0,5,1.0,1.0,3.3394838574452024e-06,0.0,0.0
repaired,for-11,fundamental,18,timbre,intact,0,5,1.0,1.0,0.0001339660284465083,0.0,0.0
old,for-11,fundamental,18,timbre,intact,0,6,1.0,1.0,4.719721800938714e-06,0.0,0.0
repaired,for-11,fundamental,18,timbre,intact,0,6,1.0,1.0,0.004280581230023728,0.0,0.0
old,for-11,fundamental,18,timbre,intact,0,7,1.0,1.0,2.546512561707459e-06,0.0,0.0
repaired,for-11,fundamental,18,timbre,intact,0,7,1.0,1.0,0.001051321674331973,0.0,0.0
old,for-11,fundamental,18,timbre,intact,0,8,1.0,1.0,1.4554423088952717e-07,0.0,0.0
repaired,for-11,fundamental,18,timbre,intact,0,8,1.0,1.0,0.007949892633629219,0.0,0.0
old,for-11,fundamental,18,timbre,intact,0,11,1.0,1.0,2.7084976146340978e-06,0.0,0.0
repaired,for-11,fundamental,18,timbre,intact,0,11,1.0,1.0,0.0006343107051840491,0.0,0.0
old,for-11,fundamental,18,timbre,intact,0,12,1.0,1.0,4.11336113437244e-06,0.0,0.0
repaired,for-11,fundamental,18,timbre,intact,0,12,1.0,1.0,0.002894967012933236,0.0,0.0
old,for-11,fundamental,18,timbre,intact,0,13,1.0,1.0,4.496569196987821e-06,0.0,0.0
repaired,for-11,fundamental,18,timbre,intact,0,13,1.0,1.0,2.207587571234626e-05,0.0,0.0
old,for-11,fundamental,18,timbre,intact,1,0,1.0,1.0,3.3394838574452024e-06,0.0,0.0
repaired,for-11,fundamental,18,timbre,intact,1,0,1.0,1.0,0.0001339660284465083,0.0,0.0
old,for-11,fundamental,18,timbre,intact,1,1,1.0,1.0,2.1185329863726565e-06,0.0,0.0
repaired,for-11,fundamental,18,timbre,intact,1,1,1.0,1.0,0.0034687995297506546,0.0,0.0
old,for-11,fundamental,18,timbre,intact,1,2,1.0,1.0,2.546512561707459e-06,0.0,0.0
repaired,for-11,fundamental,18,timbre,intact,1,2,1.0,1.0,0.001051321674331973,0.0,0.0
old,for-11,fundamental,18,timbre,intact,1,3,1.0,1.0,1.4554423088952717e-07,0.0,0.0
repaired,for-11,fundamental,18,timbre,intact,1,3,1.0,1.0,0.007949892633629219,0.0,0.0
old,for-11,fundamental,18,timbre,intact,1,5,1.0,1.0,3.3394838574452024e-06,0.0,0.0
repaired,for-11,fundamental,18,timbre,intact,1,5,1.0,1.0,0.0001339660284465083,0.0,0.0
old,for-11,fundamental,18,timbre,intact,1,6,1.0,1.0,4.719721800938714e-06,0.0,0.0
repaired,for-11,fundamental,18,timbre,intact,1,6,1.0,1.0,0.004280581230023728,0.0,0.0
old,for-11,fundamental,18,timbre,intact,1,7,1.0,1.0,2.546512561707459e-06,0.0,0.0
repaired,for-11,fundamental,18,timbre,intact,1,7,1.0,1.0,0.001051321674331973,0.0,0.0
old,for-11,fundamental,18,timbre,intact,1,8,1.0,1.0,2.30735869166665e-06,0.0,0.0
repaired,for-11,fundamental,18,timbre,intact,1,8,1.0,1.0,0.0015553255245421838,0.0,0.0
old,for-11,fundamental,18,timbre,intact,1,11,1.0,1.0,2.7084976146340978e-06,0.0,0.0
repaired,for-11,fundamental,18,timbre,intact,1,11,1.0,1.0,0.0006343107051840491,0.0,0.0
old,for-11,fundamental,18,timbre,intact,1,12,1.0,1.0,4.11336113437244e-06,0.0,0.0
repaired,for-11,fundamental,18,timbre,intact,1,12,1.0,1.0,0.002894967012933236,0.0,0.0
old,for-11,fundamental,18,timbre,intact,1,13,1.0,1.0,4.496569196987821e-06,0.0,0.0
repaired,for-11,fundamental,18,timbre,intact,1,13,1.0,1.0,2.207587571234626e-05,0.0,0.0
old,for-11,fundamental,18,duration,intact,0,0,1.0,1.0,2.7084976146340978e-06,0.0,0.0
repaired,for-11,fundamental,18,duration,intact,0,0,1.0,1.0,0.0006343107051840491,0.0,0.0
old,for-11,fundamental,18,duration,intact,0,1,1.0,1.0,4.11336113437244e-06,0.0,0.0
repaired,for-11,fundamental,18,duration,intact,0,1,1.0,1.0,0.002894967012933236,0.0,0.0
old,for-11,fundamental,18,duration,intact,0,2,1.0,1.0,4.496569196987821e-06,0.0,0.0
repaired,for-11,fundamental,18,duration,intact,0,2,1.0,1.0,2.207587571234626e-05,0.0,0.0
old,for-11,fundamental,18,duration,intact,0,3,1.0,1.0,8.167732090669233e-07,0.0,0.0
repaired,for-11,fundamental,18,duration,intact,0,3,1.0,1.0,0.0013747730672832859,0.0,0.0
old,for-11,fundamental,18,duration,intact,0,5,1.0,1.0,2.7084976146340978e-06,0.0,0.0
repaired,for-11,fundamental,18,duration,intact,0,5,1.0,1.0,0.0006343107051840491,0.0,0.0
old,for-11,fundamental,18,duration,intact,0,6,1.0,1.0,4.366058558247232e-06,0.0,0.0
repaired,for-11,fundamental,18,duration,intact,0,6,1.0,1.0,0.0028597001780248377,0.0,0.0
old,for-11,fundamental,18,duration,intact,0,7,1.0,1.0,4.496569196987821e-06,0.0,0.0
repaired,for-11,fundamental,18,duration,intact,0,7,1.0,1.0,2.207587571234626e-05,0.0,0.0
old,for-11,fundamental,18,duration,intact,0,8,1.0,1.0,1.0619352863727727e-06,0.0,0.0
repaired,for-11,fundamental,18,duration,intact,0,8,1.0,1.0,0.003069608742585217,0.0,0.0
old,for-11,fundamental,18,duration,intact,0,11,1.0,1.0,1.5008332375998634e-05,0.0,0.0
repaired,for-11,fundamental,18,duration,intact,0,11,1.0,1.0,0.0004108932725870318,0.0,0.0
old,for-11,fundamental,18,duration,intact,0,12,1.0,1.0,2.8011699967578352e-05,0.0,0.0
repaired,for-11,fundamental,18,duration,intact,0,12,1.0,1.0,0.0006428963069549098,0.0,0.0
old,for-11,fundamental,18,duration,intact,0,13,1.0,1.0,1.5057170614340976e-05,0.0,0.0
repaired,for-11,fundamental,18,duration,intact,0,13,1.0,1.0,0.0008037425635727402,0.0,0.0
old,for-11,fundamental,18,duration,intact,1,0,1.0,1.0,2.7084976146340978e-06,0.0,0.0
repaired,for-11,fundamental,18,duration,intact,1,0,1.0,1.0,0.0006343107051840491,0.0,0.0
old,for-11,fundamental,18,duration,intact,1,1,1.0,1.0,4.11336113437244e-06,0.0,0.0
repaired,for-11,fundamental,18,duration,intact,1,1,1.0,1.0,0.002894967012933236,0.0,0.0
old,for-11,fundamental,18,duration,intact,1,2,1.0,1.0,4.496569196987821e-06,0.0,0.0
repaired,for-11,fundamental,18,duration,intact,1,2,1.0,1.0,2.207587571234626e-05,0.0,0.0
old,for-11,fundamental,18,duration,intact,1,3,1.0,1.0,1.0619352863727727e-06,0.0,0.0
repaired,for-11,fundamental,18,duration,intact,1,3,1.0,1.0,0.003069608742585217,0.0,0.0
old,for-11,fundamental,18,duration,intact,1,5,1.0,1.0,2.7084976146340978e-06,0.0,0.0
repaired,for-11,fundamental,18,duration,intact,1,5,1.0,1.0,0.0006343107051840491,0.0,0.0
old,for-11,fundamental,18,duration,intact,1,6,1.0,1.0,4.366058558247232e-06,0.0,0.0
repaired,for-11,fundamental,18,duration,intact,1,6,1.0,1.0,0.0028597001780248377,0.0,0.0
old,for-11,fundamental,18,duration,intact,1,7,1.0,1.0,4.496569196987821e-06,0.0,0.0
repaired,for-11,fundamental,18,duration,intact,1,7,1.0,1.0,2.207587571234626e-05,0.0,0.0
old,for-11,fundamental,18,duration,intact,1,8,1.0,1.0,8.167732090669233e-07,0.0,0.0
repaired,for-11,fundamental,18,duration,intact,1,8,1.0,1.0,0.0013747730672832859,0.0,0.0
old,for-11,fundamental,18,duration,intact,1,11,1.0,1.0,1.5008332375998634e-05,0.0,0.0
repaired,for-11,fundamental,18,duration,intact,1,11,1.0,1.0,0.0004108932725870318,0.0,0.0
old,for-11,fundamental,18,duration,intact,1,12,1.0,1.0,2.8011699967578352e-05,0.0,0.0
repaired,for-11,fundamental,18,duration,intact,1,12,1.0,1.0,0.0006428963069549098,0.0,0.0
old,for-11,fundamental,18,duration,intact,1,13,1.0,1.0,1.5057170614340976e-05,0.0,0.0
repaired,for-11,fundamental,18,duration,intact,1,13,1.0,1.0,0.0008037425635727402,0.0,0.0
old,for-11,fundamental,18,joint,intact,0,0,1.0,1.0,3.3394838574452024e-06,0.0,0.0
repaired,for-11,fundamental,18,joint,intact,0,0,1.0,1.0,0.0001339660284465083,0.0,0.0
old,for-11,fundamental,18,joint,intact,0,1,1.0,1.0,2.1185329863726565e-06,0.0,0.0
repaired,for-11,fundamental,18,joint,intact,0,1,1.0,1.0,0.0034687995297506546,0.0,0.0
old,for-11,fundamental,18,joint,intact,0,2,1.0,1.0,2.546512561707459e-06,0.0,0.0
repaired,for-11,fundamental,18,joint,intact,0,2,1.0,1.0,0.001051321674331973,0.0,0.0
old,for-11,fundamental,18,joint,intact,0,3,1.0,1.0,2.30735869166665e-06,0.0,0.0
repaired,for-11,fundamental,18,joint,intact,0,3,1.0,1.0,0.0015553255245421838,0.0,0.0
old,for-11,fundamental,18,joint,intact,0,5,1.0,1.0,3.3394838574452024e-06,0.0,0.0
repaired,for-11,fundamental,18,joint,intact,0,5,1.0,1.0,0.0001339660284465083,0.0,0.0
old,for-11,fundamental,18,joint,intact,0,6,1.0,1.0,4.719721800938714e-06,0.0,0.0
repaired,for-11,fundamental,18,joint,intact,0,6,1.0,1.0,0.004280581230023728,0.0,0.0
old,for-11,fundamental,18,joint,intact,0,7,1.0,1.0,2.546512561707459e-06,0.0,0.0
repaired,for-11,fundamental,18,joint,intact,0,7,1.0,1.0,0.001051321674331973,0.0,0.0
old,for-11,fundamental,18,joint,intact,0,8,1.0,1.0,1.4554423088952717e-07,0.0,0.0
repaired,for-11,fundamental,18,joint,intact,0,8,1.0,1.0,0.007949892633629219,0.0,0.0
old,for-11,fundamental,18,joint,intact,0,11,1.0,1.0,1.5008332375998634e-05,0.0,0.0
repaired,for-11,fundamental,18,joint,intact,0,11,1.0,1.0,0.0004108932725870318,0.0,0.0
old,for-11,fundamental,18,joint,intact,0,12,1.0,1.0,2.8011699967578352e-05,0.0,0.0
repaired,for-11,fundamental,18,joint,intact,0,12,1.0,1.0,0.0006428963069549098,0.0,0.0
old,for-11,fundamental,18,joint,intact,0,13,1.0,1.0,1.5057170614340976e-05,0.0,0.0
repaired,for-11,fundamental,18,joint,intact,0,13,1.0,1.0,0.0008037425635727402,0.0,0.0
old,for-11,fundamental,18,joint,intact,1,0,1.0,1.0,3.3394838574452024e-06,0.0,0.0
repaired,for-11,fundamental,18,joint,intact,1,0,1.0,1.0,0.0001339660284465083,0.0,0.0
old,for-11,fundamental,18,joint,intact,1,1,1.0,1.0,2.1185329863726565e-06,0.0,0.0
repaired,for-11,fundamental,18,joint,intact,1,1,1.0,1.0,0.0034687995297506546,0.0,0.0
old,for-11,fundamental,18,joint,intact,1,2,1.0,1.0,2.546512561707459e-06,0.0,0.0
repaired,for-11,fundamental,18,joint,intact,1,2,1.0,1.0,0.001051321674331973,0.0,0.0
old,for-11,fundamental,18,joint,intact,1,3,1.0,1.0,1.4554423088952717e-07,0.0,0.0
repaired,for-11,fundamental,18,joint,intact,1,3,1.0,1.0,0.007949892633629219,0.0,0.0
old,for-11,fundamental,18,joint,intact,1,5,1.0,1.0,3.3394838574452024e-06,0.0,0.0
repaired,for-11,fundamental,18,joint,intact,1,5,1.0,1.0,0.0001339660284465083,0.0,0.0
old,for-11,fundamental,18,joint,intact,1,6,1.0,1.0,4.719721800938714e-06,0.0,0.0
repaired,for-11,fundamental,18,joint,intact,1,6,1.0,1.0,0.004280581230023728,0.0,0.0
old,for-11,fundamental,18,joint,intact,1,7,1.0,1.0,2.546512561707459e-06,0.0,0.0
repaired,for-11,fundamental,18,joint,intact,1,7,1.0,1.0,0.001051321674331973,0.0,0.0
old,for-11,fundamental,18,joint,intact,1,8,1.0,1.0,2.30735869166665e-06,0.0,0.0
repaired,for-11,fundamental,18,joint,intact,1,8,1.0,1.0,0.0015553255245421838,0.0,0.0
old,for-11,fundamental,18,joint,intact,1,11,1.0,1.0,1.5008332375998634e-05,0.0,0.0
repaired,for-11,fundamental,18,joint,intact,1,11,1.0,1.0,0.0004108932725870318,0.0,0.0
old,for-11,fundamental,18,joint,intact,1,12,1.0,1.0,2.8011699967578352e-05,0.0,0.0
repaired,for-11,fundamental,18,joint,intact,1,12,1.0,1.0,0.0006428963069549098,0.0,0.0
old,for-11,fundamental,18,joint,intact,1,13,1.0,1.0,1.5057170614340976e-05,0.0,0.0
repaired,for-11,fundamental,18,joint,intact,1,13,1.0,1.0,0.0008037425635727402,0.0,0.0
old,for-11,fundamental,18,joint,reset,0,0,1.0,1.0,3.3394838574452024e-06,0.0,0.0
repaired,for-11,fundamental,18,joint,reset,0,0,1.0,1.0,0.0001339660284465083,0.0,0.0
old,for-11,fundamental,18,joint,reset,0,1,1.0,1.0,2.1185329863726565e-06,0.0,0.0
repaired,for-11,fundamental,18,joint,reset,0,1,1.0,1.0,0.0034687995297506546,0.0,0.0
old,for-11,fundamental,18,joint,reset,0,2,1.0,1.0,2.546512561707459e-06,0.0,0.0
repaired,for-11,fundamental,18,joint,reset,0,2,1.0,1.0,0.001051321674331973,0.0,0.0
old,for-11,fundamental,18,joint,reset,0,3,1.0,1.0,2.30735869166665e-06,0.0,0.0
repaired,for-11,fundamental,18,joint,reset,0,3,1.0,1.0,0.0015553255245421838,0.0,0.0
old,for-11,fundamental,18,joint,reset,0,5,1.0,1.0,3.3394838574452024e-06,0.0,0.0
repaired,for-11,fundamental,18,joint,reset,0,5,1.0,1.0,0.0001339660284465083,0.0,0.0
old,for-11,fundamental,18,joint,reset,0,6,1.0,1.0,4.719721800938714e-06,0.0,0.0
repaired,for-11,fundamental,18,joint,reset,0,6,1.0,1.0,0.004280581230023728,0.0,0.0
old,for-11,fundamental,18,joint,reset,0,7,1.0,1.0,2.546512561707459e-06,0.0,0.0
repaired,for-11,fundamental,18,joint,reset,0,7,1.0,1.0,0.001051321674331973,0.0,0.0
old,for-11,fundamental,18,joint,reset,0,8,1.0,1.0,1.4554423088952717e-07,0.0,0.0
repaired,for-11,fundamental,18,joint,reset,0,8,1.0,1.0,0.007949892633629219,0.0,0.0
old,for-11,fundamental,18,joint,reset,0,11,1.0,1.0,1.5008332375998634e-05,0.0,0.0
repaired,for-11,fundamental,18,joint,reset,0,11,1.0,1.0,0.0004108932725870318,0.0,0.0
old,for-11,fundamental,18,joint,reset,0,12,1.0,1.0,2.8011699967578352e-05,0.0,0.0
repaired,for-11,fundamental,18,joint,reset,0,12,1.0,1.0,0.0006428963069549098,0.0,0.0
old,for-11,fundamental,18,joint,reset,0,13,1.0,1.0,1.5057170614340976e-05,0.0,0.0
repaired,for-11,fundamental,18,joint,reset,0,13,1.0,1.0,0.0008037425635727402,0.0,0.0
old,for-11,fundamental,18,joint,reset,1,0,1.0,1.0,3.3394838574452024e-06,0.0,0.0
repaired,for-11,fundamental,18,joint,reset,1,0,1.0,1.0,0.0001339660284465083,0.0,0.0
old,for-11,fundamental,18,joint,reset,1,1,1.0,1.0,2.1185329863726565e-06,0.0,0.0
repaired,for-11,fundamental,18,joint,reset,1,1,1.0,1.0,0.0034687995297506546,0.0,0.0
old,for-11,fundamental,18,joint,reset,1,2,1.0,1.0,2.546512561707459e-06,0.0,0.0
repaired,for-11,fundamental,18,joint,reset,1,2,1.0,1.0,0.001051321674331973,0.0,0.0
old,for-11,fundamental,18,joint,reset,1,3,1.0,1.0,1.4554423088952717e-07,0.0,0.0
repaired,for-11,fundamental,18,joint,reset,1,3,1.0,1.0,0.007949892633629219,0.0,0.0
old,for-11,fundamental,18,joint,reset,1,5,1.0,1.0,3.3394838574452024e-06,0.0,0.0
repaired,for-11,fundamental,18,joint,reset,1,5,1.0,1.0,0.0001339660284465083,0.0,0.0
old,for-11,fundamental,18,joint,reset,1,6,1.0,1.0,4.719721800938714e-06,0.0,0.0
repaired,for-11,fundamental,18,joint,reset,1,6,1.0,1.0,0.004280581230023728,0.0,0.0
old,for-11,fundamental,18,joint,reset,1,7,1.0,1.0,2.546512561707459e-06,0.0,0.0
repaired,for-11,fundamental,18,joint,reset,1,7,1.0,1.0,0.001051321674331973,0.0,0.0
old,for-11,fundamental,18,joint,reset,1,8,1.0,1.0,2.30735869166665e-06,0.0,0.0
repaired,for-11,fundamental,18,joint,reset,1,8,1.0,1.0,0.0015553255245421838,0.0,0.0
old,for-11,fundamental,18,joint,reset,1,11,1.0,1.0,1.5008332375998634e-05,0.0,0.0
repaired,for-11,fundamental,18,joint,reset,1,11,1.0,1.0,0.0004108932725870318,0.0,0.0
old,for-11,fundamental,18,joint,reset,1,12,1.0,1.0,2.8011699967578352e-05,0.0,0.0
repaired,for-11,fundamental,18,joint,reset,1,12,1.0,1.0,0.0006428963069549098,0.0,0.0
old,for-11,fundamental,18,joint,reset,1,13,1.0,1.0,1.5057170614340976e-05,0.0,0.0
repaired,for-11,fundamental,18,joint,reset,1,13,1.0,1.0,0.0008037425635727402,0.0,0.0
old,for-11,fundamental,18,joint,removal,0,0,1.0,1.0,3.3394838574452024e-06,0.0,0.0
repaired,for-11,fundamental,18,joint,removal,0,0,1.0,1.0,0.0001339660284465083,0.0,0.0
old,for-11,fundamental,18,joint,removal,0,1,1.0,1.0,2.1185329863726565e-06,0.0,0.0
repaired,for-11,fundamental,18,joint,removal,0,1,1.0,1.0,0.0034687995297506546,0.0,0.0
old,for-11,fundamental,18,joint,removal,0,2,1.0,1.0,2.546512561707459e-06,0.0,0.0
repaired,for-11,fundamental,18,joint,removal,0,2,1.0,1.0,0.001051321674331973,0.0,0.0
old,for-11,fundamental,18,joint,removal,0,5,1.0,1.0,3.3394838574452024e-06,0.0,0.0
repaired,for-11,fundamental,18,joint,removal,0,5,1.0,1.0,0.0001339660284465083,0.0,0.0
old,for-11,fundamental,18,joint,removal,0,6,1.0,1.0,4.719721800938714e-06,0.0,0.0
repaired,for-11,fundamental,18,joint,removal,0,6,1.0,1.0,0.004280581230023728,0.0,0.0
old,for-11,fundamental,18,joint,removal,0,7,1.0,1.0,2.546512561707459e-06,0.0,0.0
repaired,for-11,fundamental,18,joint,removal,0,7,1.0,1.0,0.001051321674331973,0.0,0.0
old,for-11,fundamental,18,joint,removal,0,11,1.0,1.0,1.5008332375998634e-05,0.0,0.0
repaired,for-11,fundamental,18,joint,removal,0,11,1.0,1.0,0.0004108932725870318,0.0,0.0
old,for-11,fundamental,18,joint,removal,0,12,1.0,1.0,2.8011699967578352e-05,0.0,0.0
repaired,for-11,fundamental,18,joint,removal,0,12,1.0,1.0,0.0006428963069549098,0.0,0.0
old,for-11,fundamental,18,joint,removal,0,13,1.0,1.0,1.5057170614340976e-05,0.0,0.0
repaired,for-11,fundamental,18,joint,removal,0,13,1.0,1.0,0.0008037425635727402,0.0,0.0
old,for-11,fundamental,18,joint,removal,1,0,1.0,1.0,3.3394838574452024e-06,0.0,0.0
repaired,for-11,fundamental,18,joint,removal,1,0,1.0,1.0,0.0001339660284465083,0.0,0.0
old,for-11,fundamental,18,joint,removal,1,1,1.0,1.0,2.1185329863726565e-06,0.0,0.0
repaired,for-11,fundamental,18,joint,removal,1,1,1.0,1.0,0.0034687995297506546,0.0,0.0
old,for-11,fundamental,18,joint,removal,1,2,1.0,1.0,2.546512561707459e-06,0.0,0.0
repaired,for-11,fundamental,18,joint,removal,1,2,1.0,1.0,0.001051321674331973,0.0,0.0
old,for-11,fundamental,18,joint,removal,1,5,1.0,1.0,3.3394838574452024e-06,0.0,0.0
repaired,for-11,fundamental,18,joint,removal,1,5,1.0,1.0,0.0001339660284465083,0.0,0.0
old,for-11,fundamental,18,joint,removal,1,6,1.0,1.0,4.719721800938714e-06,0.0,0.0
repaired,for-11,fundamental,18,joint,removal,1,6,1.0,1.0,0.004280581230023728,0.0,0.0
old,for-11,fundamental,18,joint,removal,1,7,1.0,1.0,2.546512561707459e-06,0.0,0.0
repaired,for-11,fundamental,18,joint,removal,1,7,1.0,1.0,0.001051321674331973,0.0,0.0
old,for-11,fundamental,18,joint,removal,1,11,1.0,1.0,1.5008332375998634e-05,0.0,0.0
repaired,for-11,fundamental,18,joint,removal,1,11,1.0,1.0,0.0004108932725870318,0.0,0.0
old,for-11,fundamental,18,joint,removal,1,12,1.0,1.0,2.8011699967578352e-05,0.0,0.0
repaired,for-11,fundamental,18,joint,removal,1,12,1.0,1.0,0.0006428963069549098,0.0,0.0
old,for-11,fundamental,18,joint,removal,1,13,1.0,1.0,1.5057170614340976e-05,0.0,0.0
repaired,for-11,fundamental,18,joint,removal,1,13,1.0,1.0,0.0008037425635727402,0.0,0.0
old,for-11,fundamental,18,joint,swap,0,0,1.0,1.0,3.3394838574452024e-06,0.0,0.0
repaired,for-11,fundamental,18,joint,swap,0,0,1.0,1.0,0.0001339660284465083,0.0,0.0
old,for-11,fundamental,18,joint,swap,0,1,1.0,1.0,2.1185329863726565e-06,0.0,0.0
repaired,for-11,fundamental,18,joint,swap,0,1,1.0,1.0,0.0034687995297506546,0.0,0.0
old,for-11,fundamental,18,joint,swap,0,2,1.0,1.0,2.546512561707459e-06,0.0,0.0
repaired,for-11,fundamental,18,joint,swap,0,2,1.0,1.0,0.001051321674331973,0.0,0.0
old,for-11,fundamental,18,joint,swap,0,3,1.0,1.0,1.4554423088952717e-07,0.0,0.0
repaired,for-11,fundamental,18,joint,swap,0,3,1.0,1.0,0.007949892633629219,0.0,0.0
old,for-11,fundamental,18,joint,swap,0,5,1.0,1.0,3.3394838574452024e-06,0.0,0.0
repaired,for-11,fundamental,18,joint,swap,0,5,1.0,1.0,0.0001339660284465083,0.0,0.0
old,for-11,fundamental,18,joint,swap,0,6,1.0,1.0,4.719721800938714e-06,0.0,0.0
repaired,for-11,fundamental,18,joint,swap,0,6,1.0,1.0,0.004280581230023728,0.0,0.0
old,for-11,fundamental,18,joint,swap,0,7,1.0,1.0,2.546512561707459e-06,0.0,0.0
repaired,for-11,fundamental,18,joint,swap,0,7,1.0,1.0,0.001051321674331973,0.0,0.0
old,for-11,fundamental,18,joint,swap,0,8,1.0,1.0,2.30735869166665e-06,0.0,0.0
repaired,for-11,fundamental,18,joint,swap,0,8,1.0,1.0,0.0015553255245421838,0.0,0.0
old,for-11,fundamental,18,joint,swap,0,11,1.0,1.0,1.5008332375998634e-05,0.0,0.0
repaired,for-11,fundamental,18,joint,swap,0,11,1.0,1.0,0.0004108932725870318,0.0,0.0
old,for-11,fundamental,18,joint,swap,0,12,1.0,1.0,2.8011699967578352e-05,0.0,0.0
repaired,for-11,fundamental,18,joint,swap,0,12,1.0,1.0,0.0006428963069549098,0.0,0.0
old,for-11,fundamental,18,joint,swap,0,13,1.0,1.0,1.5057170614340976e-05,0.0,0.0
repaired,for-11,fundamental,18,joint,swap,0,13,1.0,1.0,0.0008037425635727402,0.0,0.0
old,for-11,fundamental,18,joint,swap,1,0,1.0,1.0,3.3394838574452024e-06,0.0,0.0
repaired,for-11,fundamental,18,joint,swap,1,0,1.0,1.0,0.0001339660284465083,0.0,0.0
old,for-11,fundamental,18,joint,swap,1,1,1.0,1.0,2.1185329863726565e-06,0.0,0.0
repaired,for-11,fundamental,18,joint,swap,1,1,1.0,1.0,0.0034687995297506546,0.0,0.0
old,for-11,fundamental,18,joint,swap,1,2,1.0,1.0,2.546512561707459e-06,0.0,0.0
repaired,for-11,fundamental,18,joint,swap,1,2,1.0,1.0,0.001051321674331973,0.0,0.0
old,for-11,fundamental,18,joint,swap,1,3,1.0,1.0,2.30735869166665e-06,0.0,0.0
repaired,for-11,fundamental,18,joint,swap,1,3,1.0,1.0,0.0015553255245421838,0.0,0.0
old,for-11,fundamental,18,joint,swap,1,5,1.0,1.0,3.3394838574452024e-06,0.0,0.0
repaired,for-11,fundamental,18,joint,swap,1,5,1.0,1.0,0.0001339660284465083,0.0,0.0
old,for-11,fundamental,18,joint,swap,1,6,1.0,1.0,4.719721800938714e-06,0.0,0.0
repaired,for-11,fundamental,18,joint,swap,1,6,1.0,1.0,0.004280581230023728,0.0,0.0
old,for-11,fundamental,18,joint,swap,1,7,1.0,1.0,2.546512561707459e-06,0.0,0.0
repaired,for-11,fundamental,18,joint,swap,1,7,1.0,1.0,0.001051321674331973,0.0,0.0
old,for-11,fundamental,18,joint,swap,1,8,1.0,1.0,1.4554423088952717e-07,0.0,0.0
repaired,for-11,fundamental,18,joint,swap,1,8,1.0,1.0,0.007949892633629219,0.0,0.0
old,for-11,fundamental,18,joint,swap,1,11,1.0,1.0,1.5008332375998634e-05,0.0,0.0
repaired,for-11,fundamental,18,joint,swap,1,11,1.0,1.0,0.0004108932725870318,0.0,0.0
old,for-11,fundamental,18,joint,swap,1,12,1.0,1.0,2.8011699967578352e-05,0.0,0.0
repaired,for-11,fundamental,18,joint,swap,1,12,1.0,1.0,0.0006428963069549098,0.0,0.0
old,for-11,fundamental,18,joint,swap,1,13,1.0,1.0,1.5057170614340976e-05,0.0,0.0
repaired,for-11,fundamental,18,joint,swap,1,13,1.0,1.0,0.0008037425635727402,0.0,0.0
old,for-11,fundamental,18,joint,shuffle,0,0,1.0,1.0,3.3394838574452024e-06,0.0,0.0
repaired,for-11,fundamental,18,joint,shuffle,0,0,1.0,1.0,0.0001339660284465083,0.0,0.0
old,for-11,fundamental,18,joint,shuffle,0,1,1.0,1.0,4.719721800938714e-06,0.0,0.0
repaired,for-11,fundamental,18,joint,shuffle,0,1,1.0,1.0,0.004280581230023728,0.0,0.0
old,for-11,fundamental,18,joint,shuffle,0,2,1.0,1.0,2.546512561707459e-06,0.0,0.0
repaired,for-11,fundamental,18,joint,shuffle,0,2,1.0,1.0,0.001051321674331973,0.0,0.0
old,for-11,fundamental,18,joint,shuffle,0,3,1.0,1.0,1.4554423088952717e-07,0.0,0.0
repaired,for-11,fundamental,18,joint,shuffle,0,3,1.0,1.0,0.007949892633629219,0.0,0.0
old,for-11,fundamental,18,joint,shuffle,0,5,1.0,1.0,3.3394838574452024e-06,0.0,0.0
repaired,for-11,fundamental,18,joint,shuffle,0,5,1.0,1.0,0.0001339660284465083,0.0,0.0
old,for-11,fundamental,18,joint,shuffle,0,6,1.0,1.0,2.1185329863726565e-06,0.0,0.0
repaired,for-11,fundamental,18,joint,shuffle,0,6,1.0,1.0,0.0034687995297506546,0.0,0.0
old,for-11,fundamental,18,joint,shuffle,0,7,1.0,1.0,2.546512561707459e-06,0.0,0.0
repaired,for-11,fundamental,18,joint,shuffle,0,7,1.0,1.0,0.001051321674331973,0.0,0.0
old,for-11,fundamental,18,joint,shuffle,0,8,1.0,1.0,2.30735869166665e-06,0.0,0.0
repaired,for-11,fundamental,18,joint,shuffle,0,8,1.0,1.0,0.0015553255245421838,0.0,0.0
old,for-11,fundamental,18,joint,shuffle,0,11,1.0,1.0,1.5008332375998634e-05,0.0,0.0
repaired,for-11,fundamental,18,joint,shuffle,0,11,1.0,1.0,0.0004108932725870318,0.0,0.0
old,for-11,fundamental,18,joint,shuffle,0,12,1.0,1.0,2.8011699967578352e-05,0.0,0.0
repaired,for-11,fundamental,18,joint,shuffle,0,12,1.0,1.0,0.0006428963069549098,0.0,0.0
old,for-11,fundamental,18,joint,shuffle,0,13,1.0,1.0,1.5057170614340976e-05,0.0,0.0
repaired,for-11,fundamental,18,joint,shuffle,0,13,1.0,1.0,0.0008037425635727402,0.0,0.0
old,for-11,fundamental,18,joint,shuffle,1,0,1.0,1.0,3.3394838574452024e-06,0.0,0.0
repaired,for-11,fundamental,18,joint,shuffle,1,0,1.0,1.0,0.0001339660284465083,0.0,0.0
old,for-11,fundamental,18,joint,shuffle,1,1,1.0,1.0,4.719721800938714e-06,0.0,0.0
repaired,for-11,fundamental,18,joint,shuffle,1,1,1.0,1.0,0.004280581230023728,0.0,0.0
old,for-11,fundamental,18,joint,shuffle,1,2,1.0,1.0,2.546512561707459e-06,0.0,0.0
repaired,for-11,fundamental,18,joint,shuffle,1,2,1.0,1.0,0.001051321674331973,0.0,0.0
old,for-11,fundamental,18,joint,shuffle,1,3,1.0,1.0,2.30735869166665e-06,0.0,0.0
repaired,for-11,fundamental,18,joint,shuffle,1,3,1.0,1.0,0.0015553255245421838,0.0,0.0
old,for-11,fundamental,18,joint,shuffle,1,5,1.0,1.0,3.3394838574452024e-06,0.0,0.0
repaired,for-11,fundamental,18,joint,shuffle,1,5,1.0,1.0,0.0001339660284465083,0.0,0.0
old,for-11,fundamental,18,joint,shuffle,1,6,1.0,1.0,2.1185329863726565e-06,0.0,0.0
repaired,for-11,fundamental,18,joint,shuffle,1,6,1.0,1.0,0.0034687995297506546,0.0,0.0
old,for-11,fundamental,18,joint,shuffle,1,7,1.0,1.0,2.546512561707459e-06,0.0,0.0
repaired,for-11,fundamental,18,joint,shuffle,1,7,1.0,1.0,0.001051321674331973,0.0,0.0
old,for-11,fundamental,18,joint,shuffle,1,8,1.0,1.0,1.4554423088952717e-07,0.0,0.0
repaired,for-11,fundamental,18,joint,shuffle,1,8,1.0,1.0,0.007949892633629219,0.0,0.0
old,for-11,fundamental,18,joint,shuffle,1,11,1.0,1.0,1.5008332375998634e-05,0.0,0.0
repaired,for-11,fundamental,18,joint,shuffle,1,11,1.0,1.0,0.0004108932725870318,0.0,0.0
old,for-11,fundamental,18,joint,shuffle,1,12,1.0,1.0,2.8011699967578352e-05,0.0,0.0
repaired,for-11,fundamental,18,joint,shuffle,1,12,1.0,1.0,0.0006428963069549098,0.0,0.0
old,for-11,fundamental,18,joint,shuffle,1,13,1.0,1.0,1.5057170614340976e-05,0.0,0.0
repaired,for-11,fundamental,18,joint,shuffle,1,13,1.0,1.0,0.0008037425635727402,0.0,0.0
old,for-11,fundamental,18,joint,ambiguous,0,0,1.0,1.0,3.3394838574452024e-06,0.0,0.0
repaired,for-11,fundamental,18,joint,ambiguous,0,0,1.0,1.0,0.0001339660284465083,0.0,0.0
old,for-11,fundamental,18,joint,ambiguous,0,1,1.0,1.0,2.1185329863726565e-06,0.0,0.0
repaired,for-11,fundamental,18,joint,ambiguous,0,1,1.0,1.0,0.0034687995297506546,0.0,0.0
old,for-11,fundamental,18,joint,ambiguous,0,2,1.0,1.0,2.546512561707459e-06,0.0,0.0
repaired,for-11,fundamental,18,joint,ambiguous,0,2,1.0,1.0,0.001051321674331973,0.0,0.0
old,for-11,fundamental,18,joint,ambiguous,0,3,1.0,1.0,2.30735869166665e-06,0.0,0.0
repaired,for-11,fundamental,18,joint,ambiguous,0,3,1.0,1.0,0.0015553255245421838,0.0,0.0
old,for-11,fundamental,18,joint,ambiguous,0,5,1.0,1.0,3.3394838574452024e-06,0.0,0.0
repaired,for-11,fundamental,18,joint,ambiguous,0,5,1.0,1.0,0.0001339660284465083,0.0,0.0
old,for-11,fundamental,18,joint,ambiguous,0,6,1.0,1.0,2.1185329863726565e-06,0.0,0.0
repaired,for-11,fundamental,18,joint,ambiguous,0,6,1.0,1.0,0.0034687995297506546,0.0,0.0
old,for-11,fundamental,18,joint,ambiguous,0,7,1.0,1.0,2.546512561707459e-06,0.0,0.0
repaired,for-11,fundamental,18,joint,ambiguous,0,7,1.0,1.0,0.001051321674331973,0.0,0.0
old,for-11,fundamental,18,joint,ambiguous,0,8,1.0,1.0,1.4554423088952717e-07,0.0,0.0
repaired,for-11,fundamental,18,joint,ambiguous,0,8,1.0,1.0,0.007949892633629219,0.0,0.0
old,for-11,fundamental,18,joint,ambiguous,0,11,1.0,1.0,1.5008332375998634e-05,0.0,0.0
repaired,for-11,fundamental,18,joint,ambiguous,0,11,1.0,1.0,0.0004108932725870318,0.0,0.0
old,for-11,fundamental,18,joint,ambiguous,0,12,1.0,1.0,2.8011699967578352e-05,0.0,0.0
repaired,for-11,fundamental,18,joint,ambiguous,0,12,1.0,1.0,0.0006428963069549098,0.0,0.0
old,for-11,fundamental,18,joint,ambiguous,0,13,1.0,1.0,1.5057170614340976e-05,0.0,0.0
repaired,for-11,fundamental,18,joint,ambiguous,0,13,1.0,1.0,0.0008037425635727402,0.0,0.0
old,for-11,fundamental,18,joint,ambiguous,1,0,1.0,1.0,3.3394838574452024e-06,0.0,0.0
repaired,for-11,fundamental,18,joint,ambiguous,1,0,1.0,1.0,0.0001339660284465083,0.0,0.0
old,for-11,fundamental,18,joint,ambiguous,1,1,1.0,1.0,2.1185329863726565e-06,0.0,0.0
repaired,for-11,fundamental,18,joint,ambiguous,1,1,1.0,1.0,0.0034687995297506546,0.0,0.0
old,for-11,fundamental,18,joint,ambiguous,1,2,1.0,1.0,2.546512561707459e-06,0.0,0.0
repaired,for-11,fundamental,18,joint,ambiguous,1,2,1.0,1.0,0.001051321674331973,0.0,0.0
old,for-11,fundamental,18,joint,ambiguous,1,3,1.0,1.0,2.30735869166665e-06,0.0,0.0
repaired,for-11,fundamental,18,joint,ambiguous,1,3,1.0,1.0,0.0015553255245421838,0.0,0.0
old,for-11,fundamental,18,joint,ambiguous,1,5,1.0,1.0,3.3394838574452024e-06,0.0,0.0
repaired,for-11,fundamental,18,joint,ambiguous,1,5,1.0,1.0,0.0001339660284465083,0.0,0.0
old,for-11,fundamental,18,joint,ambiguous,1,6,1.0,1.0,2.1185329863726565e-06,0.0,0.0
repaired,for-11,fundamental,18,joint,ambiguous,1,6,1.0,1.0,0.0034687995297506546,0.0,0.0
old,for-11,fundamental,18,joint,ambiguous,1,7,1.0,1.0,2.546512561707459e-06,0.0,0.0
repaired,for-11,fundamental,18,joint,ambiguous,1,7,1.0,1.0,0.001051321674331973,0.0,0.0
old,for-11,fundamental,18,joint,ambiguous,1,8,1.0,1.0,1.4554423088952717e-07,0.0,0.0
repaired,for-11,fundamental,18,joint,ambiguous,1,8,1.0,1.0,0.007949892633629219,0.0,0.0
old,for-11,fundamental,18,joint,ambiguous,1,11,1.0,1.0,1.5008332375998634e-05,0.0,0.0
repaired,for-11,fundamental,18,joint,ambiguous,1,11,1.0,1.0,0.0004108932725870318,0.0,0.0
old,for-11,fundamental,18,joint,ambiguous,1,12,1.0,1.0,2.8011699967578352e-05,0.0,0.0
repaired,for-11,fundamental,18,joint,ambiguous,1,12,1.0,1.0,0.0006428963069549098,0.0,0.0
old,for-11,fundamental,18,joint,ambiguous,1,13,1.0,1.0,1.5057170614340976e-05,0.0,0.0
repaired,for-11,fundamental,18,joint,ambiguous,1,13,1.0,1.0,0.0008037425635727402,0.0,0.0
old,for-12,overtone,0,matched,intact,0,0,1.0,1.0,5.01343606189141e-05,0.0,0.0
repaired,for-12,overtone,0,matched,intact,0,0,1.0,1.0,0.009669031057282852,0.0,0.0
old,for-12,overtone,0,matched,intact,0,1,1.0,1.0,6.81867894805066e-05,0.0,0.0
repaired,for-12,overtone,0,matched,intact,0,1,1.0,1.0,0.016751370737316584,0.0,0.0
old,for-12,overtone,0,matched,intact,0,2,1.0,1.0,3.446235742199377e-05,0.0,0.0
repaired,for-12,overtone,0,matched,intact,0,2,1.0,1.0,0.00504171198047576,0.0,0.0
old,for-12,overtone,0,matched,intact,0,3,1.0,1.0,2.2103619272684227e-06,0.0,0.0
repaired,for-12,overtone,0,matched,intact,0,3,1.0,1.0,0.003837159713608429,0.0,0.0
old,for-12,overtone,0,matched,intact,0,5,1.0,1.0,5.01343606189141e-05,0.0,0.0
repaired,for-12,overtone,0,matched,intact,0,5,1.0,1.0,0.009669031057282852,0.0,0.0
old,for-12,overtone,0,matched,intact,0,6,1.0,1.0,2.6070742103811995e-05,0.0,0.0
repaired,for-12,overtone,0,matched,intact,0,6,1.0,1.0,0.018863545064278675,0.0,0.0
old,for-12,overtone,0,matched,intact,0,7,1.0,1.0,3.446235742199377e-05,0.0,0.0
repaired,for-12,overtone,0,matched,intact,0,7,1.0,1.0,0.00504171198047576,0.0,0.0
old,for-12,overtone,0,matched,intact,0,8,1.0,1.0,1.915511031924666e-05,0.0,0.0
repaired,for-12,overtone,0,matched,intact,0,8,1.0,1.0,0.007222039908760358,0.0,0.0
old,for-12,overtone,0,matched,intact,0,11,1.0,1.0,5.01343606189141e-05,0.0,0.0
repaired,for-12,overtone,0,matched,intact,0,11,1.0,1.0,0.009669031057282852,0.0,0.0
old,for-12,overtone,0,matched,intact,0,12,1.0,1.0,2.6070742103811995e-05,0.0,0.0
repaired,for-12,overtone,0,matched,intact,0,12,1.0,1.0,0.018863545064278675,0.0,0.0
old,for-12,overtone,0,matched,intact,0,13,1.0,1.0,3.446235742199377e-05,0.0,0.0
repaired,for-12,overtone,0,matched,intact,0,13,1.0,1.0,0.00504171198047576,0.0,0.0
old,for-12,overtone,0,matched,intact,1,0,1.0,1.0,5.01343606189141e-05,0.0,0.0
repaired,for-12,overtone,0,matched,intact,1,0,1.0,1.0,0.009669031057282852,0.0,0.0
old,for-12,overtone,0,matched,intact,1,1,1.0,1.0,6.81867894805066e-05,0.0,0.0
repaired,for-12,overtone,0,matched,intact,1,1,1.0,1.0,0.016751370737316584,0.0,0.0
old,for-12,overtone,0,matched,intact,1,2,1.0,1.0,3.446235742199377e-05,0.0,0.0
repaired,for-12,overtone,0,matched,intact,1,2,1.0,1.0,0.00504171198047576,0.0,0.0
old,for-12,overtone,0,matched,intact,1,3,1.0,1.0,1.915511031924666e-05,0.0,0.0
repaired,for-12,overtone,0,matched,intact,1,3,1.0,1.0,0.007222039908760358,0.0,0.0
old,for-12,overtone,0,matched,intact,1,5,1.0,1.0,5.01343606189141e-05,0.0,0.0
repaired,for-12,overtone,0,matched,intact,1,5,1.0,1.0,0.009669031057282852,0.0,0.0
old,for-12,overtone,0,matched,intact,1,6,1.0,1.0,2.6070742103811995e-05,0.0,0.0
repaired,for-12,overtone,0,matched,intact,1,6,1.0,1.0,0.018863545064278675,0.0,0.0
old,for-12,overtone,0,matched,intact,1,7,1.0,1.0,3.446235742199377e-05,0.0,0.0
repaired,for-12,overtone,0,matched,intact,1,7,1.0,1.0,0.00504171198047576,0.0,0.0
old,for-12,overtone,0,matched,intact,1,8,1.0,1.0,2.2103619272684227e-06,0.0,0.0
repaired,for-12,overtone,0,matched,intact,1,8,1.0,1.0,0.003837159713608429,0.0,0.0
old,for-12,overtone,0,matched,intact,1,11,1.0,1.0,5.01343606189141e-05,0.0,0.0
repaired,for-12,overtone,0,matched,intact,1,11,1.0,1.0,0.009669031057282852,0.0,0.0
old,for-12,overtone,0,matched,intact,1,12,1.0,1.0,2.6070742103811995e-05,0.0,0.0
repaired,for-12,overtone,0,matched,intact,1,12,1.0,1.0,0.018863545064278675,0.0,0.0
old,for-12,overtone,0,matched,intact,1,13,1.0,1.0,3.446235742199377e-05,0.0,0.0
repaired,for-12,overtone,0,matched,intact,1,13,1.0,1.0,0.00504171198047576,0.0,0.0
old,for-12,overtone,0,timbre,intact,0,0,1.0,1.0,5.01343606189141e-05,0.0,0.0
repaired,for-12,overtone,0,timbre,intact,0,0,1.0,1.0,0.009669031057282852,0.0,0.0
old,for-12,overtone,0,timbre,intact,0,1,1.0,1.0,6.81867894805066e-05,0.0,0.0
repaired,for-12,overtone,0,timbre,intact,0,1,1.0,1.0,0.016751370737316584,0.0,0.0
old,for-12,overtone,0,timbre,intact,0,2,1.0,1.0,3.446235742199377e-05,0.0,0.0
repaired,for-12,overtone,0,timbre,intact,0,2,1.0,1.0,0.00504171198047576,0.0,0.0
old,for-12,overtone,0,timbre,intact,0,3,1.0,1.0,2.2103619272684227e-06,0.0,0.0
repaired,for-12,overtone,0,timbre,intact,0,3,1.0,1.0,0.003837159713608429,0.0,0.0
old,for-12,overtone,0,timbre,intact,0,5,1.0,1.0,5.01343606189141e-05,0.0,0.0
repaired,for-12,overtone,0,timbre,intact,0,5,1.0,1.0,0.009669031057282852,0.0,0.0
old,for-12,overtone,0,timbre,intact,0,6,1.0,1.0,2.6070742103811995e-05,0.0,0.0
repaired,for-12,overtone,0,timbre,intact,0,6,1.0,1.0,0.018863545064278675,0.0,0.0
old,for-12,overtone,0,timbre,intact,0,7,1.0,1.0,3.446235742199377e-05,0.0,0.0
repaired,for-12,overtone,0,timbre,intact,0,7,1.0,1.0,0.00504171198047576,0.0,0.0
old,for-12,overtone,0,timbre,intact,0,8,1.0,1.0,1.915511031924666e-05,0.0,0.0
repaired,for-12,overtone,0,timbre,intact,0,8,1.0,1.0,0.007222039908760358,0.0,0.0
old,for-12,overtone,0,timbre,intact,0,11,1.0,0.0,11.999996899029322,1.0,0.0
repaired,for-12,overtone,0,timbre,intact,0,11,1.0,1.0,0.007775984590902303,0.0,0.0
old,for-12,overtone,0,timbre,intact,0,12,1.0,0.0,11.999992187756018,1.0,0.0
repaired,for-12,overtone,0,timbre,intact,0,12,1.0,1.0,0.011475083191493596,0.0,0.0
old,for-12,overtone,0,timbre,intact,0,13,1.0,0.0,12.000002814646024,1.0,0.0
repaired,for-12,overtone,0,timbre,intact,0,13,1.0,1.0,0.0032793803078243755,0.0,0.0
old,for-12,overtone,0,timbre,intact,1,0,1.0,1.0,5.01343606189141e-05,0.0,0.0
repaired,for-12,overtone,0,timbre,intact,1,0,1.0,1.0,0.009669031057282852,0.0,0.0
old,for-12,overtone,0,timbre,intact,1,1,1.0,1.0,6.81867894805066e-05,0.0,0.0
repaired,for-12,overtone,0,timbre,intact,1,1,1.0,1.0,0.016751370737316584,0.0,0.0
old,for-12,overtone,0,timbre,intact,1,2,1.0,1.0,3.446235742199377e-05,0.0,0.0
repaired,for-12,overtone,0,timbre,intact,1,2,1.0,1.0,0.00504171198047576,0.0,0.0
old,for-12,overtone,0,timbre,intact,1,3,1.0,1.0,1.915511031924666e-05,0.0,0.0
repaired,for-12,overtone,0,timbre,intact,1,3,1.0,1.0,0.007222039908760358,0.0,0.0
old,for-12,overtone,0,timbre,intact,1,5,1.0,1.0,5.01343606189141e-05,0.0,0.0
repaired,for-12,overtone,0,timbre,intact,1,5,1.0,1.0,0.009669031057282852,0.0,0.0
old,for-12,overtone,0,timbre,intact,1,6,1.0,1.0,2.6070742103811995e-05,0.0,0.0
repaired,for-12,overtone,0,timbre,intact,1,6,1.0,1.0,0.018863545064278675,0.0,0.0
old,for-12,overtone,0,timbre,intact,1,7,1.0,1.0,3.446235742199377e-05,0.0,0.0
repaired,for-12,overtone,0,timbre,intact,1,7,1.0,1.0,0.00504171198047576,0.0,0.0
old,for-12,overtone,0,timbre,intact,1,8,1.0,1.0,2.2103619272684227e-06,0.0,0.0
repaired,for-12,overtone,0,timbre,intact,1,8,1.0,1.0,0.003837159713608429,0.0,0.0
old,for-12,overtone,0,timbre,intact,1,11,1.0,0.0,11.999996899029322,1.0,0.0
repaired,for-12,overtone,0,timbre,intact,1,11,1.0,1.0,0.007775984590902303,0.0,0.0
old,for-12,overtone,0,timbre,intact,1,12,1.0,0.0,11.999992187756018,1.0,0.0
repaired,for-12,overtone,0,timbre,intact,1,12,1.0,1.0,0.011475083191493596,0.0,0.0
old,for-12,overtone,0,timbre,intact,1,13,1.0,0.0,12.000002814646024,1.0,0.0
repaired,for-12,overtone,0,timbre,intact,1,13,1.0,1.0,0.0032793803078243755,0.0,0.0
old,for-12,overtone,0,duration,intact,0,0,1.0,1.0,5.01343606189141e-05,0.0,0.0
repaired,for-12,overtone,0,duration,intact,0,0,1.0,1.0,0.009669031057282852,0.0,0.0
old,for-12,overtone,0,duration,intact,0,1,1.0,1.0,6.81867894805066e-05,0.0,0.0
repaired,for-12,overtone,0,duration,intact,0,1,1.0,1.0,0.016751370737316584,0.0,0.0
old,for-12,overtone,0,duration,intact,0,2,1.0,1.0,3.446235742199377e-05,0.0,0.0
repaired,for-12,overtone,0,duration,intact,0,2,1.0,1.0,0.00504171198047576,0.0,0.0
old,for-12,overtone,0,duration,intact,0,3,1.0,1.0,2.2103619272684227e-06,0.0,0.0
repaired,for-12,overtone,0,duration,intact,0,3,1.0,1.0,0.003837159713608429,0.0,0.0
old,for-12,overtone,0,duration,intact,0,5,1.0,1.0,5.01343606189141e-05,0.0,0.0
repaired,for-12,overtone,0,duration,intact,0,5,1.0,1.0,0.009669031057282852,0.0,0.0
old,for-12,overtone,0,duration,intact,0,6,1.0,1.0,2.6070742103811995e-05,0.0,0.0
repaired,for-12,overtone,0,duration,intact,0,6,1.0,1.0,0.018863545064278675,0.0,0.0
old,for-12,overtone,0,duration,intact,0,7,1.0,1.0,3.446235742199377e-05,0.0,0.0
repaired,for-12,overtone,0,duration,intact,0,7,1.0,1.0,0.00504171198047576,0.0,0.0
old,for-12,overtone,0,duration,intact,0,8,1.0,1.0,1.915511031924666e-05,0.0,0.0
repaired,for-12,overtone,0,duration,intact,0,8,1.0,1.0,0.007222039908760358,0.0,0.0
old,for-12,overtone,0,duration,intact,0,11,1.0,1.0,5.461827093925798e-05,0.0,0.0
repaired,for-12,overtone,0,duration,intact,0,11,1.0,1.0,0.002334398362876761,0.0,0.0
old,for-12,overtone,0,duration,intact,0,12,1.0,1.0,8.319068507312011e-05,0.0,0.0
repaired,for-12,overtone,0,duration,intact,0,12,1.0,1.0,0.004825348473267432,0.0,0.0
old,for-12,overtone,0,duration,intact,0,13,1.0,1.0,2.475058608908398e-05,0.0,0.0
repaired,for-12,overtone,0,duration,intact,0,13,1.0,1.0,0.0012800832757200453,0.0,0.0
old,for-12,overtone,0,duration,intact,1,0,1.0,1.0,5.01343606189141e-05,0.0,0.0
repaired,for-12,overtone,0,duration,intact,1,0,1.0,1.0,0.009669031057282852,0.0,0.0
old,for-12,overtone,0,duration,intact,1,1,1.0,1.0,6.81867894805066e-05,0.0,0.0
repaired,for-12,overtone,0,duration,intact,1,1,1.0,1.0,0.016751370737316584,0.0,0.0
old,for-12,overtone,0,duration,intact,1,2,1.0,1.0,3.446235742199377e-05,0.0,0.0
repaired,for-12,overtone,0,duration,intact,1,2,1.0,1.0,0.00504171198047576,0.0,0.0
old,for-12,overtone,0,duration,intact,1,3,1.0,1.0,1.915511031924666e-05,0.0,0.0
repaired,for-12,overtone,0,duration,intact,1,3,1.0,1.0,0.007222039908760358,0.0,0.0
old,for-12,overtone,0,duration,intact,1,5,1.0,1.0,5.01343606189141e-05,0.0,0.0
repaired,for-12,overtone,0,duration,intact,1,5,1.0,1.0,0.009669031057282852,0.0,0.0
old,for-12,overtone,0,duration,intact,1,6,1.0,1.0,2.6070742103811995e-05,0.0,0.0
repaired,for-12,overtone,0,duration,intact,1,6,1.0,1.0,0.018863545064278675,0.0,0.0
old,for-12,overtone,0,duration,intact,1,7,1.0,1.0,3.446235742199377e-05,0.0,0.0
repaired,for-12,overtone,0,duration,intact,1,7,1.0,1.0,0.00504171198047576,0.0,0.0
old,for-12,overtone,0,duration,intact,1,8,1.0,1.0,2.2103619272684227e-06,0.0,0.0
repaired,for-12,overtone,0,duration,intact,1,8,1.0,1.0,0.003837159713608429,0.0,0.0
old,for-12,overtone,0,duration,intact,1,11,1.0,1.0,5.461827093925798e-05,0.0,0.0
repaired,for-12,overtone,0,duration,intact,1,11,1.0,1.0,0.002334398362876761,0.0,0.0
old,for-12,overtone,0,duration,intact,1,12,1.0,1.0,8.319068507312011e-05,0.0,0.0
repaired,for-12,overtone,0,duration,intact,1,12,1.0,1.0,0.004825348473267432,0.0,0.0
old,for-12,overtone,0,duration,intact,1,13,1.0,1.0,2.475058608908398e-05,0.0,0.0
repaired,for-12,overtone,0,duration,intact,1,13,1.0,1.0,0.0012800832757200453,0.0,0.0
old,for-12,overtone,0,joint,intact,0,0,1.0,1.0,5.01343606189141e-05,0.0,0.0
repaired,for-12,overtone,0,joint,intact,0,0,1.0,1.0,0.009669031057282852,0.0,0.0
old,for-12,overtone,0,joint,intact,0,1,1.0,1.0,6.81867894805066e-05,0.0,0.0
repaired,for-12,overtone,0,joint,intact,0,1,1.0,1.0,0.016751370737316584,0.0,0.0
old,for-12,overtone,0,joint,intact,0,2,1.0,1.0,3.446235742199377e-05,0.0,0.0
repaired,for-12,overtone,0,joint,intact,0,2,1.0,1.0,0.00504171198047576,0.0,0.0
old,for-12,overtone,0,joint,intact,0,3,1.0,1.0,2.2103619272684227e-06,0.0,0.0
repaired,for-12,overtone,0,joint,intact,0,3,1.0,1.0,0.003837159713608429,0.0,0.0
old,for-12,overtone,0,joint,intact,0,5,1.0,1.0,5.01343606189141e-05,0.0,0.0
repaired,for-12,overtone,0,joint,intact,0,5,1.0,1.0,0.009669031057282852,0.0,0.0
old,for-12,overtone,0,joint,intact,0,6,1.0,1.0,2.6070742103811995e-05,0.0,0.0
repaired,for-12,overtone,0,joint,intact,0,6,1.0,1.0,0.018863545064278675,0.0,0.0
old,for-12,overtone,0,joint,intact,0,7,1.0,1.0,3.446235742199377e-05,0.0,0.0
repaired,for-12,overtone,0,joint,intact,0,7,1.0,1.0,0.00504171198047576,0.0,0.0
old,for-12,overtone,0,joint,intact,0,8,1.0,1.0,1.915511031924666e-05,0.0,0.0
repaired,for-12,overtone,0,joint,intact,0,8,1.0,1.0,0.007222039908760358,0.0,0.0
old,for-12,overtone,0,joint,intact,0,11,1.0,0.0,11.99999233206267,1.0,0.0
repaired,for-12,overtone,0,joint,intact,0,11,1.0,1.0,0.0005301678351210431,0.0,0.0
old,for-12,overtone,0,joint,intact,0,12,1.0,0.0,11.999978876288393,1.0,0.0
repaired,for-12,overtone,0,joint,intact,0,12,1.0,1.0,0.0033768313793665072,0.0,0.0
old,for-12,overtone,0,joint,intact,0,13,1.0,0.0,12.00000881566967,1.0,0.0
repaired,for-12,overtone,0,joint,intact,0,13,1.0,1.0,0.00047117117409012366,0.0,0.0
old,for-12,overtone,0,joint,intact,1,0,1.0,1.0,5.01343606189141e-05,0.0,0.0
repaired,for-12,overtone,0,joint,intact,1,0,1.0,1.0,0.009669031057282852,0.0,0.0
old,for-12,overtone,0,joint,intact,1,1,1.0,1.0,6.81867894805066e-05,0.0,0.0
repaired,for-12,overtone,0,joint,intact,1,1,1.0,1.0,0.016751370737316584,0.0,0.0
old,for-12,overtone,0,joint,intact,1,2,1.0,1.0,3.446235742199377e-05,0.0,0.0
repaired,for-12,overtone,0,joint,intact,1,2,1.0,1.0,0.00504171198047576,0.0,0.0
old,for-12,overtone,0,joint,intact,1,3,1.0,1.0,1.915511031924666e-05,0.0,0.0
repaired,for-12,overtone,0,joint,intact,1,3,1.0,1.0,0.007222039908760358,0.0,0.0
old,for-12,overtone,0,joint,intact,1,5,1.0,1.0,5.01343606189141e-05,0.0,0.0
repaired,for-12,overtone,0,joint,intact,1,5,1.0,1.0,0.009669031057282852,0.0,0.0
old,for-12,overtone,0,joint,intact,1,6,1.0,1.0,2.6070742103811995e-05,0.0,0.0
repaired,for-12,overtone,0,joint,intact,1,6,1.0,1.0,0.018863545064278675,0.0,0.0
old,for-12,overtone,0,joint,intact,1,7,1.0,1.0,3.446235742199377e-05,0.0,0.0
repaired,for-12,overtone,0,joint,intact,1,7,1.0,1.0,0.00504171198047576,0.0,0.0
old,for-12,overtone,0,joint,intact,1,8,1.0,1.0,2.2103619272684227e-06,0.0,0.0
repaired,for-12,overtone,0,joint,intact,1,8,1.0,1.0,0.003837159713608429,0.0,0.0
old,for-12,overtone,0,joint,intact,1,11,1.0,0.0,11.99999233206267,1.0,0.0
repaired,for-12,overtone,0,joint,intact,1,11,1.0,1.0,0.0005301678351210431,0.0,0.0
old,for-12,overtone,0,joint,intact,1,12,1.0,0.0,11.999978876288393,1.0,0.0
repaired,for-12,overtone,0,joint,intact,1,12,1.0,1.0,0.0033768313793665072,0.0,0.0
old,for-12,overtone,0,joint,intact,1,13,1.0,0.0,12.00000881566967,1.0,0.0
repaired,for-12,overtone,0,joint,intact,1,13,1.0,1.0,0.00047117117409012366,0.0,0.0
old,for-12,overtone,0,joint,reset,0,0,1.0,1.0,5.01343606189141e-05,0.0,0.0
repaired,for-12,overtone,0,joint,reset,0,0,1.0,1.0,0.009669031057282852,0.0,0.0
old,for-12,overtone,0,joint,reset,0,1,1.0,1.0,6.81867894805066e-05,0.0,0.0
repaired,for-12,overtone,0,joint,reset,0,1,1.0,1.0,0.016751370737316584,0.0,0.0
old,for-12,overtone,0,joint,reset,0,2,1.0,1.0,3.446235742199377e-05,0.0,0.0
repaired,for-12,overtone,0,joint,reset,0,2,1.0,1.0,0.00504171198047576,0.0,0.0
old,for-12,overtone,0,joint,reset,0,3,1.0,1.0,2.2103619272684227e-06,0.0,0.0
repaired,for-12,overtone,0,joint,reset,0,3,1.0,1.0,0.003837159713608429,0.0,0.0
old,for-12,overtone,0,joint,reset,0,5,1.0,1.0,5.01343606189141e-05,0.0,0.0
repaired,for-12,overtone,0,joint,reset,0,5,1.0,1.0,0.009669031057282852,0.0,0.0
old,for-12,overtone,0,joint,reset,0,6,1.0,1.0,2.6070742103811995e-05,0.0,0.0
repaired,for-12,overtone,0,joint,reset,0,6,1.0,1.0,0.018863545064278675,0.0,0.0
old,for-12,overtone,0,joint,reset,0,7,1.0,1.0,3.446235742199377e-05,0.0,0.0
repaired,for-12,overtone,0,joint,reset,0,7,1.0,1.0,0.00504171198047576,0.0,0.0
old,for-12,overtone,0,joint,reset,0,8,1.0,1.0,1.915511031924666e-05,0.0,0.0
repaired,for-12,overtone,0,joint,reset,0,8,1.0,1.0,0.007222039908760358,0.0,0.0
old,for-12,overtone,0,joint,reset,0,11,1.0,0.0,11.99999233206267,1.0,0.0
repaired,for-12,overtone,0,joint,reset,0,11,1.0,1.0,0.0005301678351210431,0.0,0.0
old,for-12,overtone,0,joint,reset,0,12,1.0,0.0,11.999978876288393,1.0,0.0
repaired,for-12,overtone,0,joint,reset,0,12,1.0,1.0,0.0033768313793665072,0.0,0.0
old,for-12,overtone,0,joint,reset,0,13,1.0,0.0,12.00000881566967,1.0,0.0
repaired,for-12,overtone,0,joint,reset,0,13,1.0,1.0,0.00047117117409012366,0.0,0.0
old,for-12,overtone,0,joint,reset,1,0,1.0,1.0,5.01343606189141e-05,0.0,0.0
repaired,for-12,overtone,0,joint,reset,1,0,1.0,1.0,0.009669031057282852,0.0,0.0
old,for-12,overtone,0,joint,reset,1,1,1.0,1.0,6.81867894805066e-05,0.0,0.0
repaired,for-12,overtone,0,joint,reset,1,1,1.0,1.0,0.016751370737316584,0.0,0.0
old,for-12,overtone,0,joint,reset,1,2,1.0,1.0,3.446235742199377e-05,0.0,0.0
repaired,for-12,overtone,0,joint,reset,1,2,1.0,1.0,0.00504171198047576,0.0,0.0
old,for-12,overtone,0,joint,reset,1,3,1.0,1.0,1.915511031924666e-05,0.0,0.0
repaired,for-12,overtone,0,joint,reset,1,3,1.0,1.0,0.007222039908760358,0.0,0.0
old,for-12,overtone,0,joint,reset,1,5,1.0,1.0,5.01343606189141e-05,0.0,0.0
repaired,for-12,overtone,0,joint,reset,1,5,1.0,1.0,0.009669031057282852,0.0,0.0
old,for-12,overtone,0,joint,reset,1,6,1.0,1.0,2.6070742103811995e-05,0.0,0.0
repaired,for-12,overtone,0,joint,reset,1,6,1.0,1.0,0.018863545064278675,0.0,0.0
old,for-12,overtone,0,joint,reset,1,7,1.0,1.0,3.446235742199377e-05,0.0,0.0
repaired,for-12,overtone,0,joint,reset,1,7,1.0,1.0,0.00504171198047576,0.0,0.0
old,for-12,overtone,0,joint,reset,1,8,1.0,1.0,2.2103619272684227e-06,0.0,0.0
repaired,for-12,overtone,0,joint,reset,1,8,1.0,1.0,0.003837159713608429,0.0,0.0
old,for-12,overtone,0,joint,reset,1,11,1.0,0.0,11.99999233206267,1.0,0.0
repaired,for-12,overtone,0,joint,reset,1,11,1.0,1.0,0.0005301678351210431,0.0,0.0
old,for-12,overtone,0,joint,reset,1,12,1.0,0.0,11.999978876288393,1.0,0.0
repaired,for-12,overtone,0,joint,reset,1,12,1.0,1.0,0.0033768313793665072,0.0,0.0
old,for-12,overtone,0,joint,reset,1,13,1.0,0.0,12.00000881566967,1.0,0.0
repaired,for-12,overtone,0,joint,reset,1,13,1.0,1.0,0.00047117117409012366,0.0,0.0
old,for-12,overtone,0,joint,removal,0,0,1.0,1.0,5.01343606189141e-05,0.0,0.0
repaired,for-12,overtone,0,joint,removal,0,0,1.0,1.0,0.009669031057282852,0.0,0.0
old,for-12,overtone,0,joint,removal,0,1,1.0,1.0,6.81867894805066e-05,0.0,0.0
repaired,for-12,overtone,0,joint,removal,0,1,1.0,1.0,0.016751370737316584,0.0,0.0
old,for-12,overtone,0,joint,removal,0,2,1.0,1.0,3.446235742199377e-05,0.0,0.0
repaired,for-12,overtone,0,joint,removal,0,2,1.0,1.0,0.00504171198047576,0.0,0.0
old,for-12,overtone,0,joint,removal,0,5,1.0,1.0,5.01343606189141e-05,0.0,0.0
repaired,for-12,overtone,0,joint,removal,0,5,1.0,1.0,0.009669031057282852,0.0,0.0
old,for-12,overtone,0,joint,removal,0,6,1.0,1.0,2.6070742103811995e-05,0.0,0.0
repaired,for-12,overtone,0,joint,removal,0,6,1.0,1.0,0.018863545064278675,0.0,0.0
old,for-12,overtone,0,joint,removal,0,7,1.0,1.0,3.446235742199377e-05,0.0,0.0
repaired,for-12,overtone,0,joint,removal,0,7,1.0,1.0,0.00504171198047576,0.0,0.0
old,for-12,overtone,0,joint,removal,0,11,1.0,0.0,11.99999233206267,1.0,0.0
repaired,for-12,overtone,0,joint,removal,0,11,1.0,1.0,0.0005301678351210431,0.0,0.0
old,for-12,overtone,0,joint,removal,0,12,1.0,0.0,11.999978876288393,1.0,0.0
repaired,for-12,overtone,0,joint,removal,0,12,1.0,1.0,0.0033768313793665072,0.0,0.0
old,for-12,overtone,0,joint,removal,0,13,1.0,0.0,12.00000881566967,1.0,0.0
repaired,for-12,overtone,0,joint,removal,0,13,1.0,1.0,0.00047117117409012366,0.0,0.0
old,for-12,overtone,0,joint,removal,1,0,1.0,1.0,5.01343606189141e-05,0.0,0.0
repaired,for-12,overtone,0,joint,removal,1,0,1.0,1.0,0.009669031057282852,0.0,0.0
old,for-12,overtone,0,joint,removal,1,1,1.0,1.0,6.81867894805066e-05,0.0,0.0
repaired,for-12,overtone,0,joint,removal,1,1,1.0,1.0,0.016751370737316584,0.0,0.0
old,for-12,overtone,0,joint,removal,1,2,1.0,1.0,3.446235742199377e-05,0.0,0.0
repaired,for-12,overtone,0,joint,removal,1,2,1.0,1.0,0.00504171198047576,0.0,0.0
old,for-12,overtone,0,joint,removal,1,5,1.0,1.0,5.01343606189141e-05,0.0,0.0
repaired,for-12,overtone,0,joint,removal,1,5,1.0,1.0,0.009669031057282852,0.0,0.0
old,for-12,overtone,0,joint,removal,1,6,1.0,1.0,2.6070742103811995e-05,0.0,0.0
repaired,for-12,overtone,0,joint,removal,1,6,1.0,1.0,0.018863545064278675,0.0,0.0
old,for-12,overtone,0,joint,removal,1,7,1.0,1.0,3.446235742199377e-05,0.0,0.0
repaired,for-12,overtone,0,joint,removal,1,7,1.0,1.0,0.00504171198047576,0.0,0.0
old,for-12,overtone,0,joint,removal,1,11,1.0,0.0,11.99999233206267,1.0,0.0
repaired,for-12,overtone,0,joint,removal,1,11,1.0,1.0,0.0005301678351210431,0.0,0.0
old,for-12,overtone,0,joint,removal,1,12,1.0,0.0,11.999978876288393,1.0,0.0
repaired,for-12,overtone,0,joint,removal,1,12,1.0,1.0,0.0033768313793665072,0.0,0.0
old,for-12,overtone,0,joint,removal,1,13,1.0,0.0,12.00000881566967,1.0,0.0
repaired,for-12,overtone,0,joint,removal,1,13,1.0,1.0,0.00047117117409012366,0.0,0.0
old,for-12,overtone,0,joint,swap,0,0,1.0,1.0,5.01343606189141e-05,0.0,0.0
repaired,for-12,overtone,0,joint,swap,0,0,1.0,1.0,0.009669031057282852,0.0,0.0
old,for-12,overtone,0,joint,swap,0,1,1.0,1.0,6.81867894805066e-05,0.0,0.0
repaired,for-12,overtone,0,joint,swap,0,1,1.0,1.0,0.016751370737316584,0.0,0.0
old,for-12,overtone,0,joint,swap,0,2,1.0,1.0,3.446235742199377e-05,0.0,0.0
repaired,for-12,overtone,0,joint,swap,0,2,1.0,1.0,0.00504171198047576,0.0,0.0
old,for-12,overtone,0,joint,swap,0,3,1.0,1.0,1.915511031924666e-05,0.0,0.0
repaired,for-12,overtone,0,joint,swap,0,3,1.0,1.0,0.007222039908760358,0.0,0.0
old,for-12,overtone,0,joint,swap,0,5,1.0,1.0,5.01343606189141e-05,0.0,0.0
repaired,for-12,overtone,0,joint,swap,0,5,1.0,1.0,0.009669031057282852,0.0,0.0
old,for-12,overtone,0,joint,swap,0,6,1.0,1.0,2.6070742103811995e-05,0.0,0.0
repaired,for-12,overtone,0,joint,swap,0,6,1.0,1.0,0.018863545064278675,0.0,0.0
old,for-12,overtone,0,joint,swap,0,7,1.0,1.0,3.446235742199377e-05,0.0,0.0
repaired,for-12,overtone,0,joint,swap,0,7,1.0,1.0,0.00504171198047576,0.0,0.0
old,for-12,overtone,0,joint,swap,0,8,1.0,1.0,2.2103619272684227e-06,0.0,0.0
repaired,for-12,overtone,0,joint,swap,0,8,1.0,1.0,0.003837159713608429,0.0,0.0
old,for-12,overtone,0,joint,swap,0,11,1.0,0.0,11.99999233206267,1.0,0.0
repaired,for-12,overtone,0,joint,swap,0,11,1.0,1.0,0.0005301678351210431,0.0,0.0
old,for-12,overtone,0,joint,swap,0,12,1.0,0.0,11.999978876288393,1.0,0.0
repaired,for-12,overtone,0,joint,swap,0,12,1.0,1.0,0.0033768313793665072,0.0,0.0
old,for-12,overtone,0,joint,swap,0,13,1.0,0.0,12.00000881566967,1.0,0.0
repaired,for-12,overtone,0,joint,swap,0,13,1.0,1.0,0.00047117117409012366,0.0,0.0
old,for-12,overtone,0,joint,swap,1,0,1.0,1.0,5.01343606189141e-05,0.0,0.0
repaired,for-12,overtone,0,joint,swap,1,0,1.0,1.0,0.009669031057282852,0.0,0.0
old,for-12,overtone,0,joint,swap,1,1,1.0,1.0,6.81867894805066e-05,0.0,0.0
repaired,for-12,overtone,0,joint,swap,1,1,1.0,1.0,0.016751370737316584,0.0,0.0
old,for-12,overtone,0,joint,swap,1,2,1.0,1.0,3.446235742199377e-05,0.0,0.0
repaired,for-12,overtone,0,joint,swap,1,2,1.0,1.0,0.00504171198047576,0.0,0.0
old,for-12,overtone,0,joint,swap,1,3,1.0,1.0,2.2103619272684227e-06,0.0,0.0
repaired,for-12,overtone,0,joint,swap,1,3,1.0,1.0,0.003837159713608429,0.0,0.0
old,for-12,overtone,0,joint,swap,1,5,1.0,1.0,5.01343606189141e-05,0.0,0.0
repaired,for-12,overtone,0,joint,swap,1,5,1.0,1.0,0.009669031057282852,0.0,0.0
old,for-12,overtone,0,joint,swap,1,6,1.0,1.0,2.6070742103811995e-05,0.0,0.0
repaired,for-12,overtone,0,joint,swap,1,6,1.0,1.0,0.018863545064278675,0.0,0.0
old,for-12,overtone,0,joint,swap,1,7,1.0,1.0,3.446235742199377e-05,0.0,0.0
repaired,for-12,overtone,0,joint,swap,1,7,1.0,1.0,0.00504171198047576,0.0,0.0
old,for-12,overtone,0,joint,swap,1,8,1.0,1.0,1.915511031924666e-05,0.0,0.0
repaired,for-12,overtone,0,joint,swap,1,8,1.0,1.0,0.007222039908760358,0.0,0.0
old,for-12,overtone,0,joint,swap,1,11,1.0,0.0,11.99999233206267,1.0,0.0
repaired,for-12,overtone,0,joint,swap,1,11,1.0,1.0,0.0005301678351210431,0.0,0.0
old,for-12,overtone,0,joint,swap,1,12,1.0,0.0,11.999978876288393,1.0,0.0
repaired,for-12,overtone,0,joint,swap,1,12,1.0,1.0,0.0033768313793665072,0.0,0.0
old,for-12,overtone,0,joint,swap,1,13,1.0,0.0,12.00000881566967,1.0,0.0
repaired,for-12,overtone,0,joint,swap,1,13,1.0,1.0,0.00047117117409012366,0.0,0.0
old,for-12,overtone,0,joint,shuffle,0,0,1.0,1.0,5.01343606189141e-05,0.0,0.0
repaired,for-12,overtone,0,joint,shuffle,0,0,1.0,1.0,0.009669031057282852,0.0,0.0
old,for-12,overtone,0,joint,shuffle,0,1,1.0,1.0,2.6070742103811995e-05,0.0,0.0
repaired,for-12,overtone,0,joint,shuffle,0,1,1.0,1.0,0.018863545064278675,0.0,0.0
old,for-12,overtone,0,joint,shuffle,0,2,1.0,1.0,3.446235742199377e-05,0.0,0.0
repaired,for-12,overtone,0,joint,shuffle,0,2,1.0,1.0,0.00504171198047576,0.0,0.0
old,for-12,overtone,0,joint,shuffle,0,3,1.0,1.0,1.915511031924666e-05,0.0,0.0
repaired,for-12,overtone,0,joint,shuffle,0,3,1.0,1.0,0.007222039908760358,0.0,0.0
old,for-12,overtone,0,joint,shuffle,0,5,1.0,1.0,5.01343606189141e-05,0.0,0.0
repaired,for-12,overtone,0,joint,shuffle,0,5,1.0,1.0,0.009669031057282852,0.0,0.0
old,for-12,overtone,0,joint,shuffle,0,6,1.0,1.0,6.81867894805066e-05,0.0,0.0
repaired,for-12,overtone,0,joint,shuffle,0,6,1.0,1.0,0.016751370737316584,0.0,0.0
old,for-12,overtone,0,joint,shuffle,0,7,1.0,1.0,3.446235742199377e-05,0.0,0.0
repaired,for-12,overtone,0,joint,shuffle,0,7,1.0,1.0,0.00504171198047576,0.0,0.0
old,for-12,overtone,0,joint,shuffle,0,8,1.0,1.0,2.2103619272684227e-06,0.0,0.0
repaired,for-12,overtone,0,joint,shuffle,0,8,1.0,1.0,0.003837159713608429,0.0,0.0
old,for-12,overtone,0,joint,shuffle,0,11,1.0,0.0,11.99999233206267,1.0,0.0
repaired,for-12,overtone,0,joint,shuffle,0,11,1.0,1.0,0.0005301678351210431,0.0,0.0
old,for-12,overtone,0,joint,shuffle,0,12,1.0,0.0,11.999978876288393,1.0,0.0
repaired,for-12,overtone,0,joint,shuffle,0,12,1.0,1.0,0.0033768313793665072,0.0,0.0
old,for-12,overtone,0,joint,shuffle,0,13,1.0,0.0,12.00000881566967,1.0,0.0
repaired,for-12,overtone,0,joint,shuffle,0,13,1.0,1.0,0.00047117117409012366,0.0,0.0
old,for-12,overtone,0,joint,shuffle,1,0,1.0,1.0,5.01343606189141e-05,0.0,0.0
repaired,for-12,overtone,0,joint,shuffle,1,0,1.0,1.0,0.009669031057282852,0.0,0.0
old,for-12,overtone,0,joint,shuffle,1,1,1.0,1.0,2.6070742103811995e-05,0.0,0.0
repaired,for-12,overtone,0,joint,shuffle,1,1,1.0,1.0,0.018863545064278675,0.0,0.0
old,for-12,overtone,0,joint,shuffle,1,2,1.0,1.0,3.446235742199377e-05,0.0,0.0
repaired,for-12,overtone,0,joint,shuffle,1,2,1.0,1.0,0.00504171198047576,0.0,0.0
old,for-12,overtone,0,joint,shuffle,1,3,1.0,1.0,2.2103619272684227e-06,0.0,0.0
repaired,for-12,overtone,0,joint,shuffle,1,3,1.0,1.0,0.003837159713608429,0.0,0.0
old,for-12,overtone,0,joint,shuffle,1,5,1.0,1.0,5.01343606189141e-05,0.0,0.0
repaired,for-12,overtone,0,joint,shuffle,1,5,1.0,1.0,0.009669031057282852,0.0,0.0
old,for-12,overtone,0,joint,shuffle,1,6,1.0,1.0,6.81867894805066e-05,0.0,0.0
repaired,for-12,overtone,0,joint,shuffle,1,6,1.0,1.0,0.016751370737316584,0.0,0.0
old,for-12,overtone,0,joint,shuffle,1,7,1.0,1.0,3.446235742199377e-05,0.0,0.0
repaired,for-12,overtone,0,joint,shuffle,1,7,1.0,1.0,0.00504171198047576,0.0,0.0
old,for-12,overtone,0,joint,shuffle,1,8,1.0,1.0,1.915511031924666e-05,0.0,0.0
repaired,for-12,overtone,0,joint,shuffle,1,8,1.0,1.0,0.007222039908760358,0.0,0.0
old,for-12,overtone,0,joint,shuffle,1,11,1.0,0.0,11.99999233206267,1.0,0.0
repaired,for-12,overtone,0,joint,shuffle,1,11,1.0,1.0,0.0005301678351210431,0.0,0.0
old,for-12,overtone,0,joint,shuffle,1,12,1.0,0.0,11.999978876288393,1.0,0.0
repaired,for-12,overtone,0,joint,shuffle,1,12,1.0,1.0,0.0033768313793665072,0.0,0.0
old,for-12,overtone,0,joint,shuffle,1,13,1.0,0.0,12.00000881566967,1.0,0.0
repaired,for-12,overtone,0,joint,shuffle,1,13,1.0,1.0,0.00047117117409012366,0.0,0.0
old,for-12,overtone,0,joint,ambiguous,0,0,1.0,1.0,5.01343606189141e-05,0.0,0.0
repaired,for-12,overtone,0,joint,ambiguous,0,0,1.0,1.0,0.009669031057282852,0.0,0.0
old,for-12,overtone,0,joint,ambiguous,0,1,1.0,1.0,2.6070742103811995e-05,0.0,0.0
repaired,for-12,overtone,0,joint,ambiguous,0,1,1.0,1.0,0.018863545064278675,0.0,0.0
old,for-12,overtone,0,joint,ambiguous,0,2,1.0,1.0,3.446235742199377e-05,0.0,0.0
repaired,for-12,overtone,0,joint,ambiguous,0,2,1.0,1.0,0.00504171198047576,0.0,0.0
old,for-12,overtone,0,joint,ambiguous,0,3,1.0,1.0,2.2103619272684227e-06,0.0,0.0
repaired,for-12,overtone,0,joint,ambiguous,0,3,1.0,1.0,0.003837159713608429,0.0,0.0
old,for-12,overtone,0,joint,ambiguous,0,5,1.0,1.0,5.01343606189141e-05,0.0,0.0
repaired,for-12,overtone,0,joint,ambiguous,0,5,1.0,1.0,0.009669031057282852,0.0,0.0
old,for-12,overtone,0,joint,ambiguous,0,6,1.0,1.0,2.6070742103811995e-05,0.0,0.0
repaired,for-12,overtone,0,joint,ambiguous,0,6,1.0,1.0,0.018863545064278675,0.0,0.0
old,for-12,overtone,0,joint,ambiguous,0,7,1.0,1.0,3.446235742199377e-05,0.0,0.0
repaired,for-12,overtone,0,joint,ambiguous,0,7,1.0,1.0,0.00504171198047576,0.0,0.0
old,for-12,overtone,0,joint,ambiguous,0,8,1.0,1.0,1.915511031924666e-05,0.0,0.0
repaired,for-12,overtone,0,joint,ambiguous,0,8,1.0,1.0,0.007222039908760358,0.0,0.0
old,for-12,overtone,0,joint,ambiguous,0,11,1.0,0.0,11.99999233206267,1.0,0.0
repaired,for-12,overtone,0,joint,ambiguous,0,11,1.0,1.0,0.0005301678351210431,0.0,0.0
old,for-12,overtone,0,joint,ambiguous,0,12,1.0,0.0,11.999978876288393,1.0,0.0
repaired,for-12,overtone,0,joint,ambiguous,0,12,1.0,1.0,0.0033768313793665072,0.0,0.0
old,for-12,overtone,0,joint,ambiguous,0,13,1.0,0.0,12.00000881566967,1.0,0.0
repaired,for-12,overtone,0,joint,ambiguous,0,13,1.0,1.0,0.00047117117409012366,0.0,0.0
old,for-12,overtone,0,joint,ambiguous,1,0,1.0,1.0,5.01343606189141e-05,0.0,0.0
repaired,for-12,overtone,0,joint,ambiguous,1,0,1.0,1.0,0.009669031057282852,0.0,0.0
old,for-12,overtone,0,joint,ambiguous,1,1,1.0,1.0,2.6070742103811995e-05,0.0,0.0
repaired,for-12,overtone,0,joint,ambiguous,1,1,1.0,1.0,0.018863545064278675,0.0,0.0
old,for-12,overtone,0,joint,ambiguous,1,2,1.0,1.0,3.446235742199377e-05,0.0,0.0
repaired,for-12,overtone,0,joint,ambiguous,1,2,1.0,1.0,0.00504171198047576,0.0,0.0
old,for-12,overtone,0,joint,ambiguous,1,3,1.0,1.0,2.2103619272684227e-06,0.0,0.0
repaired,for-12,overtone,0,joint,ambiguous,1,3,1.0,1.0,0.003837159713608429,0.0,0.0
old,for-12,overtone,0,joint,ambiguous,1,5,1.0,1.0,5.01343606189141e-05,0.0,0.0
repaired,for-12,overtone,0,joint,ambiguous,1,5,1.0,1.0,0.009669031057282852,0.0,0.0
old,for-12,overtone,0,joint,ambiguous,1,6,1.0,1.0,2.6070742103811995e-05,0.0,0.0
repaired,for-12,overtone,0,joint,ambiguous,1,6,1.0,1.0,0.018863545064278675,0.0,0.0
old,for-12,overtone,0,joint,ambiguous,1,7,1.0,1.0,3.446235742199377e-05,0.0,0.0
repaired,for-12,overtone,0,joint,ambiguous,1,7,1.0,1.0,0.00504171198047576,0.0,0.0
old,for-12,overtone,0,joint,ambiguous,1,8,1.0,1.0,1.915511031924666e-05,0.0,0.0
repaired,for-12,overtone,0,joint,ambiguous,1,8,1.0,1.0,0.007222039908760358,0.0,0.0
old,for-12,overtone,0,joint,ambiguous,1,11,1.0,0.0,11.99999233206267,1.0,0.0
repaired,for-12,overtone,0,joint,ambiguous,1,11,1.0,1.0,0.0005301678351210431,0.0,0.0
old,for-12,overtone,0,joint,ambiguous,1,12,1.0,0.0,11.999978876288393,1.0,0.0
repaired,for-12,overtone,0,joint,ambiguous,1,12,1.0,1.0,0.0033768313793665072,0.0,0.0
old,for-12,overtone,0,joint,ambiguous,1,13,1.0,0.0,12.00000881566967,1.0,0.0
repaired,for-12,overtone,0,joint,ambiguous,1,13,1.0,1.0,0.00047117117409012366,0.0,0.0
old,for-13,overtone,0,matched,intact,0,0,1.0,1.0,5.75629366609691e-05,0.0,0.0
repaired,for-13,overtone,0,matched,intact,0,0,1.0,1.0,0.010769136313779456,0.0,0.0
old,for-13,overtone,0,matched,intact,0,1,1.0,1.0,1.1943444518713875e-05,0.0,0.0
repaired,for-13,overtone,0,matched,intact,0,1,1.0,1.0,0.012831325222227186,0.0,0.0
old,for-13,overtone,0,matched,intact,0,2,1.0,1.0,1.238683217685832e-05,0.0,0.0
repaired,for-13,overtone,0,matched,intact,0,2,1.0,1.0,0.007750677730426148,0.0,0.0
old,for-13,overtone,0,matched,intact,0,3,1.0,1.0,2.371827190850162e-05,0.0,0.0
repaired,for-13,overtone,0,matched,intact,0,3,1.0,1.0,0.01121492046640582,0.0,0.0
old,for-13,overtone,0,matched,intact,0,5,1.0,1.0,5.75629366609691e-05,0.0,0.0
repaired,for-13,overtone,0,matched,intact,0,5,1.0,1.0,0.010769136313779456,0.0,0.0
old,for-13,overtone,0,matched,intact,0,6,1.0,1.0,0.00010240551954421306,0.0,0.0
repaired,for-13,overtone,0,matched,intact,0,6,1.0,1.0,0.016162525852515763,0.0,0.0
old,for-13,overtone,0,matched,intact,0,7,1.0,1.0,1.238683217685832e-05,0.0,0.0
repaired,for-13,overtone,0,matched,intact,0,7,1.0,1.0,0.007750677730426148,0.0,0.0
old,for-13,overtone,0,matched,intact,0,8,1.0,1.0,1.2416529211911609e-05,0.0,0.0
repaired,for-13,overtone,0,matched,intact,0,8,1.0,1.0,0.0050011962871447935,0.0,0.0
old,for-13,overtone,0,matched,intact,0,11,1.0,1.0,5.75629366609691e-05,0.0,0.0
repaired,for-13,overtone,0,matched,intact,0,11,1.0,1.0,0.010769136313779456,0.0,0.0
old,for-13,overtone,0,matched,intact,0,12,1.0,1.0,1.1943444518713875e-05,0.0,0.0
repaired,for-13,overtone,0,matched,intact,0,12,1.0,1.0,0.012831325222227186,0.0,0.0
old,for-13,overtone,0,matched,intact,0,13,1.0,1.0,1.238683217685832e-05,0.0,0.0
repaired,for-13,overtone,0,matched,intact,0,13,1.0,1.0,0.007750677730426148,0.0,0.0
old,for-13,overtone,0,matched,intact,1,0,1.0,1.0,5.75629366609691e-05,0.0,0.0
repaired,for-13,overtone,0,matched,intact,1,0,1.0,1.0,0.010769136313779456,0.0,0.0
old,for-13,overtone,0,matched,intact,1,1,1.0,1.0,1.1943444518713875e-05,0.0,0.0
repaired,for-13,overtone,0,matched,intact,1,1,1.0,1.0,0.012831325222227186,0.0,0.0
old,for-13,overtone,0,matched,intact,1,2,1.0,1.0,1.238683217685832e-05,0.0,0.0
repaired,for-13,overtone,0,matched,intact,1,2,1.0,1.0,0.007750677730426148,0.0,0.0
old,for-13,overtone,0,matched,intact,1,3,1.0,1.0,1.2416529211911609e-05,0.0,0.0
repaired,for-13,overtone,0,matched,intact,1,3,1.0,1.0,0.0050011962871447935,0.0,0.0
old,for-13,overtone,0,matched,intact,1,5,1.0,1.0,5.75629366609691e-05,0.0,0.0
repaired,for-13,overtone,0,matched,intact,1,5,1.0,1.0,0.010769136313779456,0.0,0.0
old,for-13,overtone,0,matched,intact,1,6,1.0,1.0,0.00010240551954421306,0.0,0.0
repaired,for-13,overtone,0,matched,intact,1,6,1.0,1.0,0.016162525852515763,0.0,0.0
old,for-13,overtone,0,matched,intact,1,7,1.0,1.0,1.238683217685832e-05,0.0,0.0
repaired,for-13,overtone,0,matched,intact,1,7,1.0,1.0,0.007750677730426148,0.0,0.0
old,for-13,overtone,0,matched,intact,1,8,1.0,1.0,2.371827190850162e-05,0.0,0.0
repaired,for-13,overtone,0,matched,intact,1,8,1.0,1.0,0.01121492046640582,0.0,0.0
old,for-13,overtone,0,matched,intact,1,11,1.0,1.0,5.75629366609691e-05,0.0,0.0
repaired,for-13,overtone,0,matched,intact,1,11,1.0,1.0,0.010769136313779456,0.0,0.0
old,for-13,overtone,0,matched,intact,1,12,1.0,1.0,1.1943444518713875e-05,0.0,0.0
repaired,for-13,overtone,0,matched,intact,1,12,1.0,1.0,0.012831325222227186,0.0,0.0
old,for-13,overtone,0,matched,intact,1,13,1.0,1.0,1.238683217685832e-05,0.0,0.0
repaired,for-13,overtone,0,matched,intact,1,13,1.0,1.0,0.007750677730426148,0.0,0.0
old,for-13,overtone,0,timbre,intact,0,0,1.0,0.0,11.999996060565746,1.0,0.0
repaired,for-13,overtone,0,timbre,intact,0,0,1.0,1.0,0.00334982451971412,0.0,0.0
old,for-13,overtone,0,timbre,intact,0,1,1.0,0.0,12.000003177519345,1.0,0.0
repaired,for-13,overtone,0,timbre,intact,0,1,1.0,1.0,0.0042551159245620696,0.0,0.0
old,for-13,overtone,0,timbre,intact,0,2,1.0,0.0,11.999998949617492,1.0,0.0
repaired,for-13,overtone,0,timbre,intact,0,2,1.0,1.0,0.0034281969727132378,0.0,0.0
old,for-13,overtone,0,timbre,intact,0,3,1.0,0.0,12.000003106229714,1.0,0.0
repaired,for-13,overtone,0,timbre,intact,0,3,1.0,1.0,0.0038652325607706484,0.0,0.0
old,for-13,overtone,0,timbre,intact,0,5,1.0,0.0,11.999996060565746,1.0,0.0
repaired,for-13,overtone,0,timbre,intact,0,5,1.0,1.0,0.00334982451971412,0.0,0.0
old,for-13,overtone,0,timbre,intact,0,6,1.0,0.0,11.99999475533087,1.0,0.0
repaired,for-13,overtone,0,timbre,intact,0,6,1.0,1.0,0.004974815161902679,0.0,0.0
old,for-13,overtone,0,timbre,intact,0,7,1.0,0.0,11.999998949617492,1.0,0.0
repaired,for-13,overtone,0,timbre,intact,0,7,1.0,1.0,0.0034281969727132378,0.0,0.0
old,for-13,overtone,0,timbre,intact,0,8,1.0,0.0,12.000001289570594,1.0,0.0
repaired,for-13,overtone,0,timbre,intact,0,8,1.0,1.0,0.002761742215998453,0.0,0.0
old,for-13,overtone,0,timbre,intact,0,11,1.0,1.0,5.75629366609691e-05,0.0,0.0
repaired,for-13,overtone,0,timbre,intact,0,11,1.0,1.0,0.010769136313779456,0.0,0.0
old,for-13,overtone,0,timbre,intact,0,12,1.0,1.0,1.1943444518713875e-05,0.0,0.0
repaired,for-13,overtone,0,timbre,intact,0,12,1.0,1.0,0.012831325222227186,0.0,0.0
old,for-13,overtone,0,timbre,intact,0,13,1.0,1.0,1.238683217685832e-05,0.0,0.0
repaired,for-13,overtone,0,timbre,intact,0,13,1.0,1.0,0.007750677730426148,0.0,0.0
old,for-13,overtone,0,timbre,intact,1,0,1.0,0.0,11.999996060565746,1.0,0.0
repaired,for-13,overtone,0,timbre,intact,1,0,1.0,1.0,0.00334982451971412,0.0,0.0
old,for-13,overtone,0,timbre,intact,1,1,1.0,0.0,12.000003177519345,1.0,0.0
repaired,for-13,overtone,0,timbre,intact,1,1,1.0,1.0,0.0042551159245620696,0.0,0.0
old,for-13,overtone,0,timbre,intact,1,2,1.0,0.0,11.999998949617492,1.0,0.0
repaired,for-13,overtone,0,timbre,intact,1,2,1.0,1.0,0.0034281969727132378,0.0,0.0
old,for-13,overtone,0,timbre,intact,1,3,1.0,0.0,12.000001289570594,1.0,0.0
repaired,for-13,overtone,0,timbre,intact,1,3,1.0,1.0,0.002761742215998453,0.0,0.0
old,for-13,overtone,0,timbre,intact,1,5,1.0,0.0,11.999996060565746,1.0,0.0
repaired,for-13,overtone,0,timbre,intact,1,5,1.0,1.0,0.00334982451971412,0.0,0.0
old,for-13,overtone,0,timbre,intact,1,6,1.0,0.0,11.99999475533087,1.0,0.0
repaired,for-13,overtone,0,timbre,intact,1,6,1.0,1.0,0.004974815161902679,0.0,0.0
old,for-13,overtone,0,timbre,intact,1,7,1.0,0.0,11.999998949617492,1.0,0.0
repaired,for-13,overtone,0,timbre,intact,1,7,1.0,1.0,0.0034281969727132378,0.0,0.0
old,for-13,overtone,0,timbre,intact,1,8,1.0,0.0,12.000003106229714,1.0,0.0
repaired,for-13,overtone,0,timbre,intact,1,8,1.0,1.0,0.0038652325607706484,0.0,0.0
old,for-13,overtone,0,timbre,intact,1,11,1.0,1.0,5.75629366609691e-05,0.0,0.0
repaired,for-13,overtone,0,timbre,intact,1,11,1.0,1.0,0.010769136313779456,0.0,0.0
old,for-13,overtone,0,timbre,intact,1,12,1.0,1.0,1.1943444518713875e-05,0.0,0.0
repaired,for-13,overtone,0,timbre,intact,1,12,1.0,1.0,0.012831325222227186,0.0,0.0
old,for-13,overtone,0,timbre,intact,1,13,1.0,1.0,1.238683217685832e-05,0.0,0.0
repaired,for-13,overtone,0,timbre,intact,1,13,1.0,1.0,0.007750677730426148,0.0,0.0
old,for-13,overtone,0,duration,intact,0,0,1.0,1.0,5.75629366609691e-05,0.0,0.0
repaired,for-13,overtone,0,duration,intact,0,0,1.0,1.0,0.010769136313779456,0.0,0.0
old,for-13,overtone,0,duration,intact,0,1,1.0,1.0,1.1943444518713875e-05,0.0,0.0
repaired,for-13,overtone,0,duration,intact,0,1,1.0,1.0,0.012831325222227186,0.0,0.0
old,for-13,overtone,0,duration,intact,0,2,1.0,1.0,1.238683217685832e-05,0.0,0.0
repaired,for-13,overtone,0,duration,intact,0,2,1.0,1.0,0.007750677730426148,0.0,0.0
old,for-13,overtone,0,duration,intact,0,3,1.0,1.0,2.371827190850162e-05,0.0,0.0
repaired,for-13,overtone,0,duration,intact,0,3,1.0,1.0,0.01121492046640582,0.0,0.0
old,for-13,overtone,0,duration,intact,0,5,1.0,1.0,5.75629366609691e-05,0.0,0.0
repaired,for-13,overtone,0,duration,intact,0,5,1.0,1.0,0.010769136313779456,0.0,0.0
old,for-13,overtone,0,duration,intact,0,6,1.0,1.0,0.00010240551954421306,0.0,0.0
repaired,for-13,overtone,0,duration,intact,0,6,1.0,1.0,0.016162525852515763,0.0,0.0
old,for-13,overtone,0,duration,intact,0,7,1.0,1.0,1.238683217685832e-05,0.0,0.0
repaired,for-13,overtone,0,duration,intact,0,7,1.0,1.0,0.007750677730426148,0.0,0.0
old,for-13,overtone,0,duration,intact,0,8,1.0,1.0,1.2416529211911609e-05,0.0,0.0
repaired,for-13,overtone,0,duration,intact,0,8,1.0,1.0,0.0050011962871447935,0.0,0.0
old,for-13,overtone,0,duration,intact,0,11,1.0,1.0,5.5174829341756576e-05,0.0,0.0
repaired,for-13,overtone,0,duration,intact,0,11,1.0,1.0,0.002380945277119019,0.0,0.0
old,for-13,overtone,0,duration,intact,0,12,1.0,1.0,5.7295911084942475e-05,0.0,0.0
repaired,for-13,overtone,0,duration,intact,0,12,1.0,1.0,0.003020698141575462,0.0,0.0
old,for-13,overtone,0,duration,intact,0,13,1.0,1.0,2.1537990902764648e-05,0.0,0.0
repaired,for-13,overtone,0,duration,intact,0,13,1.0,1.0,0.0017878527292465307,0.0,0.0
old,for-13,overtone,0,duration,intact,1,0,1.0,1.0,5.75629366609691e-05,0.0,0.0
repaired,for-13,overtone,0,duration,intact,1,0,1.0,1.0,0.010769136313779456,0.0,0.0
old,for-13,overtone,0,duration,intact,1,1,1.0,1.0,1.1943444518713875e-05,0.0,0.0
repaired,for-13,overtone,0,duration,intact,1,1,1.0,1.0,0.012831325222227186,0.0,0.0
old,for-13,overtone,0,duration,intact,1,2,1.0,1.0,1.238683217685832e-05,0.0,0.0
repaired,for-13,overtone,0,duration,intact,1,2,1.0,1.0,0.007750677730426148,0.0,0.0
old,for-13,overtone,0,duration,intact,1,3,1.0,1.0,1.2416529211911609e-05,0.0,0.0
repaired,for-13,overtone,0,duration,intact,1,3,1.0,1.0,0.0050011962871447935,0.0,0.0
old,for-13,overtone,0,duration,intact,1,5,1.0,1.0,5.75629366609691e-05,0.0,0.0
repaired,for-13,overtone,0,duration,intact,1,5,1.0,1.0,0.010769136313779456,0.0,0.0
old,for-13,overtone,0,duration,intact,1,6,1.0,1.0,0.00010240551954421306,0.0,0.0
repaired,for-13,overtone,0,duration,intact,1,6,1.0,1.0,0.016162525852515763,0.0,0.0
old,for-13,overtone,0,duration,intact,1,7,1.0,1.0,1.238683217685832e-05,0.0,0.0
repaired,for-13,overtone,0,duration,intact,1,7,1.0,1.0,0.007750677730426148,0.0,0.0
old,for-13,overtone,0,duration,intact,1,8,1.0,1.0,2.371827190850162e-05,0.0,0.0
repaired,for-13,overtone,0,duration,intact,1,8,1.0,1.0,0.01121492046640582,0.0,0.0
old,for-13,overtone,0,duration,intact,1,11,1.0,1.0,5.5174829341756576e-05,0.0,0.0
repaired,for-13,overtone,0,duration,intact,1,11,1.0,1.0,0.002380945277119019,0.0,0.0
old,for-13,overtone,0,duration,intact,1,12,1.0,1.0,5.7295911084942475e-05,0.0,0.0
repaired,for-13,overtone,0,duration,intact,1,12,1.0,1.0,0.003020698141575462,0.0,0.0
old,for-13,overtone,0,duration,intact,1,13,1.0,1.0,2.1537990902764648e-05,0.0,0.0
repaired,for-13,overtone,0,duration,intact,1,13,1.0,1.0,0.0017878527292465307,0.0,0.0
old,for-13,overtone,0,joint,intact,0,0,1.0,0.0,11.999996060565746,1.0,0.0
repaired,for-13,overtone,0,joint,intact,0,0,1.0,1.0,0.00334982451971412,0.0,0.0
old,for-13,overtone,0,joint,intact,0,1,1.0,0.0,12.000003177519345,1.0,0.0
repaired,for-13,overtone,0,joint,intact,0,1,1.0,1.0,0.0042551159245620696,0.0,0.0
old,for-13,overtone,0,joint,intact,0,2,1.0,0.0,11.999998949617492,1.0,0.0
repaired,for-13,overtone,0,joint,intact,0,2,1.0,1.0,0.0034281969727132378,0.0,0.0
old,for-13,overtone,0,joint,intact,0,3,1.0,0.0,12.000003106229714,1.0,0.0
repaired,for-13,overtone,0,joint,intact,0,3,1.0,1.0,0.0038652325607706484,0.0,0.0
old,for-13,overtone,0,joint,intact,0,5,1.0,0.0,11.999996060565746,1.0,0.0
repaired,for-13,overtone,0,joint,intact,0,5,1.0,1.0,0.00334982451971412,0.0,0.0
old,for-13,overtone,0,joint,intact,0,6,1.0,0.0,11.99999475533087,1.0,0.0
repaired,for-13,overtone,0,joint,intact,0,6,1.0,1.0,0.004974815161902679,0.0,0.0
old,for-13,overtone,0,joint,intact,0,7,1.0,0.0,11.999998949617492,1.0,0.0
repaired,for-13,overtone,0,joint,intact,0,7,1.0,1.0,0.0034281969727132378,0.0,0.0
old,for-13,overtone,0,joint,intact,0,8,1.0,0.0,12.000001289570594,1.0,0.0
repaired,for-13,overtone,0,joint,intact,0,8,1.0,1.0,0.002761742215998453,0.0,0.0
old,for-13,overtone,0,joint,intact,0,11,1.0,1.0,5.5174829341756576e-05,0.0,0.0
repaired,for-13,overtone,0,joint,intact,0,11,1.0,1.0,0.002380945277119019,0.0,0.0
old,for-13,overtone,0,joint,intact,0,12,1.0,1.0,5.7295911084942475e-05,0.0,0.0
repaired,for-13,overtone,0,joint,intact,0,12,1.0,1.0,0.003020698141575462,0.0,0.0
old,for-13,overtone,0,joint,intact,0,13,1.0,1.0,2.1537990902764648e-05,0.0,0.0
repaired,for-13,overtone,0,joint,intact,0,13,1.0,1.0,0.0017878527292465307,0.0,0.0
old,for-13,overtone,0,joint,intact,1,0,1.0,0.0,11.999996060565746,1.0,0.0
repaired,for-13,overtone,0,joint,intact,1,0,1.0,1.0,0.00334982451971412,0.0,0.0
old,for-13,overtone,0,joint,intact,1,1,1.0,0.0,12.000003177519345,1.0,0.0
repaired,for-13,overtone,0,joint,intact,1,1,1.0,1.0,0.0042551159245620696,0.0,0.0
old,for-13,overtone,0,joint,intact,1,2,1.0,0.0,11.999998949617492,1.0,0.0
repaired,for-13,overtone,0,joint,intact,1,2,1.0,1.0,0.0034281969727132378,0.0,0.0
old,for-13,overtone,0,joint,intact,1,3,1.0,0.0,12.000001289570594,1.0,0.0
repaired,for-13,overtone,0,joint,intact,1,3,1.0,1.0,0.002761742215998453,0.0,0.0
old,for-13,overtone,0,joint,intact,1,5,1.0,0.0,11.999996060565746,1.0,0.0
repaired,for-13,overtone,0,joint,intact,1,5,1.0,1.0,0.00334982451971412,0.0,0.0
old,for-13,overtone,0,joint,intact,1,6,1.0,0.0,11.99999475533087,1.0,0.0
repaired,for-13,overtone,0,joint,intact,1,6,1.0,1.0,0.004974815161902679,0.0,0.0
old,for-13,overtone,0,joint,intact,1,7,1.0,0.0,11.999998949617492,1.0,0.0
repaired,for-13,overtone,0,joint,intact,1,7,1.0,1.0,0.0034281969727132378,0.0,0.0
old,for-13,overtone,0,joint,intact,1,8,1.0,0.0,12.000003106229714,1.0,0.0
repaired,for-13,overtone,0,joint,intact,1,8,1.0,1.0,0.0038652325607706484,0.0,0.0
old,for-13,overtone,0,joint,intact,1,11,1.0,1.0,5.5174829341756576e-05,0.0,0.0
repaired,for-13,overtone,0,joint,intact,1,11,1.0,1.0,0.002380945277119019,0.0,0.0
old,for-13,overtone,0,joint,intact,1,12,1.0,1.0,5.7295911084942475e-05,0.0,0.0
repaired,for-13,overtone,0,joint,intact,1,12,1.0,1.0,0.003020698141575462,0.0,0.0
old,for-13,overtone,0,joint,intact,1,13,1.0,1.0,2.1537990902764648e-05,0.0,0.0
repaired,for-13,overtone,0,joint,intact,1,13,1.0,1.0,0.0017878527292465307,0.0,0.0
old,for-13,overtone,0,joint,reset,0,0,1.0,0.0,11.999996060565746,1.0,0.0
repaired,for-13,overtone,0,joint,reset,0,0,1.0,1.0,0.00334982451971412,0.0,0.0
old,for-13,overtone,0,joint,reset,0,1,1.0,0.0,12.000003177519345,1.0,0.0
repaired,for-13,overtone,0,joint,reset,0,1,1.0,1.0,0.0042551159245620696,0.0,0.0
old,for-13,overtone,0,joint,reset,0,2,1.0,0.0,11.999998949617492,1.0,0.0
repaired,for-13,overtone,0,joint,reset,0,2,1.0,1.0,0.0034281969727132378,0.0,0.0
old,for-13,overtone,0,joint,reset,0,3,1.0,0.0,12.000003106229714,1.0,0.0
repaired,for-13,overtone,0,joint,reset,0,3,1.0,1.0,0.0038652325607706484,0.0,0.0
old,for-13,overtone,0,joint,reset,0,5,1.0,0.0,11.999996060565746,1.0,0.0
repaired,for-13,overtone,0,joint,reset,0,5,1.0,1.0,0.00334982451971412,0.0,0.0
old,for-13,overtone,0,joint,reset,0,6,1.0,0.0,11.99999475533087,1.0,0.0
repaired,for-13,overtone,0,joint,reset,0,6,1.0,1.0,0.004974815161902679,0.0,0.0
old,for-13,overtone,0,joint,reset,0,7,1.0,0.0,11.999998949617492,1.0,0.0
repaired,for-13,overtone,0,joint,reset,0,7,1.0,1.0,0.0034281969727132378,0.0,0.0
old,for-13,overtone,0,joint,reset,0,8,1.0,0.0,12.000001289570594,1.0,0.0
repaired,for-13,overtone,0,joint,reset,0,8,1.0,1.0,0.002761742215998453,0.0,0.0
old,for-13,overtone,0,joint,reset,0,11,1.0,1.0,5.5174829341756576e-05,0.0,0.0
repaired,for-13,overtone,0,joint,reset,0,11,1.0,1.0,0.002380945277119019,0.0,0.0
old,for-13,overtone,0,joint,reset,0,12,1.0,1.0,5.7295911084942475e-05,0.0,0.0
repaired,for-13,overtone,0,joint,reset,0,12,1.0,1.0,0.003020698141575462,0.0,0.0
old,for-13,overtone,0,joint,reset,0,13,1.0,1.0,2.1537990902764648e-05,0.0,0.0
repaired,for-13,overtone,0,joint,reset,0,13,1.0,1.0,0.0017878527292465307,0.0,0.0
old,for-13,overtone,0,joint,reset,1,0,1.0,0.0,11.999996060565746,1.0,0.0
repaired,for-13,overtone,0,joint,reset,1,0,1.0,1.0,0.00334982451971412,0.0,0.0
old,for-13,overtone,0,joint,reset,1,1,1.0,0.0,12.000003177519345,1.0,0.0
repaired,for-13,overtone,0,joint,reset,1,1,1.0,1.0,0.0042551159245620696,0.0,0.0
old,for-13,overtone,0,joint,reset,1,2,1.0,0.0,11.999998949617492,1.0,0.0
repaired,for-13,overtone,0,joint,reset,1,2,1.0,1.0,0.0034281969727132378,0.0,0.0
old,for-13,overtone,0,joint,reset,1,3,1.0,0.0,12.000001289570594,1.0,0.0
repaired,for-13,overtone,0,joint,reset,1,3,1.0,1.0,0.002761742215998453,0.0,0.0
old,for-13,overtone,0,joint,reset,1,5,1.0,0.0,11.999996060565746,1.0,0.0
repaired,for-13,overtone,0,joint,reset,1,5,1.0,1.0,0.00334982451971412,0.0,0.0
old,for-13,overtone,0,joint,reset,1,6,1.0,0.0,11.99999475533087,1.0,0.0
repaired,for-13,overtone,0,joint,reset,1,6,1.0,1.0,0.004974815161902679,0.0,0.0
old,for-13,overtone,0,joint,reset,1,7,1.0,0.0,11.999998949617492,1.0,0.0
repaired,for-13,overtone,0,joint,reset,1,7,1.0,1.0,0.0034281969727132378,0.0,0.0
old,for-13,overtone,0,joint,reset,1,8,1.0,0.0,12.000003106229714,1.0,0.0
repaired,for-13,overtone,0,joint,reset,1,8,1.0,1.0,0.0038652325607706484,0.0,0.0
old,for-13,overtone,0,joint,reset,1,11,1.0,1.0,5.5174829341756576e-05,0.0,0.0
repaired,for-13,overtone,0,joint,reset,1,11,1.0,1.0,0.002380945277119019,0.0,0.0
old,for-13,overtone,0,joint,reset,1,12,1.0,1.0,5.7295911084942475e-05,0.0,0.0
repaired,for-13,overtone,0,joint,reset,1,12,1.0,1.0,0.003020698141575462,0.0,0.0
old,for-13,overtone,0,joint,reset,1,13,1.0,1.0,2.1537990902764648e-05,0.0,0.0
repaired,for-13,overtone,0,joint,reset,1,13,1.0,1.0,0.0017878527292465307,0.0,0.0
old,for-13,overtone,0,joint,removal,0,0,1.0,0.0,11.999996060565746,1.0,0.0
repaired,for-13,overtone,0,joint,removal,0,0,1.0,1.0,0.00334982451971412,0.0,0.0
old,for-13,overtone,0,joint,removal,0,1,1.0,0.0,12.000003177519345,1.0,0.0
repaired,for-13,overtone,0,joint,removal,0,1,1.0,1.0,0.0042551159245620696,0.0,0.0
old,for-13,overtone,0,joint,removal,0,2,1.0,0.0,11.999998949617492,1.0,0.0
repaired,for-13,overtone,0,joint,removal,0,2,1.0,1.0,0.0034281969727132378,0.0,0.0
old,for-13,overtone,0,joint,removal,0,5,1.0,0.0,11.999996060565746,1.0,0.0
repaired,for-13,overtone,0,joint,removal,0,5,1.0,1.0,0.00334982451971412,0.0,0.0
old,for-13,overtone,0,joint,removal,0,6,1.0,0.0,11.99999475533087,1.0,0.0
repaired,for-13,overtone,0,joint,removal,0,6,1.0,1.0,0.004974815161902679,0.0,0.0
old,for-13,overtone,0,joint,removal,0,7,1.0,0.0,11.999998949617492,1.0,0.0
repaired,for-13,overtone,0,joint,removal,0,7,1.0,1.0,0.0034281969727132378,0.0,0.0
old,for-13,overtone,0,joint,removal,0,11,1.0,1.0,5.5174829341756576e-05,0.0,0.0
repaired,for-13,overtone,0,joint,removal,0,11,1.0,1.0,0.002380945277119019,0.0,0.0
old,for-13,overtone,0,joint,removal,0,12,1.0,1.0,5.7295911084942475e-05,0.0,0.0
repaired,for-13,overtone,0,joint,removal,0,12,1.0,1.0,0.003020698141575462,0.0,0.0
old,for-13,overtone,0,joint,removal,0,13,1.0,1.0,2.1537990902764648e-05,0.0,0.0
repaired,for-13,overtone,0,joint,removal,0,13,1.0,1.0,0.0017878527292465307,0.0,0.0
old,for-13,overtone,0,joint,removal,1,0,1.0,0.0,11.999996060565746,1.0,0.0
repaired,for-13,overtone,0,joint,removal,1,0,1.0,1.0,0.00334982451971412,0.0,0.0
old,for-13,overtone,0,joint,removal,1,1,1.0,0.0,12.000003177519345,1.0,0.0
repaired,for-13,overtone,0,joint,removal,1,1,1.0,1.0,0.0042551159245620696,0.0,0.0
old,for-13,overtone,0,joint,removal,1,2,1.0,0.0,11.999998949617492,1.0,0.0
repaired,for-13,overtone,0,joint,removal,1,2,1.0,1.0,0.0034281969727132378,0.0,0.0
old,for-13,overtone,0,joint,removal,1,5,1.0,0.0,11.999996060565746,1.0,0.0
repaired,for-13,overtone,0,joint,removal,1,5,1.0,1.0,0.00334982451971412,0.0,0.0
old,for-13,overtone,0,joint,removal,1,6,1.0,0.0,11.99999475533087,1.0,0.0
repaired,for-13,overtone,0,joint,removal,1,6,1.0,1.0,0.004974815161902679,0.0,0.0
old,for-13,overtone,0,joint,removal,1,7,1.0,0.0,11.999998949617492,1.0,0.0
repaired,for-13,overtone,0,joint,removal,1,7,1.0,1.0,0.0034281969727132378,0.0,0.0
old,for-13,overtone,0,joint,removal,1,11,1.0,1.0,5.5174829341756576e-05,0.0,0.0
repaired,for-13,overtone,0,joint,removal,1,11,1.0,1.0,0.002380945277119019,0.0,0.0
old,for-13,overtone,0,joint,removal,1,12,1.0,1.0,5.7295911084942475e-05,0.0,0.0
repaired,for-13,overtone,0,joint,removal,1,12,1.0,1.0,0.003020698141575462,0.0,0.0
old,for-13,overtone,0,joint,removal,1,13,1.0,1.0,2.1537990902764648e-05,0.0,0.0
repaired,for-13,overtone,0,joint,removal,1,13,1.0,1.0,0.0017878527292465307,0.0,0.0
old,for-13,overtone,0,joint,swap,0,0,1.0,0.0,11.999996060565746,1.0,0.0
repaired,for-13,overtone,0,joint,swap,0,0,1.0,1.0,0.00334982451971412,0.0,0.0
old,for-13,overtone,0,joint,swap,0,1,1.0,0.0,12.000003177519345,1.0,0.0
repaired,for-13,overtone,0,joint,swap,0,1,1.0,1.0,0.0042551159245620696,0.0,0.0
old,for-13,overtone,0,joint,swap,0,2,1.0,0.0,11.999998949617492,1.0,0.0
repaired,for-13,overtone,0,joint,swap,0,2,1.0,1.0,0.0034281969727132378,0.0,0.0
old,for-13,overtone,0,joint,swap,0,3,1.0,0.0,12.000001289570594,1.0,0.0
repaired,for-13,overtone,0,joint,swap,0,3,1.0,1.0,0.002761742215998453,0.0,0.0
old,for-13,overtone,0,joint,swap,0,5,1.0,0.0,11.999996060565746,1.0,0.0
repaired,for-13,overtone,0,joint,swap,0,5,1.0,1.0,0.00334982451971412,0.0,0.0
old,for-13,overtone,0,joint,swap,0,6,1.0,0.0,11.99999475533087,1.0,0.0
repaired,for-13,overtone,0,joint,swap,0,6,1.0,1.0,0.004974815161902679,0.0,0.0
old,for-13,overtone,0,joint,swap,0,7,1.0,0.0,11.999998949617492,1.0,0.0
repaired,for-13,overtone,0,joint,swap,0,7,1.0,1.0,0.0034281969727132378,0.0,0.0
old,for-13,overtone,0,joint,swap,0,8,1.0,0.0,12.000003106229714,1.0,0.0
repaired,for-13,overtone,0,joint,swap,0,8,1.0,1.0,0.0038652325607706484,0.0,0.0
old,for-13,overtone,0,joint,swap,0,11,1.0,1.0,5.5174829341756576e-05,0.0,0.0
repaired,for-13,overtone,0,joint,swap,0,11,1.0,1.0,0.002380945277119019,0.0,0.0
old,for-13,overtone,0,joint,swap,0,12,1.0,1.0,5.7295911084942475e-05,0.0,0.0
repaired,for-13,overtone,0,joint,swap,0,12,1.0,1.0,0.003020698141575462,0.0,0.0
old,for-13,overtone,0,joint,swap,0,13,1.0,1.0,2.1537990902764648e-05,0.0,0.0
repaired,for-13,overtone,0,joint,swap,0,13,1.0,1.0,0.0017878527292465307,0.0,0.0
old,for-13,overtone,0,joint,swap,1,0,1.0,0.0,11.999996060565746,1.0,0.0
repaired,for-13,overtone,0,joint,swap,1,0,1.0,1.0,0.00334982451971412,0.0,0.0
old,for-13,overtone,0,joint,swap,1,1,1.0,0.0,12.000003177519345,1.0,0.0
repaired,for-13,overtone,0,joint,swap,1,1,1.0,1.0,0.0042551159245620696,0.0,0.0
old,for-13,overtone,0,joint,swap,1,2,1.0,0.0,11.999998949617492,1.0,0.0
repaired,for-13,overtone,0,joint,swap,1,2,1.0,1.0,0.0034281969727132378,0.0,0.0
old,for-13,overtone,0,joint,swap,1,3,1.0,0.0,12.000003106229714,1.0,0.0
repaired,for-13,overtone,0,joint,swap,1,3,1.0,1.0,0.0038652325607706484,0.0,0.0
old,for-13,overtone,0,joint,swap,1,5,1.0,0.0,11.999996060565746,1.0,0.0
repaired,for-13,overtone,0,joint,swap,1,5,1.0,1.0,0.00334982451971412,0.0,0.0
old,for-13,overtone,0,joint,swap,1,6,1.0,0.0,11.99999475533087,1.0,0.0
repaired,for-13,overtone,0,joint,swap,1,6,1.0,1.0,0.004974815161902679,0.0,0.0
old,for-13,overtone,0,joint,swap,1,7,1.0,0.0,11.999998949617492,1.0,0.0
repaired,for-13,overtone,0,joint,swap,1,7,1.0,1.0,0.0034281969727132378,0.0,0.0
old,for-13,overtone,0,joint,swap,1,8,1.0,0.0,12.000001289570594,1.0,0.0
repaired,for-13,overtone,0,joint,swap,1,8,1.0,1.0,0.002761742215998453,0.0,0.0
old,for-13,overtone,0,joint,swap,1,11,1.0,1.0,5.5174829341756576e-05,0.0,0.0
repaired,for-13,overtone,0,joint,swap,1,11,1.0,1.0,0.002380945277119019,0.0,0.0
old,for-13,overtone,0,joint,swap,1,12,1.0,1.0,5.7295911084942475e-05,0.0,0.0
repaired,for-13,overtone,0,joint,swap,1,12,1.0,1.0,0.003020698141575462,0.0,0.0
old,for-13,overtone,0,joint,swap,1,13,1.0,1.0,2.1537990902764648e-05,0.0,0.0
repaired,for-13,overtone,0,joint,swap,1,13,1.0,1.0,0.0017878527292465307,0.0,0.0
old,for-13,overtone,0,joint,shuffle,0,0,1.0,0.0,11.999996060565746,1.0,0.0
repaired,for-13,overtone,0,joint,shuffle,0,0,1.0,1.0,0.00334982451971412,0.0,0.0
old,for-13,overtone,0,joint,shuffle,0,1,1.0,0.0,11.99999475533087,1.0,0.0
repaired,for-13,overtone,0,joint,shuffle,0,1,1.0,1.0,0.004974815161902679,0.0,0.0
old,for-13,overtone,0,joint,shuffle,0,2,1.0,0.0,11.999998949617492,1.0,0.0
repaired,for-13,overtone,0,joint,shuffle,0,2,1.0,1.0,0.0034281969727132378,0.0,0.0
old,for-13,overtone,0,joint,shuffle,0,3,1.0,0.0,12.000001289570594,1.0,0.0
repaired,for-13,overtone,0,joint,shuffle,0,3,1.0,1.0,0.002761742215998453,0.0,0.0
old,for-13,overtone,0,joint,shuffle,0,5,1.0,0.0,11.999996060565746,1.0,0.0
repaired,for-13,overtone,0,joint,shuffle,0,5,1.0,1.0,0.00334982451971412,0.0,0.0
old,for-13,overtone,0,joint,shuffle,0,6,1.0,0.0,12.000003177519345,1.0,0.0
repaired,for-13,overtone,0,joint,shuffle,0,6,1.0,1.0,0.0042551159245620696,0.0,0.0
old,for-13,overtone,0,joint,shuffle,0,7,1.0,0.0,11.999998949617492,1.0,0.0
repaired,for-13,overtone,0,joint,shuffle,0,7,1.0,1.0,0.0034281969727132378,0.0,0.0
old,for-13,overtone,0,joint,shuffle,0,8,1.0,0.0,12.000003106229714,1.0,0.0
repaired,for-13,overtone,0,joint,shuffle,0,8,1.0,1.0,0.0038652325607706484,0.0,0.0
old,for-13,overtone,0,joint,shuffle,0,11,1.0,1.0,5.5174829341756576e-05,0.0,0.0
repaired,for-13,overtone,0,joint,shuffle,0,11,1.0,1.0,0.002380945277119019,0.0,0.0
old,for-13,overtone,0,joint,shuffle,0,12,1.0,1.0,5.7295911084942475e-05,0.0,0.0
repaired,for-13,overtone,0,joint,shuffle,0,12,1.0,1.0,0.003020698141575462,0.0,0.0
old,for-13,overtone,0,joint,shuffle,0,13,1.0,1.0,2.1537990902764648e-05,0.0,0.0
repaired,for-13,overtone,0,joint,shuffle,0,13,1.0,1.0,0.0017878527292465307,0.0,0.0
old,for-13,overtone,0,joint,shuffle,1,0,1.0,0.0,11.999996060565746,1.0,0.0
repaired,for-13,overtone,0,joint,shuffle,1,0,1.0,1.0,0.00334982451971412,0.0,0.0
old,for-13,overtone,0,joint,shuffle,1,1,1.0,0.0,11.99999475533087,1.0,0.0
repaired,for-13,overtone,0,joint,shuffle,1,1,1.0,1.0,0.004974815161902679,0.0,0.0
old,for-13,overtone,0,joint,shuffle,1,2,1.0,0.0,11.999998949617492,1.0,0.0
repaired,for-13,overtone,0,joint,shuffle,1,2,1.0,1.0,0.0034281969727132378,0.0,0.0
old,for-13,overtone,0,joint,shuffle,1,3,1.0,0.0,12.000003106229714,1.0,0.0
repaired,for-13,overtone,0,joint,shuffle,1,3,1.0,1.0,0.0038652325607706484,0.0,0.0
old,for-13,overtone,0,joint,shuffle,1,5,1.0,0.0,11.999996060565746,1.0,0.0
repaired,for-13,overtone,0,joint,shuffle,1,5,1.0,1.0,0.00334982451971412,0.0,0.0
old,for-13,overtone,0,joint,shuffle,1,6,1.0,0.0,12.000003177519345,1.0,0.0
repaired,for-13,overtone,0,joint,shuffle,1,6,1.0,1.0,0.0042551159245620696,0.0,0.0
old,for-13,overtone,0,joint,shuffle,1,7,1.0,0.0,11.999998949617492,1.0,0.0
repaired,for-13,overtone,0,joint,shuffle,1,7,1.0,1.0,0.0034281969727132378,0.0,0.0
old,for-13,overtone,0,joint,shuffle,1,8,1.0,0.0,12.000001289570594,1.0,0.0
repaired,for-13,overtone,0,joint,shuffle,1,8,1.0,1.0,0.002761742215998453,0.0,0.0
old,for-13,overtone,0,joint,shuffle,1,11,1.0,1.0,5.5174829341756576e-05,0.0,0.0
repaired,for-13,overtone,0,joint,shuffle,1,11,1.0,1.0,0.002380945277119019,0.0,0.0
old,for-13,overtone,0,joint,shuffle,1,12,1.0,1.0,5.7295911084942475e-05,0.0,0.0
repaired,for-13,overtone,0,joint,shuffle,1,12,1.0,1.0,0.003020698141575462,0.0,0.0
old,for-13,overtone,0,joint,shuffle,1,13,1.0,1.0,2.1537990902764648e-05,0.0,0.0
repaired,for-13,overtone,0,joint,shuffle,1,13,1.0,1.0,0.0017878527292465307,0.0,0.0
old,for-13,overtone,0,joint,ambiguous,0,0,1.0,0.0,11.999996060565746,1.0,0.0
repaired,for-13,overtone,0,joint,ambiguous,0,0,1.0,1.0,0.00334982451971412,0.0,0.0
old,for-13,overtone,0,joint,ambiguous,0,1,1.0,0.0,12.000003177519345,1.0,0.0
repaired,for-13,overtone,0,joint,ambiguous,0,1,1.0,1.0,0.0042551159245620696,0.0,0.0
old,for-13,overtone,0,joint,ambiguous,0,2,1.0,0.0,11.999998949617492,1.0,0.0
repaired,for-13,overtone,0,joint,ambiguous,0,2,1.0,1.0,0.0034281969727132378,0.0,0.0
old,for-13,overtone,0,joint,ambiguous,0,3,1.0,0.0,12.000003106229714,1.0,0.0
repaired,for-13,overtone,0,joint,ambiguous,0,3,1.0,1.0,0.0038652325607706484,0.0,0.0
old,for-13,overtone,0,joint,ambiguous,0,5,1.0,0.0,11.999996060565746,1.0,0.0
repaired,for-13,overtone,0,joint,ambiguous,0,5,1.0,1.0,0.00334982451971412,0.0,0.0
old,for-13,overtone,0,joint,ambiguous,0,6,1.0,0.0,12.000003177519345,1.0,0.0
repaired,for-13,overtone,0,joint,ambiguous,0,6,1.0,1.0,0.0042551159245620696,0.0,0.0
old,for-13,overtone,0,joint,ambiguous,0,7,1.0,0.0,11.999998949617492,1.0,0.0
repaired,for-13,overtone,0,joint,ambiguous,0,7,1.0,1.0,0.0034281969727132378,0.0,0.0
old,for-13,overtone,0,joint,ambiguous,0,8,1.0,0.0,12.000001289570594,1.0,0.0
repaired,for-13,overtone,0,joint,ambiguous,0,8,1.0,1.0,0.002761742215998453,0.0,0.0
old,for-13,overtone,0,joint,ambiguous,0,11,1.0,1.0,5.5174829341756576e-05,0.0,0.0
repaired,for-13,overtone,0,joint,ambiguous,0,11,1.0,1.0,0.002380945277119019,0.0,0.0
old,for-13,overtone,0,joint,ambiguous,0,12,1.0,1.0,5.7295911084942475e-05,0.0,0.0
repaired,for-13,overtone,0,joint,ambiguous,0,12,1.0,1.0,0.003020698141575462,0.0,0.0
old,for-13,overtone,0,joint,ambiguous,0,13,1.0,1.0,2.1537990902764648e-05,0.0,0.0
repaired,for-13,overtone,0,joint,ambiguous,0,13,1.0,1.0,0.0017878527292465307,0.0,0.0
old,for-13,overtone,0,joint,ambiguous,1,0,1.0,0.0,11.999996060565746,1.0,0.0
repaired,for-13,overtone,0,joint,ambiguous,1,0,1.0,1.0,0.00334982451971412,0.0,0.0
old,for-13,overtone,0,joint,ambiguous,1,1,1.0,0.0,12.000003177519345,1.0,0.0
repaired,for-13,overtone,0,joint,ambiguous,1,1,1.0,1.0,0.0042551159245620696,0.0,0.0
old,for-13,overtone,0,joint,ambiguous,1,2,1.0,0.0,11.999998949617492,1.0,0.0
repaired,for-13,overtone,0,joint,ambiguous,1,2,1.0,1.0,0.0034281969727132378,0.0,0.0
old,for-13,overtone,0,joint,ambiguous,1,3,1.0,0.0,12.000003106229714,1.0,0.0
repaired,for-13,overtone,0,joint,ambiguous,1,3,1.0,1.0,0.0038652325607706484,0.0,0.0
old,for-13,overtone,0,joint,ambiguous,1,5,1.0,0.0,11.999996060565746,1.0,0.0
repaired,for-13,overtone,0,joint,ambiguous,1,5,1.0,1.0,0.00334982451971412,0.0,0.0
old,for-13,overtone,0,joint,ambiguous,1,6,1.0,0.0,12.000003177519345,1.0,0.0
repaired,for-13,overtone,0,joint,ambiguous,1,6,1.0,1.0,0.0042551159245620696,0.0,0.0
old,for-13,overtone,0,joint,ambiguous,1,7,1.0,0.0,11.999998949617492,1.0,0.0
repaired,for-13,overtone,0,joint,ambiguous,1,7,1.0,1.0,0.0034281969727132378,0.0,0.0
old,for-13,overtone,0,joint,ambiguous,1,8,1.0,0.0,12.000001289570594,1.0,0.0
repaired,for-13,overtone,0,joint,ambiguous,1,8,1.0,1.0,0.002761742215998453,0.0,0.0
old,for-13,overtone,0,joint,ambiguous,1,11,1.0,1.0,5.5174829341756576e-05,0.0,0.0
repaired,for-13,overtone,0,joint,ambiguous,1,11,1.0,1.0,0.002380945277119019,0.0,0.0
old,for-13,overtone,0,joint,ambiguous,1,12,1.0,1.0,5.7295911084942475e-05,0.0,0.0
repaired,for-13,overtone,0,joint,ambiguous,1,12,1.0,1.0,0.003020698141575462,0.0,0.0
old,for-13,overtone,0,joint,ambiguous,1,13,1.0,1.0,2.1537990902764648e-05,0.0,0.0
repaired,for-13,overtone,0,joint,ambiguous,1,13,1.0,1.0,0.0017878527292465307,0.0,0.0
old,for-14,overtone,18,matched,intact,0,0,1.0,1.0,3.902084362295e-06,0.0,0.0
repaired,for-14,overtone,18,matched,intact,0,0,1.0,1.0,0.00058792977183586,0.0,0.0
old,for-14,overtone,18,matched,intact,0,1,1.0,1.0,8.196872411048162e-06,0.0,0.0
repaired,for-14,overtone,18,matched,intact,0,1,1.0,1.0,0.0012830058130113287,0.0,0.0
old,for-14,overtone,18,matched,intact,0,2,1.0,1.0,5.187282283714012e-07,0.0,0.0
repaired,for-14,overtone,18,matched,intact,0,2,1.0,1.0,0.002468332769353765,0.0,0.0
old,for-14,overtone,18,matched,intact,0,3,1.0,1.0,3.902084362295e-06,0.0,0.0
repaired,for-14,overtone,18,matched,intact,0,3,1.0,1.0,0.00058792977183586,0.0,0.0
old,for-14,overtone,18,matched,intact,0,5,1.0,1.0,3.902084362295e-06,0.0,0.0
repaired,for-14,overtone,18,matched,intact,0,5,1.0,1.0,0.00058792977183586,0.0,0.0
old,for-14,overtone,18,matched,intact,0,6,1.0,1.0,1.928226057046345e-06,0.0,0.0
repaired,for-14,overtone,18,matched,intact,0,6,1.0,1.0,0.0023562546152184893,0.0,0.0
old,for-14,overtone,18,matched,intact,0,7,1.0,1.0,5.187282283714012e-07,0.0,0.0
repaired,for-14,overtone,18,matched,intact,0,7,1.0,1.0,0.002468332769353765,0.0,0.0
old,for-14,overtone,18,matched,intact,0,8,1.0,1.0,1.8163871118304087e-06,0.0,0.0
repaired,for-14,overtone,18,matched,intact,0,8,1.0,1.0,0.0028338503376197366,0.0,0.0
old,for-14,overtone,18,matched,intact,0,11,1.0,1.0,3.902084362295e-06,0.0,0.0
repaired,for-14,overtone,18,matched,intact,0,11,1.0,1.0,0.00058792977183586,0.0,0.0
old,for-14,overtone,18,matched,intact,0,12,1.0,1.0,8.196872411048162e-06,0.0,0.0
repaired,for-14,overtone,18,matched,intact,0,12,1.0,1.0,0.0012830058130113287,0.0,0.0
old,for-14,overtone,18,matched,intact,0,13,1.0,1.0,5.187282283714012e-07,0.0,0.0
repaired,for-14,overtone,18,matched,intact,0,13,1.0,1.0,0.002468332769353765,0.0,0.0
old,for-14,overtone,18,matched,intact,1,0,1.0,1.0,3.902084362295e-06,0.0,0.0
repaired,for-14,overtone,18,matched,intact,1,0,1.0,1.0,0.00058792977183586,0.0,0.0
old,for-14,overtone,18,matched,intact,1,1,1.0,1.0,8.196872411048162e-06,0.0,0.0
repaired,for-14,overtone,18,matched,intact,1,1,1.0,1.0,0.0012830058130113287,0.0,0.0
old,for-14,overtone,18,matched,intact,1,2,1.0,1.0,5.187282283714012e-07,0.0,0.0
repaired,for-14,overtone,18,matched,intact,1,2,1.0,1.0,0.002468332769353765,0.0,0.0
old,for-14,overtone,18,matched,intact,1,3,1.0,1.0,1.8163871118304087e-06,0.0,0.0
repaired,for-14,overtone,18,matched,intact,1,3,1.0,1.0,0.0028338503376197366,0.0,0.0
old,for-14,overtone,18,matched,intact,1,5,1.0,1.0,3.902084362295e-06,0.0,0.0
repaired,for-14,overtone,18,matched,intact,1,5,1.0,1.0,0.00058792977183586,0.0,0.0
old,for-14,overtone,18,matched,intact,1,6,1.0,1.0,1.928226057046345e-06,0.0,0.0
repaired,for-14,overtone,18,matched,intact,1,6,1.0,1.0,0.0023562546152184893,0.0,0.0
old,for-14,overtone,18,matched,intact,1,7,1.0,1.0,5.187282283714012e-07,0.0,0.0
repaired,for-14,overtone,18,matched,intact,1,7,1.0,1.0,0.002468332769353765,0.0,0.0
old,for-14,overtone,18,matched,intact,1,8,1.0,1.0,3.902084362295e-06,0.0,0.0
repaired,for-14,overtone,18,matched,intact,1,8,1.0,1.0,0.00058792977183586,0.0,0.0
old,for-14,overtone,18,matched,intact,1,11,1.0,1.0,3.902084362295e-06,0.0,0.0
repaired,for-14,overtone,18,matched,intact,1,11,1.0,1.0,0.00058792977183586,0.0,0.0
old,for-14,overtone,18,matched,intact,1,12,1.0,1.0,8.196872411048162e-06,0.0,0.0
repaired,for-14,overtone,18,matched,intact,1,12,1.0,1.0,0.0012830058130113287,0.0,0.0
old,for-14,overtone,18,matched,intact,1,13,1.0,1.0,5.187282283714012e-07,0.0,0.0
repaired,for-14,overtone,18,matched,intact,1,13,1.0,1.0,0.002468332769353765,0.0,0.0
old,for-14,overtone,18,timbre,intact,0,0,1.0,1.0,3.902084362295e-06,0.0,0.0
repaired,for-14,overtone,18,timbre,intact,0,0,1.0,1.0,0.00058792977183586,0.0,0.0
old,for-14,overtone,18,timbre,intact,0,1,1.0,1.0,8.196872411048162e-06,0.0,0.0
repaired,for-14,overtone,18,timbre,intact,0,1,1.0,1.0,0.0012830058130113287,0.0,0.0
old,for-14,overtone,18,timbre,intact,0,2,1.0,1.0,5.187282283714012e-07,0.0,0.0
repaired,for-14,overtone,18,timbre,intact,0,2,1.0,1.0,0.002468332769353765,0.0,0.0
old,for-14,overtone,18,timbre,intact,0,3,1.0,1.0,3.902084362295e-06,0.0,0.0
repaired,for-14,overtone,18,timbre,intact,0,3,1.0,1.0,0.00058792977183586,0.0,0.0
old,for-14,overtone,18,timbre,intact,0,5,1.0,1.0,3.902084362295e-06,0.0,0.0
repaired,for-14,overtone,18,timbre,intact,0,5,1.0,1.0,0.00058792977183586,0.0,0.0
old,for-14,overtone,18,timbre,intact,0,6,1.0,1.0,1.928226057046345e-06,0.0,0.0
repaired,for-14,overtone,18,timbre,intact,0,6,1.0,1.0,0.0023562546152184893,0.0,0.0
old,for-14,overtone,18,timbre,intact,0,7,1.0,1.0,5.187282283714012e-07,0.0,0.0
repaired,for-14,overtone,18,timbre,intact,0,7,1.0,1.0,0.002468332769353765,0.0,0.0
old,for-14,overtone,18,timbre,intact,0,8,1.0,1.0,1.8163871118304087e-06,0.0,0.0
repaired,for-14,overtone,18,timbre,intact,0,8,1.0,1.0,0.0028338503376197366,0.0,0.0
old,for-14,overtone,18,timbre,intact,0,11,1.0,0.0,12.000000877261687,1.0,0.0
repaired,for-14,overtone,18,timbre,intact,0,11,1.0,1.0,0.002761684299834144,0.0,0.0
old,for-14,overtone,18,timbre,intact,0,12,1.0,0.0,12.000001025042835,1.0,0.0
repaired,for-14,overtone,18,timbre,intact,0,12,1.0,1.0,0.0013831388110148168,0.0,0.0
old,for-14,overtone,18,timbre,intact,0,13,1.0,0.0,12.000000348554131,1.0,0.0
repaired,for-14,overtone,18,timbre,intact,0,13,1.0,1.0,0.007149210367650483,0.0,0.0
old,for-14,overtone,18,timbre,intact,1,0,1.0,1.0,3.902084362295e-06,0.0,0.0
repaired,for-14,overtone,18,timbre,intact,1,0,1.0,1.0,0.00058792977183586,0.0,0.0
old,for-14,overtone,18,timbre,intact,1,1,1.0,1.0,8.196872411048162e-06,0.0,0.0
repaired,for-14,overtone,18,timbre,intact,1,1,1.0,1.0,0.0012830058130113287,0.0,0.0
old,for-14,overtone,18,timbre,intact,1,2,1.0,1.0,5.187282283714012e-07,0.0,0.0
repaired,for-14,overtone,18,timbre,intact,1,2,1.0,1.0,0.002468332769353765,0.0,0.0
old,for-14,overtone,18,timbre,intact,1,3,1.0,1.0,1.8163871118304087e-06,0.0,0.0
repaired,for-14,overtone,18,timbre,intact,1,3,1.0,1.0,0.0028338503376197366,0.0,0.0
old,for-14,overtone,18,timbre,intact,1,5,1.0,1.0,3.902084362295e-06,0.0,0.0
repaired,for-14,overtone,18,timbre,intact,1,5,1.0,1.0,0.00058792977183586,0.0,0.0
old,for-14,overtone,18,timbre,intact,1,6,1.0,1.0,1.928226057046345e-06,0.0,0.0
repaired,for-14,overtone,18,timbre,intact,1,6,1.0,1.0,0.0023562546152184893,0.0,0.0
old,for-14,overtone,18,timbre,intact,1,7,1.0,1.0,5.187282283714012e-07,0.0,0.0
repaired,for-14,overtone,18,timbre,intact,1,7,1.0,1.0,0.002468332769353765,0.0,0.0
old,for-14,overtone,18,timbre,intact,1,8,1.0,1.0,3.902084362295e-06,0.0,0.0
repaired,for-14,overtone,18,timbre,intact,1,8,1.0,1.0,0.00058792977183586,0.0,0.0
old,for-14,overtone,18,timbre,intact,1,11,1.0,0.0,12.000000877261687,1.0,0.0
repaired,for-14,overtone,18,timbre,intact,1,11,1.0,1.0,0.002761684299834144,0.0,0.0
old,for-14,overtone,18,timbre,intact,1,12,1.0,0.0,12.000001025042835,1.0,0.0
repaired,for-14,overtone,18,timbre,intact,1,12,1.0,1.0,0.0013831388110148168,0.0,0.0
old,for-14,overtone,18,timbre,intact,1,13,1.0,0.0,12.000000348554131,1.0,0.0
repaired,for-14,overtone,18,timbre,intact,1,13,1.0,1.0,0.007149210367650483,0.0,0.0
old,for-14,overtone,18,duration,intact,0,0,1.0,1.0,3.902084362295e-06,0.0,0.0
repaired,for-14,overtone,18,duration,intact,0,0,1.0,1.0,0.00058792977183586,0.0,0.0
old,for-14,overtone,18,duration,intact,0,1,1.0,1.0,8.196872411048162e-06,0.0,0.0
repaired,for-14,overtone,18,duration,intact,0,1,1.0,1.0,0.0012830058130113287,0.0,0.0
old,for-14,overtone,18,duration,intact,0,2,1.0,1.0,5.187282283714012e-07,0.0,0.0
repaired,for-14,overtone,18,duration,intact,0,2,1.0,1.0,0.002468332769353765,0.0,0.0
old,for-14,overtone,18,duration,intact,0,3,1.0,1.0,3.902084362295e-06,0.0,0.0
repaired,for-14,overtone,18,duration,intact,0,3,1.0,1.0,0.00058792977183586,0.0,0.0
old,for-14,overtone,18,duration,intact,0,5,1.0,1.0,3.902084362295e-06,0.0,0.0
repaired,for-14,overtone,18,duration,intact,0,5,1.0,1.0,0.00058792977183586,0.0,0.0
old,for-14,overtone,18,duration,intact,0,6,1.0,1.0,1.928226057046345e-06,0.0,0.0
repaired,for-14,overtone,18,duration,intact,0,6,1.0,1.0,0.0023562546152184893,0.0,0.0
old,for-14,overtone,18,duration,intact,0,7,1.0,1.0,5.187282283714012e-07,0.0,0.0
repaired,for-14,overtone,18,duration,intact,0,7,1.0,1.0,0.002468332769353765,0.0,0.0
old,for-14,overtone,18,duration,intact,0,8,1.0,1.0,1.8163871118304087e-06,0.0,0.0
repaired,for-14,overtone,18,duration,intact,0,8,1.0,1.0,0.0028338503376197366,0.0,0.0
old,for-14,overtone,18,duration,intact,0,11,1.0,1.0,1.5617651982324787e-05,0.0,0.0
repaired,for-14,overtone,18,duration,intact,0,11,1.0,1.0,0.000422526847767557,0.0,0.0
old,for-14,overtone,18,duration,intact,0,12,1.0,1.0,2.0742284357666563e-05,0.0,0.0
repaired,for-14,overtone,18,duration,intact,0,12,1.0,1.0,3.836260626144394e-05,0.0,0.0
old,for-14,overtone,18,duration,intact,0,13,1.0,1.0,5.571872002008149e-06,0.0,0.0
repaired,for-14,overtone,18,duration,intact,0,13,1.0,1.0,0.0018739692939817587,0.0,0.0
old,for-14,overtone,18,duration,intact,1,0,1.0,1.0,3.902084362295e-06,0.0,0.0
repaired,for-14,overtone,18,duration,intact,1,0,1.0,1.0,0.00058792977183586,0.0,0.0
old,for-14,overtone,18,duration,intact,1,1,1.0,1.0,8.196872411048162e-06,0.0,0.0
repaired,for-14,overtone,18,duration,intact,1,1,1.0,1.0,0.0012830058130113287,0.0,0.0
old,for-14,overtone,18,duration,intact,1,2,1.0,1.0,5.187282283714012e-07,0.0,0.0
repaired,for-14,overtone,18,duration,intact,1,2,1.0,1.0,0.002468332769353765,0.0,0.0
old,for-14,overtone,18,duration,intact,1,3,1.0,1.0,1.8163871118304087e-06,0.0,0.0
repaired,for-14,overtone,18,duration,intact,1,3,1.0,1.0,0.0028338503376197366,0.0,0.0
old,for-14,overtone,18,duration,intact,1,5,1.0,1.0,3.902084362295e-06,0.0,0.0
repaired,for-14,overtone,18,duration,intact,1,5,1.0,1.0,0.00058792977183586,0.0,0.0
old,for-14,overtone,18,duration,intact,1,6,1.0,1.0,1.928226057046345e-06,0.0,0.0
repaired,for-14,overtone,18,duration,intact,1,6,1.0,1.0,0.0023562546152184893,0.0,0.0
old,for-14,overtone,18,duration,intact,1,7,1.0,1.0,5.187282283714012e-07,0.0,0.0
repaired,for-14,overtone,18,duration,intact,1,7,1.0,1.0,0.002468332769353765,0.0,0.0
old,for-14,overtone,18,duration,intact,1,8,1.0,1.0,3.902084362295e-06,0.0,0.0
repaired,for-14,overtone,18,duration,intact,1,8,1.0,1.0,0.00058792977183586,0.0,0.0
old,for-14,overtone,18,duration,intact,1,11,1.0,1.0,1.5617651982324787e-05,0.0,0.0
repaired,for-14,overtone,18,duration,intact,1,11,1.0,1.0,0.000422526847767557,0.0,0.0
old,for-14,overtone,18,duration,intact,1,12,1.0,1.0,2.0742284357666563e-05,0.0,0.0
repaired,for-14,overtone,18,duration,intact,1,12,1.0,1.0,3.836260626144394e-05,0.0,0.0
old,for-14,overtone,18,duration,intact,1,13,1.0,1.0,5.571872002008149e-06,0.0,0.0
repaired,for-14,overtone,18,duration,intact,1,13,1.0,1.0,0.0018739692939817587,0.0,0.0
old,for-14,overtone,18,joint,intact,0,0,1.0,1.0,3.902084362295e-06,0.0,0.0
repaired,for-14,overtone,18,joint,intact,0,0,1.0,1.0,0.00058792977183586,0.0,0.0
old,for-14,overtone,18,joint,intact,0,1,1.0,1.0,8.196872411048162e-06,0.0,0.0
repaired,for-14,overtone,18,joint,intact,0,1,1.0,1.0,0.0012830058130113287,0.0,0.0
old,for-14,overtone,18,joint,intact,0,2,1.0,1.0,5.187282283714012e-07,0.0,0.0
repaired,for-14,overtone,18,joint,intact,0,2,1.0,1.0,0.002468332769353765,0.0,0.0
old,for-14,overtone,18,joint,intact,0,3,1.0,1.0,3.902084362295e-06,0.0,0.0
repaired,for-14,overtone,18,joint,intact,0,3,1.0,1.0,0.00058792977183586,0.0,0.0
old,for-14,overtone,18,joint,intact,0,5,1.0,1.0,3.902084362295e-06,0.0,0.0
repaired,for-14,overtone,18,joint,intact,0,5,1.0,1.0,0.00058792977183586,0.0,0.0
old,for-14,overtone,18,joint,intact,0,6,1.0,1.0,1.928226057046345e-06,0.0,0.0
repaired,for-14,overtone,18,joint,intact,0,6,1.0,1.0,0.0023562546152184893,0.0,0.0
old,for-14,overtone,18,joint,intact,0,7,1.0,1.0,5.187282283714012e-07,0.0,0.0
repaired,for-14,overtone,18,joint,intact,0,7,1.0,1.0,0.002468332769353765,0.0,0.0
old,for-14,overtone,18,joint,intact,0,8,1.0,1.0,1.8163871118304087e-06,0.0,0.0
repaired,for-14,overtone,18,joint,intact,0,8,1.0,1.0,0.0028338503376197366,0.0,0.0
old,for-14,overtone,18,joint,intact,0,11,1.0,0.0,12.000004549498165,1.0,0.0
repaired,for-14,overtone,18,joint,intact,0,11,1.0,1.0,0.0027755215422651247,0.0,0.0
old,for-14,overtone,18,joint,intact,0,12,1.0,0.0,12.000005710156444,1.0,0.0
repaired,for-14,overtone,18,joint,intact,0,12,1.0,1.0,0.0011890473796274392,0.0,0.0
old,for-14,overtone,18,joint,intact,0,13,1.0,0.0,12.000001780713205,1.0,0.0
repaired,for-14,overtone,18,joint,intact,0,13,1.0,1.0,0.007024877234947269,0.0,0.0
old,for-14,overtone,18,joint,intact,1,0,1.0,1.0,3.902084362295e-06,0.0,0.0
repaired,for-14,overtone,18,joint,intact,1,0,1.0,1.0,0.00058792977183586,0.0,0.0
old,for-14,overtone,18,joint,intact,1,1,1.0,1.0,8.196872411048162e-06,0.0,0.0
repaired,for-14,overtone,18,joint,intact,1,1,1.0,1.0,0.0012830058130113287,0.0,0.0
old,for-14,overtone,18,joint,intact,1,2,1.0,1.0,5.187282283714012e-07,0.0,0.0
repaired,for-14,overtone,18,joint,intact,1,2,1.0,1.0,0.002468332769353765,0.0,0.0
old,for-14,overtone,18,joint,intact,1,3,1.0,1.0,1.8163871118304087e-06,0.0,0.0
repaired,for-14,overtone,18,joint,intact,1,3,1.0,1.0,0.0028338503376197366,0.0,0.0
old,for-14,overtone,18,joint,intact,1,5,1.0,1.0,3.902084362295e-06,0.0,0.0
repaired,for-14,overtone,18,joint,intact,1,5,1.0,1.0,0.00058792977183586,0.0,0.0
old,for-14,overtone,18,joint,intact,1,6,1.0,1.0,1.928226057046345e-06,0.0,0.0
repaired,for-14,overtone,18,joint,intact,1,6,1.0,1.0,0.0023562546152184893,0.0,0.0
old,for-14,overtone,18,joint,intact,1,7,1.0,1.0,5.187282283714012e-07,0.0,0.0
repaired,for-14,overtone,18,joint,intact,1,7,1.0,1.0,0.002468332769353765,0.0,0.0
old,for-14,overtone,18,joint,intact,1,8,1.0,1.0,3.902084362295e-06,0.0,0.0
repaired,for-14,overtone,18,joint,intact,1,8,1.0,1.0,0.00058792977183586,0.0,0.0
old,for-14,overtone,18,joint,intact,1,11,1.0,0.0,12.000004549498165,1.0,0.0
repaired,for-14,overtone,18,joint,intact,1,11,1.0,1.0,0.0027755215422651247,0.0,0.0
old,for-14,overtone,18,joint,intact,1,12,1.0,0.0,12.000005710156444,1.0,0.0
repaired,for-14,overtone,18,joint,intact,1,12,1.0,1.0,0.0011890473796274392,0.0,0.0
old,for-14,overtone,18,joint,intact,1,13,1.0,0.0,12.000001780713205,1.0,0.0
repaired,for-14,overtone,18,joint,intact,1,13,1.0,1.0,0.007024877234947269,0.0,0.0
old,for-14,overtone,18,joint,reset,0,0,1.0,1.0,3.902084362295e-06,0.0,0.0
repaired,for-14,overtone,18,joint,reset,0,0,1.0,1.0,0.00058792977183586,0.0,0.0
old,for-14,overtone,18,joint,reset,0,1,1.0,1.0,8.196872411048162e-06,0.0,0.0
repaired,for-14,overtone,18,joint,reset,0,1,1.0,1.0,0.0012830058130113287,0.0,0.0
old,for-14,overtone,18,joint,reset,0,2,1.0,1.0,5.187282283714012e-07,0.0,0.0
repaired,for-14,overtone,18,joint,reset,0,2,1.0,1.0,0.002468332769353765,0.0,0.0
old,for-14,overtone,18,joint,reset,0,3,1.0,1.0,3.902084362295e-06,0.0,0.0
repaired,for-14,overtone,18,joint,reset,0,3,1.0,1.0,0.00058792977183586,0.0,0.0
old,for-14,overtone,18,joint,reset,0,5,1.0,1.0,3.902084362295e-06,0.0,0.0
repaired,for-14,overtone,18,joint,reset,0,5,1.0,1.0,0.00058792977183586,0.0,0.0
old,for-14,overtone,18,joint,reset,0,6,1.0,1.0,1.928226057046345e-06,0.0,0.0
repaired,for-14,overtone,18,joint,reset,0,6,1.0,1.0,0.0023562546152184893,0.0,0.0
old,for-14,overtone,18,joint,reset,0,7,1.0,1.0,5.187282283714012e-07,0.0,0.0
repaired,for-14,overtone,18,joint,reset,0,7,1.0,1.0,0.002468332769353765,0.0,0.0
old,for-14,overtone,18,joint,reset,0,8,1.0,1.0,1.8163871118304087e-06,0.0,0.0
repaired,for-14,overtone,18,joint,reset,0,8,1.0,1.0,0.0028338503376197366,0.0,0.0
old,for-14,overtone,18,joint,reset,0,11,1.0,0.0,12.000004549498165,1.0,0.0
repaired,for-14,overtone,18,joint,reset,0,11,1.0,1.0,0.0027755215422651247,0.0,0.0
old,for-14,overtone,18,joint,reset,0,12,1.0,0.0,12.000005710156444,1.0,0.0
repaired,for-14,overtone,18,joint,reset,0,12,1.0,1.0,0.0011890473796274392,0.0,0.0
old,for-14,overtone,18,joint,reset,0,13,1.0,0.0,12.000001780713205,1.0,0.0
repaired,for-14,overtone,18,joint,reset,0,13,1.0,1.0,0.007024877234947269,0.0,0.0
old,for-14,overtone,18,joint,reset,1,0,1.0,1.0,3.902084362295e-06,0.0,0.0
repaired,for-14,overtone,18,joint,reset,1,0,1.0,1.0,0.00058792977183586,0.0,0.0
old,for-14,overtone,18,joint,reset,1,1,1.0,1.0,8.196872411048162e-06,0.0,0.0
repaired,for-14,overtone,18,joint,reset,1,1,1.0,1.0,0.0012830058130113287,0.0,0.0
old,for-14,overtone,18,joint,reset,1,2,1.0,1.0,5.187282283714012e-07,0.0,0.0
repaired,for-14,overtone,18,joint,reset,1,2,1.0,1.0,0.002468332769353765,0.0,0.0
old,for-14,overtone,18,joint,reset,1,3,1.0,1.0,1.8163871118304087e-06,0.0,0.0
repaired,for-14,overtone,18,joint,reset,1,3,1.0,1.0,0.0028338503376197366,0.0,0.0
old,for-14,overtone,18,joint,reset,1,5,1.0,1.0,3.902084362295e-06,0.0,0.0
repaired,for-14,overtone,18,joint,reset,1,5,1.0,1.0,0.00058792977183586,0.0,0.0
old,for-14,overtone,18,joint,reset,1,6,1.0,1.0,1.928226057046345e-06,0.0,0.0
repaired,for-14,overtone,18,joint,reset,1,6,1.0,1.0,0.0023562546152184893,0.0,0.0
old,for-14,overtone,18,joint,reset,1,7,1.0,1.0,5.187282283714012e-07,0.0,0.0
repaired,for-14,overtone,18,joint,reset,1,7,1.0,1.0,0.002468332769353765,0.0,0.0
old,for-14,overtone,18,joint,reset,1,8,1.0,1.0,3.902084362295e-06,0.0,0.0
repaired,for-14,overtone,18,joint,reset,1,8,1.0,1.0,0.00058792977183586,0.0,0.0
old,for-14,overtone,18,joint,reset,1,11,1.0,0.0,12.000004549498165,1.0,0.0
repaired,for-14,overtone,18,joint,reset,1,11,1.0,1.0,0.0027755215422651247,0.0,0.0
old,for-14,overtone,18,joint,reset,1,12,1.0,0.0,12.000005710156444,1.0,0.0
repaired,for-14,overtone,18,joint,reset,1,12,1.0,1.0,0.0011890473796274392,0.0,0.0
old,for-14,overtone,18,joint,reset,1,13,1.0,0.0,12.000001780713205,1.0,0.0
repaired,for-14,overtone,18,joint,reset,1,13,1.0,1.0,0.007024877234947269,0.0,0.0
old,for-14,overtone,18,joint,removal,0,0,1.0,1.0,3.902084362295e-06,0.0,0.0
repaired,for-14,overtone,18,joint,removal,0,0,1.0,1.0,0.00058792977183586,0.0,0.0
old,for-14,overtone,18,joint,removal,0,1,1.0,1.0,8.196872411048162e-06,0.0,0.0
repaired,for-14,overtone,18,joint,removal,0,1,1.0,1.0,0.0012830058130113287,0.0,0.0
old,for-14,overtone,18,joint,removal,0,2,1.0,1.0,5.187282283714012e-07,0.0,0.0
repaired,for-14,overtone,18,joint,removal,0,2,1.0,1.0,0.002468332769353765,0.0,0.0
old,for-14,overtone,18,joint,removal,0,5,1.0,1.0,3.902084362295e-06,0.0,0.0
repaired,for-14,overtone,18,joint,removal,0,5,1.0,1.0,0.00058792977183586,0.0,0.0
old,for-14,overtone,18,joint,removal,0,6,1.0,1.0,1.928226057046345e-06,0.0,0.0
repaired,for-14,overtone,18,joint,removal,0,6,1.0,1.0,0.0023562546152184893,0.0,0.0
old,for-14,overtone,18,joint,removal,0,7,1.0,1.0,5.187282283714012e-07,0.0,0.0
repaired,for-14,overtone,18,joint,removal,0,7,1.0,1.0,0.002468332769353765,0.0,0.0
old,for-14,overtone,18,joint,removal,0,11,1.0,0.0,12.000004549498165,1.0,0.0
repaired,for-14,overtone,18,joint,removal,0,11,1.0,1.0,0.0027755215422651247,0.0,0.0
old,for-14,overtone,18,joint,removal,0,12,1.0,0.0,12.000005710156444,1.0,0.0
repaired,for-14,overtone,18,joint,removal,0,12,1.0,1.0,0.0011890473796274392,0.0,0.0
old,for-14,overtone,18,joint,removal,0,13,1.0,0.0,12.000001780713205,1.0,0.0
repaired,for-14,overtone,18,joint,removal,0,13,1.0,1.0,0.007024877234947269,0.0,0.0
old,for-14,overtone,18,joint,removal,1,0,1.0,1.0,3.902084362295e-06,0.0,0.0
repaired,for-14,overtone,18,joint,removal,1,0,1.0,1.0,0.00058792977183586,0.0,0.0
old,for-14,overtone,18,joint,removal,1,1,1.0,1.0,8.196872411048162e-06,0.0,0.0
repaired,for-14,overtone,18,joint,removal,1,1,1.0,1.0,0.0012830058130113287,0.0,0.0
old,for-14,overtone,18,joint,removal,1,2,1.0,1.0,5.187282283714012e-07,0.0,0.0
repaired,for-14,overtone,18,joint,removal,1,2,1.0,1.0,0.002468332769353765,0.0,0.0
old,for-14,overtone,18,joint,removal,1,5,1.0,1.0,3.902084362295e-06,0.0,0.0
repaired,for-14,overtone,18,joint,removal,1,5,1.0,1.0,0.00058792977183586,0.0,0.0
old,for-14,overtone,18,joint,removal,1,6,1.0,1.0,1.928226057046345e-06,0.0,0.0
repaired,for-14,overtone,18,joint,removal,1,6,1.0,1.0,0.0023562546152184893,0.0,0.0
old,for-14,overtone,18,joint,removal,1,7,1.0,1.0,5.187282283714012e-07,0.0,0.0
repaired,for-14,overtone,18,joint,removal,1,7,1.0,1.0,0.002468332769353765,0.0,0.0
old,for-14,overtone,18,joint,removal,1,11,1.0,0.0,12.000004549498165,1.0,0.0
repaired,for-14,overtone,18,joint,removal,1,11,1.0,1.0,0.0027755215422651247,0.0,0.0
old,for-14,overtone,18,joint,removal,1,12,1.0,0.0,12.000005710156444,1.0,0.0
repaired,for-14,overtone,18,joint,removal,1,12,1.0,1.0,0.0011890473796274392,0.0,0.0
old,for-14,overtone,18,joint,removal,1,13,1.0,0.0,12.000001780713205,1.0,0.0
repaired,for-14,overtone,18,joint,removal,1,13,1.0,1.0,0.007024877234947269,0.0,0.0
old,for-14,overtone,18,joint,swap,0,0,1.0,1.0,3.902084362295e-06,0.0,0.0
repaired,for-14,overtone,18,joint,swap,0,0,1.0,1.0,0.00058792977183586,0.0,0.0
old,for-14,overtone,18,joint,swap,0,1,1.0,1.0,8.196872411048162e-06,0.0,0.0
repaired,for-14,overtone,18,joint,swap,0,1,1.0,1.0,0.0012830058130113287,0.0,0.0
old,for-14,overtone,18,joint,swap,0,2,1.0,1.0,5.187282283714012e-07,0.0,0.0
repaired,for-14,overtone,18,joint,swap,0,2,1.0,1.0,0.002468332769353765,0.0,0.0
old,for-14,overtone,18,joint,swap,0,3,1.0,1.0,1.8163871118304087e-06,0.0,0.0
repaired,for-14,overtone,18,joint,swap,0,3,1.0,1.0,0.0028338503376197366,0.0,0.0
old,for-14,overtone,18,joint,swap,0,5,1.0,1.0,3.902084362295e-06,0.0,0.0
repaired,for-14,overtone,18,joint,swap,0,5,1.0,1.0,0.00058792977183586,0.0,0.0
old,for-14,overtone,18,joint,swap,0,6,1.0,1.0,1.928226057046345e-06,0.0,0.0
repaired,for-14,overtone,18,joint,swap,0,6,1.0,1.0,0.0023562546152184893,0.0,0.0
old,for-14,overtone,18,joint,swap,0,7,1.0,1.0,5.187282283714012e-07,0.0,0.0
repaired,for-14,overtone,18,joint,swap,0,7,1.0,1.0,0.002468332769353765,0.0,0.0
old,for-14,overtone,18,joint,swap,0,8,1.0,1.0,3.902084362295e-06,0.0,0.0
repaired,for-14,overtone,18,joint,swap,0,8,1.0,1.0,0.00058792977183586,0.0,0.0
old,for-14,overtone,18,joint,swap,0,11,1.0,0.0,12.000004549498165,1.0,0.0
repaired,for-14,overtone,18,joint,swap,0,11,1.0,1.0,0.0027755215422651247,0.0,0.0
old,for-14,overtone,18,joint,swap,0,12,1.0,0.0,12.000005710156444,1.0,0.0
repaired,for-14,overtone,18,joint,swap,0,12,1.0,1.0,0.0011890473796274392,0.0,0.0
old,for-14,overtone,18,joint,swap,0,13,1.0,0.0,12.000001780713205,1.0,0.0
repaired,for-14,overtone,18,joint,swap,0,13,1.0,1.0,0.007024877234947269,0.0,0.0
old,for-14,overtone,18,joint,swap,1,0,1.0,1.0,3.902084362295e-06,0.0,0.0
repaired,for-14,overtone,18,joint,swap,1,0,1.0,1.0,0.00058792977183586,0.0,0.0
old,for-14,overtone,18,joint,swap,1,1,1.0,1.0,8.196872411048162e-06,0.0,0.0
repaired,for-14,overtone,18,joint,swap,1,1,1.0,1.0,0.0012830058130113287,0.0,0.0
old,for-14,overtone,18,joint,swap,1,2,1.0,1.0,5.187282283714012e-07,0.0,0.0
repaired,for-14,overtone,18,joint,swap,1,2,1.0,1.0,0.002468332769353765,0.0,0.0
old,for-14,overtone,18,joint,swap,1,3,1.0,1.0,3.902084362295e-06,0.0,0.0
repaired,for-14,overtone,18,joint,swap,1,3,1.0,1.0,0.00058792977183586,0.0,0.0
old,for-14,overtone,18,joint,swap,1,5,1.0,1.0,3.902084362295e-06,0.0,0.0
repaired,for-14,overtone,18,joint,swap,1,5,1.0,1.0,0.00058792977183586,0.0,0.0
old,for-14,overtone,18,joint,swap,1,6,1.0,1.0,1.928226057046345e-06,0.0,0.0
repaired,for-14,overtone,18,joint,swap,1,6,1.0,1.0,0.0023562546152184893,0.0,0.0
old,for-14,overtone,18,joint,swap,1,7,1.0,1.0,5.187282283714012e-07,0.0,0.0
repaired,for-14,overtone,18,joint,swap,1,7,1.0,1.0,0.002468332769353765,0.0,0.0
old,for-14,overtone,18,joint,swap,1,8,1.0,1.0,1.8163871118304087e-06,0.0,0.0
repaired,for-14,overtone,18,joint,swap,1,8,1.0,1.0,0.0028338503376197366,0.0,0.0
old,for-14,overtone,18,joint,swap,1,11,1.0,0.0,12.000004549498165,1.0,0.0
repaired,for-14,overtone,18,joint,swap,1,11,1.0,1.0,0.0027755215422651247,0.0,0.0
old,for-14,overtone,18,joint,swap,1,12,1.0,0.0,12.000005710156444,1.0,0.0
repaired,for-14,overtone,18,joint,swap,1,12,1.0,1.0,0.0011890473796274392,0.0,0.0
old,for-14,overtone,18,joint,swap,1,13,1.0,0.0,12.000001780713205,1.0,0.0
repaired,for-14,overtone,18,joint,swap,1,13,1.0,1.0,0.007024877234947269,0.0,0.0
old,for-14,overtone,18,joint,shuffle,0,0,1.0,1.0,3.902084362295e-06,0.0,0.0
repaired,for-14,overtone,18,joint,shuffle,0,0,1.0,1.0,0.00058792977183586,0.0,0.0
old,for-14,overtone,18,joint,shuffle,0,1,1.0,1.0,1.928226057046345e-06,0.0,0.0
repaired,for-14,overtone,18,joint,shuffle,0,1,1.0,1.0,0.0023562546152184893,0.0,0.0
old,for-14,overtone,18,joint,shuffle,0,2,1.0,1.0,5.187282283714012e-07,0.0,0.0
repaired,for-14,overtone,18,joint,shuffle,0,2,1.0,1.0,0.002468332769353765,0.0,0.0
old,for-14,overtone,18,joint,shuffle,0,3,1.0,1.0,1.8163871118304087e-06,0.0,0.0
repaired,for-14,overtone,18,joint,shuffle,0,3,1.0,1.0,0.0028338503376197366,0.0,0.0
old,for-14,overtone,18,joint,shuffle,0,5,1.0,1.0,3.902084362295e-06,0.0,0.0
repaired,for-14,overtone,18,joint,shuffle,0,5,1.0,1.0,0.00058792977183586,0.0,0.0
old,for-14,overtone,18,joint,shuffle,0,6,1.0,1.0,8.196872411048162e-06,0.0,0.0
repaired,for-14,overtone,18,joint,shuffle,0,6,1.0,1.0,0.0012830058130113287,0.0,0.0
old,for-14,overtone,18,joint,shuffle,0,7,1.0,1.0,5.187282283714012e-07,0.0,0.0
repaired,for-14,overtone,18,joint,shuffle,0,7,1.0,1.0,0.002468332769353765,0.0,0.0
old,for-14,overtone,18,joint,shuffle,0,8,1.0,1.0,3.902084362295e-06,0.0,0.0
repaired,for-14,overtone,18,joint,shuffle,0,8,1.0,1.0,0.00058792977183586,0.0,0.0
old,for-14,overtone,18,joint,shuffle,0,11,1.0,0.0,12.000004549498165,1.0,0.0
repaired,for-14,overtone,18,joint,shuffle,0,11,1.0,1.0,0.0027755215422651247,0.0,0.0
old,for-14,overtone,18,joint,shuffle,0,12,1.0,0.0,12.000005710156444,1.0,0.0
repaired,for-14,overtone,18,joint,shuffle,0,12,1.0,1.0,0.0011890473796274392,0.0,0.0
old,for-14,overtone,18,joint,shuffle,0,13,1.0,0.0,12.000001780713205,1.0,0.0
repaired,for-14,overtone,18,joint,shuffle,0,13,1.0,1.0,0.007024877234947269,0.0,0.0
old,for-14,overtone,18,joint,shuffle,1,0,1.0,1.0,3.902084362295e-06,0.0,0.0
repaired,for-14,overtone,18,joint,shuffle,1,0,1.0,1.0,0.00058792977183586,0.0,0.0
old,for-14,overtone,18,joint,shuffle,1,1,1.0,1.0,1.928226057046345e-06,0.0,0.0
repaired,for-14,overtone,18,joint,shuffle,1,1,1.0,1.0,0.0023562546152184893,0.0,0.0
old,for-14,overtone,18,joint,shuffle,1,2,1.0,1.0,5.187282283714012e-07,0.0,0.0
repaired,for-14,overtone,18,joint,shuffle,1,2,1.0,1.0,0.002468332769353765,0.0,0.0
old,for-14,overtone,18,joint,shuffle,1,3,1.0,1.0,3.902084362295e-06,0.0,0.0
repaired,for-14,overtone,18,joint,shuffle,1,3,1.0,1.0,0.00058792977183586,0.0,0.0
old,for-14,overtone,18,joint,shuffle,1,5,1.0,1.0,3.902084362295e-06,0.0,0.0
repaired,for-14,overtone,18,joint,shuffle,1,5,1.0,1.0,0.00058792977183586,0.0,0.0
old,for-14,overtone,18,joint,shuffle,1,6,1.0,1.0,8.196872411048162e-06,0.0,0.0
repaired,for-14,overtone,18,joint,shuffle,1,6,1.0,1.0,0.0012830058130113287,0.0,0.0
old,for-14,overtone,18,joint,shuffle,1,7,1.0,1.0,5.187282283714012e-07,0.0,0.0
repaired,for-14,overtone,18,joint,shuffle,1,7,1.0,1.0,0.002468332769353765,0.0,0.0
old,for-14,overtone,18,joint,shuffle,1,8,1.0,1.0,1.8163871118304087e-06,0.0,0.0
repaired,for-14,overtone,18,joint,shuffle,1,8,1.0,1.0,0.0028338503376197366,0.0,0.0
old,for-14,overtone,18,joint,shuffle,1,11,1.0,0.0,12.000004549498165,1.0,0.0
repaired,for-14,overtone,18,joint,shuffle,1,11,1.0,1.0,0.0027755215422651247,0.0,0.0
old,for-14,overtone,18,joint,shuffle,1,12,1.0,0.0,12.000005710156444,1.0,0.0
repaired,for-14,overtone,18,joint,shuffle,1,12,1.0,1.0,0.0011890473796274392,0.0,0.0
old,for-14,overtone,18,joint,shuffle,1,13,1.0,0.0,12.000001780713205,1.0,0.0
repaired,for-14,overtone,18,joint,shuffle,1,13,1.0,1.0,0.007024877234947269,0.0,0.0
old,for-14,overtone,18,joint,ambiguous,0,0,1.0,1.0,3.902084362295e-06,0.0,0.0
repaired,for-14,overtone,18,joint,ambiguous,0,0,1.0,1.0,0.00058792977183586,0.0,0.0
old,for-14,overtone,18,joint,ambiguous,0,1,1.0,1.0,8.196872411048162e-06,0.0,0.0
repaired,for-14,overtone,18,joint,ambiguous,0,1,1.0,1.0,0.0012830058130113287,0.0,0.0
old,for-14,overtone,18,joint,ambiguous,0,2,1.0,1.0,5.187282283714012e-07,0.0,0.0
repaired,for-14,overtone,18,joint,ambiguous,0,2,1.0,1.0,0.002468332769353765,0.0,0.0
old,for-14,overtone,18,joint,ambiguous,0,3,1.0,1.0,3.902084362295e-06,0.0,0.0
repaired,for-14,overtone,18,joint,ambiguous,0,3,1.0,1.0,0.00058792977183586,0.0,0.0
old,for-14,overtone,18,joint,ambiguous,0,5,1.0,1.0,3.902084362295e-06,0.0,0.0
repaired,for-14,overtone,18,joint,ambiguous,0,5,1.0,1.0,0.00058792977183586,0.0,0.0
old,for-14,overtone,18,joint,ambiguous,0,6,1.0,1.0,8.196872411048162e-06,0.0,0.0
repaired,for-14,overtone,18,joint,ambiguous,0,6,1.0,1.0,0.0012830058130113287,0.0,0.0
old,for-14,overtone,18,joint,ambiguous,0,7,1.0,1.0,5.187282283714012e-07,0.0,0.0
repaired,for-14,overtone,18,joint,ambiguous,0,7,1.0,1.0,0.002468332769353765,0.0,0.0
old,for-14,overtone,18,joint,ambiguous,0,8,1.0,1.0,1.8163871118304087e-06,0.0,0.0
repaired,for-14,overtone,18,joint,ambiguous,0,8,1.0,1.0,0.0028338503376197366,0.0,0.0
old,for-14,overtone,18,joint,ambiguous,0,11,1.0,0.0,12.000004549498165,1.0,0.0
repaired,for-14,overtone,18,joint,ambiguous,0,11,1.0,1.0,0.0027755215422651247,0.0,0.0
old,for-14,overtone,18,joint,ambiguous,0,12,1.0,0.0,12.000005710156444,1.0,0.0
repaired,for-14,overtone,18,joint,ambiguous,0,12,1.0,1.0,0.0011890473796274392,0.0,0.0
old,for-14,overtone,18,joint,ambiguous,0,13,1.0,0.0,12.000001780713205,1.0,0.0
repaired,for-14,overtone,18,joint,ambiguous,0,13,1.0,1.0,0.007024877234947269,0.0,0.0
old,for-14,overtone,18,joint,ambiguous,1,0,1.0,1.0,3.902084362295e-06,0.0,0.0
repaired,for-14,overtone,18,joint,ambiguous,1,0,1.0,1.0,0.00058792977183586,0.0,0.0
old,for-14,overtone,18,joint,ambiguous,1,1,1.0,1.0,8.196872411048162e-06,0.0,0.0
repaired,for-14,overtone,18,joint,ambiguous,1,1,1.0,1.0,0.0012830058130113287,0.0,0.0
old,for-14,overtone,18,joint,ambiguous,1,2,1.0,1.0,5.187282283714012e-07,0.0,0.0
repaired,for-14,overtone,18,joint,ambiguous,1,2,1.0,1.0,0.002468332769353765,0.0,0.0
old,for-14,overtone,18,joint,ambiguous,1,3,1.0,1.0,3.902084362295e-06,0.0,0.0
repaired,for-14,overtone,18,joint,ambiguous,1,3,1.0,1.0,0.00058792977183586,0.0,0.0
old,for-14,overtone,18,joint,ambiguous,1,5,1.0,1.0,3.902084362295e-06,0.0,0.0
repaired,for-14,overtone,18,joint,ambiguous,1,5,1.0,1.0,0.00058792977183586,0.0,0.0
old,for-14,overtone,18,joint,ambiguous,1,6,1.0,1.0,8.196872411048162e-06,0.0,0.0
repaired,for-14,overtone,18,joint,ambiguous,1,6,1.0,1.0,0.0012830058130113287,0.0,0.0
old,for-14,overtone,18,joint,ambiguous,1,7,1.0,1.0,5.187282283714012e-07,0.0,0.0
repaired,for-14,overtone,18,joint,ambiguous,1,7,1.0,1.0,0.002468332769353765,0.0,0.0
old,for-14,overtone,18,joint,ambiguous,1,8,1.0,1.0,1.8163871118304087e-06,0.0,0.0
repaired,for-14,overtone,18,joint,ambiguous,1,8,1.0,1.0,0.0028338503376197366,0.0,0.0
old,for-14,overtone,18,joint,ambiguous,1,11,1.0,0.0,12.000004549498165,1.0,0.0
repaired,for-14,overtone,18,joint,ambiguous,1,11,1.0,1.0,0.0027755215422651247,0.0,0.0
old,for-14,overtone,18,joint,ambiguous,1,12,1.0,0.0,12.000005710156444,1.0,0.0
repaired,for-14,overtone,18,joint,ambiguous,1,12,1.0,1.0,0.0011890473796274392,0.0,0.0
old,for-14,overtone,18,joint,ambiguous,1,13,1.0,0.0,12.000001780713205,1.0,0.0
repaired,for-14,overtone,18,joint,ambiguous,1,13,1.0,1.0,0.007024877234947269,0.0,0.0
old,for-15,overtone,18,matched,intact,0,0,1.0,1.0,3.2214821672482685e-06,0.0,0.0
repaired,for-15,overtone,18,matched,intact,0,0,1.0,1.0,0.0006037126097098167,0.0,0.0
old,for-15,overtone,18,matched,intact,0,1,1.0,1.0,7.2070112402400355e-06,0.0,0.0
repaired,for-15,overtone,18,matched,intact,0,1,1.0,1.0,0.0012948558485774697,0.0,0.0
old,for-15,overtone,18,matched,intact,0,2,1.0,1.0,3.949816139936502e-06,0.0,0.0
repaired,for-15,overtone,18,matched,intact,0,2,1.0,1.0,6.696625300506298e-05,0.0,0.0
old,for-15,overtone,18,matched,intact,0,3,1.0,1.0,2.2410628304214697e-06,0.0,0.0
repaired,for-15,overtone,18,matched,intact,0,3,1.0,1.0,0.0023491746507673383,0.0,0.0
old,for-15,overtone,18,matched,intact,0,5,1.0,1.0,3.2214821672482685e-06,0.0,0.0
repaired,for-15,overtone,18,matched,intact,0,5,1.0,1.0,0.0006037126097098167,0.0,0.0
old,for-15,overtone,18,matched,intact,0,6,1.0,1.0,8.241503504535785e-06,0.0,0.0
repaired,for-15,overtone,18,matched,intact,0,6,1.0,1.0,0.0015768823157582545,0.0,0.0
old,for-15,overtone,18,matched,intact,0,7,1.0,1.0,3.949816139936502e-06,0.0,0.0
repaired,for-15,overtone,18,matched,intact,0,7,1.0,1.0,6.696625300506298e-05,0.0,0.0
old,for-15,overtone,18,matched,intact,0,8,1.0,1.0,3.2214821672482685e-06,0.0,0.0
repaired,for-15,overtone,18,matched,intact,0,8,1.0,1.0,0.0006037126097098167,0.0,0.0
old,for-15,overtone,18,matched,intact,0,11,1.0,1.0,3.2214821672482685e-06,0.0,0.0
repaired,for-15,overtone,18,matched,intact,0,11,1.0,1.0,0.0006037126097098167,0.0,0.0
old,for-15,overtone,18,matched,intact,0,12,1.0,1.0,8.241503504535785e-06,0.0,0.0
repaired,for-15,overtone,18,matched,intact,0,12,1.0,1.0,0.0015768823157582545,0.0,0.0
old,for-15,overtone,18,matched,intact,0,13,1.0,1.0,3.949816139936502e-06,0.0,0.0
repaired,for-15,overtone,18,matched,intact,0,13,1.0,1.0,6.696625300506298e-05,0.0,0.0
old,for-15,overtone,18,matched,intact,1,0,1.0,1.0,3.2214821672482685e-06,0.0,0.0
repaired,for-15,overtone,18,matched,intact,1,0,1.0,1.0,0.0006037126097098167,0.0,0.0
old,for-15,overtone,18,matched,intact,1,1,1.0,1.0,7.2070112402400355e-06,0.0,0.0
repaired,for-15,overtone,18,matched,intact,1,1,1.0,1.0,0.0012948558485774697,0.0,0.0
old,for-15,overtone,18,matched,intact,1,2,1.0,1.0,3.949816139936502e-06,0.0,0.0
repaired,for-15,overtone,18,matched,intact,1,2,1.0,1.0,6.696625300506298e-05,0.0,0.0
old,for-15,overtone,18,matched,intact,1,3,1.0,1.0,3.2214821672482685e-06,0.0,0.0
repaired,for-15,overtone,18,matched,intact,1,3,1.0,1.0,0.0006037126097098167,0.0,0.0
old,for-15,overtone,18,matched,intact,1,5,1.0,1.0,3.2214821672482685e-06,0.0,0.0
repaired,for-15,overtone,18,matched,intact,1,5,1.0,1.0,0.0006037126097098167,0.0,0.0
old,for-15,overtone,18,matched,intact,1,6,1.0,1.0,8.241503504535785e-06,0.0,0.0
repaired,for-15,overtone,18,matched,intact,1,6,1.0,1.0,0.0015768823157582545,0.0,0.0
old,for-15,overtone,18,matched,intact,1,7,1.0,1.0,3.949816139936502e-06,0.0,0.0
repaired,for-15,overtone,18,matched,intact,1,7,1.0,1.0,6.696625300506298e-05,0.0,0.0
old,for-15,overtone,18,matched,intact,1,8,1.0,1.0,2.2410628304214697e-06,0.0,0.0
repaired,for-15,overtone,18,matched,intact,1,8,1.0,1.0,0.0023491746507673383,0.0,0.0
old,for-15,overtone,18,matched,intact,1,11,1.0,1.0,3.2214821672482685e-06,0.0,0.0
repaired,for-15,overtone,18,matched,intact,1,11,1.0,1.0,0.0006037126097098167,0.0,0.0
old,for-15,overtone,18,matched,intact,1,12,1.0,1.0,8.241503504535785e-06,0.0,0.0
repaired,for-15,overtone,18,matched,intact,1,12,1.0,1.0,0.0015768823157582545,0.0,0.0
old,for-15,overtone,18,matched,intact,1,13,1.0,1.0,3.949816139936502e-06,0.0,0.0
repaired,for-15,overtone,18,matched,intact,1,13,1.0,1.0,6.696625300506298e-05,0.0,0.0
old,for-15,overtone,18,timbre,intact,0,0,1.0,0.0,12.000001006806968,1.0,0.0
repaired,for-15,overtone,18,timbre,intact,0,0,1.0,1.0,0.0020995527515630386,0.0,0.0
old,for-15,overtone,18,timbre,intact,0,1,1.0,0.0,12.000001239121719,1.0,0.0
repaired,for-15,overtone,18,timbre,intact,0,1,1.0,1.0,0.0003762250947936252,0.0,0.0
old,for-15,overtone,18,timbre,intact,0,2,1.0,0.0,12.000000020891989,1.0,0.0
repaired,for-15,overtone,18,timbre,intact,0,2,1.0,1.0,0.0035416468741757967,0.0,0.0
old,for-15,overtone,18,timbre,intact,0,3,1.0,0.0,12.00000074039238,1.0,0.0
repaired,for-15,overtone,18,timbre,intact,0,3,1.0,1.0,0.007207395374663861,0.0,0.0
old,for-15,overtone,18,timbre,intact,0,5,1.0,0.0,12.000001006806968,1.0,0.0
repaired,for-15,overtone,18,timbre,intact,0,5,1.0,1.0,0.0020995527515630386,0.0,0.0
old,for-15,overtone,18,timbre,intact,0,6,1.0,0.0,11.999998781488692,1.0,0.0
repaired,for-15,overtone,18,timbre,intact,0,6,1.0,1.0,7.561383042542502e-05,0.0,0.0
old,for-15,overtone,18,timbre,intact,0,7,1.0,0.0,12.000000020891989,1.0,0.0
repaired,for-15,overtone,18,timbre,intact,0,7,1.0,1.0,0.0035416468741757967,0.0,0.0
old,for-15,overtone,18,timbre,intact,0,8,1.0,0.0,12.000001006806968,1.0,0.0
repaired,for-15,overtone,18,timbre,intact,0,8,1.0,1.0,0.0020995527515630386,0.0,0.0
old,for-15,overtone,18,timbre,intact,0,11,1.0,1.0,3.2214821672482685e-06,0.0,0.0
repaired,for-15,overtone,18,timbre,intact,0,11,1.0,1.0,0.0006037126097098167,0.0,0.0
old,for-15,overtone,18,timbre,intact,0,12,1.0,1.0,8.241503504535785e-06,0.0,0.0
repaired,for-15,overtone,18,timbre,intact,0,12,1.0,1.0,0.0015768823157582545,0.0,0.0
old,for-15,overtone,18,timbre,intact,0,13,1.0,1.0,3.949816139936502e-06,0.0,0.0
repaired,for-15,overtone,18,timbre,intact,0,13,1.0,1.0,6.696625300506298e-05,0.0,0.0
old,for-15,overtone,18,timbre,intact,1,0,1.0,0.0,12.000001006806968,1.0,0.0
repaired,for-15,overtone,18,timbre,intact,1,0,1.0,1.0,0.0020995527515630386,0.0,0.0
old,for-15,overtone,18,timbre,intact,1,1,1.0,0.0,12.000001239121719,1.0,0.0
repaired,for-15,overtone,18,timbre,intact,1,1,1.0,1.0,0.0003762250947936252,0.0,0.0
old,for-15,overtone,18,timbre,intact,1,2,1.0,0.0,12.000000020891989,1.0,0.0
repaired,for-15,overtone,18,timbre,intact,1,2,1.0,1.0,0.0035416468741757967,0.0,0.0
old,for-15,overtone,18,timbre,intact,1,3,1.0,0.0,12.000001006806968,1.0,0.0
repaired,for-15,overtone,18,timbre,intact,1,3,1.0,1.0,0.0020995527515630386,0.0,0.0
old,for-15,overtone,18,timbre,intact,1,5,1.0,0.0,12.000001006806968,1.0,0.0
repaired,for-15,overtone,18,timbre,intact,1,5,1.0,1.0,0.0020995527515630386,0.0,0.0
old,for-15,overtone,18,timbre,intact,1,6,1.0,0.0,11.999998781488692,1.0,0.0
repaired,for-15,overtone,18,timbre,intact,1,6,1.0,1.0,7.561383042542502e-05,0.0,0.0
old,for-15,overtone,18,timbre,intact,1,7,1.0,0.0,12.000000020891989,1.0,0.0
repaired,for-15,overtone,18,timbre,intact,1,7,1.0,1.0,0.0035416468741757967,0.0,0.0
old,for-15,overtone,18,timbre,intact,1,8,1.0,0.0,12.00000074039238,1.0,0.0
repaired,for-15,overtone,18,timbre,intact,1,8,1.0,1.0,0.007207395374663861,0.0,0.0
old,for-15,overtone,18,timbre,intact,1,11,1.0,1.0,3.2214821672482685e-06,0.0,0.0
repaired,for-15,overtone,18,timbre,intact,1,11,1.0,1.0,0.0006037126097098167,0.0,0.0
old,for-15,overtone,18,timbre,intact,1,12,1.0,1.0,8.241503504535785e-06,0.0,0.0
repaired,for-15,overtone,18,timbre,intact,1,12,1.0,1.0,0.0015768823157582545,0.0,0.0
old,for-15,overtone,18,timbre,intact,1,13,1.0,1.0,3.949816139936502e-06,0.0,0.0
repaired,for-15,overtone,18,timbre,intact,1,13,1.0,1.0,6.696625300506298e-05,0.0,0.0
old,for-15,overtone,18,duration,intact,0,0,1.0,1.0,3.2214821672482685e-06,0.0,0.0
repaired,for-15,overtone,18,duration,intact,0,0,1.0,1.0,0.0006037126097098167,0.0,0.0
old,for-15,overtone,18,duration,intact,0,1,1.0,1.0,7.2070112402400355e-06,0.0,0.0
repaired,for-15,overtone,18,duration,intact,0,1,1.0,1.0,0.0012948558485774697,0.0,0.0
old,for-15,overtone,18,duration,intact,0,2,1.0,1.0,3.949816139936502e-06,0.0,0.0
repaired,for-15,overtone,18,duration,intact,0,2,1.0,1.0,6.696625300506298e-05,0.0,0.0
old,for-15,overtone,18,duration,intact,0,3,1.0,1.0,2.2410628304214697e-06,0.0,0.0
repaired,for-15,overtone,18,duration,intact,0,3,1.0,1.0,0.0023491746507673383,0.0,0.0
old,for-15,overtone,18,duration,intact,0,5,1.0,1.0,3.2214821672482685e-06,0.0,0.0
repaired,for-15,overtone,18,duration,intact,0,5,1.0,1.0,0.0006037126097098167,0.0,0.0
old,for-15,overtone,18,duration,intact,0,6,1.0,1.0,8.241503504535785e-06,0.0,0.0
repaired,for-15,overtone,18,duration,intact,0,6,1.0,1.0,0.0015768823157582545,0.0,0.0
old,for-15,overtone,18,duration,intact,0,7,1.0,1.0,3.949816139936502e-06,0.0,0.0
repaired,for-15,overtone,18,duration,intact,0,7,1.0,1.0,6.696625300506298e-05,0.0,0.0
old,for-15,overtone,18,duration,intact,0,8,1.0,1.0,3.2214821672482685e-06,0.0,0.0
repaired,for-15,overtone,18,duration,intact,0,8,1.0,1.0,0.0006037126097098167,0.0,0.0
old,for-15,overtone,18,duration,intact,0,11,1.0,1.0,1.5653086805400562e-05,0.0,0.0
repaired,for-15,overtone,18,duration,intact,0,11,1.0,1.0,0.00042812809133607743,0.0,0.0
old,for-15,overtone,18,duration,intact,0,12,1.0,1.0,1.9230132032532765e-05,0.0,0.0
repaired,for-15,overtone,18,duration,intact,0,12,1.0,1.0,0.00015301350897267696,0.0,0.0
old,for-15,overtone,18,duration,intact,0,13,1.0,1.0,1.5691588963306913e-05,0.0,0.0
repaired,for-15,overtone,18,duration,intact,0,13,1.0,1.0,0.0008138913079491772,0.0,0.0
old,for-15,overtone,18,duration,intact,1,0,1.0,1.0,3.2214821672482685e-06,0.0,0.0
repaired,for-15,overtone,18,duration,intact,1,0,1.0,1.0,0.0006037126097098167,0.0,0.0
old,for-15,overtone,18,duration,intact,1,1,1.0,1.0,7.2070112402400355e-06,0.0,0.0
repaired,for-15,overtone,18,duration,intact,1,1,1.0,1.0,0.0012948558485774697,0.0,0.0
old,for-15,overtone,18,duration,intact,1,2,1.0,1.0,3.949816139936502e-06,0.0,0.0
repaired,for-15,overtone,18,duration,intact,1,2,1.0,1.0,6.696625300506298e-05,0.0,0.0
old,for-15,overtone,18,duration,intact,1,3,1.0,1.0,3.2214821672482685e-06,0.0,0.0
repaired,for-15,overtone,18,duration,intact,1,3,1.0,1.0,0.0006037126097098167,0.0,0.0
old,for-15,overtone,18,duration,intact,1,5,1.0,1.0,3.2214821672482685e-06,0.0,0.0
repaired,for-15,overtone,18,duration,intact,1,5,1.0,1.0,0.0006037126097098167,0.0,0.0
old,for-15,overtone,18,duration,intact,1,6,1.0,1.0,8.241503504535785e-06,0.0,0.0
repaired,for-15,overtone,18,duration,intact,1,6,1.0,1.0,0.0015768823157582545,0.0,0.0
old,for-15,overtone,18,duration,intact,1,7,1.0,1.0,3.949816139936502e-06,0.0,0.0
repaired,for-15,overtone,18,duration,intact,1,7,1.0,1.0,6.696625300506298e-05,0.0,0.0
old,for-15,overtone,18,duration,intact,1,8,1.0,1.0,2.2410628304214697e-06,0.0,0.0
repaired,for-15,overtone,18,duration,intact,1,8,1.0,1.0,0.0023491746507673383,0.0,0.0
old,for-15,overtone,18,duration,intact,1,11,1.0,1.0,1.5653086805400562e-05,0.0,0.0
repaired,for-15,overtone,18,duration,intact,1,11,1.0,1.0,0.00042812809133607743,0.0,0.0
old,for-15,overtone,18,duration,intact,1,12,1.0,1.0,1.9230132032532765e-05,0.0,0.0
repaired,for-15,overtone,18,duration,intact,1,12,1.0,1.0,0.00015301350897267696,0.0,0.0
old,for-15,overtone,18,duration,intact,1,13,1.0,1.0,1.5691588963306913e-05,0.0,0.0
repaired,for-15,overtone,18,duration,intact,1,13,1.0,1.0,0.0008138913079491772,0.0,0.0
old,for-15,overtone,18,joint,intact,0,0,1.0,0.0,12.000001006806968,1.0,0.0
repaired,for-15,overtone,18,joint,intact,0,0,1.0,1.0,0.0020995527515630386,0.0,0.0
old,for-15,overtone,18,joint,intact,0,1,1.0,0.0,12.000001239121719,1.0,0.0
repaired,for-15,overtone,18,joint,intact,0,1,1.0,1.0,0.0003762250947936252,0.0,0.0
old,for-15,overtone,18,joint,intact,0,2,1.0,0.0,12.000000020891989,1.0,0.0
repaired,for-15,overtone,18,joint,intact,0,2,1.0,1.0,0.0035416468741757967,0.0,0.0
old,for-15,overtone,18,joint,intact,0,3,1.0,0.0,12.00000074039238,1.0,0.0
repaired,for-15,overtone,18,joint,intact,0,3,1.0,1.0,0.007207395374663861,0.0,0.0
old,for-15,overtone,18,joint,intact,0,5,1.0,0.0,12.000001006806968,1.0,0.0
repaired,for-15,overtone,18,joint,intact,0,5,1.0,1.0,0.0020995527515630386,0.0,0.0
old,for-15,overtone,18,joint,intact,0,6,1.0,0.0,11.999998781488692,1.0,0.0
repaired,for-15,overtone,18,joint,intact,0,6,1.0,1.0,7.561383042542502e-05,0.0,0.0
old,for-15,overtone,18,joint,intact,0,7,1.0,0.0,12.000000020891989,1.0,0.0
repaired,for-15,overtone,18,joint,intact,0,7,1.0,1.0,0.0035416468741757967,0.0,0.0
old,for-15,overtone,18,joint,intact,0,8,1.0,0.0,12.000001006806968,1.0,0.0
repaired,for-15,overtone,18,joint,intact,0,8,1.0,1.0,0.0020995527515630386,0.0,0.0
old,for-15,overtone,18,joint,intact,0,11,1.0,1.0,1.5653086805400562e-05,0.0,0.0
repaired,for-15,overtone,18,joint,intact,0,11,1.0,1.0,0.00042812809133607743,0.0,0.0
old,for-15,overtone,18,joint,intact,0,12,1.0,1.0,1.9230132032532765e-05,0.0,0.0
repaired,for-15,overtone,18,joint,intact,0,12,1.0,1.0,0.00015301350897267696,0.0,0.0
old,for-15,overtone,18,joint,intact,0,13,1.0,1.0,1.5691588963306913e-05,0.0,0.0
repaired,for-15,overtone,18,joint,intact,0,13,1.0,1.0,0.0008138913079491772,0.0,0.0
old,for-15,overtone,18,joint,intact,1,0,1.0,0.0,12.000001006806968,1.0,0.0
repaired,for-15,overtone,18,joint,intact,1,0,1.0,1.0,0.0020995527515630386,0.0,0.0
old,for-15,overtone,18,joint,intact,1,1,1.0,0.0,12.000001239121719,1.0,0.0
repaired,for-15,overtone,18,joint,intact,1,1,1.0,1.0,0.0003762250947936252,0.0,0.0
old,for-15,overtone,18,joint,intact,1,2,1.0,0.0,12.000000020891989,1.0,0.0
repaired,for-15,overtone,18,joint,intact,1,2,1.0,1.0,0.0035416468741757967,0.0,0.0
old,for-15,overtone,18,joint,intact,1,3,1.0,0.0,12.000001006806968,1.0,0.0
repaired,for-15,overtone,18,joint,intact,1,3,1.0,1.0,0.0020995527515630386,0.0,0.0
old,for-15,overtone,18,joint,intact,1,5,1.0,0.0,12.000001006806968,1.0,0.0
repaired,for-15,overtone,18,joint,intact,1,5,1.0,1.0,0.0020995527515630386,0.0,0.0
old,for-15,overtone,18,joint,intact,1,6,1.0,0.0,11.999998781488692,1.0,0.0
repaired,for-15,overtone,18,joint,intact,1,6,1.0,1.0,7.561383042542502e-05,0.0,0.0
old,for-15,overtone,18,joint,intact,1,7,1.0,0.0,12.000000020891989,1.0,0.0
repaired,for-15,overtone,18,joint,intact,1,7,1.0,1.0,0.0035416468741757967,0.0,0.0
old,for-15,overtone,18,joint,intact,1,8,1.0,0.0,12.00000074039238,1.0,0.0
repaired,for-15,overtone,18,joint,intact,1,8,1.0,1.0,0.007207395374663861,0.0,0.0
old,for-15,overtone,18,joint,intact,1,11,1.0,1.0,1.5653086805400562e-05,0.0,0.0
repaired,for-15,overtone,18,joint,intact,1,11,1.0,1.0,0.00042812809133607743,0.0,0.0
old,for-15,overtone,18,joint,intact,1,12,1.0,1.0,1.9230132032532765e-05,0.0,0.0
repaired,for-15,overtone,18,joint,intact,1,12,1.0,1.0,0.00015301350897267696,0.0,0.0
old,for-15,overtone,18,joint,intact,1,13,1.0,1.0,1.5691588963306913e-05,0.0,0.0
repaired,for-15,overtone,18,joint,intact,1,13,1.0,1.0,0.0008138913079491772,0.0,0.0
old,for-15,overtone,18,joint,reset,0,0,1.0,0.0,12.000001006806968,1.0,0.0
repaired,for-15,overtone,18,joint,reset,0,0,1.0,1.0,0.0020995527515630386,0.0,0.0
old,for-15,overtone,18,joint,reset,0,1,1.0,0.0,12.000001239121719,1.0,0.0
repaired,for-15,overtone,18,joint,reset,0,1,1.0,1.0,0.0003762250947936252,0.0,0.0
old,for-15,overtone,18,joint,reset,0,2,1.0,0.0,12.000000020891989,1.0,0.0
repaired,for-15,overtone,18,joint,reset,0,2,1.0,1.0,0.0035416468741757967,0.0,0.0
old,for-15,overtone,18,joint,reset,0,3,1.0,0.0,12.00000074039238,1.0,0.0
repaired,for-15,overtone,18,joint,reset,0,3,1.0,1.0,0.007207395374663861,0.0,0.0
old,for-15,overtone,18,joint,reset,0,5,1.0,0.0,12.000001006806968,1.0,0.0
repaired,for-15,overtone,18,joint,reset,0,5,1.0,1.0,0.0020995527515630386,0.0,0.0
old,for-15,overtone,18,joint,reset,0,6,1.0,0.0,11.999998781488692,1.0,0.0
repaired,for-15,overtone,18,joint,reset,0,6,1.0,1.0,7.561383042542502e-05,0.0,0.0
old,for-15,overtone,18,joint,reset,0,7,1.0,0.0,12.000000020891989,1.0,0.0
repaired,for-15,overtone,18,joint,reset,0,7,1.0,1.0,0.0035416468741757967,0.0,0.0
old,for-15,overtone,18,joint,reset,0,8,1.0,0.0,12.000001006806968,1.0,0.0
repaired,for-15,overtone,18,joint,reset,0,8,1.0,1.0,0.0020995527515630386,0.0,0.0
old,for-15,overtone,18,joint,reset,0,11,1.0,1.0,1.5653086805400562e-05,0.0,0.0
repaired,for-15,overtone,18,joint,reset,0,11,1.0,1.0,0.00042812809133607743,0.0,0.0
old,for-15,overtone,18,joint,reset,0,12,1.0,1.0,1.9230132032532765e-05,0.0,0.0
repaired,for-15,overtone,18,joint,reset,0,12,1.0,1.0,0.00015301350897267696,0.0,0.0
old,for-15,overtone,18,joint,reset,0,13,1.0,1.0,1.5691588963306913e-05,0.0,0.0
repaired,for-15,overtone,18,joint,reset,0,13,1.0,1.0,0.0008138913079491772,0.0,0.0
old,for-15,overtone,18,joint,reset,1,0,1.0,0.0,12.000001006806968,1.0,0.0
repaired,for-15,overtone,18,joint,reset,1,0,1.0,1.0,0.0020995527515630386,0.0,0.0
old,for-15,overtone,18,joint,reset,1,1,1.0,0.0,12.000001239121719,1.0,0.0
repaired,for-15,overtone,18,joint,reset,1,1,1.0,1.0,0.0003762250947936252,0.0,0.0
old,for-15,overtone,18,joint,reset,1,2,1.0,0.0,12.000000020891989,1.0,0.0
repaired,for-15,overtone,18,joint,reset,1,2,1.0,1.0,0.0035416468741757967,0.0,0.0
old,for-15,overtone,18,joint,reset,1,3,1.0,0.0,12.000001006806968,1.0,0.0
repaired,for-15,overtone,18,joint,reset,1,3,1.0,1.0,0.0020995527515630386,0.0,0.0
old,for-15,overtone,18,joint,reset,1,5,1.0,0.0,12.000001006806968,1.0,0.0
repaired,for-15,overtone,18,joint,reset,1,5,1.0,1.0,0.0020995527515630386,0.0,0.0
old,for-15,overtone,18,joint,reset,1,6,1.0,0.0,11.999998781488692,1.0,0.0
repaired,for-15,overtone,18,joint,reset,1,6,1.0,1.0,7.561383042542502e-05,0.0,0.0
old,for-15,overtone,18,joint,reset,1,7,1.0,0.0,12.000000020891989,1.0,0.0
repaired,for-15,overtone,18,joint,reset,1,7,1.0,1.0,0.0035416468741757967,0.0,0.0
old,for-15,overtone,18,joint,reset,1,8,1.0,0.0,12.00000074039238,1.0,0.0
repaired,for-15,overtone,18,joint,reset,1,8,1.0,1.0,0.007207395374663861,0.0,0.0
old,for-15,overtone,18,joint,reset,1,11,1.0,1.0,1.5653086805400562e-05,0.0,0.0
repaired,for-15,overtone,18,joint,reset,1,11,1.0,1.0,0.00042812809133607743,0.0,0.0
old,for-15,overtone,18,joint,reset,1,12,1.0,1.0,1.9230132032532765e-05,0.0,0.0
repaired,for-15,overtone,18,joint,reset,1,12,1.0,1.0,0.00015301350897267696,0.0,0.0
old,for-15,overtone,18,joint,reset,1,13,1.0,1.0,1.5691588963306913e-05,0.0,0.0
repaired,for-15,overtone,18,joint,reset,1,13,1.0,1.0,0.0008138913079491772,0.0,0.0
old,for-15,overtone,18,joint,removal,0,0,1.0,0.0,12.000001006806968,1.0,0.0
repaired,for-15,overtone,18,joint,removal,0,0,1.0,1.0,0.0020995527515630386,0.0,0.0
old,for-15,overtone,18,joint,removal,0,1,1.0,0.0,12.000001239121719,1.0,0.0
repaired,for-15,overtone,18,joint,removal,0,1,1.0,1.0,0.0003762250947936252,0.0,0.0
old,for-15,overtone,18,joint,removal,0,2,1.0,0.0,12.000000020891989,1.0,0.0
repaired,for-15,overtone,18,joint,removal,0,2,1.0,1.0,0.0035416468741757967,0.0,0.0
old,for-15,overtone,18,joint,removal,0,5,1.0,0.0,12.000001006806968,1.0,0.0
repaired,for-15,overtone,18,joint,removal,0,5,1.0,1.0,0.0020995527515630386,0.0,0.0
old,for-15,overtone,18,joint,removal,0,6,1.0,0.0,11.999998781488692,1.0,0.0
repaired,for-15,overtone,18,joint,removal,0,6,1.0,1.0,7.561383042542502e-05,0.0,0.0
old,for-15,overtone,18,joint,removal,0,7,1.0,0.0,12.000000020891989,1.0,0.0
repaired,for-15,overtone,18,joint,removal,0,7,1.0,1.0,0.0035416468741757967,0.0,0.0
old,for-15,overtone,18,joint,removal,0,11,1.0,1.0,1.5653086805400562e-05,0.0,0.0
repaired,for-15,overtone,18,joint,removal,0,11,1.0,1.0,0.00042812809133607743,0.0,0.0
old,for-15,overtone,18,joint,removal,0,12,1.0,1.0,1.9230132032532765e-05,0.0,0.0
repaired,for-15,overtone,18,joint,removal,0,12,1.0,1.0,0.00015301350897267696,0.0,0.0
old,for-15,overtone,18,joint,removal,0,13,1.0,1.0,1.5691588963306913e-05,0.0,0.0
repaired,for-15,overtone,18,joint,removal,0,13,1.0,1.0,0.0008138913079491772,0.0,0.0
old,for-15,overtone,18,joint,removal,1,0,1.0,0.0,12.000001006806968,1.0,0.0
repaired,for-15,overtone,18,joint,removal,1,0,1.0,1.0,0.0020995527515630386,0.0,0.0
old,for-15,overtone,18,joint,removal,1,1,1.0,0.0,12.000001239121719,1.0,0.0
repaired,for-15,overtone,18,joint,removal,1,1,1.0,1.0,0.0003762250947936252,0.0,0.0
old,for-15,overtone,18,joint,removal,1,2,1.0,0.0,12.000000020891989,1.0,0.0
repaired,for-15,overtone,18,joint,removal,1,2,1.0,1.0,0.0035416468741757967,0.0,0.0
old,for-15,overtone,18,joint,removal,1,5,1.0,0.0,12.000001006806968,1.0,0.0
repaired,for-15,overtone,18,joint,removal,1,5,1.0,1.0,0.0020995527515630386,0.0,0.0
old,for-15,overtone,18,joint,removal,1,6,1.0,0.0,11.999998781488692,1.0,0.0
repaired,for-15,overtone,18,joint,removal,1,6,1.0,1.0,7.561383042542502e-05,0.0,0.0
old,for-15,overtone,18,joint,removal,1,7,1.0,0.0,12.000000020891989,1.0,0.0
repaired,for-15,overtone,18,joint,removal,1,7,1.0,1.0,0.0035416468741757967,0.0,0.0
old,for-15,overtone,18,joint,removal,1,11,1.0,1.0,1.5653086805400562e-05,0.0,0.0
repaired,for-15,overtone,18,joint,removal,1,11,1.0,1.0,0.00042812809133607743,0.0,0.0
old,for-15,overtone,18,joint,removal,1,12,1.0,1.0,1.9230132032532765e-05,0.0,0.0
repaired,for-15,overtone,18,joint,removal,1,12,1.0,1.0,0.00015301350897267696,0.0,0.0
old,for-15,overtone,18,joint,removal,1,13,1.0,1.0,1.5691588963306913e-05,0.0,0.0
repaired,for-15,overtone,18,joint,removal,1,13,1.0,1.0,0.0008138913079491772,0.0,0.0
old,for-15,overtone,18,joint,swap,0,0,1.0,0.0,12.000001006806968,1.0,0.0
repaired,for-15,overtone,18,joint,swap,0,0,1.0,1.0,0.0020995527515630386,0.0,0.0
old,for-15,overtone,18,joint,swap,0,1,1.0,0.0,12.000001239121719,1.0,0.0
repaired,for-15,overtone,18,joint,swap,0,1,1.0,1.0,0.0003762250947936252,0.0,0.0
old,for-15,overtone,18,joint,swap,0,2,1.0,0.0,12.000000020891989,1.0,0.0
repaired,for-15,overtone,18,joint,swap,0,2,1.0,1.0,0.0035416468741757967,0.0,0.0
old,for-15,overtone,18,joint,swap,0,3,1.0,0.0,12.000001006806968,1.0,0.0
repaired,for-15,overtone,18,joint,swap,0,3,1.0,1.0,0.0020995527515630386,0.0,0.0
old,for-15,overtone,18,joint,swap,0,5,1.0,0.0,12.000001006806968,1.0,0.0
repaired,for-15,overtone,18,joint,swap,0,5,1.0,1.0,0.0020995527515630386,0.0,0.0
old,for-15,overtone,18,joint,swap,0,6,1.0,0.0,11.999998781488692,1.0,0.0
repaired,for-15,overtone,18,joint,swap,0,6,1.0,1.0,7.561383042542502e-05,0.0,0.0
old,for-15,overtone,18,joint,swap,0,7,1.0,0.0,12.000000020891989,1.0,0.0
repaired,for-15,overtone,18,joint,swap,0,7,1.0,1.0,0.0035416468741757967,0.0,0.0
old,for-15,overtone,18,joint,swap,0,8,1.0,0.0,12.00000074039238,1.0,0.0
repaired,for-15,overtone,18,joint,swap,0,8,1.0,1.0,0.007207395374663861,0.0,0.0
old,for-15,overtone,18,joint,swap,0,11,1.0,1.0,1.5653086805400562e-05,0.0,0.0
repaired,for-15,overtone,18,joint,swap,0,11,1.0,1.0,0.00042812809133607743,0.0,0.0
old,for-15,overtone,18,joint,swap,0,12,1.0,1.0,1.9230132032532765e-05,0.0,0.0
repaired,for-15,overtone,18,joint,swap,0,12,1.0,1.0,0.00015301350897267696,0.0,0.0
old,for-15,overtone,18,joint,swap,0,13,1.0,1.0,1.5691588963306913e-05,0.0,0.0
repaired,for-15,overtone,18,joint,swap,0,13,1.0,1.0,0.0008138913079491772,0.0,0.0
old,for-15,overtone,18,joint,swap,1,0,1.0,0.0,12.000001006806968,1.0,0.0
repaired,for-15,overtone,18,joint,swap,1,0,1.0,1.0,0.0020995527515630386,0.0,0.0
old,for-15,overtone,18,joint,swap,1,1,1.0,0.0,12.000001239121719,1.0,0.0
repaired,for-15,overtone,18,joint,swap,1,1,1.0,1.0,0.0003762250947936252,0.0,0.0
old,for-15,overtone,18,joint,swap,1,2,1.0,0.0,12.000000020891989,1.0,0.0
repaired,for-15,overtone,18,joint,swap,1,2,1.0,1.0,0.0035416468741757967,0.0,0.0
old,for-15,overtone,18,joint,swap,1,3,1.0,0.0,12.00000074039238,1.0,0.0
repaired,for-15,overtone,18,joint,swap,1,3,1.0,1.0,0.007207395374663861,0.0,0.0
old,for-15,overtone,18,joint,swap,1,5,1.0,0.0,12.000001006806968,1.0,0.0
repaired,for-15,overtone,18,joint,swap,1,5,1.0,1.0,0.0020995527515630386,0.0,0.0
old,for-15,overtone,18,joint,swap,1,6,1.0,0.0,11.999998781488692,1.0,0.0
repaired,for-15,overtone,18,joint,swap,1,6,1.0,1.0,7.561383042542502e-05,0.0,0.0
old,for-15,overtone,18,joint,swap,1,7,1.0,0.0,12.000000020891989,1.0,0.0
repaired,for-15,overtone,18,joint,swap,1,7,1.0,1.0,0.0035416468741757967,0.0,0.0
old,for-15,overtone,18,joint,swap,1,8,1.0,0.0,12.000001006806968,1.0,0.0
repaired,for-15,overtone,18,joint,swap,1,8,1.0,1.0,0.0020995527515630386,0.0,0.0
old,for-15,overtone,18,joint,swap,1,11,1.0,1.0,1.5653086805400562e-05,0.0,0.0
repaired,for-15,overtone,18,joint,swap,1,11,1.0,1.0,0.00042812809133607743,0.0,0.0
old,for-15,overtone,18,joint,swap,1,12,1.0,1.0,1.9230132032532765e-05,0.0,0.0
repaired,for-15,overtone,18,joint,swap,1,12,1.0,1.0,0.00015301350897267696,0.0,0.0
old,for-15,overtone,18,joint,swap,1,13,1.0,1.0,1.5691588963306913e-05,0.0,0.0
repaired,for-15,overtone,18,joint,swap,1,13,1.0,1.0,0.0008138913079491772,0.0,0.0
old,for-15,overtone,18,joint,shuffle,0,0,1.0,0.0,12.000001006806968,1.0,0.0
repaired,for-15,overtone,18,joint,shuffle,0,0,1.0,1.0,0.0020995527515630386,0.0,0.0
old,for-15,overtone,18,joint,shuffle,0,1,1.0,0.0,11.999998781488692,1.0,0.0
repaired,for-15,overtone,18,joint,shuffle,0,1,1.0,1.0,7.561383042542502e-05,0.0,0.0
old,for-15,overtone,18,joint,shuffle,0,2,1.0,0.0,12.000000020891989,1.0,0.0
repaired,for-15,overtone,18,joint,shuffle,0,2,1.0,1.0,0.0035416468741757967,0.0,0.0
old,for-15,overtone,18,joint,shuffle,0,3,1.0,0.0,12.000001006806968,1.0,0.0
repaired,for-15,overtone,18,joint,shuffle,0,3,1.0,1.0,0.0020995527515630386,0.0,0.0
old,for-15,overtone,18,joint,shuffle,0,5,1.0,0.0,12.000001006806968,1.0,0.0
repaired,for-15,overtone,18,joint,shuffle,0,5,1.0,1.0,0.0020995527515630386,0.0,0.0
old,for-15,overtone,18,joint,shuffle,0,6,1.0,0.0,12.000001239121719,1.0,0.0
repaired,for-15,overtone,18,joint,shuffle,0,6,1.0,1.0,0.0003762250947936252,0.0,0.0
old,for-15,overtone,18,joint,shuffle,0,7,1.0,0.0,12.000000020891989,1.0,0.0
repaired,for-15,overtone,18,joint,shuffle,0,7,1.0,1.0,0.0035416468741757967,0.0,0.0
old,for-15,overtone,18,joint,shuffle,0,8,1.0,0.0,12.00000074039238,1.0,0.0
repaired,for-15,overtone,18,joint,shuffle,0,8,1.0,1.0,0.007207395374663861,0.0,0.0
old,for-15,overtone,18,joint,shuffle,0,11,1.0,1.0,1.5653086805400562e-05,0.0,0.0
repaired,for-15,overtone,18,joint,shuffle,0,11,1.0,1.0,0.00042812809133607743,0.0,0.0
old,for-15,overtone,18,joint,shuffle,0,12,1.0,1.0,1.9230132032532765e-05,0.0,0.0
repaired,for-15,overtone,18,joint,shuffle,0,12,1.0,1.0,0.00015301350897267696,0.0,0.0
old,for-15,overtone,18,joint,shuffle,0,13,1.0,1.0,1.5691588963306913e-05,0.0,0.0
repaired,for-15,overtone,18,joint,shuffle,0,13,1.0,1.0,0.0008138913079491772,0.0,0.0
old,for-15,overtone,18,joint,shuffle,1,0,1.0,0.0,12.000001006806968,1.0,0.0
repaired,for-15,overtone,18,joint,shuffle,1,0,1.0,1.0,0.0020995527515630386,0.0,0.0
old,for-15,overtone,18,joint,shuffle,1,1,1.0,0.0,11.999998781488692,1.0,0.0
repaired,for-15,overtone,18,joint,shuffle,1,1,1.0,1.0,7.561383042542502e-05,0.0,0.0
old,for-15,overtone,18,joint,shuffle,1,2,1.0,0.0,12.000000020891989,1.0,0.0
repaired,for-15,overtone,18,joint,shuffle,1,2,1.0,1.0,0.0035416468741757967,0.0,0.0
old,for-15,overtone,18,joint,shuffle,1,3,1.0,0.0,12.00000074039238,1.0,0.0
repaired,for-15,overtone,18,joint,shuffle,1,3,1.0,1.0,0.007207395374663861,0.0,0.0
old,for-15,overtone,18,joint,shuffle,1,5,1.0,0.0,12.000001006806968,1.0,0.0
repaired,for-15,overtone,18,joint,shuffle,1,5,1.0,1.0,0.0020995527515630386,0.0,0.0
old,for-15,overtone,18,joint,shuffle,1,6,1.0,0.0,12.000001239121719,1.0,0.0
repaired,for-15,overtone,18,joint,shuffle,1,6,1.0,1.0,0.0003762250947936252,0.0,0.0
old,for-15,overtone,18,joint,shuffle,1,7,1.0,0.0,12.000000020891989,1.0,0.0
repaired,for-15,overtone,18,joint,shuffle,1,7,1.0,1.0,0.0035416468741757967,0.0,0.0
old,for-15,overtone,18,joint,shuffle,1,8,1.0,0.0,12.000001006806968,1.0,0.0
repaired,for-15,overtone,18,joint,shuffle,1,8,1.0,1.0,0.0020995527515630386,0.0,0.0
old,for-15,overtone,18,joint,shuffle,1,11,1.0,1.0,1.5653086805400562e-05,0.0,0.0
repaired,for-15,overtone,18,joint,shuffle,1,11,1.0,1.0,0.00042812809133607743,0.0,0.0
old,for-15,overtone,18,joint,shuffle,1,12,1.0,1.0,1.9230132032532765e-05,0.0,0.0
repaired,for-15,overtone,18,joint,shuffle,1,12,1.0,1.0,0.00015301350897267696,0.0,0.0
old,for-15,overtone,18,joint,shuffle,1,13,1.0,1.0,1.5691588963306913e-05,0.0,0.0
repaired,for-15,overtone,18,joint,shuffle,1,13,1.0,1.0,0.0008138913079491772,0.0,0.0
old,for-15,overtone,18,joint,ambiguous,0,0,1.0,0.0,12.000001006806968,1.0,0.0
repaired,for-15,overtone,18,joint,ambiguous,0,0,1.0,1.0,0.0020995527515630386,0.0,0.0
old,for-15,overtone,18,joint,ambiguous,0,1,1.0,0.0,11.999998781488692,1.0,0.0
repaired,for-15,overtone,18,joint,ambiguous,0,1,1.0,1.0,7.561383042542502e-05,0.0,0.0
old,for-15,overtone,18,joint,ambiguous,0,2,1.0,0.0,12.000000020891989,1.0,0.0
repaired,for-15,overtone,18,joint,ambiguous,0,2,1.0,1.0,0.0035416468741757967,0.0,0.0
old,for-15,overtone,18,joint,ambiguous,0,3,1.0,0.0,12.00000074039238,1.0,0.0
repaired,for-15,overtone,18,joint,ambiguous,0,3,1.0,1.0,0.007207395374663861,0.0,0.0
old,for-15,overtone,18,joint,ambiguous,0,5,1.0,0.0,12.000001006806968,1.0,0.0
repaired,for-15,overtone,18,joint,ambiguous,0,5,1.0,1.0,0.0020995527515630386,0.0,0.0
old,for-15,overtone,18,joint,ambiguous,0,6,1.0,0.0,11.999998781488692,1.0,0.0
repaired,for-15,overtone,18,joint,ambiguous,0,6,1.0,1.0,7.561383042542502e-05,0.0,0.0
old,for-15,overtone,18,joint,ambiguous,0,7,1.0,0.0,12.000000020891989,1.0,0.0
repaired,for-15,overtone,18,joint,ambiguous,0,7,1.0,1.0,0.0035416468741757967,0.0,0.0
old,for-15,overtone,18,joint,ambiguous,0,8,1.0,0.0,12.000001006806968,1.0,0.0
repaired,for-15,overtone,18,joint,ambiguous,0,8,1.0,1.0,0.0020995527515630386,0.0,0.0
old,for-15,overtone,18,joint,ambiguous,0,11,1.0,1.0,1.5653086805400562e-05,0.0,0.0
repaired,for-15,overtone,18,joint,ambiguous,0,11,1.0,1.0,0.00042812809133607743,0.0,0.0
old,for-15,overtone,18,joint,ambiguous,0,12,1.0,1.0,1.9230132032532765e-05,0.0,0.0
repaired,for-15,overtone,18,joint,ambiguous,0,12,1.0,1.0,0.00015301350897267696,0.0,0.0
old,for-15,overtone,18,joint,ambiguous,0,13,1.0,1.0,1.5691588963306913e-05,0.0,0.0
repaired,for-15,overtone,18,joint,ambiguous,0,13,1.0,1.0,0.0008138913079491772,0.0,0.0
old,for-15,overtone,18,joint,ambiguous,1,0,1.0,0.0,12.000001006806968,1.0,0.0
repaired,for-15,overtone,18,joint,ambiguous,1,0,1.0,1.0,0.0020995527515630386,0.0,0.0
old,for-15,overtone,18,joint,ambiguous,1,1,1.0,0.0,11.999998781488692,1.0,0.0
repaired,for-15,overtone,18,joint,ambiguous,1,1,1.0,1.0,7.561383042542502e-05,0.0,0.0
old,for-15,overtone,18,joint,ambiguous,1,2,1.0,0.0,12.000000020891989,1.0,0.0
repaired,for-15,overtone,18,joint,ambiguous,1,2,1.0,1.0,0.0035416468741757967,0.0,0.0
old,for-15,overtone,18,joint,ambiguous,1,3,1.0,0.0,12.00000074039238,1.0,0.0
repaired,for-15,overtone,18,joint,ambiguous,1,3,1.0,1.0,0.007207395374663861,0.0,0.0
old,for-15,overtone,18,joint,ambiguous,1,5,1.0,0.0,12.000001006806968,1.0,0.0
repaired,for-15,overtone,18,joint,ambiguous,1,5,1.0,1.0,0.0020995527515630386,0.0,0.0
old,for-15,overtone,18,joint,ambiguous,1,6,1.0,0.0,11.999998781488692,1.0,0.0
repaired,for-15,overtone,18,joint,ambiguous,1,6,1.0,1.0,7.561383042542502e-05,0.0,0.0
old,for-15,overtone,18,joint,ambiguous,1,7,1.0,0.0,12.000000020891989,1.0,0.0
repaired,for-15,overtone,18,joint,ambiguous,1,7,1.0,1.0,0.0035416468741757967,0.0,0.0
old,for-15,overtone,18,joint,ambiguous,1,8,1.0,0.0,12.000001006806968,1.0,0.0
repaired,for-15,overtone,18,joint,ambiguous,1,8,1.0,1.0,0.0020995527515630386,0.0,0.0
old,for-15,overtone,18,joint,ambiguous,1,11,1.0,1.0,1.5653086805400562e-05,0.0,0.0
repaired,for-15,overtone,18,joint,ambiguous,1,11,1.0,1.0,0.00042812809133607743,0.0,0.0
old,for-15,overtone,18,joint,ambiguous,1,12,1.0,1.0,1.9230132032532765e-05,0.0,0.0
repaired,for-15,overtone,18,joint,ambiguous,1,12,1.0,1.0,0.00015301350897267696,0.0,0.0
old,for-15,overtone,18,joint,ambiguous,1,13,1.0,1.0,1.5691588963306913e-05,0.0,0.0
repaired,for-15,overtone,18,joint,ambiguous,1,13,1.0,1.0,0.0008138913079491772,0.0,0.0
